ISO-10303-21;
HEADER;
FILE_DESCRIPTION (('STEP'), '1');
FILE_NAME ('yuwolDongleUpsideInsert.stp', '2026-10-01T04:11:55', ('Unknown'), ('Unknown'), 'HarmonyWare STEP v2.1.9', 'HarmonyWare Translators', '');
FILE_SCHEMA (('CONFIG_CONTROL_DESIGN'));
ENDSEC;

DATA;
#1 = (
   LENGTH_UNIT ()
   NAMED_UNIT (*)
   SI_UNIT ($, .METRE.)
);
#2 = (
   NAMED_UNIT (*)
   SI_UNIT ($, .STERADIAN.)
   SOLID_ANGLE_UNIT ()
);
#3 = (
   NAMED_UNIT (*)
   PLANE_ANGLE_UNIT ()
   SI_UNIT ($, .RADIAN.)
);
#4 = UNCERTAINTY_MEASURE_WITH_UNIT (LENGTH_MEASURE(0.001), #1, 'DISTANCE_ACCURACY_VALUE', '');
#5 = (
   GEOMETRIC_REPRESENTATION_CONTEXT (3)
   GLOBAL_UNCERTAINTY_ASSIGNED_CONTEXT ((#4))
   GLOBAL_UNIT_ASSIGNED_CONTEXT ((#1, #2, #3))
   REPRESENTATION_CONTEXT ('', '3D')
);
#6 = SHAPE_REPRESENTATION ('', (#3068), #5);
#7 = APPLICATION_CONTEXT ('configuration controlled 3D designs of mechanical parts and assemblies');
#8 = APPLICATION_PROTOCOL_DEFINITION ('International Standard', 'config_control_design', 1997, #7);
#9 = MECHANICAL_CONTEXT ('', #7, 'mechanical');
#10 = PRODUCT ('', '', '', (#9));
#11 = PERSON_AND_ORGANIZATION_ROLE ('design_owner');
#12 = PERSON ('#12', '', $, $, $, $);
#13 = ORGANIZATION ($, '', '');
#14 = PERSON_AND_ORGANIZATION (#12, #13);
#15 = CC_DESIGN_PERSON_AND_ORGANIZATION_ASSIGNMENT (#14, #11, (#10));
#16 = PRODUCT_RELATED_PRODUCT_CATEGORY ('detail', $, (#10));
#17 = PRODUCT_DEFINITION_FORMATION_WITH_SPECIFIED_SOURCE ('', '', #10, .NOT_KNOWN.);
#18 = APPROVAL_STATUS ('approved');
#19 = APPROVAL (#18, '');
#20 = CALENDAR_DATE (2026, 1, 10);
#21 = COORDINATED_UNIVERSAL_TIME_OFFSET (0, $, .AHEAD.);
#22 = LOCAL_TIME (4, 11, 55., #21);
#23 = DATE_AND_TIME (#20, #22);
#24 = APPROVAL_DATE_TIME (#23, #19);
#25 = APPROVAL_ROLE ('');
#26 = PERSON ('#26', '', $, $, $, $);
#27 = ORGANIZATION ($, '', '');
#28 = PERSON_AND_ORGANIZATION (#26, #27);
#29 = APPROVAL_PERSON_ORGANIZATION (#28, #19, #25);
#30 = CC_DESIGN_APPROVAL (#19, (#17));
#31 = PERSON_AND_ORGANIZATION_ROLE ('creator');
#32 = PERSON ('#32', '', $, $, $, $);
#33 = ORGANIZATION ($, '', '');
#34 = PERSON_AND_ORGANIZATION (#32, #33);
#35 = CC_DESIGN_PERSON_AND_ORGANIZATION_ASSIGNMENT (#34, #31, (#17));
#36 = PERSON_AND_ORGANIZATION_ROLE ('part_supplier');
#37 = PERSON ('#37', '', $, $, $, $);
#38 = ORGANIZATION ($, '', '');
#39 = PERSON_AND_ORGANIZATION (#37, #38);
#40 = CC_DESIGN_PERSON_AND_ORGANIZATION_ASSIGNMENT (#39, #36, (#17));
#41 = SECURITY_CLASSIFICATION_LEVEL ('unclassified');
#42 = SECURITY_CLASSIFICATION ('', '', #41);
#43 = APPROVAL_STATUS ('approved');
#44 = APPROVAL (#43, '');
#45 = CALENDAR_DATE (2026, 1, 10);
#46 = COORDINATED_UNIVERSAL_TIME_OFFSET (0, $, .AHEAD.);
#47 = LOCAL_TIME (4, 11, 55., #46);
#48 = DATE_AND_TIME (#45, #47);
#49 = APPROVAL_DATE_TIME (#48, #44);
#50 = APPROVAL_ROLE ('');
#51 = PERSON ('#51', '', $, $, $, $);
#52 = ORGANIZATION ($, '', '');
#53 = PERSON_AND_ORGANIZATION (#51, #52);
#54 = APPROVAL_PERSON_ORGANIZATION (#53, #44, #50);
#55 = CC_DESIGN_APPROVAL (#44, (#42));
#56 = DATE_TIME_ROLE ('classification_date');
#57 = CALENDAR_DATE (2026, 1, 10);
#58 = COORDINATED_UNIVERSAL_TIME_OFFSET (0, $, .AHEAD.);
#59 = LOCAL_TIME (4, 11, 55., #58);
#60 = DATE_AND_TIME (#57, #59);
#61 = CC_DESIGN_DATE_AND_TIME_ASSIGNMENT (#60, #56, (#42));
#62 = PERSON_AND_ORGANIZATION_ROLE ('classification_officer');
#63 = PERSON ('#63', '', $, $, $, $);
#64 = ORGANIZATION ($, '', '');
#65 = PERSON_AND_ORGANIZATION (#63, #64);
#66 = CC_DESIGN_PERSON_AND_ORGANIZATION_ASSIGNMENT (#65, #62, (#42));
#67 = CC_DESIGN_SECURITY_CLASSIFICATION (#42, (#17));
#68 = DESIGN_CONTEXT ('', #7, 'design');
#69 = APPROVAL_STATUS ('approved');
#70 = APPROVAL (#69, '');
#71 = CALENDAR_DATE (2026, 1, 10);
#72 = COORDINATED_UNIVERSAL_TIME_OFFSET (0, $, .AHEAD.);
#73 = LOCAL_TIME (4, 11, 55., #72);
#74 = DATE_AND_TIME (#71, #73);
#75 = APPROVAL_DATE_TIME (#74, #70);
#76 = APPROVAL_ROLE ('');
#77 = PERSON ('#77', '', $, $, $, $);
#78 = ORGANIZATION ($, '', '');
#79 = PERSON_AND_ORGANIZATION (#77, #78);
#80 = APPROVAL_PERSON_ORGANIZATION (#79, #70, #76);
#81 = CC_DESIGN_APPROVAL (#70, (*));
#82 = DATE_TIME_ROLE ('creation_date');
#83 = CALENDAR_DATE (2026, 1, 10);
#84 = COORDINATED_UNIVERSAL_TIME_OFFSET (0, $, .AHEAD.);
#85 = LOCAL_TIME (4, 11, 55., #84);
#86 = DATE_AND_TIME (#83, #85);
#87 = CC_DESIGN_DATE_AND_TIME_ASSIGNMENT (#86, #82, (*));
#88 = PERSON_AND_ORGANIZATION_ROLE ('creator');
#89 = PERSON ('#89', '', $, $, $, $);
#90 = ORGANIZATION ($, '', '');
#91 = PERSON_AND_ORGANIZATION (#89, #90);
#92 = CC_DESIGN_PERSON_AND_ORGANIZATION_ASSIGNMENT (#91, #88, (*));
#93 = PRODUCT_DEFINITION ('', '', #17, #68);
#94 = PRODUCT_DEFINITION_SHAPE ('', '', #93);
#95 = SHAPE_DEFINITION_REPRESENTATION (#94, #6);
#96 = CARTESIAN_POINT ('', (10.2582560522988, -0.749999999999973, -2.99999999999999));
#97 = VERTEX_POINT ('', #96);
#98 = CARTESIAN_POINT ('', (-10.258256052298, -0.75, -2.99999999999999));
#99 = VERTEX_POINT ('', #98);
#100 = CARTESIAN_POINT ('', (10.2582560522988, -0.750000000000018, -2.99999999999999));
#101 = CARTESIAN_POINT ('', (-10.258256052298, -0.75000000000002, -2.99999999999999));
#102 = B_SPLINE_CURVE_WITH_KNOTS ('', 1, (#100, #101), .UNSPECIFIED., .F., .U., (2, 2), (0., 1.), .UNSPECIFIED.);
#103 = EDGE_CURVE ('', #97, #99, #102, .T.);
#104 = ORIENTED_EDGE ('', *, *, #103, .T.);
#105 = CARTESIAN_POINT ('', (-18.6506045246814, 13.7195663316964, -2.99999999999999));
#106 = VERTEX_POINT ('', #105);
#107 = CARTESIAN_POINT ('', (-18.6506045246814, 13.7195663316964, -2.99999999999999));
#108 = CARTESIAN_POINT ('', (-10.258256052298, -0.750000000000021, -2.99999999999999));
#109 = B_SPLINE_CURVE_WITH_KNOTS ('', 1, (#107, #108), .UNSPECIFIED., .F., .U., (2, 2), (0.311201298196863, 0.778167836137787), .UNSPECIFIED.);
#110 = EDGE_CURVE ('', #106, #99, #109, .T.);
#111 = ORIENTED_EDGE ('', *, *, #110, .F.);
#112 = CARTESIAN_POINT ('', (-15.7448457306845, 15.4049064322146, -2.99999999999999));
#113 = VERTEX_POINT ('', #112);
#114 = CARTESIAN_POINT ('', (-15.7448457306846, 15.4049064322145, -2.99999999999999));
#115 = CARTESIAN_POINT ('', (-18.6506045246824, 13.7195663316958, -2.99999999999999));
#116 = B_SPLINE_CURVE_WITH_KNOTS ('', 1, (#114, #115), .UNSPECIFIED., .F., .U., (2, 2), (0., 1.), .UNSPECIFIED.);
#117 = EDGE_CURVE ('', #113, #106, #116, .T.);
#118 = ORIENTED_EDGE ('', *, *, #117, .F.);
#119 = CARTESIAN_POINT ('', (-14.25, 18., -2.99999999999999));
#120 = VERTEX_POINT ('', #119);
#121 = CARTESIAN_POINT ('', (-14.25, 18., -2.99999999999999));
#122 = CARTESIAN_POINT ('', (-14.25, 17.7400078248195, -2.99999999999999));
#123 = CARTESIAN_POINT ('', (-14.2843715503912, 17.4778469285491, -2.99999999999999));
#124 = CARTESIAN_POINT ('', (-14.4177763766807, 16.9778352603882, -2.99999999999999));
#125 = CARTESIAN_POINT ('', (-14.5172705985385, 16.7356814381723, -2.99999999999999));
#126 = CARTESIAN_POINT ('', (-14.7716103530921, 16.2903913338951, -2.99999999999999));
#127 = CARTESIAN_POINT ('', (-14.928011350909, 16.0833503850173, -2.99999999999999));
#128 = CARTESIAN_POINT ('', (-15.2951596505056, 15.7084512304346, -2.99999999999999));
#129 = CARTESIAN_POINT ('', (-15.5117739074435, 15.5400880896944, -2.99999999999999));
#130 = CARTESIAN_POINT ('', (-15.7448457306845, 15.4049064322146, -2.99999999999999));
#131 = B_SPLINE_CURVE_WITH_KNOTS ('', 3, (#121, #122, #123, #124, #125, #126, #127, #128, #129, #130), .UNSPECIFIED., .F., .U., (4, 2, 2, 2, 4), (0., 0.779976525541561, 1.55250656802794, 2.3184003583723, 3.12671279658609), .UNSPECIFIED.);
#132 = EDGE_CURVE ('', #120, #113, #131, .T.);
#133 = ORIENTED_EDGE ('', *, *, #132, .F.);
#134 = CARTESIAN_POINT ('', (-14.25, 34.2500000000002, -2.99999999999999));
#135 = VERTEX_POINT ('', #134);
#136 = CARTESIAN_POINT ('', (-14.25, 34.2499999999991, -2.99999999999999));
#137 = CARTESIAN_POINT ('', (-14.25, 18., -2.99999999999999));
#138 = B_SPLINE_CURVE_WITH_KNOTS ('', 1, (#136, #137), .UNSPECIFIED., .F., .U., (2, 2), (0., 1.), .UNSPECIFIED.);
#139 = EDGE_CURVE ('', #135, #120, #138, .T.);
#140 = ORIENTED_EDGE ('', *, *, #139, .F.);
#141 = CARTESIAN_POINT ('', (-3.5, 34.2500000000002, -2.99999999999999));
#142 = VERTEX_POINT ('', #141);
#143 = CARTESIAN_POINT ('', (-3.5, 34.2500000000002, -2.99999999999999));
#144 = CARTESIAN_POINT ('', (-14.25, 34.2500000000001, -2.99999999999999));
#145 = B_SPLINE_CURVE_WITH_KNOTS ('', 1, (#143, #144), .UNSPECIFIED., .F., .U., (2, 2), (0.597373392452175, 0.896448812126636), .UNSPECIFIED.);
#146 = EDGE_CURVE ('', #142, #135, #145, .T.);
#147 = ORIENTED_EDGE ('', *, *, #146, .F.);
#148 = CARTESIAN_POINT ('', (-3.5, 37.0000000000001, -2.99999999999999));
#149 = VERTEX_POINT ('', #148);
#150 = CARTESIAN_POINT ('', (-3.5, 37.0000000000001, -2.99999999999999));
#151 = CARTESIAN_POINT ('', (-3.5, 34.2500000000002, -2.99999999999999));
#152 = B_SPLINE_CURVE_WITH_KNOTS ('', 1, (#150, #151), .UNSPECIFIED., .F., .U., (2, 2), (0., 0.161764705882349), .UNSPECIFIED.);
#153 = EDGE_CURVE ('', #149, #142, #152, .T.);
#154 = ORIENTED_EDGE ('', *, *, #153, .F.);
#155 = CARTESIAN_POINT ('', (-0.499999999999066, 37.0000000000001, -2.99999999999999));
#156 = VERTEX_POINT ('', #155);
#157 = CARTESIAN_POINT ('', (-3.5, 37.0000000000001, -2.99999999999999));
#158 = CARTESIAN_POINT ('', (-0.499999999999066, 37.0000000000001, -2.99999999999999));
#159 = B_SPLINE_CURVE_WITH_KNOTS ('', 1, (#157, #158), .UNSPECIFIED., .F., .U., (2, 2), (15.4720553626585, 18.4720553626594), .UNSPECIFIED.);
#160 = EDGE_CURVE ('', #149, #156, #159, .T.);
#161 = ORIENTED_EDGE ('', *, *, #160, .T.);
#162 = CARTESIAN_POINT ('', (0.50000000000075, 37.0000000000001, -2.99999999999999));
#163 = VERTEX_POINT ('', #162);
#164 = CARTESIAN_POINT ('', (-0.499999999999065, 37.0000000000001, -2.99999999999996));
#165 = CARTESIAN_POINT ('', (-0.499999999999056, 36.5000000000002, -2.99999999999996));
#166 = CARTESIAN_POINT ('', (8.53016183694664E-13, 36.5000000000002, -2.99999999999996));
#167 = CARTESIAN_POINT ('', (0.500000000000763, 36.5000000000002, -2.99999999999996));
#168 = CARTESIAN_POINT ('', (0.500000000000754, 37.0000000000001, -2.99999999999996));
#169 = (
   BOUNDED_CURVE ()
   B_SPLINE_CURVE (2, (#164, #165, #166, #167, #168), .UNSPECIFIED., .F., .U.)
   B_SPLINE_CURVE_WITH_KNOTS ((3, 2, 3), (0., 1.57079632679489, 3.14159265358979), .UNSPECIFIED.)
   CURVE ()
   GEOMETRIC_REPRESENTATION_ITEM ()
   RATIONAL_B_SPLINE_CURVE ((1., 0.707106781186544, 1., 0.707106781186539, 1.))
   REPRESENTATION_ITEM ('')
);
#170 = EDGE_CURVE ('', #156, #163, #169, .T.);
#171 = ORIENTED_EDGE ('', *, *, #170, .T.);
#172 = CARTESIAN_POINT ('', (3.49999999999995, 37.0000000000001, -2.99999999999999));
#173 = VERTEX_POINT ('', #172);
#174 = CARTESIAN_POINT ('', (0.500000000000735, 37.0000000000001, -2.99999999999999));
#175 = CARTESIAN_POINT ('', (3.49999999999994, 37.0000000000001, -2.99999999999999));
#176 = B_SPLINE_CURVE_WITH_KNOTS ('', 1, (#174, #175), .UNSPECIFIED., .F., .U., (2, 2), (19.4720553626592, 22.4720553626584), .UNSPECIFIED.);
#177 = EDGE_CURVE ('', #163, #173, #176, .T.);
#178 = ORIENTED_EDGE ('', *, *, #177, .T.);
#179 = CARTESIAN_POINT ('', (3.49999999999995, 34.2500000000002, -2.99999999999999));
#180 = VERTEX_POINT ('', #179);
#181 = CARTESIAN_POINT ('', (3.49999999999995, 37.0000000000001, -2.99999999999999));
#182 = CARTESIAN_POINT ('', (3.49999999999995, 34.2500000000002, -2.99999999999999));
#183 = B_SPLINE_CURVE_WITH_KNOTS ('', 1, (#181, #182), .UNSPECIFIED., .F., .U., (2, 2), (0., 0.161764705882348), .UNSPECIFIED.);
#184 = EDGE_CURVE ('', #173, #180, #183, .T.);
#185 = ORIENTED_EDGE ('', *, *, #184, .T.);
#186 = CARTESIAN_POINT ('', (14.25, 34.2500000000002, -2.99999999999999));
#187 = VERTEX_POINT ('', #186);
#188 = CARTESIAN_POINT ('', (14.25, 34.2500000000002, -2.99999999999999));
#189 = CARTESIAN_POINT ('', (3.49999999999996, 34.2500000000002, -2.99999999999999));
#190 = B_SPLINE_CURVE_WITH_KNOTS ('', 1, (#188, #189), .UNSPECIFIED., .F., .U., (2, 2), (0.103551187873412, 0.402626607547876), .UNSPECIFIED.);
#191 = EDGE_CURVE ('', #187, #180, #190, .T.);
#192 = ORIENTED_EDGE ('', *, *, #191, .F.);
#193 = CARTESIAN_POINT ('', (14.25, 18., -2.99999999999999));
#194 = VERTEX_POINT ('', #193);
#195 = CARTESIAN_POINT ('', (14.25, 34.2499999999991, -2.99999999999999));
#196 = CARTESIAN_POINT ('', (14.25, 18., -2.99999999999999));
#197 = B_SPLINE_CURVE_WITH_KNOTS ('', 1, (#195, #196), .UNSPECIFIED., .F., .U., (2, 2), (0., 1.), .UNSPECIFIED.);
#198 = EDGE_CURVE ('', #187, #194, #197, .T.);
#199 = ORIENTED_EDGE ('', *, *, #198, .T.);
#200 = CARTESIAN_POINT ('', (15.7448457306845, 15.4049064322146, -2.99999999999999));
#201 = VERTEX_POINT ('', #200);
#202 = CARTESIAN_POINT ('', (14.25, 18., -2.99999999999999));
#203 = CARTESIAN_POINT ('', (14.25, 17.7400078248195, -2.99999999999999));
#204 = CARTESIAN_POINT ('', (14.2843715503912, 17.4778469285491, -2.99999999999999));
#205 = CARTESIAN_POINT ('', (14.4177763766807, 16.9778352603882, -2.99999999999999));
#206 = CARTESIAN_POINT ('', (14.5172705985385, 16.7356814381723, -2.99999999999999));
#207 = CARTESIAN_POINT ('', (14.7716103530921, 16.2903913338951, -2.99999999999999));
#208 = CARTESIAN_POINT ('', (14.928011350909, 16.0833503850173, -2.99999999999999));
#209 = CARTESIAN_POINT ('', (15.2951596505056, 15.7084512304346, -2.99999999999999));
#210 = CARTESIAN_POINT ('', (15.5117739074435, 15.5400880896944, -2.99999999999999));
#211 = CARTESIAN_POINT ('', (15.7448457306845, 15.4049064322146, -2.99999999999999));
#212 = B_SPLINE_CURVE_WITH_KNOTS ('', 3, (#202, #203, #204, #205, #206, #207, #208, #209, #210, #211), .UNSPECIFIED., .F., .U., (4, 2, 2, 2, 4), (0., 0.779976525541562, 1.55250656802794, 2.3184003583723, 3.12671279658607), .UNSPECIFIED.);
#213 = EDGE_CURVE ('', #194, #201, #212, .T.);
#214 = ORIENTED_EDGE ('', *, *, #213, .T.);
#215 = CARTESIAN_POINT ('', (18.6506045246824, 13.719566331696, -2.99999999999999));
#216 = VERTEX_POINT ('', #215);
#217 = CARTESIAN_POINT ('', (15.7448457306846, 15.4049064322147, -2.99999999999999));
#218 = CARTESIAN_POINT ('', (18.6506045246825, 13.7195663316959, -2.99999999999999));
#219 = B_SPLINE_CURVE_WITH_KNOTS ('', 1, (#217, #218), .UNSPECIFIED., .F., .U., (2, 2), (0., 1.), .UNSPECIFIED.);
#220 = EDGE_CURVE ('', #201, #216, #219, .T.);
#221 = ORIENTED_EDGE ('', *, *, #220, .T.);
#222 = CARTESIAN_POINT ('', (10.2582560522988, -0.749999999999967, -2.99999999999999));
#223 = CARTESIAN_POINT ('', (18.6506045246824, 13.719566331696, -2.99999999999999));
#224 = B_SPLINE_CURVE_WITH_KNOTS ('', 1, (#222, #223), .UNSPECIFIED., .F., .U., (2, 2), (0.221832163862219, 0.688798701803127), .UNSPECIFIED.);
#225 = EDGE_CURVE ('', #97, #216, #224, .T.);
#226 = ORIENTED_EDGE ('', *, *, #225, .F.);
#227 = EDGE_LOOP ('', (#104, #111, #118, #133, #140, #147, #154, #161, #171, #178, #185, #192, #199, #214, #221, #226));
#228 = FACE_OUTER_BOUND ('', #227, .T.);
#229 = CARTESIAN_POINT ('', (9.29191695601154, 7.99999999999968, -2.99999999999999));
#230 = VERTEX_POINT ('', #229);
#231 = CARTESIAN_POINT ('', (11.8870105237965, 12.5051542693152, -2.99999999999999));
#232 = VERTEX_POINT ('', #231);
#233 = CARTESIAN_POINT ('', (9.29191695601154, 7.99999999999968, -2.99999999999999));
#234 = CARTESIAN_POINT ('', (11.0259533505926, 7.99999999999957, -2.99999999999999));
#235 = CARTESIAN_POINT ('', (11.8914806509367, 9.50257935234362, -2.99999999999999));
#236 = CARTESIAN_POINT ('', (12.7570079512809, 11.0051587046877, -2.99999999999999));
#237 = CARTESIAN_POINT ('', (11.8870105237965, 12.5051542693152, -2.99999999999999));
#238 = (
   BOUNDED_CURVE ()
   B_SPLINE_CURVE (2, (#233, #234, #235, #236, #237), .UNSPECIFIED., .F., .U.)
   B_SPLINE_CURVE_WITH_KNOTS ((3, 2, 3), (0., 1.04819006017339, 2.09638012034678), .UNSPECIFIED.)
   CURVE ()
   GEOMETRIC_REPRESENTATION_ITEM ()
   RATIONAL_B_SPLINE_CURVE ((1., 0.865777169913027, 1., 0.865777169913034, 1.))
   REPRESENTATION_ITEM ('')
);
#239 = EDGE_CURVE ('', #230, #232, #238, .T.);
#240 = ORIENTED_EDGE ('', *, *, #239, .T.);
#241 = CARTESIAN_POINT ('', (2.59509356778544, 28.5257007451975, -2.99999999999999));
#242 = VERTEX_POINT ('', #241);
#243 = CARTESIAN_POINT ('', (11.8870105237965, 12.5051542693152, -2.99999999999999));
#244 = CARTESIAN_POINT ('', (2.59509356778543, 28.5257007451975, -2.99999999999999));
#245 = B_SPLINE_CURVE_WITH_KNOTS ('', 1, (#243, #244), .UNSPECIFIED., .F., .U., (2, 2), (1., 19.5201951961449), .UNSPECIFIED.);
#246 = EDGE_CURVE ('', #232, #242, #245, .T.);
#247 = ORIENTED_EDGE ('', *, *, #246, .T.);
#248 = CARTESIAN_POINT ('', (-2.5950935677854, 28.5257007451975, -2.99999999999999));
#249 = VERTEX_POINT ('', #248);
#250 = CARTESIAN_POINT ('', (2.59509356778544, 28.5257007451975, -2.99999999999999));
#251 = CARTESIAN_POINT ('', (1.72808304398844, 30.020546475882, -2.99999999999999));
#252 = CARTESIAN_POINT ('', (1.40998324127394E-14, 30.020546475882, -2.99999999999999));
#253 = CARTESIAN_POINT ('', (-1.72808304398841, 30.020546475882, -2.99999999999999));
#254 = CARTESIAN_POINT ('', (-2.59509356778539, 28.5257007451975, -2.99999999999999));
#255 = (
   BOUNDED_CURVE ()
   B_SPLINE_CURVE (2, (#250, #251, #252, #253, #254), .UNSPECIFIED., .F., .U.)
   B_SPLINE_CURVE_WITH_KNOTS ((3, 2, 3), (0., 1.04521253324328, 2.09042506648657), .UNSPECIFIED.)
   CURVE ()
   GEOMETRIC_REPRESENTATION_ITEM ()
   RATIONAL_B_SPLINE_CURVE ((1., 0.866521231641739, 1., 0.866521231641739, 1.))
   REPRESENTATION_ITEM ('')
);
#256 = EDGE_CURVE ('', #242, #249, #255, .T.);
#257 = ORIENTED_EDGE ('', *, *, #256, .T.);
#258 = CARTESIAN_POINT ('', (-11.8870105237972, 12.5051542693157, -2.99999999999999));
#259 = VERTEX_POINT ('', #258);
#260 = CARTESIAN_POINT ('', (-2.5950935677854, 28.5257007451975, -2.99999999999999));
#261 = CARTESIAN_POINT ('', (-11.8870105237972, 12.5051542693157, -2.99999999999999));
#262 = B_SPLINE_CURVE_WITH_KNOTS ('', 1, (#260, #261), .UNSPECIFIED., .F., .U., (2, 2), (20.5201951961449, 39.0403903922898), .UNSPECIFIED.);
#263 = EDGE_CURVE ('', #249, #259, #262, .T.);
#264 = ORIENTED_EDGE ('', *, *, #263, .T.);
#265 = CARTESIAN_POINT ('', (-9.29191695601155, 8.00000000000066, -2.99999999999999));
#266 = VERTEX_POINT ('', #265);
#267 = CARTESIAN_POINT ('', (-11.8870105237972, 12.5051542693157, -2.99999999999999));
#268 = CARTESIAN_POINT ('', (-12.7570079512814, 11.0051587046881, -2.99999999999999));
#269 = CARTESIAN_POINT ('', (-11.891480650937, 9.50257935234414, -2.99999999999999));
#270 = CARTESIAN_POINT ('', (-11.0259533505926, 8.00000000000023, -2.99999999999999));
#271 = CARTESIAN_POINT ('', (-9.29191695601155, 8.00000000000066, -2.99999999999999));
#272 = (
   BOUNDED_CURVE ()
   B_SPLINE_CURVE (2, (#267, #268, #269, #270, #271), .UNSPECIFIED., .F., .U.)
   B_SPLINE_CURVE_WITH_KNOTS ((3, 2, 3), (0., 1.04819006017341, 2.09638012034682), .UNSPECIFIED.)
   CURVE ()
   GEOMETRIC_REPRESENTATION_ITEM ()
   RATIONAL_B_SPLINE_CURVE ((1., 0.865777169913021, 1., 0.865777169913028, 1.))
   REPRESENTATION_ITEM ('')
);
#273 = EDGE_CURVE ('', #259, #266, #272, .T.);
#274 = ORIENTED_EDGE ('', *, *, #273, .T.);
#275 = CARTESIAN_POINT ('', (-9.29191695601154, 8.00000000000066, -2.99999999999999));
#276 = CARTESIAN_POINT ('', (9.29191695601155, 7.99999999999967, -2.99999999999999));
#277 = B_SPLINE_CURVE_WITH_KNOTS ('', 1, (#275, #276), .UNSPECIFIED., .F., .U., (2, 2), (40.0403903922898, 58.6242243043129), .UNSPECIFIED.);
#278 = EDGE_CURVE ('', #266, #230, #277, .T.);
#279 = ORIENTED_EDGE ('', *, *, #278, .T.);
#280 = EDGE_LOOP ('', (#240, #247, #257, #264, #274, #279));
#281 = FACE_BOUND ('', #280, .T.);
#282 = CARTESIAN_POINT ('', (-9.50000000000001, 26.75, -3.));
#283 = VERTEX_POINT ('', #282);
#284 = CARTESIAN_POINT ('', (-6.00000000000001, 26.75, -3.));
#285 = VERTEX_POINT ('', #284);
#286 = CARTESIAN_POINT ('', (-9.50000000000001, 26.75, -3.));
#287 = CARTESIAN_POINT ('', (-9.50000000000001, 26.646880261077, -3.));
#288 = CARTESIAN_POINT ('', (-9.48168166498096, 26.4329209847241, -3.));
#289 = CARTESIAN_POINT ('', (-9.38882054094071, 26.1038441115227, -3.));
#290 = CARTESIAN_POINT ('', (-9.22581333241178, 25.7867081187853, -3.));
#291 = CARTESIAN_POINT ('', (-8.99637899720809, 25.5036210027919, -3.));
#292 = CARTESIAN_POINT ('', (-8.71329188121467, 25.2741866675882, -3.));
#293 = CARTESIAN_POINT ('', (-8.39615588847729, 25.1111794590593, -3.));
#294 = CARTESIAN_POINT ('', (-8.06707901527592, 25.0183183350191, -3.));
#295 = CARTESIAN_POINT ('', (-7.85311973892305, 25., -3.));
#296 = CARTESIAN_POINT ('', (-7.64688026107697, 25., -3.));
#297 = CARTESIAN_POINT ('', (-7.4329209847241, 25.0183183350191, -3.));
#298 = CARTESIAN_POINT ('', (-7.10384411152274, 25.1111794590593, -3.));
#299 = CARTESIAN_POINT ('', (-6.78670811878535, 25.2741866675882, -3.));
#300 = CARTESIAN_POINT ('', (-6.50362100279193, 25.5036210027919, -3.));
#301 = CARTESIAN_POINT ('', (-6.27418666758825, 25.7867081187853, -3.));
#302 = CARTESIAN_POINT ('', (-6.11117945905931, 26.1038441115227, -3.));
#303 = CARTESIAN_POINT ('', (-6.01831833501906, 26.4329209847241, -3.));
#304 = CARTESIAN_POINT ('', (-6.00000000000001, 26.646880261077, -3.));
#305 = CARTESIAN_POINT ('', (-6.00000000000001, 26.75, -3.));
#306 = B_SPLINE_CURVE_WITH_KNOTS ('', 3, (#286, #287, #288, #289, #290, #291, #292, #293, #294, #295, #296, #297, #298, #299, #300, #301, #302, #303, #304, #305), .UNSPECIFIED., .F., .U., (4, 1, 1, 1, 1, 1, 1, 1, 2, 1, 1, 1, 1, 1, 1, 1, 4), (-1., -0.96875, -0.9375, -0.90625, -0.875, -0.84375, -0.8125, -0.78125, -0.75, -0.71875, -0.6875, -0.65625, -0.625, -0.59375, -0.5625, -0.53125, -0.5), .UNSPECIFIED.);
#307 = EDGE_CURVE ('', #283, #285, #306, .T.);
#308 = ORIENTED_EDGE ('', *, *, #307, .T.);
#309 = CARTESIAN_POINT ('', (-6.00000000000001, 26.75, -3.));
#310 = CARTESIAN_POINT ('', (-6.00000000000001, 26.8531197389231, -3.));
#311 = CARTESIAN_POINT ('', (-6.01831833501906, 27.0670790152759, -3.));
#312 = CARTESIAN_POINT ('', (-6.11117945905931, 27.3961558884773, -3.));
#313 = CARTESIAN_POINT ('', (-6.27418666758825, 27.7132918812147, -3.));
#314 = CARTESIAN_POINT ('', (-6.50362100279193, 27.9963789972081, -3.));
#315 = CARTESIAN_POINT ('', (-6.78670811878535, 28.2258133324118, -3.));
#316 = CARTESIAN_POINT ('', (-7.10384411152274, 28.3888205409407, -3.));
#317 = CARTESIAN_POINT ('', (-7.4329209847241, 28.481681664981, -3.));
#318 = CARTESIAN_POINT ('', (-7.64688026107697, 28.5, -3.));
#319 = CARTESIAN_POINT ('', (-7.85311973892305, 28.5, -3.));
#320 = CARTESIAN_POINT ('', (-8.06707901527592, 28.481681664981, -3.));
#321 = CARTESIAN_POINT ('', (-8.39615588847729, 28.3888205409407, -3.));
#322 = CARTESIAN_POINT ('', (-8.71329188121467, 28.2258133324118, -3.));
#323 = CARTESIAN_POINT ('', (-8.99637899720809, 27.9963789972081, -3.));
#324 = CARTESIAN_POINT ('', (-9.22581333241178, 27.7132918812147, -3.));
#325 = CARTESIAN_POINT ('', (-9.38882054094071, 27.3961558884773, -3.));
#326 = CARTESIAN_POINT ('', (-9.48168166498096, 27.0670790152759, -3.));
#327 = CARTESIAN_POINT ('', (-9.50000000000001, 26.853119738923, -3.));
#328 = CARTESIAN_POINT ('', (-9.50000000000001, 26.75, -3.));
#329 = B_SPLINE_CURVE_WITH_KNOTS ('', 3, (#309, #310, #311, #312, #313, #314, #315, #316, #317, #318, #319, #320, #321, #322, #323, #324, #325, #326, #327, #328), .UNSPECIFIED., .F., .U., (4, 1, 1, 1, 1, 1, 1, 1, 2, 1, 1, 1, 1, 1, 1, 1, 4), (-0.5, -0.46875, -0.4375, -0.40625, -0.375, -0.34375, -0.3125, -0.28125, -0.25, -0.21875, -0.1875, -0.15625, -0.125, -0.09375, -0.0625, -0.03125, 0.), .UNSPECIFIED.);
#330 = EDGE_CURVE ('', #285, #283, #329, .T.);
#331 = ORIENTED_EDGE ('', *, *, #330, .T.);
#332 = EDGE_LOOP ('', (#308, #331));
#333 = FACE_BOUND ('', #332, .T.);
#334 = CARTESIAN_POINT ('', (9.50000000000001, 24.25, -3.));
#335 = VERTEX_POINT ('', #334);
#336 = CARTESIAN_POINT ('', (5.99999997500944, 24.25, -2.99999999999999));
#337 = VERTEX_POINT ('', #336);
#338 = CARTESIAN_POINT ('', (9.50000000000001, 24.2500000000008, -2.99999999999999));
#339 = CARTESIAN_POINT ('', (9.49999999999997, 24.3392036993529, -2.99999999999999));
#340 = CARTESIAN_POINT ('', (9.4863583565671, 24.5172451535987, -2.99999999999999));
#341 = CARTESIAN_POINT ('', (9.44577306739757, 24.6914346977284, -2.99999999999999));
#342 = CARTESIAN_POINT ('', (9.38396352008877, 24.8872438026842, -2.99999999999999));
#343 = CARTESIAN_POINT ('', (9.29264247898724, 25.1001436355887, -2.99999999999999));
#344 = CARTESIAN_POINT ('', (9.16142420368549, 25.2910562743152, -2.99999999999999));
#345 = CARTESIAN_POINT ('', (9.01345001609615, 25.4661662812626, -2.99999999999999));
#346 = CARTESIAN_POINT ('', (8.85087210863191, 25.6243875033461, -2.99999999999999));
#347 = CARTESIAN_POINT ('', (8.66097189818379, 25.7484981039603, -2.99999999999999));
#348 = CARTESIAN_POINT ('', (8.46354692769876, 25.8516559995288, -2.99999999999999));
#349 = CARTESIAN_POINT ('', (8.26112841759988, 25.9343084628087, -2.99999999999999));
#350 = CARTESIAN_POINT ('', (8.04691379900994, 25.9780895100695, -2.99999999999999));
#351 = CARTESIAN_POINT ('', (7.82483647265114, 26.0021150978008, -2.99999999999999));
#352 = CARTESIAN_POINT ('', (7.59674380606389, 26.004363719944, -2.99999999999999));
#353 = CARTESIAN_POINT ('', (7.37249593843242, 25.9625999232397, -2.99999999999999));
#354 = CARTESIAN_POINT ('', (7.15170924524869, 25.8986241978657, -2.99999999999999));
#355 = CARTESIAN_POINT ('', (6.9367250824573, 25.8123909272603, -2.99999999999999));
#356 = CARTESIAN_POINT ('', (6.74277014435741, 25.6857581937469, -2.99999999999999));
#357 = CARTESIAN_POINT ('', (6.56399953354531, 25.5418314518414, -2.99999999999999));
#358 = CARTESIAN_POINT ('', (6.40162251399975, 25.3826579804744, -2.99999999999999));
#359 = CARTESIAN_POINT ('', (6.27286228593231, 25.1952458833955, -2.99999999999999));
#360 = CARTESIAN_POINT ('', (6.16497350030808, 24.9997961213977, -2.99999999999999));
#361 = CARTESIAN_POINT ('', (6.07756279575929, 24.7988674509427, -2.99999999999999));
#362 = CARTESIAN_POINT ('', (6.02891528904524, 24.5852173117641, -2.99999999999999));
#363 = CARTESIAN_POINT ('', (6.00490009501024, 24.4012964213518, -2.99999999999999));
#364 = CARTESIAN_POINT ('', (5.99999993731688, 24.3256103242216, -2.99999999999999));
#365 = CARTESIAN_POINT ('', (5.99999997500944, 24.25, -2.99999999999999));
#366 = B_SPLINE_CURVE_WITH_KNOTS ('', 3, (#338, #339, #340, #341, #342, #343, #344, #345, #346, #347, #348, #349, #350, #351, #352, #353, #354, #355, #356, #357, #358, #359, #360, #361, #362, #363, #364, #365), .UNSPECIFIED., .F., .U., (4, 1, 2, 1, 2, 1, 2, 1, 2, 1, 2, 1, 2, 1, 2, 1, 2, 4), (0.218343510637152, 0.245194580676483, 0.272045650715815, 0.306794469596728, 0.341543288477642, 0.375572291060661, 0.409601293643679, 0.442397700412353, 0.475194107181026, 0.509409647834926, 0.543625188488825, 0.578370282686786, 0.613115376884747, 0.647222627957743, 0.68132987903074, 0.714197652836906, 0.747065426643073, 0.769842294202582), .UNSPECIFIED.);
#367 = EDGE_CURVE ('', #335, #337, #366, .T.);
#368 = ORIENTED_EDGE ('', *, *, #367, .T.);
#369 = CARTESIAN_POINT ('', (5.99999997500944, 24.25, -2.99999999999999));
#370 = CARTESIAN_POINT ('', (5.99999999333249, 24.213244430146, -2.99999999999999));
#371 = CARTESIAN_POINT ('', (6.00469808392776, 24.0641956127802, -2.99999999999999));
#372 = CARTESIAN_POINT ('', (6.02840035614613, 23.9163454377112, -2.99999999999999));
#373 = CARTESIAN_POINT ('', (6.0862524544514, 23.6951540084651, -2.99999999999999));
#374 = CARTESIAN_POINT ('', (6.16680584139921, 23.4780109553639, -2.99999999999999));
#375 = CARTESIAN_POINT ('', (6.28828578832967, 23.2808243022845, -3.));
#376 = CARTESIAN_POINT ('', (6.42763286674992, 23.0981159675449, -3.));
#377 = CARTESIAN_POINT ('', (6.58292243997169, 22.9312272263074, -2.99999999999999));
#378 = CARTESIAN_POINT ('', (6.76745515281459, 22.7973826097026, -2.99999999999999));
#379 = CARTESIAN_POINT ('', (6.96059187385835, 22.6843066121664, -2.99999999999999));
#380 = CARTESIAN_POINT ('', (7.15974430766057, 22.5916661530483, -2.99999999999999));
#381 = CARTESIAN_POINT ('', (7.37264236169375, 22.537644258007, -2.99999999999999));
#382 = CARTESIAN_POINT ('', (7.54896682158745, 22.510231512959, -2.99999999999999));
#383 = CARTESIAN_POINT ('', (7.68558334299819, 22.4971610680161, -2.99999999999999));
#384 = CARTESIAN_POINT ('', (7.82279072522017, 22.5001685116431, -2.99999999999999));
#385 = CARTESIAN_POINT ('', (7.96281794667735, 22.5115026312186, -2.99999999999999));
#386 = CARTESIAN_POINT ('', (8.10509310850472, 22.5319011300714, -2.99999999999999));
#387 = CARTESIAN_POINT ('', (8.24379783827272, 22.5695749720368, -2.99999999999999));
#388 = CARTESIAN_POINT ('', (8.4215646014327, 22.6298396089282, -2.99999999999999));
#389 = CARTESIAN_POINT ('', (8.63250847601752, 22.7256393158419, -2.99999999999999));
#390 = CARTESIAN_POINT ('', (8.82062432785223, 22.8608699645799, -2.99999999999999));
#391 = CARTESIAN_POINT ('', (8.99240462638816, 23.0123631967216, -2.99999999999999));
#392 = CARTESIAN_POINT ('', (9.14687540431488, 23.1778784269676, -2.99999999999999));
#393 = CARTESIAN_POINT ('', (9.26681608844444, 23.3698959911829, -2.99999999999999));
#394 = CARTESIAN_POINT ('', (9.36574125650846, 23.5689822315541, -2.99999999999999));
#395 = CARTESIAN_POINT ('', (9.44414558800468, 23.7726310549359, -2.99999999999999));
#396 = CARTESIAN_POINT ('', (9.48360031051194, 23.9872549290368, -2.99999999999999));
#397 = CARTESIAN_POINT ('', (9.49547314757323, 24.1215985816679, -2.99999999999999));
#398 = CARTESIAN_POINT ('', (9.49887029705929, 24.1729569889037, -2.99999999999999));
#399 = CARTESIAN_POINT ('', (9.50000000000002, 24.2243290997109, -3.));
#400 = CARTESIAN_POINT ('', (9.50000000000001, 24.2500000000008, -3.));
#401 = B_SPLINE_CURVE_WITH_KNOTS ('', 3, (#369, #370, #371, #372, #373, #374, #375, #376, #377, #378, #379, #380, #381, #382, #383, #384, #385, #386, #387, #388, #389, #390, #391, #392, #393, #394, #395, #396, #397, #398, #399, #400), .UNSPECIFIED., .F., .U., (4, 1, 2, 1, 2, 1, 2, 1, 2, 1, 2, 1, 2, 1, 2, 1, 2, 1, 2, 1, 4), (0.769842294202582, 0.780914548623613, 0.814763670604153, 0.849504097598097, 0.88424452459204, 0.918438812700744, 0.952633100809448, 0.985579841000063, 1.01852658119068, 1.03911263130011, 1.05969868140954, 1.08125818446294, 1.10281768751635, 1.13756942995585, 1.17232117239536, 1.20628100344595, 1.24024083449655, 1.27297385762351, 1.30570688075046, 1.31343403945198, 1.3211611981535), .UNSPECIFIED.);
#402 = EDGE_CURVE ('', #337, #335, #401, .T.);
#403 = ORIENTED_EDGE ('', *, *, #402, .T.);
#404 = EDGE_LOOP ('', (#368, #403));
#405 = FACE_BOUND ('', #404, .T.);
#406 = CARTESIAN_POINT ('', (-18.6506045246824, -0.750000000000018, -2.99999999999999));
#407 = CARTESIAN_POINT ('', (18.6506045246825, -0.750000000000018, -2.99999999999999));
#408 = CARTESIAN_POINT ('', (-18.6506045246824, 37.0000000000001, -2.99999999999999));
#409 = CARTESIAN_POINT ('', (18.6506045246825, 37.0000000000001, -2.99999999999999));
#410 = B_SPLINE_SURFACE_WITH_KNOTS ('', 1, 1, ((#406, #407), (#408, #409)), .UNSPECIFIED., .F., .F., .U., (2, 2), (2, 2), (0.394691502609165, 0.625119852086481), (0.386155549208563, 0.613844450791435), .UNSPECIFIED.);
#411 = ADVANCED_FACE ('', (#228, #281, #333, #405), #410, .T.);
#412 = CARTESIAN_POINT ('', (7.75000000000001, 24.25, -4.75));
#413 = VERTEX_POINT ('', #412);
#414 = CARTESIAN_POINT ('', (6.00000000000001, 24.25, -3.));
#415 = CARTESIAN_POINT ('', (7.75000000000001, 24.25, -4.75));
#416 = B_SPLINE_CURVE_WITH_KNOTS ('', 1, (#414, #415), .UNSPECIFIED., .F., .U., (2, 2), (0., 1.), .UNSPECIFIED.);
#417 = EDGE_CURVE ('', #337, #413, #416, .T.);
#418 = ORIENTED_EDGE ('', *, *, #417, .T.);
#419 = CARTESIAN_POINT ('', (9.50000000000001, 24.25, -3.));
#420 = CARTESIAN_POINT ('', (8.91666666666668, 24.25, -3.58333333333333));
#421 = CARTESIAN_POINT ('', (8.33333333333334, 24.25, -4.16666666666667));
#422 = CARTESIAN_POINT ('', (7.75000000000001, 24.25, -4.75));
#423 = B_SPLINE_CURVE_WITH_KNOTS ('', 3, (#419, #420, #421, #422), .UNSPECIFIED., .F., .U., (4, 4), (0., 1.), .UNSPECIFIED.);
#424 = EDGE_CURVE ('', #335, #413, #423, .T.);
#425 = ORIENTED_EDGE ('', *, *, #424, .F.);
#426 = ORIENTED_EDGE ('', *, *, #402, .F.);
#427 = EDGE_LOOP ('', (#418, #425, #426));
#428 = FACE_OUTER_BOUND ('', #427, .T.);
#429 = CARTESIAN_POINT ('', (6.00000000000001, 24.25, -3.));
#430 = CARTESIAN_POINT ('', (6.00000000000001, 22.5, -3.));
#431 = CARTESIAN_POINT ('', (7.75000000000001, 22.5, -3.));
#432 = CARTESIAN_POINT ('', (9.50000000000001, 22.5, -3.));
#433 = CARTESIAN_POINT ('', (9.50000000000001, 24.25, -3.));
#434 = CARTESIAN_POINT ('', (7.75000000000001, 24.25, -4.75));
#435 = CARTESIAN_POINT ('', (7.75000000000001, 24.25, -4.75));
#436 = CARTESIAN_POINT ('', (7.75000000000001, 24.25, -4.75));
#437 = CARTESIAN_POINT ('', (7.75000000000001, 24.25, -4.75));
#438 = CARTESIAN_POINT ('', (7.75000000000001, 24.25, -4.75));
#439 = (
   BOUNDED_SURFACE ()
   B_SPLINE_SURFACE (1, 2, ((#429, #430, #431, #432, #433), (#434, #435, #436, #437, #438)), .UNSPECIFIED., .F., .F., .U.)
   B_SPLINE_SURFACE_WITH_KNOTS ((2, 2), (3, 2, 3), (0., 1.), (0.5, 0.75, 1.), .UNSPECIFIED.)
   GEOMETRIC_REPRESENTATION_ITEM ()
   RATIONAL_B_SPLINE_SURFACE (((1., 0.707106781186548, 1., 0.707106781186548, 1.), (1., 0.707106781186548, 1., 0.707106781186548, 1.)))
   REPRESENTATION_ITEM ('')
   SURFACE ()
);
#440 = ADVANCED_FACE ('', (#428), #439, .T.);
#441 = CARTESIAN_POINT ('', (-7.75000000000001, 26.75, -4.75));
#442 = VERTEX_POINT ('', #441);
#443 = CARTESIAN_POINT ('', (-6.00000000000001, 26.75, -3.));
#444 = CARTESIAN_POINT ('', (-7.75000000000001, 26.75, -4.75));
#445 = B_SPLINE_CURVE_WITH_KNOTS ('', 1, (#443, #444), .UNSPECIFIED., .F., .U., (2, 2), (0., 1.), .UNSPECIFIED.);
#446 = EDGE_CURVE ('', #285, #442, #445, .T.);
#447 = ORIENTED_EDGE ('', *, *, #446, .T.);
#448 = CARTESIAN_POINT ('', (-9.50000000000001, 26.75, -3.));
#449 = CARTESIAN_POINT ('', (-8.91666666666668, 26.75, -3.58333333333333));
#450 = CARTESIAN_POINT ('', (-8.33333333333335, 26.75, -4.16666666666667));
#451 = CARTESIAN_POINT ('', (-7.75000000000001, 26.75, -4.75));
#452 = B_SPLINE_CURVE_WITH_KNOTS ('', 3, (#448, #449, #450, #451), .UNSPECIFIED., .F., .U., (4, 4), (0., 1.), .UNSPECIFIED.);
#453 = EDGE_CURVE ('', #283, #442, #452, .T.);
#454 = ORIENTED_EDGE ('', *, *, #453, .F.);
#455 = ORIENTED_EDGE ('', *, *, #330, .F.);
#456 = EDGE_LOOP ('', (#447, #454, #455));
#457 = FACE_OUTER_BOUND ('', #456, .T.);
#458 = CARTESIAN_POINT ('', (-9.50000000000001, 26.75, -3.));
#459 = CARTESIAN_POINT ('', (-7.75000000000001, 26.75, -4.75));
#460 = CARTESIAN_POINT ('', (-9.50000000000001, 28.5, -3.));
#461 = CARTESIAN_POINT ('', (-7.75000000000002, 26.75, -4.75));
#462 = CARTESIAN_POINT ('', (-7.75000000000001, 28.5, -3.));
#463 = CARTESIAN_POINT ('', (-7.75000000000001, 26.75, -4.75));
#464 = CARTESIAN_POINT ('', (-6.00000000000001, 28.5, -3.));
#465 = CARTESIAN_POINT ('', (-7.75000000000002, 26.75, -4.75));
#466 = CARTESIAN_POINT ('', (-6.00000000000001, 26.75, -3.));
#467 = CARTESIAN_POINT ('', (-7.75000000000001, 26.75, -4.75));
#468 = (
   BOUNDED_SURFACE ()
   B_SPLINE_SURFACE (2, 1, ((#458, #459), (#460, #461), (#462, #463), (#464, #465), (#466, #467)), .UNSPECIFIED., .F., .F., .U.)
   B_SPLINE_SURFACE_WITH_KNOTS ((3, 2, 3), (2, 2), (0., 0.25, 0.5), (0., 1.), .UNSPECIFIED.)
   GEOMETRIC_REPRESENTATION_ITEM ()
   RATIONAL_B_SPLINE_SURFACE (((1., 1.), (0.707106781186548, 0.707106781186548), (1., 1.), (0.707106781186548, 0.707106781186548), (1., 1.)))
   REPRESENTATION_ITEM ('')
   SURFACE ()
);
#469 = ADVANCED_FACE ('', (#457), #468, .T.);
#470 = CARTESIAN_POINT ('', (9.29191695601154, 7.99999999999968, 7.99360577730113E-15));
#471 = VERTEX_POINT ('', #470);
#472 = CARTESIAN_POINT ('', (9.29191695601154, 7.99999999999968, 7.99360577730113E-15));
#473 = CARTESIAN_POINT ('', (9.29191695601154, 7.99999999999968, -2.99999999999999));
#474 = B_SPLINE_CURVE_WITH_KNOTS ('', 1, (#472, #473), .UNSPECIFIED., .F., .U., (2, 2), (0., 1.), .UNSPECIFIED.);
#475 = EDGE_CURVE ('', #471, #230, #474, .T.);
#476 = ORIENTED_EDGE ('', *, *, #475, .F.);
#477 = CARTESIAN_POINT ('', (11.8870105237965, 12.5051542693152, 7.99360577730113E-15));
#478 = VERTEX_POINT ('', #477);
#479 = CARTESIAN_POINT ('', (9.29191695601154, 7.99999999999968, 7.99360577730113E-15));
#480 = CARTESIAN_POINT ('', (11.0259533505926, 7.99999999999957, 7.99360577730113E-15));
#481 = CARTESIAN_POINT ('', (11.8914806509367, 9.50257935234362, 7.99360577730113E-15));
#482 = CARTESIAN_POINT ('', (12.7570079512809, 11.0051587046877, 7.99360577730113E-15));
#483 = CARTESIAN_POINT ('', (11.8870105237965, 12.5051542693152, 7.99360577730113E-15));
#484 = (
   BOUNDED_CURVE ()
   B_SPLINE_CURVE (2, (#479, #480, #481, #482, #483), .UNSPECIFIED., .F., .U.)
   B_SPLINE_CURVE_WITH_KNOTS ((3, 2, 3), (0., 1.04819006017339, 2.09638012034678), .UNSPECIFIED.)
   CURVE ()
   GEOMETRIC_REPRESENTATION_ITEM ()
   RATIONAL_B_SPLINE_CURVE ((1., 0.865777169913027, 1., 0.865777169913034, 1.))
   REPRESENTATION_ITEM ('')
);
#485 = EDGE_CURVE ('', #471, #478, #484, .T.);
#486 = ORIENTED_EDGE ('', *, *, #485, .T.);
#487 = CARTESIAN_POINT ('', (11.8870105237965, 12.5051542693152, 7.99360577730113E-15));
#488 = CARTESIAN_POINT ('', (11.8870105237965, 12.5051542693152, -2.99999999999999));
#489 = B_SPLINE_CURVE_WITH_KNOTS ('', 1, (#487, #488), .UNSPECIFIED., .F., .U., (2, 2), (0., 1.), .UNSPECIFIED.);
#490 = EDGE_CURVE ('', #478, #232, #489, .T.);
#491 = ORIENTED_EDGE ('', *, *, #490, .T.);
#492 = ORIENTED_EDGE ('', *, *, #239, .F.);
#493 = EDGE_LOOP ('', (#476, #486, #491, #492));
#494 = FACE_OUTER_BOUND ('', #493, .T.);
#495 = CARTESIAN_POINT ('', (11.8870105237965, 12.5051542693152, -3.00000000000002));
#496 = CARTESIAN_POINT ('', (11.8870105237965, 12.5051542693152, -4.08562073062058E-14));
#497 = CARTESIAN_POINT ('', (12.7570079512809, 11.0051587046877, -3.00000000000003));
#498 = CARTESIAN_POINT ('', (12.7570079512809, 11.0051587046877, -5.32907051820075E-14));
#499 = CARTESIAN_POINT ('', (11.8914806509367, 9.5025793523436, -3.00000000000001));
#500 = CARTESIAN_POINT ('', (11.8914806509368, 9.5025793523436, -3.99680288865056E-14));
#501 = CARTESIAN_POINT ('', (11.0259533505926, 7.99999999999955, -3.));
#502 = CARTESIAN_POINT ('', (11.0259533505926, 7.99999999999955, -2.66453525910038E-14));
#503 = CARTESIAN_POINT ('', (9.29191695601151, 7.99999999999965, -2.99999999999998));
#504 = CARTESIAN_POINT ('', (9.29191695601155, 7.99999999999965, -4.44089209850063E-15));
#505 = (
   BOUNDED_SURFACE ()
   B_SPLINE_SURFACE (2, 1, ((#495, #496), (#497, #498), (#499, #500), (#501, #502), (#503, #504)), .UNSPECIFIED., .F., .F., .U.)
   B_SPLINE_SURFACE_WITH_KNOTS ((3, 2, 3), (2, 2), (0., 0.314457018051978, 0.628914036103957), (-0.299999999999997, 0.), .UNSPECIFIED.)
   GEOMETRIC_REPRESENTATION_ITEM ()
   RATIONAL_B_SPLINE_SURFACE (((1., 1.), (0.865777169913032, 0.865777169913032), (1., 1.), (0.865777169913032, 0.865777169913032), (1., 1.)))
   REPRESENTATION_ITEM ('')
   SURFACE ()
);
#506 = ADVANCED_FACE ('', (#494), #505, .T.);
#507 = CARTESIAN_POINT ('', (25.3248204713855, 22.7353962369394, 7.99360577730113E-15));
#508 = VERTEX_POINT ('', #507);
#509 = CARTESIAN_POINT ('', (7.35276510872562, -8.25090611247422, 7.99360577730113E-15));
#510 = VERTEX_POINT ('', #509);
#511 = CARTESIAN_POINT ('', (25.3248204713856, 22.7353962369394, 7.99360577730113E-15));
#512 = CARTESIAN_POINT ('', (7.35276510872562, -8.25090611247419, 7.99360577730113E-15));
#513 = B_SPLINE_CURVE_WITH_KNOTS ('', 1, (#511, #512), .UNSPECIFIED., .F., .U., (2, 2), (-46.0538971856581, -10.2328739276915), .UNSPECIFIED.);
#514 = EDGE_CURVE ('', #508, #510, #513, .T.);
#515 = ORIENTED_EDGE ('', *, *, #514, .F.);
#516 = CARTESIAN_POINT ('', (26.4720553626602, 27.0000000000003, 7.99360577730113E-15));
#517 = VERTEX_POINT ('', #516);
#518 = CARTESIAN_POINT ('', (26.4720553626601, 27.0000000000003, 7.99360577730113E-15));
#519 = CARTESIAN_POINT ('', (26.4720553626601, 24.7133874287924, 7.105427357601E-15));
#520 = CARTESIAN_POINT ('', (25.3248204713854, 22.7353962369395, 7.99360577730113E-15));
#521 = (
   BOUNDED_CURVE ()
   B_SPLINE_CURVE (2, (#518, #519, #520), .UNSPECIFIED., .F., .U.)
   B_SPLINE_CURVE_WITH_KNOTS ((3, 3), (0., 0.525583793551634), .UNSPECIFIED.)
   CURVE ()
   GEOMETRIC_REPRESENTATION_ITEM ()
   RATIONAL_B_SPLINE_CURVE ((1., 0.965668470351439, 1.))
   REPRESENTATION_ITEM ('')
);
#522 = EDGE_CURVE ('', #517, #508, #521, .T.);
#523 = ORIENTED_EDGE ('', *, *, #522, .F.);
#524 = CARTESIAN_POINT ('', (17.9720553626602, 35.5000000000001, 7.99360577730113E-15));
#525 = VERTEX_POINT ('', #524);
#526 = CARTESIAN_POINT ('', (17.9720553626602, 35.5000000000002, 7.99360577730113E-15));
#527 = CARTESIAN_POINT ('', (26.4720553626601, 35.5000000000003, 7.105427357601E-15));
#528 = CARTESIAN_POINT ('', (26.4720553626601, 27.0000000000004, 5.32907051820075E-15));
#529 = (
   BOUNDED_CURVE ()
   B_SPLINE_CURVE (2, (#526, #527, #528), .UNSPECIFIED., .F., .U.)
   B_SPLINE_CURVE_WITH_KNOTS ((3, 3), (0., 1.5707963267949), .UNSPECIFIED.)
   CURVE ()
   GEOMETRIC_REPRESENTATION_ITEM ()
   RATIONAL_B_SPLINE_CURVE ((1., 0.707106781186547, 1.))
   REPRESENTATION_ITEM ('')
);
#530 = EDGE_CURVE ('', #525, #517, #529, .T.);
#531 = ORIENTED_EDGE ('', *, *, #530, .F.);
#532 = CARTESIAN_POINT ('', (0.499999999999915, 35.5000000000001, 7.99360577730113E-15));
#533 = VERTEX_POINT ('', #532);
#534 = CARTESIAN_POINT ('', (0.499999999999908, 35.5000000000001, 7.99360577730113E-15));
#535 = CARTESIAN_POINT ('', (17.9720553626602, 35.5000000000001, 7.99360577730113E-15));
#536 = B_SPLINE_CURVE_WITH_KNOTS ('', 1, (#534, #535), .UNSPECIFIED., .F., .U., (2, 2), (50.9423597533474, 68.4144151160076), .UNSPECIFIED.);
#537 = EDGE_CURVE ('', #533, #525, #536, .T.);
#538 = ORIENTED_EDGE ('', *, *, #537, .F.);
#539 = CARTESIAN_POINT ('', (-0.499999999999901, 35.5000000000001, 7.99360577730113E-15));
#540 = VERTEX_POINT ('', #539);
#541 = CARTESIAN_POINT ('', (-0.499999999999901, 35.5000000000001, 7.99360577730113E-15));
#542 = CARTESIAN_POINT ('', (0.499999999999915, 35.5000000000001, 7.99360577730113E-15));
#543 = B_SPLINE_CURVE_WITH_KNOTS ('', 1, (#541, #542), .UNSPECIFIED., .F., .U., (2, 2), (49.9423597533476, 50.9423597533474), .UNSPECIFIED.);
#544 = EDGE_CURVE ('', #540, #533, #543, .T.);
#545 = ORIENTED_EDGE ('', *, *, #544, .F.);
#546 = CARTESIAN_POINT ('', (-17.9720553626585, 35.5000000000001, 7.99360577730113E-15));
#547 = VERTEX_POINT ('', #546);
#548 = CARTESIAN_POINT ('', (-17.9720553626585, 35.5000000000001, 7.99360577730113E-15));
#549 = CARTESIAN_POINT ('', (-0.499999999999922, 35.5000000000001, 7.99360577730113E-15));
#550 = B_SPLINE_CURVE_WITH_KNOTS ('', 1, (#548, #549), .UNSPECIFIED., .F., .U., (2, 2), (32.470304390689, 49.9423597533476), .UNSPECIFIED.);
#551 = EDGE_CURVE ('', #547, #540, #550, .T.);
#552 = ORIENTED_EDGE ('', *, *, #551, .F.);
#553 = CARTESIAN_POINT ('', (-25.3248204713839, 22.7353962369396, 7.99360577730113E-15));
#554 = VERTEX_POINT ('', #553);
#555 = CARTESIAN_POINT ('', (-25.3248204713839, 22.7353962369396, 7.99360577730113E-15));
#556 = CARTESIAN_POINT ('', (-27.7898131825886, 26.9853836700513, 7.99360577730113E-15));
#557 = CARTESIAN_POINT ('', (-25.3374858316133, 31.2426918350257, 7.99360577730113E-15));
#558 = CARTESIAN_POINT ('', (-22.885158480638, 35.5000000000001, 7.99360577730113E-15));
#559 = CARTESIAN_POINT ('', (-17.9720553626585, 35.5000000000002, 7.99360577730113E-15));
#560 = (
   BOUNDED_CURVE ()
   B_SPLINE_CURVE (2, (#555, #556, #557, #558, #559), .UNSPECIFIED., .F., .U.)
   B_SPLINE_CURVE_WITH_KNOTS ((3, 2, 3), (0., 1.04819006017324, 2.09638012034648), .UNSPECIFIED.)
   CURVE ()
   GEOMETRIC_REPRESENTATION_ITEM ()
   RATIONAL_B_SPLINE_CURVE ((1., 0.865777169913069, 1., 0.865777169913075, 1.))
   REPRESENTATION_ITEM ('')
);
#561 = EDGE_CURVE ('', #554, #547, #560, .T.);
#562 = ORIENTED_EDGE ('', *, *, #561, .F.);
#563 = CARTESIAN_POINT ('', (-7.35276510872523, -8.25090611247402, 7.99360577730113E-15));
#564 = VERTEX_POINT ('', #563);
#565 = CARTESIAN_POINT ('', (-7.35276510872516, -8.250906112474, 7.99360577730113E-15));
#566 = CARTESIAN_POINT ('', (-25.3248204713839, 22.7353962369395, 7.99360577730113E-15));
#567 = B_SPLINE_CURVE_WITH_KNOTS ('', 1, (#565, #566), .UNSPECIFIED., .F., .U., (2, 2), (43.4009425285092, 79.2219657864753), .UNSPECIFIED.);
#568 = EDGE_CURVE ('', #564, #554, #567, .T.);
#569 = ORIENTED_EDGE ('', *, *, #568, .F.);
#570 = CARTESIAN_POINT ('', (7.35276510872559, -8.2509061124742, 7.99360577730113E-15));
#571 = CARTESIAN_POINT ('', (4.89623529130073, -12.4863023494136, 7.99360577730113E-15));
#572 = CARTESIAN_POINT ('', (1.2623235789988E-13, -12.4863023494135, 7.99360577730113E-15));
#573 = CARTESIAN_POINT ('', (-4.89623529130048, -12.4863023494134, 7.99360577730113E-15));
#574 = CARTESIAN_POINT ('', (-7.35276510872523, -8.25090611247402, 7.99360577730113E-15));
#575 = (
   BOUNDED_CURVE ()
   B_SPLINE_CURVE (2, (#570, #571, #572, #573, #574), .UNSPECIFIED., .F., .U.)
   B_SPLINE_CURVE_WITH_KNOTS ((3, 2, 3), (0., 1.04521253324329, 2.09042506648659), .UNSPECIFIED.)
   CURVE ()
   GEOMETRIC_REPRESENTATION_ITEM ()
   RATIONAL_B_SPLINE_CURVE ((1., 0.866521231641743, 1., 0.866521231641741, 1.))
   REPRESENTATION_ITEM ('')
);
#576 = EDGE_CURVE ('', #510, #564, #575, .T.);
#577 = ORIENTED_EDGE ('', *, *, #576, .F.);
#578 = EDGE_LOOP ('', (#515, #523, #531, #538, #545, #552, #562, #569, #577));
#579 = FACE_OUTER_BOUND ('', #578, .T.);
#580 = ORIENTED_EDGE ('', *, *, #485, .F.);
#581 = CARTESIAN_POINT ('', (-9.29191695601155, 8.00000000000066, 7.99360577730113E-15));
#582 = VERTEX_POINT ('', #581);
#583 = CARTESIAN_POINT ('', (-9.29191695601154, 8.00000000000066, 7.99360577730113E-15));
#584 = CARTESIAN_POINT ('', (9.29191695601155, 7.99999999999967, 7.99360577730113E-15));
#585 = B_SPLINE_CURVE_WITH_KNOTS ('', 1, (#583, #584), .UNSPECIFIED., .F., .U., (2, 2), (40.0403903922898, 58.6242243043129), .UNSPECIFIED.);
#586 = EDGE_CURVE ('', #582, #471, #585, .T.);
#587 = ORIENTED_EDGE ('', *, *, #586, .F.);
#588 = CARTESIAN_POINT ('', (-11.8870105237972, 12.5051542693157, 7.99360577730113E-15));
#589 = VERTEX_POINT ('', #588);
#590 = CARTESIAN_POINT ('', (-11.8870105237972, 12.5051542693157, 7.99360577730113E-15));
#591 = CARTESIAN_POINT ('', (-12.7570079512814, 11.0051587046881, 7.99360577730113E-15));
#592 = CARTESIAN_POINT ('', (-11.891480650937, 9.50257935234414, 7.99360577730113E-15));
#593 = CARTESIAN_POINT ('', (-11.0259533505926, 8.00000000000023, 7.99360577730113E-15));
#594 = CARTESIAN_POINT ('', (-9.29191695601155, 8.00000000000066, 7.99360577730113E-15));
#595 = (
   BOUNDED_CURVE ()
   B_SPLINE_CURVE (2, (#590, #591, #592, #593, #594), .UNSPECIFIED., .F., .U.)
   B_SPLINE_CURVE_WITH_KNOTS ((3, 2, 3), (0., 1.04819006017341, 2.09638012034682), .UNSPECIFIED.)
   CURVE ()
   GEOMETRIC_REPRESENTATION_ITEM ()
   RATIONAL_B_SPLINE_CURVE ((1., 0.865777169913021, 1., 0.865777169913028, 1.))
   REPRESENTATION_ITEM ('')
);
#596 = EDGE_CURVE ('', #589, #582, #595, .T.);
#597 = ORIENTED_EDGE ('', *, *, #596, .F.);
#598 = CARTESIAN_POINT ('', (-2.5950935677854, 28.5257007451975, 7.99360577730113E-15));
#599 = VERTEX_POINT ('', #598);
#600 = CARTESIAN_POINT ('', (-2.5950935677854, 28.5257007451975, 7.99360577730113E-15));
#601 = CARTESIAN_POINT ('', (-11.8870105237972, 12.5051542693157, 7.99360577730113E-15));
#602 = B_SPLINE_CURVE_WITH_KNOTS ('', 1, (#600, #601), .UNSPECIFIED., .F., .U., (2, 2), (20.5201951961449, 39.0403903922898), .UNSPECIFIED.);
#603 = EDGE_CURVE ('', #599, #589, #602, .T.);
#604 = ORIENTED_EDGE ('', *, *, #603, .F.);
#605 = CARTESIAN_POINT ('', (2.59509356778544, 28.5257007451975, 7.99360577730113E-15));
#606 = VERTEX_POINT ('', #605);
#607 = CARTESIAN_POINT ('', (2.59509356778544, 28.5257007451975, 7.99360577730113E-15));
#608 = CARTESIAN_POINT ('', (1.72808304398844, 30.020546475882, 7.99360577730113E-15));
#609 = CARTESIAN_POINT ('', (1.40998324127394E-14, 30.020546475882, 7.99360577730113E-15));
#610 = CARTESIAN_POINT ('', (-1.72808304398841, 30.020546475882, 7.99360577730113E-15));
#611 = CARTESIAN_POINT ('', (-2.59509356778539, 28.5257007451975, 7.99360577730113E-15));
#612 = (
   BOUNDED_CURVE ()
   B_SPLINE_CURVE (2, (#607, #608, #609, #610, #611), .UNSPECIFIED., .F., .U.)
   B_SPLINE_CURVE_WITH_KNOTS ((3, 2, 3), (0., 1.04521253324328, 2.09042506648657), .UNSPECIFIED.)
   CURVE ()
   GEOMETRIC_REPRESENTATION_ITEM ()
   RATIONAL_B_SPLINE_CURVE ((1., 0.866521231641739, 1., 0.866521231641739, 1.))
   REPRESENTATION_ITEM ('')
);
#613 = EDGE_CURVE ('', #606, #599, #612, .T.);
#614 = ORIENTED_EDGE ('', *, *, #613, .F.);
#615 = CARTESIAN_POINT ('', (11.8870105237965, 12.5051542693152, 7.99360577730113E-15));
#616 = CARTESIAN_POINT ('', (2.59509356778543, 28.5257007451975, 7.99360577730113E-15));
#617 = B_SPLINE_CURVE_WITH_KNOTS ('', 1, (#615, #616), .UNSPECIFIED., .F., .U., (2, 2), (1., 19.5201951961449), .UNSPECIFIED.);
#618 = EDGE_CURVE ('', #478, #606, #617, .T.);
#619 = ORIENTED_EDGE ('', *, *, #618, .F.);
#620 = EDGE_LOOP ('', (#580, #587, #597, #604, #614, #619));
#621 = FACE_BOUND ('', #620, .T.);
#622 = CARTESIAN_POINT ('', (-27.7898131825886, -12.4863023494136, 7.99360577730113E-15));
#623 = CARTESIAN_POINT ('', (-27.7898131825886, 35.5000000000002, 7.99360577730113E-15));
#624 = CARTESIAN_POINT ('', (26.4720553626601, -12.4863023494136, 7.99360577730113E-15));
#625 = CARTESIAN_POINT ('', (26.4720553626601, 35.5000000000002, 7.99360577730113E-15));
#626 = B_SPLINE_SURFACE_WITH_KNOTS ('', 1, 1, ((#622, #623), (#624, #625)), .UNSPECIFIED., .F., .F., .U., (2, 2), (2, 2), (0.330369250756375, 0.661587073496419), (0.323052382626594, 0.615963758729767), .UNSPECIFIED.);
#627 = ADVANCED_FACE ('', (#579, #621), #626, .T.);
#628 = CARTESIAN_POINT ('', (-26.2423246011812, 22.2032438416572, -0.439339828220167));
#629 = VERTEX_POINT ('', #628);
#630 = CARTESIAN_POINT ('', (-8.27026923852253, -8.78305850775643, -0.439339828220139));
#631 = VERTEX_POINT ('', #630);
#632 = CARTESIAN_POINT ('', (-26.2423246011812, 22.2032438416572, -0.439339828220281));
#633 = CARTESIAN_POINT ('', (-8.27026923852233, -8.78305850775631, -0.439339828220378));
#634 = B_SPLINE_CURVE_WITH_KNOTS ('', 1, (#632, #633), .UNSPECIFIED., .F., .U., (2, 2), (-3.64720259517703, -0.0651002693804243), .UNSPECIFIED.);
#635 = EDGE_CURVE ('', #629, #631, #634, .T.);
#636 = ORIENTED_EDGE ('', *, *, #635, .T.);
#637 = CARTESIAN_POINT ('', (-7.35276510872523, -8.25090611247402, 8.88178419700125E-15));
#638 = CARTESIAN_POINT ('', (-7.89022658442716, -8.56263376838112, 1.03533663859888E-14));
#639 = CARTESIAN_POINT ('', (-8.27026923852253, -8.78305850775643, -0.439339828220139));
#640 = (
   BOUNDED_CURVE ()
   B_SPLINE_CURVE (2, (#637, #638, #639), .UNSPECIFIED., .F., .U.)
   B_SPLINE_CURVE_WITH_KNOTS ((3, 3), (0., 0.78539816339743), .UNSPECIFIED.)
   CURVE ()
   GEOMETRIC_REPRESENTATION_ITEM ()
   RATIONAL_B_SPLINE_CURVE ((1., 0.853553390593277, 0.853553390593274))
   REPRESENTATION_ITEM ('')
);
#641 = EDGE_CURVE ('', #564, #631, #640, .T.);
#642 = ORIENTED_EDGE ('', *, *, #641, .F.);
#643 = ORIENTED_EDGE ('', *, *, #568, .T.);
#644 = CARTESIAN_POINT ('', (-26.2423246011812, 22.2032438416572, -0.439339828220167));
#645 = CARTESIAN_POINT ('', (-25.8622819470859, 22.4236685810325, -3.73034936274053E-14));
#646 = CARTESIAN_POINT ('', (-25.3248204713839, 22.7353962369396, -3.73034936274053E-14));
#647 = (
   BOUNDED_CURVE ()
   B_SPLINE_CURVE (2, (#644, #645, #646), .UNSPECIFIED., .F., .U.)
   B_SPLINE_CURVE_WITH_KNOTS ((3, 3), (0.785398163397496, 1.5707963267949), .UNSPECIFIED.)
   CURVE ()
   GEOMETRIC_REPRESENTATION_ITEM ()
   RATIONAL_B_SPLINE_CURVE ((0.853553390593274, 0.853553390593283, 1.))
   REPRESENTATION_ITEM ('')
);
#648 = EDGE_CURVE ('', #629, #554, #647, .T.);
#649 = ORIENTED_EDGE ('', *, *, #648, .F.);
#650 = EDGE_LOOP ('', (#636, #642, #643, #649));
#651 = FACE_OUTER_BOUND ('', #650, .T.);
#652 = CARTESIAN_POINT ('', (-26.2423246011812, 22.2032438416572, -0.439339828220281));
#653 = CARTESIAN_POINT ('', (-25.8622819470858, 22.4236685810325, -1.62653433000688E-13));
#654 = CARTESIAN_POINT ('', (-25.3248204713839, 22.7353962369396, -1.14006984426319E-13));
#655 = CARTESIAN_POINT ('', (-8.27026923852233, -8.78305850775631, -0.439339828220378));
#656 = CARTESIAN_POINT ('', (-7.89022658442699, -8.56263376838103, -2.57702610261986E-13));
#657 = CARTESIAN_POINT ('', (-7.3527651087251, -8.25090611247395, -2.08031854782477E-13));
#658 = (
   BOUNDED_SURFACE ()
   B_SPLINE_SURFACE (1, 2, ((#652, #653, #654), (#655, #656, #657)), .UNSPECIFIED., .F., .F., .U.)
   B_SPLINE_SURFACE_WITH_KNOTS ((2, 2), (3, 3), (-3.64720259517703, -0.0651002693804239), (0.471238898038467, 0.589048622548072), .UNSPECIFIED.)
   GEOMETRIC_REPRESENTATION_ITEM ()
   RATIONAL_B_SPLINE_SURFACE (((1., 0.853553390593289, 0.853553390593274), (1., 0.853553390593289, 0.853553390593274)))
   REPRESENTATION_ITEM ('')
   SURFACE ()
);
#659 = ADVANCED_FACE ('', (#651), #658, .T.);
#660 = CARTESIAN_POINT ('', (-8.65031189261789, -9.00348324713148, -13.));
#661 = VERTEX_POINT ('', #660);
#662 = CARTESIAN_POINT ('', (-26.6223672552767, 21.9828191022821, -13.));
#663 = VERTEX_POINT ('', #662);
#664 = CARTESIAN_POINT ('', (-8.65031189261793, -9.00348324713147, -13.));
#665 = CARTESIAN_POINT ('', (-26.6223672552767, 21.9828191022821, -13.));
#666 = B_SPLINE_CURVE_WITH_KNOTS ('', 1, (#664, #665), .UNSPECIFIED., .F., .U., (2, 2), (74.7651339832853, 110.586157241251), .UNSPECIFIED.);
#667 = EDGE_CURVE ('', #661, #663, #666, .T.);
#668 = ORIENTED_EDGE ('', *, *, #667, .F.);
#669 = CARTESIAN_POINT ('', (-8.65031189261789, -9.00348324713173, -10.));
#670 = VERTEX_POINT ('', #669);
#671 = CARTESIAN_POINT ('', (-8.65031189261789, -9.00348324713148, -10.));
#672 = CARTESIAN_POINT ('', (-8.65031189261789, -9.00348324713148, -13.));
#673 = B_SPLINE_CURVE_WITH_KNOTS ('', 1, (#671, #672), .UNSPECIFIED., .F., .U., (2, 2), (0., 1.), .UNSPECIFIED.);
#674 = EDGE_CURVE ('', #670, #661, #673, .T.);
#675 = ORIENTED_EDGE ('', *, *, #674, .F.);
#676 = CARTESIAN_POINT ('', (-8.65031189261789, -9.00348324713173, -1.49999999999997));
#677 = VERTEX_POINT ('', #676);
#678 = CARTESIAN_POINT ('', (-8.65031189261789, -9.00348324713173, -1.49999999999999));
#679 = CARTESIAN_POINT ('', (-8.65031189261789, -9.00348324713173, -10.));
#680 = B_SPLINE_CURVE_WITH_KNOTS ('', 1, (#678, #679), .UNSPECIFIED., .F., .U., (2, 2), (0.15, 1.), .UNSPECIFIED.);
#681 = EDGE_CURVE ('', #677, #670, #680, .T.);
#682 = ORIENTED_EDGE ('', *, *, #681, .F.);
#683 = CARTESIAN_POINT ('', (-26.6223672552767, 21.9828191022818, -1.50000000000005));
#684 = VERTEX_POINT ('', #683);
#685 = CARTESIAN_POINT ('', (-26.6223672552767, 21.9828191022818, -1.49999999999999));
#686 = CARTESIAN_POINT ('', (-8.6503118926179, -9.00348324713171, -1.49999999999999));
#687 = B_SPLINE_CURVE_WITH_KNOTS ('', 1, (#685, #686), .UNSPECIFIED., .F., .U., (2, 2), (-79.2219657864753, -43.4009425285092), .UNSPECIFIED.);
#688 = EDGE_CURVE ('', #684, #677, #687, .T.);
#689 = ORIENTED_EDGE ('', *, *, #688, .F.);
#690 = CARTESIAN_POINT ('', (-26.6223672552767, 21.9828191022818, -10.));
#691 = VERTEX_POINT ('', #690);
#692 = CARTESIAN_POINT ('', (-26.6223672552767, 21.9828191022818, -1.49999999999999));
#693 = CARTESIAN_POINT ('', (-26.6223672552767, 21.9828191022818, -10.));
#694 = B_SPLINE_CURVE_WITH_KNOTS ('', 1, (#692, #693), .UNSPECIFIED., .F., .U., (2, 2), (0.15, 1.), .UNSPECIFIED.);
#695 = EDGE_CURVE ('', #684, #691, #694, .T.);
#696 = ORIENTED_EDGE ('', *, *, #695, .T.);
#697 = CARTESIAN_POINT ('', (-26.6223672552767, 21.9828191022821, -10.));
#698 = CARTESIAN_POINT ('', (-26.6223672552767, 21.9828191022821, -13.));
#699 = B_SPLINE_CURVE_WITH_KNOTS ('', 1, (#697, #698), .UNSPECIFIED., .F., .U., (2, 2), (0., 1.), .UNSPECIFIED.);
#700 = EDGE_CURVE ('', #691, #663, #699, .T.);
#701 = ORIENTED_EDGE ('', *, *, #700, .T.);
#702 = EDGE_LOOP ('', (#668, #675, #682, #689, #696, #701));
#703 = FACE_OUTER_BOUND ('', #702, .T.);
#704 = CARTESIAN_POINT ('', (-8.65031189261792, -9.00348324713165, -1.5));
#705 = CARTESIAN_POINT ('', (-8.65031189261792, -9.00348324713165, -13.));
#706 = CARTESIAN_POINT ('', (-26.6223672552768, 21.9828191022821, -1.5));
#707 = CARTESIAN_POINT ('', (-26.6223672552768, 21.9828191022821, -13.));
#708 = B_SPLINE_SURFACE_WITH_KNOTS ('', 1, 1, ((#704, #705), (#706, #707)), .UNSPECIFIED., .F., .F., .U., (2, 2), (2, 2), (7.47651339832853, 11.0586157241252), (0.15, 1.3), .UNSPECIFIED.);
#709 = ADVANCED_FACE ('', (#703), #708, .T.);
#710 = CARTESIAN_POINT ('', (-17.9720553626585, 37.0000000000001, -1.50000000000005));
#711 = VERTEX_POINT ('', #710);
#712 = CARTESIAN_POINT ('', (-17.9720553626585, 37.0000000000001, -10.));
#713 = VERTEX_POINT ('', #712);
#714 = CARTESIAN_POINT ('', (-17.9720553626585, 37.0000000000001, -1.49999999999999));
#715 = CARTESIAN_POINT ('', (-17.9720553626585, 37.0000000000001, -10.));
#716 = B_SPLINE_CURVE_WITH_KNOTS ('', 1, (#714, #715), .UNSPECIFIED., .F., .U., (2, 2), (0.15, 1.), .UNSPECIFIED.);
#717 = EDGE_CURVE ('', #711, #713, #716, .T.);
#718 = ORIENTED_EDGE ('', *, *, #717, .T.);
#719 = CARTESIAN_POINT ('', (-26.6223672552767, 21.9828191022818, -10.));
#720 = CARTESIAN_POINT ('', (-29.5223586802233, 26.9828043177074, -10.));
#721 = CARTESIAN_POINT ('', (-26.6372676790759, 31.9914021588537, -10.));
#722 = CARTESIAN_POINT ('', (-23.7521766779284, 37.0000000000001, -10.));
#723 = CARTESIAN_POINT ('', (-17.9720553626585, 37.0000000000001, -10.));
#724 = (
   BOUNDED_CURVE ()
   B_SPLINE_CURVE (2, (#719, #720, #721, #722, #723), .UNSPECIFIED., .F., .U.)
   B_SPLINE_CURVE_WITH_KNOTS ((3, 2, 3), (0., 1.04819006017324, 2.09638012034648), .UNSPECIFIED.)
   CURVE ()
   GEOMETRIC_REPRESENTATION_ITEM ()
   RATIONAL_B_SPLINE_CURVE ((1., 0.865777169913066, 1., 0.865777169913068, 1.))
   REPRESENTATION_ITEM ('')
);
#725 = EDGE_CURVE ('', #691, #713, #724, .T.);
#726 = ORIENTED_EDGE ('', *, *, #725, .F.);
#727 = ORIENTED_EDGE ('', *, *, #695, .F.);
#728 = CARTESIAN_POINT ('', (-17.9720553626585, 37.0000000000001, -1.50000000000005));
#729 = CARTESIAN_POINT ('', (-23.7521766779284, 37.0000000000001, -1.50000000000005));
#730 = CARTESIAN_POINT ('', (-26.6372676790759, 31.9914021588538, -1.50000000000005));
#731 = CARTESIAN_POINT ('', (-29.5223586802233, 26.9828043177074, -1.50000000000005));
#732 = CARTESIAN_POINT ('', (-26.6223672552767, 21.9828191022819, -1.50000000000005));
#733 = (
   BOUNDED_CURVE ()
   B_SPLINE_CURVE (2, (#728, #729, #730, #731, #732), .UNSPECIFIED., .F., .U.)
   B_SPLINE_CURVE_WITH_KNOTS ((3, 2, 3), (0., 1.04819006017324, 2.09638012034648), .UNSPECIFIED.)
   CURVE ()
   GEOMETRIC_REPRESENTATION_ITEM ()
   RATIONAL_B_SPLINE_CURVE ((1., 0.865777169913067, 1., 0.865777169913065, 1.))
   REPRESENTATION_ITEM ('')
);
#734 = EDGE_CURVE ('', #711, #684, #733, .T.);
#735 = ORIENTED_EDGE ('', *, *, #734, .F.);
#736 = EDGE_LOOP ('', (#718, #726, #727, #735));
#737 = FACE_OUTER_BOUND ('', #736, .T.);
#738 = CARTESIAN_POINT ('', (-26.6223672552768, 21.9828191022819, -1.49999999999997));
#739 = CARTESIAN_POINT ('', (-26.6223672552768, 21.9828191022818, -9.9999999999999));
#740 = CARTESIAN_POINT ('', (-29.5223586802234, 26.9828043177074, -1.50000000000001));
#741 = CARTESIAN_POINT ('', (-29.5223586802234, 26.9828043177073, -9.99999999999994));
#742 = CARTESIAN_POINT ('', (-26.637267679076, 31.9914021588537, -1.50000000000005));
#743 = CARTESIAN_POINT ('', (-26.637267679076, 31.9914021588536, -9.99999999999998));
#744 = CARTESIAN_POINT ('', (-23.7521766779286, 37., -1.50000000000008));
#745 = CARTESIAN_POINT ('', (-23.7521766779285, 36.9999999999999, -10.));
#746 = CARTESIAN_POINT ('', (-17.9720553626587, 37., -1.50000000000007));
#747 = CARTESIAN_POINT ('', (-17.9720553626586, 36.9999999999999, -10.));
#748 = (
   BOUNDED_SURFACE ()
   B_SPLINE_SURFACE (2, 1, ((#738, #739), (#740, #741), (#742, #743), (#744, #745), (#746, #747)), .UNSPECIFIED., .F., .F., .U.)
   B_SPLINE_SURFACE_WITH_KNOTS ((3, 2, 3), (2, 2), (0., 1.04819006017323, 2.09638012034647), (0., 0.849999999999993), .UNSPECIFIED.)
   GEOMETRIC_REPRESENTATION_ITEM ()
   RATIONAL_B_SPLINE_SURFACE (((1., 1.), (0.865777169913068, 0.865777169913068), (1., 1.), (0.865777169913068, 0.865777169913068), (1., 1.)))
   REPRESENTATION_ITEM ('')
   SURFACE ()
);
#749 = ADVANCED_FACE ('', (#737), #748, .T.);
#750 = ORIENTED_EDGE ('', *, *, #681, .T.);
#751 = CARTESIAN_POINT ('', (8.65031189261832, -9.00348324713198, -10.));
#752 = VERTEX_POINT ('', #751);
#753 = CARTESIAN_POINT ('', (8.65031189261832, -9.00348324713198, -10.));
#754 = CARTESIAN_POINT ('', (5.76027681329498, -13.9863023494136, -10.));
#755 = CARTESIAN_POINT ('', (1.36779476633819E-13, -13.9863023494135, -10.));
#756 = CARTESIAN_POINT ('', (-5.7602768132947, -13.9863023494134, -10.));
#757 = CARTESIAN_POINT ('', (-8.6503118926179, -9.00348324713173, -10.));
#758 = (
   BOUNDED_CURVE ()
   B_SPLINE_CURVE (2, (#753, #754, #755, #756, #757), .UNSPECIFIED., .F., .U.)
   B_SPLINE_CURVE_WITH_KNOTS ((3, 2, 3), (0., 1.0452125332433, 2.0904250664866), .UNSPECIFIED.)
   CURVE ()
   GEOMETRIC_REPRESENTATION_ITEM ()
   RATIONAL_B_SPLINE_CURVE ((1., 0.866521231641738, 1., 0.866521231641739, 1.))
   REPRESENTATION_ITEM ('')
);
#759 = EDGE_CURVE ('', #752, #670, #758, .T.);
#760 = ORIENTED_EDGE ('', *, *, #759, .F.);
#761 = CARTESIAN_POINT ('', (8.65031189261832, -9.00348324713198, -1.49999999999999));
#762 = VERTEX_POINT ('', #761);
#763 = CARTESIAN_POINT ('', (8.65031189261832, -9.00348324713198, -1.49999999999997));
#764 = CARTESIAN_POINT ('', (8.65031189261832, -9.00348324713198, -10.));
#765 = B_SPLINE_CURVE_WITH_KNOTS ('', 1, (#763, #764), .UNSPECIFIED., .F., .U., (2, 2), (0.149999999999998, 1.), .UNSPECIFIED.);
#766 = EDGE_CURVE ('', #762, #752, #765, .T.);
#767 = ORIENTED_EDGE ('', *, *, #766, .F.);
#768 = CARTESIAN_POINT ('', (-8.65031189261795, -9.00348324713176, -1.49999999999997));
#769 = CARTESIAN_POINT ('', (-5.76027681329471, -13.9863023494134, -1.49999999999997));
#770 = CARTESIAN_POINT ('', (1.2179146580138E-13, -13.9863023494135, -1.49999999999997));
#771 = CARTESIAN_POINT ('', (5.76027681329495, -13.9863023494136, -1.49999999999997));
#772 = CARTESIAN_POINT ('', (8.6503118926183, -9.00348324713195, -1.49999999999997));
#773 = (
   BOUNDED_CURVE ()
   B_SPLINE_CURVE (2, (#768, #769, #770, #771, #772), .UNSPECIFIED., .F., .U.)
   B_SPLINE_CURVE_WITH_KNOTS ((3, 2, 3), (0., 1.0452125332433, 2.09042506648659), .UNSPECIFIED.)
   CURVE ()
   GEOMETRIC_REPRESENTATION_ITEM ()
   RATIONAL_B_SPLINE_CURVE ((1., 0.86652123164174, 1., 0.866521231641743, 1.))
   REPRESENTATION_ITEM ('')
);
#774 = EDGE_CURVE ('', #677, #762, #773, .T.);
#775 = ORIENTED_EDGE ('', *, *, #774, .F.);
#776 = EDGE_LOOP ('', (#750, #760, #767, #775));
#777 = FACE_OUTER_BOUND ('', #776, .T.);
#778 = CARTESIAN_POINT ('', (8.65031189261835, -9.00348324713201, -1.49999999999994));
#779 = CARTESIAN_POINT ('', (8.65031189261837, -9.00348324713201, -9.99999999999995));
#780 = CARTESIAN_POINT ('', (5.76027681329501, -13.9863023494136, -1.49999999999995));
#781 = CARTESIAN_POINT ('', (5.76027681329503, -13.9863023494136, -9.99999999999996));
#782 = CARTESIAN_POINT ('', (1.96176408451265E-13, -13.9863023494135, -1.49999999999996));
#783 = CARTESIAN_POINT ('', (2.15605311382205E-13, -13.9863023494135, -9.99999999999997));
#784 = CARTESIAN_POINT ('', (-5.76027681329461, -13.9863023494135, -1.49999999999998));
#785 = CARTESIAN_POINT ('', (-5.76027681329459, -13.9863023494135, -9.99999999999998));
#786 = CARTESIAN_POINT ('', (-8.65031189261783, -9.00348324713179, -1.49999999999998));
#787 = CARTESIAN_POINT ('', (-8.65031189261781, -9.00348324713179, -9.99999999999999));
#788 = (
   BOUNDED_SURFACE ()
   B_SPLINE_SURFACE (2, 1, ((#778, #779), (#780, #781), (#782, #783), (#784, #785), (#786, #787)), .UNSPECIFIED., .F., .F., .U.)
   B_SPLINE_SURFACE_WITH_KNOTS ((3, 2, 3), (2, 2), (0., 1.0452125332433, 2.09042506648659), (0., 0.85), .UNSPECIFIED.)
   GEOMETRIC_REPRESENTATION_ITEM ()
   RATIONAL_B_SPLINE_SURFACE (((1., 1.), (0.86652123164174, 0.86652123164174), (1., 1.), (0.86652123164174, 0.86652123164174), (1., 1.)))
   REPRESENTATION_ITEM ('')
   SURFACE ()
);
#789 = ADVANCED_FACE ('', (#777), #788, .T.);
#790 = CARTESIAN_POINT ('', (26.6223672552783, 21.9828191022819, -13.));
#791 = VERTEX_POINT ('', #790);
#792 = CARTESIAN_POINT ('', (8.65031189261832, -9.00348324713173, -13.));
#793 = VERTEX_POINT ('', #792);
#794 = CARTESIAN_POINT ('', (26.6223672552783, 21.9828191022819, -13.));
#795 = CARTESIAN_POINT ('', (8.65031189261833, -9.00348324713178, -13.));
#796 = B_SPLINE_CURVE_WITH_KNOTS ('', 1, (#794, #795), .UNSPECIFIED., .F., .U., (2, 2), (37.9441107253187, 73.7651339832853), .UNSPECIFIED.);
#797 = EDGE_CURVE ('', #791, #793, #796, .T.);
#798 = ORIENTED_EDGE ('', *, *, #797, .F.);
#799 = CARTESIAN_POINT ('', (26.6223672552783, 21.9828191022816, -10.));
#800 = VERTEX_POINT ('', #799);
#801 = CARTESIAN_POINT ('', (26.6223672552783, 21.9828191022819, -10.));
#802 = CARTESIAN_POINT ('', (26.6223672552783, 21.9828191022819, -13.));
#803 = B_SPLINE_CURVE_WITH_KNOTS ('', 1, (#801, #802), .UNSPECIFIED., .F., .U., (2, 2), (0., 1.), .UNSPECIFIED.);
#804 = EDGE_CURVE ('', #800, #791, #803, .T.);
#805 = ORIENTED_EDGE ('', *, *, #804, .F.);
#806 = CARTESIAN_POINT ('', (26.6223672552783, 21.9828191022816, -1.49999999999999));
#807 = VERTEX_POINT ('', #806);
#808 = CARTESIAN_POINT ('', (26.6223672552783, 21.9828191022816, -1.50000000000002));
#809 = CARTESIAN_POINT ('', (26.6223672552783, 21.9828191022816, -10.));
#810 = B_SPLINE_CURVE_WITH_KNOTS ('', 1, (#808, #809), .UNSPECIFIED., .F., .U., (2, 2), (0.150000000000002, 1.), .UNSPECIFIED.);
#811 = EDGE_CURVE ('', #807, #800, #810, .T.);
#812 = ORIENTED_EDGE ('', *, *, #811, .F.);
#813 = CARTESIAN_POINT ('', (8.65031189261832, -9.00348324713199, -1.49999999999999));
#814 = CARTESIAN_POINT ('', (26.6223672552783, 21.9828191022816, -1.49999999999999));
#815 = B_SPLINE_CURVE_WITH_KNOTS ('', 1, (#813, #814), .UNSPECIFIED., .F., .U., (2, 2), (10.2328739276915, 46.0538971856581), .UNSPECIFIED.);
#816 = EDGE_CURVE ('', #762, #807, #815, .T.);
#817 = ORIENTED_EDGE ('', *, *, #816, .F.);
#818 = ORIENTED_EDGE ('', *, *, #766, .T.);
#819 = CARTESIAN_POINT ('', (8.65031189261832, -9.00348324713173, -10.));
#820 = CARTESIAN_POINT ('', (8.65031189261832, -9.00348324713173, -13.));
#821 = B_SPLINE_CURVE_WITH_KNOTS ('', 1, (#819, #820), .UNSPECIFIED., .F., .U., (2, 2), (0., 1.), .UNSPECIFIED.);
#822 = EDGE_CURVE ('', #752, #793, #821, .T.);
#823 = ORIENTED_EDGE ('', *, *, #822, .T.);
#824 = EDGE_LOOP ('', (#798, #805, #812, #817, #818, #823));
#825 = FACE_OUTER_BOUND ('', #824, .T.);
#826 = CARTESIAN_POINT ('', (26.6223672552783, 21.9828191022818, -1.49999999999998));
#827 = CARTESIAN_POINT ('', (26.6223672552783, 21.9828191022818, -13.));
#828 = CARTESIAN_POINT ('', (8.65031189261832, -9.00348324713204, -1.49999999999998));
#829 = CARTESIAN_POINT ('', (8.65031189261832, -9.00348324713204, -13.));
#830 = B_SPLINE_SURFACE_WITH_KNOTS ('', 1, 1, ((#826, #827), (#828, #829)), .UNSPECIFIED., .F., .F., .U., (2, 2), (2, 2), (3.79441107253185, 7.37651339832853), (0.149999999999999, 1.3), .UNSPECIFIED.);
#831 = ADVANCED_FACE ('', (#825), #830, .T.);
#832 = CARTESIAN_POINT ('', (27.9720553626602, 27.0000000000003, -1.50000000000002));
#833 = VERTEX_POINT ('', #832);
#834 = CARTESIAN_POINT ('', (17.9720553626602, 37.0000000000001, -1.49999999999999));
#835 = VERTEX_POINT ('', #834);
#836 = CARTESIAN_POINT ('', (27.9720553626602, 27.0000000000003, -1.50000000000002));
#837 = CARTESIAN_POINT ('', (27.9720553626602, 37.0000000000002, -1.50000000000001));
#838 = CARTESIAN_POINT ('', (17.9720553626603, 37.0000000000002, -1.50000000000002));
#839 = (
   BOUNDED_CURVE ()
   B_SPLINE_CURVE (2, (#836, #837, #838), .UNSPECIFIED., .F., .U.)
   B_SPLINE_CURVE_WITH_KNOTS ((3, 3), (0., 1.5707963267949), .UNSPECIFIED.)
   CURVE ()
   GEOMETRIC_REPRESENTATION_ITEM ()
   RATIONAL_B_SPLINE_CURVE ((1., 0.707106781186547, 1.))
   REPRESENTATION_ITEM ('')
);
#840 = EDGE_CURVE ('', #833, #835, #839, .T.);
#841 = ORIENTED_EDGE ('', *, *, #840, .F.);
#842 = CARTESIAN_POINT ('', (26.6223672552781, 21.9828191022817, -1.50000000000002));
#843 = CARTESIAN_POINT ('', (27.9720553626602, 24.3098675632852, -1.50000000000002));
#844 = CARTESIAN_POINT ('', (27.9720553626602, 27.0000000000003, -1.50000000000002));
#845 = (
   BOUNDED_CURVE ()
   B_SPLINE_CURVE (2, (#842, #843, #844), .UNSPECIFIED., .F., .U.)
   B_SPLINE_CURVE_WITH_KNOTS ((3, 3), (0., 0.525583793551634), .UNSPECIFIED.)
   CURVE ()
   GEOMETRIC_REPRESENTATION_ITEM ()
   RATIONAL_B_SPLINE_CURVE ((1., 0.965668470351425, 1.))
   REPRESENTATION_ITEM ('')
);
#846 = EDGE_CURVE ('', #807, #833, #845, .T.);
#847 = ORIENTED_EDGE ('', *, *, #846, .F.);
#848 = ORIENTED_EDGE ('', *, *, #811, .T.);
#849 = CARTESIAN_POINT ('', (17.9720553626602, 37.0000000000001, -10.));
#850 = VERTEX_POINT ('', #849);
#851 = CARTESIAN_POINT ('', (17.9720553626602, 37.0000000000002, -10.));
#852 = CARTESIAN_POINT ('', (23.7521766779302, 37.0000000000002, -10.));
#853 = CARTESIAN_POINT ('', (26.6372676790776, 31.9914021588537, -10.));
#854 = CARTESIAN_POINT ('', (29.522358680225, 26.9828043177072, -10.));
#855 = CARTESIAN_POINT ('', (26.6223672552781, 21.9828191022817, -10.));
#856 = (
   BOUNDED_CURVE ()
   B_SPLINE_CURVE (2, (#851, #852, #853, #854, #855), .UNSPECIFIED., .F., .U.)
   B_SPLINE_CURVE_WITH_KNOTS ((3, 2, 3), (0., 1.04819006017327, 2.09638012034653), .UNSPECIFIED.)
   CURVE ()
   GEOMETRIC_REPRESENTATION_ITEM ()
   RATIONAL_B_SPLINE_CURVE ((1., 0.865777169913061, 1., 0.865777169913064, 1.))
   REPRESENTATION_ITEM ('')
);
#857 = EDGE_CURVE ('', #850, #800, #856, .T.);
#858 = ORIENTED_EDGE ('', *, *, #857, .F.);
#859 = CARTESIAN_POINT ('', (17.9720553626602, 37.0000000000001, -1.50000000000002));
#860 = CARTESIAN_POINT ('', (17.9720553626602, 37.0000000000001, -10.));
#861 = B_SPLINE_CURVE_WITH_KNOTS ('', 1, (#859, #860), .UNSPECIFIED., .F., .U., (2, 2), (0.150000000000002, 1.), .UNSPECIFIED.);
#862 = EDGE_CURVE ('', #835, #850, #861, .T.);
#863 = ORIENTED_EDGE ('', *, *, #862, .F.);
#864 = EDGE_LOOP ('', (#841, #847, #848, #858, #863));
#865 = FACE_OUTER_BOUND ('', #864, .T.);
#866 = CARTESIAN_POINT ('', (17.9720553626602, 37.0000000000001, -1.4999999999999));
#867 = CARTESIAN_POINT ('', (17.9720553626602, 37.0000000000002, -9.99999999999997));
#868 = CARTESIAN_POINT ('', (23.7521766779302, 37.0000000000001, -1.49999999999986));
#869 = CARTESIAN_POINT ('', (23.7521766779303, 37.0000000000001, -9.99999999999993));
#870 = CARTESIAN_POINT ('', (26.6372676790776, 31.9914021588536, -1.49999999999987));
#871 = CARTESIAN_POINT ('', (26.6372676790777, 31.9914021588536, -9.99999999999994));
#872 = CARTESIAN_POINT ('', (29.5223586802251, 26.9828043177071, -1.49999999999988));
#873 = CARTESIAN_POINT ('', (29.5223586802251, 26.9828043177071, -9.99999999999994));
#874 = CARTESIAN_POINT ('', (26.6223672552782, 21.9828191022815, -1.49999999999993));
#875 = CARTESIAN_POINT ('', (26.6223672552783, 21.9828191022816, -10.));
#876 = (
   BOUNDED_SURFACE ()
   B_SPLINE_SURFACE (2, 1, ((#866, #867), (#868, #869), (#870, #871), (#872, #873), (#874, #875)), .UNSPECIFIED., .F., .F., .U.)
   B_SPLINE_SURFACE_WITH_KNOTS ((3, 2, 3), (2, 2), (0., 1.04819006017326, 2.09638012034652), (0., 0.850000000000007), .UNSPECIFIED.)
   GEOMETRIC_REPRESENTATION_ITEM ()
   RATIONAL_B_SPLINE_SURFACE (((1., 1.), (0.865777169913065, 0.865777169913065), (1., 1.), (0.865777169913065, 0.865777169913065), (1., 1.)))
   REPRESENTATION_ITEM ('')
   SURFACE ()
);
#877 = ADVANCED_FACE ('', (#865), #876, .T.);
#878 = CARTESIAN_POINT ('', (17.9720553626602, 37.0000000000004, -13.));
#879 = VERTEX_POINT ('', #878);
#880 = CARTESIAN_POINT ('', (17.9720553626602, 37.0000000000004, -10.));
#881 = CARTESIAN_POINT ('', (17.9720553626602, 37.0000000000004, -13.));
#882 = B_SPLINE_CURVE_WITH_KNOTS ('', 1, (#880, #881), .UNSPECIFIED., .F., .U., (2, 2), (0., 1.), .UNSPECIFIED.);
#883 = EDGE_CURVE ('', #850, #879, #882, .T.);
#884 = ORIENTED_EDGE ('', *, *, #883, .F.);
#885 = ORIENTED_EDGE ('', *, *, #857, .T.);
#886 = ORIENTED_EDGE ('', *, *, #804, .T.);
#887 = CARTESIAN_POINT ('', (17.9720553626602, 37.0000000000004, -13.));
#888 = CARTESIAN_POINT ('', (23.7521766779302, 37.0000000000005, -13.));
#889 = CARTESIAN_POINT ('', (26.6372676790776, 31.9914021588539, -13.));
#890 = CARTESIAN_POINT ('', (29.522358680225, 26.9828043177074, -13.));
#891 = CARTESIAN_POINT ('', (26.6223672552781, 21.9828191022819, -13.));
#892 = (
   BOUNDED_CURVE ()
   B_SPLINE_CURVE (2, (#887, #888, #889, #890, #891), .UNSPECIFIED., .F., .U.)
   B_SPLINE_CURVE_WITH_KNOTS ((3, 2, 3), (0., 1.04819006017327, 2.09638012034653), .UNSPECIFIED.)
   CURVE ()
   GEOMETRIC_REPRESENTATION_ITEM ()
   RATIONAL_B_SPLINE_CURVE ((1., 0.865777169913061, 1., 0.865777169913059, 1.))
   REPRESENTATION_ITEM ('')
);
#893 = EDGE_CURVE ('', #879, #791, #892, .T.);
#894 = ORIENTED_EDGE ('', *, *, #893, .F.);
#895 = EDGE_LOOP ('', (#884, #885, #886, #894));
#896 = FACE_OUTER_BOUND ('', #895, .T.);
#897 = CARTESIAN_POINT ('', (17.9720553626602, 37.0000000000002, -10.));
#898 = CARTESIAN_POINT ('', (17.9720553626602, 37.0000000000002, -13.0000000000001));
#899 = CARTESIAN_POINT ('', (23.7521766779302, 37.0000000000002, -9.99999999999994));
#900 = CARTESIAN_POINT ('', (23.7521766779303, 37.0000000000002, -13.));
#901 = CARTESIAN_POINT ('', (26.6372676790777, 31.9914021588537, -9.99999999999991));
#902 = CARTESIAN_POINT ('', (26.6372676790777, 31.9914021588537, -13.));
#903 = CARTESIAN_POINT ('', (29.5223586802251, 26.9828043177072, -9.99999999999988));
#904 = CARTESIAN_POINT ('', (29.5223586802251, 26.9828043177072, -13.));
#905 = CARTESIAN_POINT ('', (26.6223672552784, 21.9828191022816, -9.99999999999991));
#906 = CARTESIAN_POINT ('', (26.6223672552784, 21.9828191022816, -13.));
#907 = (
   BOUNDED_SURFACE ()
   B_SPLINE_SURFACE (2, 1, ((#897, #898), (#899, #900), (#901, #902), (#903, #904), (#905, #906)), .UNSPECIFIED., .F., .F., .U.)
   B_SPLINE_SURFACE_WITH_KNOTS ((3, 2, 3), (2, 2), (0., 1.04819006017326, 2.09638012034652), (0., 0.300000000000009), .UNSPECIFIED.)
   GEOMETRIC_REPRESENTATION_ITEM ()
   RATIONAL_B_SPLINE_SURFACE (((1., 1.), (0.865777169913069, 0.865777169913069), (1., 1.), (0.865777169913069, 0.865777169913069), (1., 1.)))
   REPRESENTATION_ITEM ('')
   SURFACE ()
);
#908 = ADVANCED_FACE ('', (#896), #907, .T.);
#909 = ORIENTED_EDGE ('', *, *, #822, .F.);
#910 = ORIENTED_EDGE ('', *, *, #759, .T.);
#911 = ORIENTED_EDGE ('', *, *, #674, .T.);
#912 = CARTESIAN_POINT ('', (8.65031189261831, -9.00348324713173, -13.));
#913 = CARTESIAN_POINT ('', (5.76027681329496, -13.9863023494134, -13.));
#914 = CARTESIAN_POINT ('', (1.2401191185063E-13, -13.9863023494133, -13.));
#915 = CARTESIAN_POINT ('', (-5.76027681329472, -13.9863023494132, -13.));
#916 = CARTESIAN_POINT ('', (-8.65031189261792, -9.00348324713148, -13.));
#917 = (
   BOUNDED_CURVE ()
   B_SPLINE_CURVE (2, (#912, #913, #914, #915, #916), .UNSPECIFIED., .F., .U.)
   B_SPLINE_CURVE_WITH_KNOTS ((3, 2, 3), (0., 1.0452125332433, 2.0904250664866), .UNSPECIFIED.)
   CURVE ()
   GEOMETRIC_REPRESENTATION_ITEM ()
   RATIONAL_B_SPLINE_CURVE ((1., 0.866521231641738, 1., 0.86652123164174, 1.))
   REPRESENTATION_ITEM ('')
);
#918 = EDGE_CURVE ('', #793, #661, #917, .T.);
#919 = ORIENTED_EDGE ('', *, *, #918, .F.);
#920 = EDGE_LOOP ('', (#909, #910, #911, #919));
#921 = FACE_OUTER_BOUND ('', #920, .T.);
#922 = CARTESIAN_POINT ('', (8.65031189261834, -9.00348324713171, -10.));
#923 = CARTESIAN_POINT ('', (8.65031189261833, -9.00348324713175, -13.0000000000001));
#924 = CARTESIAN_POINT ('', (5.76027681329499, -13.9863023494134, -9.99999999999993));
#925 = CARTESIAN_POINT ('', (5.76027681329498, -13.9863023494134, -13.));
#926 = CARTESIAN_POINT ('', (9.45910016980632E-14, -13.9863023494133, -9.99999999999991));
#927 = CARTESIAN_POINT ('', (8.40438829641242E-14, -13.9863023494133, -13.));
#928 = CARTESIAN_POINT ('', (-5.7602768132948, -13.9863023494132, -9.99999999999989));
#929 = CARTESIAN_POINT ('', (-5.76027681329481, -13.9863023494132, -13.));
#930 = CARTESIAN_POINT ('', (-8.65031189261795, -9.00348324713136, -9.99999999999994));
#931 = CARTESIAN_POINT ('', (-8.65031189261796, -9.0034832471314, -13.));
#932 = (
   BOUNDED_SURFACE ()
   B_SPLINE_SURFACE (2, 1, ((#922, #923), (#924, #925), (#926, #927), (#928, #929), (#930, #931)), .UNSPECIFIED., .F., .F., .U.)
   B_SPLINE_SURFACE_WITH_KNOTS ((3, 2, 3), (2, 2), (0., 1.04521253324331, 2.09042506648662), (0., 0.300000000000007), .UNSPECIFIED.)
   GEOMETRIC_REPRESENTATION_ITEM ()
   RATIONAL_B_SPLINE_SURFACE (((1., 1.), (0.866521231641737, 0.866521231641737), (1., 1.), (0.866521231641737, 0.866521231641737), (1., 1.)))
   REPRESENTATION_ITEM ('')
   SURFACE ()
);
#933 = ADVANCED_FACE ('', (#921), #932, .T.);
#934 = CARTESIAN_POINT ('', (-0.499999999999038, 37.0000000000004, -13.));
#935 = VERTEX_POINT ('', #934);
#936 = CARTESIAN_POINT ('', (0.500000000000736, 37.0000000000004, -13.));
#937 = VERTEX_POINT ('', #936);
#938 = CARTESIAN_POINT ('', (-0.499999999999061, 37.0000000000001, -13.));
#939 = CARTESIAN_POINT ('', (-0.499999999999052, 36.5000000000002, -13.));
#940 = CARTESIAN_POINT ('', (8.56589714055177E-13, 36.5000000000002, -13.));
#941 = CARTESIAN_POINT ('', (0.500000000000765, 36.5000000000002, -13.));
#942 = CARTESIAN_POINT ('', (0.500000000000757, 37.0000000000001, -13.));
#943 = (
   BOUNDED_CURVE ()
   B_SPLINE_CURVE (2, (#938, #939, #940, #941, #942), .UNSPECIFIED., .F., .U.)
   B_SPLINE_CURVE_WITH_KNOTS ((3, 2, 3), (0., 1.57079632679489, 3.14159265358979), .UNSPECIFIED.)
   CURVE ()
   GEOMETRIC_REPRESENTATION_ITEM ()
   RATIONAL_B_SPLINE_CURVE ((1., 0.707106781186543, 1., 0.707106781186539, 1.))
   REPRESENTATION_ITEM ('')
);
#944 = EDGE_CURVE ('', #935, #937, #943, .T.);
#945 = ORIENTED_EDGE ('', *, *, #944, .T.);
#946 = CARTESIAN_POINT ('', (0.500000000000728, 37.0000000000004, -13.));
#947 = CARTESIAN_POINT ('', (17.9720553626602, 37.0000000000004, -13.));
#948 = B_SPLINE_CURVE_WITH_KNOTS ('', 1, (#946, #947), .UNSPECIFIED., .F., .U., (2, 2), (19.4720553626592, 36.9441107253187), .UNSPECIFIED.);
#949 = EDGE_CURVE ('', #937, #879, #948, .T.);
#950 = ORIENTED_EDGE ('', *, *, #949, .T.);
#951 = ORIENTED_EDGE ('', *, *, #893, .T.);
#952 = ORIENTED_EDGE ('', *, *, #797, .T.);
#953 = ORIENTED_EDGE ('', *, *, #918, .T.);
#954 = ORIENTED_EDGE ('', *, *, #667, .T.);
#955 = CARTESIAN_POINT ('', (-17.9720553626585, 37.0000000000004, -13.));
#956 = VERTEX_POINT ('', #955);
#957 = CARTESIAN_POINT ('', (-26.6223672552767, 21.9828191022821, -13.));
#958 = CARTESIAN_POINT ('', (-29.5223586802233, 26.9828043177076, -13.));
#959 = CARTESIAN_POINT ('', (-26.6372676790759, 31.991402158854, -13.));
#960 = CARTESIAN_POINT ('', (-23.7521766779284, 37.0000000000004, -13.));
#961 = CARTESIAN_POINT ('', (-17.9720553626585, 37.0000000000003, -13.));
#962 = (
   BOUNDED_CURVE ()
   B_SPLINE_CURVE (2, (#957, #958, #959, #960, #961), .UNSPECIFIED., .F., .U.)
   B_SPLINE_CURVE_WITH_KNOTS ((3, 2, 3), (0., 1.04819006017324, 2.09638012034649), .UNSPECIFIED.)
   CURVE ()
   GEOMETRIC_REPRESENTATION_ITEM ()
   RATIONAL_B_SPLINE_CURVE ((1., 0.865777169913068, 1., 0.865777169913074, 1.))
   REPRESENTATION_ITEM ('')
);
#963 = EDGE_CURVE ('', #663, #956, #962, .T.);
#964 = ORIENTED_EDGE ('', *, *, #963, .T.);
#965 = CARTESIAN_POINT ('', (-17.9720553626585, 37.0000000000004, -13.));
#966 = CARTESIAN_POINT ('', (-0.499999999999037, 37.0000000000003, -13.));
#967 = B_SPLINE_CURVE_WITH_KNOTS ('', 1, (#965, #966), .UNSPECIFIED., .F., .U., (2, 2), (1., 18.4720553626594), .UNSPECIFIED.);
#968 = EDGE_CURVE ('', #956, #935, #967, .T.);
#969 = ORIENTED_EDGE ('', *, *, #968, .T.);
#970 = EDGE_LOOP ('', (#945, #950, #951, #952, #953, #954, #964, #969));
#971 = FACE_OUTER_BOUND ('', #970, .T.);
#972 = CARTESIAN_POINT ('', (17.9720553626602, 34.2500000000002, -13.));
#973 = VERTEX_POINT ('', #972);
#974 = CARTESIAN_POINT ('', (-17.9720553626585, 34.2500000000002, -13.));
#975 = VERTEX_POINT ('', #974);
#976 = CARTESIAN_POINT ('', (17.9720553626602, 34.2500000000002, -13.));
#977 = CARTESIAN_POINT ('', (-17.9720553626585, 34.2500000000001, -13.));
#978 = B_SPLINE_CURVE_WITH_KNOTS ('', 1, (#976, #977), .UNSPECIFIED., .F., .U., (2, 2), (0., 1.), .UNSPECIFIED.);
#979 = EDGE_CURVE ('', #973, #975, #978, .T.);
#980 = ORIENTED_EDGE ('', *, *, #979, .T.);
#981 = CARTESIAN_POINT ('', (-24.2435314848067, 23.3625438491544, -13.));
#982 = VERTEX_POINT ('', #981);
#983 = CARTESIAN_POINT ('', (-17.9720553626585, 34.2500000000001, -13.));
#984 = CARTESIAN_POINT ('', (-18.5507529181966, 34.2500000000001, -13.));
#985 = CARTESIAN_POINT ('', (-19.1335534848345, 34.1797153824487, -13.));
#986 = CARTESIAN_POINT ('', (-20.2535713691871, 33.9055844848237, -13.));
#987 = CARTESIAN_POINT ('', (-20.7989234205648, 33.700837958664, -13.));
#988 = CARTESIAN_POINT ('', (-21.815209123165, 33.1739756374283, -13.));
#989 = CARTESIAN_POINT ('', (-22.2936445080351, 32.8490745641528, -13.));
#990 = CARTESIAN_POINT ('', (-23.1521918988085, 32.1038804719423, -13.));
#991 = CARTESIAN_POINT ('', (-23.5387920176, 31.6791936719437, -13.));
#992 = CARTESIAN_POINT ('', (-24.0148763091943, 31.0137488552346, -13.));
#993 = CARTESIAN_POINT ('', (-24.150850991007, 30.8010984528016, -13.));
#994 = CARTESIAN_POINT ('', (-24.4011758098024, 30.3606375326918, -13.));
#995 = CARTESIAN_POINT ('', (-24.5155779667247, 30.1320578347304, -13.));
#996 = CARTESIAN_POINT ('', (-24.7192361131273, 29.665114276226, -13.));
#997 = CARTESIAN_POINT ('', (-24.808810957363, 29.4261193546726, -13.));
#998 = CARTESIAN_POINT ('', (-24.9620053833166, 28.9410550132998, -13.));
#999 = CARTESIAN_POINT ('', (-25.0258735935461, 28.6943270704186, -13.));
#1000 = CARTESIAN_POINT ('', (-25.1271335733213, 28.1965658783652, -13.));
#1001 = CARTESIAN_POINT ('', (-25.1647019064437, 27.9448543793327, -13.));
#1002 = CARTESIAN_POINT ('', (-25.2131327774579, 27.4399245961616, -13.));
#1003 = CARTESIAN_POINT ('', (-25.2240987834947, 27.1860161276135, -13.));
#1004 = CARTESIAN_POINT ('', (-25.2193881861258, 26.6794898324162, -13.));
#1005 = CARTESIAN_POINT ('', (-25.2037417317834, 26.4261776579421, -13.));
#1006 = CARTESIAN_POINT ('', (-25.1461594708891, 25.9236099794655, -13.));
#1007 = CARTESIAN_POINT ('', (-25.1041810681608, 25.6736636350643, -13.));
#1008 = CARTESIAN_POINT ('', (-24.9945726243936, 25.180532399502, -13.));
#1009 = CARTESIAN_POINT ('', (-24.9268285957271, 24.9366676668019, -13.));
#1010 = CARTESIAN_POINT ('', (-24.7666023841766, 24.4583141294558, -13.));
#1011 = CARTESIAN_POINT ('', (-24.6739369301602, 24.2231637161464, -13.));
#1012 = CARTESIAN_POINT ('', (-24.4712290222628, 23.7783053105185, -13.));
#1013 = CARTESIAN_POINT ('', (-24.3623390593524, 23.5673844949228, -13.));
#1014 = CARTESIAN_POINT ('', (-24.2435314848067, 23.3625438491544, -13.));
#1015 = B_SPLINE_CURVE_WITH_KNOTS ('', 3, (#983, #984, #985, #986, #987, #988, #989, #990, #991, #992, #993, #994, #995, #996, #997, #998, #999, #1000, #1001, #1002, #1003, #1004, #1005, #1006, #1007, #1008, #1009, #1010, #1011, #1012, #1013, #1014), .UNSPECIFIED., .F., .U., (4, 2, 2, 2, 2, 2, 2, 2, 2, 2, 2, 2, 2, 2, 2, 4), (0., 1.73609266661433, 3.45923261616225, 5.1703006995714, 6.8697693357156, 7.62494069580121, 8.38964269670335, 9.15321303632983, 9.91568448077472, 10.6770824829578, 11.4374258243687, 12.1967270786067, 12.9549929213933, 13.7122243032464, 14.4684164939714, 15.1788208642806), .UNSPECIFIED.);
#1016 = EDGE_CURVE ('', #975, #982, #1015, .T.);
#1017 = ORIENTED_EDGE ('', *, *, #1016, .T.);
#1018 = CARTESIAN_POINT ('', (-6.27147612214792, -7.6237585002592, -13.));
#1019 = VERTEX_POINT ('', #1018);
#1020 = CARTESIAN_POINT ('', (-24.2435314848067, 23.3625438491544, -13.));
#1021 = CARTESIAN_POINT ('', (-6.27147612214792, -7.62375850025922, -13.));
#1022 = B_SPLINE_CURVE_WITH_KNOTS ('', 1, (#1020, #1021), .UNSPECIFIED., .F., .U., (2, 2), (0., 1.), .UNSPECIFIED.);
#1023 = EDGE_CURVE ('', #982, #1019, #1022, .T.);
#1024 = ORIENTED_EDGE ('', *, *, #1023, .T.);
#1025 = CARTESIAN_POINT ('', (6.27147612214835, -7.6237585002594, -13.));
#1026 = VERTEX_POINT ('', #1025);
#1027 = CARTESIAN_POINT ('', (-6.27147612214792, -7.62375850025922, -13.));
#1028 = CARTESIAN_POINT ('', (-5.98114709252175, -8.12432579271816, -13.));
#1029 = CARTESIAN_POINT ('', (-5.62796736495153, -8.59318219359901, -13.));
#1030 = CARTESIAN_POINT ('', (-4.82894910805575, -9.42446688034501, -13.));
#1031 = CARTESIAN_POINT ('', (-4.37825090346574, -9.7934791144151, -13.));
#1032 = CARTESIAN_POINT ('', (-3.41266540126478, -10.4082563513126, -13.));
#1033 = CARTESIAN_POINT ('', (-2.89160577625823, -10.659112430497, -13.));
#1034 = CARTESIAN_POINT ('', (-1.81629813330484, -11.0279246562688, -13.));
#1035 = CARTESIAN_POINT ('', (-1.25499512705984, -11.1492885180796, -13.));
#1036 = CARTESIAN_POINT ('', (-0.440523878689723, -11.2272834532999, -13.));
#1037 = CARTESIAN_POINT ('', (-0.188346594076353, -11.2382258318446, -13.));
#1038 = CARTESIAN_POINT ('', (0.318249923127915, -11.2337973059598, -13.));
#1039 = CARTESIAN_POINT ('', (0.573360618664545, -11.2180880044021, -13.));
#1040 = CARTESIAN_POINT ('', (1.07943157810109, -11.1600114133237, -13.));
#1041 = CARTESIAN_POINT ('', (1.33109756964475, -11.1176033194691, -13.));
#1042 = CARTESIAN_POINT ('', (1.82752958544545, -11.0067883558853, -13.));
#1043 = CARTESIAN_POINT ('', (2.0729898662644, -10.9382661846985, -13.));
#1044 = CARTESIAN_POINT ('', (2.55435384152126, -10.7761611857334, -13.));
#1045 = CARTESIAN_POINT ('', (2.79093271096588, -10.6823908470147, -13.));
#1046 = CARTESIAN_POINT ('', (3.25199824372421, -10.4709947695081, -13.));
#1047 = CARTESIAN_POINT ('', (3.47713374580334, -10.3531123257056, -13.));
#1048 = CARTESIAN_POINT ('', (3.91292460031129, -10.0949497900499, -13.));
#1049 = CARTESIAN_POINT ('', (4.12419562333119, -9.95434750190786, -13.));
#1050 = CARTESIAN_POINT ('', (4.53004222810945, -9.6524381878521, -13.));
#1051 = CARTESIAN_POINT ('', (4.72519396696278, -9.49074781673097, -13.));
#1052 = CARTESIAN_POINT ('', (5.09678236605502, -9.1485705762274, -13.));
#1053 = CARTESIAN_POINT ('', (5.27374987086706, -8.96764413973781, -13.));
#1054 = CARTESIAN_POINT ('', (5.60716660109186, -8.5890962452286, -13.));
#1055 = CARTESIAN_POINT ('', (5.7640961604114, -8.39098444841717, -13.));
#1056 = CARTESIAN_POINT ('', (6.0390460989239, -8.00401283396785, -13.));
#1057 = CARTESIAN_POINT ('', (6.15976599795025, -7.81636216266991, -13.));
#1058 = CARTESIAN_POINT ('', (6.27147612214835, -7.6237585002594, -13.));
#1059 = B_SPLINE_CURVE_WITH_KNOTS ('', 3, (#1027, #1028, #1029, #1030, #1031, #1032, #1033, #1034, #1035, #1036, #1037, #1038, #1039, #1040, #1041, #1042, #1043, #1044, #1045, #1046, #1047, #1048, #1049, #1050, #1051, #1052, #1053, #1054, #1055, #1056, #1057, #1058), .UNSPECIFIED., .F., .U., (4, 2, 2, 2, 2, 2, 2, 2, 2, 2, 2, 2, 2, 2, 2, 4), (0., 1.73600893935204, 3.45907207895996, 5.1700674300612, 6.86946514484756, 7.62465896819423, 8.3893127647638, 9.15283643097359, 9.91526241078567, 10.6766158658922, 11.4369153093621, 12.1961730623151, 12.9543955579034, 13.7115835084738, 14.4677319447918, 15.1356974406077), .UNSPECIFIED.);
#1060 = EDGE_CURVE ('', #1019, #1026, #1059, .T.);
#1061 = ORIENTED_EDGE ('', *, *, #1060, .T.);
#1062 = CARTESIAN_POINT ('', (24.2435314848081, 23.3625438491543, -13.));
#1063 = VERTEX_POINT ('', #1062);
#1064 = CARTESIAN_POINT ('', (6.27147612214837, -7.62375850025941, -13.));
#1065 = CARTESIAN_POINT ('', (24.2435314848082, 23.3625438491543, -13.));
#1066 = B_SPLINE_CURVE_WITH_KNOTS ('', 1, (#1064, #1065), .UNSPECIFIED., .F., .U., (2, 2), (0., 1.), .UNSPECIFIED.);
#1067 = EDGE_CURVE ('', #1026, #1063, #1066, .T.);
#1068 = ORIENTED_EDGE ('', *, *, #1067, .T.);
#1069 = CARTESIAN_POINT ('', (24.2435314848081, 23.3625438491543, -13.));
#1070 = CARTESIAN_POINT ('', (24.5338745169284, 23.8631352838444, -13.));
#1071 = CARTESIAN_POINT ('', (24.7654777176325, 24.4025390151636, -13.));
#1072 = CARTESIAN_POINT ('', (25.0902791746943, 25.5089258479635, -13.));
#1073 = CARTESIAN_POINT ('', (25.1867800331435, 26.0833974175254, -13.));
#1074 = CARTESIAN_POINT ('', (25.2409166141988, 27.2268526048585, -13.));
#1075 = CARTESIAN_POINT ('', (25.1999067397671, 27.8037228806665, -13.));
#1076 = CARTESIAN_POINT ('', (24.9860393648289, 28.9202705075978, -13.));
#1077 = CARTESIAN_POINT ('', (24.812636310268, 29.4677647181715, -13.));
#1078 = CARTESIAN_POINT ('', (24.4758658904311, 30.2134581814061, -13.));
#1079 = CARTESIAN_POINT ('', (24.3601376175339, 30.4377710758219, -13.));
#1080 = CARTESIAN_POINT ('', (24.1047176738965, 30.8752970629828, -13.));
#1081 = CARTESIAN_POINT ('', (23.9643867375648, 31.0889410662611, -13.));
#1082 = CARTESIAN_POINT ('', (23.6626449720132, 31.4993857450507, -13.));
#1083 = CARTESIAN_POINT ('', (23.5008482305359, 31.6967788545948, -13.));
#1084 = CARTESIAN_POINT ('', (23.1581128612029, 32.0726623658357, -13.));
#1085 = CARTESIAN_POINT ('', (22.9767293317817, 32.2516982318822, -13.));
#1086 = CARTESIAN_POINT ('', (22.5969543394747, 32.5890270670514, -13.));
#1087 = CARTESIAN_POINT ('', (22.3980647544457, 32.7478130593991, -13.));
#1088 = CARTESIAN_POINT ('', (21.9855833877068, 33.0430396796309, -13.));
#1089 = CARTESIAN_POINT ('', (21.7714464867963, 33.1799160886912, -13.));
#1090 = CARTESIAN_POINT ('', (21.3309220513558, 33.4299746802927, -13.));
#1091 = CARTESIAN_POINT ('', (21.1039490106316, 33.5435313095783, -13.));
#1092 = CARTESIAN_POINT ('', (20.6403222320937, 33.7458681535829, -13.));
#1093 = CARTESIAN_POINT ('', (20.4030495245159, 33.834958128406, -13.));
#1094 = CARTESIAN_POINT ('', (19.9214830863254, 33.9875562674542, -13.));
#1095 = CARTESIAN_POINT ('', (19.676544081923, 34.0513069176244, -13.));
#1096 = CARTESIAN_POINT ('', (19.1823649638342, 34.1527048702889, -13.));
#1097 = CARTESIAN_POINT ('', (18.9324605875768, 34.1905255785722, -13.));
#1098 = CARTESIAN_POINT ('', (18.4459419675715, 34.2383704254215, -13.));
#1099 = CARTESIAN_POINT ('', (18.20885681943, 34.2500000000002, -13.));
#1100 = CARTESIAN_POINT ('', (17.9720553626602, 34.2500000000002, -13.));
#1101 = B_SPLINE_CURVE_WITH_KNOTS ('', 3, (#1069, #1070, #1071, #1072, #1073, #1074, #1075, #1076, #1077, #1078, #1079, #1080, #1081, #1082, #1083, #1084, #1085, #1086, #1087, #1088, #1089, #1090, #1091, #1092, #1093, #1094, #1095, #1096, #1097, #1098, #1099, #1100), .UNSPECIFIED., .F., .U., (4, 2, 2, 2, 2, 2, 2, 2, 2, 2, 2, 2, 2, 2, 2, 4), (0., 1.73609266661434, 3.45923261616229, 5.17030069957124, 6.86976933571557, 7.62494069580123, 8.38964269670317, 9.15321303632957, 9.9156844807744, 10.6770824829573, 11.4374258243683, 12.1967270786064, 12.9549929213932, 13.7122243032466, 14.4684164939715, 15.1788208642808), .UNSPECIFIED.);
#1102 = EDGE_CURVE ('', #1063, #973, #1101, .T.);
#1103 = ORIENTED_EDGE ('', *, *, #1102, .T.);
#1104 = EDGE_LOOP ('', (#980, #1017, #1024, #1061, #1068, #1103));
#1105 = FACE_BOUND ('', #1104, .T.);
#1106 = CARTESIAN_POINT ('', (-29.5223586802233, -13.9863023494134, -13.));
#1107 = CARTESIAN_POINT ('', (29.522358680225, -13.9863023494134, -13.));
#1108 = CARTESIAN_POINT ('', (-29.5223586802233, 37.0000000000005, -13.));
#1109 = CARTESIAN_POINT ('', (29.522358680225, 37.0000000000005, -13.));
#1110 = B_SPLINE_SURFACE_WITH_KNOTS ('', 1, 1, ((#1106, #1107), (#1108, #1109)), .UNSPECIFIED., .F., .F., .U., (2, 2), (2, 2), (0.313896289269879, 0.625119852086481), (0.319793685208975, 0.680206314791032), .UNSPECIFIED.);
#1111 = ADVANCED_FACE ('', (#971, #1105), #1110, .T.);
#1112 = ORIENTED_EDGE ('', *, *, #1102, .F.);
#1113 = CARTESIAN_POINT ('', (24.2435314848081, 23.3625438491543, -10.));
#1114 = VERTEX_POINT ('', #1113);
#1115 = CARTESIAN_POINT ('', (24.2435314848081, 23.3625438491543, -10.));
#1116 = CARTESIAN_POINT ('', (24.2435314848081, 23.3625438491543, -13.));
#1117 = B_SPLINE_CURVE_WITH_KNOTS ('', 1, (#1115, #1116), .UNSPECIFIED., .F., .U., (2, 2), (0.7, 1.), .UNSPECIFIED.);
#1118 = EDGE_CURVE ('', #1114, #1063, #1117, .T.);
#1119 = ORIENTED_EDGE ('', *, *, #1118, .F.);
#1120 = CARTESIAN_POINT ('', (17.9720553626602, 34.2500000000002, -10.));
#1121 = VERTEX_POINT ('', #1120);
#1122 = CARTESIAN_POINT ('', (17.9720553626602, 34.2500000000002, -10.));
#1123 = CARTESIAN_POINT ('', (22.162643316231, 34.2500000000002, -10.));
#1124 = CARTESIAN_POINT ('', (24.2543342920628, 30.618766565169, -10.));
#1125 = CARTESIAN_POINT ('', (26.3460252678947, 26.9875331303378, -10.));
#1126 = CARTESIAN_POINT ('', (24.2435314848081, 23.3625438491543, -10.));
#1127 = (
   BOUNDED_CURVE ()
   B_SPLINE_CURVE (2, (#1122, #1123, #1124, #1125, #1126), .UNSPECIFIED., .F., .U.)
   B_SPLINE_CURVE_WITH_KNOTS ((3, 2, 3), (0., 1.04819006017327, 2.09638012034655), .UNSPECIFIED.)
   CURVE ()
   GEOMETRIC_REPRESENTATION_ITEM ()
   RATIONAL_B_SPLINE_CURVE ((1., 0.865777169913057, 1., 0.865777169913057, 1.))
   REPRESENTATION_ITEM ('')
);
#1128 = EDGE_CURVE ('', #1121, #1114, #1127, .T.);
#1129 = ORIENTED_EDGE ('', *, *, #1128, .F.);
#1130 = CARTESIAN_POINT ('', (17.9720553626602, 34.2500000000002, -10.));
#1131 = CARTESIAN_POINT ('', (17.9720553626602, 34.2500000000002, -13.));
#1132 = B_SPLINE_CURVE_WITH_KNOTS ('', 1, (#1130, #1131), .UNSPECIFIED., .F., .U., (2, 2), (0.7, 1.), .UNSPECIFIED.);
#1133 = EDGE_CURVE ('', #1121, #973, #1132, .T.);
#1134 = ORIENTED_EDGE ('', *, *, #1133, .T.);
#1135 = EDGE_LOOP ('', (#1112, #1119, #1129, #1134));
#1136 = FACE_OUTER_BOUND ('', #1135, .T.);
#1137 = CARTESIAN_POINT ('', (17.9720553626602, 34.2500000000001, -9.99999999999995));
#1138 = CARTESIAN_POINT ('', (22.1626433162309, 34.2500000000001, -9.99999999999992));
#1139 = CARTESIAN_POINT ('', (24.2543342920628, 30.618766565169, -9.99999999999993));
#1140 = CARTESIAN_POINT ('', (26.3460252678947, 26.9875331303378, -9.99999999999995));
#1141 = CARTESIAN_POINT ('', (24.2435314848083, 23.3625438491543, -9.99999999999999));
#1142 = CARTESIAN_POINT ('', (17.9720553626602, 34.2500000000001, -13.0001875946866));
#1143 = CARTESIAN_POINT ('', (22.162643316231, 34.2500000000002, -13.0001875946865));
#1144 = CARTESIAN_POINT ('', (24.2543342920628, 30.618766565169, -13.0001875946866));
#1145 = CARTESIAN_POINT ('', (26.3460252678947, 26.9875331303378, -13.0001875946866));
#1146 = CARTESIAN_POINT ('', (24.2435314848083, 23.3625438491543, -13.0001875946866));
#1147 = (
   BOUNDED_SURFACE ()
   B_SPLINE_SURFACE (1, 2, ((#1137, #1138, #1139, #1140, #1141), (#1142, #1143, #1144, #1145, #1146)), .UNSPECIFIED., .F., .F., .U.)
   B_SPLINE_SURFACE_WITH_KNOTS ((2, 2), (3, 2, 3), (0., 0.300018759468662), (0., 0.759937793625606, 1.51987558725121), .UNSPECIFIED.)
   GEOMETRIC_REPRESENTATION_ITEM ()
   RATIONAL_B_SPLINE_SURFACE (((1., 0.865777169913065, 1., 0.865777169913065, 1.), (1., 0.865777169913065, 1., 0.865777169913065, 1.)))
   REPRESENTATION_ITEM ('')
   SURFACE ()
);
#1148 = ADVANCED_FACE ('', (#1136), #1147, .T.);
#1149 = ORIENTED_EDGE ('', *, *, #1128, .T.);
#1150 = CARTESIAN_POINT ('', (18.6506045246824, 13.7195663316958, -10.));
#1151 = VERTEX_POINT ('', #1150);
#1152 = CARTESIAN_POINT ('', (24.2435314848081, 23.3625438491542, -10.));
#1153 = CARTESIAN_POINT ('', (18.6506045246824, 13.7195663316957, -10.));
#1154 = B_SPLINE_CURVE_WITH_KNOTS ('', 1, (#1152, #1153), .UNSPECIFIED., .F., .U., (2, 2), (259.116425207821, 270.263974148441), .UNSPECIFIED.);
#1155 = EDGE_CURVE ('', #1114, #1151, #1154, .T.);
#1156 = ORIENTED_EDGE ('', *, *, #1155, .T.);
#1157 = CARTESIAN_POINT ('', (15.7448457306845, 15.4049064322146, -10.));
#1158 = VERTEX_POINT ('', #1157);
#1159 = CARTESIAN_POINT ('', (18.6506045246822, 13.7195663316962, -10.));
#1160 = CARTESIAN_POINT ('', (15.7448457306843, 15.4049064322151, -10.));
#1161 = B_SPLINE_CURVE_WITH_KNOTS ('', 1, (#1159, #1160), .UNSPECIFIED., .F., .U., (2, 2), (270.263974148441, 270.763974148441), .UNSPECIFIED.);
#1162 = EDGE_CURVE ('', #1151, #1158, #1161, .T.);
#1163 = ORIENTED_EDGE ('', *, *, #1162, .T.);
#1164 = CARTESIAN_POINT ('', (14.25, 18., -10.));
#1165 = VERTEX_POINT ('', #1164);
#1166 = CARTESIAN_POINT ('', (15.7448457306845, 15.4049064322146, -10.));
#1167 = CARTESIAN_POINT ('', (14.25, 16.2719169560116, -10.));
#1168 = CARTESIAN_POINT ('', (14.25, 18., -10.));
#1169 = (
   BOUNDED_CURVE ()
   B_SPLINE_CURVE (2, (#1166, #1167, #1168), .UNSPECIFIED., .F., .U.)
   B_SPLINE_CURVE_WITH_KNOTS ((3, 3), (0., 1.04521253324329), .UNSPECIFIED.)
   CURVE ()
   GEOMETRIC_REPRESENTATION_ITEM ()
   RATIONAL_B_SPLINE_CURVE ((1., 0.86652123164174, 1.))
   REPRESENTATION_ITEM ('')
);
#1170 = EDGE_CURVE ('', #1158, #1165, #1169, .T.);
#1171 = ORIENTED_EDGE ('', *, *, #1170, .T.);
#1172 = CARTESIAN_POINT ('', (14.25, 34.2500000000001, -10.));
#1173 = VERTEX_POINT ('', #1172);
#1174 = CARTESIAN_POINT ('', (14.25, 17.9999999999973, -10.));
#1175 = CARTESIAN_POINT ('', (14.25, 34.2499999999973, -10.));
#1176 = B_SPLINE_CURVE_WITH_KNOTS ('', 1, (#1174, #1175), .UNSPECIFIED., .F., .U., (2, 2), (270.928399136395, 271.667035500031), .UNSPECIFIED.);
#1177 = EDGE_CURVE ('', #1165, #1173, #1176, .T.);
#1178 = ORIENTED_EDGE ('', *, *, #1177, .T.);
#1179 = CARTESIAN_POINT ('', (14.25, 34.2500000000001, -10.));
#1180 = CARTESIAN_POINT ('', (17.9720553626602, 34.2500000000002, -10.));
#1181 = B_SPLINE_CURVE_WITH_KNOTS ('', 1, (#1179, #1180), .UNSPECIFIED., .F., .U., (2, 2), (254.394369845161, 258.116425207821), .UNSPECIFIED.);
#1182 = EDGE_CURVE ('', #1173, #1121, #1181, .T.);
#1183 = ORIENTED_EDGE ('', *, *, #1182, .T.);
#1184 = EDGE_LOOP ('', (#1149, #1156, #1163, #1171, #1178, #1183));
#1185 = FACE_OUTER_BOUND ('', #1184, .T.);
#1186 = CARTESIAN_POINT ('', (15.7500000000003, 17.9999999999997, -9.99999999999997));
#1187 = VERTEX_POINT ('', #1186);
#1188 = CARTESIAN_POINT ('', (18.7500000000003, 17.9999999999997, -9.99999999999998));
#1189 = VERTEX_POINT ('', #1188);
#1190 = CARTESIAN_POINT ('', (15.7500000000003, 17.9999999999997, -9.99999999999997));
#1191 = CARTESIAN_POINT ('', (15.7500000000003, 16.4999999999997, -9.99999999999997));
#1192 = CARTESIAN_POINT ('', (17.2500000000003, 16.4999999999997, -9.99999999999998));
#1193 = CARTESIAN_POINT ('', (18.7500000000003, 16.4999999999997, -9.99999999999998));
#1194 = CARTESIAN_POINT ('', (18.7500000000003, 17.9999999999997, -9.99999999999998));
#1195 = (
   BOUNDED_CURVE ()
   B_SPLINE_CURVE (2, (#1190, #1191, #1192, #1193, #1194), .UNSPECIFIED., .F., .U.)
   B_SPLINE_CURVE_WITH_KNOTS ((3, 2, 3), (-7.66480675578735E-30, 1.5707963267949, 3.14159265358979), .UNSPECIFIED.)
   CURVE ()
   GEOMETRIC_REPRESENTATION_ITEM ()
   RATIONAL_B_SPLINE_CURVE ((1., 0.707106781186546, 1., 0.707106781186549, 1.))
   REPRESENTATION_ITEM ('')
);
#1196 = EDGE_CURVE ('', #1187, #1189, #1195, .T.);
#1197 = ORIENTED_EDGE ('', *, *, #1196, .T.);
#1198 = CARTESIAN_POINT ('', (18.7500000000003, 17.9999999999997, -9.99999999999998));
#1199 = CARTESIAN_POINT ('', (18.7500000000003, 19.4999999999997, -9.99999999999998));
#1200 = CARTESIAN_POINT ('', (17.2500000000003, 19.4999999999997, -9.99999999999998));
#1201 = CARTESIAN_POINT ('', (15.7500000000003, 19.4999999999997, -9.99999999999997));
#1202 = CARTESIAN_POINT ('', (15.7500000000003, 17.9999999999997, -9.99999999999997));
#1203 = (
   BOUNDED_CURVE ()
   B_SPLINE_CURVE (2, (#1198, #1199, #1200, #1201, #1202), .UNSPECIFIED., .F., .U.)
   B_SPLINE_CURVE_WITH_KNOTS ((3, 2, 3), (3.14159265358979, 4.71238898038469, 6.28318530717959), .UNSPECIFIED.)
   CURVE ()
   GEOMETRIC_REPRESENTATION_ITEM ()
   RATIONAL_B_SPLINE_CURVE ((1., 0.707106781186546, 1., 0.707106781186549, 1.))
   REPRESENTATION_ITEM ('')
);
#1204 = EDGE_CURVE ('', #1189, #1187, #1203, .T.);
#1205 = ORIENTED_EDGE ('', *, *, #1204, .T.);
#1206 = EDGE_LOOP ('', (#1197, #1205));
#1207 = FACE_BOUND ('', #1206, .T.);
#1208 = CARTESIAN_POINT ('', (14.25, 13.7195663316958, -10.));
#1209 = CARTESIAN_POINT ('', (26.3460252678947, 13.7195663316958, -10.));
#1210 = CARTESIAN_POINT ('', (14.25, 34.2500000000002, -10.));
#1211 = CARTESIAN_POINT ('', (26.3460252678947, 34.2500000000002, -10.));
#1212 = B_SPLINE_SURFACE_WITH_KNOTS ('', 1, 1, ((#1208, #1209), (#1210, #1211)), .UNSPECIFIED., .F., .F., .U., (2, 2), (2, 2), (0.308486426440762, 0.71876264208558), (0.430067015899392, 0.671791645365817), .UNSPECIFIED.);
#1213 = ADVANCED_FACE ('', (#1185, #1207), #1212, .T.);
#1214 = CARTESIAN_POINT ('', (18.7500000000003, 18., -6.99999999999998));
#1215 = VERTEX_POINT ('', #1214);
#1216 = CARTESIAN_POINT ('', (18.7500000000003, 17.9999999999997, -9.99999999999998));
#1217 = CARTESIAN_POINT ('', (18.7500000000003, 17.9999999999997, -6.99999999999997));
#1218 = B_SPLINE_CURVE_WITH_KNOTS ('', 1, (#1216, #1217), .UNSPECIFIED., .F., .U., (2, 2), (0., 0.300000000000001), .UNSPECIFIED.);
#1219 = EDGE_CURVE ('', #1189, #1215, #1218, .T.);
#1220 = ORIENTED_EDGE ('', *, *, #1219, .T.);
#1221 = CARTESIAN_POINT ('', (15.7500000000006, 17.9999999999994, -6.99999999999995));
#1222 = VERTEX_POINT ('', #1221);
#1223 = CARTESIAN_POINT ('', (18.7500000000003, 18., -6.99999999999998));
#1224 = CARTESIAN_POINT ('', (18.75, 19.5, -6.99999999999998));
#1225 = CARTESIAN_POINT ('', (17.25, 19.4999999999997, -6.99999999999998));
#1226 = CARTESIAN_POINT ('', (15.75, 19.4999999999994, -6.99999999999998));
#1227 = CARTESIAN_POINT ('', (15.7500000000003, 17.9999999999994, -6.99999999999998));
#1228 = (
   BOUNDED_CURVE ()
   B_SPLINE_CURVE (2, (#1223, #1224, #1225, #1226, #1227), .UNSPECIFIED., .F., .U.)
   B_SPLINE_CURVE_WITH_KNOTS ((3, 2, 3), (3.14159265358979, 4.71238898038469, 6.28318530717959), .UNSPECIFIED.)
   CURVE ()
   GEOMETRIC_REPRESENTATION_ITEM ()
   RATIONAL_B_SPLINE_CURVE ((1., 0.707106781186549, 1., 0.70710678118655, 1.))
   REPRESENTATION_ITEM ('')
);
#1229 = EDGE_CURVE ('', #1215, #1222, #1228, .T.);
#1230 = ORIENTED_EDGE ('', *, *, #1229, .T.);
#1231 = CARTESIAN_POINT ('', (15.7500000000003, 17.9999999999997, -9.99999999999997));
#1232 = CARTESIAN_POINT ('', (15.7500000000003, 17.9999999999997, -6.99999999999997));
#1233 = B_SPLINE_CURVE_WITH_KNOTS ('', 1, (#1231, #1232), .UNSPECIFIED., .F., .U., (2, 2), (0.500000000000002, 1.50000000000001), .UNSPECIFIED.);
#1234 = EDGE_CURVE ('', #1187, #1222, #1233, .T.);
#1235 = ORIENTED_EDGE ('', *, *, #1234, .F.);
#1236 = ORIENTED_EDGE ('', *, *, #1204, .F.);
#1237 = EDGE_LOOP ('', (#1220, #1230, #1235, #1236));
#1238 = FACE_OUTER_BOUND ('', #1237, .T.);
#1239 = CARTESIAN_POINT ('', (18.7500000000003, 17.9999999999997, -9.99999999999998));
#1240 = CARTESIAN_POINT ('', (18.7500000000003, 19.4999999999997, -9.99999999999998));
#1241 = CARTESIAN_POINT ('', (17.2500000000003, 19.4999999999997, -9.99999999999998));
#1242 = CARTESIAN_POINT ('', (15.7500000000003, 19.4999999999997, -9.99999999999998));
#1243 = CARTESIAN_POINT ('', (15.7500000000003, 17.9999999999997, -9.99999999999998));
#1244 = CARTESIAN_POINT ('', (18.7500000000003, 17.9999999999997, -6.99999999999997));
#1245 = CARTESIAN_POINT ('', (18.7500000000003, 19.4999999999997, -6.99999999999997));
#1246 = CARTESIAN_POINT ('', (17.2500000000003, 19.4999999999997, -6.99999999999997));
#1247 = CARTESIAN_POINT ('', (15.7500000000003, 19.4999999999997, -6.99999999999997));
#1248 = CARTESIAN_POINT ('', (15.7500000000003, 17.9999999999997, -6.99999999999997));
#1249 = (
   BOUNDED_SURFACE ()
   B_SPLINE_SURFACE (1, 2, ((#1239, #1240, #1241, #1242, #1243), (#1244, #1245, #1246, #1247, #1248)), .UNSPECIFIED., .F., .F., .U.)
   B_SPLINE_SURFACE_WITH_KNOTS ((2, 2), (3, 2, 3), (0., 0.300000000000001), (0.47123889803847, 0.706858347057705, 0.94247779607694), .UNSPECIFIED.)
   GEOMETRIC_REPRESENTATION_ITEM ()
   RATIONAL_B_SPLINE_SURFACE (((1., 0.707106781186547, 1., 0.707106781186547, 1.), (1., 0.707106781186547, 1., 0.707106781186547, 1.)))
   REPRESENTATION_ITEM ('')
   SURFACE ()
);
#1250 = ADVANCED_FACE ('', (#1238), #1249, .T.);
#1251 = CARTESIAN_POINT ('', (15.7500000000003, 17.9999999999994, -6.99999999999998));
#1252 = CARTESIAN_POINT ('', (15.7500000000006, 16.4999999999994, -6.99999999999998));
#1253 = CARTESIAN_POINT ('', (17.2500000000006, 16.4999999999997, -6.99999999999998));
#1254 = CARTESIAN_POINT ('', (18.7500000000006, 16.5, -6.99999999999998));
#1255 = CARTESIAN_POINT ('', (18.7500000000003, 18., -6.99999999999998));
#1256 = (
   BOUNDED_CURVE ()
   B_SPLINE_CURVE (2, (#1251, #1252, #1253, #1254, #1255), .UNSPECIFIED., .F., .U.)
   B_SPLINE_CURVE_WITH_KNOTS ((3, 2, 3), (-2.80483283227438E-28, 1.5707963267949, 3.14159265358979), .UNSPECIFIED.)
   CURVE ()
   GEOMETRIC_REPRESENTATION_ITEM ()
   RATIONAL_B_SPLINE_CURVE ((1., 0.707106781186547, 1., 0.707106781186551, 1.))
   REPRESENTATION_ITEM ('')
);
#1257 = EDGE_CURVE ('', #1222, #1215, #1256, .T.);
#1258 = ORIENTED_EDGE ('', *, *, #1257, .F.);
#1259 = ORIENTED_EDGE ('', *, *, #1229, .F.);
#1260 = EDGE_LOOP ('', (#1258, #1259));
#1261 = FACE_OUTER_BOUND ('', #1260, .T.);
#1262 = CARTESIAN_POINT ('', (16.25, 18., -6.99999999999996));
#1263 = VERTEX_POINT ('', #1262);
#1264 = CARTESIAN_POINT ('', (18.25, 18.0000000000001, -6.99999999999998));
#1265 = VERTEX_POINT ('', #1264);
#1266 = CARTESIAN_POINT ('', (16.25, 18., -6.99999999999998));
#1267 = CARTESIAN_POINT ('', (16.2500000000001, 17., -6.99999999999998));
#1268 = CARTESIAN_POINT ('', (17.2500000000001, 17., -6.99999999999998));
#1269 = CARTESIAN_POINT ('', (18.2500000000001, 17.0000000000001, -6.99999999999998));
#1270 = CARTESIAN_POINT ('', (18.25, 18.0000000000001, -6.99999999999998));
#1271 = (
   BOUNDED_CURVE ()
   B_SPLINE_CURVE (2, (#1266, #1267, #1268, #1269, #1270), .UNSPECIFIED., .F., .U.)
   B_SPLINE_CURVE_WITH_KNOTS ((3, 2, 3), (-9.86076131526258E-30, 1.5707963267949, 3.14159265358979), .UNSPECIFIED.)
   CURVE ()
   GEOMETRIC_REPRESENTATION_ITEM ()
   RATIONAL_B_SPLINE_CURVE ((1., 0.707106781186553, 1., 0.707106781186549, 1.))
   REPRESENTATION_ITEM ('')
);
#1272 = EDGE_CURVE ('', #1263, #1265, #1271, .T.);
#1273 = ORIENTED_EDGE ('', *, *, #1272, .T.);
#1274 = CARTESIAN_POINT ('', (18.25, 18.0000000000001, -6.99999999999998));
#1275 = CARTESIAN_POINT ('', (18.25, 19.0000000000001, -6.99999999999998));
#1276 = CARTESIAN_POINT ('', (17.25, 19., -6.99999999999998));
#1277 = CARTESIAN_POINT ('', (16.25, 19., -6.99999999999998));
#1278 = CARTESIAN_POINT ('', (16.25, 18., -6.99999999999998));
#1279 = (
   BOUNDED_CURVE ()
   B_SPLINE_CURVE (2, (#1274, #1275, #1276, #1277, #1278), .UNSPECIFIED., .F., .U.)
   B_SPLINE_CURVE_WITH_KNOTS ((3, 2, 3), (3.14159265358979, 4.71238898038469, 6.28318530717959), .UNSPECIFIED.)
   CURVE ()
   GEOMETRIC_REPRESENTATION_ITEM ()
   RATIONAL_B_SPLINE_CURVE ((1., 0.707106781186553, 1., 0.707106781186553, 1.))
   REPRESENTATION_ITEM ('')
);
#1280 = EDGE_CURVE ('', #1265, #1263, #1279, .T.);
#1281 = ORIENTED_EDGE ('', *, *, #1280, .T.);
#1282 = EDGE_LOOP ('', (#1273, #1281));
#1283 = FACE_BOUND ('', #1282, .T.);
#1284 = CARTESIAN_POINT ('', (15.7500000000003, 19.4999999999997, -6.99999999999998));
#1285 = CARTESIAN_POINT ('', (15.7500000000003, 16.4999999999997, -6.99999999999998));
#1286 = CARTESIAN_POINT ('', (18.7500000000003, 19.4999999999997, -6.99999999999998));
#1287 = CARTESIAN_POINT ('', (18.7500000000003, 16.4999999999997, -6.99999999999998));
#1288 = B_SPLINE_SURFACE_WITH_KNOTS ('', 1, 1, ((#1284, #1285), (#1286, #1287)), .UNSPECIFIED., .F., .F., .U., (2, 2), (2, 2), (0.325600644069809, 0.662318158920548), (0.310610165995488, 0.647327680846227), .UNSPECIFIED.);
#1289 = ADVANCED_FACE ('', (#1261, #1283), #1288, .T.);
#1290 = CARTESIAN_POINT ('', (18.25, 18.0000000000006, -5.));
#1291 = VERTEX_POINT ('', #1290);
#1292 = CARTESIAN_POINT ('', (18.25, 18., -4.99999999999995));
#1293 = CARTESIAN_POINT ('', (18.25, 18., -6.99999999999998));
#1294 = B_SPLINE_CURVE_WITH_KNOTS ('', 1, (#1292, #1293), .UNSPECIFIED., .F., .U., (2, 2), (0., 0.200000000000003), .UNSPECIFIED.);
#1295 = EDGE_CURVE ('', #1291, #1265, #1294, .T.);
#1296 = ORIENTED_EDGE ('', *, *, #1295, .T.);
#1297 = ORIENTED_EDGE ('', *, *, #1272, .F.);
#1298 = CARTESIAN_POINT ('', (16.2500000000006, 17.9999999999994, -4.99999999999995));
#1299 = VERTEX_POINT ('', #1298);
#1300 = CARTESIAN_POINT ('', (16.25, 18., -6.99999999999996));
#1301 = CARTESIAN_POINT ('', (16.25, 18., -4.99999999999995));
#1302 = B_SPLINE_CURVE_WITH_KNOTS ('', 1, (#1300, #1301), .UNSPECIFIED., .F., .U., (2, 2), (1.12500000000001, 1.62500000000002), .UNSPECIFIED.);
#1303 = EDGE_CURVE ('', #1263, #1299, #1302, .T.);
#1304 = ORIENTED_EDGE ('', *, *, #1303, .T.);
#1305 = CARTESIAN_POINT ('', (16.25, 17.9999999999994, -5.));
#1306 = CARTESIAN_POINT ('', (16.2500000000007, 16.9999999999994, -5.));
#1307 = CARTESIAN_POINT ('', (17.2500000000006, 17., -5.));
#1308 = CARTESIAN_POINT ('', (18.2500000000006, 17.0000000000006, -5.));
#1309 = CARTESIAN_POINT ('', (18.25, 18.0000000000006, -5.));
#1310 = (
   BOUNDED_CURVE ()
   B_SPLINE_CURVE (2, (#1305, #1306, #1307, #1308, #1309), .UNSPECIFIED., .F., .U.)
   B_SPLINE_CURVE_WITH_KNOTS ((3, 2, 3), (-1.71699344166963E-32, 1.5707963267949, 3.14159265358979), .UNSPECIFIED.)
   CURVE ()
   GEOMETRIC_REPRESENTATION_ITEM ()
   RATIONAL_B_SPLINE_CURVE ((1., 0.707106781186544, 1., 0.707106781186544, 1.))
   REPRESENTATION_ITEM ('')
);
#1311 = EDGE_CURVE ('', #1299, #1291, #1310, .T.);
#1312 = ORIENTED_EDGE ('', *, *, #1311, .T.);
#1313 = EDGE_LOOP ('', (#1296, #1297, #1304, #1312));
#1314 = FACE_OUTER_BOUND ('', #1313, .T.);
#1315 = CARTESIAN_POINT ('', (18.25, 18., -4.99999999999995));
#1316 = CARTESIAN_POINT ('', (18.25, 17., -4.99999999999995));
#1317 = CARTESIAN_POINT ('', (17.25, 17., -4.99999999999995));
#1318 = CARTESIAN_POINT ('', (16.25, 17., -4.99999999999995));
#1319 = CARTESIAN_POINT ('', (16.25, 18., -4.99999999999995));
#1320 = CARTESIAN_POINT ('', (18.25, 18., -6.99999999999998));
#1321 = CARTESIAN_POINT ('', (18.25, 17., -6.99999999999999));
#1322 = CARTESIAN_POINT ('', (17.25, 17., -6.99999999999999));
#1323 = CARTESIAN_POINT ('', (16.25, 17., -6.99999999999999));
#1324 = CARTESIAN_POINT ('', (16.25, 18., -6.99999999999998));
#1325 = (
   BOUNDED_SURFACE ()
   B_SPLINE_SURFACE (1, 2, ((#1315, #1316, #1317, #1318, #1319), (#1320, #1321, #1322, #1323, #1324)), .UNSPECIFIED., .F., .F., .U.)
   B_SPLINE_SURFACE_WITH_KNOTS ((2, 2), (3, 2, 3), (0., 0.200000000000003), (0.314159265358979, 0.471238898038468, 0.628318530717957), .UNSPECIFIED.)
   GEOMETRIC_REPRESENTATION_ITEM ()
   RATIONAL_B_SPLINE_SURFACE (((1., 0.707106781186547, 1., 0.707106781186547, 1.), (1., 0.707106781186547, 1., 0.707106781186547, 1.)))
   REPRESENTATION_ITEM ('')
   SURFACE ()
);
#1326 = ADVANCED_FACE ('', (#1314), #1325, .T.);
#1327 = ORIENTED_EDGE ('', *, *, #1311, .F.);
#1328 = CARTESIAN_POINT ('', (18.25, 18.0000000000006, -5.));
#1329 = CARTESIAN_POINT ('', (18.2499999999994, 19.0000000000006, -5.));
#1330 = CARTESIAN_POINT ('', (17.2499999999994, 19., -5.));
#1331 = CARTESIAN_POINT ('', (16.2499999999994, 18.9999999999994, -5.));
#1332 = CARTESIAN_POINT ('', (16.25, 17.9999999999994, -5.));
#1333 = (
   BOUNDED_CURVE ()
   B_SPLINE_CURVE (2, (#1328, #1329, #1330, #1331, #1332), .UNSPECIFIED., .F., .U.)
   B_SPLINE_CURVE_WITH_KNOTS ((3, 2, 3), (3.14159265358979, 4.71238898038469, 6.28318530717959), .UNSPECIFIED.)
   CURVE ()
   GEOMETRIC_REPRESENTATION_ITEM ()
   RATIONAL_B_SPLINE_CURVE ((1., 0.707106781186551, 1., 0.707106781186544, 1.))
   REPRESENTATION_ITEM ('')
);
#1334 = EDGE_CURVE ('', #1291, #1299, #1333, .T.);
#1335 = ORIENTED_EDGE ('', *, *, #1334, .F.);
#1336 = EDGE_LOOP ('', (#1327, #1335));
#1337 = FACE_OUTER_BOUND ('', #1336, .T.);
#1338 = CARTESIAN_POINT ('', (16.25, 19., -5.));
#1339 = CARTESIAN_POINT ('', (16.25, 17., -5.));
#1340 = CARTESIAN_POINT ('', (18.25, 19., -5.));
#1341 = CARTESIAN_POINT ('', (18.25, 17., -5.));
#1342 = B_SPLINE_SURFACE_WITH_KNOTS ('', 1, 1, ((#1338, #1339), (#1340, #1341)), .UNSPECIFIED., .F., .F., .U., (2, 2), (2, 2), (0.325600644069817, 0.662318158920558), (0.310610165995491, 0.647327680846232), .UNSPECIFIED.);
#1343 = ADVANCED_FACE ('', (#1337), #1342, .T.);
#1344 = ORIENTED_EDGE ('', *, *, #1060, .F.);
#1345 = CARTESIAN_POINT ('', (-6.27147612214792, -7.62375850025921, -10.));
#1346 = VERTEX_POINT ('', #1345);
#1347 = CARTESIAN_POINT ('', (-6.27147612214792, -7.62375850025921, -10.));
#1348 = CARTESIAN_POINT ('', (-6.27147612214792, -7.62375850025921, -13.));
#1349 = B_SPLINE_CURVE_WITH_KNOTS ('', 1, (#1347, #1348), .UNSPECIFIED., .F., .U., (2, 2), (0.700000000000005, 1.), .UNSPECIFIED.);
#1350 = EDGE_CURVE ('', #1346, #1019, #1349, .T.);
#1351 = ORIENTED_EDGE ('', *, *, #1350, .F.);
#1352 = CARTESIAN_POINT ('', (6.27147612214836, -7.62375850025939, -10.));
#1353 = VERTEX_POINT ('', #1352);
#1354 = CARTESIAN_POINT ('', (6.27147612214835, -7.62375850025939, -10.));
#1355 = CARTESIAN_POINT ('', (4.17620068963891, -11.2363023494136, -10.));
#1356 = CARTESIAN_POINT ('', (1.60094160150947E-13, -11.2363023494135, -10.));
#1357 = CARTESIAN_POINT ('', (-4.17620068963859, -11.2363023494134, -10.));
#1358 = CARTESIAN_POINT ('', (-6.27147612214794, -7.62375850025924, -10.));
#1359 = (
   BOUNDED_CURVE ()
   B_SPLINE_CURVE (2, (#1354, #1355, #1356, #1357, #1358), .UNSPECIFIED., .F., .U.)
   B_SPLINE_CURVE_WITH_KNOTS ((3, 2, 3), (0., 1.0452125332433, 2.09042506648659), .UNSPECIFIED.)
   CURVE ()
   GEOMETRIC_REPRESENTATION_ITEM ()
   RATIONAL_B_SPLINE_CURVE ((1., 0.866521231641739, 1., 0.866521231641743, 1.))
   REPRESENTATION_ITEM ('')
);
#1360 = EDGE_CURVE ('', #1353, #1346, #1359, .T.);
#1361 = ORIENTED_EDGE ('', *, *, #1360, .F.);
#1362 = CARTESIAN_POINT ('', (6.27147612214835, -7.62375850025939, -10.));
#1363 = CARTESIAN_POINT ('', (6.27147612214835, -7.62375850025939, -13.));
#1364 = B_SPLINE_CURVE_WITH_KNOTS ('', 1, (#1362, #1363), .UNSPECIFIED., .F., .U., (2, 2), (0.7, 1.), .UNSPECIFIED.);
#1365 = EDGE_CURVE ('', #1353, #1026, #1364, .T.);
#1366 = ORIENTED_EDGE ('', *, *, #1365, .T.);
#1367 = EDGE_LOOP ('', (#1344, #1351, #1361, #1366));
#1368 = FACE_OUTER_BOUND ('', #1367, .T.);
#1369 = CARTESIAN_POINT ('', (6.2714761221483, -7.62375850025937, -9.99999999999999));
#1370 = CARTESIAN_POINT ('', (4.17620068963886, -11.2363023494135, -10.));
#1371 = CARTESIAN_POINT ('', (1.11244347067441E-13, -11.2363023494135, -9.99999999999999));
#1372 = CARTESIAN_POINT ('', (-4.17620068963864, -11.2363023494134, -9.99999999999999));
#1373 = CARTESIAN_POINT ('', (-6.27147612214798, -7.6237585002592, -9.99999999999998));
#1374 = CARTESIAN_POINT ('', (6.2714761221483, -7.62375850025936, -13.0001875583713));
#1375 = CARTESIAN_POINT ('', (4.17620068963886, -11.2363023494135, -13.0001875583713));
#1376 = CARTESIAN_POINT ('', (1.08468789505878E-13, -11.2363023494135, -13.0001875583713));
#1377 = CARTESIAN_POINT ('', (-4.17620068963864, -11.2363023494134, -13.0001875583713));
#1378 = CARTESIAN_POINT ('', (-6.27147612214798, -7.62375850025919, -13.0001875583713));
#1379 = (
   BOUNDED_SURFACE ()
   B_SPLINE_SURFACE (1, 2, ((#1369, #1370, #1371, #1372, #1373), (#1374, #1375, #1376, #1377, #1378)), .UNSPECIFIED., .F., .F., .U.)
   B_SPLINE_SURFACE_WITH_KNOTS ((2, 2), (3, 2, 3), (2.1094237467878E-15, 0.300018755837132), (0., 0.757779086601393, 1.51555817320279), .UNSPECIFIED.)
   GEOMETRIC_REPRESENTATION_ITEM ()
   RATIONAL_B_SPLINE_SURFACE (((1., 0.866521231641741, 1., 0.866521231641741, 1.), (1., 0.866521231641741, 1., 0.866521231641741, 1.)))
   REPRESENTATION_ITEM ('')
   SURFACE ()
);
#1380 = ADVANCED_FACE ('', (#1368), #1379, .T.);
#1381 = CARTESIAN_POINT ('', (10.2582560522988, -0.750000000000018, -10.));
#1382 = VERTEX_POINT ('', #1381);
#1383 = CARTESIAN_POINT ('', (10.2582560522989, -0.750000000000015, -10.));
#1384 = CARTESIAN_POINT ('', (6.27147612214835, -7.62375850025939, -10.));
#1385 = B_SPLINE_CURVE_WITH_KNOTS ('', 1, (#1383, #1384), .UNSPECIFIED., .F., .U., (2, 2), (0.977128188479015, 8.92338328955265), .UNSPECIFIED.);
#1386 = EDGE_CURVE ('', #1382, #1353, #1385, .T.);
#1387 = ORIENTED_EDGE ('', *, *, #1386, .T.);
#1388 = ORIENTED_EDGE ('', *, *, #1360, .T.);
#1389 = CARTESIAN_POINT ('', (-10.258256052298, -0.750000000000018, -10.));
#1390 = VERTEX_POINT ('', #1389);
#1391 = CARTESIAN_POINT ('', (-6.27147612214792, -7.62375850025924, -10.));
#1392 = CARTESIAN_POINT ('', (-10.258256052298, -0.75000000000003, -10.));
#1393 = B_SPLINE_CURVE_WITH_KNOTS ('', 1, (#1391, #1392), .UNSPECIFIED., .F., .U., (2, 2), (9.92338328955265, 17.8696383906259), .UNSPECIFIED.);
#1394 = EDGE_CURVE ('', #1346, #1390, #1393, .T.);
#1395 = ORIENTED_EDGE ('', *, *, #1394, .T.);
#1396 = CARTESIAN_POINT ('', (-10.258256052298, -0.750000000000018, -10.));
#1397 = CARTESIAN_POINT ('', (10.2582560522989, -0.750000000000016, -10.));
#1398 = B_SPLINE_CURVE_WITH_KNOTS ('', 1, (#1396, #1397), .UNSPECIFIED., .F., .U., (2, 2), (0.0228718115210226, 0.977128188479015), .UNSPECIFIED.);
#1399 = EDGE_CURVE ('', #1390, #1382, #1398, .T.);
#1400 = ORIENTED_EDGE ('', *, *, #1399, .T.);
#1401 = EDGE_LOOP ('', (#1387, #1388, #1395, #1400));
#1402 = FACE_OUTER_BOUND ('', #1401, .T.);
#1403 = CARTESIAN_POINT ('', (-10.258256052298, -11.2363023494136, -10.));
#1404 = CARTESIAN_POINT ('', (10.2582560522988, -11.2363023494136, -10.));
#1405 = CARTESIAN_POINT ('', (-10.258256052298, -0.750000000000032, -10.));
#1406 = CARTESIAN_POINT ('', (10.2582560522988, -0.750000000000032, -10.));
#1407 = B_SPLINE_SURFACE_WITH_KNOTS ('', 1, 1, ((#1403, #1404), (#1405, #1406)), .UNSPECIFIED., .F., .F., .U., (2, 2), (2, 2), (0.363641791463333, 0.580362737427823), (0.287992098499393, 0.712007901500612), .UNSPECIFIED.);
#1408 = ADVANCED_FACE ('', (#1402), #1407, .T.);
#1409 = ORIENTED_EDGE ('', *, *, #1016, .F.);
#1410 = CARTESIAN_POINT ('', (-17.9720553626585, 34.2500000000002, -10.));
#1411 = VERTEX_POINT ('', #1410);
#1412 = CARTESIAN_POINT ('', (-17.9720553626585, 34.2500000000002, -10.));
#1413 = CARTESIAN_POINT ('', (-17.9720553626585, 34.2500000000002, -13.));
#1414 = B_SPLINE_CURVE_WITH_KNOTS ('', 1, (#1412, #1413), .UNSPECIFIED., .F., .U., (2, 2), (0.7, 1.), .UNSPECIFIED.);
#1415 = EDGE_CURVE ('', #1411, #975, #1414, .T.);
#1416 = ORIENTED_EDGE ('', *, *, #1415, .F.);
#1417 = CARTESIAN_POINT ('', (-24.2435314848067, 23.3625438491544, -10.));
#1418 = VERTEX_POINT ('', #1417);
#1419 = CARTESIAN_POINT ('', (-17.9720553626602, 34.2500000000002, -10.));
#1420 = CARTESIAN_POINT ('', (-22.162643316231, 34.2500000000003, -10.));
#1421 = CARTESIAN_POINT ('', (-24.2543342920628, 30.618766565169, -10.));
#1422 = CARTESIAN_POINT ('', (-26.3460252678947, 26.9875331303378, -10.));
#1423 = CARTESIAN_POINT ('', (-24.2435314848081, 23.3625438491544, -10.));
#1424 = (
   BOUNDED_CURVE ()
   B_SPLINE_CURVE (2, (#1419, #1420, #1421, #1422, #1423), .UNSPECIFIED., .F., .U.)
   B_SPLINE_CURVE_WITH_KNOTS ((3, 2, 3), (0., 1.04819006017328, 2.09638012034656), .UNSPECIFIED.)
   CURVE ()
   GEOMETRIC_REPRESENTATION_ITEM ()
   RATIONAL_B_SPLINE_CURVE ((1., 0.86577716991306, 1., 0.865777169913058, 1.))
   REPRESENTATION_ITEM ('')
);
#1425 = EDGE_CURVE ('', #1411, #1418, #1424, .T.);
#1426 = ORIENTED_EDGE ('', *, *, #1425, .T.);
#1427 = CARTESIAN_POINT ('', (-24.2435314848067, 23.3625438491544, -10.));
#1428 = CARTESIAN_POINT ('', (-24.2435314848067, 23.3625438491544, -13.));
#1429 = B_SPLINE_CURVE_WITH_KNOTS ('', 1, (#1427, #1428), .UNSPECIFIED., .F., .U., (2, 2), (0.7, 1.), .UNSPECIFIED.);
#1430 = EDGE_CURVE ('', #1418, #982, #1429, .T.);
#1431 = ORIENTED_EDGE ('', *, *, #1430, .T.);
#1432 = EDGE_LOOP ('', (#1409, #1416, #1426, #1431));
#1433 = FACE_OUTER_BOUND ('', #1432, .T.);
#1434 = CARTESIAN_POINT ('', (-24.2435314848066, 23.3625438491544, -9.99999999999999));
#1435 = CARTESIAN_POINT ('', (-26.3460252678929, 26.9875331303379, -10.));
#1436 = CARTESIAN_POINT ('', (-24.2543342920611, 30.618766565169, -10.0000000000001));
#1437 = CARTESIAN_POINT ('', (-22.1626433162292, 34.2500000000001, -10.0000000000001));
#1438 = CARTESIAN_POINT ('', (-17.9720553626585, 34.2500000000002, -10.0000000000001));
#1439 = CARTESIAN_POINT ('', (-24.2435314848066, 23.3625438491544, -13.0001875946867));
#1440 = CARTESIAN_POINT ('', (-26.3460252678929, 26.9875331303379, -13.0001875946867));
#1441 = CARTESIAN_POINT ('', (-24.2543342920611, 30.618766565169, -13.0001875946867));
#1442 = CARTESIAN_POINT ('', (-22.1626433162292, 34.2500000000001, -13.0001875946867));
#1443 = CARTESIAN_POINT ('', (-17.9720553626585, 34.2500000000002, -13.0001875946867));
#1444 = (
   BOUNDED_SURFACE ()
   B_SPLINE_SURFACE (1, 2, ((#1434, #1435, #1436, #1437, #1438), (#1439, #1440, #1441, #1442, #1443)), .UNSPECIFIED., .F., .F., .U.)
   B_SPLINE_SURFACE_WITH_KNOTS ((2, 2), (3, 2, 3), (0., 0.300018759468666), (0., 0.7599377936256, 1.5198755872512), .UNSPECIFIED.)
   GEOMETRIC_REPRESENTATION_ITEM ()
   RATIONAL_B_SPLINE_SURFACE (((1., 0.86577716991307, 1., 0.86577716991307, 1.), (1., 0.86577716991307, 1., 0.86577716991307, 1.)))
   REPRESENTATION_ITEM ('')
   SURFACE ()
);
#1445 = ADVANCED_FACE ('', (#1433), #1444, .T.);
#1446 = ORIENTED_EDGE ('', *, *, #1425, .F.);
#1447 = CARTESIAN_POINT ('', (-14.25, 34.25, -10.));
#1448 = VERTEX_POINT ('', #1447);
#1449 = CARTESIAN_POINT ('', (-14.25, 34.2500000000001, -10.));
#1450 = CARTESIAN_POINT ('', (-17.9720553626602, 34.2500000000002, -10.));
#1451 = B_SPLINE_CURVE_WITH_KNOTS ('', 1, (#1449, #1450), .UNSPECIFIED., .F., .U., (2, 2), (254.394369845161, 258.116425207821), .UNSPECIFIED.);
#1452 = EDGE_CURVE ('', #1448, #1411, #1451, .T.);
#1453 = ORIENTED_EDGE ('', *, *, #1452, .F.);
#1454 = CARTESIAN_POINT ('', (-14.25, 18., -10.));
#1455 = VERTEX_POINT ('', #1454);
#1456 = CARTESIAN_POINT ('', (-14.25, 17.9999999999973, -10.));
#1457 = CARTESIAN_POINT ('', (-14.25, 34.2499999999973, -10.));
#1458 = B_SPLINE_CURVE_WITH_KNOTS ('', 1, (#1456, #1457), .UNSPECIFIED., .F., .U., (2, 2), (270.928399136395, 271.667035500031), .UNSPECIFIED.);
#1459 = EDGE_CURVE ('', #1455, #1448, #1458, .T.);
#1460 = ORIENTED_EDGE ('', *, *, #1459, .F.);
#1461 = CARTESIAN_POINT ('', (-15.7448457306845, 15.4049064322146, -10.));
#1462 = VERTEX_POINT ('', #1461);
#1463 = CARTESIAN_POINT ('', (-15.7448457306845, 15.4049064322146, -10.));
#1464 = CARTESIAN_POINT ('', (-14.25, 16.2719169560115, -10.));
#1465 = CARTESIAN_POINT ('', (-14.25, 18., -10.));
#1466 = (
   BOUNDED_CURVE ()
   B_SPLINE_CURVE (2, (#1463, #1464, #1465), .UNSPECIFIED., .F., .U.)
   B_SPLINE_CURVE_WITH_KNOTS ((3, 3), (0., 1.04521253324331), .UNSPECIFIED.)
   CURVE ()
   GEOMETRIC_REPRESENTATION_ITEM ()
   RATIONAL_B_SPLINE_CURVE ((1., 0.866521231641738, 1.))
   REPRESENTATION_ITEM ('')
);
#1467 = EDGE_CURVE ('', #1462, #1455, #1466, .T.);
#1468 = ORIENTED_EDGE ('', *, *, #1467, .F.);
#1469 = CARTESIAN_POINT ('', (-18.6506045246811, 13.7195663316966, -10.));
#1470 = VERTEX_POINT ('', #1469);
#1471 = CARTESIAN_POINT ('', (-18.6506045246811, 13.7195663316965, -10.));
#1472 = CARTESIAN_POINT ('', (-15.7448457306832, 15.4049064322152, -10.));
#1473 = B_SPLINE_CURVE_WITH_KNOTS ('', 1, (#1471, #1472), .UNSPECIFIED., .F., .U., (2, 2), (270.263974148441, 270.763974148441), .UNSPECIFIED.);
#1474 = EDGE_CURVE ('', #1470, #1462, #1473, .T.);
#1475 = ORIENTED_EDGE ('', *, *, #1474, .F.);
#1476 = CARTESIAN_POINT ('', (-24.2435314848081, 23.3625438491542, -10.));
#1477 = CARTESIAN_POINT ('', (-18.6506045246823, 13.7195663316957, -10.));
#1478 = B_SPLINE_CURVE_WITH_KNOTS ('', 1, (#1476, #1477), .UNSPECIFIED., .F., .U., (2, 2), (259.116425207821, 270.263974148441), .UNSPECIFIED.);
#1479 = EDGE_CURVE ('', #1418, #1470, #1478, .T.);
#1480 = ORIENTED_EDGE ('', *, *, #1479, .F.);
#1481 = EDGE_LOOP ('', (#1446, #1453, #1460, #1468, #1475, #1480));
#1482 = FACE_OUTER_BOUND ('', #1481, .T.);
#1483 = CARTESIAN_POINT ('', (-15.7500000000003, 17.9999999999997, -9.99999999999997));
#1484 = VERTEX_POINT ('', #1483);
#1485 = CARTESIAN_POINT ('', (-18.7500000000003, 17.9999999999997, -9.99999999999998));
#1486 = VERTEX_POINT ('', #1485);
#1487 = CARTESIAN_POINT ('', (-15.7500000000003, 17.9999999999997, -9.99999999999997));
#1488 = CARTESIAN_POINT ('', (-15.7500000000003, 16.4999999999997, -9.99999999999997));
#1489 = CARTESIAN_POINT ('', (-17.2500000000003, 16.4999999999997, -9.99999999999998));
#1490 = CARTESIAN_POINT ('', (-18.7500000000003, 16.4999999999997, -9.99999999999998));
#1491 = CARTESIAN_POINT ('', (-18.7500000000003, 17.9999999999997, -9.99999999999998));
#1492 = (
   BOUNDED_CURVE ()
   B_SPLINE_CURVE (2, (#1487, #1488, #1489, #1490, #1491), .UNSPECIFIED., .F., .U.)
   B_SPLINE_CURVE_WITH_KNOTS ((3, 2, 3), (-2.27754351464489E-32, 1.5707963267949, 3.14159265358979), .UNSPECIFIED.)
   CURVE ()
   GEOMETRIC_REPRESENTATION_ITEM ()
   RATIONAL_B_SPLINE_CURVE ((1., 0.707106781186549, 1., 0.70710678118655, 1.))
   REPRESENTATION_ITEM ('')
);
#1493 = EDGE_CURVE ('', #1484, #1486, #1492, .T.);
#1494 = ORIENTED_EDGE ('', *, *, #1493, .F.);
#1495 = CARTESIAN_POINT ('', (-18.7500000000003, 17.9999999999997, -9.99999999999998));
#1496 = CARTESIAN_POINT ('', (-18.7500000000003, 19.4999999999997, -9.99999999999998));
#1497 = CARTESIAN_POINT ('', (-17.2500000000003, 19.4999999999997, -9.99999999999998));
#1498 = CARTESIAN_POINT ('', (-15.7500000000003, 19.4999999999997, -9.99999999999997));
#1499 = CARTESIAN_POINT ('', (-15.7500000000003, 17.9999999999997, -9.99999999999997));
#1500 = (
   BOUNDED_CURVE ()
   B_SPLINE_CURVE (2, (#1495, #1496, #1497, #1498, #1499), .UNSPECIFIED., .F., .U.)
   B_SPLINE_CURVE_WITH_KNOTS ((3, 2, 3), (3.14159265358979, 4.71238898038469, 6.28318530717959), .UNSPECIFIED.)
   CURVE ()
   GEOMETRIC_REPRESENTATION_ITEM ()
   RATIONAL_B_SPLINE_CURVE ((1., 0.707106781186549, 1., 0.70710678118655, 1.))
   REPRESENTATION_ITEM ('')
);
#1501 = EDGE_CURVE ('', #1486, #1484, #1500, .T.);
#1502 = ORIENTED_EDGE ('', *, *, #1501, .F.);
#1503 = EDGE_LOOP ('', (#1494, #1502));
#1504 = FACE_BOUND ('', #1503, .T.);
#1505 = CARTESIAN_POINT ('', (-14.25, 13.7195663316958, -10.));
#1506 = CARTESIAN_POINT ('', (-14.25, 34.2500000000003, -10.));
#1507 = CARTESIAN_POINT ('', (-26.3460252678947, 13.7195663316958, -10.));
#1508 = CARTESIAN_POINT ('', (-26.3460252678947, 34.2500000000003, -10.));
#1509 = B_SPLINE_SURFACE_WITH_KNOTS ('', 1, 1, ((#1505, #1506), (#1507, #1508)), .UNSPECIFIED., .F., .F., .U., (2, 2), (2, 2), (0.430067015899392, 0.671791645365817), (0.308486426440763, 0.718762642085581), .UNSPECIFIED.);
#1510 = ADVANCED_FACE ('', (#1482, #1504), #1509, .T.);
#1511 = CARTESIAN_POINT ('', (-18.7500000000003, 18., -6.99999999999998));
#1512 = VERTEX_POINT ('', #1511);
#1513 = CARTESIAN_POINT ('', (-18.7500000000003, 17.9999999999997, -9.99999999999998));
#1514 = CARTESIAN_POINT ('', (-18.7500000000003, 17.9999999999997, -6.99999999999997));
#1515 = B_SPLINE_CURVE_WITH_KNOTS ('', 1, (#1513, #1514), .UNSPECIFIED., .F., .U., (2, 2), (-0.300000000000001, 0.), .UNSPECIFIED.);
#1516 = EDGE_CURVE ('', #1486, #1512, #1515, .T.);
#1517 = ORIENTED_EDGE ('', *, *, #1516, .T.);
#1518 = CARTESIAN_POINT ('', (-15.7500000000006, 17.9999999999994, -6.99999999999995));
#1519 = VERTEX_POINT ('', #1518);
#1520 = CARTESIAN_POINT ('', (-15.7500000000003, 17.9999999999994, -6.99999999999998));
#1521 = CARTESIAN_POINT ('', (-15.7500000000006, 16.4999999999994, -6.99999999999998));
#1522 = CARTESIAN_POINT ('', (-17.2500000000006, 16.4999999999997, -6.99999999999998));
#1523 = CARTESIAN_POINT ('', (-18.7500000000006, 16.5, -6.99999999999998));
#1524 = CARTESIAN_POINT ('', (-18.7500000000003, 18., -6.99999999999998));
#1525 = (
   BOUNDED_CURVE ()
   B_SPLINE_CURVE (2, (#1520, #1521, #1522, #1523, #1524), .UNSPECIFIED., .F., .U.)
   B_SPLINE_CURVE_WITH_KNOTS ((3, 2, 3), (-3.5060484676489E-28, 1.5707963267949, 3.14159265358979), .UNSPECIFIED.)
   CURVE ()
   GEOMETRIC_REPRESENTATION_ITEM ()
   RATIONAL_B_SPLINE_CURVE ((1., 0.707106781186548, 1., 0.707106781186546, 1.))
   REPRESENTATION_ITEM ('')
);
#1526 = EDGE_CURVE ('', #1519, #1512, #1525, .T.);
#1527 = ORIENTED_EDGE ('', *, *, #1526, .F.);
#1528 = CARTESIAN_POINT ('', (-15.7500000000003, 17.9999999999997, -9.99999999999997));
#1529 = CARTESIAN_POINT ('', (-15.7500000000003, 17.9999999999997, -6.99999999999997));
#1530 = B_SPLINE_CURVE_WITH_KNOTS ('', 1, (#1528, #1529), .UNSPECIFIED., .F., .U., (2, 2), (0.500000000000002, 1.50000000000001), .UNSPECIFIED.);
#1531 = EDGE_CURVE ('', #1484, #1519, #1530, .T.);
#1532 = ORIENTED_EDGE ('', *, *, #1531, .F.);
#1533 = ORIENTED_EDGE ('', *, *, #1493, .T.);
#1534 = EDGE_LOOP ('', (#1517, #1527, #1532, #1533));
#1535 = FACE_OUTER_BOUND ('', #1534, .T.);
#1536 = CARTESIAN_POINT ('', (-15.7500000000003, 17.9999999999997, -9.99999999999998));
#1537 = CARTESIAN_POINT ('', (-15.7500000000003, 17.9999999999997, -6.99999999999997));
#1538 = CARTESIAN_POINT ('', (-15.7500000000003, 16.4999999999997, -9.99999999999998));
#1539 = CARTESIAN_POINT ('', (-15.7500000000003, 16.4999999999997, -6.99999999999997));
#1540 = CARTESIAN_POINT ('', (-17.2500000000003, 16.4999999999997, -9.99999999999998));
#1541 = CARTESIAN_POINT ('', (-17.2500000000003, 16.4999999999997, -6.99999999999997));
#1542 = CARTESIAN_POINT ('', (-18.7500000000003, 16.4999999999997, -9.99999999999997));
#1543 = CARTESIAN_POINT ('', (-18.7500000000003, 16.4999999999997, -6.99999999999996));
#1544 = CARTESIAN_POINT ('', (-18.7500000000003, 17.9999999999997, -9.99999999999998));
#1545 = CARTESIAN_POINT ('', (-18.7500000000003, 17.9999999999997, -6.99999999999997));
#1546 = (
   BOUNDED_SURFACE ()
   B_SPLINE_SURFACE (2, 1, ((#1536, #1537), (#1538, #1539), (#1540, #1541), (#1542, #1543), (#1544, #1545)), .UNSPECIFIED., .F., .F., .U.)
   B_SPLINE_SURFACE_WITH_KNOTS ((3, 2, 3), (2, 2), (0., 0.235619449019236, 0.471238898038471), (-0.300000000000001, 0.), .UNSPECIFIED.)
   GEOMETRIC_REPRESENTATION_ITEM ()
   RATIONAL_B_SPLINE_SURFACE (((1., 1.), (0.707106781186547, 0.707106781186547), (1., 1.), (0.707106781186547, 0.707106781186547), (1., 1.)))
   REPRESENTATION_ITEM ('')
   SURFACE ()
);
#1547 = ADVANCED_FACE ('', (#1535), #1546, .T.);
#1548 = ORIENTED_EDGE ('', *, *, #1526, .T.);
#1549 = CARTESIAN_POINT ('', (-18.7500000000003, 18., -6.99999999999998));
#1550 = CARTESIAN_POINT ('', (-18.75, 19.5, -6.99999999999998));
#1551 = CARTESIAN_POINT ('', (-17.25, 19.4999999999997, -6.99999999999998));
#1552 = CARTESIAN_POINT ('', (-15.75, 19.4999999999994, -6.99999999999998));
#1553 = CARTESIAN_POINT ('', (-15.7500000000003, 17.9999999999994, -6.99999999999998));
#1554 = (
   BOUNDED_CURVE ()
   B_SPLINE_CURVE (2, (#1549, #1550, #1551, #1552, #1553), .UNSPECIFIED., .F., .U.)
   B_SPLINE_CURVE_WITH_KNOTS ((3, 2, 3), (3.14159265358979, 4.71238898038469, 6.28318530717959), .UNSPECIFIED.)
   CURVE ()
   GEOMETRIC_REPRESENTATION_ITEM ()
   RATIONAL_B_SPLINE_CURVE ((1., 0.707106781186548, 1., 0.707106781186548, 1.))
   REPRESENTATION_ITEM ('')
);
#1555 = EDGE_CURVE ('', #1512, #1519, #1554, .T.);
#1556 = ORIENTED_EDGE ('', *, *, #1555, .T.);
#1557 = EDGE_LOOP ('', (#1548, #1556));
#1558 = FACE_OUTER_BOUND ('', #1557, .T.);
#1559 = CARTESIAN_POINT ('', (-16.25, 18., -6.99999999999996));
#1560 = VERTEX_POINT ('', #1559);
#1561 = CARTESIAN_POINT ('', (-18.25, 18.0000000000001, -6.99999999999998));
#1562 = VERTEX_POINT ('', #1561);
#1563 = CARTESIAN_POINT ('', (-16.25, 18., -6.99999999999998));
#1564 = CARTESIAN_POINT ('', (-16.2500000000001, 17., -6.99999999999998));
#1565 = CARTESIAN_POINT ('', (-17.2500000000001, 17., -6.99999999999998));
#1566 = CARTESIAN_POINT ('', (-18.2500000000001, 17.0000000000001, -6.99999999999998));
#1567 = CARTESIAN_POINT ('', (-18.25, 18.0000000000001, -6.99999999999998));
#1568 = (
   BOUNDED_CURVE ()
   B_SPLINE_CURVE (2, (#1563, #1564, #1565, #1566, #1567), .UNSPECIFIED., .F., .U.)
   B_SPLINE_CURVE_WITH_KNOTS ((3, 2, 3), (3.81672341734679E-68, 1.5707963267949, 3.14159265358979), .UNSPECIFIED.)
   CURVE ()
   GEOMETRIC_REPRESENTATION_ITEM ()
   RATIONAL_B_SPLINE_CURVE ((1., 0.707106781186548, 1., 0.707106781186544, 1.))
   REPRESENTATION_ITEM ('')
);
#1569 = EDGE_CURVE ('', #1560, #1562, #1568, .T.);
#1570 = ORIENTED_EDGE ('', *, *, #1569, .F.);
#1571 = CARTESIAN_POINT ('', (-18.25, 18.0000000000001, -6.99999999999998));
#1572 = CARTESIAN_POINT ('', (-18.25, 19.0000000000001, -6.99999999999998));
#1573 = CARTESIAN_POINT ('', (-17.25, 19., -6.99999999999998));
#1574 = CARTESIAN_POINT ('', (-16.25, 19., -6.99999999999998));
#1575 = CARTESIAN_POINT ('', (-16.25, 18., -6.99999999999998));
#1576 = (
   BOUNDED_CURVE ()
   B_SPLINE_CURVE (2, (#1571, #1572, #1573, #1574, #1575), .UNSPECIFIED., .F., .U.)
   B_SPLINE_CURVE_WITH_KNOTS ((3, 2, 3), (3.14159265358979, 4.71238898038469, 6.28318530717959), .UNSPECIFIED.)
   CURVE ()
   GEOMETRIC_REPRESENTATION_ITEM ()
   RATIONAL_B_SPLINE_CURVE ((1., 0.707106781186548, 1., 0.707106781186544, 1.))
   REPRESENTATION_ITEM ('')
);
#1577 = EDGE_CURVE ('', #1562, #1560, #1576, .T.);
#1578 = ORIENTED_EDGE ('', *, *, #1577, .F.);
#1579 = EDGE_LOOP ('', (#1570, #1578));
#1580 = FACE_BOUND ('', #1579, .T.);
#1581 = CARTESIAN_POINT ('', (-15.7500000000003, 19.4999999999997, -6.99999999999998));
#1582 = CARTESIAN_POINT ('', (-18.7500000000003, 19.4999999999997, -6.99999999999998));
#1583 = CARTESIAN_POINT ('', (-15.7500000000003, 16.4999999999997, -6.99999999999998));
#1584 = CARTESIAN_POINT ('', (-18.7500000000003, 16.4999999999997, -6.99999999999998));
#1585 = B_SPLINE_SURFACE_WITH_KNOTS ('', 1, 1, ((#1581, #1582), (#1583, #1584)), .UNSPECIFIED., .F., .F., .U., (2, 2), (2, 2), (0.310610165995488, 0.647327680846227), (0.325600644069809, 0.662318158920548), .UNSPECIFIED.);
#1586 = ADVANCED_FACE ('', (#1558, #1580), #1585, .T.);
#1587 = CARTESIAN_POINT ('', (-18.25, 18.0000000000006, -5.));
#1588 = VERTEX_POINT ('', #1587);
#1589 = CARTESIAN_POINT ('', (-18.25, 18., -4.99999999999995));
#1590 = CARTESIAN_POINT ('', (-18.25, 18., -6.99999999999998));
#1591 = B_SPLINE_CURVE_WITH_KNOTS ('', 1, (#1589, #1590), .UNSPECIFIED., .F., .U., (2, 2), (-0.200000000000003, -5.55111512312578E-17), .UNSPECIFIED.);
#1592 = EDGE_CURVE ('', #1588, #1562, #1591, .T.);
#1593 = ORIENTED_EDGE ('', *, *, #1592, .T.);
#1594 = ORIENTED_EDGE ('', *, *, #1577, .T.);
#1595 = CARTESIAN_POINT ('', (-16.2500000000006, 17.9999999999994, -4.99999999999995));
#1596 = VERTEX_POINT ('', #1595);
#1597 = CARTESIAN_POINT ('', (-16.25, 18., -6.99999999999996));
#1598 = CARTESIAN_POINT ('', (-16.25, 18., -4.99999999999994));
#1599 = B_SPLINE_CURVE_WITH_KNOTS ('', 1, (#1597, #1598), .UNSPECIFIED., .F., .U., (2, 2), (1.12500000000001, 1.62500000000002), .UNSPECIFIED.);
#1600 = EDGE_CURVE ('', #1560, #1596, #1599, .T.);
#1601 = ORIENTED_EDGE ('', *, *, #1600, .T.);
#1602 = CARTESIAN_POINT ('', (-18.25, 18.0000000000006, -5.));
#1603 = CARTESIAN_POINT ('', (-18.2499999999994, 19.0000000000006, -5.));
#1604 = CARTESIAN_POINT ('', (-17.2499999999994, 19., -5.));
#1605 = CARTESIAN_POINT ('', (-16.2499999999994, 18.9999999999994, -5.));
#1606 = CARTESIAN_POINT ('', (-16.25, 17.9999999999994, -5.));
#1607 = (
   BOUNDED_CURVE ()
   B_SPLINE_CURVE (2, (#1602, #1603, #1604, #1605, #1606), .UNSPECIFIED., .F., .U.)
   B_SPLINE_CURVE_WITH_KNOTS ((3, 2, 3), (3.14159265358979, 4.71238898038469, 6.28318530717959), .UNSPECIFIED.)
   CURVE ()
   GEOMETRIC_REPRESENTATION_ITEM ()
   RATIONAL_B_SPLINE_CURVE ((1., 0.707106781186545, 1., 0.70710678118655, 1.))
   REPRESENTATION_ITEM ('')
);
#1608 = EDGE_CURVE ('', #1588, #1596, #1607, .T.);
#1609 = ORIENTED_EDGE ('', *, *, #1608, .F.);
#1610 = EDGE_LOOP ('', (#1593, #1594, #1601, #1609));
#1611 = FACE_OUTER_BOUND ('', #1610, .T.);
#1612 = CARTESIAN_POINT ('', (-16.25, 18., -4.99999999999995));
#1613 = CARTESIAN_POINT ('', (-16.25, 18., -6.99999999999998));
#1614 = CARTESIAN_POINT ('', (-16.25, 19., -4.99999999999995));
#1615 = CARTESIAN_POINT ('', (-16.25, 19., -6.99999999999998));
#1616 = CARTESIAN_POINT ('', (-17.25, 19., -4.99999999999995));
#1617 = CARTESIAN_POINT ('', (-17.25, 19., -6.99999999999998));
#1618 = CARTESIAN_POINT ('', (-18.25, 19., -4.99999999999995));
#1619 = CARTESIAN_POINT ('', (-18.25, 19., -6.99999999999998));
#1620 = CARTESIAN_POINT ('', (-18.25, 18., -4.99999999999995));
#1621 = CARTESIAN_POINT ('', (-18.25, 18., -6.99999999999998));
#1622 = (
   BOUNDED_SURFACE ()
   B_SPLINE_SURFACE (2, 1, ((#1612, #1613), (#1614, #1615), (#1616, #1617), (#1618, #1619), (#1620, #1621)), .UNSPECIFIED., .F., .F., .U.)
   B_SPLINE_SURFACE_WITH_KNOTS ((3, 2, 3), (2, 2), (0., 0.157079632679489, 0.314159265358977), (-0.200000000000003, -5.55111512312578E-17), .UNSPECIFIED.)
   GEOMETRIC_REPRESENTATION_ITEM ()
   RATIONAL_B_SPLINE_SURFACE (((1., 1.), (0.707106781186547, 0.707106781186547), (1., 1.), (0.707106781186547, 0.707106781186547), (1., 1.)))
   REPRESENTATION_ITEM ('')
   SURFACE ()
);
#1623 = ADVANCED_FACE ('', (#1611), #1622, .T.);
#1624 = CARTESIAN_POINT ('', (-16.25, 17.9999999999994, -5.));
#1625 = CARTESIAN_POINT ('', (-16.2500000000006, 16.9999999999994, -5.));
#1626 = CARTESIAN_POINT ('', (-17.2500000000006, 17., -5.));
#1627 = CARTESIAN_POINT ('', (-18.2500000000006, 17.0000000000006, -5.));
#1628 = CARTESIAN_POINT ('', (-18.25, 18.0000000000006, -5.));
#1629 = (
   BOUNDED_CURVE ()
   B_SPLINE_CURVE (2, (#1624, #1625, #1626, #1627, #1628), .UNSPECIFIED., .F., .U.)
   B_SPLINE_CURVE_WITH_KNOTS ((3, 2, 3), (-1.41993731287824E-27, 1.5707963267949, 3.14159265358979), .UNSPECIFIED.)
   CURVE ()
   GEOMETRIC_REPRESENTATION_ITEM ()
   RATIONAL_B_SPLINE_CURVE ((1., 0.707106781186545, 1., 0.70710678118655, 1.))
   REPRESENTATION_ITEM ('')
);
#1630 = EDGE_CURVE ('', #1596, #1588, #1629, .T.);
#1631 = ORIENTED_EDGE ('', *, *, #1630, .T.);
#1632 = ORIENTED_EDGE ('', *, *, #1608, .T.);
#1633 = EDGE_LOOP ('', (#1631, #1632));
#1634 = FACE_OUTER_BOUND ('', #1633, .T.);
#1635 = CARTESIAN_POINT ('', (-16.25, 19., -5.));
#1636 = CARTESIAN_POINT ('', (-18.25, 19., -5.));
#1637 = CARTESIAN_POINT ('', (-16.25, 17., -5.));
#1638 = CARTESIAN_POINT ('', (-18.25, 17., -5.));
#1639 = B_SPLINE_SURFACE_WITH_KNOTS ('', 1, 1, ((#1635, #1636), (#1637, #1638)), .UNSPECIFIED., .F., .F., .U., (2, 2), (2, 2), (0.310610165995491, 0.647327680846232), (0.325600644069817, 0.662318158920558), .UNSPECIFIED.);
#1640 = ADVANCED_FACE ('', (#1634), #1639, .T.);
#1641 = CARTESIAN_POINT ('', (-0.499999999999059, 37.0000000000004, -10.));
#1642 = VERTEX_POINT ('', #1641);
#1643 = CARTESIAN_POINT ('', (0.500000000000757, 37.0000000000004, -10.));
#1644 = VERTEX_POINT ('', #1643);
#1645 = CARTESIAN_POINT ('', (-0.499999999999062, 37.0000000000001, -9.99999999999997));
#1646 = CARTESIAN_POINT ('', (-0.499999999999058, 36.5000000000002, -9.99999999999997));
#1647 = CARTESIAN_POINT ('', (8.49234486517035E-13, 36.5000000000002, -9.99999999999997));
#1648 = CARTESIAN_POINT ('', (0.500000000000756, 36.5000000000002, -9.99999999999997));
#1649 = CARTESIAN_POINT ('', (0.500000000000752, 37.0000000000001, -9.99999999999997));
#1650 = (
   BOUNDED_CURVE ()
   B_SPLINE_CURVE (2, (#1645, #1646, #1647, #1648, #1649), .UNSPECIFIED., .F., .U.)
   B_SPLINE_CURVE_WITH_KNOTS ((3, 2, 3), (0., 1.5707963267949, 3.14159265358979), .UNSPECIFIED.)
   CURVE ()
   GEOMETRIC_REPRESENTATION_ITEM ()
   RATIONAL_B_SPLINE_CURVE ((1., 0.707106781186536, 1., 0.707106781186547, 1.))
   REPRESENTATION_ITEM ('')
);
#1651 = EDGE_CURVE ('', #1642, #1644, #1650, .T.);
#1652 = ORIENTED_EDGE ('', *, *, #1651, .T.);
#1653 = CARTESIAN_POINT ('', (0.500000000000759, 37.0000000000001, -13.));
#1654 = CARTESIAN_POINT ('', (0.500000000000759, 37.0000000000001, -12.));
#1655 = CARTESIAN_POINT ('', (0.500000000000759, 37.0000000000001, -11.));
#1656 = CARTESIAN_POINT ('', (0.500000000000758, 37.0000000000001, -10.));
#1657 = B_SPLINE_CURVE_WITH_KNOTS ('', 3, (#1653, #1654, #1655, #1656), .UNSPECIFIED., .F., .U., (4, 4), (0., 2.99999999999999), .UNSPECIFIED.);
#1658 = EDGE_CURVE ('', #937, #1644, #1657, .T.);
#1659 = ORIENTED_EDGE ('', *, *, #1658, .F.);
#1660 = ORIENTED_EDGE ('', *, *, #944, .F.);
#1661 = CARTESIAN_POINT ('', (-0.499999999999059, 37.0000000000001, -13.));
#1662 = CARTESIAN_POINT ('', (-0.499999999999059, 37.0000000000001, -12.));
#1663 = CARTESIAN_POINT ('', (-0.499999999999059, 37.0000000000001, -11.));
#1664 = CARTESIAN_POINT ('', (-0.499999999999059, 37.0000000000001, -10.));
#1665 = B_SPLINE_CURVE_WITH_KNOTS ('', 3, (#1661, #1662, #1663, #1664), .UNSPECIFIED., .F., .U., (4, 4), (0., 2.99999999999999), .UNSPECIFIED.);
#1666 = EDGE_CURVE ('', #935, #1642, #1665, .T.);
#1667 = ORIENTED_EDGE ('', *, *, #1666, .T.);
#1668 = EDGE_LOOP ('', (#1652, #1659, #1660, #1667));
#1669 = FACE_OUTER_BOUND ('', #1668, .T.);
#1670 = CARTESIAN_POINT ('', (-0.499999999999058, 37.0000000000001, -13.));
#1671 = CARTESIAN_POINT ('', (-0.499999999999054, 36.5000000000002, -13.));
#1672 = CARTESIAN_POINT ('', (8.49820214199326E-13, 36.5000000000002, -13.));
#1673 = CARTESIAN_POINT ('', (0.500000000000754, 36.5000000000002, -13.));
#1674 = CARTESIAN_POINT ('', (0.500000000000749, 37.0000000000001, -13.));
#1675 = CARTESIAN_POINT ('', (-0.499999999999052, 37.0000000000001, -9.99999999999997));
#1676 = CARTESIAN_POINT ('', (-0.499999999999047, 36.5000000000002, -9.99999999999997));
#1677 = CARTESIAN_POINT ('', (8.56481552347078E-13, 36.5000000000002, -9.99999999999997));
#1678 = CARTESIAN_POINT ('', (0.50000000000076, 36.5000000000002, -9.99999999999997));
#1679 = CARTESIAN_POINT ('', (0.500000000000756, 37.0000000000001, -9.99999999999997));
#1680 = (
   BOUNDED_SURFACE ()
   B_SPLINE_SURFACE (1, 2, ((#1670, #1671, #1672, #1673, #1674), (#1675, #1676, #1677, #1678, #1679)), .UNSPECIFIED., .F., .F., .U.)
   B_SPLINE_SURFACE_WITH_KNOTS ((2, 2), (3, 2, 3), (0., 0.300000000000003), (0.157079632679459, 0.235619449019189, 0.314159265358919), .UNSPECIFIED.)
   GEOMETRIC_REPRESENTATION_ITEM ()
   RATIONAL_B_SPLINE_SURFACE (((1., 0.707106781186547, 1., 0.707106781186547, 1.), (1., 0.707106781186547, 1., 0.707106781186547, 1.)))
   REPRESENTATION_ITEM ('')
   SURFACE ()
);
#1681 = ADVANCED_FACE ('', (#1669), #1680, .T.);
#1682 = CARTESIAN_POINT ('', (-3.5, 37.0000000000001, -10.));
#1683 = VERTEX_POINT ('', #1682);
#1684 = CARTESIAN_POINT ('', (-3.5, 34.2500000000002, -10.));
#1685 = VERTEX_POINT ('', #1684);
#1686 = CARTESIAN_POINT ('', (-3.5, 37.0000000000001, -10.));
#1687 = CARTESIAN_POINT ('', (-3.5, 34.2500000000002, -10.));
#1688 = B_SPLINE_CURVE_WITH_KNOTS ('', 1, (#1686, #1687), .UNSPECIFIED., .F., .U., (2, 2), (0., 0.161764705882349), .UNSPECIFIED.);
#1689 = EDGE_CURVE ('', #1683, #1685, #1688, .T.);
#1690 = ORIENTED_EDGE ('', *, *, #1689, .T.);
#1691 = CARTESIAN_POINT ('', (3.49999999999995, 34.2500000000002, -10.));
#1692 = VERTEX_POINT ('', #1691);
#1693 = CARTESIAN_POINT ('', (3.49999999999995, 34.2500000000002, -10.));
#1694 = CARTESIAN_POINT ('', (-3.5, 34.2500000000002, -10.));
#1695 = B_SPLINE_CURVE_WITH_KNOTS ('', 1, (#1693, #1694), .UNSPECIFIED., .F., .U., (2, 2), (0.402626607547876, 0.597373392452175), .UNSPECIFIED.);
#1696 = EDGE_CURVE ('', #1692, #1685, #1695, .T.);
#1697 = ORIENTED_EDGE ('', *, *, #1696, .F.);
#1698 = CARTESIAN_POINT ('', (3.49999999999995, 37.0000000000001, -10.));
#1699 = VERTEX_POINT ('', #1698);
#1700 = CARTESIAN_POINT ('', (3.49999999999995, 34.2500000000002, -10.));
#1701 = CARTESIAN_POINT ('', (3.49999999999995, 35.1666666666668, -10.));
#1702 = CARTESIAN_POINT ('', (3.49999999999995, 36.0833333333335, -10.));
#1703 = CARTESIAN_POINT ('', (3.49999999999995, 37.0000000000001, -10.));
#1704 = B_SPLINE_CURVE_WITH_KNOTS ('', 3, (#1700, #1701, #1702, #1703), .UNSPECIFIED., .F., .U., (4, 4), (14.2500000000001, 17.), .UNSPECIFIED.);
#1705 = EDGE_CURVE ('', #1692, #1699, #1704, .T.);
#1706 = ORIENTED_EDGE ('', *, *, #1705, .T.);
#1707 = CARTESIAN_POINT ('', (0.500000000000757, 37.0000000000004, -10.));
#1708 = CARTESIAN_POINT ('', (3.49999999999995, 37.0000000000004, -10.));
#1709 = B_SPLINE_CURVE_WITH_KNOTS ('', 1, (#1707, #1708), .UNSPECIFIED., .F., .U., (2, 2), (19.4720553626592, 22.4720553626584), .UNSPECIFIED.);
#1710 = EDGE_CURVE ('', #1644, #1699, #1709, .T.);
#1711 = ORIENTED_EDGE ('', *, *, #1710, .F.);
#1712 = ORIENTED_EDGE ('', *, *, #1651, .F.);
#1713 = CARTESIAN_POINT ('', (-3.5, 37.0000000000004, -10.));
#1714 = CARTESIAN_POINT ('', (-0.499999999999059, 37.0000000000004, -10.));
#1715 = B_SPLINE_CURVE_WITH_KNOTS ('', 1, (#1713, #1714), .UNSPECIFIED., .F., .U., (2, 2), (15.4720553626585, 18.4720553626594), .UNSPECIFIED.);
#1716 = EDGE_CURVE ('', #1683, #1642, #1715, .T.);
#1717 = ORIENTED_EDGE ('', *, *, #1716, .F.);
#1718 = EDGE_LOOP ('', (#1690, #1697, #1706, #1711, #1712, #1717));
#1719 = FACE_OUTER_BOUND ('', #1718, .T.);
#1720 = CARTESIAN_POINT ('', (-3.5, 34.2500000000002, -10.));
#1721 = CARTESIAN_POINT ('', (-3.5, 37.0000000000002, -10.));
#1722 = CARTESIAN_POINT ('', (3.49999999999993, 34.2500000000002, -10.));
#1723 = CARTESIAN_POINT ('', (3.49999999999993, 37.0000000000002, -10.));
#1724 = B_SPLINE_SURFACE_WITH_KNOTS ('', 1, 1, ((#1720, #1721), (#1722, #1723)), .UNSPECIFIED., .F., .F., .U., (2, 2), (2, 2), (0.478635782167665, 0.521364217832332), (0.608333680932503, 0.62511985208648), .UNSPECIFIED.);
#1725 = ADVANCED_FACE ('', (#1719), #1724, .T.);
#1726 = ORIENTED_EDGE ('', *, *, #1705, .F.);
#1727 = CARTESIAN_POINT ('', (5.49999999999995, 34.2500000000002, -7.99999999999999));
#1728 = VERTEX_POINT ('', #1727);
#1729 = CARTESIAN_POINT ('', (3.49999999999997, 34.2500000000002, -10.));
#1730 = CARTESIAN_POINT ('', (3.61097994393055, 34.2500000000002, -10.));
#1731 = CARTESIAN_POINT ('', (3.73294217393117, 34.2500000000002, -9.9894859867713));
#1732 = CARTESIAN_POINT ('', (3.95206227923802, 34.2500000000002, -9.95142369171984));
#1733 = CARTESIAN_POINT ('', (4.06816679140881, 34.2500000000002, -9.92083347171358));
#1734 = CARTESIAN_POINT ('', (4.27840894587459, 34.2500000000002, -9.84569463287658));
#1735 = CARTESIAN_POINT ('', (4.3856131791961, 34.2500000000002, -9.79671880428774));
#1736 = CARTESIAN_POINT ('', (4.5807761468648, 34.2500000000002, -9.68657176466285));
#1737 = CARTESIAN_POINT ('', (4.67639276102475, 34.2500000000002, -9.62132707027252));
#1738 = CARTESIAN_POINT ('', (4.85075105014793, 34.2500000000002, -9.47924454200333));
#1739 = CARTESIAN_POINT ('', (4.93251214602996, 34.2500000000002, -9.40021489993465));
#1740 = CARTESIAN_POINT ('', (5.08096999818164, 34.2500000000002, -9.23017015407686));
#1741 = CARTESIAN_POINT ('', (5.14708101229439, 34.2500000000002, -9.14013546654388));
#1742 = CARTESIAN_POINT ('', (5.26530579911262, 34.2500000000002, -8.94687589439445));
#1743 = CARTESIAN_POINT ('', (5.3144872061276, 34.2500000000002, -8.8488313746354));
#1744 = CARTESIAN_POINT ('', (5.39901871022972, 34.2500000000002, -8.63773311821349));
#1745 = CARTESIAN_POINT ('', (5.43053428303009, 34.2500000000002, -8.53480180807083));
#1746 = CARTESIAN_POINT ('', (5.4788669991174, 34.2500000000002, -8.31170974809545));
#1747 = CARTESIAN_POINT ('', (5.49253795979604, 34.2500000000002, -8.20705082956526));
#1748 = CARTESIAN_POINT ('', (5.49929473299061, 34.2500000000002, -8.06161402736643));
#1749 = CARTESIAN_POINT ('', (5.49999999999998, 34.2500000000002, -8.03123648079534));
#1750 = CARTESIAN_POINT ('', (5.49999999999998, 34.2500000000002, -7.99999999999999));
#1751 = B_SPLINE_CURVE_WITH_KNOTS ('', 3, (#1729, #1730, #1731, #1732, #1733, #1734, #1735, #1736, #1737, #1738, #1739, #1740, #1741, #1742, #1743, #1744, #1745, #1746, #1747, #1748, #1749, #1750), .UNSPECIFIED., .F., .U., (4, 2, 2, 2, 2, 2, 2, 2, 2, 2, 4), (0., 0.332939831791748, 0.667204039022863, 1.00273717244461, 1.33950500480114, 1.67749218015329, 2.01670109540857, 2.35715184646457, 2.69888321291913, 3.04195478747456, 3.13566422986061), .UNSPECIFIED.);
#1752 = EDGE_CURVE ('', #1692, #1728, #1751, .T.);
#1753 = ORIENTED_EDGE ('', *, *, #1752, .T.);
#1754 = CARTESIAN_POINT ('', (5.49999999999996, 37.0000000000001, -7.99999999999999));
#1755 = VERTEX_POINT ('', #1754);
#1756 = CARTESIAN_POINT ('', (5.49999999999996, 37.0000000000001, -7.99999999999999));
#1757 = CARTESIAN_POINT ('', (5.49999999999996, 34.2500000000002, -7.99999999999999));
#1758 = B_SPLINE_CURVE_WITH_KNOTS ('', 1, (#1756, #1757), .UNSPECIFIED., .F., .U., (2, 2), (0., 0.161764705882348), .UNSPECIFIED.);
#1759 = EDGE_CURVE ('', #1755, #1728, #1758, .T.);
#1760 = ORIENTED_EDGE ('', *, *, #1759, .F.);
#1761 = CARTESIAN_POINT ('', (5.49999999999996, 37.0000000000001, -7.99999999999999));
#1762 = CARTESIAN_POINT ('', (5.49999999999997, 37.0000000000001, -10.));
#1763 = CARTESIAN_POINT ('', (3.49999999999996, 37.0000000000001, -10.));
#1764 = (
   BOUNDED_CURVE ()
   B_SPLINE_CURVE (2, (#1761, #1762, #1763), .UNSPECIFIED., .F., .U.)
   B_SPLINE_CURVE_WITH_KNOTS ((3, 3), (0., 1.5707963267949), .UNSPECIFIED.)
   CURVE ()
   GEOMETRIC_REPRESENTATION_ITEM ()
   RATIONAL_B_SPLINE_CURVE ((1., 0.707106781186547, 1.))
   REPRESENTATION_ITEM ('')
);
#1765 = EDGE_CURVE ('', #1755, #1699, #1764, .T.);
#1766 = ORIENTED_EDGE ('', *, *, #1765, .T.);
#1767 = EDGE_LOOP ('', (#1726, #1753, #1760, #1766));
#1768 = FACE_OUTER_BOUND ('', #1767, .T.);
#1769 = CARTESIAN_POINT ('', (3.49999999999999, 34.2497584203337, -10.));
#1770 = CARTESIAN_POINT ('', (3.49999999999999, 37.0000000000001, -10.0000000000002));
#1771 = CARTESIAN_POINT ('', (5.49999999999998, 34.2497584203337, -9.99999999999998));
#1772 = CARTESIAN_POINT ('', (5.49999999999998, 37.0000000000001, -10.0000000000002));
#1773 = CARTESIAN_POINT ('', (5.49999999999996, 34.2497584203338, -7.99999999999999));
#1774 = CARTESIAN_POINT ('', (5.49999999999996, 37.0000000000002, -8.00000000000022));
#1775 = (
   BOUNDED_SURFACE ()
   B_SPLINE_SURFACE (2, 1, ((#1769, #1770), (#1771, #1772), (#1773, #1774)), .UNSPECIFIED., .F., .F., .U.)
   B_SPLINE_SURFACE_WITH_KNOTS ((3, 3), (2, 2), (0., 0.314159265358977), (-0.275024157966638, 0.), .UNSPECIFIED.)
   GEOMETRIC_REPRESENTATION_ITEM ()
   RATIONAL_B_SPLINE_SURFACE (((1., 1.), (0.707106781186547, 0.707106781186547), (1., 1.)))
   REPRESENTATION_ITEM ('')
   SURFACE ()
);
#1776 = ADVANCED_FACE ('', (#1768), #1775, .T.);
#1777 = ORIENTED_EDGE ('', *, *, #1759, .T.);
#1778 = CARTESIAN_POINT ('', (5.49999999999995, 34.2500000000002, -5.));
#1779 = VERTEX_POINT ('', #1778);
#1780 = CARTESIAN_POINT ('', (5.49999999999995, 34.2500000000002, -4.99999999999999));
#1781 = CARTESIAN_POINT ('', (5.49999999999995, 34.2500000000002, -7.99999999999998));
#1782 = B_SPLINE_CURVE_WITH_KNOTS ('', 1, (#1780, #1781), .UNSPECIFIED., .F., .U., (2, 2), (0., 1.), .UNSPECIFIED.);
#1783 = EDGE_CURVE ('', #1779, #1728, #1782, .T.);
#1784 = ORIENTED_EDGE ('', *, *, #1783, .F.);
#1785 = CARTESIAN_POINT ('', (5.49999999999996, 37.0000000000001, -5.));
#1786 = VERTEX_POINT ('', #1785);
#1787 = CARTESIAN_POINT ('', (5.49999999999996, 37.0000000000001, -5.));
#1788 = CARTESIAN_POINT ('', (5.49999999999996, 34.2500000000002, -5.));
#1789 = B_SPLINE_CURVE_WITH_KNOTS ('', 1, (#1787, #1788), .UNSPECIFIED., .F., .U., (2, 2), (0., 0.161764705882348), .UNSPECIFIED.);
#1790 = EDGE_CURVE ('', #1786, #1779, #1789, .T.);
#1791 = ORIENTED_EDGE ('', *, *, #1790, .F.);
#1792 = CARTESIAN_POINT ('', (5.49999999999996, 37.0000000000001, -7.99999999999999));
#1793 = CARTESIAN_POINT ('', (5.49999999999996, 37.0000000000001, -5.));
#1794 = B_SPLINE_CURVE_WITH_KNOTS ('', 1, (#1792, #1793), .UNSPECIFIED., .F., .U., (2, 2), (0., 1.), .UNSPECIFIED.);
#1795 = EDGE_CURVE ('', #1755, #1786, #1794, .T.);
#1796 = ORIENTED_EDGE ('', *, *, #1795, .F.);
#1797 = EDGE_LOOP ('', (#1777, #1784, #1791, #1796));
#1798 = FACE_OUTER_BOUND ('', #1797, .T.);
#1799 = CARTESIAN_POINT ('', (5.49999999999995, 37.0000000000001, -5.00000000000004));
#1800 = CARTESIAN_POINT ('', (5.49999999999995, 34.2500000000002, -5.00000000000003));
#1801 = CARTESIAN_POINT ('', (5.49999999999995, 37.0000000000001, -8.00000000000002));
#1802 = CARTESIAN_POINT ('', (5.49999999999995, 34.2500000000002, -8.00000000000002));
#1803 = B_SPLINE_SURFACE_WITH_KNOTS ('', 1, 1, ((#1799, #1800), (#1801, #1802)), .UNSPECIFIED., .F., .F., .U., (2, 2), (2, 2), (2.09999999999999, 2.39999999999998), (-1.33226762955019E-15, 0.27499999999999), .UNSPECIFIED.);
#1804 = ADVANCED_FACE ('', (#1798), #1803, .T.);
#1805 = CARTESIAN_POINT ('', (-5.50000000000001, 37.0000000000001, -8.));
#1806 = VERTEX_POINT ('', #1805);
#1807 = CARTESIAN_POINT ('', (-5.50000000000001, 34.2500000000002, -7.99999999999999));
#1808 = VERTEX_POINT ('', #1807);
#1809 = CARTESIAN_POINT ('', (-5.50000000000001, 37.0000000000001, -8.));
#1810 = CARTESIAN_POINT ('', (-5.50000000000001, 34.2500000000002, -8.));
#1811 = B_SPLINE_CURVE_WITH_KNOTS ('', 1, (#1809, #1810), .UNSPECIFIED., .F., .U., (2, 2), (0., 0.161764705882349), .UNSPECIFIED.);
#1812 = EDGE_CURVE ('', #1806, #1808, #1811, .T.);
#1813 = ORIENTED_EDGE ('', *, *, #1812, .T.);
#1814 = CARTESIAN_POINT ('', (-5.49999999999999, 34.2500000000002, -8.));
#1815 = CARTESIAN_POINT ('', (-5.49999999999999, 34.2500000000002, -8.11097994393057));
#1816 = CARTESIAN_POINT ('', (-5.48948598677131, 34.2500000000002, -8.23294217393121));
#1817 = CARTESIAN_POINT ('', (-5.45142369171986, 34.2500000000002, -8.45206227923806));
#1818 = CARTESIAN_POINT ('', (-5.4208334717136, 34.2500000000002, -8.56816679140885));
#1819 = CARTESIAN_POINT ('', (-5.3456946328766, 34.2500000000002, -8.77840894587462));
#1820 = CARTESIAN_POINT ('', (-5.29671880428776, 34.2500000000002, -8.88561317919613));
#1821 = CARTESIAN_POINT ('', (-5.18657176466288, 34.2500000000002, -9.08077614686483));
#1822 = CARTESIAN_POINT ('', (-5.12132707027254, 34.2500000000002, -9.17639276102478));
#1823 = CARTESIAN_POINT ('', (-4.97924454200335, 34.2500000000002, -9.35075105014796));
#1824 = CARTESIAN_POINT ('', (-4.90021489993468, 34.2500000000002, -9.43251214602999));
#1825 = CARTESIAN_POINT ('', (-4.73017015407689, 34.2500000000002, -9.58096999818166));
#1826 = CARTESIAN_POINT ('', (-4.64013546654391, 34.2500000000002, -9.64708101229442));
#1827 = CARTESIAN_POINT ('', (-4.44687589439449, 34.2500000000002, -9.76530579911265));
#1828 = CARTESIAN_POINT ('', (-4.34883137463544, 34.2500000000002, -9.81448720612764));
#1829 = CARTESIAN_POINT ('', (-4.13773311821355, 34.2500000000002, -9.89901871022976));
#1830 = CARTESIAN_POINT ('', (-4.03480180807088, 34.2500000000002, -9.93053428303013));
#1831 = CARTESIAN_POINT ('', (-3.81170974809549, 34.2500000000002, -9.97886699911744));
#1832 = CARTESIAN_POINT ('', (-3.7070508295653, 34.2500000000002, -9.99253795979608));
#1833 = CARTESIAN_POINT ('', (-3.56161402736645, 34.2500000000002, -9.99929473299065));
#1834 = CARTESIAN_POINT ('', (-3.53123648079535, 34.2500000000002, -10.));
#1835 = CARTESIAN_POINT ('', (-3.49999999999999, 34.2500000000002, -10.));
#1836 = B_SPLINE_CURVE_WITH_KNOTS ('', 3, (#1814, #1815, #1816, #1817, #1818, #1819, #1820, #1821, #1822, #1823, #1824, #1825, #1826, #1827, #1828, #1829, #1830, #1831, #1832, #1833, #1834, #1835), .UNSPECIFIED., .F., .U., (4, 2, 2, 2, 2, 2, 2, 2, 2, 2, 4), (0., 0.332939831791734, 0.667204039022855, 1.0027371724446, 1.33950500480113, 1.67749218015328, 2.01670109540855, 2.35715184646453, 2.69888321291909, 3.04195478747453, 3.13566422986062), .UNSPECIFIED.);
#1837 = EDGE_CURVE ('', #1808, #1685, #1836, .T.);
#1838 = ORIENTED_EDGE ('', *, *, #1837, .T.);
#1839 = ORIENTED_EDGE ('', *, *, #1689, .F.);
#1840 = CARTESIAN_POINT ('', (-3.5, 37.0000000000001, -10.));
#1841 = CARTESIAN_POINT ('', (-5.5, 37.0000000000001, -10.));
#1842 = CARTESIAN_POINT ('', (-5.50000000000001, 37.0000000000001, -8.00000000000001));
#1843 = (
   BOUNDED_CURVE ()
   B_SPLINE_CURVE (2, (#1840, #1841, #1842), .UNSPECIFIED., .F., .U.)
   B_SPLINE_CURVE_WITH_KNOTS ((3, 3), (0., 1.5707963267949), .UNSPECIFIED.)
   CURVE ()
   GEOMETRIC_REPRESENTATION_ITEM ()
   RATIONAL_B_SPLINE_CURVE ((1., 0.707106781186548, 1.))
   REPRESENTATION_ITEM ('')
);
#1844 = EDGE_CURVE ('', #1683, #1806, #1843, .T.);
#1845 = ORIENTED_EDGE ('', *, *, #1844, .T.);
#1846 = EDGE_LOOP ('', (#1813, #1838, #1839, #1845));
#1847 = FACE_OUTER_BOUND ('', #1846, .T.);
#1848 = CARTESIAN_POINT ('', (-5.50000000000001, 34.2497584203337, -7.99999999999979));
#1849 = CARTESIAN_POINT ('', (-5.50000000000013, 36.9999999999999, -8.00000000000002));
#1850 = CARTESIAN_POINT ('', (-5.50000000000001, 34.2497584203336, -9.99999999999974));
#1851 = CARTESIAN_POINT ('', (-5.50000000000013, 36.9999999999998, -9.99999999999998));
#1852 = CARTESIAN_POINT ('', (-3.50000000000006, 34.2497584203336, -9.99999999999974));
#1853 = CARTESIAN_POINT ('', (-3.50000000000017, 36.9999999999998, -9.99999999999997));
#1854 = (
   BOUNDED_SURFACE ()
   B_SPLINE_SURFACE (2, 1, ((#1848, #1849), (#1850, #1851), (#1852, #1853)), .UNSPECIFIED., .F., .F., .U.)
   B_SPLINE_SURFACE_WITH_KNOTS ((3, 3), (2, 2), (0., 0.314159265358972), (-0.275024157966619, 0.), .UNSPECIFIED.)
   GEOMETRIC_REPRESENTATION_ITEM ()
   RATIONAL_B_SPLINE_SURFACE (((1., 1.), (0.707106781186547, 0.707106781186547), (1., 1.)))
   REPRESENTATION_ITEM ('')
   SURFACE ()
);
#1855 = ADVANCED_FACE ('', (#1847), #1854, .T.);
#1856 = CARTESIAN_POINT ('', (-5.5, 37.0000000000001, -4.99999999999999));
#1857 = VERTEX_POINT ('', #1856);
#1858 = CARTESIAN_POINT ('', (-5.50000000000001, 34.2500000000002, -4.99999999999999));
#1859 = VERTEX_POINT ('', #1858);
#1860 = CARTESIAN_POINT ('', (-5.50000000000001, 37.0000000000001, -4.99999999999999));
#1861 = CARTESIAN_POINT ('', (-5.50000000000001, 34.2500000000002, -4.99999999999999));
#1862 = B_SPLINE_CURVE_WITH_KNOTS ('', 1, (#1860, #1861), .UNSPECIFIED., .F., .U., (2, 2), (0., 0.161764705882349), .UNSPECIFIED.);
#1863 = EDGE_CURVE ('', #1857, #1859, #1862, .T.);
#1864 = ORIENTED_EDGE ('', *, *, #1863, .T.);
#1865 = CARTESIAN_POINT ('', (-5.50000000000001, 34.2500000000002, -8.00000000000001));
#1866 = CARTESIAN_POINT ('', (-5.5, 34.2500000000002, -4.99999999999999));
#1867 = B_SPLINE_CURVE_WITH_KNOTS ('', 1, (#1865, #1866), .UNSPECIFIED., .F., .U., (2, 2), (0., 1.), .UNSPECIFIED.);
#1868 = EDGE_CURVE ('', #1808, #1859, #1867, .T.);
#1869 = ORIENTED_EDGE ('', *, *, #1868, .F.);
#1870 = ORIENTED_EDGE ('', *, *, #1812, .F.);
#1871 = CARTESIAN_POINT ('', (-5.5, 37.0000000000001, -4.99999999999999));
#1872 = CARTESIAN_POINT ('', (-5.50000000000001, 37.0000000000001, -8.));
#1873 = B_SPLINE_CURVE_WITH_KNOTS ('', 1, (#1871, #1872), .UNSPECIFIED., .F., .U., (2, 2), (0., 1.), .UNSPECIFIED.);
#1874 = EDGE_CURVE ('', #1857, #1806, #1873, .T.);
#1875 = ORIENTED_EDGE ('', *, *, #1874, .F.);
#1876 = EDGE_LOOP ('', (#1864, #1869, #1870, #1875));
#1877 = FACE_OUTER_BOUND ('', #1876, .T.);
#1878 = CARTESIAN_POINT ('', (-5.5, 37., -8.));
#1879 = CARTESIAN_POINT ('', (-5.5, 34.2500000000001, -7.99999999999999));
#1880 = CARTESIAN_POINT ('', (-5.5, 37., -4.99999999999998));
#1881 = CARTESIAN_POINT ('', (-5.5, 34.2500000000001, -4.99999999999998));
#1882 = B_SPLINE_SURFACE_WITH_KNOTS ('', 1, 1, ((#1878, #1879), (#1880, #1881)), .UNSPECIFIED., .F., .F., .U., (2, 2), (2, 2), (0.899999999999995, 1.2), (8.88178419700125E-16, 0.274999999999994), .UNSPECIFIED.);
#1883 = ADVANCED_FACE ('', (#1877), #1882, .T.);
#1884 = ORIENTED_EDGE ('', *, *, #700, .F.);
#1885 = ORIENTED_EDGE ('', *, *, #725, .T.);
#1886 = CARTESIAN_POINT ('', (-17.9720553626585, 37.0000000000004, -10.));
#1887 = CARTESIAN_POINT ('', (-17.9720553626585, 37.0000000000004, -13.));
#1888 = B_SPLINE_CURVE_WITH_KNOTS ('', 1, (#1886, #1887), .UNSPECIFIED., .F., .U., (2, 2), (0., 1.), .UNSPECIFIED.);
#1889 = EDGE_CURVE ('', #713, #956, #1888, .T.);
#1890 = ORIENTED_EDGE ('', *, *, #1889, .T.);
#1891 = ORIENTED_EDGE ('', *, *, #963, .F.);
#1892 = EDGE_LOOP ('', (#1884, #1885, #1890, #1891));
#1893 = FACE_OUTER_BOUND ('', #1892, .T.);
#1894 = CARTESIAN_POINT ('', (-26.6223672552767, 21.982819102282, -10.));
#1895 = CARTESIAN_POINT ('', (-26.6223672552767, 21.9828191022821, -13.0000000000002));
#1896 = CARTESIAN_POINT ('', (-29.5223586802234, 26.9828043177076, -9.99999999999993));
#1897 = CARTESIAN_POINT ('', (-29.5223586802235, 26.9828043177076, -13.0000000000001));
#1898 = CARTESIAN_POINT ('', (-26.6372676790759, 31.991402158854, -9.99999999999985));
#1899 = CARTESIAN_POINT ('', (-26.6372676790759, 31.9914021588541, -13.));
#1900 = CARTESIAN_POINT ('', (-23.7521766779284, 37.0000000000004, -9.99999999999979));
#1901 = CARTESIAN_POINT ('', (-23.7521766779284, 37.0000000000005, -13.));
#1902 = CARTESIAN_POINT ('', (-17.9720553626584, 37.0000000000003, -9.99999999999984));
#1903 = CARTESIAN_POINT ('', (-17.9720553626584, 37.0000000000003, -13.));
#1904 = (
   BOUNDED_SURFACE ()
   B_SPLINE_SURFACE (2, 1, ((#1894, #1895), (#1896, #1897), (#1898, #1899), (#1900, #1901), (#1902, #1903)), .UNSPECIFIED., .F., .F., .U.)
   B_SPLINE_SURFACE_WITH_KNOTS ((3, 2, 3), (2, 2), (0., 1.04819006017325, 2.09638012034651), (0., 0.300000000000017), .UNSPECIFIED.)
   GEOMETRIC_REPRESENTATION_ITEM ()
   RATIONAL_B_SPLINE_SURFACE (((1., 1.), (0.865777169913064, 0.865777169913064), (1., 1.), (0.865777169913064, 0.865777169913064), (1., 1.)))
   REPRESENTATION_ITEM ('')
   SURFACE ()
);
#1905 = ADVANCED_FACE ('', (#1893), #1904, .T.);
#1906 = ORIENTED_EDGE ('', *, *, #734, .T.);
#1907 = CARTESIAN_POINT ('', (-26.6223672552767, 21.9828191022819, -1.50000000000005));
#1908 = CARTESIAN_POINT ('', (-26.6223672552767, 21.9828191022818, -0.87867965644036));
#1909 = CARTESIAN_POINT ('', (-26.2423246011812, 22.2032438416572, -0.439339828220167));
#1910 = (
   BOUNDED_CURVE ()
   B_SPLINE_CURVE (2, (#1907, #1908, #1909), .UNSPECIFIED., .F., .U.)
   B_SPLINE_CURVE_WITH_KNOTS ((3, 3), (0., 0.785398163397496), .UNSPECIFIED.)
   CURVE ()
   GEOMETRIC_REPRESENTATION_ITEM ()
   RATIONAL_B_SPLINE_CURVE ((1., 0.853553390593265, 0.853553390593274))
   REPRESENTATION_ITEM ('')
);
#1911 = EDGE_CURVE ('', #684, #629, #1910, .T.);
#1912 = ORIENTED_EDGE ('', *, *, #1911, .T.);
#1913 = ORIENTED_EDGE ('', *, *, #648, .T.);
#1914 = ORIENTED_EDGE ('', *, *, #561, .T.);
#1915 = CARTESIAN_POINT ('', (-17.9720553626585, 36.56066017178, -0.439339828220135));
#1916 = VERTEX_POINT ('', #1915);
#1917 = CARTESIAN_POINT ('', (-17.9720553626585, 35.5000000000001, 8.88178419700125E-15));
#1918 = CARTESIAN_POINT ('', (-17.9720553626585, 36.1213203435598, 1.07212619332356E-14));
#1919 = CARTESIAN_POINT ('', (-17.9720553626585, 36.56066017178, -0.439339828220135));
#1920 = (
   BOUNDED_CURVE ()
   B_SPLINE_CURVE (2, (#1917, #1918, #1919), .UNSPECIFIED., .F., .U.)
   B_SPLINE_CURVE_WITH_KNOTS ((3, 3), (0., 0.785398163397399), .UNSPECIFIED.)
   CURVE ()
   GEOMETRIC_REPRESENTATION_ITEM ()
   RATIONAL_B_SPLINE_CURVE ((1., 0.853553390593282, 0.853553390593273))
   REPRESENTATION_ITEM ('')
);
#1921 = EDGE_CURVE ('', #547, #1916, #1920, .T.);
#1922 = ORIENTED_EDGE ('', *, *, #1921, .T.);
#1923 = CARTESIAN_POINT ('', (-17.9720553626585, 36.56066017178, -0.439339828220135));
#1924 = CARTESIAN_POINT ('', (-17.9720553626585, 37.0000000000002, -0.878679656440345));
#1925 = CARTESIAN_POINT ('', (-17.9720553626585, 37.0000000000002, -1.50000000000006));
#1926 = (
   BOUNDED_CURVE ()
   B_SPLINE_CURVE (2, (#1923, #1924, #1925), .UNSPECIFIED., .F., .U.)
   B_SPLINE_CURVE_WITH_KNOTS ((3, 3), (0.785398163397399, 1.5707963267949), .UNSPECIFIED.)
   CURVE ()
   GEOMETRIC_REPRESENTATION_ITEM ()
   RATIONAL_B_SPLINE_CURVE ((0.853553390593273, 0.853553390593264, 1.))
   REPRESENTATION_ITEM ('')
);
#1927 = EDGE_CURVE ('', #1916, #711, #1926, .T.);
#1928 = ORIENTED_EDGE ('', *, *, #1927, .T.);
#1929 = EDGE_LOOP ('', (#1906, #1912, #1913, #1914, #1922, #1928));
#1930 = FACE_OUTER_BOUND ('', #1929, .T.);
#1931 = CARTESIAN_POINT ('', (-17.9720553626584, 35.4999652818855, -4.01832231753726E-10));
#1932 = CARTESIAN_POINT ('', (-26.4720206445439, 35.4999652818855, -4.01832231753726E-10));
#1933 = CARTESIAN_POINT ('', (-26.4720206445439, 27.0000000000001, -4.01832231753726E-10));
#1934 = CARTESIAN_POINT ('', (-26.4720206445439, 24.7133967684231, -4.01832231753726E-10));
#1935 = CARTESIAN_POINT ('', (-25.3247904391302, 22.7354136556426, -4.01832231753726E-10));
#1936 = CARTESIAN_POINT ('', (-17.9720553626584, 35.4999826409428, -4.9737991503207E-14));
#1937 = CARTESIAN_POINT ('', (-26.4720380036012, 35.4999826409428, -4.9737991503207E-14));
#1938 = CARTESIAN_POINT ('', (-26.4720380036012, 27.0000000000001, -4.9737991503207E-14));
#1939 = CARTESIAN_POINT ('', (-26.4720380036012, 24.7133920986068, -4.9737991503207E-14));
#1940 = CARTESIAN_POINT ('', (-25.3248054552562, 22.7354049462895, -4.9737991503207E-14));
#1941 = CARTESIAN_POINT ('', (-17.9720553626584, 35.5000000000001, -4.9737991503207E-14));
#1942 = CARTESIAN_POINT ('', (-26.4720553626585, 35.5000000000001, -4.9737991503207E-14));
#1943 = CARTESIAN_POINT ('', (-26.4720553626585, 27.0000000000001, -4.9737991503207E-14));
#1944 = CARTESIAN_POINT ('', (-26.4720553626585, 24.7133874287905, -4.9737991503207E-14));
#1945 = CARTESIAN_POINT ('', (-25.3248204713821, 22.7353962369365, -4.9737991503207E-14));
#1946 = CARTESIAN_POINT ('', (-17.9720553626585, 37.0000000000001, -4.9737991503207E-14));
#1947 = CARTESIAN_POINT ('', (-27.9720553626585, 37.0000000000001, -4.9737991503207E-14));
#1948 = CARTESIAN_POINT ('', (-27.9720553626585, 27.0000000000001, -4.9737991503207E-14));
#1949 = CARTESIAN_POINT ('', (-27.9720553626585, 24.3098675632829, -4.9737991503207E-14));
#1950 = CARTESIAN_POINT ('', (-26.6223672552746, 21.9828191022782, -4.9737991503207E-14));
#1951 = CARTESIAN_POINT ('', (-17.9720553626584, 37.0000000000001, -1.50000000000005));
#1952 = CARTESIAN_POINT ('', (-27.9720553626585, 37.0000000000001, -1.50000000000005));
#1953 = CARTESIAN_POINT ('', (-27.9720553626585, 27.0000000000001, -1.50000000000005));
#1954 = CARTESIAN_POINT ('', (-27.9720553626585, 24.3098675632829, -1.50000000000005));
#1955 = CARTESIAN_POINT ('', (-26.6223672552745, 21.9828191022782, -1.50000000000005));
#1956 = (
   BOUNDED_SURFACE ()
   B_SPLINE_SURFACE (2, 2, ((#1931, #1932, #1933, #1934, #1935), (#1936, #1937, #1938, #1939, #1940), (#1941, #1942, #1943, #1944, #1945), (#1946, #1947, #1948, #1949, #1950), (#1951, #1952, #1953, #1954, #1955)), .UNSPECIFIED., .F., .F., .U.)
   B_SPLINE_SURFACE_WITH_KNOTS ((3, 2, 3), (3, 2, 3), (-1.57082203475816, -1.5707963267949, 0.), (1.5707963267949, 3.14159265358979, 3.67927631194141), .UNSPECIFIED.)
   GEOMETRIC_REPRESENTATION_ITEM ()
   RATIONAL_B_SPLINE_SURFACE (((0.999990413060242, 0.707100002196434, 0.999990413060242, 0.899734011308468, 0.868113151857783), (0.999995206451669, 0.707103391636017, 0.999995206451669, 0.899738324127111, 0.868117313103816), (1., 0.707106781186547, 1., 0.899742637086928, 0.868121474486062), (0.707106781186548, 0.5, 0.707106781186548, 0.636214120006833, 0.613854581502759), (1., 0.707106781186547, 1., 0.899742637086928, 0.868121474486062)))
   REPRESENTATION_ITEM ('')
   SURFACE ()
);
#1957 = ADVANCED_FACE ('', (#1930), #1956, .T.);
#1958 = CARTESIAN_POINT ('', (-0.497823346718352, 36.5606601717799, -0.439339828220195));
#1959 = VERTEX_POINT ('', #1958);
#1960 = CARTESIAN_POINT ('', (-0.497823346718352, 36.5606601717799, -0.439339828220195));
#1961 = CARTESIAN_POINT ('', (-17.9720553626585, 36.5606601717799, -0.439339828220168));
#1962 = B_SPLINE_CURVE_WITH_KNOTS ('', 1, (#1960, #1961), .UNSPECIFIED., .F., .U., (2, 2), (-1.74742320159401, 0.), .UNSPECIFIED.);
#1963 = EDGE_CURVE ('', #1959, #1916, #1962, .T.);
#1964 = ORIENTED_EDGE ('', *, *, #1963, .T.);
#1965 = ORIENTED_EDGE ('', *, *, #1921, .F.);
#1966 = ORIENTED_EDGE ('', *, *, #551, .T.);
#1967 = CARTESIAN_POINT ('', (-0.498914384372935, 36.9670754233707, -1.18758826633514));
#1968 = VERTEX_POINT ('', #1967);
#1969 = CARTESIAN_POINT ('', (-0.499999999999906, 35.5000000000001, 7.105427357601E-15));
#1970 = CARTESIAN_POINT ('', (-0.499999999999904, 35.6753643826663, 7.105427357601E-15));
#1971 = CARTESIAN_POINT ('', (-0.499999975687879, 35.8454967416018, -0.0298351560962606));
#1972 = CARTESIAN_POINT ('', (-0.499999971576094, 36.1186111453217, -0.128663467839748));
#1973 = CARTESIAN_POINT ('', (-0.500000002070159, 36.2150213181496, -0.176373108408155));
#1974 = CARTESIAN_POINT ('', (-0.499999996808482, 36.4086352475687, -0.300981580849717));
#1975 = CARTESIAN_POINT ('', (-0.500000000027617, 36.4887419509262, -0.366133809894464));
#1976 = CARTESIAN_POINT ('', (-0.499999999971858, 36.6466227969477, -0.526677527985968));
#1977 = CARTESIAN_POINT ('', (-0.499999999320045, 36.7233327315052, -0.625038571686921));
#1978 = CARTESIAN_POINT ('', (-0.500000000566242, 36.8379162328414, -0.812910294248971));
#1979 = CARTESIAN_POINT ('', (-0.499999957962295, 36.8883635796962, -0.921589522551161));
#1980 = CARTESIAN_POINT ('', (-0.49999998629868, 36.9405434082432, -1.07825634415261));
#1981 = CARTESIAN_POINT ('', (-0.49999994967574, 36.9552555673166, -1.13260670198121));
#1982 = CARTESIAN_POINT ('', (-0.499999901110377, 36.9669660968262, -1.18759628400988));
#1983 = B_SPLINE_CURVE_WITH_KNOTS ('', 3, (#1969, #1970, #1971, #1972, #1973, #1974, #1975, #1976, #1977, #1978, #1979, #1980, #1981, #1982), .UNSPECIFIED., .F., .U., (4, 2, 2, 2, 2, 2, 4), (0., 0.526093147998458, 0.871336108796145, 1.21683378356566, 1.54684023360353, 1.8770053266149, 2.042223971206), .UNSPECIFIED.);
#1984 = EDGE_CURVE ('', #540, #1968, #1983, .T.);
#1985 = ORIENTED_EDGE ('', *, *, #1984, .T.);
#1986 = CARTESIAN_POINT ('', (-0.499999999999062, 37.0000000000001, -1.49999999999999));
#1987 = VERTEX_POINT ('', #1986);
#1988 = CARTESIAN_POINT ('', (-0.498914384372935, 36.9670754233707, -1.18758826633514));
#1989 = CARTESIAN_POINT ('', (-0.49928317474852, 36.9726620841867, -1.21383555172443));
#1990 = CARTESIAN_POINT ('', (-0.499513612350529, 36.9775750131539, -1.24027020090459));
#1991 = CARTESIAN_POINT ('', (-0.499949244278591, 36.9894451067442, -1.31548486454761));
#1992 = CARTESIAN_POINT ('', (-0.499981000773536, 36.9948143636839, -1.36575149630773));
#1993 = CARTESIAN_POINT ('', (-0.500001876508533, 36.99920660746, -1.44368789636419));
#1994 = CARTESIAN_POINT ('', (-0.499999999999063, 37.0000000000001, -1.4718663026994));
#1995 = CARTESIAN_POINT ('', (-0.499999999999063, 37.0000000000001, -1.50000000000002));
#1996 = B_SPLINE_CURVE_WITH_KNOTS ('', 3, (#1988, #1989, #1990, #1991, #1992, #1993, #1994, #1995), .UNSPECIFIED., .F., .U., (4, 2, 2, 4), (2.70744767824562, 2.78610894461013, 2.93588806590852, 3.02028915781035), .UNSPECIFIED.);
#1997 = EDGE_CURVE ('', #1968, #1987, #1996, .T.);
#1998 = ORIENTED_EDGE ('', *, *, #1997, .T.);
#1999 = CARTESIAN_POINT ('', (-0.499999999999069, 37.0000000000001, -1.49999999999999));
#2000 = CARTESIAN_POINT ('', (-17.9720553626585, 37.0000000000001, -1.49999999999999));
#2001 = B_SPLINE_CURVE_WITH_KNOTS ('', 1, (#1999, #2000), .UNSPECIFIED., .F., .U., (2, 2), (-49.9423597533484, -32.470304390689), .UNSPECIFIED.);
#2002 = EDGE_CURVE ('', #1987, #711, #2001, .T.);
#2003 = ORIENTED_EDGE ('', *, *, #2002, .T.);
#2004 = ORIENTED_EDGE ('', *, *, #1927, .F.);
#2005 = ORIENTED_EDGE ('', *, *, #1963, .F.);
#2006 = EDGE_LOOP ('', (#1964, #1965, #1966, #1985, #1998, #2003, #2004, #2005));
#2007 = FACE_OUTER_BOUND ('', #2006, .T.);
#2008 = CARTESIAN_POINT ('', (-0.497823346718354, 37.0000000000001, -1.50000000000006));
#2009 = CARTESIAN_POINT ('', (-0.497823346718353, 37.0000000000001, -0.87867965644039));
#2010 = CARTESIAN_POINT ('', (-0.497823346718352, 36.5606601717799, -0.439339828220195));
#2011 = CARTESIAN_POINT ('', (-17.9720553626585, 37.0000000000001, -1.50000000000003));
#2012 = CARTESIAN_POINT ('', (-17.9720553626585, 37.0000000000001, -0.878679656440363));
#2013 = CARTESIAN_POINT ('', (-17.9720553626585, 36.5606601717799, -0.439339828220168));
#2014 = (
   BOUNDED_SURFACE ()
   B_SPLINE_SURFACE (1, 2, ((#2008, #2009, #2010), (#2011, #2012, #2013)), .UNSPECIFIED., .F., .F., .U.)
   B_SPLINE_SURFACE_WITH_KNOTS ((2, 2), (3, 3), (-1.74742320159401, 0.), (0.353429173528848, 0.471238898038469), .UNSPECIFIED.)
   GEOMETRIC_REPRESENTATION_ITEM ()
   RATIONAL_B_SPLINE_SURFACE (((0.853553390593274, 0.853553390593269, 1.), (0.853553390593274, 0.853553390593269, 1.)))
   REPRESENTATION_ITEM ('')
   SURFACE ()
);
#2015 = ADVANCED_FACE ('', (#2007), #2014, .T.);
#2016 = CARTESIAN_POINT ('', (8.41990111207752E-13, 36.5000000000002, -1.49999999999999));
#2017 = VERTEX_POINT ('', #2016);
#2018 = CARTESIAN_POINT ('', (3.55271367879979E-15, 35.5000000000001, -0.499999999999896));
#2019 = VERTEX_POINT ('', #2018);
#2020 = CARTESIAN_POINT ('', (3.55271367879979E-15, 36.5000000000002, -1.49999999999999));
#2021 = CARTESIAN_POINT ('', (-8.07793566946316E-28, 36.5014469384044, -1.34379546870727));
#2022 = CARTESIAN_POINT ('', (7.1054273576003E-15, 36.4400242702659, -1.08072098515735));
#2023 = CARTESIAN_POINT ('', (7.1054273576003E-15, 36.2162584940642, -0.783741505935899));
#2024 = CARTESIAN_POINT ('', (3.55271367879979E-15, 35.9192790148427, -0.559975729734262));
#2025 = CARTESIAN_POINT ('', (1.0658141036401E-14, 35.6562045312928, -0.498553061595707));
#2026 = CARTESIAN_POINT ('', (3.55271367879979E-15, 35.5000000000001, -0.499999999999896));
#2027 = B_SPLINE_CURVE_WITH_KNOTS ('', 3, (#2020, #2021, #2022, #2023, #2024, #2025, #2026), .UNSPECIFIED., .F., .U., (4, 1, 1, 1, 4), (0., 0.333333333333333, 0.5, 0.666666666666667, 1.), .UNSPECIFIED.);
#2028 = EDGE_CURVE ('', #2017, #2019, #2027, .T.);
#2029 = ORIENTED_EDGE ('', *, *, #2028, .F.);
#2030 = CARTESIAN_POINT ('', (-0.499999999999066, 37.0000000000001, -1.49999999999999));
#2031 = CARTESIAN_POINT ('', (-0.499999999999044, 36.5000000000002, -1.49999999999999));
#2032 = CARTESIAN_POINT ('', (8.63694073890638E-13, 36.5000000000002, -1.49999999999999));
#2033 = (
   BOUNDED_CURVE ()
   B_SPLINE_CURVE (2, (#2030, #2031, #2032), .UNSPECIFIED., .F., .U.)
   B_SPLINE_CURVE_WITH_KNOTS ((3, 3), (0., 1.5707963267949), .UNSPECIFIED.)
   CURVE ()
   GEOMETRIC_REPRESENTATION_ITEM ()
   RATIONAL_B_SPLINE_CURVE ((1., 0.70710678118654, 1.))
   REPRESENTATION_ITEM ('')
);
#2034 = EDGE_CURVE ('', #1987, #2017, #2033, .T.);
#2035 = ORIENTED_EDGE ('', *, *, #2034, .F.);
#2036 = ORIENTED_EDGE ('', *, *, #1997, .F.);
#2037 = ORIENTED_EDGE ('', *, *, #1984, .F.);
#2038 = CARTESIAN_POINT ('', (3.55271367879979E-15, 35.5000000000001, -0.499999999999895));
#2039 = CARTESIAN_POINT ('', (-0.4999999999999, 35.5000000000001, -0.499999999999901));
#2040 = CARTESIAN_POINT ('', (-0.499999999999905, 35.5000000000001, 2.66453525910038E-15));
#2041 = (
   BOUNDED_CURVE ()
   B_SPLINE_CURVE (2, (#2038, #2039, #2040), .UNSPECIFIED., .F., .U.)
   B_SPLINE_CURVE_WITH_KNOTS ((3, 3), (0., 1.5707963267949), .UNSPECIFIED.)
   CURVE ()
   GEOMETRIC_REPRESENTATION_ITEM ()
   RATIONAL_B_SPLINE_CURVE ((1., 0.707106781186546, 1.))
   REPRESENTATION_ITEM ('')
);
#2042 = EDGE_CURVE ('', #2019, #540, #2041, .T.);
#2043 = ORIENTED_EDGE ('', *, *, #2042, .F.);
#2044 = EDGE_LOOP ('', (#2029, #2035, #2036, #2037, #2043));
#2045 = FACE_OUTER_BOUND ('', #2044, .T.);
#2046 = CARTESIAN_POINT ('', (3.55271367879979E-15, 36.5000000000002, -1.49999999999999));
#2047 = CARTESIAN_POINT ('', (-8.07793566946316E-28, 36.5014469384044, -1.34379546870727));
#2048 = CARTESIAN_POINT ('', (7.1054273576003E-15, 36.4400242702659, -1.08072098515735));
#2049 = CARTESIAN_POINT ('', (7.1054273576003E-15, 36.2162584940642, -0.783741505935899));
#2050 = CARTESIAN_POINT ('', (3.55271367879929E-15, 35.9192790148427, -0.559975729734262));
#2051 = CARTESIAN_POINT ('', (1.0658141036401E-14, 35.6562045312928, -0.498553061595707));
#2052 = CARTESIAN_POINT ('', (3.55271367879979E-15, 35.5000000000001, -0.499999999999896));
#2053 = CARTESIAN_POINT ('', (-0.499999999999905, 36.5000000000002, -1.49999999999999));
#2054 = CARTESIAN_POINT ('', (-0.499999999999901, 36.5014469384044, -1.34379546870728));
#2055 = CARTESIAN_POINT ('', (-0.499999999999904, 36.4400242702659, -1.08072098515735));
#2056 = CARTESIAN_POINT ('', (-0.499999999999908, 36.2162584940642, -0.783741505935898));
#2057 = CARTESIAN_POINT ('', (-0.499999999999904, 35.9192790148427, -0.559975729734262));
#2058 = CARTESIAN_POINT ('', (-0.499999999999905, 35.6562045312928, -0.498553061595707));
#2059 = CARTESIAN_POINT ('', (-0.499999999999905, 35.5000000000001, -0.499999999999896));
#2060 = CARTESIAN_POINT ('', (-0.499999999999905, 37.0000000000001, -1.49999999999999));
#2061 = CARTESIAN_POINT ('', (-0.499999999999905, 37.0021704076063, -1.26569320306093));
#2062 = CARTESIAN_POINT ('', (-0.499999999999908, 36.9100364053986, -0.871081477736084));
#2063 = CARTESIAN_POINT ('', (-0.499999999999897, 36.5743877410961, -0.42561225890396));
#2064 = CARTESIAN_POINT ('', (-0.499999999999908, 36.128918522264, -0.0899635946015271));
#2065 = CARTESIAN_POINT ('', (-0.499999999999901, 35.7343067969392, 0.0021704076062683));
#2066 = CARTESIAN_POINT ('', (-0.499999999999905, 35.5000000000001, 4.44089209850063E-15));
#2067 = CARTESIAN_POINT ('', (-0.499999999999905, 37.0002049618903, -1.49999999999999));
#2068 = CARTESIAN_POINT ('', (-0.499999999999905, 37.0023756660638, -1.26566118708494));
#2069 = CARTESIAN_POINT ('', (-0.499999999999908, 36.9102290745499, -0.870995541516665));
#2070 = CARTESIAN_POINT ('', (-0.499999999999897, 36.574534546791, -0.425465453209118));
#2071 = CARTESIAN_POINT ('', (-0.499999999999908, 36.1290044584834, -0.0897709254502244));
#2072 = CARTESIAN_POINT ('', (-0.499999999999901, 35.7343388129152, 0.00237566606373615));
#2073 = CARTESIAN_POINT ('', (-0.499999999999905, 35.5000000000001, 0.000204961890241916));
#2074 = CARTESIAN_POINT ('', (-0.499999831962427, 37.0004099237117, -1.49999999999999));
#2075 = CARTESIAN_POINT ('', (-0.499999831962427, 37.0025809244523, -1.2656291711197));
#2076 = CARTESIAN_POINT ('', (-0.499999831962431, 36.9104217436364, -0.870909605326127));
#2077 = CARTESIAN_POINT ('', (-0.49999983196242, 36.5746813524365, -0.425318647563613));
#2078 = CARTESIAN_POINT ('', (-0.499999831962431, 36.129090394674, -0.0895782563636729));
#2079 = CARTESIAN_POINT ('', (-0.499999831962423, 35.7343708288804, 0.00258092445222178));
#2080 = CARTESIAN_POINT ('', (-0.499999831962427, 35.5000000000001, 0.000409923711596833));
#2081 = (
   BOUNDED_SURFACE ()
   B_SPLINE_SURFACE (2, 3, ((#2046, #2047, #2048, #2049, #2050, #2051, #2052), (#2053, #2054, #2055, #2056, #2057, #2058, #2059), (#2060, #2061, #2062, #2063, #2064, #2065, #2066), (#2067, #2068, #2069, #2070, #2071, #2072, #2073), (#2074, #2075, #2076, #2077, #2078, #2079, #2080)), .UNSPECIFIED., .F., .F., .U.)
   B_SPLINE_SURFACE_WITH_KNOTS ((3, 2, 3), (4, 1, 1, 1, 4), (0., 0.25, 0.250144905338126), (0., 0.333333333333333, 0.5, 0.666666666666667, 1.), .UNSPECIFIED.)
   GEOMETRIC_REPRESENTATION_ITEM ()
   RATIONAL_B_SPLINE_SURFACE (((1., 1., 1., 1., 1., 1., 1.), (0.707106781186548, 0.707106781186547, 0.707106781186547, 0.707106781186548, 0.707106781186547, 0.707106781186548, 0.707106781186548), (1., 1., 1., 1., 1., 1., 1.), (0.999830232836372, 0.999830232836372, 0.999830232836371, 0.999830232836372, 0.999830232836371, 0.999830232836372, 0.999830232836372), (0.999660662474089, 0.999660662474089, 0.999660662474089, 0.999660662474089, 0.999660662474089, 0.999660662474089, 0.999660662474089)))
   REPRESENTATION_ITEM ('')
   SURFACE ()
);
#2082 = ADVANCED_FACE ('', (#2045), #2081, .T.);
#2083 = CARTESIAN_POINT ('', (0.499999999999912, 35.5000000000001, 1.24344978758018E-14));
#2084 = CARTESIAN_POINT ('', (0.499999999999909, 35.5000000000001, -0.499999999999898));
#2085 = CARTESIAN_POINT ('', (-1.5941525256748E-15, 35.5000000000001, -0.499999999999896));
#2086 = (
   BOUNDED_CURVE ()
   B_SPLINE_CURVE (2, (#2083, #2084, #2085), .UNSPECIFIED., .F., .U.)
   B_SPLINE_CURVE_WITH_KNOTS ((3, 3), (0., 1.5707963267949), .UNSPECIFIED.)
   CURVE ()
   GEOMETRIC_REPRESENTATION_ITEM ()
   RATIONAL_B_SPLINE_CURVE ((1., 0.707106781186547, 1.))
   REPRESENTATION_ITEM ('')
);
#2087 = EDGE_CURVE ('', #533, #2019, #2086, .T.);
#2088 = ORIENTED_EDGE ('', *, *, #2087, .F.);
#2089 = CARTESIAN_POINT ('', (0.499999999989726, 36.5606649600483, -0.439335049912174));
#2090 = VERTEX_POINT ('', #2089);
#2091 = CARTESIAN_POINT ('', (0.499999999999911, 35.5000000000001, 8.88178419700125E-15));
#2092 = CARTESIAN_POINT ('', (0.499999999999913, 35.6753643826663, 8.88178419700125E-15));
#2093 = CARTESIAN_POINT ('', (0.499999975687885, 35.8454967416018, -0.029835156096258));
#2094 = CARTESIAN_POINT ('', (0.499999971576099, 36.1186111453217, -0.128663467839742));
#2095 = CARTESIAN_POINT ('', (0.500000002070169, 36.2150213181496, -0.176373108408151));
#2096 = CARTESIAN_POINT ('', (0.499999996904418, 36.405105583482, -0.298709915523765));
#2097 = CARTESIAN_POINT ('', (0.499999999800743, 36.4828803551732, -0.361388302876792));
#2098 = CARTESIAN_POINT ('', (0.499999999989726, 36.5606649600483, -0.439335049912174));
#2099 = B_SPLINE_CURVE_WITH_KNOTS ('', 3, (#2091, #2092, #2093, #2094, #2095, #2096, #2097, #2098), .UNSPECIFIED., .F., .U., (4, 2, 2, 4), (0., 0.526093147998451, 0.871336108796122, 1.20424128868715), .UNSPECIFIED.);
#2100 = EDGE_CURVE ('', #533, #2090, #2099, .T.);
#2101 = ORIENTED_EDGE ('', *, *, #2100, .T.);
#2102 = CARTESIAN_POINT ('', (0.498924197619923, 36.9671070419427, -1.18758193348304));
#2103 = VERTEX_POINT ('', #2102);
#2104 = CARTESIAN_POINT ('', (0.499999999989726, 36.5606649600483, -0.439335049912174));
#2105 = CARTESIAN_POINT ('', (0.499999999996874, 36.5636072460135, -0.442283469078134));
#2106 = CARTESIAN_POINT ('', (0.500000000000149, 36.566549546048, -0.445253734390641));
#2107 = CARTESIAN_POINT ('', (0.499999999971869, 36.6466227969477, -0.526677527985951));
#2108 = CARTESIAN_POINT ('', (0.499999999320057, 36.7233327315052, -0.625038571686903));
#2109 = CARTESIAN_POINT ('', (0.50000000056625, 36.8379162328414, -0.812910294248949));
#2110 = CARTESIAN_POINT ('', (0.499999957962304, 36.8883635796962, -0.921589522551135));
#2111 = CARTESIAN_POINT ('', (0.499999986298688, 36.9405434082432, -1.07825634415258));
#2112 = CARTESIAN_POINT ('', (0.499999949675746, 36.9552555673166, -1.13260670198118));
#2113 = CARTESIAN_POINT ('', (0.499999901110383, 36.9669660968262, -1.18759628400985));
#2114 = B_SPLINE_CURVE_WITH_KNOTS ('', 3, (#2104, #2105, #2106, #2107, #2108, #2109, #2110, #2111, #2112, #2113), .UNSPECIFIED., .F., .U., (4, 2, 2, 2, 4), (1.20424128868715, 1.21683378356564, 1.5468402336035, 1.87700532661487, 2.04222397120596), .UNSPECIFIED.);
#2115 = EDGE_CURVE ('', #2090, #2103, #2114, .T.);
#2116 = ORIENTED_EDGE ('', *, *, #2115, .T.);
#2117 = CARTESIAN_POINT ('', (0.500000000000761, 37.0000000000001, -1.49999999999999));
#2118 = VERTEX_POINT ('', #2117);
#2119 = CARTESIAN_POINT ('', (0.500000000000755, 37.0000000000001, -1.50000000000002));
#2120 = CARTESIAN_POINT ('', (0.500000000000755, 37.0000000000001, -1.39456019993381));
#2121 = CARTESIAN_POINT ('', (0.500425394323023, 36.9890420376362, -1.29049021069683));
#2122 = CARTESIAN_POINT ('', (0.498924197619923, 36.9671070419427, -1.18758193348304));
#2123 = B_SPLINE_CURVE_WITH_KNOTS ('', 3, (#2119, #2120, #2121, #2122), .UNSPECIFIED., .F., .U., (4, 4), (0., 0.316319400198611), .UNSPECIFIED.);
#2124 = EDGE_CURVE ('', #2118, #2103, #2123, .T.);
#2125 = ORIENTED_EDGE ('', *, *, #2124, .F.);
#2126 = CARTESIAN_POINT ('', (8.41990111207752E-13, 36.5000000000002, -1.49999999999999));
#2127 = CARTESIAN_POINT ('', (0.500000000000748, 36.5000000000002, -1.49999999999999));
#2128 = CARTESIAN_POINT ('', (0.500000000000751, 37.0000000000001, -1.49999999999999));
#2129 = (
   BOUNDED_CURVE ()
   B_SPLINE_CURVE (2, (#2126, #2127, #2128), .UNSPECIFIED., .F., .U.)
   B_SPLINE_CURVE_WITH_KNOTS ((3, 3), (0., 1.5707963267949), .UNSPECIFIED.)
   CURVE ()
   GEOMETRIC_REPRESENTATION_ITEM ()
   RATIONAL_B_SPLINE_CURVE ((1., 0.707106781186554, 1.))
   REPRESENTATION_ITEM ('')
);
#2130 = EDGE_CURVE ('', #2017, #2118, #2129, .T.);
#2131 = ORIENTED_EDGE ('', *, *, #2130, .F.);
#2132 = ORIENTED_EDGE ('', *, *, #2028, .T.);
#2133 = EDGE_LOOP ('', (#2088, #2101, #2116, #2125, #2131, #2132));
#2134 = FACE_OUTER_BOUND ('', #2133, .T.);
#2135 = CARTESIAN_POINT ('', (0.499999831962434, 37.0004099237117, -1.49999999999999));
#2136 = CARTESIAN_POINT ('', (0.499999831962431, 37.0025809244523, -1.26562917111969));
#2137 = CARTESIAN_POINT ('', (0.499999831962434, 36.9104217436364, -0.870909605326117));
#2138 = CARTESIAN_POINT ('', (0.499999831962438, 36.5746813524365, -0.425318647563603));
#2139 = CARTESIAN_POINT ('', (0.499999831962434, 36.1290903946739, -0.089578256363651));
#2140 = CARTESIAN_POINT ('', (0.499999831962438, 35.7343708288804, 0.00258092445223912));
#2141 = CARTESIAN_POINT ('', (0.499999831962434, 35.5000000000001, 0.000409923711617707));
#2142 = CARTESIAN_POINT ('', (0.499999999999912, 37.0002049618903, -1.49999999999999));
#2143 = CARTESIAN_POINT ('', (0.499999999999908, 37.0023756660638, -1.26566118708493));
#2144 = CARTESIAN_POINT ('', (0.499999999999912, 36.9102290745499, -0.870995541516658));
#2145 = CARTESIAN_POINT ('', (0.499999999999915, 36.574534546791, -0.425465453209112));
#2146 = CARTESIAN_POINT ('', (0.499999999999912, 36.1290044584834, -0.0897709254502086));
#2147 = CARTESIAN_POINT ('', (0.499999999999915, 35.7343388129152, 0.00237566606374704));
#2148 = CARTESIAN_POINT ('', (0.499999999999912, 35.5000000000001, 0.00020496189025635));
#2149 = CARTESIAN_POINT ('', (0.499999999999912, 37.0000000000001, -1.49999999999999));
#2150 = CARTESIAN_POINT ('', (0.499999999999908, 37.0021704076063, -1.26569320306093));
#2151 = CARTESIAN_POINT ('', (0.499999999999912, 36.9100364053986, -0.871081477736079));
#2152 = CARTESIAN_POINT ('', (0.499999999999915, 36.5743877410961, -0.425612258903959));
#2153 = CARTESIAN_POINT ('', (0.499999999999912, 36.128918522264, -0.0899635946015174));
#2154 = CARTESIAN_POINT ('', (0.499999999999915, 35.7343067969392, 0.00217040760627274));
#2155 = CARTESIAN_POINT ('', (0.499999999999912, 35.5000000000001, 1.24344978758018E-14));
#2156 = CARTESIAN_POINT ('', (0.499999999999912, 36.5000000000002, -1.49999999999999));
#2157 = CARTESIAN_POINT ('', (0.499999999999912, 36.5014469384044, -1.34379546870728));
#2158 = CARTESIAN_POINT ('', (0.499999999999912, 36.4400242702659, -1.08072098515735));
#2159 = CARTESIAN_POINT ('', (0.499999999999912, 36.2162584940642, -0.783741505935898));
#2160 = CARTESIAN_POINT ('', (0.499999999999912, 35.9192790148427, -0.559975729734262));
#2161 = CARTESIAN_POINT ('', (0.499999999999915, 35.6562045312928, -0.498553061595707));
#2162 = CARTESIAN_POINT ('', (0.499999999999912, 35.5000000000001, -0.499999999999896));
#2163 = CARTESIAN_POINT ('', (3.55271367879979E-15, 36.5000000000002, -1.49999999999999));
#2164 = CARTESIAN_POINT ('', (-8.07793566946316E-28, 36.5014469384044, -1.34379546870727));
#2165 = CARTESIAN_POINT ('', (7.1054273576003E-15, 36.4400242702659, -1.08072098515735));
#2166 = CARTESIAN_POINT ('', (7.1054273576003E-15, 36.2162584940642, -0.783741505935899));
#2167 = CARTESIAN_POINT ('', (3.55271367879929E-15, 35.9192790148427, -0.559975729734262));
#2168 = CARTESIAN_POINT ('', (1.0658141036401E-14, 35.6562045312928, -0.498553061595707));
#2169 = CARTESIAN_POINT ('', (3.55271367879979E-15, 35.5000000000001, -0.499999999999896));
#2170 = (
   BOUNDED_SURFACE ()
   B_SPLINE_SURFACE (2, 3, ((#2135, #2136, #2137, #2138, #2139, #2140, #2141), (#2142, #2143, #2144, #2145, #2146, #2147, #2148), (#2149, #2150, #2151, #2152, #2153, #2154, #2155), (#2156, #2157, #2158, #2159, #2160, #2161, #2162), (#2163, #2164, #2165, #2166, #2167, #2168, #2169)), .UNSPECIFIED., .F., .F., .U.)
   B_SPLINE_SURFACE_WITH_KNOTS ((3, 2, 3), (4, 1, 1, 1, 4), (0.749855094661869, 0.75, 1.), (0., 0.333333333333333, 0.5, 0.666666666666667, 1.), .UNSPECIFIED.)
   GEOMETRIC_REPRESENTATION_ITEM ()
   RATIONAL_B_SPLINE_SURFACE (((0.999660662474078, 0.999660662474078, 0.999660662474078, 0.999660662474078, 0.999660662474078, 0.999660662474079, 0.999660662474078), (0.999830232836366, 0.999830232836366, 0.999830232836366, 0.999830232836366, 0.999830232836366, 0.999830232836367, 0.999830232836366), (1., 1., 1., 1., 1., 1., 1.), (0.707106781186548, 0.707106781186547, 0.707106781186547, 0.707106781186548, 0.707106781186547, 0.707106781186548, 0.707106781186548), (1., 1., 1., 1., 1., 1., 1.)))
   REPRESENTATION_ITEM ('')
   SURFACE ()
);
#2171 = ADVANCED_FACE ('', (#2134), #2170, .T.);
#2172 = ORIENTED_EDGE ('', *, *, #2087, .T.);
#2173 = ORIENTED_EDGE ('', *, *, #2042, .T.);
#2174 = ORIENTED_EDGE ('', *, *, #544, .T.);
#2175 = EDGE_LOOP ('', (#2172, #2173, #2174));
#2176 = FACE_OUTER_BOUND ('', #2175, .T.);
#2177 = CARTESIAN_POINT ('', (-0.499999999999905, 35.5000000000001, -0.499999999999897));
#2178 = CARTESIAN_POINT ('', (0.499999999999912, 35.5000000000001, -0.499999999999897));
#2179 = CARTESIAN_POINT ('', (-0.499999999999905, 35.5000000000001, 1.19904086659517E-14));
#2180 = CARTESIAN_POINT ('', (0.499999999999912, 35.5000000000001, 1.19904086659517E-14));
#2181 = B_SPLINE_SURFACE_WITH_KNOTS ('', 1, 1, ((#2177, #2178), (#2179, #2180)), .UNSPECIFIED., .F., .F., .U., (2, 2), (2, 2), (0.32560064406981, 0.493959401495179), (0.352672319153773, 0.68938983400451), .UNSPECIFIED.);
#2182 = ADVANCED_FACE ('', (#2176), #2181, .T.);
#2183 = CARTESIAN_POINT ('', (17.9720553626602, 36.5606601717799, -0.439339828220185));
#2184 = VERTEX_POINT ('', #2183);
#2185 = CARTESIAN_POINT ('', (17.9720553626602, 36.56066017178, -0.439339828220145));
#2186 = CARTESIAN_POINT ('', (0.499999999989726, 36.5606601717799, -0.439339828220195));
#2187 = B_SPLINE_CURVE_WITH_KNOTS ('', 1, (#2185, #2186), .UNSPECIFIED., .F., .U., (2, 2), (-1.74742161578803, -0.000216079520981814), .UNSPECIFIED.);
#2188 = EDGE_CURVE ('', #2184, #2090, #2187, .T.);
#2189 = ORIENTED_EDGE ('', *, *, #2188, .T.);
#2190 = ORIENTED_EDGE ('', *, *, #2100, .F.);
#2191 = ORIENTED_EDGE ('', *, *, #537, .T.);
#2192 = CARTESIAN_POINT ('', (17.9720553626602, 35.5000000000001, 7.99360577730113E-15));
#2193 = CARTESIAN_POINT ('', (17.9720553626602, 36.1213203435598, 1.35120389860047E-14));
#2194 = CARTESIAN_POINT ('', (17.9720553626602, 36.5606601717799, -0.439339828220185));
#2195 = (
   BOUNDED_CURVE ()
   B_SPLINE_CURVE (2, (#2192, #2193, #2194), .UNSPECIFIED., .F., .U.)
   B_SPLINE_CURVE_WITH_KNOTS ((3, 3), (0., 0.785398163397469), .UNSPECIFIED.)
   CURVE ()
   GEOMETRIC_REPRESENTATION_ITEM ()
   RATIONAL_B_SPLINE_CURVE ((1., 0.85355339059327, 0.853553390593274))
   REPRESENTATION_ITEM ('')
);
#2196 = EDGE_CURVE ('', #525, #2184, #2195, .T.);
#2197 = ORIENTED_EDGE ('', *, *, #2196, .T.);
#2198 = EDGE_LOOP ('', (#2189, #2190, #2191, #2197));
#2199 = FACE_OUTER_BOUND ('', #2198, .T.);
#2200 = CARTESIAN_POINT ('', (17.9720553626602, 36.56066017178, -0.439339828220145));
#2201 = CARTESIAN_POINT ('', (17.9720553626602, 36.1213203435598, 6.17510734242933E-14));
#2202 = CARTESIAN_POINT ('', (17.9720553626602, 35.5000000000001, 3.58019651606866E-14));
#2203 = CARTESIAN_POINT ('', (0.499999972390689, 36.5606601717799, -0.439339828220195));
#2204 = CARTESIAN_POINT ('', (0.499999972390689, 36.1213203435597, 1.16413292711411E-14));
#2205 = CARTESIAN_POINT ('', (0.499999972390691, 35.5, -1.45679204286918E-14));
#2206 = (
   BOUNDED_SURFACE ()
   B_SPLINE_SURFACE (1, 2, ((#2200, #2201, #2202), (#2203, #2204, #2205)), .UNSPECIFIED., .F., .F., .U.)
   B_SPLINE_SURFACE_WITH_KNOTS ((2, 2), (3, 3), (-1.74742161578803, -0.000216076761078165), (0.47123889803847, 0.589048622548093), .UNSPECIFIED.)
   GEOMETRIC_REPRESENTATION_ITEM ()
   RATIONAL_B_SPLINE_SURFACE (((1., 0.853553390593266, 0.853553390593274), (1., 0.853553390593266, 0.853553390593274)))
   REPRESENTATION_ITEM ('')
   SURFACE ()
);
#2207 = ADVANCED_FACE ('', (#2199), #2206, .T.);
#2208 = ORIENTED_EDGE ('', *, *, #530, .T.);
#2209 = CARTESIAN_POINT ('', (27.9720553626602, 27.0000000000003, -1.50000000000002));
#2210 = CARTESIAN_POINT ('', (27.9720553626602, 27.0000000000003, -2.8421709430404E-14));
#2211 = CARTESIAN_POINT ('', (26.4720553626602, 27.0000000000003, -1.24344978758018E-14));
#2212 = (
   BOUNDED_CURVE ()
   B_SPLINE_CURVE (2, (#2209, #2210, #2211), .UNSPECIFIED., .F., .U.)
   B_SPLINE_CURVE_WITH_KNOTS ((3, 3), (0., 1.5707963267949), .UNSPECIFIED.)
   CURVE ()
   GEOMETRIC_REPRESENTATION_ITEM ()
   RATIONAL_B_SPLINE_CURVE ((1., 0.707106781186542, 1.))
   REPRESENTATION_ITEM ('')
);
#2213 = EDGE_CURVE ('', #833, #517, #2212, .T.);
#2214 = ORIENTED_EDGE ('', *, *, #2213, .F.);
#2215 = ORIENTED_EDGE ('', *, *, #840, .T.);
#2216 = CARTESIAN_POINT ('', (17.9720553626602, 36.5606601717799, -0.439339828220185));
#2217 = CARTESIAN_POINT ('', (17.9720553626602, 37.0000000000001, -0.878679656440357));
#2218 = CARTESIAN_POINT ('', (17.9720553626602, 37.0000000000001, -1.49999999999998));
#2219 = (
   BOUNDED_CURVE ()
   B_SPLINE_CURVE (2, (#2216, #2217, #2218), .UNSPECIFIED., .F., .U.)
   B_SPLINE_CURVE_WITH_KNOTS ((3, 3), (0.785398163397469, 1.5707963267949), .UNSPECIFIED.)
   CURVE ()
   GEOMETRIC_REPRESENTATION_ITEM ()
   RATIONAL_B_SPLINE_CURVE ((0.853553390593274, 0.853553390593278, 1.))
   REPRESENTATION_ITEM ('')
);
#2220 = EDGE_CURVE ('', #2184, #835, #2219, .T.);
#2221 = ORIENTED_EDGE ('', *, *, #2220, .F.);
#2222 = ORIENTED_EDGE ('', *, *, #2196, .F.);
#2223 = EDGE_LOOP ('', (#2208, #2214, #2215, #2221, #2222));
#2224 = FACE_OUTER_BOUND ('', #2223, .T.);
#2225 = CARTESIAN_POINT ('', (26.4720206445456, 27.0000000000003, -4.01800257330616E-10));
#2226 = CARTESIAN_POINT ('', (26.4720206445455, 35.4999652818856, -4.0180025722783E-10));
#2227 = CARTESIAN_POINT ('', (17.9720553626603, 35.4999652818856, -4.01800257330616E-10));
#2228 = CARTESIAN_POINT ('', (17.9719569950707, 35.4999652818856, -4.01800257330615E-10));
#2229 = CARTESIAN_POINT ('', (17.9718586274811, 35.4999652796089, -4.01800257330613E-10));
#2230 = CARTESIAN_POINT ('', (26.4720380036029, 27.0000000000003, -1.77635683940025E-14));
#2231 = CARTESIAN_POINT ('', (26.4720380036028, 35.4999826409429, -1.77635170008689E-14));
#2232 = CARTESIAN_POINT ('', (17.9720553626603, 35.4999826409429, -1.77635683940025E-14));
#2233 = CARTESIAN_POINT ('', (17.9719569948698, 35.4999826409429, -1.77635683934078E-14));
#2234 = CARTESIAN_POINT ('', (17.9718586270793, 35.4999826386661, -1.7763568392813E-14));
#2235 = CARTESIAN_POINT ('', (26.4720553626602, 27.0000000000003, -1.77635683940025E-14));
#2236 = CARTESIAN_POINT ('', (26.4720553626601, 35.5000000000002, -1.77635683940025E-14));
#2237 = CARTESIAN_POINT ('', (17.9720553626603, 35.5000000000002, -1.77635683940025E-14));
#2238 = CARTESIAN_POINT ('', (17.9719569946689, 35.5000000000002, -1.77635683940025E-14));
#2239 = CARTESIAN_POINT ('', (17.9718586266775, 35.4999999977234, -1.77635683940025E-14));
#2240 = CARTESIAN_POINT ('', (27.9720553626602, 27.0000000000003, -1.77635683940025E-14));
#2241 = CARTESIAN_POINT ('', (27.9720553626602, 37.0000000000002, -1.33226762955019E-14));
#2242 = CARTESIAN_POINT ('', (17.9720553626603, 37.0000000000002, -1.77635683940025E-14));
#2243 = CARTESIAN_POINT ('', (17.9719396356116, 37.0000000000002, -1.77635170008689E-14));
#2244 = CARTESIAN_POINT ('', (17.971823908563, 36.9999999973217, -1.77634656089248E-14));
#2245 = CARTESIAN_POINT ('', (27.9720553626602, 27.0000000000003, -1.50000000000002));
#2246 = CARTESIAN_POINT ('', (27.9720553626602, 37.0000000000002, -1.50000000000002));
#2247 = CARTESIAN_POINT ('', (17.9720553626603, 37.0000000000002, -1.50000000000002));
#2248 = CARTESIAN_POINT ('', (17.9719396356116, 37.0000000000002, -1.50000000000002));
#2249 = CARTESIAN_POINT ('', (17.971823908563, 36.9999999973217, -1.50000000000002));
#2250 = (
   BOUNDED_SURFACE ()
   B_SPLINE_SURFACE (2, 2, ((#2225, #2226, #2227, #2228, #2229), (#2230, #2231, #2232, #2233, #2234), (#2235, #2236, #2237, #2238, #2239), (#2240, #2241, #2242, #2243, #2244), (#2245, #2246, #2247, #2248, #2249)), .UNSPECIFIED., .F., .F., .U.)
   B_SPLINE_SURFACE_WITH_KNOTS ((3, 2, 3), (3, 2, 3), (-1.57082203475816, -1.5707963267949, 0.), (0., 1.5707963267949, 1.57082203475816), .UNSPECIFIED.)
   GEOMETRIC_REPRESENTATION_ITEM ()
   RATIONAL_B_SPLINE_SURFACE (((0.999990413060242, 0.707100002196434, 0.999990413060242, 0.999985619557867, 0.999980826212394), (0.999995206451669, 0.707103391636017, 0.999995206451669, 0.999990412926316, 0.999985619557867), (1., 0.707106781186547, 1., 0.999995206451669, 0.999990413060242), (0.707106781186546, 0.499999999999999, 0.707106781186546, 0.707103391636015, 0.707100002196432), (1., 0.707106781186547, 1., 0.999995206451669, 0.999990413060242)))
   REPRESENTATION_ITEM ('')
   SURFACE ()
);
#2251 = ADVANCED_FACE ('', (#2224), #2250, .T.);
#2252 = ORIENTED_EDGE ('', *, *, #846, .T.);
#2253 = ORIENTED_EDGE ('', *, *, #2213, .T.);
#2254 = ORIENTED_EDGE ('', *, *, #522, .T.);
#2255 = CARTESIAN_POINT ('', (26.2423246011829, 22.203243841657, -0.439339828220152));
#2256 = VERTEX_POINT ('', #2255);
#2257 = CARTESIAN_POINT ('', (26.2423246011829, 22.203243841657, -0.439339828220152));
#2258 = CARTESIAN_POINT ('', (25.8622819470875, 22.4236685810323, 2.67799285116567E-16));
#2259 = CARTESIAN_POINT ('', (25.3248204713856, 22.7353962369394, 7.99360577730113E-15));
#2260 = (
   BOUNDED_CURVE ()
   B_SPLINE_CURVE (2, (#2257, #2258, #2259), .UNSPECIFIED., .F., .U.)
   B_SPLINE_CURVE_WITH_KNOTS ((3, 3), (0.785398163397471, 1.5707963267949), .UNSPECIFIED.)
   CURVE ()
   GEOMETRIC_REPRESENTATION_ITEM ()
   RATIONAL_B_SPLINE_CURVE ((0.853553390593276, 0.853553390593281, 1.))
   REPRESENTATION_ITEM ('')
);
#2261 = EDGE_CURVE ('', #2256, #508, #2260, .T.);
#2262 = ORIENTED_EDGE ('', *, *, #2261, .F.);
#2263 = CARTESIAN_POINT ('', (26.6223672552782, 21.9828191022816, -1.49999999999999));
#2264 = CARTESIAN_POINT ('', (26.6223672552783, 21.9828191022816, -0.878679656440335));
#2265 = CARTESIAN_POINT ('', (26.2423246011829, 22.203243841657, -0.439339828220152));
#2266 = (
   BOUNDED_CURVE ()
   B_SPLINE_CURVE (2, (#2263, #2264, #2265), .UNSPECIFIED., .F., .U.)
   B_SPLINE_CURVE_WITH_KNOTS ((3, 3), (0., 0.785398163397471), .UNSPECIFIED.)
   CURVE ()
   GEOMETRIC_REPRESENTATION_ITEM ()
   RATIONAL_B_SPLINE_CURVE ((1., 0.853553390593272, 0.853553390593276))
   REPRESENTATION_ITEM ('')
);
#2267 = EDGE_CURVE ('', #807, #2256, #2266, .T.);
#2268 = ORIENTED_EDGE ('', *, *, #2267, .F.);
#2269 = EDGE_LOOP ('', (#2252, #2253, #2254, #2262, #2268));
#2270 = FACE_OUTER_BOUND ('', #2269, .T.);
#2271 = CARTESIAN_POINT ('', (25.3247904391334, 22.7354136556457, -4.01797817451171E-10));
#2272 = CARTESIAN_POINT ('', (26.4720206445455, 24.7133967684251, -4.01801348919328E-10));
#2273 = CARTESIAN_POINT ('', (26.4720206445456, 27.0000000000003, -4.01796704616938E-10));
#2274 = CARTESIAN_POINT ('', (25.3248054552594, 22.7354049462926, -1.5323701827422E-14));
#2275 = CARTESIAN_POINT ('', (26.4720380036028, 24.7133920986088, -1.88552108532626E-14));
#2276 = CARTESIAN_POINT ('', (26.4720380036029, 27.0000000000003, -1.4210854715202E-14));
#2277 = CARTESIAN_POINT ('', (25.3248204713854, 22.7353962369395, -1.53237147062223E-14));
#2278 = CARTESIAN_POINT ('', (26.4720553626601, 24.7133874287924, -1.88552646016475E-14));
#2279 = CARTESIAN_POINT ('', (26.4720553626602, 27.0000000000003, -1.4210854715202E-14));
#2280 = CARTESIAN_POINT ('', (26.6223672552781, 21.9828191022817, -1.4210854715202E-14));
#2281 = CARTESIAN_POINT ('', (27.9720553626602, 24.3098675632852, -1.4210854715202E-14));
#2282 = CARTESIAN_POINT ('', (27.9720553626602, 27.0000000000003, -1.4210854715202E-14));
#2283 = CARTESIAN_POINT ('', (26.6223672552781, 21.9828191022817, -1.50000000000002));
#2284 = CARTESIAN_POINT ('', (27.9720553626601, 24.3098675632852, -1.50000000000002));
#2285 = CARTESIAN_POINT ('', (27.9720553626602, 27.0000000000003, -1.50000000000002));
#2286 = (
   BOUNDED_SURFACE ()
   B_SPLINE_SURFACE (2, 2, ((#2271, #2272, #2273), (#2274, #2275, #2276), (#2277, #2278, #2279), (#2280, #2281, #2282), (#2283, #2284, #2285)), .UNSPECIFIED., .F., .F., .U.)
   B_SPLINE_SURFACE_WITH_KNOTS ((3, 2, 3), (3, 3), (-1.57082203475816, -1.5707963267949, 0.), (0.0739300702230989, 0.598783856966019), .UNSPECIFIED.)
   GEOMETRIC_REPRESENTATION_ITEM ()
   RATIONAL_B_SPLINE_SURFACE (((0.990362129896035, 0.960999103356174, 0.999990413060242), (0.99036687713489, 0.961003709845199, 0.999995206451669), (0.990371624529138, 0.961008316485011, 1.), (0.70029849159929, 0.679535497363218, 0.707106781186547), (0.990371624529138, 0.961008316485011, 1.)))
   REPRESENTATION_ITEM ('')
   SURFACE ()
);
#2287 = ADVANCED_FACE ('', (#2270), #2286, .T.);
#2288 = CARTESIAN_POINT ('', (8.27026923852294, -8.78305850775666, -0.439339828220158));
#2289 = VERTEX_POINT ('', #2288);
#2290 = CARTESIAN_POINT ('', (8.27026923852294, -8.78305850775667, -0.439339828220155));
#2291 = CARTESIAN_POINT ('', (26.2423246011829, 22.2032438416569, -0.439339828220071));
#2292 = B_SPLINE_CURVE_WITH_KNOTS ('', 1, (#2290, #2291), .UNSPECIFIED., .F., .U., (2, 2), (-3.64720259517709, -0.0651002693804266), .UNSPECIFIED.);
#2293 = EDGE_CURVE ('', #2289, #2256, #2292, .T.);
#2294 = ORIENTED_EDGE ('', *, *, #2293, .T.);
#2295 = ORIENTED_EDGE ('', *, *, #2261, .T.);
#2296 = ORIENTED_EDGE ('', *, *, #514, .T.);
#2297 = CARTESIAN_POINT ('', (7.35276510872562, -8.25090611247422, 7.99360577730113E-15));
#2298 = CARTESIAN_POINT ('', (7.89022658442756, -8.56263376838134, 1.02009790607825E-14));
#2299 = CARTESIAN_POINT ('', (8.27026923852294, -8.78305850775666, -0.439339828220158));
#2300 = (
   BOUNDED_CURVE ()
   B_SPLINE_CURVE (2, (#2297, #2298, #2299), .UNSPECIFIED., .F., .U.)
   B_SPLINE_CURVE_WITH_KNOTS ((3, 3), (0., 0.78539816339744), .UNSPECIFIED.)
   CURVE ()
   GEOMETRIC_REPRESENTATION_ITEM ()
   RATIONAL_B_SPLINE_CURVE ((1., 0.853553390593274, 0.853553390593272))
   REPRESENTATION_ITEM ('')
);
#2301 = EDGE_CURVE ('', #510, #2289, #2300, .T.);
#2302 = ORIENTED_EDGE ('', *, *, #2301, .T.);
#2303 = EDGE_LOOP ('', (#2294, #2295, #2296, #2302));
#2304 = FACE_OUTER_BOUND ('', #2303, .T.);
#2305 = CARTESIAN_POINT ('', (8.27026923852294, -8.78305850775667, -0.439339828220155));
#2306 = CARTESIAN_POINT ('', (7.89022658442753, -8.56263376838134, 5.03048502303222E-14));
#2307 = CARTESIAN_POINT ('', (7.35276510872555, -8.25090611247418, 1.86163715299654E-14));
#2308 = CARTESIAN_POINT ('', (26.242324601183, 22.2032438416569, -0.439339828220071));
#2309 = CARTESIAN_POINT ('', (25.8622819470876, 22.4236685810323, 1.33615145181897E-13));
#2310 = CARTESIAN_POINT ('', (25.3248204713856, 22.7353962369394, 1.0142264244885E-13));
#2311 = (
   BOUNDED_SURFACE ()
   B_SPLINE_SURFACE (1, 2, ((#2305, #2306, #2307), (#2308, #2309, #2310)), .UNSPECIFIED., .F., .F., .U.)
   B_SPLINE_SURFACE_WITH_KNOTS ((2, 2), (3, 3), (-3.64720259517709, -0.0651002693804238), (0.471238898038469, 0.589048622548093), .UNSPECIFIED.)
   GEOMETRIC_REPRESENTATION_ITEM ()
   RATIONAL_B_SPLINE_SURFACE (((1., 0.853553390593266, 0.853553390593274), (1., 0.853553390593266, 0.853553390593274)))
   REPRESENTATION_ITEM ('')
   SURFACE ()
);
#2312 = ADVANCED_FACE ('', (#2304), #2311, .T.);
#2313 = ORIENTED_EDGE ('', *, *, #576, .T.);
#2314 = ORIENTED_EDGE ('', *, *, #641, .T.);
#2315 = CARTESIAN_POINT ('', (-8.27026923852253, -8.78305850775643, -0.439339828220139));
#2316 = CARTESIAN_POINT ('', (-8.65031189261793, -9.00348324713175, -0.878679656440313));
#2317 = CARTESIAN_POINT ('', (-8.65031189261793, -9.00348324713175, -1.49999999999996));
#2318 = (
   BOUNDED_CURVE ()
   B_SPLINE_CURVE (2, (#2315, #2316, #2317), .UNSPECIFIED., .F., .U.)
   B_SPLINE_CURVE_WITH_KNOTS ((3, 3), (0.78539816339743, 1.5707963267949), .UNSPECIFIED.)
   CURVE ()
   GEOMETRIC_REPRESENTATION_ITEM ()
   RATIONAL_B_SPLINE_CURVE ((0.853553390593274, 0.85355339059327, 1.))
   REPRESENTATION_ITEM ('')
);
#2319 = EDGE_CURVE ('', #631, #677, #2318, .T.);
#2320 = ORIENTED_EDGE ('', *, *, #2319, .T.);
#2321 = ORIENTED_EDGE ('', *, *, #774, .T.);
#2322 = CARTESIAN_POINT ('', (8.27026923852294, -8.78305850775666, -0.439339828220158));
#2323 = CARTESIAN_POINT ('', (8.65031189261832, -9.00348324713199, -0.878679656440338));
#2324 = CARTESIAN_POINT ('', (8.65031189261833, -9.00348324713199, -1.49999999999999));
#2325 = (
   BOUNDED_CURVE ()
   B_SPLINE_CURVE (2, (#2322, #2323, #2324), .UNSPECIFIED., .F., .U.)
   B_SPLINE_CURVE_WITH_KNOTS ((3, 3), (0.78539816339744, 1.5707963267949), .UNSPECIFIED.)
   CURVE ()
   GEOMETRIC_REPRESENTATION_ITEM ()
   RATIONAL_B_SPLINE_CURVE ((0.853553390593272, 0.85355339059327, 1.))
   REPRESENTATION_ITEM ('')
);
#2326 = EDGE_CURVE ('', #2289, #762, #2325, .T.);
#2327 = ORIENTED_EDGE ('', *, *, #2326, .F.);
#2328 = ORIENTED_EDGE ('', *, *, #2301, .F.);
#2329 = EDGE_LOOP ('', (#2313, #2314, #2320, #2321, #2327, #2328));
#2330 = FACE_OUTER_BOUND ('', #2329, .T.);
#2331 = CARTESIAN_POINT ('', (-7.35276510872523, -8.25090611247402, 2.67365141190851E-14));
#2332 = CARTESIAN_POINT ('', (-4.89623529130045, -12.4863023494135, 2.746798970294E-14));
#2333 = CARTESIAN_POINT ('', (2.12274642308329E-13, -12.4863023494135, 2.66453525910038E-14));
#2334 = CARTESIAN_POINT ('', (4.89623529130077, -12.4863023494135, 2.746798970294E-14));
#2335 = CARTESIAN_POINT ('', (7.3527651087256, -8.25090611247418, 2.67365141190852E-14));
#2336 = CARTESIAN_POINT ('', (-8.65031189261797, -9.00348324713178, 2.66453525910038E-14));
#2337 = CARTESIAN_POINT ('', (-5.76027681329469, -13.9863023494135, 2.66453525910038E-14));
#2338 = CARTESIAN_POINT ('', (2.06723527185204E-13, -13.9863023494135, 2.66453525910038E-14));
#2339 = CARTESIAN_POINT ('', (5.76027681329499, -13.9863023494135, 2.66453525910038E-14));
#2340 = CARTESIAN_POINT ('', (8.65031189261832, -9.00348324713197, 2.66453525910038E-14));
#2341 = CARTESIAN_POINT ('', (-8.65031189261795, -9.00348324713176, -1.49999999999999));
#2342 = CARTESIAN_POINT ('', (-5.76027681329468, -13.9863023494135, -1.49999999999999));
#2343 = CARTESIAN_POINT ('', (2.07278638697516E-13, -13.9863023494135, -1.49999999999999));
#2344 = CARTESIAN_POINT ('', (5.76027681329497, -13.9863023494135, -1.49999999999999));
#2345 = CARTESIAN_POINT ('', (8.6503118926183, -9.00348324713196, -1.49999999999999));
#2346 = (
   BOUNDED_SURFACE ()
   B_SPLINE_SURFACE (2, 2, ((#2331, #2332, #2333, #2334, #2335), (#2336, #2337, #2338, #2339, #2340), (#2341, #2342, #2343, #2344, #2345)), .UNSPECIFIED., .F., .F., .U.)
   B_SPLINE_SURFACE_WITH_KNOTS ((3, 3), (3, 2, 3), (-1.5707963267949, 1.46549439250521E-14), (0.0705138205842992, 1.11276438278934, 2.15501494499436), .UNSPECIFIED.)
   GEOMETRIC_REPRESENTATION_ITEM ()
   RATIONAL_B_SPLINE_SURFACE (((0.982095839692882, 0.858729028377537, 1., 0.858729028377539, 0.982095839692877), (0.694446628021929, 0.607213119167488, 0.707106781186543, 0.60721311916749, 0.694446628021926), (0.982095839692882, 0.858729028377537, 1., 0.858729028377539, 0.982095839692877)))
   REPRESENTATION_ITEM ('')
   SURFACE ()
);
#2347 = ADVANCED_FACE ('', (#2330), #2346, .T.);
#2348 = CARTESIAN_POINT ('', (-9.29191695601155, 8.00000000000066, 7.99360577730113E-15));
#2349 = CARTESIAN_POINT ('', (-9.29191695601155, 8.00000000000066, -2.99999999999999));
#2350 = B_SPLINE_CURVE_WITH_KNOTS ('', 1, (#2348, #2349), .UNSPECIFIED., .F., .U., (2, 2), (0., 1.), .UNSPECIFIED.);
#2351 = EDGE_CURVE ('', #582, #266, #2350, .T.);
#2352 = ORIENTED_EDGE ('', *, *, #2351, .F.);
#2353 = ORIENTED_EDGE ('', *, *, #586, .T.);
#2354 = ORIENTED_EDGE ('', *, *, #475, .T.);
#2355 = ORIENTED_EDGE ('', *, *, #278, .F.);
#2356 = EDGE_LOOP ('', (#2352, #2353, #2354, #2355));
#2357 = FACE_OUTER_BOUND ('', #2356, .T.);
#2358 = CARTESIAN_POINT ('', (-9.29191695601149, 8.00000000000066, 7.99360577730113E-15));
#2359 = CARTESIAN_POINT ('', (-9.29191695601149, 8.00000000000066, -3.));
#2360 = CARTESIAN_POINT ('', (9.29191695601162, 7.99999999999967, 7.99360577730113E-15));
#2361 = CARTESIAN_POINT ('', (9.29191695601162, 7.99999999999967, -3.));
#2362 = B_SPLINE_SURFACE_WITH_KNOTS ('', 1, 1, ((#2358, #2359), (#2360, #2361)), .UNSPECIFIED., .F., .F., .U., (2, 2), (2, 2), (4.00403903922898, 5.86242243043128), (0., 0.3), .UNSPECIFIED.);
#2363 = ADVANCED_FACE ('', (#2357), #2362, .T.);
#2364 = CARTESIAN_POINT ('', (-11.8870105237972, 12.5051542693157, 7.99360577730113E-15));
#2365 = CARTESIAN_POINT ('', (-11.8870105237972, 12.5051542693157, -2.99999999999999));
#2366 = B_SPLINE_CURVE_WITH_KNOTS ('', 1, (#2364, #2365), .UNSPECIFIED., .F., .U., (2, 2), (0., 1.), .UNSPECIFIED.);
#2367 = EDGE_CURVE ('', #589, #259, #2366, .T.);
#2368 = ORIENTED_EDGE ('', *, *, #2367, .F.);
#2369 = ORIENTED_EDGE ('', *, *, #596, .T.);
#2370 = ORIENTED_EDGE ('', *, *, #2351, .T.);
#2371 = ORIENTED_EDGE ('', *, *, #273, .F.);
#2372 = EDGE_LOOP ('', (#2368, #2369, #2370, #2371));
#2373 = FACE_OUTER_BOUND ('', #2372, .T.);
#2374 = CARTESIAN_POINT ('', (-9.29191695601157, 8.00000000000064, -2.99999999999998));
#2375 = CARTESIAN_POINT ('', (-9.29191695601156, 8.00000000000067, 3.19744231092045E-14));
#2376 = CARTESIAN_POINT ('', (-11.0259533505926, 8.00000000000021, -2.99999999999997));
#2377 = CARTESIAN_POINT ('', (-11.0259533505926, 8.00000000000024, 3.99680288865056E-14));
#2378 = CARTESIAN_POINT ('', (-11.891480650937, 9.50257935234412, -2.99999999999998));
#2379 = CARTESIAN_POINT ('', (-11.891480650937, 9.50257935234415, 3.01980662698043E-14));
#2380 = CARTESIAN_POINT ('', (-12.7570079512814, 11.005158704688, -2.99999999999999));
#2381 = CARTESIAN_POINT ('', (-12.7570079512814, 11.0051587046881, 2.1316282072803E-14));
#2382 = CARTESIAN_POINT ('', (-11.8870105237972, 12.5051542693157, -3.00000000000001));
#2383 = CARTESIAN_POINT ('', (-11.8870105237972, 12.5051542693157, 4.44089209850063E-15));
#2384 = (
   BOUNDED_SURFACE ()
   B_SPLINE_SURFACE (2, 1, ((#2374, #2375), (#2376, #2377), (#2378, #2379), (#2380, #2381), (#2382, #2383)), .UNSPECIFIED., .F., .F., .U.)
   B_SPLINE_SURFACE_WITH_KNOTS ((3, 2, 3), (2, 2), (0., 0.314457018051976, 0.628914036103951), (-0.300000000000001, 0.), .UNSPECIFIED.)
   GEOMETRIC_REPRESENTATION_ITEM ()
   RATIONAL_B_SPLINE_SURFACE (((1., 1.), (0.865777169913025, 0.865777169913025), (1., 1.), (0.865777169913025, 0.865777169913025), (1., 1.)))
   REPRESENTATION_ITEM ('')
   SURFACE ()
);
#2385 = ADVANCED_FACE ('', (#2373), #2384, .T.);
#2386 = CARTESIAN_POINT ('', (-2.5950935677854, 28.5257007451975, 7.99360577730113E-15));
#2387 = CARTESIAN_POINT ('', (-2.5950935677854, 28.5257007451975, -2.99999999999999));
#2388 = B_SPLINE_CURVE_WITH_KNOTS ('', 1, (#2386, #2387), .UNSPECIFIED., .F., .U., (2, 2), (0., 1.), .UNSPECIFIED.);
#2389 = EDGE_CURVE ('', #599, #249, #2388, .T.);
#2390 = ORIENTED_EDGE ('', *, *, #2389, .F.);
#2391 = ORIENTED_EDGE ('', *, *, #603, .T.);
#2392 = ORIENTED_EDGE ('', *, *, #2367, .T.);
#2393 = ORIENTED_EDGE ('', *, *, #263, .F.);
#2394 = EDGE_LOOP ('', (#2390, #2391, #2392, #2393));
#2395 = FACE_OUTER_BOUND ('', #2394, .T.);
#2396 = CARTESIAN_POINT ('', (-2.59509356778541, 28.5257007451975, 7.99360577730113E-15));
#2397 = CARTESIAN_POINT ('', (-2.59509356778541, 28.5257007451975, -3.));
#2398 = CARTESIAN_POINT ('', (-11.8870105237973, 12.5051542693157, 7.99360577730113E-15));
#2399 = CARTESIAN_POINT ('', (-11.8870105237973, 12.5051542693157, -3.));
#2400 = B_SPLINE_SURFACE_WITH_KNOTS ('', 1, 1, ((#2396, #2397), (#2398, #2399)), .UNSPECIFIED., .F., .F., .U., (2, 2), (2, 2), (2.05201951961449, 3.90403903922898), (0., 0.3), .UNSPECIFIED.);
#2401 = ADVANCED_FACE ('', (#2395), #2400, .T.);
#2402 = CARTESIAN_POINT ('', (2.59509356778544, 28.5257007451975, 7.99360577730113E-15));
#2403 = CARTESIAN_POINT ('', (2.59509356778544, 28.5257007451975, -2.99999999999999));
#2404 = B_SPLINE_CURVE_WITH_KNOTS ('', 1, (#2402, #2403), .UNSPECIFIED., .F., .U., (2, 2), (0., 1.), .UNSPECIFIED.);
#2405 = EDGE_CURVE ('', #606, #242, #2404, .T.);
#2406 = ORIENTED_EDGE ('', *, *, #2405, .F.);
#2407 = ORIENTED_EDGE ('', *, *, #613, .T.);
#2408 = ORIENTED_EDGE ('', *, *, #2389, .T.);
#2409 = ORIENTED_EDGE ('', *, *, #256, .F.);
#2410 = EDGE_LOOP ('', (#2406, #2407, #2408, #2409));
#2411 = FACE_OUTER_BOUND ('', #2410, .T.);
#2412 = CARTESIAN_POINT ('', (-2.59509356778549, 28.5257007451975, -3.00000000000001));
#2413 = CARTESIAN_POINT ('', (-2.5950935677855, 28.5257007451975, -1.06581410364015E-14));
#2414 = CARTESIAN_POINT ('', (-1.72808304398847, 30.020546475882, -3.00000000000001));
#2415 = CARTESIAN_POINT ('', (-1.72808304398848, 30.020546475882, -1.33226762955019E-14));
#2416 = CARTESIAN_POINT ('', (-2.53130849614538E-14, 30.020546475882, -3.));
#2417 = CARTESIAN_POINT ('', (-3.44724249146113E-14, 30.020546475882, -7.99360577730113E-15));
#2418 = CARTESIAN_POINT ('', (1.72808304398842, 30.0205464758819, -3.));
#2419 = CARTESIAN_POINT ('', (1.72808304398841, 30.020546475882, -3.5527136788005E-15));
#2420 = CARTESIAN_POINT ('', (2.59509356778541, 28.5257007451975, -2.99999999999999));
#2421 = CARTESIAN_POINT ('', (2.5950935677854, 28.5257007451975, 5.32907051820075E-15));
#2422 = (
   BOUNDED_SURFACE ()
   B_SPLINE_SURFACE (2, 1, ((#2412, #2413), (#2414, #2415), (#2416, #2417), (#2418, #2419), (#2420, #2421)), .UNSPECIFIED., .F., .F., .U.)
   B_SPLINE_SURFACE_WITH_KNOTS ((3, 2, 3), (2, 2), (0., 0.313563759972991, 0.627127519945981), (-0.3, 0.), .UNSPECIFIED.)
   GEOMETRIC_REPRESENTATION_ITEM ()
   RATIONAL_B_SPLINE_SURFACE (((1., 1.), (0.866521231641743, 0.866521231641743), (1., 1.), (0.866521231641743, 0.866521231641743), (1., 1.)))
   REPRESENTATION_ITEM ('')
   SURFACE ()
);
#2423 = ADVANCED_FACE ('', (#2411), #2422, .T.);
#2424 = ORIENTED_EDGE ('', *, *, #490, .F.);
#2425 = ORIENTED_EDGE ('', *, *, #618, .T.);
#2426 = ORIENTED_EDGE ('', *, *, #2405, .T.);
#2427 = ORIENTED_EDGE ('', *, *, #246, .F.);
#2428 = EDGE_LOOP ('', (#2424, #2425, #2426, #2427));
#2429 = FACE_OUTER_BOUND ('', #2428, .T.);
#2430 = CARTESIAN_POINT ('', (11.8870105237965, 12.5051542693152, 2.66453525910038E-15));
#2431 = CARTESIAN_POINT ('', (11.8870105237965, 12.5051542693152, -3.));
#2432 = CARTESIAN_POINT ('', (2.59509356778543, 28.5257007451975, 2.66453525910038E-15));
#2433 = CARTESIAN_POINT ('', (2.59509356778543, 28.5257007451975, -3.));
#2434 = B_SPLINE_SURFACE_WITH_KNOTS ('', 1, 1, ((#2430, #2431), (#2432, #2433)), .UNSPECIFIED., .F., .F., .U., (2, 2), (2, 2), (0.1, 1.9520195196145), (0., 0.3), .UNSPECIFIED.);
#2435 = ADVANCED_FACE ('', (#2429), #2434, .T.);
#2436 = ORIENTED_EDGE ('', *, *, #1399, .F.);
#2437 = CARTESIAN_POINT ('', (-10.258256052298, -0.750000000000018, -3.));
#2438 = CARTESIAN_POINT ('', (-10.258256052298, -0.750000000000018, -10.));
#2439 = B_SPLINE_CURVE_WITH_KNOTS ('', 1, (#2437, #2438), .UNSPECIFIED., .F., .U., (2, 2), (0., 1.), .UNSPECIFIED.);
#2440 = EDGE_CURVE ('', #99, #1390, #2439, .T.);
#2441 = ORIENTED_EDGE ('', *, *, #2440, .F.);
#2442 = ORIENTED_EDGE ('', *, *, #103, .F.);
#2443 = CARTESIAN_POINT ('', (10.2582560522988, -0.750000000000018, -2.99999999999999));
#2444 = CARTESIAN_POINT ('', (10.2582560522988, -0.750000000000018, -10.));
#2445 = B_SPLINE_CURVE_WITH_KNOTS ('', 1, (#2443, #2444), .UNSPECIFIED., .F., .U., (2, 2), (0.3, 1.), .UNSPECIFIED.);
#2446 = EDGE_CURVE ('', #97, #1382, #2445, .T.);
#2447 = ORIENTED_EDGE ('', *, *, #2446, .T.);
#2448 = EDGE_LOOP ('', (#2436, #2441, #2442, #2447));
#2449 = FACE_OUTER_BOUND ('', #2448, .T.);
#2450 = CARTESIAN_POINT ('', (-10.258256052298, -0.750000000000018, -2.99999999999999));
#2451 = CARTESIAN_POINT ('', (-10.258256052298, -0.750000000000018, -10.));
#2452 = CARTESIAN_POINT ('', (10.2582560522988, -0.750000000000018, -2.99999999999999));
#2453 = CARTESIAN_POINT ('', (10.2582560522988, -0.750000000000018, -10.));
#2454 = B_SPLINE_SURFACE_WITH_KNOTS ('', 1, 1, ((#2450, #2451), (#2452, #2453)), .UNSPECIFIED., .F., .F., .U., (2, 2), (2, 2), (0.0491743947701986, 2.10082560522988), (0.3, 1.), .UNSPECIFIED.);
#2455 = ADVANCED_FACE ('', (#2449), #2454, .T.);
#2456 = ORIENTED_EDGE ('', *, *, #1067, .F.);
#2457 = ORIENTED_EDGE ('', *, *, #1365, .F.);
#2458 = ORIENTED_EDGE ('', *, *, #1386, .F.);
#2459 = ORIENTED_EDGE ('', *, *, #2446, .F.);
#2460 = ORIENTED_EDGE ('', *, *, #225, .T.);
#2461 = CARTESIAN_POINT ('', (18.6506045246824, 13.7195663316958, -3.));
#2462 = CARTESIAN_POINT ('', (18.6506045246824, 13.7195663316958, -10.));
#2463 = B_SPLINE_CURVE_WITH_KNOTS ('', 1, (#2461, #2462), .UNSPECIFIED., .F., .U., (2, 2), (0., 1.), .UNSPECIFIED.);
#2464 = EDGE_CURVE ('', #216, #1151, #2463, .T.);
#2465 = ORIENTED_EDGE ('', *, *, #2464, .T.);
#2466 = ORIENTED_EDGE ('', *, *, #1155, .F.);
#2467 = ORIENTED_EDGE ('', *, *, #1118, .T.);
#2468 = EDGE_LOOP ('', (#2456, #2457, #2458, #2459, #2460, #2465, #2466, #2467));
#2469 = FACE_OUTER_BOUND ('', #2468, .T.);
#2470 = CARTESIAN_POINT ('', (24.2435314848087, 23.3625438491553, -2.99999999999999));
#2471 = CARTESIAN_POINT ('', (6.27147612214887, -7.62375850025845, -2.99999999999999));
#2472 = CARTESIAN_POINT ('', (24.2435314848087, 23.3625438491553, -13.));
#2473 = CARTESIAN_POINT ('', (6.27147612214887, -7.62375850025845, -13.));
#2474 = B_SPLINE_SURFACE_WITH_KNOTS ('', 1, 1, ((#2470, #2471), (#2472, #2473)), .UNSPECIFIED., .F., .F., .U., (2, 2), (2, 2), (0.0700000000000003, 1.07), (25.9116425207821, 29.4937448465788), .UNSPECIFIED.);
#2475 = ADVANCED_FACE ('', (#2469), #2474, .T.);
#2476 = ORIENTED_EDGE ('', *, *, #1162, .F.);
#2477 = ORIENTED_EDGE ('', *, *, #2464, .F.);
#2478 = ORIENTED_EDGE ('', *, *, #220, .F.);
#2479 = CARTESIAN_POINT ('', (15.7448457306845, 15.4049064322146, -2.99999999999999));
#2480 = CARTESIAN_POINT ('', (15.7448457306845, 15.4049064322146, -9.99999999999999));
#2481 = B_SPLINE_CURVE_WITH_KNOTS ('', 1, (#2479, #2480), .UNSPECIFIED., .F., .U., (2, 2), (0.3, 1.), .UNSPECIFIED.);
#2482 = EDGE_CURVE ('', #201, #1158, #2481, .T.);
#2483 = ORIENTED_EDGE ('', *, *, #2482, .T.);
#2484 = EDGE_LOOP ('', (#2476, #2477, #2478, #2483));
#2485 = FACE_OUTER_BOUND ('', #2484, .T.);
#2486 = CARTESIAN_POINT ('', (18.6506045245185, 13.7195663317906, -2.99999999999999));
#2487 = CARTESIAN_POINT ('', (18.6506045245185, 13.7195663317906, -10.));
#2488 = CARTESIAN_POINT ('', (15.7448457305209, 15.4049064323098, -2.99999999999999));
#2489 = CARTESIAN_POINT ('', (15.7448457305209, 15.4049064323098, -10.));
#2490 = B_SPLINE_SURFACE_WITH_KNOTS ('', 1, 1, ((#2486, #2487), (#2488, #2489)), .UNSPECIFIED., .F., .F., .U., (2, 2), (2, 2), (181.57077555845, 181.906689318563), (0.3, 1.), .UNSPECIFIED.);
#2491 = ADVANCED_FACE ('', (#2485), #2490, .T.);
#2492 = ORIENTED_EDGE ('', *, *, #1170, .F.);
#2493 = ORIENTED_EDGE ('', *, *, #2482, .F.);
#2494 = ORIENTED_EDGE ('', *, *, #213, .F.);
#2495 = CARTESIAN_POINT ('', (14.25, 18., -2.99999999999999));
#2496 = CARTESIAN_POINT ('', (14.25, 18., -10.));
#2497 = B_SPLINE_CURVE_WITH_KNOTS ('', 1, (#2495, #2496), .UNSPECIFIED., .F., .U., (2, 2), (0.3, 1.), .UNSPECIFIED.);
#2498 = EDGE_CURVE ('', #194, #1165, #2497, .T.);
#2499 = ORIENTED_EDGE ('', *, *, #2498, .T.);
#2500 = EDGE_LOOP ('', (#2492, #2493, #2494, #2499));
#2501 = FACE_OUTER_BOUND ('', #2500, .T.);
#2502 = CARTESIAN_POINT ('', (15.7448457306846, 15.4049064322146, -2.99987533450019));
#2503 = CARTESIAN_POINT ('', (15.7448457306846, 15.4049064322147, -10.));
#2504 = CARTESIAN_POINT ('', (14.25, 16.2719169560117, -2.99987533450018));
#2505 = CARTESIAN_POINT ('', (14.25, 16.2719169560117, -10.));
#2506 = CARTESIAN_POINT ('', (14.2499999999999, 18.0000000000002, -2.99987533450017));
#2507 = CARTESIAN_POINT ('', (14.2499999999999, 18.0000000000003, -10.));
#2508 = (
   BOUNDED_SURFACE ()
   B_SPLINE_SURFACE (2, 1, ((#2502, #2503), (#2504, #2505), (#2506, #2507)), .UNSPECIFIED., .F., .F., .U.)
   B_SPLINE_SURFACE_WITH_KNOTS ((3, 3), (2, 2), (0., 0.313563759973013), (0., 0.700012466549983), .UNSPECIFIED.)
   GEOMETRIC_REPRESENTATION_ITEM ()
   RATIONAL_B_SPLINE_SURFACE (((1., 1.), (0.866521231641759, 0.866521231641759), (1., 1.)))
   REPRESENTATION_ITEM ('')
   SURFACE ()
);
#2509 = ADVANCED_FACE ('', (#2501), #2508, .T.);
#2510 = ORIENTED_EDGE ('', *, *, #1177, .F.);
#2511 = ORIENTED_EDGE ('', *, *, #2498, .F.);
#2512 = ORIENTED_EDGE ('', *, *, #198, .F.);
#2513 = CARTESIAN_POINT ('', (14.25, 34.2500000000001, -2.99999999999999));
#2514 = CARTESIAN_POINT ('', (14.25, 34.2500000000001, -10.));
#2515 = B_SPLINE_CURVE_WITH_KNOTS ('', 1, (#2513, #2514), .UNSPECIFIED., .F., .U., (2, 2), (0.3, 1.), .UNSPECIFIED.);
#2516 = EDGE_CURVE ('', #187, #1173, #2515, .T.);
#2517 = ORIENTED_EDGE ('', *, *, #2516, .T.);
#2518 = EDGE_LOOP ('', (#2510, #2511, #2512, #2517));
#2519 = FACE_OUTER_BOUND ('', #2518, .T.);
#2520 = CARTESIAN_POINT ('', (14.25, 18.0000000000018, -2.99999999999999));
#2521 = CARTESIAN_POINT ('', (14.25, 18.0000000000018, -10.));
#2522 = CARTESIAN_POINT ('', (14.25, 34.2500000000018, -2.99999999999999));
#2523 = CARTESIAN_POINT ('', (14.25, 34.2500000000018, -10.));
#2524 = B_SPLINE_SURFACE_WITH_KNOTS ('', 1, 1, ((#2520, #2521), (#2522, #2523)), .UNSPECIFIED., .F., .F., .U., (2, 2), (2, 2), (596.04247810006, 597.66747810006), (0.3, 1.), .UNSPECIFIED.);
#2525 = ADVANCED_FACE ('', (#2519), #2524, .T.);
#2526 = ORIENTED_EDGE ('', *, *, #1790, .T.);
#2527 = CARTESIAN_POINT ('', (5.49999999999998, 34.2500000000002, -5.));
#2528 = CARTESIAN_POINT ('', (5.49999999999998, 34.2500000000002, -4.88902005606942));
#2529 = CARTESIAN_POINT ('', (5.48948598677126, 34.2500000000002, -4.76705782606879));
#2530 = CARTESIAN_POINT ('', (5.4514236917198, 34.2500000000002, -4.54793772076194));
#2531 = CARTESIAN_POINT ('', (5.42083347171354, 34.2500000000002, -4.43183320859115));
#2532 = CARTESIAN_POINT ('', (5.34569463287655, 34.2500000000002, -4.22159105412537));
#2533 = CARTESIAN_POINT ('', (5.2967188042877, 34.2500000000002, -4.11438682080386));
#2534 = CARTESIAN_POINT ('', (5.18657176466282, 34.2500000000002, -3.91922385313516));
#2535 = CARTESIAN_POINT ('', (5.12132707027249, 34.2500000000002, -3.8236072389752));
#2536 = CARTESIAN_POINT ('', (4.9792445420033, 34.2500000000002, -3.64924894985202));
#2537 = CARTESIAN_POINT ('', (4.90021489993462, 34.2500000000002, -3.56748785397));
#2538 = CARTESIAN_POINT ('', (4.73017015407683, 34.2500000000002, -3.41903000181832));
#2539 = CARTESIAN_POINT ('', (4.64013546654385, 34.2500000000002, -3.35291898770557));
#2540 = CARTESIAN_POINT ('', (4.44687589439444, 34.2500000000002, -3.23469420088735));
#2541 = CARTESIAN_POINT ('', (4.34883137463538, 34.2500000000002, -3.18551279387235));
#2542 = CARTESIAN_POINT ('', (4.13773311821349, 34.2500000000002, -3.10098128977023));
#2543 = CARTESIAN_POINT ('', (4.03480180807084, 34.2500000000002, -3.06946571696986));
#2544 = CARTESIAN_POINT ('', (3.81170974809546, 34.2500000000002, -3.02113300088255));
#2545 = CARTESIAN_POINT ('', (3.70705082956527, 34.2500000000002, -3.00746204020392));
#2546 = CARTESIAN_POINT ('', (3.56161402736643, 34.2500000000002, -3.00070526700934));
#2547 = CARTESIAN_POINT ('', (3.53123648079533, 34.2500000000002, -2.99999999999999));
#2548 = CARTESIAN_POINT ('', (3.49999999999997, 34.2500000000002, -2.99999999999999));
#2549 = B_SPLINE_CURVE_WITH_KNOTS ('', 3, (#2527, #2528, #2529, #2530, #2531, #2532, #2533, #2534, #2535, #2536, #2537, #2538, #2539, #2540, #2541, #2542, #2543, #2544, #2545, #2546, #2547, #2548), .UNSPECIFIED., .F., .U., (4, 2, 2, 2, 2, 2, 2, 2, 2, 2, 4), (0., 0.332939831791734, 0.66720403902285, 1.0027371724446, 1.33950500480114, 1.67749218015328, 2.01670109540854, 2.35715184646452, 2.69888321291909, 3.04195478747451, 3.13566422986059), .UNSPECIFIED.);
#2550 = EDGE_CURVE ('', #1779, #180, #2549, .T.);
#2551 = ORIENTED_EDGE ('', *, *, #2550, .T.);
#2552 = ORIENTED_EDGE ('', *, *, #184, .F.);
#2553 = CARTESIAN_POINT ('', (3.49999999999995, 37.0000000000001, -2.99999999999999));
#2554 = CARTESIAN_POINT ('', (5.49999999999996, 37.0000000000001, -3.));
#2555 = CARTESIAN_POINT ('', (5.49999999999996, 37.0000000000001, -5.));
#2556 = (
   BOUNDED_CURVE ()
   B_SPLINE_CURVE (2, (#2553, #2554, #2555), .UNSPECIFIED., .F., .U.)
   B_SPLINE_CURVE_WITH_KNOTS ((3, 3), (0., 1.5707963267949), .UNSPECIFIED.)
   CURVE ()
   GEOMETRIC_REPRESENTATION_ITEM ()
   RATIONAL_B_SPLINE_CURVE ((1., 0.707106781186547, 1.))
   REPRESENTATION_ITEM ('')
);
#2557 = EDGE_CURVE ('', #173, #1786, #2556, .T.);
#2558 = ORIENTED_EDGE ('', *, *, #2557, .T.);
#2559 = EDGE_LOOP ('', (#2526, #2551, #2552, #2558));
#2560 = FACE_OUTER_BOUND ('', #2559, .T.);
#2561 = CARTESIAN_POINT ('', (5.49999999999994, 34.2497584203339, -4.99999999999985));
#2562 = CARTESIAN_POINT ('', (5.50000000000004, 36.9999999999999, -4.99999999999996));
#2563 = CARTESIAN_POINT ('', (5.49999999999992, 34.2497584203339, -2.99999999999989));
#2564 = CARTESIAN_POINT ('', (5.50000000000003, 37., -3.));
#2565 = CARTESIAN_POINT ('', (3.49999999999997, 34.249758420334, -2.9999999999999));
#2566 = CARTESIAN_POINT ('', (3.50000000000007, 37.0000000000001, -3.00000000000001));
#2567 = (
   BOUNDED_SURFACE ()
   B_SPLINE_SURFACE (2, 1, ((#2561, #2562), (#2563, #2564), (#2565, #2566)), .UNSPECIFIED., .F., .F., .U.)
   B_SPLINE_SURFACE_WITH_KNOTS ((3, 3), (2, 2), (0., 0.314159265358973), (-0.275024157966607, 0.), .UNSPECIFIED.)
   GEOMETRIC_REPRESENTATION_ITEM ()
   RATIONAL_B_SPLINE_SURFACE (((1., 1.), (0.707106781186547, 0.707106781186547), (1., 1.)))
   REPRESENTATION_ITEM ('')
   SURFACE ()
);
#2568 = ADVANCED_FACE ('', (#2560), #2567, .T.);
#2569 = ORIENTED_EDGE ('', *, *, #1795, .T.);
#2570 = ORIENTED_EDGE ('', *, *, #2557, .F.);
#2571 = ORIENTED_EDGE ('', *, *, #177, .F.);
#2572 = CARTESIAN_POINT ('', (0.500000000000756, 37.0000000000001, -2.99999999999999));
#2573 = CARTESIAN_POINT ('', (0.500000000000755, 37.0000000000001, -2.49999999999999));
#2574 = CARTESIAN_POINT ('', (0.500000000000755, 37.0000000000001, -1.99999999999999));
#2575 = CARTESIAN_POINT ('', (0.500000000000755, 37.0000000000001, -1.49999999999999));
#2576 = B_SPLINE_CURVE_WITH_KNOTS ('', 3, (#2572, #2573, #2574, #2575), .UNSPECIFIED., .F., .U., (4, 4), (10., 11.5), .UNSPECIFIED.);
#2577 = EDGE_CURVE ('', #163, #2118, #2576, .T.);
#2578 = ORIENTED_EDGE ('', *, *, #2577, .T.);
#2579 = CARTESIAN_POINT ('', (17.9720553626602, 37.0000000000001, -1.49999999999999));
#2580 = CARTESIAN_POINT ('', (0.50000000000076, 37.0000000000001, -1.49999999999999));
#2581 = B_SPLINE_CURVE_WITH_KNOTS ('', 1, (#2579, #2580), .UNSPECIFIED., .F., .U., (2, 2), (-68.4144151160076, -50.9423597533482), .UNSPECIFIED.);
#2582 = EDGE_CURVE ('', #835, #2118, #2581, .T.);
#2583 = ORIENTED_EDGE ('', *, *, #2582, .F.);
#2584 = ORIENTED_EDGE ('', *, *, #862, .T.);
#2585 = ORIENTED_EDGE ('', *, *, #883, .T.);
#2586 = ORIENTED_EDGE ('', *, *, #949, .F.);
#2587 = ORIENTED_EDGE ('', *, *, #1658, .T.);
#2588 = ORIENTED_EDGE ('', *, *, #1710, .T.);
#2589 = ORIENTED_EDGE ('', *, *, #1765, .F.);
#2590 = EDGE_LOOP ('', (#2569, #2570, #2571, #2578, #2583, #2584, #2585, #2586, #2587, #2588, #2589));
#2591 = FACE_OUTER_BOUND ('', #2590, .T.);
#2592 = CARTESIAN_POINT ('', (0.50000000000076, 37.0000000000001, -1.5));
#2593 = CARTESIAN_POINT ('', (0.50000000000076, 37.0000000000001, -13.));
#2594 = CARTESIAN_POINT ('', (17.9720553626602, 37.0000000000001, -1.5));
#2595 = CARTESIAN_POINT ('', (17.9720553626602, 37.0000000000001, -13.));
#2596 = B_SPLINE_SURFACE_WITH_KNOTS ('', 1, 1, ((#2592, #2593), (#2594, #2595)), .UNSPECIFIED., .F., .F., .U., (2, 2), (2, 2), (1.94720553626592, 3.69441107253187), (0.15, 1.3), .UNSPECIFIED.);
#2597 = ADVANCED_FACE ('', (#2591), #2596, .T.);
#2598 = ORIENTED_EDGE ('', *, *, #170, .F.);
#2599 = CARTESIAN_POINT ('', (-0.499999999999059, 37.0000000000001, -2.99999999999999));
#2600 = CARTESIAN_POINT ('', (-0.499999999999059, 37.0000000000001, -2.49999999999999));
#2601 = CARTESIAN_POINT ('', (-0.499999999999059, 37.0000000000001, -1.99999999999999));
#2602 = CARTESIAN_POINT ('', (-0.499999999999059, 37.0000000000001, -1.49999999999999));
#2603 = B_SPLINE_CURVE_WITH_KNOTS ('', 3, (#2599, #2600, #2601, #2602), .UNSPECIFIED., .F., .U., (4, 4), (10., 11.5), .UNSPECIFIED.);
#2604 = EDGE_CURVE ('', #156, #1987, #2603, .T.);
#2605 = ORIENTED_EDGE ('', *, *, #2604, .T.);
#2606 = ORIENTED_EDGE ('', *, *, #2034, .T.);
#2607 = ORIENTED_EDGE ('', *, *, #2130, .T.);
#2608 = ORIENTED_EDGE ('', *, *, #2577, .F.);
#2609 = EDGE_LOOP ('', (#2598, #2605, #2606, #2607, #2608));
#2610 = FACE_OUTER_BOUND ('', #2609, .T.);
#2611 = CARTESIAN_POINT ('', (-0.499999999999036, 37.0000000000001, -2.99999999999999));
#2612 = CARTESIAN_POINT ('', (-0.499999999999032, 36.5000000000002, -2.99999999999999));
#2613 = CARTESIAN_POINT ('', (8.72024674691829E-13, 36.5000000000002, -2.99999999999999));
#2614 = CARTESIAN_POINT ('', (0.500000000000776, 36.5000000000002, -3.));
#2615 = CARTESIAN_POINT ('', (0.500000000000771, 37.0000000000001, -3.));
#2616 = CARTESIAN_POINT ('', (-0.499999999999025, 37.0000000000001, -1.49999999999914));
#2617 = CARTESIAN_POINT ('', (-0.49999999999902, 36.5000000000002, -1.49999999999914));
#2618 = CARTESIAN_POINT ('', (8.83682016450402E-13, 36.5000000000002, -1.49999999999914));
#2619 = CARTESIAN_POINT ('', (0.500000000000787, 36.5000000000002, -1.49999999999915));
#2620 = CARTESIAN_POINT ('', (0.500000000000783, 37.0000000000001, -1.49999999999915));
#2621 = (
   BOUNDED_SURFACE ()
   B_SPLINE_SURFACE (1, 2, ((#2611, #2612, #2613, #2614, #2615), (#2616, #2617, #2618, #2619, #2620)), .UNSPECIFIED., .F., .F., .U.)
   B_SPLINE_SURFACE_WITH_KNOTS ((2, 2), (3, 2, 3), (0., 0.150000000000085), (0.157079632679459, 0.235619449019189, 0.314159265358919), .UNSPECIFIED.)
   GEOMETRIC_REPRESENTATION_ITEM ()
   RATIONAL_B_SPLINE_SURFACE (((1., 0.707106781186547, 1., 0.707106781186547, 1.), (1., 0.707106781186547, 1., 0.707106781186547, 1.)))
   REPRESENTATION_ITEM ('')
   SURFACE ()
);
#2622 = ADVANCED_FACE ('', (#2610), #2621, .T.);
#2623 = ORIENTED_EDGE ('', *, *, #1889, .F.);
#2624 = ORIENTED_EDGE ('', *, *, #717, .F.);
#2625 = ORIENTED_EDGE ('', *, *, #2002, .F.);
#2626 = ORIENTED_EDGE ('', *, *, #2604, .F.);
#2627 = ORIENTED_EDGE ('', *, *, #160, .F.);
#2628 = CARTESIAN_POINT ('', (-5.50000000000001, 37.0000000000001, -4.99999999999999));
#2629 = CARTESIAN_POINT ('', (-5.50000000000001, 37.0000000000001, -2.99999999999999));
#2630 = CARTESIAN_POINT ('', (-3.50000000000001, 37.0000000000001, -2.99999999999999));
#2631 = (
   BOUNDED_CURVE ()
   B_SPLINE_CURVE (2, (#2628, #2629, #2630), .UNSPECIFIED., .F., .U.)
   B_SPLINE_CURVE_WITH_KNOTS ((3, 3), (0., 1.5707963267949), .UNSPECIFIED.)
   CURVE ()
   GEOMETRIC_REPRESENTATION_ITEM ()
   RATIONAL_B_SPLINE_CURVE ((1., 0.707106781186548, 1.))
   REPRESENTATION_ITEM ('')
);
#2632 = EDGE_CURVE ('', #1857, #149, #2631, .T.);
#2633 = ORIENTED_EDGE ('', *, *, #2632, .F.);
#2634 = ORIENTED_EDGE ('', *, *, #1874, .T.);
#2635 = ORIENTED_EDGE ('', *, *, #1844, .F.);
#2636 = ORIENTED_EDGE ('', *, *, #1716, .T.);
#2637 = ORIENTED_EDGE ('', *, *, #1666, .F.);
#2638 = ORIENTED_EDGE ('', *, *, #968, .F.);
#2639 = EDGE_LOOP ('', (#2623, #2624, #2625, #2626, #2627, #2633, #2634, #2635, #2636, #2637, #2638));
#2640 = FACE_OUTER_BOUND ('', #2639, .T.);
#2641 = CARTESIAN_POINT ('', (-17.9720553626585, 37.0000000000001, -1.49999999999999));
#2642 = CARTESIAN_POINT ('', (-17.9720553626585, 37.0000000000001, -13.));
#2643 = CARTESIAN_POINT ('', (-0.499999999999041, 37.0000000000001, -1.49999999999999));
#2644 = CARTESIAN_POINT ('', (-0.499999999999041, 37.0000000000001, -13.));
#2645 = B_SPLINE_SURFACE_WITH_KNOTS ('', 1, 1, ((#2641, #2642), (#2643, #2644)), .UNSPECIFIED., .F., .F., .U., (2, 2), (2, 2), (0.1, 1.84720553626594), (0.15, 1.3), .UNSPECIFIED.);
#2646 = ADVANCED_FACE ('', (#2640), #2645, .T.);
#2647 = ORIENTED_EDGE ('', *, *, #153, .T.);
#2648 = CARTESIAN_POINT ('', (-3.49999999999999, 34.2500000000002, -2.99999999999999));
#2649 = CARTESIAN_POINT ('', (-3.61097994393056, 34.2500000000002, -2.99999999999999));
#2650 = CARTESIAN_POINT ('', (-3.73294217393121, 34.2500000000002, -3.01051401322869));
#2651 = CARTESIAN_POINT ('', (-3.95206227923805, 34.2500000000002, -3.04857630828014));
#2652 = CARTESIAN_POINT ('', (-4.06816679140884, 34.2500000000002, -3.0791665282864));
#2653 = CARTESIAN_POINT ('', (-4.27840894587461, 34.2500000000002, -3.1543053671234));
#2654 = CARTESIAN_POINT ('', (-4.38561317919613, 34.2500000000002, -3.20328119571224));
#2655 = CARTESIAN_POINT ('', (-4.58077614686483, 34.2500000000002, -3.31342823533712));
#2656 = CARTESIAN_POINT ('', (-4.67639276102478, 34.2500000000002, -3.37867292972745));
#2657 = CARTESIAN_POINT ('', (-4.85075105014796, 34.2500000000002, -3.52075545799664));
#2658 = CARTESIAN_POINT ('', (-4.93251214602999, 34.2500000000002, -3.59978510006531));
#2659 = CARTESIAN_POINT ('', (-5.08096999818167, 34.2500000000002, -3.76982984592311));
#2660 = CARTESIAN_POINT ('', (-5.14708101229443, 34.2500000000002, -3.85986453345609));
#2661 = CARTESIAN_POINT ('', (-5.26530579911265, 34.2500000000002, -4.05312410560552));
#2662 = CARTESIAN_POINT ('', (-5.31448720612765, 34.2500000000002, -4.15116862536457));
#2663 = CARTESIAN_POINT ('', (-5.39901871022977, 34.2500000000002, -4.36226688178647));
#2664 = CARTESIAN_POINT ('', (-5.43053428303014, 34.2500000000002, -4.46519819192913));
#2665 = CARTESIAN_POINT ('', (-5.47886699911745, 34.2500000000002, -4.68829025190451));
#2666 = CARTESIAN_POINT ('', (-5.49253795979608, 34.2500000000002, -4.7929491704347));
#2667 = CARTESIAN_POINT ('', (-5.49929473299065, 34.2500000000002, -4.93838597263354));
#2668 = CARTESIAN_POINT ('', (-5.49999999999999, 34.2500000000002, -4.96876351920463));
#2669 = CARTESIAN_POINT ('', (-5.49999999999999, 34.2500000000002, -4.99999999999999));
#2670 = B_SPLINE_CURVE_WITH_KNOTS ('', 3, (#2648, #2649, #2650, #2651, #2652, #2653, #2654, #2655, #2656, #2657, #2658, #2659, #2660, #2661, #2662, #2663, #2664, #2665, #2666, #2667, #2668, #2669), .UNSPECIFIED., .F., .U., (4, 2, 2, 2, 2, 2, 2, 2, 2, 2, 4), (0., 0.332939831791724, 0.66720403902284, 1.00273717244459, 1.33950500480112, 1.67749218015326, 2.01670109540854, 2.35715184646454, 2.6988832129191, 3.04195478747453, 3.1356642298606), .UNSPECIFIED.);
#2671 = EDGE_CURVE ('', #142, #1859, #2670, .T.);
#2672 = ORIENTED_EDGE ('', *, *, #2671, .T.);
#2673 = ORIENTED_EDGE ('', *, *, #1863, .F.);
#2674 = ORIENTED_EDGE ('', *, *, #2632, .T.);
#2675 = EDGE_LOOP ('', (#2647, #2672, #2673, #2674));
#2676 = FACE_OUTER_BOUND ('', #2675, .T.);
#2677 = CARTESIAN_POINT ('', (-3.49999999999989, 34.249758420334, -2.99999999999999));
#2678 = CARTESIAN_POINT ('', (-3.5, 37., -3.00000000000021));
#2679 = CARTESIAN_POINT ('', (-5.49999999999988, 34.2497584203339, -2.99999999999997));
#2680 = CARTESIAN_POINT ('', (-5.49999999999998, 36.9999999999999, -3.00000000000019));
#2681 = CARTESIAN_POINT ('', (-5.4999999999999, 34.2497584203338, -4.99999999999996));
#2682 = CARTESIAN_POINT ('', (-5.5, 36.9999999999998, -5.00000000000018));
#2683 = (
   BOUNDED_SURFACE ()
   B_SPLINE_SURFACE (2, 1, ((#2677, #2678), (#2679, #2680), (#2681, #2682)), .UNSPECIFIED., .F., .F., .U.)
   B_SPLINE_SURFACE_WITH_KNOTS ((3, 3), (2, 2), (0., 0.314159265358977), (-0.275024157966599, 0.), .UNSPECIFIED.)
   GEOMETRIC_REPRESENTATION_ITEM ()
   RATIONAL_B_SPLINE_SURFACE (((1., 1.), (0.707106781186547, 0.707106781186547), (1., 1.)))
   REPRESENTATION_ITEM ('')
   SURFACE ()
);
#2684 = ADVANCED_FACE ('', (#2676), #2683, .T.);
#2685 = ORIENTED_EDGE ('', *, *, #191, .T.);
#2686 = ORIENTED_EDGE ('', *, *, #2550, .F.);
#2687 = ORIENTED_EDGE ('', *, *, #1783, .T.);
#2688 = ORIENTED_EDGE ('', *, *, #1752, .F.);
#2689 = ORIENTED_EDGE ('', *, *, #1696, .T.);
#2690 = ORIENTED_EDGE ('', *, *, #1837, .F.);
#2691 = ORIENTED_EDGE ('', *, *, #1868, .T.);
#2692 = ORIENTED_EDGE ('', *, *, #2671, .F.);
#2693 = ORIENTED_EDGE ('', *, *, #146, .T.);
#2694 = CARTESIAN_POINT ('', (-14.25, 34.25, -2.99999999999999));
#2695 = CARTESIAN_POINT ('', (-14.25, 34.25, -10.));
#2696 = B_SPLINE_CURVE_WITH_KNOTS ('', 1, (#2694, #2695), .UNSPECIFIED., .F., .U., (2, 2), (0.3, 1.), .UNSPECIFIED.);
#2697 = EDGE_CURVE ('', #135, #1448, #2696, .T.);
#2698 = ORIENTED_EDGE ('', *, *, #2697, .T.);
#2699 = ORIENTED_EDGE ('', *, *, #1452, .T.);
#2700 = ORIENTED_EDGE ('', *, *, #1415, .T.);
#2701 = ORIENTED_EDGE ('', *, *, #979, .F.);
#2702 = ORIENTED_EDGE ('', *, *, #1133, .F.);
#2703 = ORIENTED_EDGE ('', *, *, #1182, .F.);
#2704 = ORIENTED_EDGE ('', *, *, #2516, .F.);
#2705 = EDGE_LOOP ('', (#2685, #2686, #2687, #2688, #2689, #2690, #2691, #2692, #2693, #2698, #2699, #2700, #2701, #2702, #2703, #2704));
#2706 = FACE_OUTER_BOUND ('', #2705, .T.);
#2707 = CARTESIAN_POINT ('', (-17.9720553626592, 34.2500000000001, -2.99999999999999));
#2708 = CARTESIAN_POINT ('', (17.9720553626595, 34.2500000000002, -2.99999999999999));
#2709 = CARTESIAN_POINT ('', (-17.9720553626592, 34.2500000000001, -13.));
#2710 = CARTESIAN_POINT ('', (17.9720553626595, 34.2500000000002, -13.));
#2711 = B_SPLINE_SURFACE_WITH_KNOTS ('', 1, 1, ((#2707, #2708), (#2709, #2710)), .UNSPECIFIED., .F., .F., .U., (2, 2), (2, 2), (0.0700000000000001, 1.07), (22.2172314482503, 25.8116425207822), .UNSPECIFIED.);
#2712 = ADVANCED_FACE ('', (#2706), #2711, .T.);
#2713 = ORIENTED_EDGE ('', *, *, #1459, .T.);
#2714 = ORIENTED_EDGE ('', *, *, #2697, .F.);
#2715 = ORIENTED_EDGE ('', *, *, #139, .T.);
#2716 = CARTESIAN_POINT ('', (-14.25, 18., -2.99999999999999));
#2717 = CARTESIAN_POINT ('', (-14.25, 18., -10.));
#2718 = B_SPLINE_CURVE_WITH_KNOTS ('', 1, (#2716, #2717), .UNSPECIFIED., .F., .U., (2, 2), (0.3, 1.), .UNSPECIFIED.);
#2719 = EDGE_CURVE ('', #120, #1455, #2718, .T.);
#2720 = ORIENTED_EDGE ('', *, *, #2719, .T.);
#2721 = EDGE_LOOP ('', (#2713, #2714, #2715, #2720));
#2722 = FACE_OUTER_BOUND ('', #2721, .T.);
#2723 = CARTESIAN_POINT ('', (-14.25, 18.0000000000018, -2.99999999999999));
#2724 = CARTESIAN_POINT ('', (-14.25, 34.2500000000018, -2.99999999999999));
#2725 = CARTESIAN_POINT ('', (-14.25, 18.0000000000018, -10.));
#2726 = CARTESIAN_POINT ('', (-14.25, 34.2500000000018, -10.));
#2727 = B_SPLINE_SURFACE_WITH_KNOTS ('', 1, 1, ((#2723, #2724), (#2725, #2726)), .UNSPECIFIED., .F., .F., .U., (2, 2), (2, 2), (0.3, 1.), (596.04247810006, 597.66747810006), .UNSPECIFIED.);
#2728 = ADVANCED_FACE ('', (#2722), #2727, .T.);
#2729 = ORIENTED_EDGE ('', *, *, #1467, .T.);
#2730 = ORIENTED_EDGE ('', *, *, #2719, .F.);
#2731 = ORIENTED_EDGE ('', *, *, #132, .T.);
#2732 = CARTESIAN_POINT ('', (-15.7448457306845, 15.4049064322146, -2.99999999999999));
#2733 = CARTESIAN_POINT ('', (-15.7448457306845, 15.4049064322146, -10.));
#2734 = B_SPLINE_CURVE_WITH_KNOTS ('', 1, (#2732, #2733), .UNSPECIFIED., .F., .U., (2, 2), (0.3, 1.), .UNSPECIFIED.);
#2735 = EDGE_CURVE ('', #113, #1462, #2734, .T.);
#2736 = ORIENTED_EDGE ('', *, *, #2735, .T.);
#2737 = EDGE_LOOP ('', (#2729, #2730, #2731, #2736));
#2738 = FACE_OUTER_BOUND ('', #2737, .T.);
#2739 = CARTESIAN_POINT ('', (-14.25, 18., -9.99999999999995));
#2740 = CARTESIAN_POINT ('', (-14.2500000000002, 16.2719169560117, -9.99999999999996));
#2741 = CARTESIAN_POINT ('', (-15.7448457306845, 15.4049064322147, -9.99999999999999));
#2742 = CARTESIAN_POINT ('', (-14.2500000000001, 17.9999999999999, -2.9998753345002));
#2743 = CARTESIAN_POINT ('', (-14.2500000000003, 16.2719169560116, -2.99987533450022));
#2744 = CARTESIAN_POINT ('', (-15.7448457306847, 15.4049064322146, -2.99987533450025));
#2745 = (
   BOUNDED_SURFACE ()
   B_SPLINE_SURFACE (1, 2, ((#2739, #2740, #2741), (#2742, #2743, #2744)), .UNSPECIFIED., .F., .F., .U.)
   B_SPLINE_SURFACE_WITH_KNOTS ((2, 2), (3, 3), (-0.700012466549975, -3.33066907387547E-16), (0., 0.313563759972978), .UNSPECIFIED.)
   GEOMETRIC_REPRESENTATION_ITEM ()
   RATIONAL_B_SPLINE_SURFACE (((1., 0.866521231641771, 1.), (1., 0.866521231641771, 1.)))
   REPRESENTATION_ITEM ('')
   SURFACE ()
);
#2746 = ADVANCED_FACE ('', (#2738), #2745, .T.);
#2747 = ORIENTED_EDGE ('', *, *, #1474, .T.);
#2748 = ORIENTED_EDGE ('', *, *, #2735, .F.);
#2749 = ORIENTED_EDGE ('', *, *, #117, .T.);
#2750 = CARTESIAN_POINT ('', (-18.6506045246811, 13.7195663316966, -2.99999999999999));
#2751 = CARTESIAN_POINT ('', (-18.6506045246811, 13.7195663316966, -10.));
#2752 = B_SPLINE_CURVE_WITH_KNOTS ('', 1, (#2750, #2751), .UNSPECIFIED., .F., .U., (2, 2), (0., 1.), .UNSPECIFIED.);
#2753 = EDGE_CURVE ('', #106, #1470, #2752, .T.);
#2754 = ORIENTED_EDGE ('', *, *, #2753, .T.);
#2755 = EDGE_LOOP ('', (#2747, #2748, #2749, #2754));
#2756 = FACE_OUTER_BOUND ('', #2755, .T.);
#2757 = CARTESIAN_POINT ('', (-18.6506045246033, 13.7195663317415, -2.99999999999999));
#2758 = CARTESIAN_POINT ('', (-15.7448457306052, 15.4049064322603, -2.99999999999999));
#2759 = CARTESIAN_POINT ('', (-18.6506045246033, 13.7195663317415, -10.));
#2760 = CARTESIAN_POINT ('', (-15.7448457306052, 15.4049064322603, -10.));
#2761 = B_SPLINE_SURFACE_WITH_KNOTS ('', 1, 1, ((#2757, #2758), (#2759, #2760)), .UNSPECIFIED., .F., .F., .U., (2, 2), (2, 2), (0.3, 1.), (181.570775558441, 181.906689318554), .UNSPECIFIED.);
#2762 = ADVANCED_FACE ('', (#2756), #2761, .T.);
#2763 = ORIENTED_EDGE ('', *, *, #110, .T.);
#2764 = ORIENTED_EDGE ('', *, *, #2440, .T.);
#2765 = ORIENTED_EDGE ('', *, *, #1394, .F.);
#2766 = ORIENTED_EDGE ('', *, *, #1350, .T.);
#2767 = ORIENTED_EDGE ('', *, *, #1023, .F.);
#2768 = ORIENTED_EDGE ('', *, *, #1430, .F.);
#2769 = ORIENTED_EDGE ('', *, *, #1479, .T.);
#2770 = ORIENTED_EDGE ('', *, *, #2753, .F.);
#2771 = EDGE_LOOP ('', (#2763, #2764, #2765, #2766, #2767, #2768, #2769, #2770));
#2772 = FACE_OUTER_BOUND ('', #2771, .T.);
#2773 = CARTESIAN_POINT ('', (-6.27147612214787, -7.62375850025936, -2.99999999999999));
#2774 = CARTESIAN_POINT ('', (-24.2435314848066, 23.3625438491543, -2.99999999999999));
#2775 = CARTESIAN_POINT ('', (-6.27147612214787, -7.62375850025936, -13.));
#2776 = CARTESIAN_POINT ('', (-24.2435314848066, 23.3625438491543, -13.));
#2777 = B_SPLINE_SURFACE_WITH_KNOTS ('', 1, 1, ((#2773, #2774), (#2775, #2776)), .UNSPECIFIED., .F., .F., .U., (2, 2), (2, 2), (0.0700000000000001, 1.07), (18.5351291224537, 22.1172314482503), .UNSPECIFIED.);
#2778 = ADVANCED_FACE ('', (#2772), #2777, .T.);
#2779 = ORIENTED_EDGE ('', *, *, #417, .F.);
#2780 = ORIENTED_EDGE ('', *, *, #367, .F.);
#2781 = ORIENTED_EDGE ('', *, *, #424, .T.);
#2782 = EDGE_LOOP ('', (#2779, #2780, #2781));
#2783 = FACE_OUTER_BOUND ('', #2782, .T.);
#2784 = CARTESIAN_POINT ('', (9.50000000000001, 24.25, -3.));
#2785 = CARTESIAN_POINT ('', (9.50000000000001, 26., -3.));
#2786 = CARTESIAN_POINT ('', (7.75000000000001, 26., -3.));
#2787 = CARTESIAN_POINT ('', (6.00000000000001, 26., -3.));
#2788 = CARTESIAN_POINT ('', (6.00000000000001, 24.25, -3.));
#2789 = CARTESIAN_POINT ('', (7.75000000000001, 24.25, -4.75));
#2790 = CARTESIAN_POINT ('', (7.75000000000001, 24.25, -4.75));
#2791 = CARTESIAN_POINT ('', (7.75000000000001, 24.25, -4.75));
#2792 = CARTESIAN_POINT ('', (7.75000000000001, 24.25, -4.75));
#2793 = CARTESIAN_POINT ('', (7.75000000000001, 24.25, -4.75));
#2794 = (
   BOUNDED_SURFACE ()
   B_SPLINE_SURFACE (1, 2, ((#2784, #2785, #2786, #2787, #2788), (#2789, #2790, #2791, #2792, #2793)), .UNSPECIFIED., .F., .F., .U.)
   B_SPLINE_SURFACE_WITH_KNOTS ((2, 2), (3, 2, 3), (0., 1.), (0., 0.25, 0.5), .UNSPECIFIED.)
   GEOMETRIC_REPRESENTATION_ITEM ()
   RATIONAL_B_SPLINE_SURFACE (((1., 0.707106781186548, 1., 0.707106781186548, 1.), (1., 0.707106781186548, 1., 0.707106781186548, 1.)))
   REPRESENTATION_ITEM ('')
   SURFACE ()
);
#2795 = ADVANCED_FACE ('', (#2783), #2794, .T.);
#2796 = ORIENTED_EDGE ('', *, *, #446, .F.);
#2797 = ORIENTED_EDGE ('', *, *, #307, .F.);
#2798 = ORIENTED_EDGE ('', *, *, #453, .T.);
#2799 = EDGE_LOOP ('', (#2796, #2797, #2798));
#2800 = FACE_OUTER_BOUND ('', #2799, .T.);
#2801 = CARTESIAN_POINT ('', (-6.00000000000001, 26.75, -3.));
#2802 = CARTESIAN_POINT ('', (-7.75000000000001, 26.75, -4.75));
#2803 = CARTESIAN_POINT ('', (-6.00000000000001, 25., -3.));
#2804 = CARTESIAN_POINT ('', (-7.75000000000002, 26.75, -4.75));
#2805 = CARTESIAN_POINT ('', (-7.75000000000001, 25., -3.));
#2806 = CARTESIAN_POINT ('', (-7.75000000000001, 26.75, -4.75));
#2807 = CARTESIAN_POINT ('', (-9.50000000000001, 25., -3.));
#2808 = CARTESIAN_POINT ('', (-7.75000000000002, 26.75, -4.75));
#2809 = CARTESIAN_POINT ('', (-9.50000000000001, 26.75, -3.));
#2810 = CARTESIAN_POINT ('', (-7.75000000000001, 26.75, -4.75));
#2811 = (
   BOUNDED_SURFACE ()
   B_SPLINE_SURFACE (2, 1, ((#2801, #2802), (#2803, #2804), (#2805, #2806), (#2807, #2808), (#2809, #2810)), .UNSPECIFIED., .F., .F., .U.)
   B_SPLINE_SURFACE_WITH_KNOTS ((3, 2, 3), (2, 2), (0.5, 0.75, 1.), (0., 1.), .UNSPECIFIED.)
   GEOMETRIC_REPRESENTATION_ITEM ()
   RATIONAL_B_SPLINE_SURFACE (((1., 1.), (0.707106781186548, 0.707106781186548), (1., 1.), (0.707106781186548, 0.707106781186548), (1., 1.)))
   REPRESENTATION_ITEM ('')
   SURFACE ()
);
#2812 = ADVANCED_FACE ('', (#2800), #2811, .T.);
#2813 = ORIENTED_EDGE ('', *, *, #635, .F.);
#2814 = ORIENTED_EDGE ('', *, *, #1911, .F.);
#2815 = ORIENTED_EDGE ('', *, *, #688, .T.);
#2816 = ORIENTED_EDGE ('', *, *, #2319, .F.);
#2817 = EDGE_LOOP ('', (#2813, #2814, #2815, #2816));
#2818 = FACE_OUTER_BOUND ('', #2817, .T.);
#2819 = CARTESIAN_POINT ('', (-26.6223672552766, 21.9828191022819, -1.50000000000005));
#2820 = CARTESIAN_POINT ('', (-26.6223672552765, 21.9828191022819, -0.878679656440438));
#2821 = CARTESIAN_POINT ('', (-26.2423246011812, 22.2032438416572, -0.439339828220281));
#2822 = CARTESIAN_POINT ('', (-8.65031189261772, -9.00348324713162, -1.50000000000015));
#2823 = CARTESIAN_POINT ('', (-8.6503118926177, -9.00348324713161, -0.878679656440536));
#2824 = CARTESIAN_POINT ('', (-8.27026923852233, -8.78305850775631, -0.439339828220378));
#2825 = (
   BOUNDED_SURFACE ()
   B_SPLINE_SURFACE (1, 2, ((#2819, #2820, #2821), (#2822, #2823, #2824)), .UNSPECIFIED., .F., .F., .U.)
   B_SPLINE_SURFACE_WITH_KNOTS ((2, 2), (3, 3), (-3.64720259517703, -0.0651002693804239), (0.353429173528854, 0.471238898038467), .UNSPECIFIED.)
   GEOMETRIC_REPRESENTATION_ITEM ()
   RATIONAL_B_SPLINE_SURFACE (((0.853553390593274, 0.853553390593278, 1.), (0.853553390593274, 0.853553390593278, 1.)))
   REPRESENTATION_ITEM ('')
   SURFACE ()
);
#2826 = ADVANCED_FACE ('', (#2818), #2825, .T.);
#2827 = ORIENTED_EDGE ('', *, *, #1219, .F.);
#2828 = ORIENTED_EDGE ('', *, *, #1196, .F.);
#2829 = ORIENTED_EDGE ('', *, *, #1234, .T.);
#2830 = ORIENTED_EDGE ('', *, *, #1257, .T.);
#2831 = EDGE_LOOP ('', (#2827, #2828, #2829, #2830));
#2832 = FACE_OUTER_BOUND ('', #2831, .T.);
#2833 = CARTESIAN_POINT ('', (15.7500000000003, 17.9999999999997, -9.99999999999998));
#2834 = CARTESIAN_POINT ('', (15.7500000000003, 16.4999999999997, -9.99999999999998));
#2835 = CARTESIAN_POINT ('', (17.2500000000003, 16.4999999999997, -9.99999999999998));
#2836 = CARTESIAN_POINT ('', (18.7500000000003, 16.4999999999997, -9.99999999999998));
#2837 = CARTESIAN_POINT ('', (18.7500000000003, 17.9999999999997, -9.99999999999998));
#2838 = CARTESIAN_POINT ('', (15.7500000000003, 17.9999999999997, -6.99999999999997));
#2839 = CARTESIAN_POINT ('', (15.7500000000003, 16.4999999999997, -6.99999999999997));
#2840 = CARTESIAN_POINT ('', (17.2500000000003, 16.4999999999997, -6.99999999999996));
#2841 = CARTESIAN_POINT ('', (18.7500000000003, 16.4999999999997, -6.99999999999996));
#2842 = CARTESIAN_POINT ('', (18.7500000000003, 17.9999999999997, -6.99999999999997));
#2843 = (
   BOUNDED_SURFACE ()
   B_SPLINE_SURFACE (1, 2, ((#2833, #2834, #2835, #2836, #2837), (#2838, #2839, #2840, #2841, #2842)), .UNSPECIFIED., .F., .F., .U.)
   B_SPLINE_SURFACE_WITH_KNOTS ((2, 2), (3, 2, 3), (0., 0.300000000000001), (0., 0.235619449019235, 0.47123889803847), .UNSPECIFIED.)
   GEOMETRIC_REPRESENTATION_ITEM ()
   RATIONAL_B_SPLINE_SURFACE (((1., 0.707106781186547, 1., 0.707106781186547, 1.), (1., 0.707106781186547, 1., 0.707106781186547, 1.)))
   REPRESENTATION_ITEM ('')
   SURFACE ()
);
#2844 = ADVANCED_FACE ('', (#2832), #2843, .T.);
#2845 = ORIENTED_EDGE ('', *, *, #1295, .F.);
#2846 = ORIENTED_EDGE ('', *, *, #1334, .T.);
#2847 = ORIENTED_EDGE ('', *, *, #1303, .F.);
#2848 = ORIENTED_EDGE ('', *, *, #1280, .F.);
#2849 = EDGE_LOOP ('', (#2845, #2846, #2847, #2848));
#2850 = FACE_OUTER_BOUND ('', #2849, .T.);
#2851 = CARTESIAN_POINT ('', (16.25, 18., -4.99999999999995));
#2852 = CARTESIAN_POINT ('', (16.25, 19., -4.99999999999994));
#2853 = CARTESIAN_POINT ('', (17.25, 19., -4.99999999999994));
#2854 = CARTESIAN_POINT ('', (18.25, 19., -4.99999999999994));
#2855 = CARTESIAN_POINT ('', (18.25, 18., -4.99999999999995));
#2856 = CARTESIAN_POINT ('', (16.25, 18., -6.99999999999998));
#2857 = CARTESIAN_POINT ('', (16.25, 19., -6.99999999999997));
#2858 = CARTESIAN_POINT ('', (17.25, 19., -6.99999999999997));
#2859 = CARTESIAN_POINT ('', (18.25, 19., -6.99999999999997));
#2860 = CARTESIAN_POINT ('', (18.25, 18., -6.99999999999998));
#2861 = (
   BOUNDED_SURFACE ()
   B_SPLINE_SURFACE (1, 2, ((#2851, #2852, #2853, #2854, #2855), (#2856, #2857, #2858, #2859, #2860)), .UNSPECIFIED., .F., .F., .U.)
   B_SPLINE_SURFACE_WITH_KNOTS ((2, 2), (3, 2, 3), (0., 0.200000000000003), (0., 0.157079632679489, 0.314159265358979), .UNSPECIFIED.)
   GEOMETRIC_REPRESENTATION_ITEM ()
   RATIONAL_B_SPLINE_SURFACE (((1., 0.707106781186547, 1., 0.707106781186547, 1.), (1., 0.707106781186547, 1., 0.707106781186547, 1.)))
   REPRESENTATION_ITEM ('')
   SURFACE ()
);
#2862 = ADVANCED_FACE ('', (#2850), #2861, .T.);
#2863 = ORIENTED_EDGE ('', *, *, #1516, .F.);
#2864 = ORIENTED_EDGE ('', *, *, #1501, .T.);
#2865 = ORIENTED_EDGE ('', *, *, #1531, .T.);
#2866 = ORIENTED_EDGE ('', *, *, #1555, .F.);
#2867 = EDGE_LOOP ('', (#2863, #2864, #2865, #2866));
#2868 = FACE_OUTER_BOUND ('', #2867, .T.);
#2869 = CARTESIAN_POINT ('', (-18.7500000000003, 17.9999999999997, -9.99999999999998));
#2870 = CARTESIAN_POINT ('', (-18.7500000000003, 17.9999999999997, -6.99999999999997));
#2871 = CARTESIAN_POINT ('', (-18.7500000000003, 19.4999999999997, -9.99999999999998));
#2872 = CARTESIAN_POINT ('', (-18.7500000000003, 19.4999999999997, -6.99999999999997));
#2873 = CARTESIAN_POINT ('', (-17.2500000000003, 19.4999999999997, -9.99999999999998));
#2874 = CARTESIAN_POINT ('', (-17.2500000000003, 19.4999999999997, -6.99999999999997));
#2875 = CARTESIAN_POINT ('', (-15.7500000000003, 19.4999999999997, -9.99999999999998));
#2876 = CARTESIAN_POINT ('', (-15.7500000000003, 19.4999999999997, -6.99999999999997));
#2877 = CARTESIAN_POINT ('', (-15.7500000000003, 17.9999999999997, -9.99999999999998));
#2878 = CARTESIAN_POINT ('', (-15.7500000000003, 17.9999999999997, -6.99999999999997));
#2879 = (
   BOUNDED_SURFACE ()
   B_SPLINE_SURFACE (2, 1, ((#2869, #2870), (#2871, #2872), (#2873, #2874), (#2875, #2876), (#2877, #2878)), .UNSPECIFIED., .F., .F., .U.)
   B_SPLINE_SURFACE_WITH_KNOTS ((3, 2, 3), (2, 2), (0.471238898038471, 0.706858347057707, 0.942477796076943), (-0.300000000000001, 0.), .UNSPECIFIED.)
   GEOMETRIC_REPRESENTATION_ITEM ()
   RATIONAL_B_SPLINE_SURFACE (((1., 1.), (0.707106781186547, 0.707106781186547), (1., 1.), (0.707106781186547, 0.707106781186547), (1., 1.)))
   REPRESENTATION_ITEM ('')
   SURFACE ()
);
#2880 = ADVANCED_FACE ('', (#2868), #2879, .T.);
#2881 = ORIENTED_EDGE ('', *, *, #1592, .F.);
#2882 = ORIENTED_EDGE ('', *, *, #1630, .F.);
#2883 = ORIENTED_EDGE ('', *, *, #1600, .F.);
#2884 = ORIENTED_EDGE ('', *, *, #1569, .T.);
#2885 = EDGE_LOOP ('', (#2881, #2882, #2883, #2884));
#2886 = FACE_OUTER_BOUND ('', #2885, .T.);
#2887 = CARTESIAN_POINT ('', (-18.25, 18., -4.99999999999995));
#2888 = CARTESIAN_POINT ('', (-18.25, 18., -6.99999999999998));
#2889 = CARTESIAN_POINT ('', (-18.25, 17., -4.99999999999995));
#2890 = CARTESIAN_POINT ('', (-18.25, 17., -6.99999999999998));
#2891 = CARTESIAN_POINT ('', (-17.25, 17., -4.99999999999995));
#2892 = CARTESIAN_POINT ('', (-17.25, 17., -6.99999999999998));
#2893 = CARTESIAN_POINT ('', (-16.25, 17., -4.99999999999995));
#2894 = CARTESIAN_POINT ('', (-16.25, 17., -6.99999999999998));
#2895 = CARTESIAN_POINT ('', (-16.25, 18., -4.99999999999995));
#2896 = CARTESIAN_POINT ('', (-16.25, 18., -6.99999999999998));
#2897 = (
   BOUNDED_SURFACE ()
   B_SPLINE_SURFACE (2, 1, ((#2887, #2888), (#2889, #2890), (#2891, #2892), (#2893, #2894), (#2895, #2896)), .UNSPECIFIED., .F., .F., .U.)
   B_SPLINE_SURFACE_WITH_KNOTS ((3, 2, 3), (2, 2), (0.314159265358977, 0.471238898038466, 0.628318530717955), (-0.200000000000003, -5.55111512312578E-17), .UNSPECIFIED.)
   GEOMETRIC_REPRESENTATION_ITEM ()
   RATIONAL_B_SPLINE_SURFACE (((1., 1.), (0.707106781186547, 0.707106781186547), (1., 1.), (0.707106781186547, 0.707106781186547), (1., 1.)))
   REPRESENTATION_ITEM ('')
   SURFACE ()
);
#2898 = ADVANCED_FACE ('', (#2886), #2897, .T.);
#2899 = ORIENTED_EDGE ('', *, *, #2188, .F.);
#2900 = ORIENTED_EDGE ('', *, *, #2220, .T.);
#2901 = ORIENTED_EDGE ('', *, *, #2582, .T.);
#2902 = ORIENTED_EDGE ('', *, *, #2124, .T.);
#2903 = ORIENTED_EDGE ('', *, *, #2115, .F.);
#2904 = EDGE_LOOP ('', (#2899, #2900, #2901, #2902, #2903));
#2905 = FACE_OUTER_BOUND ('', #2904, .T.);
#2906 = CARTESIAN_POINT ('', (17.9720553626602, 37.0000000000001, -1.49999999999999));
#2907 = CARTESIAN_POINT ('', (17.9720553626602, 37.0000000000002, -0.878679656440336));
#2908 = CARTESIAN_POINT ('', (17.9720553626602, 36.56066017178, -0.439339828220145));
#2909 = CARTESIAN_POINT ('', (0.498924197619924, 37.0000000000001, -1.50000000000004));
#2910 = CARTESIAN_POINT ('', (0.498924197619923, 37.0000000000001, -0.878679656440385));
#2911 = CARTESIAN_POINT ('', (0.498924197619923, 36.5606601717799, -0.439339828220195));
#2912 = (
   BOUNDED_SURFACE ()
   B_SPLINE_SURFACE (1, 2, ((#2906, #2907, #2908), (#2909, #2910, #2911)), .UNSPECIFIED., .F., .F., .U.)
   B_SPLINE_SURFACE_WITH_KNOTS ((2, 2), (3, 3), (-1.74742161578803, -0.000108499284001411), (0.35342917352885, 0.47123889803847), .UNSPECIFIED.)
   GEOMETRIC_REPRESENTATION_ITEM ()
   RATIONAL_B_SPLINE_SURFACE (((0.853553390593274, 0.853553390593271, 1.), (0.853553390593274, 0.853553390593271, 1.)))
   REPRESENTATION_ITEM ('')
   SURFACE ()
);
#2913 = ADVANCED_FACE ('', (#2905), #2912, .T.);
#2914 = ORIENTED_EDGE ('', *, *, #2293, .F.);
#2915 = ORIENTED_EDGE ('', *, *, #2326, .T.);
#2916 = ORIENTED_EDGE ('', *, *, #816, .T.);
#2917 = ORIENTED_EDGE ('', *, *, #2267, .T.);
#2918 = EDGE_LOOP ('', (#2914, #2915, #2916, #2917));
#2919 = FACE_OUTER_BOUND ('', #2918, .T.);
#2920 = CARTESIAN_POINT ('', (8.65031189261832, -9.00348324713199, -1.5000000000001));
#2921 = CARTESIAN_POINT ('', (8.65031189261836, -9.00348324713201, -0.878679656440382));
#2922 = CARTESIAN_POINT ('', (8.27026923852294, -8.78305850775666, -0.439339828220155));
#2923 = CARTESIAN_POINT ('', (26.6223672552783, 21.9828191022816, -1.50000000000001));
#2924 = CARTESIAN_POINT ('', (26.6223672552784, 21.9828191022816, -0.878679656440298));
#2925 = CARTESIAN_POINT ('', (26.242324601183, 22.2032438416569, -0.439339828220071));
#2926 = (
   BOUNDED_SURFACE ()
   B_SPLINE_SURFACE (1, 2, ((#2920, #2921, #2922), (#2923, #2924, #2925)), .UNSPECIFIED., .F., .F., .U.)
   B_SPLINE_SURFACE_WITH_KNOTS ((2, 2), (3, 3), (-3.64720259517709, -0.0651002693804244), (0.353429173528841, 0.471238898038469), .UNSPECIFIED.)
   GEOMETRIC_REPRESENTATION_ITEM ()
   RATIONAL_B_SPLINE_SURFACE (((0.853553390593274, 0.85355339059326, 1.), (0.853553390593274, 0.85355339059326, 1.)))
   REPRESENTATION_ITEM ('')
   SURFACE ()
);
#2927 = ADVANCED_FACE ('', (#2919), #2926, .T.);
#2928 = CLOSED_SHELL ('', (#411, #440, #469, #506, #627, #659, #709, #749, #789, #831, #877, #908, #933, #1111, #1148, #1213, #1250, #1289, #1326, #1343, #1380, #1408, #1445, #1510, #1547, #1586, #1623, #1640, #1681, #1725, #1776, #1804, #1855, #1883, #1905, #1957, #2015, #2082, #2171, #2182, #2207, #2251, #2287, #2312, #2347, #2363, #2385, #2401, #2423, #2435, #2455, #2475, #2491, #2509, #2525, #2568, #2597, #2622, #2646, #2684, #2712, #2728, #2746, #2762, #2778, #2795, #2812, #2826, #2844, #2862, #2880, #2898, #2913, #2927));
#2929 = MANIFOLD_SOLID_BREP ('', #2928);
#2930 = PRESENTATION_LAYER_ASSIGNMENT ('Level 3', 'Level 3', (#2929));
#2931 = COLOUR_RGB ('', 1., 0.498039215686275, 0.);
#2932 = FILL_AREA_STYLE_COLOUR ('', #2931);
#2933 = FILL_AREA_STYLE ('', (#2932));
#2934 = SURFACE_STYLE_FILL_AREA (#2933);
#2935 = SURFACE_SIDE_STYLE ('', (#2934));
#2936 = SURFACE_STYLE_USAGE (.POSITIVE., #2935);
#2937 = PRESENTATION_STYLE_ASSIGNMENT ((#2936));
#2938 = STYLED_ITEM ('', (#2937), #2929);
#2939 = (
   LENGTH_UNIT ()
   NAMED_UNIT (*)
   SI_UNIT ($, .METRE.)
);
#2940 = (
   NAMED_UNIT (*)
   SI_UNIT ($, .STERADIAN.)
   SOLID_ANGLE_UNIT ()
);
#2941 = (
   NAMED_UNIT (*)
   PLANE_ANGLE_UNIT ()
   SI_UNIT ($, .RADIAN.)
);
#2942 = UNCERTAINTY_MEASURE_WITH_UNIT (LENGTH_MEASURE(0.001), #2939, 'DISTANCE_ACCURACY_VALUE', '');
#2943 = (
   GEOMETRIC_REPRESENTATION_CONTEXT (3)
   GLOBAL_UNCERTAINTY_ASSIGNED_CONTEXT ((#2942))
   GLOBAL_UNIT_ASSIGNED_CONTEXT ((#2939, #2940, #2941))
   REPRESENTATION_CONTEXT ('', '3D')
);
#2944 = SHAPE_REPRESENTATION ('', (#3072), #2943);
#2945 = APPLICATION_CONTEXT ('configuration controlled 3D designs of mechanical parts and assemblies');
#2946 = APPLICATION_PROTOCOL_DEFINITION ('International Standard', 'config_control_design', 1997, #2945);
#2947 = MECHANICAL_CONTEXT ('', #2945, 'mechanical');
#2948 = PRODUCT ('', '', '', (#2947));
#2949 = PERSON_AND_ORGANIZATION_ROLE ('design_owner');
#2950 = PERSON ('#2950', '', $, $, $, $);
#2951 = ORGANIZATION ($, '', '');
#2952 = PERSON_AND_ORGANIZATION (#2950, #2951);
#2953 = CC_DESIGN_PERSON_AND_ORGANIZATION_ASSIGNMENT (#2952, #2949, (#2948));
#2954 = PRODUCT_RELATED_PRODUCT_CATEGORY ('detail', $, (#2948));
#2955 = PRODUCT_DEFINITION_FORMATION_WITH_SPECIFIED_SOURCE ('', '', #2948, .NOT_KNOWN.);
#2956 = APPROVAL_STATUS ('approved');
#2957 = APPROVAL (#2956, '');
#2958 = CALENDAR_DATE (2026, 1, 10);
#2959 = COORDINATED_UNIVERSAL_TIME_OFFSET (0, $, .AHEAD.);
#2960 = LOCAL_TIME (4, 11, 55., #2959);
#2961 = DATE_AND_TIME (#2958, #2960);
#2962 = APPROVAL_DATE_TIME (#2961, #2957);
#2963 = APPROVAL_ROLE ('');
#2964 = PERSON ('#2964', '', $, $, $, $);
#2965 = ORGANIZATION ($, '', '');
#2966 = PERSON_AND_ORGANIZATION (#2964, #2965);
#2967 = APPROVAL_PERSON_ORGANIZATION (#2966, #2957, #2963);
#2968 = CC_DESIGN_APPROVAL (#2957, (#2955));
#2969 = PERSON_AND_ORGANIZATION_ROLE ('creator');
#2970 = PERSON ('#2970', '', $, $, $, $);
#2971 = ORGANIZATION ($, '', '');
#2972 = PERSON_AND_ORGANIZATION (#2970, #2971);
#2973 = CC_DESIGN_PERSON_AND_ORGANIZATION_ASSIGNMENT (#2972, #2969, (#2955));
#2974 = PERSON_AND_ORGANIZATION_ROLE ('part_supplier');
#2975 = PERSON ('#2975', '', $, $, $, $);
#2976 = ORGANIZATION ($, '', '');
#2977 = PERSON_AND_ORGANIZATION (#2975, #2976);
#2978 = CC_DESIGN_PERSON_AND_ORGANIZATION_ASSIGNMENT (#2977, #2974, (#2955));
#2979 = SECURITY_CLASSIFICATION_LEVEL ('unclassified');
#2980 = SECURITY_CLASSIFICATION ('', '', #2979);
#2981 = APPROVAL_STATUS ('approved');
#2982 = APPROVAL (#2981, '');
#2983 = CALENDAR_DATE (2026, 1, 10);
#2984 = COORDINATED_UNIVERSAL_TIME_OFFSET (0, $, .AHEAD.);
#2985 = LOCAL_TIME (4, 11, 55., #2984);
#2986 = DATE_AND_TIME (#2983, #2985);
#2987 = APPROVAL_DATE_TIME (#2986, #2982);
#2988 = APPROVAL_ROLE ('');
#2989 = PERSON ('#2989', '', $, $, $, $);
#2990 = ORGANIZATION ($, '', '');
#2991 = PERSON_AND_ORGANIZATION (#2989, #2990);
#2992 = APPROVAL_PERSON_ORGANIZATION (#2991, #2982, #2988);
#2993 = CC_DESIGN_APPROVAL (#2982, (#2980));
#2994 = DATE_TIME_ROLE ('classification_date');
#2995 = CALENDAR_DATE (2026, 1, 10);
#2996 = COORDINATED_UNIVERSAL_TIME_OFFSET (0, $, .AHEAD.);
#2997 = LOCAL_TIME (4, 11, 55., #2996);
#2998 = DATE_AND_TIME (#2995, #2997);
#2999 = CC_DESIGN_DATE_AND_TIME_ASSIGNMENT (#2998, #2994, (#2980));
#3000 = PERSON_AND_ORGANIZATION_ROLE ('classification_officer');
#3001 = PERSON ('#3001', '', $, $, $, $);
#3002 = ORGANIZATION ($, '', '');
#3003 = PERSON_AND_ORGANIZATION (#3001, #3002);
#3004 = CC_DESIGN_PERSON_AND_ORGANIZATION_ASSIGNMENT (#3003, #3000, (#2980));
#3005 = CC_DESIGN_SECURITY_CLASSIFICATION (#2980, (#2955));
#3006 = DESIGN_CONTEXT ('', #2945, 'design');
#3007 = APPROVAL_STATUS ('approved');
#3008 = APPROVAL (#3007, '');
#3009 = CALENDAR_DATE (2026, 1, 10);
#3010 = COORDINATED_UNIVERSAL_TIME_OFFSET (0, $, .AHEAD.);
#3011 = LOCAL_TIME (4, 11, 55., #3010);
#3012 = DATE_AND_TIME (#3009, #3011);
#3013 = APPROVAL_DATE_TIME (#3012, #3008);
#3014 = APPROVAL_ROLE ('');
#3015 = PERSON ('#3015', '', $, $, $, $);
#3016 = ORGANIZATION ($, '', '');
#3017 = PERSON_AND_ORGANIZATION (#3015, #3016);
#3018 = APPROVAL_PERSON_ORGANIZATION (#3017, #3008, #3014);
#3019 = CC_DESIGN_APPROVAL (#3008, (*));
#3020 = DATE_TIME_ROLE ('creation_date');
#3021 = CALENDAR_DATE (2026, 1, 10);
#3022 = COORDINATED_UNIVERSAL_TIME_OFFSET (0, $, .AHEAD.);
#3023 = LOCAL_TIME (4, 11, 55., #3022);
#3024 = DATE_AND_TIME (#3021, #3023);
#3025 = CC_DESIGN_DATE_AND_TIME_ASSIGNMENT (#3024, #3020, (*));
#3026 = PERSON_AND_ORGANIZATION_ROLE ('creator');
#3027 = PERSON ('#3027', '', $, $, $, $);
#3028 = ORGANIZATION ($, '', '');
#3029 = PERSON_AND_ORGANIZATION (#3027, #3028);
#3030 = CC_DESIGN_PERSON_AND_ORGANIZATION_ASSIGNMENT (#3029, #3026, (*));
#3031 = PRODUCT_DEFINITION ('', '', #2955, #3006);
#3032 = PRODUCT_DEFINITION_SHAPE ('', '', #3031);
#3033 = SHAPE_DEFINITION_REPRESENTATION (#3032, #2944);
#3034 = SHAPE_REPRESENTATION_RELATIONSHIP ('', '', #2944, #3035);
#3035 = ADVANCED_BREP_SHAPE_REPRESENTATION ('', (#2929), #2943);
#3036 = NEXT_ASSEMBLY_USAGE_OCCURRENCE ('#3036', '', '', #93, #3031, $);
#3037 = SECURITY_CLASSIFICATION_LEVEL ('unclassified');
#3038 = SECURITY_CLASSIFICATION ('', '', #3037);
#3039 = APPROVAL_STATUS ('approved');
#3040 = APPROVAL (#3039, '');
#3041 = CALENDAR_DATE (2026, 1, 10);
#3042 = COORDINATED_UNIVERSAL_TIME_OFFSET (0, $, .AHEAD.);
#3043 = LOCAL_TIME (4, 11, 55., #3042);
#3044 = DATE_AND_TIME (#3041, #3043);
#3045 = APPROVAL_DATE_TIME (#3044, #3040);
#3046 = APPROVAL_ROLE ('');
#3047 = PERSON ('#3047', '', $, $, $, $);
#3048 = ORGANIZATION ($, '', '');
#3049 = PERSON_AND_ORGANIZATION (#3047, #3048);
#3050 = APPROVAL_PERSON_ORGANIZATION (#3049, #3040, #3046);
#3051 = CC_DESIGN_APPROVAL (#3040, (#3038));
#3052 = DATE_TIME_ROLE ('classification_date');
#3053 = CALENDAR_DATE (2026, 1, 10);
#3054 = COORDINATED_UNIVERSAL_TIME_OFFSET (0, $, .AHEAD.);
#3055 = LOCAL_TIME (4, 11, 55., #3054);
#3056 = DATE_AND_TIME (#3053, #3055);
#3057 = CC_DESIGN_DATE_AND_TIME_ASSIGNMENT (#3056, #3052, (#3038));
#3058 = PERSON_AND_ORGANIZATION_ROLE ('classification_officer');
#3059 = PERSON ('#3059', '', $, $, $, $);
#3060 = ORGANIZATION ($, '', '');
#3061 = PERSON_AND_ORGANIZATION (#3059, #3060);
#3062 = CC_DESIGN_PERSON_AND_ORGANIZATION_ASSIGNMENT (#3061, #3058, (#3038));
#3063 = CC_DESIGN_SECURITY_CLASSIFICATION (#3038, (#3036));
#3064 = PRODUCT_DEFINITION_SHAPE ('', '', #3036);
#3065 = CARTESIAN_POINT ('', (0., 0., 0.));
#3066 = DIRECTION ('', (0., 0., 1.));
#3067 = DIRECTION ('', (1., 0., 0.));
#3068 = AXIS2_PLACEMENT_3D ('', #3065, #3066, #3067);
#3069 = CARTESIAN_POINT ('', (0., 0., 0.));
#3070 = DIRECTION ('', (0., 0., 1.));
#3071 = DIRECTION ('', (1., 0., 0.));
#3072 = AXIS2_PLACEMENT_3D ('', #3069, #3070, #3071);
#3073 = ITEM_DEFINED_TRANSFORMATION ('', '', #3068, #3072);
#3074 = (
   REPRESENTATION_RELATIONSHIP ('', '', #6, #2944)
   REPRESENTATION_RELATIONSHIP_WITH_TRANSFORMATION (#3073)
   SHAPE_REPRESENTATION_RELATIONSHIP ()
);
#3075 = CONTEXT_DEPENDENT_SHAPE_REPRESENTATION (#3074, #3064);
ENDSEC;
END-ISO-10303-21;
