ISO-10303-21;
HEADER;
FILE_DESCRIPTION (('STEP'), '1');
FILE_NAME ('yuwolDongleUpsideScrew.stp', '2026-10-01T04:12:08', ('Unknown'), ('Unknown'), 'HarmonyWare STEP v2.1.9', 'HarmonyWare Translators', '');
FILE_SCHEMA (('CONFIG_CONTROL_DESIGN'));
ENDSEC;

DATA;
#1 = (
   LENGTH_UNIT ()
   NAMED_UNIT (*)
   SI_UNIT ($, .METRE.)
);
#2 = (
   NAMED_UNIT (*)
   SI_UNIT ($, .STERADIAN.)
   SOLID_ANGLE_UNIT ()
);
#3 = (
   NAMED_UNIT (*)
   PLANE_ANGLE_UNIT ()
   SI_UNIT ($, .RADIAN.)
);
#4 = UNCERTAINTY_MEASURE_WITH_UNIT (LENGTH_MEASURE(0.001), #1, 'DISTANCE_ACCURACY_VALUE', '');
#5 = (
   GEOMETRIC_REPRESENTATION_CONTEXT (3)
   GLOBAL_UNCERTAINTY_ASSIGNED_CONTEXT ((#4))
   GLOBAL_UNIT_ASSIGNED_CONTEXT ((#1, #2, #3))
   REPRESENTATION_CONTEXT ('', '3D')
);
#6 = SHAPE_REPRESENTATION ('', (#2870), #5);
#7 = APPLICATION_CONTEXT ('configuration controlled 3D designs of mechanical parts and assemblies');
#8 = APPLICATION_PROTOCOL_DEFINITION ('International Standard', 'config_control_design', 1997, #7);
#9 = MECHANICAL_CONTEXT ('', #7, 'mechanical');
#10 = PRODUCT ('', '', '', (#9));
#11 = PERSON_AND_ORGANIZATION_ROLE ('design_owner');
#12 = PERSON ('#12', '', $, $, $, $);
#13 = ORGANIZATION ($, '', '');
#14 = PERSON_AND_ORGANIZATION (#12, #13);
#15 = CC_DESIGN_PERSON_AND_ORGANIZATION_ASSIGNMENT (#14, #11, (#10));
#16 = PRODUCT_RELATED_PRODUCT_CATEGORY ('detail', $, (#10));
#17 = PRODUCT_DEFINITION_FORMATION_WITH_SPECIFIED_SOURCE ('', '', #10, .NOT_KNOWN.);
#18 = APPROVAL_STATUS ('approved');
#19 = APPROVAL (#18, '');
#20 = CALENDAR_DATE (2026, 1, 10);
#21 = COORDINATED_UNIVERSAL_TIME_OFFSET (0, $, .AHEAD.);
#22 = LOCAL_TIME (4, 12, 8., #21);
#23 = DATE_AND_TIME (#20, #22);
#24 = APPROVAL_DATE_TIME (#23, #19);
#25 = APPROVAL_ROLE ('');
#26 = PERSON ('#26', '', $, $, $, $);
#27 = ORGANIZATION ($, '', '');
#28 = PERSON_AND_ORGANIZATION (#26, #27);
#29 = APPROVAL_PERSON_ORGANIZATION (#28, #19, #25);
#30 = CC_DESIGN_APPROVAL (#19, (#17));
#31 = PERSON_AND_ORGANIZATION_ROLE ('creator');
#32 = PERSON ('#32', '', $, $, $, $);
#33 = ORGANIZATION ($, '', '');
#34 = PERSON_AND_ORGANIZATION (#32, #33);
#35 = CC_DESIGN_PERSON_AND_ORGANIZATION_ASSIGNMENT (#34, #31, (#17));
#36 = PERSON_AND_ORGANIZATION_ROLE ('part_supplier');
#37 = PERSON ('#37', '', $, $, $, $);
#38 = ORGANIZATION ($, '', '');
#39 = PERSON_AND_ORGANIZATION (#37, #38);
#40 = CC_DESIGN_PERSON_AND_ORGANIZATION_ASSIGNMENT (#39, #36, (#17));
#41 = SECURITY_CLASSIFICATION_LEVEL ('unclassified');
#42 = SECURITY_CLASSIFICATION ('', '', #41);
#43 = APPROVAL_STATUS ('approved');
#44 = APPROVAL (#43, '');
#45 = CALENDAR_DATE (2026, 1, 10);
#46 = COORDINATED_UNIVERSAL_TIME_OFFSET (0, $, .AHEAD.);
#47 = LOCAL_TIME (4, 12, 8., #46);
#48 = DATE_AND_TIME (#45, #47);
#49 = APPROVAL_DATE_TIME (#48, #44);
#50 = APPROVAL_ROLE ('');
#51 = PERSON ('#51', '', $, $, $, $);
#52 = ORGANIZATION ($, '', '');
#53 = PERSON_AND_ORGANIZATION (#51, #52);
#54 = APPROVAL_PERSON_ORGANIZATION (#53, #44, #50);
#55 = CC_DESIGN_APPROVAL (#44, (#42));
#56 = DATE_TIME_ROLE ('classification_date');
#57 = CALENDAR_DATE (2026, 1, 10);
#58 = COORDINATED_UNIVERSAL_TIME_OFFSET (0, $, .AHEAD.);
#59 = LOCAL_TIME (4, 12, 8., #58);
#60 = DATE_AND_TIME (#57, #59);
#61 = CC_DESIGN_DATE_AND_TIME_ASSIGNMENT (#60, #56, (#42));
#62 = PERSON_AND_ORGANIZATION_ROLE ('classification_officer');
#63 = PERSON ('#63', '', $, $, $, $);
#64 = ORGANIZATION ($, '', '');
#65 = PERSON_AND_ORGANIZATION (#63, #64);
#66 = CC_DESIGN_PERSON_AND_ORGANIZATION_ASSIGNMENT (#65, #62, (#42));
#67 = CC_DESIGN_SECURITY_CLASSIFICATION (#42, (#17));
#68 = DESIGN_CONTEXT ('', #7, 'design');
#69 = APPROVAL_STATUS ('approved');
#70 = APPROVAL (#69, '');
#71 = CALENDAR_DATE (2026, 1, 10);
#72 = COORDINATED_UNIVERSAL_TIME_OFFSET (0, $, .AHEAD.);
#73 = LOCAL_TIME (4, 12, 8., #72);
#74 = DATE_AND_TIME (#71, #73);
#75 = APPROVAL_DATE_TIME (#74, #70);
#76 = APPROVAL_ROLE ('');
#77 = PERSON ('#77', '', $, $, $, $);
#78 = ORGANIZATION ($, '', '');
#79 = PERSON_AND_ORGANIZATION (#77, #78);
#80 = APPROVAL_PERSON_ORGANIZATION (#79, #70, #76);
#81 = CC_DESIGN_APPROVAL (#70, (*));
#82 = DATE_TIME_ROLE ('creation_date');
#83 = CALENDAR_DATE (2026, 1, 10);
#84 = COORDINATED_UNIVERSAL_TIME_OFFSET (0, $, .AHEAD.);
#85 = LOCAL_TIME (4, 12, 8., #84);
#86 = DATE_AND_TIME (#83, #85);
#87 = CC_DESIGN_DATE_AND_TIME_ASSIGNMENT (#86, #82, (*));
#88 = PERSON_AND_ORGANIZATION_ROLE ('creator');
#89 = PERSON ('#89', '', $, $, $, $);
#90 = ORGANIZATION ($, '', '');
#91 = PERSON_AND_ORGANIZATION (#89, #90);
#92 = CC_DESIGN_PERSON_AND_ORGANIZATION_ASSIGNMENT (#91, #88, (*));
#93 = PRODUCT_DEFINITION ('', '', #17, #68);
#94 = PRODUCT_DEFINITION_SHAPE ('', '', #93);
#95 = SHAPE_DEFINITION_REPRESENTATION (#94, #6);
#96 = CARTESIAN_POINT ('', (24.2435314848081, 23.3625438491543, -10.));
#97 = VERTEX_POINT ('', #96);
#98 = CARTESIAN_POINT ('', (18.6506045246824, 13.7195663316958, -10.));
#99 = VERTEX_POINT ('', #98);
#100 = CARTESIAN_POINT ('', (24.2435314848081, 23.3625438491542, -10.));
#101 = CARTESIAN_POINT ('', (18.6506045246824, 13.7195663316957, -10.));
#102 = B_SPLINE_CURVE_WITH_KNOTS ('', 1, (#100, #101), .UNSPECIFIED., .F., .U., (2, 2), (259.116425207821, 270.263974148441), .UNSPECIFIED.);
#103 = EDGE_CURVE ('', #97, #99, #102, .T.);
#104 = ORIENTED_EDGE ('', *, *, #103, .T.);
#105 = CARTESIAN_POINT ('', (15.7448457306845, 15.4049064322146, -10.));
#106 = VERTEX_POINT ('', #105);
#107 = CARTESIAN_POINT ('', (18.6506045246822, 13.7195663316963, -10.));
#108 = CARTESIAN_POINT ('', (15.7448457306843, 15.4049064322152, -10.));
#109 = B_SPLINE_CURVE_WITH_KNOTS ('', 1, (#107, #108), .UNSPECIFIED., .F., .U., (2, 2), (270.263974148441, 270.763974148441), .UNSPECIFIED.);
#110 = EDGE_CURVE ('', #99, #106, #109, .T.);
#111 = ORIENTED_EDGE ('', *, *, #110, .T.);
#112 = CARTESIAN_POINT ('', (14.25, 18., -10.));
#113 = VERTEX_POINT ('', #112);
#114 = CARTESIAN_POINT ('', (15.7448457306845, 15.4049064322146, -10.));
#115 = CARTESIAN_POINT ('', (14.25, 16.2719169560116, -10.));
#116 = CARTESIAN_POINT ('', (14.25, 18., -10.));
#117 = (
   BOUNDED_CURVE ()
   B_SPLINE_CURVE (2, (#114, #115, #116), .UNSPECIFIED., .F., .U.)
   B_SPLINE_CURVE_WITH_KNOTS ((3, 3), (0., 1.04521253324329), .UNSPECIFIED.)
   CURVE ()
   GEOMETRIC_REPRESENTATION_ITEM ()
   RATIONAL_B_SPLINE_CURVE ((1., 0.866521231641741, 1.))
   REPRESENTATION_ITEM ('')
);
#118 = EDGE_CURVE ('', #106, #113, #117, .T.);
#119 = ORIENTED_EDGE ('', *, *, #118, .T.);
#120 = CARTESIAN_POINT ('', (14.25, 34.2500000000001, -10.));
#121 = VERTEX_POINT ('', #120);
#122 = CARTESIAN_POINT ('', (14.25, 17.9999999999982, -10.));
#123 = CARTESIAN_POINT ('', (14.25, 34.2499999999982, -10.));
#124 = B_SPLINE_CURVE_WITH_KNOTS ('', 1, (#122, #123), .UNSPECIFIED., .F., .U., (2, 2), (270.928399136395, 271.667035500031), .UNSPECIFIED.);
#125 = EDGE_CURVE ('', #113, #121, #124, .T.);
#126 = ORIENTED_EDGE ('', *, *, #125, .T.);
#127 = CARTESIAN_POINT ('', (17.9720553626602, 34.2500000000002, -10.));
#128 = VERTEX_POINT ('', #127);
#129 = CARTESIAN_POINT ('', (14.2500000000001, 34.2500000000001, -10.));
#130 = CARTESIAN_POINT ('', (17.9720553626603, 34.2500000000002, -10.));
#131 = B_SPLINE_CURVE_WITH_KNOTS ('', 1, (#129, #130), .UNSPECIFIED., .F., .U., (2, 2), (254.394369845161, 258.116425207821), .UNSPECIFIED.);
#132 = EDGE_CURVE ('', #121, #128, #131, .T.);
#133 = ORIENTED_EDGE ('', *, *, #132, .T.);
#134 = CARTESIAN_POINT ('', (17.9720553626602, 34.2500000000002, -10.));
#135 = CARTESIAN_POINT ('', (22.162643316231, 34.2500000000002, -10.));
#136 = CARTESIAN_POINT ('', (24.2543342920628, 30.618766565169, -10.));
#137 = CARTESIAN_POINT ('', (26.3460252678947, 26.9875331303378, -10.));
#138 = CARTESIAN_POINT ('', (24.2435314848081, 23.3625438491543, -10.));
#139 = (
   BOUNDED_CURVE ()
   B_SPLINE_CURVE (2, (#134, #135, #136, #137, #138), .UNSPECIFIED., .F., .U.)
   B_SPLINE_CURVE_WITH_KNOTS ((3, 2, 3), (0., 1.04819006017327, 2.09638012034654), .UNSPECIFIED.)
   CURVE ()
   GEOMETRIC_REPRESENTATION_ITEM ()
   RATIONAL_B_SPLINE_CURVE ((1., 0.865777169913062, 1., 0.865777169913055, 1.))
   REPRESENTATION_ITEM ('')
);
#140 = EDGE_CURVE ('', #128, #97, #139, .T.);
#141 = ORIENTED_EDGE ('', *, *, #140, .T.);
#142 = EDGE_LOOP ('', (#104, #111, #119, #126, #133, #141));
#143 = FACE_OUTER_BOUND ('', #142, .T.);
#144 = CARTESIAN_POINT ('', (18.0001250733255, 18., -9.99999999999997));
#145 = VERTEX_POINT ('', #144);
#146 = CARTESIAN_POINT ('', (16.4998749266745, 18., -9.99999999999997));
#147 = VERTEX_POINT ('', #146);
#148 = CARTESIAN_POINT ('', (18.0001250733255, 18., -9.99999999999997));
#149 = CARTESIAN_POINT ('', (18.0001250733255, 18.7501250733255, -9.99999999999997));
#150 = CARTESIAN_POINT ('', (17.25, 18.7501250733255, -9.99999999999997));
#151 = CARTESIAN_POINT ('', (16.4998749266745, 18.7501250733255, -9.99999999999997));
#152 = CARTESIAN_POINT ('', (16.4998749266745, 18., -9.99999999999997));
#153 = (
   BOUNDED_CURVE ()
   B_SPLINE_CURVE (2, (#148, #149, #150, #151, #152), .UNSPECIFIED., .F., .U.)
   B_SPLINE_CURVE_WITH_KNOTS ((3, 2, 3), (1.75243969586042E-29, 1.5707963267949, 3.14159265358979), .UNSPECIFIED.)
   CURVE ()
   GEOMETRIC_REPRESENTATION_ITEM ()
   RATIONAL_B_SPLINE_CURVE ((1., 0.707106781186545, 1., 0.707106781186545, 1.))
   REPRESENTATION_ITEM ('')
);
#154 = EDGE_CURVE ('', #145, #147, #153, .T.);
#155 = ORIENTED_EDGE ('', *, *, #154, .T.);
#156 = CARTESIAN_POINT ('', (16.4998749266745, 18., -9.99999999999997));
#157 = CARTESIAN_POINT ('', (16.4998749266745, 17.2498749266745, -9.99999999999997));
#158 = CARTESIAN_POINT ('', (17.25, 17.2498749266745, -9.99999999999997));
#159 = CARTESIAN_POINT ('', (18.0001250733255, 17.2498749266745, -9.99999999999997));
#160 = CARTESIAN_POINT ('', (18.0001250733255, 18., -9.99999999999997));
#161 = (
   BOUNDED_CURVE ()
   B_SPLINE_CURVE (2, (#156, #157, #158, #159, #160), .UNSPECIFIED., .F., .U.)
   B_SPLINE_CURVE_WITH_KNOTS ((3, 2, 3), (3.14159265358979, 4.71238898038469, 6.28318530717959), .UNSPECIFIED.)
   CURVE ()
   GEOMETRIC_REPRESENTATION_ITEM ()
   RATIONAL_B_SPLINE_CURVE ((1., 0.707106781186545, 1., 0.707106781186545, 1.))
   REPRESENTATION_ITEM ('')
);
#162 = EDGE_CURVE ('', #147, #145, #161, .T.);
#163 = ORIENTED_EDGE ('', *, *, #162, .T.);
#164 = EDGE_LOOP ('', (#155, #163));
#165 = FACE_BOUND ('', #164, .T.);
#166 = CARTESIAN_POINT ('', (14.25, 13.7195663316958, -10.));
#167 = CARTESIAN_POINT ('', (26.3460252678947, 13.7195663316958, -10.));
#168 = CARTESIAN_POINT ('', (14.25, 34.2500000000002, -10.));
#169 = CARTESIAN_POINT ('', (26.3460252678947, 34.2500000000002, -10.));
#170 = B_SPLINE_SURFACE_WITH_KNOTS ('', 1, 1, ((#166, #167), (#168, #169)), .UNSPECIFIED., .F., .F., .U., (2, 2), (2, 2), (0.308486426440762, 0.718762642085579), (0.430067015899392, 0.671791645365816), .UNSPECIFIED.);
#171 = ADVANCED_FACE ('', (#143, #165), #170, .T.);
#172 = CARTESIAN_POINT ('', (16.4998749266745, 18., -5.));
#173 = VERTEX_POINT ('', #172);
#174 = CARTESIAN_POINT ('', (16.4998749266745, 18., -9.99999999999997));
#175 = CARTESIAN_POINT ('', (16.4998749266745, 18., -5.));
#176 = B_SPLINE_CURVE_WITH_KNOTS ('', 1, (#174, #175), .UNSPECIFIED., .F., .U., (2, 2), (5.55111512312578E-17, 0.499999999999997), .UNSPECIFIED.);
#177 = EDGE_CURVE ('', #147, #173, #176, .T.);
#178 = ORIENTED_EDGE ('', *, *, #177, .T.);
#179 = CARTESIAN_POINT ('', (18.0001250733255, 18., -5.));
#180 = VERTEX_POINT ('', #179);
#181 = CARTESIAN_POINT ('', (16.4998749266745, 18., -5.));
#182 = CARTESIAN_POINT ('', (16.4998749266745, 17.2498749266745, -5.));
#183 = CARTESIAN_POINT ('', (17.25, 17.2498749266745, -5.));
#184 = CARTESIAN_POINT ('', (18.0001250733255, 17.2498749266745, -5.));
#185 = CARTESIAN_POINT ('', (18.0001250733255, 18., -5.));
#186 = (
   BOUNDED_CURVE ()
   B_SPLINE_CURVE (2, (#181, #182, #183, #184, #185), .UNSPECIFIED., .F., .U.)
   B_SPLINE_CURVE_WITH_KNOTS ((3, 2, 3), (3.14159265358979, 4.71238898038469, 6.28318530717959), .UNSPECIFIED.)
   CURVE ()
   GEOMETRIC_REPRESENTATION_ITEM ()
   RATIONAL_B_SPLINE_CURVE ((1., 0.707106781186548, 1., 0.707106781186544, 1.))
   REPRESENTATION_ITEM ('')
);
#187 = EDGE_CURVE ('', #173, #180, #186, .T.);
#188 = ORIENTED_EDGE ('', *, *, #187, .T.);
#189 = CARTESIAN_POINT ('', (18.0001250733255, 18., -9.99999999999997));
#190 = CARTESIAN_POINT ('', (18.0001250733255, 18., -5.));
#191 = B_SPLINE_CURVE_WITH_KNOTS ('', 1, (#189, #190), .UNSPECIFIED., .F., .U., (2, 2), (0.500000000000003, 1.), .UNSPECIFIED.);
#192 = EDGE_CURVE ('', #145, #180, #191, .T.);
#193 = ORIENTED_EDGE ('', *, *, #192, .F.);
#194 = ORIENTED_EDGE ('', *, *, #162, .F.);
#195 = EDGE_LOOP ('', (#178, #188, #193, #194));
#196 = FACE_OUTER_BOUND ('', #195, .T.);
#197 = CARTESIAN_POINT ('', (16.4998749266745, 18., -9.99999999999997));
#198 = CARTESIAN_POINT ('', (16.4998749266745, 17.2498749266745, -9.99999999999997));
#199 = CARTESIAN_POINT ('', (17.25, 17.2498749266745, -9.99999999999997));
#200 = CARTESIAN_POINT ('', (18.0001250733255, 17.2498749266745, -9.99999999999997));
#201 = CARTESIAN_POINT ('', (18.0001250733255, 18., -9.99999999999997));
#202 = CARTESIAN_POINT ('', (16.4998749266745, 18., -5.));
#203 = CARTESIAN_POINT ('', (16.4998749266745, 17.2498749266745, -5.));
#204 = CARTESIAN_POINT ('', (17.25, 17.2498749266745, -5.));
#205 = CARTESIAN_POINT ('', (18.0001250733255, 17.2498749266745, -5.));
#206 = CARTESIAN_POINT ('', (18.0001250733255, 18., -5.));
#207 = (
   BOUNDED_SURFACE ()
   B_SPLINE_SURFACE (1, 2, ((#197, #198, #199, #200, #201), (#202, #203, #204, #205, #206)), .UNSPECIFIED., .F., .F., .U.)
   B_SPLINE_SURFACE_WITH_KNOTS ((2, 2), (3, 2, 3), (5.55111512312578E-17, 0.499999999999997), (0.235658741963291, 0.353488112944937, 0.471317483926583), .UNSPECIFIED.)
   GEOMETRIC_REPRESENTATION_ITEM ()
   RATIONAL_B_SPLINE_SURFACE (((1., 0.707106781186547, 1., 0.707106781186547, 1.), (1., 0.707106781186547, 1., 0.707106781186547, 1.)))
   REPRESENTATION_ITEM ('')
   SURFACE ()
);
#208 = ADVANCED_FACE ('', (#196), #207, .T.);
#209 = CARTESIAN_POINT ('', (18.0001250733255, 18., -5.));
#210 = CARTESIAN_POINT ('', (18.0001250733255, 18.7501250733255, -5.));
#211 = CARTESIAN_POINT ('', (17.25, 18.7501250733255, -5.));
#212 = CARTESIAN_POINT ('', (16.4998749266745, 18.7501250733255, -5.));
#213 = CARTESIAN_POINT ('', (16.4998749266745, 18., -5.));
#214 = (
   BOUNDED_CURVE ()
   B_SPLINE_CURVE (2, (#209, #210, #211, #212, #213), .UNSPECIFIED., .F., .U.)
   B_SPLINE_CURVE_WITH_KNOTS ((3, 2, 3), (1.86105745320977E-29, 1.5707963267949, 3.14159265358979), .UNSPECIFIED.)
   CURVE ()
   GEOMETRIC_REPRESENTATION_ITEM ()
   RATIONAL_B_SPLINE_CURVE ((1., 0.707106781186548, 1., 0.707106781186544, 1.))
   REPRESENTATION_ITEM ('')
);
#215 = EDGE_CURVE ('', #180, #173, #214, .T.);
#216 = ORIENTED_EDGE ('', *, *, #215, .F.);
#217 = ORIENTED_EDGE ('', *, *, #187, .F.);
#218 = EDGE_LOOP ('', (#216, #217));
#219 = FACE_OUTER_BOUND ('', #218, .T.);
#220 = CARTESIAN_POINT ('', (18.0001250733255, 17.2498749266745, -5.));
#221 = CARTESIAN_POINT ('', (18.0001250733255, 18.7501250733255, -5.));
#222 = CARTESIAN_POINT ('', (16.4998749266745, 17.2498749266745, -5.));
#223 = CARTESIAN_POINT ('', (16.4998749266745, 18.7501250733255, -5.));
#224 = B_SPLINE_SURFACE_WITH_KNOTS ('', 1, 1, ((#220, #221), (#222, #223)), .UNSPECIFIED., .F., .F., .U., (2, 2), (2, 2), (0.325600644069808, 0.662318158920547), (0.310610165995489, 0.647327680846228), .UNSPECIFIED.);
#225 = ADVANCED_FACE ('', (#219), #224, .T.);
#226 = CARTESIAN_POINT ('', (6.27147612214835, -7.62375850025938, -10.));
#227 = VERTEX_POINT ('', #226);
#228 = CARTESIAN_POINT ('', (6.27147612214835, -7.62375850025939, -13.));
#229 = VERTEX_POINT ('', #228);
#230 = CARTESIAN_POINT ('', (6.27147612214835, -7.62375850025938, -10.));
#231 = CARTESIAN_POINT ('', (6.27147612214835, -7.62375850025938, -13.));
#232 = B_SPLINE_CURVE_WITH_KNOTS ('', 1, (#230, #231), .UNSPECIFIED., .F., .U., (2, 2), (0.7, 1.), .UNSPECIFIED.);
#233 = EDGE_CURVE ('', #227, #229, #232, .T.);
#234 = ORIENTED_EDGE ('', *, *, #233, .F.);
#235 = CARTESIAN_POINT ('', (10.2582560522988, -0.750000000000014, -10.));
#236 = VERTEX_POINT ('', #235);
#237 = CARTESIAN_POINT ('', (10.2582560522989, -0.750000000000011, -10.));
#238 = CARTESIAN_POINT ('', (6.27147612214835, -7.62375850025938, -10.));
#239 = B_SPLINE_CURVE_WITH_KNOTS ('', 1, (#237, #238), .UNSPECIFIED., .F., .U., (2, 2), (0.977128188479015, 8.92338328955265), .UNSPECIFIED.);
#240 = EDGE_CURVE ('', #236, #227, #239, .T.);
#241 = ORIENTED_EDGE ('', *, *, #240, .F.);
#242 = CARTESIAN_POINT ('', (10.2582560522988, -0.74999999999997, -2.99999999999999));
#243 = VERTEX_POINT ('', #242);
#244 = CARTESIAN_POINT ('', (10.2582560522988, -0.750000000000014, -2.99999999999999));
#245 = CARTESIAN_POINT ('', (10.2582560522988, -0.750000000000014, -10.));
#246 = B_SPLINE_CURVE_WITH_KNOTS ('', 1, (#244, #245), .UNSPECIFIED., .F., .U., (2, 2), (0.3, 1.), .UNSPECIFIED.);
#247 = EDGE_CURVE ('', #243, #236, #246, .T.);
#248 = ORIENTED_EDGE ('', *, *, #247, .F.);
#249 = CARTESIAN_POINT ('', (18.6506045246824, 13.719566331696, -2.99999999999999));
#250 = VERTEX_POINT ('', #249);
#251 = CARTESIAN_POINT ('', (10.2582560522988, -0.749999999999965, -2.99999999999999));
#252 = CARTESIAN_POINT ('', (18.6506045246824, 13.719566331696, -2.99999999999999));
#253 = B_SPLINE_CURVE_WITH_KNOTS ('', 1, (#251, #252), .UNSPECIFIED., .F., .U., (2, 2), (0.221832163862219, 0.688798701803127), .UNSPECIFIED.);
#254 = EDGE_CURVE ('', #243, #250, #253, .T.);
#255 = ORIENTED_EDGE ('', *, *, #254, .T.);
#256 = CARTESIAN_POINT ('', (18.6506045246824, 13.7195663316958, -3.));
#257 = CARTESIAN_POINT ('', (18.6506045246824, 13.7195663316958, -10.));
#258 = B_SPLINE_CURVE_WITH_KNOTS ('', 1, (#256, #257), .UNSPECIFIED., .F., .U., (2, 2), (0., 1.), .UNSPECIFIED.);
#259 = EDGE_CURVE ('', #250, #99, #258, .T.);
#260 = ORIENTED_EDGE ('', *, *, #259, .T.);
#261 = ORIENTED_EDGE ('', *, *, #103, .F.);
#262 = CARTESIAN_POINT ('', (24.2435314848081, 23.3625438491543, -13.));
#263 = VERTEX_POINT ('', #262);
#264 = CARTESIAN_POINT ('', (24.2435314848081, 23.3625438491543, -10.));
#265 = CARTESIAN_POINT ('', (24.2435314848081, 23.3625438491543, -13.));
#266 = B_SPLINE_CURVE_WITH_KNOTS ('', 1, (#264, #265), .UNSPECIFIED., .F., .U., (2, 2), (0.7, 1.), .UNSPECIFIED.);
#267 = EDGE_CURVE ('', #97, #263, #266, .T.);
#268 = ORIENTED_EDGE ('', *, *, #267, .T.);
#269 = CARTESIAN_POINT ('', (6.27147612214836, -7.6237585002594, -13.));
#270 = CARTESIAN_POINT ('', (24.2435314848082, 23.3625438491543, -13.));
#271 = B_SPLINE_CURVE_WITH_KNOTS ('', 1, (#269, #270), .UNSPECIFIED., .F., .U., (2, 2), (0., 1.), .UNSPECIFIED.);
#272 = EDGE_CURVE ('', #229, #263, #271, .T.);
#273 = ORIENTED_EDGE ('', *, *, #272, .F.);
#274 = EDGE_LOOP ('', (#234, #241, #248, #255, #260, #261, #268, #273));
#275 = FACE_OUTER_BOUND ('', #274, .T.);
#276 = CARTESIAN_POINT ('', (24.2435314848082, 23.3625438491544, -2.99999999999999));
#277 = CARTESIAN_POINT ('', (6.27147612214836, -7.62375850025933, -2.99999999999999));
#278 = CARTESIAN_POINT ('', (24.2435314848082, 23.3625438491544, -13.));
#279 = CARTESIAN_POINT ('', (6.27147612214836, -7.62375850025933, -13.));
#280 = B_SPLINE_SURFACE_WITH_KNOTS ('', 1, 1, ((#276, #277), (#278, #279)), .UNSPECIFIED., .F., .F., .U., (2, 2), (2, 2), (0.0700000000000003, 1.07), (25.9116425207821, 29.4937448465788), .UNSPECIFIED.);
#281 = ADVANCED_FACE ('', (#275), #280, .T.);
#282 = CARTESIAN_POINT ('', (-6.27147612214792, -7.62375850025921, -10.));
#283 = VERTEX_POINT ('', #282);
#284 = CARTESIAN_POINT ('', (-6.27147612214792, -7.6237585002592, -13.));
#285 = VERTEX_POINT ('', #284);
#286 = CARTESIAN_POINT ('', (-6.27147612214792, -7.62375850025921, -10.));
#287 = CARTESIAN_POINT ('', (-6.27147612214792, -7.62375850025921, -13.));
#288 = B_SPLINE_CURVE_WITH_KNOTS ('', 1, (#286, #287), .UNSPECIFIED., .F., .U., (2, 2), (0.700000000000005, 1.), .UNSPECIFIED.);
#289 = EDGE_CURVE ('', #283, #285, #288, .T.);
#290 = ORIENTED_EDGE ('', *, *, #289, .F.);
#291 = CARTESIAN_POINT ('', (6.27147612214835, -7.62375850025938, -10.));
#292 = CARTESIAN_POINT ('', (4.17620068963891, -11.2363023494135, -10.));
#293 = CARTESIAN_POINT ('', (1.60094160150947E-13, -11.2363023494135, -10.));
#294 = CARTESIAN_POINT ('', (-4.17620068963859, -11.2363023494134, -10.));
#295 = CARTESIAN_POINT ('', (-6.27147612214794, -7.62375850025922, -10.));
#296 = (
   BOUNDED_CURVE ()
   B_SPLINE_CURVE (2, (#291, #292, #293, #294, #295), .UNSPECIFIED., .F., .U.)
   B_SPLINE_CURVE_WITH_KNOTS ((3, 2, 3), (0., 1.0452125332433, 2.09042506648659), .UNSPECIFIED.)
   CURVE ()
   GEOMETRIC_REPRESENTATION_ITEM ()
   RATIONAL_B_SPLINE_CURVE ((1., 0.86652123164174, 1., 0.866521231641734, 1.))
   REPRESENTATION_ITEM ('')
);
#297 = EDGE_CURVE ('', #227, #283, #296, .T.);
#298 = ORIENTED_EDGE ('', *, *, #297, .F.);
#299 = ORIENTED_EDGE ('', *, *, #233, .T.);
#300 = CARTESIAN_POINT ('', (-6.27147612214792, -7.62375850025922, -13.));
#301 = CARTESIAN_POINT ('', (-5.98114709252175, -8.12432579271816, -13.));
#302 = CARTESIAN_POINT ('', (-5.62796736495153, -8.59318219359901, -13.));
#303 = CARTESIAN_POINT ('', (-4.82894910805575, -9.42446688034501, -13.));
#304 = CARTESIAN_POINT ('', (-4.37825090346574, -9.79347911441509, -13.));
#305 = CARTESIAN_POINT ('', (-3.41266540126478, -10.4082563513126, -13.));
#306 = CARTESIAN_POINT ('', (-2.89160577625823, -10.659112430497, -13.));
#307 = CARTESIAN_POINT ('', (-1.81629813330484, -11.0279246562688, -13.));
#308 = CARTESIAN_POINT ('', (-1.25499512705984, -11.1492885180796, -13.));
#309 = CARTESIAN_POINT ('', (-0.440523878689723, -11.2272834532999, -13.));
#310 = CARTESIAN_POINT ('', (-0.188346594076353, -11.2382258318446, -13.));
#311 = CARTESIAN_POINT ('', (0.318249923127915, -11.2337973059598, -13.));
#312 = CARTESIAN_POINT ('', (0.573360618664544, -11.2180880044021, -13.));
#313 = CARTESIAN_POINT ('', (1.07943157810109, -11.1600114133237, -13.));
#314 = CARTESIAN_POINT ('', (1.33109756964475, -11.1176033194691, -13.));
#315 = CARTESIAN_POINT ('', (1.82752958544545, -11.0067883558853, -13.));
#316 = CARTESIAN_POINT ('', (2.0729898662644, -10.9382661846984, -13.));
#317 = CARTESIAN_POINT ('', (2.55435384152126, -10.7761611857334, -13.));
#318 = CARTESIAN_POINT ('', (2.79093271096588, -10.6823908470147, -13.));
#319 = CARTESIAN_POINT ('', (3.25199824372421, -10.4709947695081, -13.));
#320 = CARTESIAN_POINT ('', (3.47713374580334, -10.3531123257056, -13.));
#321 = CARTESIAN_POINT ('', (3.91292460031129, -10.0949497900499, -13.));
#322 = CARTESIAN_POINT ('', (4.12419562333119, -9.95434750190785, -13.));
#323 = CARTESIAN_POINT ('', (4.53004222810945, -9.65243818785209, -13.));
#324 = CARTESIAN_POINT ('', (4.72519396696278, -9.49074781673097, -13.));
#325 = CARTESIAN_POINT ('', (5.09678236605502, -9.14857057622739, -13.));
#326 = CARTESIAN_POINT ('', (5.27374987086706, -8.96764413973781, -13.));
#327 = CARTESIAN_POINT ('', (5.60716660109186, -8.5890962452286, -13.));
#328 = CARTESIAN_POINT ('', (5.7640961604114, -8.39098444841717, -13.));
#329 = CARTESIAN_POINT ('', (6.03904609892389, -8.00401283396785, -13.));
#330 = CARTESIAN_POINT ('', (6.15976599795025, -7.8163621626699, -13.));
#331 = CARTESIAN_POINT ('', (6.27147612214835, -7.62375850025939, -13.));
#332 = B_SPLINE_CURVE_WITH_KNOTS ('', 3, (#300, #301, #302, #303, #304, #305, #306, #307, #308, #309, #310, #311, #312, #313, #314, #315, #316, #317, #318, #319, #320, #321, #322, #323, #324, #325, #326, #327, #328, #329, #330, #331), .UNSPECIFIED., .F., .U., (4, 2, 2, 2, 2, 2, 2, 2, 2, 2, 2, 2, 2, 2, 2, 4), (0., 1.73600893935204, 3.45907207895996, 5.1700674300612, 6.86946514484756, 7.62465896819423, 8.3893127647638, 9.15283643097359, 9.91526241078567, 10.6766158658922, 11.4369153093621, 12.1961730623151, 12.9543955579034, 13.7115835084738, 14.4677319447918, 15.1356974406077), .UNSPECIFIED.);
#333 = EDGE_CURVE ('', #285, #229, #332, .T.);
#334 = ORIENTED_EDGE ('', *, *, #333, .F.);
#335 = EDGE_LOOP ('', (#290, #298, #299, #334));
#336 = FACE_OUTER_BOUND ('', #335, .T.);
#337 = CARTESIAN_POINT ('', (6.27147612214831, -7.62375850025936, -10.));
#338 = CARTESIAN_POINT ('', (4.17620068963887, -11.2363023494135, -10.));
#339 = CARTESIAN_POINT ('', (1.10689235555128E-13, -11.2363023494135, -9.99999999999998));
#340 = CARTESIAN_POINT ('', (-4.17620068963865, -11.2363023494134, -9.99999999999995));
#341 = CARTESIAN_POINT ('', (-6.27147612214798, -7.62375850025918, -9.99999999999993));
#342 = CARTESIAN_POINT ('', (6.27147612214829, -7.62375850025936, -13.0001875583713));
#343 = CARTESIAN_POINT ('', (4.17620068963885, -11.2363023494135, -13.0001875583713));
#344 = CARTESIAN_POINT ('', (9.34807786734381E-14, -11.2363023494135, -13.0001875583713));
#345 = CARTESIAN_POINT ('', (-4.17620068963866, -11.2363023494134, -13.0001875583713));
#346 = CARTESIAN_POINT ('', (-6.271476122148, -7.62375850025917, -13.0001875583713));
#347 = (
   BOUNDED_SURFACE ()
   B_SPLINE_SURFACE (1, 2, ((#337, #338, #339, #340, #341), (#342, #343, #344, #345, #346)), .UNSPECIFIED., .F., .F., .U.)
   B_SPLINE_SURFACE_WITH_KNOTS ((2, 2), (3, 2, 3), (0., 0.300018755837134), (0., 0.757779086601394, 1.51555817320279), .UNSPECIFIED.)
   GEOMETRIC_REPRESENTATION_ITEM ()
   RATIONAL_B_SPLINE_SURFACE (((1., 0.86652123164174, 1., 0.86652123164174, 1.), (1., 0.86652123164174, 1., 0.86652123164174, 1.)))
   REPRESENTATION_ITEM ('')
   SURFACE ()
);
#348 = ADVANCED_FACE ('', (#336), #347, .T.);
#349 = CARTESIAN_POINT ('', (-10.258256052298, -0.749999999999996, -2.99999999999999));
#350 = VERTEX_POINT ('', #349);
#351 = CARTESIAN_POINT ('', (-10.258256052298, -0.750000000000014, -10.));
#352 = VERTEX_POINT ('', #351);
#353 = CARTESIAN_POINT ('', (-10.258256052298, -0.750000000000014, -3.));
#354 = CARTESIAN_POINT ('', (-10.258256052298, -0.750000000000014, -10.));
#355 = B_SPLINE_CURVE_WITH_KNOTS ('', 1, (#353, #354), .UNSPECIFIED., .F., .U., (2, 2), (0., 1.), .UNSPECIFIED.);
#356 = EDGE_CURVE ('', #350, #352, #355, .T.);
#357 = ORIENTED_EDGE ('', *, *, #356, .T.);
#358 = CARTESIAN_POINT ('', (-6.27147612214792, -7.62375850025923, -10.));
#359 = CARTESIAN_POINT ('', (-10.258256052298, -0.750000000000027, -10.));
#360 = B_SPLINE_CURVE_WITH_KNOTS ('', 1, (#358, #359), .UNSPECIFIED., .F., .U., (2, 2), (9.92338328955265, 17.8696383906259), .UNSPECIFIED.);
#361 = EDGE_CURVE ('', #283, #352, #360, .T.);
#362 = ORIENTED_EDGE ('', *, *, #361, .F.);
#363 = ORIENTED_EDGE ('', *, *, #289, .T.);
#364 = CARTESIAN_POINT ('', (-24.2435314848067, 23.3625438491544, -13.));
#365 = VERTEX_POINT ('', #364);
#366 = CARTESIAN_POINT ('', (-24.2435314848067, 23.3625438491544, -13.));
#367 = CARTESIAN_POINT ('', (-6.27147612214791, -7.62375850025921, -13.));
#368 = B_SPLINE_CURVE_WITH_KNOTS ('', 1, (#366, #367), .UNSPECIFIED., .F., .U., (2, 2), (0., 1.), .UNSPECIFIED.);
#369 = EDGE_CURVE ('', #365, #285, #368, .T.);
#370 = ORIENTED_EDGE ('', *, *, #369, .F.);
#371 = CARTESIAN_POINT ('', (-24.2435314848067, 23.3625438491544, -10.));
#372 = VERTEX_POINT ('', #371);
#373 = CARTESIAN_POINT ('', (-24.2435314848067, 23.3625438491544, -10.));
#374 = CARTESIAN_POINT ('', (-24.2435314848067, 23.3625438491544, -13.));
#375 = B_SPLINE_CURVE_WITH_KNOTS ('', 1, (#373, #374), .UNSPECIFIED., .F., .U., (2, 2), (0.7, 1.), .UNSPECIFIED.);
#376 = EDGE_CURVE ('', #372, #365, #375, .T.);
#377 = ORIENTED_EDGE ('', *, *, #376, .F.);
#378 = CARTESIAN_POINT ('', (-18.6506045246811, 13.7195663316966, -10.));
#379 = VERTEX_POINT ('', #378);
#380 = CARTESIAN_POINT ('', (-24.2435314848081, 23.3625438491543, -10.));
#381 = CARTESIAN_POINT ('', (-18.6506045246823, 13.7195663316957, -10.));
#382 = B_SPLINE_CURVE_WITH_KNOTS ('', 1, (#380, #381), .UNSPECIFIED., .F., .U., (2, 2), (259.116425207821, 270.263974148441), .UNSPECIFIED.);
#383 = EDGE_CURVE ('', #372, #379, #382, .T.);
#384 = ORIENTED_EDGE ('', *, *, #383, .T.);
#385 = CARTESIAN_POINT ('', (-18.6506045246814, 13.7195663316964, -2.99999999999999));
#386 = VERTEX_POINT ('', #385);
#387 = CARTESIAN_POINT ('', (-18.6506045246811, 13.7195663316966, -2.99999999999999));
#388 = CARTESIAN_POINT ('', (-18.6506045246811, 13.7195663316966, -10.));
#389 = B_SPLINE_CURVE_WITH_KNOTS ('', 1, (#387, #388), .UNSPECIFIED., .F., .U., (2, 2), (0., 1.), .UNSPECIFIED.);
#390 = EDGE_CURVE ('', #386, #379, #389, .T.);
#391 = ORIENTED_EDGE ('', *, *, #390, .F.);
#392 = CARTESIAN_POINT ('', (-18.6506045246814, 13.7195663316964, -2.99999999999999));
#393 = CARTESIAN_POINT ('', (-10.258256052298, -0.750000000000018, -2.99999999999999));
#394 = B_SPLINE_CURVE_WITH_KNOTS ('', 1, (#392, #393), .UNSPECIFIED., .F., .U., (2, 2), (0.311201298196863, 0.778167836137787), .UNSPECIFIED.);
#395 = EDGE_CURVE ('', #386, #350, #394, .T.);
#396 = ORIENTED_EDGE ('', *, *, #395, .T.);
#397 = EDGE_LOOP ('', (#357, #362, #363, #370, #377, #384, #391, #396));
#398 = FACE_OUTER_BOUND ('', #397, .T.);
#399 = CARTESIAN_POINT ('', (-6.2714761221479, -7.6237585002593, -2.99999999999999));
#400 = CARTESIAN_POINT ('', (-24.2435314848066, 23.3625438491543, -2.99999999999999));
#401 = CARTESIAN_POINT ('', (-6.2714761221479, -7.6237585002593, -13.));
#402 = CARTESIAN_POINT ('', (-24.2435314848066, 23.3625438491543, -13.));
#403 = B_SPLINE_SURFACE_WITH_KNOTS ('', 1, 1, ((#399, #400), (#401, #402)), .UNSPECIFIED., .F., .F., .U., (2, 2), (2, 2), (0.0700000000000001, 1.07), (18.5351291224537, 22.1172314482503), .UNSPECIFIED.);
#404 = ADVANCED_FACE ('', (#398), #403, .T.);
#405 = CARTESIAN_POINT ('', (-15.7448457306845, 15.4049064322146, -2.99999999999999));
#406 = VERTEX_POINT ('', #405);
#407 = CARTESIAN_POINT ('', (-15.7448457306845, 15.4049064322146, -10.));
#408 = VERTEX_POINT ('', #407);
#409 = CARTESIAN_POINT ('', (-15.7448457306845, 15.4049064322146, -2.99999999999999));
#410 = CARTESIAN_POINT ('', (-15.7448457306845, 15.4049064322146, -10.));
#411 = B_SPLINE_CURVE_WITH_KNOTS ('', 1, (#409, #410), .UNSPECIFIED., .F., .U., (2, 2), (0.3, 1.), .UNSPECIFIED.);
#412 = EDGE_CURVE ('', #406, #408, #411, .T.);
#413 = ORIENTED_EDGE ('', *, *, #412, .F.);
#414 = CARTESIAN_POINT ('', (-15.7448457306846, 15.4049064322145, -2.99999999999999));
#415 = CARTESIAN_POINT ('', (-18.6506045246824, 13.7195663316958, -2.99999999999999));
#416 = B_SPLINE_CURVE_WITH_KNOTS ('', 1, (#414, #415), .UNSPECIFIED., .F., .U., (2, 2), (0., 1.), .UNSPECIFIED.);
#417 = EDGE_CURVE ('', #406, #386, #416, .T.);
#418 = ORIENTED_EDGE ('', *, *, #417, .T.);
#419 = ORIENTED_EDGE ('', *, *, #390, .T.);
#420 = CARTESIAN_POINT ('', (-18.6506045246811, 13.7195663316965, -10.));
#421 = CARTESIAN_POINT ('', (-15.7448457306832, 15.4049064322151, -10.));
#422 = B_SPLINE_CURVE_WITH_KNOTS ('', 1, (#420, #421), .UNSPECIFIED., .F., .U., (2, 2), (270.263974148441, 270.763974148441), .UNSPECIFIED.);
#423 = EDGE_CURVE ('', #379, #408, #422, .T.);
#424 = ORIENTED_EDGE ('', *, *, #423, .T.);
#425 = EDGE_LOOP ('', (#413, #418, #419, #424));
#426 = FACE_OUTER_BOUND ('', #425, .T.);
#427 = CARTESIAN_POINT ('', (-18.6506045245458, 13.7195663317749, -2.99999999999999));
#428 = CARTESIAN_POINT ('', (-15.7448457305479, 15.4049064322936, -2.99999999999999));
#429 = CARTESIAN_POINT ('', (-18.6506045245458, 13.7195663317749, -10.));
#430 = CARTESIAN_POINT ('', (-15.7448457305479, 15.4049064322936, -10.));
#431 = B_SPLINE_SURFACE_WITH_KNOTS ('', 1, 1, ((#427, #428), (#429, #430)), .UNSPECIFIED., .F., .F., .U., (2, 2), (2, 2), (0.3, 1.), (181.570775558441, 181.906689318554), .UNSPECIFIED.);
#432 = ADVANCED_FACE ('', (#426), #431, .T.);
#433 = CARTESIAN_POINT ('', (-14.25, 18., -2.99999999999999));
#434 = VERTEX_POINT ('', #433);
#435 = CARTESIAN_POINT ('', (-14.25, 18., -10.));
#436 = VERTEX_POINT ('', #435);
#437 = CARTESIAN_POINT ('', (-14.25, 18., -2.99999999999999));
#438 = CARTESIAN_POINT ('', (-14.25, 18., -10.));
#439 = B_SPLINE_CURVE_WITH_KNOTS ('', 1, (#437, #438), .UNSPECIFIED., .F., .U., (2, 2), (0.3, 1.), .UNSPECIFIED.);
#440 = EDGE_CURVE ('', #434, #436, #439, .T.);
#441 = ORIENTED_EDGE ('', *, *, #440, .F.);
#442 = CARTESIAN_POINT ('', (-14.25, 18., -2.99999999999999));
#443 = CARTESIAN_POINT ('', (-14.25, 17.7400078248195, -2.99999999999999));
#444 = CARTESIAN_POINT ('', (-14.2843715503912, 17.4778469285491, -2.99999999999999));
#445 = CARTESIAN_POINT ('', (-14.4177763766807, 16.9778352603882, -2.99999999999999));
#446 = CARTESIAN_POINT ('', (-14.5172705985385, 16.7356814381723, -2.99999999999999));
#447 = CARTESIAN_POINT ('', (-14.7716103530921, 16.2903913338951, -2.99999999999999));
#448 = CARTESIAN_POINT ('', (-14.928011350909, 16.0833503850173, -2.99999999999999));
#449 = CARTESIAN_POINT ('', (-15.2951596505056, 15.7084512304346, -2.99999999999999));
#450 = CARTESIAN_POINT ('', (-15.5117739074435, 15.5400880896944, -2.99999999999999));
#451 = CARTESIAN_POINT ('', (-15.7448457306845, 15.4049064322146, -2.99999999999999));
#452 = B_SPLINE_CURVE_WITH_KNOTS ('', 3, (#442, #443, #444, #445, #446, #447, #448, #449, #450, #451), .UNSPECIFIED., .F., .U., (4, 2, 2, 2, 4), (0., 0.779976525541561, 1.55250656802794, 2.3184003583723, 3.12671279658609), .UNSPECIFIED.);
#453 = EDGE_CURVE ('', #434, #406, #452, .T.);
#454 = ORIENTED_EDGE ('', *, *, #453, .T.);
#455 = ORIENTED_EDGE ('', *, *, #412, .T.);
#456 = CARTESIAN_POINT ('', (-15.7448457306845, 15.4049064322146, -10.));
#457 = CARTESIAN_POINT ('', (-14.25, 16.2719169560115, -10.));
#458 = CARTESIAN_POINT ('', (-14.25, 18., -10.));
#459 = (
   BOUNDED_CURVE ()
   B_SPLINE_CURVE (2, (#456, #457, #458), .UNSPECIFIED., .F., .U.)
   B_SPLINE_CURVE_WITH_KNOTS ((3, 3), (0., 1.04521253324332), .UNSPECIFIED.)
   CURVE ()
   GEOMETRIC_REPRESENTATION_ITEM ()
   RATIONAL_B_SPLINE_CURVE ((1., 0.86652123164173, 1.))
   REPRESENTATION_ITEM ('')
);
#460 = EDGE_CURVE ('', #408, #436, #459, .T.);
#461 = ORIENTED_EDGE ('', *, *, #460, .T.);
#462 = EDGE_LOOP ('', (#441, #454, #455, #461));
#463 = FACE_OUTER_BOUND ('', #462, .T.);
#464 = CARTESIAN_POINT ('', (-15.7448457306847, 15.4049064322146, -2.99987533450025));
#465 = CARTESIAN_POINT ('', (-14.2500000000002, 16.2719169560116, -2.99987533450021));
#466 = CARTESIAN_POINT ('', (-14.2500000000001, 18., -2.99987533450019));
#467 = CARTESIAN_POINT ('', (-15.7448457306846, 15.4049064322147, -10.));
#468 = CARTESIAN_POINT ('', (-14.2500000000001, 16.2719169560117, -9.99999999999997));
#469 = CARTESIAN_POINT ('', (-14.25, 18.0000000000001, -9.99999999999995));
#470 = (
   BOUNDED_SURFACE ()
   B_SPLINE_SURFACE (1, 2, ((#464, #465, #466), (#467, #468, #469)), .UNSPECIFIED., .F., .F., .U.)
   B_SPLINE_SURFACE_WITH_KNOTS ((2, 2), (3, 3), (-0.700012466549975, 0.), (0., 0.313563759972989), .UNSPECIFIED.)
   GEOMETRIC_REPRESENTATION_ITEM ()
   RATIONAL_B_SPLINE_SURFACE (((1., 0.86652123164176, 1.), (1., 0.86652123164176, 1.)))
   REPRESENTATION_ITEM ('')
   SURFACE ()
);
#471 = ADVANCED_FACE ('', (#463), #470, .T.);
#472 = CARTESIAN_POINT ('', (-14.25, 34.2500000000001, -2.99999999999999));
#473 = VERTEX_POINT ('', #472);
#474 = CARTESIAN_POINT ('', (-14.25, 34.25, -10.));
#475 = VERTEX_POINT ('', #474);
#476 = CARTESIAN_POINT ('', (-14.25, 34.25, -3.));
#477 = CARTESIAN_POINT ('', (-14.25, 34.25, -10.));
#478 = B_SPLINE_CURVE_WITH_KNOTS ('', 1, (#476, #477), .UNSPECIFIED., .F., .U., (2, 2), (0.3, 1.), .UNSPECIFIED.);
#479 = EDGE_CURVE ('', #473, #475, #478, .T.);
#480 = ORIENTED_EDGE ('', *, *, #479, .F.);
#481 = CARTESIAN_POINT ('', (-14.25, 34.2499999999991, -2.99999999999999));
#482 = CARTESIAN_POINT ('', (-14.25, 18., -2.99999999999999));
#483 = B_SPLINE_CURVE_WITH_KNOTS ('', 1, (#481, #482), .UNSPECIFIED., .F., .U., (2, 2), (0., 1.), .UNSPECIFIED.);
#484 = EDGE_CURVE ('', #473, #434, #483, .T.);
#485 = ORIENTED_EDGE ('', *, *, #484, .T.);
#486 = ORIENTED_EDGE ('', *, *, #440, .T.);
#487 = CARTESIAN_POINT ('', (-14.25, 17.9999999999982, -10.));
#488 = CARTESIAN_POINT ('', (-14.25, 34.2499999999982, -10.));
#489 = B_SPLINE_CURVE_WITH_KNOTS ('', 1, (#487, #488), .UNSPECIFIED., .F., .U., (2, 2), (270.928399136395, 271.667035500031), .UNSPECIFIED.);
#490 = EDGE_CURVE ('', #436, #475, #489, .T.);
#491 = ORIENTED_EDGE ('', *, *, #490, .T.);
#492 = EDGE_LOOP ('', (#480, #485, #486, #491));
#493 = FACE_OUTER_BOUND ('', #492, .T.);
#494 = CARTESIAN_POINT ('', (-14.25, 18.0000000000018, -2.99999999999999));
#495 = CARTESIAN_POINT ('', (-14.25, 34.2500000000018, -2.99999999999999));
#496 = CARTESIAN_POINT ('', (-14.25, 18.0000000000018, -9.99999999999999));
#497 = CARTESIAN_POINT ('', (-14.25, 34.2500000000018, -9.99999999999999));
#498 = B_SPLINE_SURFACE_WITH_KNOTS ('', 1, 1, ((#494, #495), (#496, #497)), .UNSPECIFIED., .F., .F., .U., (2, 2), (2, 2), (0.3, 1.), (596.04247810006, 597.66747810006), .UNSPECIFIED.);
#499 = ADVANCED_FACE ('', (#493), #498, .T.);
#500 = ORIENTED_EDGE ('', *, *, #383, .F.);
#501 = CARTESIAN_POINT ('', (-17.9720553626585, 34.2500000000001, -10.));
#502 = VERTEX_POINT ('', #501);
#503 = CARTESIAN_POINT ('', (-17.9720553626602, 34.2500000000002, -10.));
#504 = CARTESIAN_POINT ('', (-22.162643316231, 34.2500000000003, -10.));
#505 = CARTESIAN_POINT ('', (-24.2543342920628, 30.618766565169, -10.));
#506 = CARTESIAN_POINT ('', (-26.3460252678947, 26.9875331303378, -10.));
#507 = CARTESIAN_POINT ('', (-24.2435314848081, 23.3625438491544, -10.));
#508 = (
   BOUNDED_CURVE ()
   B_SPLINE_CURVE (2, (#503, #504, #505, #506, #507), .UNSPECIFIED., .F., .U.)
   B_SPLINE_CURVE_WITH_KNOTS ((3, 2, 3), (0., 1.04819006017328, 2.09638012034656), .UNSPECIFIED.)
   CURVE ()
   GEOMETRIC_REPRESENTATION_ITEM ()
   RATIONAL_B_SPLINE_CURVE ((1., 0.865777169913061, 1., 0.865777169913056, 1.))
   REPRESENTATION_ITEM ('')
);
#509 = EDGE_CURVE ('', #502, #372, #508, .T.);
#510 = ORIENTED_EDGE ('', *, *, #509, .F.);
#511 = CARTESIAN_POINT ('', (-14.2500000000001, 34.2500000000001, -10.));
#512 = CARTESIAN_POINT ('', (-17.9720553626603, 34.2500000000002, -10.));
#513 = B_SPLINE_CURVE_WITH_KNOTS ('', 1, (#511, #512), .UNSPECIFIED., .F., .U., (2, 2), (254.394369845161, 258.116425207821), .UNSPECIFIED.);
#514 = EDGE_CURVE ('', #475, #502, #513, .T.);
#515 = ORIENTED_EDGE ('', *, *, #514, .F.);
#516 = ORIENTED_EDGE ('', *, *, #490, .F.);
#517 = ORIENTED_EDGE ('', *, *, #460, .F.);
#518 = ORIENTED_EDGE ('', *, *, #423, .F.);
#519 = EDGE_LOOP ('', (#500, #510, #515, #516, #517, #518));
#520 = FACE_OUTER_BOUND ('', #519, .T.);
#521 = CARTESIAN_POINT ('', (-18.0001250733255, 18., -9.99999999999997));
#522 = VERTEX_POINT ('', #521);
#523 = CARTESIAN_POINT ('', (-16.4998749266745, 18., -9.99999999999997));
#524 = VERTEX_POINT ('', #523);
#525 = CARTESIAN_POINT ('', (-18.0001250733255, 18., -9.99999999999997));
#526 = CARTESIAN_POINT ('', (-18.0001250733255, 18.7501250733255, -9.99999999999997));
#527 = CARTESIAN_POINT ('', (-17.25, 18.7501250733255, -9.99999999999997));
#528 = CARTESIAN_POINT ('', (-16.4998749266745, 18.7501250733255, -9.99999999999997));
#529 = CARTESIAN_POINT ('', (-16.4998749266745, 18., -9.99999999999997));
#530 = (
   BOUNDED_CURVE ()
   B_SPLINE_CURVE (2, (#525, #526, #527, #528, #529), .UNSPECIFIED., .F., .U.)
   B_SPLINE_CURVE_WITH_KNOTS ((3, 2, 3), (-1.75243969586042E-29, 1.5707963267949, 3.14159265358979), .UNSPECIFIED.)
   CURVE ()
   GEOMETRIC_REPRESENTATION_ITEM ()
   RATIONAL_B_SPLINE_CURVE ((1., 0.707106781186549, 1., 0.707106781186545, 1.))
   REPRESENTATION_ITEM ('')
);
#531 = EDGE_CURVE ('', #522, #524, #530, .T.);
#532 = ORIENTED_EDGE ('', *, *, #531, .F.);
#533 = CARTESIAN_POINT ('', (-16.4998749266745, 18., -9.99999999999997));
#534 = CARTESIAN_POINT ('', (-16.4998749266745, 17.2498749266745, -9.99999999999997));
#535 = CARTESIAN_POINT ('', (-17.25, 17.2498749266745, -9.99999999999997));
#536 = CARTESIAN_POINT ('', (-18.0001250733255, 17.2498749266745, -9.99999999999997));
#537 = CARTESIAN_POINT ('', (-18.0001250733255, 18., -9.99999999999997));
#538 = (
   BOUNDED_CURVE ()
   B_SPLINE_CURVE (2, (#533, #534, #535, #536, #537), .UNSPECIFIED., .F., .U.)
   B_SPLINE_CURVE_WITH_KNOTS ((3, 2, 3), (3.14159265358979, 4.71238898038469, 6.28318530717959), .UNSPECIFIED.)
   CURVE ()
   GEOMETRIC_REPRESENTATION_ITEM ()
   RATIONAL_B_SPLINE_CURVE ((1., 0.707106781186549, 1., 0.707106781186545, 1.))
   REPRESENTATION_ITEM ('')
);
#539 = EDGE_CURVE ('', #524, #522, #538, .T.);
#540 = ORIENTED_EDGE ('', *, *, #539, .F.);
#541 = EDGE_LOOP ('', (#532, #540));
#542 = FACE_BOUND ('', #541, .T.);
#543 = CARTESIAN_POINT ('', (-14.25, 13.7195663316958, -10.));
#544 = CARTESIAN_POINT ('', (-14.25, 34.2500000000003, -10.));
#545 = CARTESIAN_POINT ('', (-26.3460252678947, 13.7195663316958, -10.));
#546 = CARTESIAN_POINT ('', (-26.3460252678947, 34.2500000000003, -10.));
#547 = B_SPLINE_SURFACE_WITH_KNOTS ('', 1, 1, ((#543, #544), (#545, #546)), .UNSPECIFIED., .F., .F., .U., (2, 2), (2, 2), (0.430067015899392, 0.671791645365817), (0.308486426440763, 0.718762642085581), .UNSPECIFIED.);
#548 = ADVANCED_FACE ('', (#520, #542), #547, .T.);
#549 = CARTESIAN_POINT ('', (-16.4998749266745, 18., -5.));
#550 = VERTEX_POINT ('', #549);
#551 = CARTESIAN_POINT ('', (-16.4998749266745, 18., -9.99999999999997));
#552 = CARTESIAN_POINT ('', (-16.4998749266745, 18., -5.));
#553 = B_SPLINE_CURVE_WITH_KNOTS ('', 1, (#551, #552), .UNSPECIFIED., .F., .U., (2, 2), (-0.499999999999997, 0.), .UNSPECIFIED.);
#554 = EDGE_CURVE ('', #524, #550, #553, .T.);
#555 = ORIENTED_EDGE ('', *, *, #554, .T.);
#556 = CARTESIAN_POINT ('', (-18.0001250733255, 18., -5.));
#557 = VERTEX_POINT ('', #556);
#558 = CARTESIAN_POINT ('', (-18.0001250733255, 18., -5.));
#559 = CARTESIAN_POINT ('', (-18.0001250733255, 18.7501250733255, -5.));
#560 = CARTESIAN_POINT ('', (-17.25, 18.7501250733255, -5.));
#561 = CARTESIAN_POINT ('', (-16.4998749266745, 18.7501250733255, -5.));
#562 = CARTESIAN_POINT ('', (-16.4998749266745, 18., -5.));
#563 = (
   BOUNDED_CURVE ()
   B_SPLINE_CURVE (2, (#558, #559, #560, #561, #562), .UNSPECIFIED., .F., .U.)
   B_SPLINE_CURVE_WITH_KNOTS ((3, 2, 3), (-1.75061981901339E-29, 1.5707963267949, 3.14159265358979), .UNSPECIFIED.)
   CURVE ()
   GEOMETRIC_REPRESENTATION_ITEM ()
   RATIONAL_B_SPLINE_CURVE ((1., 0.707106781186547, 1., 0.707106781186547, 1.))
   REPRESENTATION_ITEM ('')
);
#564 = EDGE_CURVE ('', #557, #550, #563, .T.);
#565 = ORIENTED_EDGE ('', *, *, #564, .F.);
#566 = CARTESIAN_POINT ('', (-18.0001250733255, 18., -9.99999999999997));
#567 = CARTESIAN_POINT ('', (-18.0001250733255, 18., -5.));
#568 = B_SPLINE_CURVE_WITH_KNOTS ('', 1, (#566, #567), .UNSPECIFIED., .F., .U., (2, 2), (0.500000000000003, 1.), .UNSPECIFIED.);
#569 = EDGE_CURVE ('', #522, #557, #568, .T.);
#570 = ORIENTED_EDGE ('', *, *, #569, .F.);
#571 = ORIENTED_EDGE ('', *, *, #531, .T.);
#572 = EDGE_LOOP ('', (#555, #565, #570, #571));
#573 = FACE_OUTER_BOUND ('', #572, .T.);
#574 = CARTESIAN_POINT ('', (-18.0001250733255, 18., -9.99999999999997));
#575 = CARTESIAN_POINT ('', (-18.0001250733255, 18., -5.));
#576 = CARTESIAN_POINT ('', (-18.0001250733255, 18.7501250733255, -9.99999999999997));
#577 = CARTESIAN_POINT ('', (-18.0001250733255, 18.7501250733255, -5.));
#578 = CARTESIAN_POINT ('', (-17.25, 18.7501250733255, -9.99999999999997));
#579 = CARTESIAN_POINT ('', (-17.25, 18.7501250733255, -5.));
#580 = CARTESIAN_POINT ('', (-16.4998749266745, 18.7501250733255, -9.99999999999997));
#581 = CARTESIAN_POINT ('', (-16.4998749266745, 18.7501250733255, -5.));
#582 = CARTESIAN_POINT ('', (-16.4998749266745, 18., -9.99999999999997));
#583 = CARTESIAN_POINT ('', (-16.4998749266745, 18., -5.));
#584 = (
   BOUNDED_SURFACE ()
   B_SPLINE_SURFACE (2, 1, ((#574, #575), (#576, #577), (#578, #579), (#580, #581), (#582, #583)), .UNSPECIFIED., .F., .F., .U.)
   B_SPLINE_SURFACE_WITH_KNOTS ((3, 2, 3), (2, 2), (0., 0.117829370981645, 0.23565874196329), (-0.499999999999997, 0.), .UNSPECIFIED.)
   GEOMETRIC_REPRESENTATION_ITEM ()
   RATIONAL_B_SPLINE_SURFACE (((1., 1.), (0.707106781186547, 0.707106781186547), (1., 1.), (0.707106781186547, 0.707106781186547), (1., 1.)))
   REPRESENTATION_ITEM ('')
   SURFACE ()
);
#585 = ADVANCED_FACE ('', (#573), #584, .T.);
#586 = ORIENTED_EDGE ('', *, *, #564, .T.);
#587 = CARTESIAN_POINT ('', (-16.4998749266745, 18., -5.));
#588 = CARTESIAN_POINT ('', (-16.4998749266745, 17.2498749266745, -5.));
#589 = CARTESIAN_POINT ('', (-17.25, 17.2498749266745, -5.));
#590 = CARTESIAN_POINT ('', (-18.0001250733255, 17.2498749266745, -5.));
#591 = CARTESIAN_POINT ('', (-18.0001250733255, 18., -5.));
#592 = (
   BOUNDED_CURVE ()
   B_SPLINE_CURVE (2, (#587, #588, #589, #590, #591), .UNSPECIFIED., .F., .U.)
   B_SPLINE_CURVE_WITH_KNOTS ((3, 2, 3), (3.14159265358979, 4.71238898038469, 6.28318530717959), .UNSPECIFIED.)
   CURVE ()
   GEOMETRIC_REPRESENTATION_ITEM ()
   RATIONAL_B_SPLINE_CURVE ((1., 0.707106781186547, 1., 0.707106781186547, 1.))
   REPRESENTATION_ITEM ('')
);
#593 = EDGE_CURVE ('', #550, #557, #592, .T.);
#594 = ORIENTED_EDGE ('', *, *, #593, .T.);
#595 = EDGE_LOOP ('', (#586, #594));
#596 = FACE_OUTER_BOUND ('', #595, .T.);
#597 = CARTESIAN_POINT ('', (-18.0001250733255, 17.2498749266745, -5.));
#598 = CARTESIAN_POINT ('', (-16.4998749266745, 17.2498749266745, -5.));
#599 = CARTESIAN_POINT ('', (-18.0001250733255, 18.7501250733255, -5.));
#600 = CARTESIAN_POINT ('', (-16.4998749266745, 18.7501250733255, -5.));
#601 = B_SPLINE_SURFACE_WITH_KNOTS ('', 1, 1, ((#597, #598), (#599, #600)), .UNSPECIFIED., .F., .F., .U., (2, 2), (2, 2), (0.310610165995489, 0.647327680846228), (0.32560064406981, 0.662318158920549), .UNSPECIFIED.);
#602 = ADVANCED_FACE ('', (#596), #601, .T.);
#603 = CARTESIAN_POINT ('', (-17.9720553626585, 34.2500000000001, -13.));
#604 = VERTEX_POINT ('', #603);
#605 = CARTESIAN_POINT ('', (-17.9720553626585, 34.2500000000001, -10.));
#606 = CARTESIAN_POINT ('', (-17.9720553626585, 34.2500000000001, -13.));
#607 = B_SPLINE_CURVE_WITH_KNOTS ('', 1, (#605, #606), .UNSPECIFIED., .F., .U., (2, 2), (0.7, 1.), .UNSPECIFIED.);
#608 = EDGE_CURVE ('', #502, #604, #607, .T.);
#609 = ORIENTED_EDGE ('', *, *, #608, .F.);
#610 = ORIENTED_EDGE ('', *, *, #509, .T.);
#611 = ORIENTED_EDGE ('', *, *, #376, .T.);
#612 = CARTESIAN_POINT ('', (-17.9720553626585, 34.2500000000001, -13.));
#613 = CARTESIAN_POINT ('', (-18.5507529181966, 34.2500000000001, -13.));
#614 = CARTESIAN_POINT ('', (-19.1335534848345, 34.1797153824487, -13.));
#615 = CARTESIAN_POINT ('', (-20.2535713691871, 33.9055844848237, -13.));
#616 = CARTESIAN_POINT ('', (-20.7989234205648, 33.700837958664, -13.));
#617 = CARTESIAN_POINT ('', (-21.815209123165, 33.1739756374283, -13.));
#618 = CARTESIAN_POINT ('', (-22.2936445080351, 32.8490745641528, -13.));
#619 = CARTESIAN_POINT ('', (-23.1521918988085, 32.1038804719423, -13.));
#620 = CARTESIAN_POINT ('', (-23.5387920176, 31.6791936719437, -13.));
#621 = CARTESIAN_POINT ('', (-24.0148763091943, 31.0137488552346, -13.));
#622 = CARTESIAN_POINT ('', (-24.150850991007, 30.8010984528016, -13.));
#623 = CARTESIAN_POINT ('', (-24.4011758098024, 30.3606375326918, -13.));
#624 = CARTESIAN_POINT ('', (-24.5155779667247, 30.1320578347304, -13.));
#625 = CARTESIAN_POINT ('', (-24.7192361131273, 29.6651142762259, -13.));
#626 = CARTESIAN_POINT ('', (-24.808810957363, 29.4261193546726, -13.));
#627 = CARTESIAN_POINT ('', (-24.9620053833166, 28.9410550132998, -13.));
#628 = CARTESIAN_POINT ('', (-25.0258735935461, 28.6943270704186, -13.));
#629 = CARTESIAN_POINT ('', (-25.1271335733213, 28.1965658783652, -13.));
#630 = CARTESIAN_POINT ('', (-25.1647019064437, 27.9448543793327, -13.));
#631 = CARTESIAN_POINT ('', (-25.2131327774579, 27.4399245961616, -13.));
#632 = CARTESIAN_POINT ('', (-25.2240987834947, 27.1860161276135, -13.));
#633 = CARTESIAN_POINT ('', (-25.2193881861258, 26.6794898324162, -13.));
#634 = CARTESIAN_POINT ('', (-25.2037417317834, 26.4261776579421, -13.));
#635 = CARTESIAN_POINT ('', (-25.1461594708891, 25.9236099794655, -13.));
#636 = CARTESIAN_POINT ('', (-25.1041810681608, 25.6736636350643, -13.));
#637 = CARTESIAN_POINT ('', (-24.9945726243935, 25.180532399502, -13.));
#638 = CARTESIAN_POINT ('', (-24.9268285957271, 24.9366676668019, -13.));
#639 = CARTESIAN_POINT ('', (-24.7666023841766, 24.4583141294558, -13.));
#640 = CARTESIAN_POINT ('', (-24.6739369301602, 24.2231637161464, -13.));
#641 = CARTESIAN_POINT ('', (-24.4712290222628, 23.7783053105185, -13.));
#642 = CARTESIAN_POINT ('', (-24.3623390593524, 23.5673844949228, -13.));
#643 = CARTESIAN_POINT ('', (-24.2435314848067, 23.3625438491544, -13.));
#644 = B_SPLINE_CURVE_WITH_KNOTS ('', 3, (#612, #613, #614, #615, #616, #617, #618, #619, #620, #621, #622, #623, #624, #625, #626, #627, #628, #629, #630, #631, #632, #633, #634, #635, #636, #637, #638, #639, #640, #641, #642, #643), .UNSPECIFIED., .F., .U., (4, 2, 2, 2, 2, 2, 2, 2, 2, 2, 2, 2, 2, 2, 2, 4), (0., 1.73609266661433, 3.45923261616225, 5.1703006995714, 6.8697693357156, 7.62494069580121, 8.38964269670335, 9.15321303632983, 9.91568448077472, 10.6770824829578, 11.4374258243687, 12.1967270786067, 12.9549929213933, 13.7122243032464, 14.4684164939714, 15.1788208642806), .UNSPECIFIED.);
#645 = EDGE_CURVE ('', #604, #365, #644, .T.);
#646 = ORIENTED_EDGE ('', *, *, #645, .F.);
#647 = EDGE_LOOP ('', (#609, #610, #611, #646));
#648 = FACE_OUTER_BOUND ('', #647, .T.);
#649 = CARTESIAN_POINT ('', (-24.2435314848066, 23.3625438491544, -10.));
#650 = CARTESIAN_POINT ('', (-26.3460252678929, 26.9875331303379, -10.));
#651 = CARTESIAN_POINT ('', (-24.2543342920611, 30.618766565169, -10.));
#652 = CARTESIAN_POINT ('', (-22.1626433162292, 34.2500000000001, -10.0000000000001));
#653 = CARTESIAN_POINT ('', (-17.9720553626585, 34.2500000000002, -10.0000000000001));
#654 = CARTESIAN_POINT ('', (-24.2435314848066, 23.3625438491544, -13.0001875946867));
#655 = CARTESIAN_POINT ('', (-26.3460252678929, 26.9875331303379, -13.0001875946867));
#656 = CARTESIAN_POINT ('', (-24.2543342920611, 30.618766565169, -13.0001875946867));
#657 = CARTESIAN_POINT ('', (-22.1626433162292, 34.2500000000001, -13.0001875946867));
#658 = CARTESIAN_POINT ('', (-17.9720553626585, 34.2500000000002, -13.0001875946867));
#659 = (
   BOUNDED_SURFACE ()
   B_SPLINE_SURFACE (1, 2, ((#649, #650, #651, #652, #653), (#654, #655, #656, #657, #658)), .UNSPECIFIED., .F., .F., .U.)
   B_SPLINE_SURFACE_WITH_KNOTS ((2, 2), (3, 2, 3), (0., 0.300018759468667), (0., 0.759937793625599, 1.5198755872512), .UNSPECIFIED.)
   GEOMETRIC_REPRESENTATION_ITEM ()
   RATIONAL_B_SPLINE_SURFACE (((1., 0.865777169913071, 1., 0.865777169913071, 1.), (1., 0.865777169913071, 1., 0.865777169913071, 1.)))
   REPRESENTATION_ITEM ('')
   SURFACE ()
);
#660 = ADVANCED_FACE ('', (#648), #659, .T.);
#661 = CARTESIAN_POINT ('', (0.500000000000736, 37.0000000000003, -13.));
#662 = VERTEX_POINT ('', #661);
#663 = CARTESIAN_POINT ('', (17.9720553626602, 37.0000000000003, -13.));
#664 = VERTEX_POINT ('', #663);
#665 = CARTESIAN_POINT ('', (0.500000000000725, 37.0000000000003, -13.));
#666 = CARTESIAN_POINT ('', (17.9720553626602, 37.0000000000003, -13.));
#667 = B_SPLINE_CURVE_WITH_KNOTS ('', 1, (#665, #666), .UNSPECIFIED., .F., .U., (2, 2), (19.4720553626592, 36.9441107253187), .UNSPECIFIED.);
#668 = EDGE_CURVE ('', #662, #664, #667, .T.);
#669 = ORIENTED_EDGE ('', *, *, #668, .T.);
#670 = CARTESIAN_POINT ('', (26.6223672552782, 21.9828191022819, -13.));
#671 = VERTEX_POINT ('', #670);
#672 = CARTESIAN_POINT ('', (17.9720553626602, 37.0000000000004, -13.));
#673 = CARTESIAN_POINT ('', (23.7521766779302, 37.0000000000005, -13.));
#674 = CARTESIAN_POINT ('', (26.6372676790776, 31.9914021588539, -13.));
#675 = CARTESIAN_POINT ('', (29.522358680225, 26.9828043177074, -13.));
#676 = CARTESIAN_POINT ('', (26.6223672552781, 21.9828191022819, -13.));
#677 = (
   BOUNDED_CURVE ()
   B_SPLINE_CURVE (2, (#672, #673, #674, #675, #676), .UNSPECIFIED., .F., .U.)
   B_SPLINE_CURVE_WITH_KNOTS ((3, 2, 3), (0., 1.04819006017326, 2.09638012034653), .UNSPECIFIED.)
   CURVE ()
   GEOMETRIC_REPRESENTATION_ITEM ()
   RATIONAL_B_SPLINE_CURVE ((1., 0.865777169913061, 1., 0.865777169913061, 1.))
   REPRESENTATION_ITEM ('')
);
#678 = EDGE_CURVE ('', #664, #671, #677, .T.);
#679 = ORIENTED_EDGE ('', *, *, #678, .T.);
#680 = CARTESIAN_POINT ('', (8.65031189261832, -9.00348324713173, -13.));
#681 = VERTEX_POINT ('', #680);
#682 = CARTESIAN_POINT ('', (26.6223672552782, 21.9828191022819, -13.));
#683 = CARTESIAN_POINT ('', (8.65031189261832, -9.00348324713176, -13.));
#684 = B_SPLINE_CURVE_WITH_KNOTS ('', 1, (#682, #683), .UNSPECIFIED., .F., .U., (2, 2), (37.9441107253187, 73.7651339832853), .UNSPECIFIED.);
#685 = EDGE_CURVE ('', #671, #681, #684, .T.);
#686 = ORIENTED_EDGE ('', *, *, #685, .T.);
#687 = CARTESIAN_POINT ('', (-8.65031189261789, -9.00348324713147, -13.));
#688 = VERTEX_POINT ('', #687);
#689 = CARTESIAN_POINT ('', (8.65031189261831, -9.00348324713172, -13.));
#690 = CARTESIAN_POINT ('', (5.76027681329497, -13.9863023494133, -13.));
#691 = CARTESIAN_POINT ('', (1.30118138486068E-13, -13.9863023494133, -13.));
#692 = CARTESIAN_POINT ('', (-5.76027681329471, -13.9863023494132, -13.));
#693 = CARTESIAN_POINT ('', (-8.65031189261791, -9.00348324713148, -13.));
#694 = (
   BOUNDED_CURVE ()
   B_SPLINE_CURVE (2, (#689, #690, #691, #692, #693), .UNSPECIFIED., .F., .U.)
   B_SPLINE_CURVE_WITH_KNOTS ((3, 2, 3), (0., 1.0452125332433, 2.0904250664866), .UNSPECIFIED.)
   CURVE ()
   GEOMETRIC_REPRESENTATION_ITEM ()
   RATIONAL_B_SPLINE_CURVE ((1., 0.866521231641738, 1., 0.866521231641736, 1.))
   REPRESENTATION_ITEM ('')
);
#695 = EDGE_CURVE ('', #681, #688, #694, .T.);
#696 = ORIENTED_EDGE ('', *, *, #695, .T.);
#697 = CARTESIAN_POINT ('', (-26.6223672552767, 21.9828191022821, -13.));
#698 = VERTEX_POINT ('', #697);
#699 = CARTESIAN_POINT ('', (-8.65031189261792, -9.00348324713148, -13.));
#700 = CARTESIAN_POINT ('', (-26.6223672552767, 21.9828191022821, -13.));
#701 = B_SPLINE_CURVE_WITH_KNOTS ('', 1, (#699, #700), .UNSPECIFIED., .F., .U., (2, 2), (74.7651339832853, 110.586157241251), .UNSPECIFIED.);
#702 = EDGE_CURVE ('', #688, #698, #701, .T.);
#703 = ORIENTED_EDGE ('', *, *, #702, .T.);
#704 = CARTESIAN_POINT ('', (-17.9720553626585, 37.0000000000003, -13.));
#705 = VERTEX_POINT ('', #704);
#706 = CARTESIAN_POINT ('', (-26.6223672552767, 21.9828191022821, -13.));
#707 = CARTESIAN_POINT ('', (-29.5223586802233, 26.9828043177076, -13.));
#708 = CARTESIAN_POINT ('', (-26.6372676790759, 31.991402158854, -13.));
#709 = CARTESIAN_POINT ('', (-23.7521766779284, 37.0000000000004, -13.));
#710 = CARTESIAN_POINT ('', (-17.9720553626585, 37.0000000000003, -13.));
#711 = (
   BOUNDED_CURVE ()
   B_SPLINE_CURVE (2, (#706, #707, #708, #709, #710), .UNSPECIFIED., .F., .U.)
   B_SPLINE_CURVE_WITH_KNOTS ((3, 2, 3), (0., 1.04819006017324, 2.09638012034648), .UNSPECIFIED.)
   CURVE ()
   GEOMETRIC_REPRESENTATION_ITEM ()
   RATIONAL_B_SPLINE_CURVE ((1., 0.86577716991307, 1., 0.865777169913072, 1.))
   REPRESENTATION_ITEM ('')
);
#712 = EDGE_CURVE ('', #698, #705, #711, .T.);
#713 = ORIENTED_EDGE ('', *, *, #712, .T.);
#714 = CARTESIAN_POINT ('', (-0.499999999999038, 37.0000000000003, -13.));
#715 = VERTEX_POINT ('', #714);
#716 = CARTESIAN_POINT ('', (-17.9720553626585, 37.0000000000003, -13.));
#717 = CARTESIAN_POINT ('', (-0.499999999999034, 37.0000000000003, -13.));
#718 = B_SPLINE_CURVE_WITH_KNOTS ('', 1, (#716, #717), .UNSPECIFIED., .F., .U., (2, 2), (1., 18.4720553626594), .UNSPECIFIED.);
#719 = EDGE_CURVE ('', #705, #715, #718, .T.);
#720 = ORIENTED_EDGE ('', *, *, #719, .T.);
#721 = CARTESIAN_POINT ('', (-0.499999999999061, 37.0000000000001, -13.));
#722 = CARTESIAN_POINT ('', (-0.499999999999052, 36.5000000000002, -13.));
#723 = CARTESIAN_POINT ('', (8.57422381323645E-13, 36.5000000000002, -13.));
#724 = CARTESIAN_POINT ('', (0.500000000000767, 36.5000000000002, -13.));
#725 = CARTESIAN_POINT ('', (0.500000000000758, 37.0000000000001, -13.));
#726 = (
   BOUNDED_CURVE ()
   B_SPLINE_CURVE (2, (#721, #722, #723, #724, #725), .UNSPECIFIED., .F., .U.)
   B_SPLINE_CURVE_WITH_KNOTS ((3, 2, 3), (0., 1.5707963267949, 3.14159265358979), .UNSPECIFIED.)
   CURVE ()
   GEOMETRIC_REPRESENTATION_ITEM ()
   RATIONAL_B_SPLINE_CURVE ((1., 0.707106781186543, 1., 0.70710678118654, 1.))
   REPRESENTATION_ITEM ('')
);
#727 = EDGE_CURVE ('', #715, #662, #726, .T.);
#728 = ORIENTED_EDGE ('', *, *, #727, .T.);
#729 = EDGE_LOOP ('', (#669, #679, #686, #696, #703, #713, #720, #728));
#730 = FACE_OUTER_BOUND ('', #729, .T.);
#731 = ORIENTED_EDGE ('', *, *, #645, .T.);
#732 = ORIENTED_EDGE ('', *, *, #369, .T.);
#733 = ORIENTED_EDGE ('', *, *, #333, .T.);
#734 = ORIENTED_EDGE ('', *, *, #272, .T.);
#735 = CARTESIAN_POINT ('', (17.9720553626602, 34.2500000000002, -13.));
#736 = VERTEX_POINT ('', #735);
#737 = CARTESIAN_POINT ('', (24.2435314848081, 23.3625438491543, -13.));
#738 = CARTESIAN_POINT ('', (24.5338745169284, 23.8631352838444, -13.));
#739 = CARTESIAN_POINT ('', (24.7654777176325, 24.4025390151636, -13.));
#740 = CARTESIAN_POINT ('', (25.0902791746943, 25.5089258479635, -13.));
#741 = CARTESIAN_POINT ('', (25.1867800331435, 26.0833974175254, -13.));
#742 = CARTESIAN_POINT ('', (25.2409166141988, 27.2268526048585, -13.));
#743 = CARTESIAN_POINT ('', (25.1999067397671, 27.8037228806665, -13.));
#744 = CARTESIAN_POINT ('', (24.9860393648289, 28.9202705075978, -13.));
#745 = CARTESIAN_POINT ('', (24.812636310268, 29.4677647181714, -13.));
#746 = CARTESIAN_POINT ('', (24.4758658904311, 30.2134581814061, -13.));
#747 = CARTESIAN_POINT ('', (24.3601376175339, 30.4377710758219, -13.));
#748 = CARTESIAN_POINT ('', (24.1047176738965, 30.8752970629828, -13.));
#749 = CARTESIAN_POINT ('', (23.9643867375648, 31.0889410662611, -13.));
#750 = CARTESIAN_POINT ('', (23.6626449720132, 31.4993857450507, -13.));
#751 = CARTESIAN_POINT ('', (23.5008482305359, 31.6967788545948, -13.));
#752 = CARTESIAN_POINT ('', (23.1581128612029, 32.0726623658357, -13.));
#753 = CARTESIAN_POINT ('', (22.9767293317817, 32.2516982318822, -13.));
#754 = CARTESIAN_POINT ('', (22.5969543394747, 32.5890270670514, -13.));
#755 = CARTESIAN_POINT ('', (22.3980647544457, 32.747813059399, -13.));
#756 = CARTESIAN_POINT ('', (21.9855833877068, 33.0430396796309, -13.));
#757 = CARTESIAN_POINT ('', (21.7714464867963, 33.1799160886912, -13.));
#758 = CARTESIAN_POINT ('', (21.3309220513558, 33.4299746802927, -13.));
#759 = CARTESIAN_POINT ('', (21.1039490106316, 33.5435313095783, -13.));
#760 = CARTESIAN_POINT ('', (20.6403222320937, 33.7458681535829, -13.));
#761 = CARTESIAN_POINT ('', (20.4030495245159, 33.834958128406, -13.));
#762 = CARTESIAN_POINT ('', (19.9214830863254, 33.9875562674542, -13.));
#763 = CARTESIAN_POINT ('', (19.6765440819229, 34.0513069176244, -13.));
#764 = CARTESIAN_POINT ('', (19.1823649638342, 34.1527048702889, -13.));
#765 = CARTESIAN_POINT ('', (18.9324605875768, 34.1905255785722, -13.));
#766 = CARTESIAN_POINT ('', (18.4459419675715, 34.2383704254215, -13.));
#767 = CARTESIAN_POINT ('', (18.20885681943, 34.2500000000002, -13.));
#768 = CARTESIAN_POINT ('', (17.9720553626602, 34.2500000000002, -13.));
#769 = B_SPLINE_CURVE_WITH_KNOTS ('', 3, (#737, #738, #739, #740, #741, #742, #743, #744, #745, #746, #747, #748, #749, #750, #751, #752, #753, #754, #755, #756, #757, #758, #759, #760, #761, #762, #763, #764, #765, #766, #767, #768), .UNSPECIFIED., .F., .U., (4, 2, 2, 2, 2, 2, 2, 2, 2, 2, 2, 2, 2, 2, 2, 4), (0., 1.73609266661434, 3.45923261616229, 5.17030069957124, 6.86976933571557, 7.62494069580123, 8.38964269670317, 9.15321303632957, 9.9156844807744, 10.6770824829573, 11.4374258243683, 12.1967270786064, 12.9549929213932, 13.7122243032466, 14.4684164939715, 15.1788208642808), .UNSPECIFIED.);
#770 = EDGE_CURVE ('', #263, #736, #769, .T.);
#771 = ORIENTED_EDGE ('', *, *, #770, .T.);
#772 = CARTESIAN_POINT ('', (17.9720553626602, 34.2500000000002, -13.));
#773 = CARTESIAN_POINT ('', (-17.9720553626585, 34.2500000000001, -13.));
#774 = B_SPLINE_CURVE_WITH_KNOTS ('', 1, (#772, #773), .UNSPECIFIED., .F., .U., (2, 2), (0., 1.), .UNSPECIFIED.);
#775 = EDGE_CURVE ('', #736, #604, #774, .T.);
#776 = ORIENTED_EDGE ('', *, *, #775, .T.);
#777 = EDGE_LOOP ('', (#731, #732, #733, #734, #771, #776));
#778 = FACE_BOUND ('', #777, .T.);
#779 = CARTESIAN_POINT ('', (-29.5223586802233, -13.9863023494133, -13.));
#780 = CARTESIAN_POINT ('', (29.522358680225, -13.9863023494133, -13.));
#781 = CARTESIAN_POINT ('', (-29.5223586802233, 37.0000000000005, -13.));
#782 = CARTESIAN_POINT ('', (29.522358680225, 37.0000000000005, -13.));
#783 = B_SPLINE_SURFACE_WITH_KNOTS ('', 1, 1, ((#779, #780), (#781, #782)), .UNSPECIFIED., .F., .F., .U., (2, 2), (2, 2), (0.313896289269879, 0.625119852086481), (0.319793685208975, 0.680206314791032), .UNSPECIFIED.);
#784 = ADVANCED_FACE ('', (#730, #778), #783, .T.);
#785 = CARTESIAN_POINT ('', (5.49999999999995, 37.0000000000001, -7.99999999999999));
#786 = VERTEX_POINT ('', #785);
#787 = CARTESIAN_POINT ('', (3.49999999999995, 37.0000000000001, -10.));
#788 = VERTEX_POINT ('', #787);
#789 = CARTESIAN_POINT ('', (5.49999999999996, 37.0000000000001, -7.99999999999999));
#790 = CARTESIAN_POINT ('', (5.49999999999996, 37.0000000000001, -10.));
#791 = CARTESIAN_POINT ('', (3.49999999999996, 37.0000000000001, -10.));
#792 = (
   BOUNDED_CURVE ()
   B_SPLINE_CURVE (2, (#789, #790, #791), .UNSPECIFIED., .F., .U.)
   B_SPLINE_CURVE_WITH_KNOTS ((3, 3), (0., 1.5707963267949), .UNSPECIFIED.)
   CURVE ()
   GEOMETRIC_REPRESENTATION_ITEM ()
   RATIONAL_B_SPLINE_CURVE ((1., 0.707106781186548, 1.))
   REPRESENTATION_ITEM ('')
);
#793 = EDGE_CURVE ('', #786, #788, #792, .T.);
#794 = ORIENTED_EDGE ('', *, *, #793, .F.);
#795 = CARTESIAN_POINT ('', (5.49999999999995, 37.0000000000001, -5.));
#796 = VERTEX_POINT ('', #795);
#797 = CARTESIAN_POINT ('', (5.49999999999995, 37.0000000000001, -7.99999999999999));
#798 = CARTESIAN_POINT ('', (5.49999999999995, 37.0000000000001, -5.));
#799 = B_SPLINE_CURVE_WITH_KNOTS ('', 1, (#797, #798), .UNSPECIFIED., .F., .U., (2, 2), (0., 1.), .UNSPECIFIED.);
#800 = EDGE_CURVE ('', #786, #796, #799, .T.);
#801 = ORIENTED_EDGE ('', *, *, #800, .T.);
#802 = CARTESIAN_POINT ('', (3.49999999999995, 37.0000000000001, -2.99999999999999));
#803 = VERTEX_POINT ('', #802);
#804 = CARTESIAN_POINT ('', (3.49999999999995, 37.0000000000001, -3.));
#805 = CARTESIAN_POINT ('', (5.49999999999996, 37.0000000000001, -3.));
#806 = CARTESIAN_POINT ('', (5.49999999999995, 37.0000000000001, -5.));
#807 = (
   BOUNDED_CURVE ()
   B_SPLINE_CURVE (2, (#804, #805, #806), .UNSPECIFIED., .F., .U.)
   B_SPLINE_CURVE_WITH_KNOTS ((3, 3), (0., 1.5707963267949), .UNSPECIFIED.)
   CURVE ()
   GEOMETRIC_REPRESENTATION_ITEM ()
   RATIONAL_B_SPLINE_CURVE ((1., 0.707106781186547, 1.))
   REPRESENTATION_ITEM ('')
);
#808 = EDGE_CURVE ('', #803, #796, #807, .T.);
#809 = ORIENTED_EDGE ('', *, *, #808, .F.);
#810 = CARTESIAN_POINT ('', (0.50000000000075, 37.0000000000001, -2.99999999999999));
#811 = VERTEX_POINT ('', #810);
#812 = CARTESIAN_POINT ('', (0.500000000000732, 37.0000000000001, -2.99999999999999));
#813 = CARTESIAN_POINT ('', (3.49999999999994, 37.0000000000001, -2.99999999999999));
#814 = B_SPLINE_CURVE_WITH_KNOTS ('', 1, (#812, #813), .UNSPECIFIED., .F., .U., (2, 2), (19.4720553626592, 22.4720553626584), .UNSPECIFIED.);
#815 = EDGE_CURVE ('', #811, #803, #814, .T.);
#816 = ORIENTED_EDGE ('', *, *, #815, .F.);
#817 = CARTESIAN_POINT ('', (0.500000000000761, 37.0000000000001, -1.5));
#818 = VERTEX_POINT ('', #817);
#819 = CARTESIAN_POINT ('', (0.500000000000755, 37.0000000000001, -2.99999999999999));
#820 = CARTESIAN_POINT ('', (0.500000000000755, 37.0000000000001, -2.49999999999999));
#821 = CARTESIAN_POINT ('', (0.500000000000755, 37.0000000000001, -1.99999999999999));
#822 = CARTESIAN_POINT ('', (0.500000000000755, 37.0000000000001, -1.5));
#823 = B_SPLINE_CURVE_WITH_KNOTS ('', 3, (#819, #820, #821, #822), .UNSPECIFIED., .F., .U., (4, 4), (10., 11.5), .UNSPECIFIED.);
#824 = EDGE_CURVE ('', #811, #818, #823, .T.);
#825 = ORIENTED_EDGE ('', *, *, #824, .T.);
#826 = CARTESIAN_POINT ('', (17.9720553626602, 37.0000000000001, -1.5));
#827 = VERTEX_POINT ('', #826);
#828 = CARTESIAN_POINT ('', (17.9720553626602, 37.0000000000001, -1.5));
#829 = CARTESIAN_POINT ('', (0.500000000000753, 37.0000000000001, -1.5));
#830 = B_SPLINE_CURVE_WITH_KNOTS ('', 1, (#828, #829), .UNSPECIFIED., .F., .U., (2, 2), (-68.4144151160076, -50.9423597533482), .UNSPECIFIED.);
#831 = EDGE_CURVE ('', #827, #818, #830, .T.);
#832 = ORIENTED_EDGE ('', *, *, #831, .F.);
#833 = CARTESIAN_POINT ('', (17.9720553626602, 37.0000000000001, -10.));
#834 = VERTEX_POINT ('', #833);
#835 = CARTESIAN_POINT ('', (17.9720553626602, 37.0000000000001, -1.50000000000002));
#836 = CARTESIAN_POINT ('', (17.9720553626602, 37.0000000000001, -10.));
#837 = B_SPLINE_CURVE_WITH_KNOTS ('', 1, (#835, #836), .UNSPECIFIED., .F., .U., (2, 2), (0.150000000000002, 1.), .UNSPECIFIED.);
#838 = EDGE_CURVE ('', #827, #834, #837, .T.);
#839 = ORIENTED_EDGE ('', *, *, #838, .T.);
#840 = CARTESIAN_POINT ('', (17.9720553626602, 37.0000000000003, -10.));
#841 = CARTESIAN_POINT ('', (17.9720553626602, 37.0000000000003, -13.));
#842 = B_SPLINE_CURVE_WITH_KNOTS ('', 1, (#840, #841), .UNSPECIFIED., .F., .U., (2, 2), (0., 1.), .UNSPECIFIED.);
#843 = EDGE_CURVE ('', #834, #664, #842, .T.);
#844 = ORIENTED_EDGE ('', *, *, #843, .T.);
#845 = ORIENTED_EDGE ('', *, *, #668, .F.);
#846 = CARTESIAN_POINT ('', (0.500000000000757, 37.0000000000003, -10.));
#847 = VERTEX_POINT ('', #846);
#848 = CARTESIAN_POINT ('', (0.500000000000759, 37.0000000000001, -13.));
#849 = CARTESIAN_POINT ('', (0.500000000000759, 37.0000000000001, -12.));
#850 = CARTESIAN_POINT ('', (0.500000000000759, 37.0000000000001, -11.));
#851 = CARTESIAN_POINT ('', (0.500000000000758, 37.0000000000001, -10.));
#852 = B_SPLINE_CURVE_WITH_KNOTS ('', 3, (#848, #849, #850, #851), .UNSPECIFIED., .F., .U., (4, 4), (0., 2.99999999999999), .UNSPECIFIED.);
#853 = EDGE_CURVE ('', #662, #847, #852, .T.);
#854 = ORIENTED_EDGE ('', *, *, #853, .T.);
#855 = CARTESIAN_POINT ('', (0.500000000000757, 37.0000000000003, -10.));
#856 = CARTESIAN_POINT ('', (3.49999999999995, 37.0000000000003, -10.));
#857 = B_SPLINE_CURVE_WITH_KNOTS ('', 1, (#855, #856), .UNSPECIFIED., .F., .U., (2, 2), (19.4720553626592, 22.4720553626584), .UNSPECIFIED.);
#858 = EDGE_CURVE ('', #847, #788, #857, .T.);
#859 = ORIENTED_EDGE ('', *, *, #858, .T.);
#860 = EDGE_LOOP ('', (#794, #801, #809, #816, #825, #832, #839, #844, #845, #854, #859));
#861 = FACE_OUTER_BOUND ('', #860, .T.);
#862 = CARTESIAN_POINT ('', (0.500000000000764, 37.0000000000001, -1.5));
#863 = CARTESIAN_POINT ('', (0.500000000000764, 37.0000000000001, -13.));
#864 = CARTESIAN_POINT ('', (17.9720553626602, 37.0000000000001, -1.5));
#865 = CARTESIAN_POINT ('', (17.9720553626602, 37.0000000000001, -13.));
#866 = B_SPLINE_SURFACE_WITH_KNOTS ('', 1, 1, ((#862, #863), (#864, #865)), .UNSPECIFIED., .F., .F., .U., (2, 2), (2, 2), (1.94720553626592, 3.69441107253187), (0.15, 1.3), .UNSPECIFIED.);
#867 = ADVANCED_FACE ('', (#861), #866, .T.);
#868 = ORIENTED_EDGE ('', *, *, #838, .F.);
#869 = CARTESIAN_POINT ('', (27.9720553626602, 27.0000000000003, -1.50000000000002));
#870 = VERTEX_POINT ('', #869);
#871 = CARTESIAN_POINT ('', (27.9720553626602, 27.0000000000003, -1.50000000000002));
#872 = CARTESIAN_POINT ('', (27.9720553626602, 37.0000000000002, -1.50000000000002));
#873 = CARTESIAN_POINT ('', (17.9720553626603, 37.0000000000002, -1.50000000000002));
#874 = (
   BOUNDED_CURVE ()
   B_SPLINE_CURVE (2, (#871, #872, #873), .UNSPECIFIED., .F., .U.)
   B_SPLINE_CURVE_WITH_KNOTS ((3, 3), (0., 1.5707963267949), .UNSPECIFIED.)
   CURVE ()
   GEOMETRIC_REPRESENTATION_ITEM ()
   RATIONAL_B_SPLINE_CURVE ((1., 0.707106781186546, 1.))
   REPRESENTATION_ITEM ('')
);
#875 = EDGE_CURVE ('', #870, #827, #874, .T.);
#876 = ORIENTED_EDGE ('', *, *, #875, .F.);
#877 = CARTESIAN_POINT ('', (26.6223672552782, 21.9828191022816, -1.5));
#878 = VERTEX_POINT ('', #877);
#879 = CARTESIAN_POINT ('', (26.6223672552781, 21.9828191022817, -1.50000000000002));
#880 = CARTESIAN_POINT ('', (27.9720553626601, 24.3098675632852, -1.50000000000002));
#881 = CARTESIAN_POINT ('', (27.9720553626602, 27.0000000000003, -1.50000000000002));
#882 = (
   BOUNDED_CURVE ()
   B_SPLINE_CURVE (2, (#879, #880, #881), .UNSPECIFIED., .F., .U.)
   B_SPLINE_CURVE_WITH_KNOTS ((3, 3), (0., 0.525583793551632), .UNSPECIFIED.)
   CURVE ()
   GEOMETRIC_REPRESENTATION_ITEM ()
   RATIONAL_B_SPLINE_CURVE ((1., 0.965668470351456, 1.))
   REPRESENTATION_ITEM ('')
);
#883 = EDGE_CURVE ('', #878, #870, #882, .T.);
#884 = ORIENTED_EDGE ('', *, *, #883, .F.);
#885 = CARTESIAN_POINT ('', (26.6223672552782, 21.9828191022816, -10.));
#886 = VERTEX_POINT ('', #885);
#887 = CARTESIAN_POINT ('', (26.6223672552782, 21.9828191022816, -1.50000000000002));
#888 = CARTESIAN_POINT ('', (26.6223672552782, 21.9828191022816, -10.));
#889 = B_SPLINE_CURVE_WITH_KNOTS ('', 1, (#887, #888), .UNSPECIFIED., .F., .U., (2, 2), (0.150000000000002, 1.), .UNSPECIFIED.);
#890 = EDGE_CURVE ('', #878, #886, #889, .T.);
#891 = ORIENTED_EDGE ('', *, *, #890, .T.);
#892 = CARTESIAN_POINT ('', (17.9720553626602, 37.0000000000002, -10.));
#893 = CARTESIAN_POINT ('', (23.7521766779302, 37.0000000000002, -10.));
#894 = CARTESIAN_POINT ('', (26.6372676790776, 31.9914021588537, -10.));
#895 = CARTESIAN_POINT ('', (29.522358680225, 26.9828043177072, -10.));
#896 = CARTESIAN_POINT ('', (26.6223672552781, 21.9828191022817, -10.));
#897 = (
   BOUNDED_CURVE ()
   B_SPLINE_CURVE (2, (#892, #893, #894, #895, #896), .UNSPECIFIED., .F., .U.)
   B_SPLINE_CURVE_WITH_KNOTS ((3, 2, 3), (0., 1.04819006017327, 2.09638012034653), .UNSPECIFIED.)
   CURVE ()
   GEOMETRIC_REPRESENTATION_ITEM ()
   RATIONAL_B_SPLINE_CURVE ((1., 0.865777169913064, 1., 0.865777169913063, 1.))
   REPRESENTATION_ITEM ('')
);
#898 = EDGE_CURVE ('', #834, #886, #897, .T.);
#899 = ORIENTED_EDGE ('', *, *, #898, .F.);
#900 = EDGE_LOOP ('', (#868, #876, #884, #891, #899));
#901 = FACE_OUTER_BOUND ('', #900, .T.);
#902 = CARTESIAN_POINT ('', (17.9720553626602, 37.0000000000002, -1.49999999999992));
#903 = CARTESIAN_POINT ('', (17.9720553626602, 37.0000000000002, -9.99999999999996));
#904 = CARTESIAN_POINT ('', (23.7521766779302, 37.0000000000002, -1.49999999999989));
#905 = CARTESIAN_POINT ('', (23.7521766779303, 37.0000000000002, -9.99999999999994));
#906 = CARTESIAN_POINT ('', (26.6372676790776, 31.9914021588537, -1.4999999999999));
#907 = CARTESIAN_POINT ('', (26.6372676790777, 31.9914021588537, -9.99999999999995));
#908 = CARTESIAN_POINT ('', (29.522358680225, 26.9828043177071, -1.49999999999992));
#909 = CARTESIAN_POINT ('', (29.5223586802251, 26.9828043177072, -9.99999999999996));
#910 = CARTESIAN_POINT ('', (26.6223672552781, 21.9828191022816, -1.49999999999995));
#911 = CARTESIAN_POINT ('', (26.6223672552782, 21.9828191022817, -10.));
#912 = (
   BOUNDED_SURFACE ()
   B_SPLINE_SURFACE (2, 1, ((#902, #903), (#904, #905), (#906, #907), (#908, #909), (#910, #911)), .UNSPECIFIED., .F., .F., .U.)
   B_SPLINE_SURFACE_WITH_KNOTS ((3, 2, 3), (2, 2), (0., 1.04819006017326, 2.09638012034652), (2.77555756156289E-16, 0.850000000000005), .UNSPECIFIED.)
   GEOMETRIC_REPRESENTATION_ITEM ()
   RATIONAL_B_SPLINE_SURFACE (((1., 1.), (0.865777169913063, 0.865777169913063), (1., 1.), (0.865777169913063, 0.865777169913063), (1., 1.)))
   REPRESENTATION_ITEM ('')
   SURFACE ()
);
#913 = ADVANCED_FACE ('', (#901), #912, .T.);
#914 = CARTESIAN_POINT ('', (26.4720553626601, 27.0000000000003, 6.21724893790088E-15));
#915 = VERTEX_POINT ('', #914);
#916 = CARTESIAN_POINT ('', (27.9720553626602, 27.0000000000003, -1.50000000000002));
#917 = CARTESIAN_POINT ('', (27.9720553626602, 27.0000000000003, -3.19744231092045E-14));
#918 = CARTESIAN_POINT ('', (26.4720553626602, 27.0000000000003, -1.4210854715202E-14));
#919 = (
   BOUNDED_CURVE ()
   B_SPLINE_CURVE (2, (#916, #917, #918), .UNSPECIFIED., .F., .U.)
   B_SPLINE_CURVE_WITH_KNOTS ((3, 3), (0., 1.5707963267949), .UNSPECIFIED.)
   CURVE ()
   GEOMETRIC_REPRESENTATION_ITEM ()
   RATIONAL_B_SPLINE_CURVE ((1., 0.707106781186546, 1.))
   REPRESENTATION_ITEM ('')
);
#920 = EDGE_CURVE ('', #870, #915, #919, .T.);
#921 = ORIENTED_EDGE ('', *, *, #920, .T.);
#922 = CARTESIAN_POINT ('', (25.3248204713855, 22.7353962369394, 6.21724893790088E-15));
#923 = VERTEX_POINT ('', #922);
#924 = CARTESIAN_POINT ('', (26.4720553626601, 27.0000000000003, 6.21724893790088E-15));
#925 = CARTESIAN_POINT ('', (26.4720553626601, 24.7133874287924, 5.32907051820075E-15));
#926 = CARTESIAN_POINT ('', (25.3248204713854, 22.7353962369395, 6.21724893790088E-15));
#927 = (
   BOUNDED_CURVE ()
   B_SPLINE_CURVE (2, (#924, #925, #926), .UNSPECIFIED., .F., .U.)
   B_SPLINE_CURVE_WITH_KNOTS ((3, 3), (0., 0.525583793551632), .UNSPECIFIED.)
   CURVE ()
   GEOMETRIC_REPRESENTATION_ITEM ()
   RATIONAL_B_SPLINE_CURVE ((1., 0.965668470351439, 1.))
   REPRESENTATION_ITEM ('')
);
#928 = EDGE_CURVE ('', #915, #923, #927, .T.);
#929 = ORIENTED_EDGE ('', *, *, #928, .T.);
#930 = CARTESIAN_POINT ('', (26.2423246011829, 22.203243841657, -0.439339828220158));
#931 = VERTEX_POINT ('', #930);
#932 = CARTESIAN_POINT ('', (26.2423246011829, 22.203243841657, -0.439339828220158));
#933 = CARTESIAN_POINT ('', (25.8622819470875, 22.4236685810323, 3.42647188513211E-15));
#934 = CARTESIAN_POINT ('', (25.3248204713856, 22.7353962369394, 7.105427357601E-15));
#935 = (
   BOUNDED_CURVE ()
   B_SPLINE_CURVE (2, (#932, #933, #934), .UNSPECIFIED., .F., .U.)
   B_SPLINE_CURVE_WITH_KNOTS ((3, 3), (0.785398163397463, 1.5707963267949), .UNSPECIFIED.)
   CURVE ()
   GEOMETRIC_REPRESENTATION_ITEM ()
   RATIONAL_B_SPLINE_CURVE ((0.853553390593277, 0.85355339059328, 1.))
   REPRESENTATION_ITEM ('')
);
#936 = EDGE_CURVE ('', #931, #923, #935, .T.);
#937 = ORIENTED_EDGE ('', *, *, #936, .F.);
#938 = CARTESIAN_POINT ('', (26.6223672552782, 21.9828191022816, -1.5));
#939 = CARTESIAN_POINT ('', (26.6223672552783, 21.9828191022816, -0.878679656440338));
#940 = CARTESIAN_POINT ('', (26.2423246011829, 22.203243841657, -0.439339828220158));
#941 = (
   BOUNDED_CURVE ()
   B_SPLINE_CURVE (2, (#938, #939, #940), .UNSPECIFIED., .F., .U.)
   B_SPLINE_CURVE_WITH_KNOTS ((3, 3), (0., 0.785398163397463), .UNSPECIFIED.)
   CURVE ()
   GEOMETRIC_REPRESENTATION_ITEM ()
   RATIONAL_B_SPLINE_CURVE ((1., 0.853553390593275, 0.853553390593277))
   REPRESENTATION_ITEM ('')
);
#942 = EDGE_CURVE ('', #878, #931, #941, .T.);
#943 = ORIENTED_EDGE ('', *, *, #942, .F.);
#944 = ORIENTED_EDGE ('', *, *, #883, .T.);
#945 = EDGE_LOOP ('', (#921, #929, #937, #943, #944));
#946 = FACE_OUTER_BOUND ('', #945, .T.);
#947 = CARTESIAN_POINT ('', (25.3247904391334, 22.7354136556457, -4.01799222858973E-10));
#948 = CARTESIAN_POINT ('', (26.4720206445455, 24.7133967684251, -4.01801577157454E-10));
#949 = CARTESIAN_POINT ('', (26.4720206445456, 27.0000000000003, -4.01798480973777E-10));
#950 = CARTESIAN_POINT ('', (25.3248054552594, 22.7354049462926, -1.67291074829489E-14));
#951 = CARTESIAN_POINT ('', (26.4720380036028, 24.7133920986088, -1.90834400219118E-14));
#952 = CARTESIAN_POINT ('', (26.4720380036028, 27.0000000000003, -1.59872115546023E-14));
#953 = CARTESIAN_POINT ('', (25.3248204713854, 22.7353962369395, -1.67291182152824E-14));
#954 = CARTESIAN_POINT ('', (26.4720553626601, 24.7133874287924, -1.90834848122326E-14));
#955 = CARTESIAN_POINT ('', (26.4720553626601, 27.0000000000003, -1.59872115546023E-14));
#956 = CARTESIAN_POINT ('', (26.6223672552781, 21.9828191022817, -1.58017348894322E-14));
#957 = CARTESIAN_POINT ('', (27.9720553626602, 24.3098675632852, -1.52131432401947E-14));
#958 = CARTESIAN_POINT ('', (27.9720553626601, 27.0000000000003, -1.59872115546023E-14));
#959 = CARTESIAN_POINT ('', (26.6223672552781, 21.9828191022817, -1.50000000000002));
#960 = CARTESIAN_POINT ('', (27.9720553626601, 24.3098675632852, -1.50000000000002));
#961 = CARTESIAN_POINT ('', (27.9720553626602, 27.0000000000003, -1.50000000000002));
#962 = (
   BOUNDED_SURFACE ()
   B_SPLINE_SURFACE (2, 2, ((#947, #948, #949), (#950, #951, #952), (#953, #954, #955), (#956, #957, #958), (#959, #960, #961)), .UNSPECIFIED., .F., .F., .U.)
   B_SPLINE_SURFACE_WITH_KNOTS ((3, 2, 3), (3, 3), (-1.57082203475816, -1.5707963267949, 0.), (0.0739300702230989, 0.598783856966019), .UNSPECIFIED.)
   GEOMETRIC_REPRESENTATION_ITEM ()
   RATIONAL_B_SPLINE_SURFACE (((0.990362129896035, 0.960999103356174, 0.999990413060242), (0.99036687713489, 0.961003709845199, 0.999995206451669), (0.990371624529138, 0.961008316485011, 1.), (0.70029849159929, 0.679535497363218, 0.707106781186547), (0.990371624529138, 0.961008316485011, 1.)))
   REPRESENTATION_ITEM ('')
   SURFACE ()
);
#963 = ADVANCED_FACE ('', (#946), #962, .T.);
#964 = CARTESIAN_POINT ('', (8.27026923852294, -8.78305850775666, -0.439339828220171));
#965 = VERTEX_POINT ('', #964);
#966 = CARTESIAN_POINT ('', (26.242324601183, 22.2032438416569, -0.439339828220078));
#967 = CARTESIAN_POINT ('', (8.27026923852303, -8.78305850775671, -0.439339828220066));
#968 = B_SPLINE_CURVE_WITH_KNOTS ('', 1, (#966, #967), .UNSPECIFIED., .F., .U., (2, 2), (-3.6472025951771, -0.0651002693804243), .UNSPECIFIED.);
#969 = EDGE_CURVE ('', #931, #965, #968, .T.);
#970 = ORIENTED_EDGE ('', *, *, #969, .T.);
#971 = CARTESIAN_POINT ('', (8.65031189261832, -9.00348324713197, -1.5));
#972 = VERTEX_POINT ('', #971);
#973 = CARTESIAN_POINT ('', (8.27026923852294, -8.78305850775666, -0.439339828220171));
#974 = CARTESIAN_POINT ('', (8.65031189261832, -9.00348324713198, -0.878679656440351));
#975 = CARTESIAN_POINT ('', (8.65031189261832, -9.00348324713198, -1.5));
#976 = (
   BOUNDED_CURVE ()
   B_SPLINE_CURVE (2, (#973, #974, #975), .UNSPECIFIED., .F., .U.)
   B_SPLINE_CURVE_WITH_KNOTS ((3, 3), (0.785398163397447, 1.5707963267949), .UNSPECIFIED.)
   CURVE ()
   GEOMETRIC_REPRESENTATION_ITEM ()
   RATIONAL_B_SPLINE_CURVE ((0.853553390593275, 0.853553390593275, 1.))
   REPRESENTATION_ITEM ('')
);
#977 = EDGE_CURVE ('', #965, #972, #976, .T.);
#978 = ORIENTED_EDGE ('', *, *, #977, .T.);
#979 = CARTESIAN_POINT ('', (8.65031189261832, -9.00348324713198, -1.5));
#980 = CARTESIAN_POINT ('', (26.6223672552782, 21.9828191022816, -1.5));
#981 = B_SPLINE_CURVE_WITH_KNOTS ('', 1, (#979, #980), .UNSPECIFIED., .F., .U., (2, 2), (10.2328739276915, 46.0538971856581), .UNSPECIFIED.);
#982 = EDGE_CURVE ('', #972, #878, #981, .T.);
#983 = ORIENTED_EDGE ('', *, *, #982, .T.);
#984 = ORIENTED_EDGE ('', *, *, #942, .T.);
#985 = EDGE_LOOP ('', (#970, #978, #983, #984));
#986 = FACE_OUTER_BOUND ('', #985, .T.);
#987 = CARTESIAN_POINT ('', (26.242324601183, 22.2032438416569, -0.439339828220078));
#988 = CARTESIAN_POINT ('', (26.6223672552784, 21.9828191022816, -0.878679656440307));
#989 = CARTESIAN_POINT ('', (26.6223672552783, 21.9828191022816, -1.50000000000002));
#990 = CARTESIAN_POINT ('', (8.27026923852303, -8.78305850775671, -0.439339828220066));
#991 = CARTESIAN_POINT ('', (8.65031189261845, -9.00348324713206, -0.878679656440294));
#992 = CARTESIAN_POINT ('', (8.65031189261841, -9.00348324713203, -1.50000000000001));
#993 = (
   BOUNDED_SURFACE ()
   B_SPLINE_SURFACE (1, 2, ((#987, #988, #989), (#990, #991, #992)), .UNSPECIFIED., .F., .F., .U.)
   B_SPLINE_SURFACE_WITH_KNOTS ((2, 2), (3, 3), (-3.64720259517709, -0.0651002693804243), (0.471238898038469, 0.589048622548097), .UNSPECIFIED.)
   GEOMETRIC_REPRESENTATION_ITEM ()
   RATIONAL_B_SPLINE_SURFACE (((1., 0.85355339059326, 0.853553390593274), (1., 0.85355339059326, 0.853553390593274)))
   REPRESENTATION_ITEM ('')
   SURFACE ()
);
#994 = ADVANCED_FACE ('', (#986), #993, .T.);
#995 = CARTESIAN_POINT ('', (-7.35276510872522, -8.25090611247401, 6.21724893790088E-15));
#996 = VERTEX_POINT ('', #995);
#997 = CARTESIAN_POINT ('', (-8.27026923852253, -8.78305850775642, -0.439339828220147));
#998 = VERTEX_POINT ('', #997);
#999 = CARTESIAN_POINT ('', (-7.35276510872522, -8.25090611247401, 6.21724893790088E-15));
#1000 = CARTESIAN_POINT ('', (-7.89022658442716, -8.56263376838112, 5.84935339065399E-15));
#1001 = CARTESIAN_POINT ('', (-8.27026923852253, -8.78305850775642, -0.439339828220147));
#1002 = (
   BOUNDED_CURVE ()
   B_SPLINE_CURVE (2, (#999, #1000, #1001), .UNSPECIFIED., .F., .U.)
   B_SPLINE_CURVE_WITH_KNOTS ((3, 3), (0., 0.785398163397432), .UNSPECIFIED.)
   CURVE ()
   GEOMETRIC_REPRESENTATION_ITEM ()
   RATIONAL_B_SPLINE_CURVE ((1., 0.853553390593277, 0.853553390593274))
   REPRESENTATION_ITEM ('')
);
#1003 = EDGE_CURVE ('', #996, #998, #1002, .T.);
#1004 = ORIENTED_EDGE ('', *, *, #1003, .T.);
#1005 = CARTESIAN_POINT ('', (-8.65031189261789, -9.00348324713172, -1.49999999999997));
#1006 = VERTEX_POINT ('', #1005);
#1007 = CARTESIAN_POINT ('', (-8.27026923852253, -8.78305850775642, -0.439339828220147));
#1008 = CARTESIAN_POINT ('', (-8.65031189261792, -9.00348324713174, -0.878679656440322));
#1009 = CARTESIAN_POINT ('', (-8.65031189261792, -9.00348324713174, -1.49999999999997));
#1010 = (
   BOUNDED_CURVE ()
   B_SPLINE_CURVE (2, (#1007, #1008, #1009), .UNSPECIFIED., .F., .U.)
   B_SPLINE_CURVE_WITH_KNOTS ((3, 3), (0.785398163397432, 1.5707963267949), .UNSPECIFIED.)
   CURVE ()
   GEOMETRIC_REPRESENTATION_ITEM ()
   RATIONAL_B_SPLINE_CURVE ((0.853553390593274, 0.853553390593271, 1.))
   REPRESENTATION_ITEM ('')
);
#1011 = EDGE_CURVE ('', #998, #1006, #1010, .T.);
#1012 = ORIENTED_EDGE ('', *, *, #1011, .T.);
#1013 = CARTESIAN_POINT ('', (-8.65031189261795, -9.00348324713176, -1.49999999999997));
#1014 = CARTESIAN_POINT ('', (-5.76027681329471, -13.9863023494134, -1.49999999999997));
#1015 = CARTESIAN_POINT ('', (1.20126131264442E-13, -13.9863023494135, -1.49999999999997));
#1016 = CARTESIAN_POINT ('', (5.76027681329494, -13.9863023494136, -1.49999999999997));
#1017 = CARTESIAN_POINT ('', (8.65031189261829, -9.00348324713195, -1.49999999999997));
#1018 = (
   BOUNDED_CURVE ()
   B_SPLINE_CURVE (2, (#1013, #1014, #1015, #1016, #1017), .UNSPECIFIED., .F., .U.)
   B_SPLINE_CURVE_WITH_KNOTS ((3, 2, 3), (0., 1.0452125332433, 2.09042506648659), .UNSPECIFIED.)
   CURVE ()
   GEOMETRIC_REPRESENTATION_ITEM ()
   RATIONAL_B_SPLINE_CURVE ((1., 0.866521231641738, 1., 0.866521231641741, 1.))
   REPRESENTATION_ITEM ('')
);
#1019 = EDGE_CURVE ('', #1006, #972, #1018, .T.);
#1020 = ORIENTED_EDGE ('', *, *, #1019, .T.);
#1021 = ORIENTED_EDGE ('', *, *, #977, .F.);
#1022 = CARTESIAN_POINT ('', (7.35276510872561, -8.25090611247421, 6.21724893790088E-15));
#1023 = VERTEX_POINT ('', #1022);
#1024 = CARTESIAN_POINT ('', (7.35276510872561, -8.25090611247421, 7.105427357601E-15));
#1025 = CARTESIAN_POINT ('', (7.89022658442757, -8.56263376838134, 6.73753181035411E-15));
#1026 = CARTESIAN_POINT ('', (8.27026923852294, -8.78305850775666, -0.439339828220171));
#1027 = (
   BOUNDED_CURVE ()
   B_SPLINE_CURVE (2, (#1024, #1025, #1026), .UNSPECIFIED., .F., .U.)
   B_SPLINE_CURVE_WITH_KNOTS ((3, 3), (0., 0.785398163397447), .UNSPECIFIED.)
   CURVE ()
   GEOMETRIC_REPRESENTATION_ITEM ()
   RATIONAL_B_SPLINE_CURVE ((1., 0.853553390593276, 0.853553390593275))
   REPRESENTATION_ITEM ('')
);
#1028 = EDGE_CURVE ('', #1023, #965, #1027, .T.);
#1029 = ORIENTED_EDGE ('', *, *, #1028, .F.);
#1030 = CARTESIAN_POINT ('', (7.35276510872558, -8.25090611247419, 6.21724893790088E-15));
#1031 = CARTESIAN_POINT ('', (4.89623529130073, -12.4863023494136, 6.21724893790088E-15));
#1032 = CARTESIAN_POINT ('', (1.25677246387568E-13, -12.4863023494135, 6.21724893790088E-15));
#1033 = CARTESIAN_POINT ('', (-4.89623529130048, -12.4863023494134, 5.32907051820075E-15));
#1034 = CARTESIAN_POINT ('', (-7.35276510872523, -8.25090611247402, 6.21724893790088E-15));
#1035 = (
   BOUNDED_CURVE ()
   B_SPLINE_CURVE (2, (#1030, #1031, #1032, #1033, #1034), .UNSPECIFIED., .F., .U.)
   B_SPLINE_CURVE_WITH_KNOTS ((3, 2, 3), (0., 1.04521253324329, 2.09042506648659), .UNSPECIFIED.)
   CURVE ()
   GEOMETRIC_REPRESENTATION_ITEM ()
   RATIONAL_B_SPLINE_CURVE ((1., 0.866521231641739, 1., 0.866521231641743, 1.))
   REPRESENTATION_ITEM ('')
);
#1036 = EDGE_CURVE ('', #1023, #996, #1035, .T.);
#1037 = ORIENTED_EDGE ('', *, *, #1036, .T.);
#1038 = EDGE_LOOP ('', (#1004, #1012, #1020, #1021, #1029, #1037));
#1039 = FACE_OUTER_BOUND ('', #1038, .T.);
#1040 = CARTESIAN_POINT ('', (-7.35276510872523, -8.25090611247401, 2.57571741713036E-14));
#1041 = CARTESIAN_POINT ('', (-4.89623529130045, -12.4863023494135, 2.57571741713036E-14));
#1042 = CARTESIAN_POINT ('', (2.12274642308329E-13, -12.4863023494135, 2.57571741713036E-14));
#1043 = CARTESIAN_POINT ('', (4.89623529130077, -12.4863023494135, 2.57571741713036E-14));
#1044 = CARTESIAN_POINT ('', (7.3527651087256, -8.25090611247417, 2.57571741713036E-14));
#1045 = CARTESIAN_POINT ('', (-8.65031189261797, -9.00348324713177, 2.57571741713036E-14));
#1046 = CARTESIAN_POINT ('', (-5.76027681329469, -13.9863023494135, 2.57571741713036E-14));
#1047 = CARTESIAN_POINT ('', (2.06723527185204E-13, -13.9863023494135, 2.57571741713036E-14));
#1048 = CARTESIAN_POINT ('', (5.76027681329499, -13.9863023494135, 2.57571741713036E-14));
#1049 = CARTESIAN_POINT ('', (8.65031189261832, -9.00348324713196, 2.57571741713036E-14));
#1050 = CARTESIAN_POINT ('', (-8.65031189261795, -9.00348324713176, -1.5));
#1051 = CARTESIAN_POINT ('', (-5.76027681329468, -13.9863023494135, -1.5));
#1052 = CARTESIAN_POINT ('', (2.07278638697516E-13, -13.9863023494135, -1.5));
#1053 = CARTESIAN_POINT ('', (5.76027681329497, -13.9863023494135, -1.5));
#1054 = CARTESIAN_POINT ('', (8.6503118926183, -9.00348324713195, -1.5));
#1055 = (
   BOUNDED_SURFACE ()
   B_SPLINE_SURFACE (2, 2, ((#1040, #1041, #1042, #1043, #1044), (#1045, #1046, #1047, #1048, #1049), (#1050, #1051, #1052, #1053, #1054)), .UNSPECIFIED., .F., .F., .U.)
   B_SPLINE_SURFACE_WITH_KNOTS ((3, 3), (3, 2, 3), (-1.5707963267949, 1.46549439250521E-14), (0.0705138205842992, 1.11276438278934, 2.15501494499436), .UNSPECIFIED.)
   GEOMETRIC_REPRESENTATION_ITEM ()
   RATIONAL_B_SPLINE_SURFACE (((0.982095839692882, 0.858729028377537, 1., 0.858729028377539, 0.982095839692877), (0.694446628021929, 0.607213119167488, 0.707106781186543, 0.60721311916749, 0.694446628021926), (0.982095839692882, 0.858729028377537, 1., 0.858729028377539, 0.982095839692877)))
   REPRESENTATION_ITEM ('')
   SURFACE ()
);
#1056 = ADVANCED_FACE ('', (#1039), #1055, .T.);
#1057 = CARTESIAN_POINT ('', (-26.2423246011812, 22.2032438416572, -0.439339828220167));
#1058 = VERTEX_POINT ('', #1057);
#1059 = CARTESIAN_POINT ('', (-8.27026923852233, -8.78305850775631, -0.439339828220379));
#1060 = CARTESIAN_POINT ('', (-26.2423246011813, 22.2032438416572, -0.439339828220163));
#1061 = B_SPLINE_CURVE_WITH_KNOTS ('', 1, (#1059, #1060), .UNSPECIFIED., .F., .U., (2, 2), (-3.64720259517703, -0.0651002693804221), .UNSPECIFIED.);
#1062 = EDGE_CURVE ('', #998, #1058, #1061, .T.);
#1063 = ORIENTED_EDGE ('', *, *, #1062, .T.);
#1064 = CARTESIAN_POINT ('', (-26.6223672552767, 21.9828191022818, -1.50000000000005));
#1065 = VERTEX_POINT ('', #1064);
#1066 = CARTESIAN_POINT ('', (-26.6223672552767, 21.9828191022818, -1.50000000000005));
#1067 = CARTESIAN_POINT ('', (-26.6223672552767, 21.9828191022818, -0.87867965644036));
#1068 = CARTESIAN_POINT ('', (-26.2423246011812, 22.2032438416572, -0.439339828220167));
#1069 = (
   BOUNDED_CURVE ()
   B_SPLINE_CURVE (2, (#1066, #1067, #1068), .UNSPECIFIED., .F., .U.)
   B_SPLINE_CURVE_WITH_KNOTS ((3, 3), (0., 0.785398163397497), .UNSPECIFIED.)
   CURVE ()
   GEOMETRIC_REPRESENTATION_ITEM ()
   RATIONAL_B_SPLINE_CURVE ((1., 0.853553390593265, 0.853553390593274))
   REPRESENTATION_ITEM ('')
);
#1070 = EDGE_CURVE ('', #1065, #1058, #1069, .T.);
#1071 = ORIENTED_EDGE ('', *, *, #1070, .F.);
#1072 = CARTESIAN_POINT ('', (-26.6223672552766, 21.9828191022818, -1.5));
#1073 = CARTESIAN_POINT ('', (-8.65031189261788, -9.00348324713172, -1.5));
#1074 = B_SPLINE_CURVE_WITH_KNOTS ('', 1, (#1072, #1073), .UNSPECIFIED., .F., .U., (2, 2), (-79.2219657864753, -43.4009425285092), .UNSPECIFIED.);
#1075 = EDGE_CURVE ('', #1065, #1006, #1074, .T.);
#1076 = ORIENTED_EDGE ('', *, *, #1075, .T.);
#1077 = ORIENTED_EDGE ('', *, *, #1011, .F.);
#1078 = EDGE_LOOP ('', (#1063, #1071, #1076, #1077));
#1079 = FACE_OUTER_BOUND ('', #1078, .T.);
#1080 = CARTESIAN_POINT ('', (-8.27026923852232, -8.78305850775631, -0.439339828220379));
#1081 = CARTESIAN_POINT ('', (-8.65031189261772, -9.00348324713163, -0.87867965644057));
#1082 = CARTESIAN_POINT ('', (-8.65031189261771, -9.00348324713162, -1.50000000000023));
#1083 = CARTESIAN_POINT ('', (-26.2423246011813, 22.2032438416572, -0.439339828220163));
#1084 = CARTESIAN_POINT ('', (-26.6223672552767, 21.9828191022819, -0.878679656440355));
#1085 = CARTESIAN_POINT ('', (-26.6223672552767, 21.9828191022819, -1.50000000000002));
#1086 = (
   BOUNDED_SURFACE ()
   B_SPLINE_SURFACE (1, 2, ((#1080, #1081, #1082), (#1083, #1084, #1085)), .UNSPECIFIED., .F., .F., .U.)
   B_SPLINE_SURFACE_WITH_KNOTS ((2, 2), (3, 3), (-3.64720259517703, -0.0651002693804218), (0.471238898038467, 0.589048622548088), .UNSPECIFIED.)
   GEOMETRIC_REPRESENTATION_ITEM ()
   RATIONAL_B_SPLINE_SURFACE (((1., 0.853553390593269, 0.853553390593274), (1., 0.853553390593269, 0.853553390593274)))
   REPRESENTATION_ITEM ('')
   SURFACE ()
);
#1087 = ADVANCED_FACE ('', (#1079), #1086, .T.);
#1088 = ORIENTED_EDGE ('', *, *, #1070, .T.);
#1089 = CARTESIAN_POINT ('', (-25.3248204713839, 22.7353962369396, 6.21724893790088E-15));
#1090 = VERTEX_POINT ('', #1089);
#1091 = CARTESIAN_POINT ('', (-26.2423246011812, 22.2032438416572, -0.439339828220167));
#1092 = CARTESIAN_POINT ('', (-25.8622819470859, 22.4236685810325, -3.76713891746521E-14));
#1093 = CARTESIAN_POINT ('', (-25.3248204713839, 22.7353962369396, -3.73034936274053E-14));
#1094 = (
   BOUNDED_CURVE ()
   B_SPLINE_CURVE (2, (#1091, #1092, #1093), .UNSPECIFIED., .F., .U.)
   B_SPLINE_CURVE_WITH_KNOTS ((3, 3), (0.785398163397497, 1.5707963267949), .UNSPECIFIED.)
   CURVE ()
   GEOMETRIC_REPRESENTATION_ITEM ()
   RATIONAL_B_SPLINE_CURVE ((0.853553390593274, 0.853553390593283, 1.))
   REPRESENTATION_ITEM ('')
);
#1095 = EDGE_CURVE ('', #1058, #1090, #1094, .T.);
#1096 = ORIENTED_EDGE ('', *, *, #1095, .T.);
#1097 = CARTESIAN_POINT ('', (-17.9720553626585, 35.5000000000001, 6.21724893790088E-15));
#1098 = VERTEX_POINT ('', #1097);
#1099 = CARTESIAN_POINT ('', (-25.3248204713839, 22.7353962369396, 6.21724893790088E-15));
#1100 = CARTESIAN_POINT ('', (-27.7898131825886, 26.9853836700513, 6.21724893790088E-15));
#1101 = CARTESIAN_POINT ('', (-25.3374858316133, 31.2426918350257, 6.21724893790088E-15));
#1102 = CARTESIAN_POINT ('', (-22.885158480638, 35.5000000000001, 6.21724893790088E-15));
#1103 = CARTESIAN_POINT ('', (-17.9720553626585, 35.5000000000002, 6.21724893790088E-15));
#1104 = (
   BOUNDED_CURVE ()
   B_SPLINE_CURVE (2, (#1099, #1100, #1101, #1102, #1103), .UNSPECIFIED., .F., .U.)
   B_SPLINE_CURVE_WITH_KNOTS ((3, 2, 3), (0., 1.04819006017324, 2.09638012034648), .UNSPECIFIED.)
   CURVE ()
   GEOMETRIC_REPRESENTATION_ITEM ()
   RATIONAL_B_SPLINE_CURVE ((1., 0.865777169913069, 1., 0.86577716991307, 1.))
   REPRESENTATION_ITEM ('')
);
#1105 = EDGE_CURVE ('', #1090, #1098, #1104, .T.);
#1106 = ORIENTED_EDGE ('', *, *, #1105, .T.);
#1107 = CARTESIAN_POINT ('', (-17.9720553626585, 36.5606601717799, -0.439339828220131));
#1108 = VERTEX_POINT ('', #1107);
#1109 = CARTESIAN_POINT ('', (-17.9720553626585, 35.5000000000001, 7.99360577730113E-15));
#1110 = CARTESIAN_POINT ('', (-17.9720553626585, 36.1213203435598, 9.83308351353545E-15));
#1111 = CARTESIAN_POINT ('', (-17.9720553626585, 36.5606601717799, -0.439339828220131));
#1112 = (
   BOUNDED_CURVE ()
   B_SPLINE_CURVE (2, (#1109, #1110, #1111), .UNSPECIFIED., .F., .U.)
   B_SPLINE_CURVE_WITH_KNOTS ((3, 3), (0., 0.785398163397394), .UNSPECIFIED.)
   CURVE ()
   GEOMETRIC_REPRESENTATION_ITEM ()
   RATIONAL_B_SPLINE_CURVE ((1., 0.853553390593282, 0.853553390593272))
   REPRESENTATION_ITEM ('')
);
#1113 = EDGE_CURVE ('', #1098, #1108, #1112, .T.);
#1114 = ORIENTED_EDGE ('', *, *, #1113, .T.);
#1115 = CARTESIAN_POINT ('', (-17.9720553626585, 37.0000000000001, -1.50000000000005));
#1116 = VERTEX_POINT ('', #1115);
#1117 = CARTESIAN_POINT ('', (-17.9720553626585, 36.5606601717799, -0.439339828220131));
#1118 = CARTESIAN_POINT ('', (-17.9720553626585, 37.0000000000002, -0.878679656440343));
#1119 = CARTESIAN_POINT ('', (-17.9720553626585, 37.0000000000002, -1.50000000000007));
#1120 = (
   BOUNDED_CURVE ()
   B_SPLINE_CURVE (2, (#1117, #1118, #1119), .UNSPECIFIED., .F., .U.)
   B_SPLINE_CURVE_WITH_KNOTS ((3, 3), (0.785398163397394, 1.5707963267949), .UNSPECIFIED.)
   CURVE ()
   GEOMETRIC_REPRESENTATION_ITEM ()
   RATIONAL_B_SPLINE_CURVE ((0.853553390593272, 0.853553390593262, 1.))
   REPRESENTATION_ITEM ('')
);
#1121 = EDGE_CURVE ('', #1108, #1116, #1120, .T.);
#1122 = ORIENTED_EDGE ('', *, *, #1121, .T.);
#1123 = CARTESIAN_POINT ('', (-17.9720553626585, 37.0000000000001, -1.50000000000005));
#1124 = CARTESIAN_POINT ('', (-23.7521766779284, 37.0000000000001, -1.50000000000005));
#1125 = CARTESIAN_POINT ('', (-26.6372676790759, 31.9914021588537, -1.50000000000005));
#1126 = CARTESIAN_POINT ('', (-29.5223586802233, 26.9828043177074, -1.50000000000005));
#1127 = CARTESIAN_POINT ('', (-26.6223672552767, 21.9828191022819, -1.50000000000005));
#1128 = (
   BOUNDED_CURVE ()
   B_SPLINE_CURVE (2, (#1123, #1124, #1125, #1126, #1127), .UNSPECIFIED., .F., .U.)
   B_SPLINE_CURVE_WITH_KNOTS ((3, 2, 3), (0., 1.04819006017324, 2.09638012034647), .UNSPECIFIED.)
   CURVE ()
   GEOMETRIC_REPRESENTATION_ITEM ()
   RATIONAL_B_SPLINE_CURVE ((1., 0.865777169913068, 1., 0.865777169913068, 1.))
   REPRESENTATION_ITEM ('')
);
#1129 = EDGE_CURVE ('', #1116, #1065, #1128, .T.);
#1130 = ORIENTED_EDGE ('', *, *, #1129, .T.);
#1131 = EDGE_LOOP ('', (#1088, #1096, #1106, #1114, #1122, #1130));
#1132 = FACE_OUTER_BOUND ('', #1131, .T.);
#1133 = CARTESIAN_POINT ('', (-17.9720553626584, 35.5000000000001, -5.15143483426073E-14));
#1134 = CARTESIAN_POINT ('', (-26.4720553626585, 35.5000000000001, -5.15143483426073E-14));
#1135 = CARTESIAN_POINT ('', (-26.4720553626585, 27.0000000000001, -5.15143483426073E-14));
#1136 = CARTESIAN_POINT ('', (-26.4720553626585, 24.7133874287905, -5.15143483426073E-14));
#1137 = CARTESIAN_POINT ('', (-25.3248204713821, 22.7353962369365, -5.15143483426073E-14));
#1138 = CARTESIAN_POINT ('', (-17.9720553626584, 37.0000000000001, -5.15143483426073E-14));
#1139 = CARTESIAN_POINT ('', (-27.9720553626585, 37.0000000000001, -5.15143483426073E-14));
#1140 = CARTESIAN_POINT ('', (-27.9720553626585, 27.0000000000001, -5.15143483426073E-14));
#1141 = CARTESIAN_POINT ('', (-27.9720553626585, 24.3098675632829, -5.15143483426073E-14));
#1142 = CARTESIAN_POINT ('', (-26.6223672552745, 21.9828191022782, -5.15143483426073E-14));
#1143 = CARTESIAN_POINT ('', (-17.9720553626584, 37.0000000000001, -1.50000000000005));
#1144 = CARTESIAN_POINT ('', (-27.9720553626585, 37.0000000000001, -1.50000000000005));
#1145 = CARTESIAN_POINT ('', (-27.9720553626585, 27.0000000000001, -1.50000000000005));
#1146 = CARTESIAN_POINT ('', (-27.9720553626585, 24.3098675632829, -1.50000000000005));
#1147 = CARTESIAN_POINT ('', (-26.6223672552745, 21.9828191022782, -1.50000000000005));
#1148 = (
   BOUNDED_SURFACE ()
   B_SPLINE_SURFACE (2, 2, ((#1133, #1134, #1135, #1136, #1137), (#1138, #1139, #1140, #1141, #1142), (#1143, #1144, #1145, #1146, #1147)), .UNSPECIFIED., .F., .F., .U.)
   B_SPLINE_SURFACE_WITH_KNOTS ((3, 3), (3, 2, 3), (-1.5707963267949, 0.), (1.5707963267949, 3.14159265358979, 3.67927631194141), .UNSPECIFIED.)
   GEOMETRIC_REPRESENTATION_ITEM ()
   RATIONAL_B_SPLINE_SURFACE (((1., 0.707106781186547, 1., 0.899742637086928, 0.868121474486062), (0.707106781186548, 0.5, 0.707106781186548, 0.636214120006834, 0.613854581502759), (1., 0.707106781186547, 1., 0.899742637086928, 0.868121474486062)))
   REPRESENTATION_ITEM ('')
   SURFACE ()
);
#1149 = ADVANCED_FACE ('', (#1132), #1148, .T.);
#1150 = ORIENTED_EDGE ('', *, *, #1129, .F.);
#1151 = CARTESIAN_POINT ('', (-17.9720553626585, 37.0000000000001, -10.));
#1152 = VERTEX_POINT ('', #1151);
#1153 = CARTESIAN_POINT ('', (-17.9720553626585, 37.0000000000001, -1.5));
#1154 = CARTESIAN_POINT ('', (-17.9720553626585, 37.0000000000001, -10.));
#1155 = B_SPLINE_CURVE_WITH_KNOTS ('', 1, (#1153, #1154), .UNSPECIFIED., .F., .U., (2, 2), (0.15, 1.), .UNSPECIFIED.);
#1156 = EDGE_CURVE ('', #1116, #1152, #1155, .T.);
#1157 = ORIENTED_EDGE ('', *, *, #1156, .T.);
#1158 = CARTESIAN_POINT ('', (-26.6223672552767, 21.9828191022818, -10.));
#1159 = VERTEX_POINT ('', #1158);
#1160 = CARTESIAN_POINT ('', (-26.6223672552767, 21.9828191022818, -10.));
#1161 = CARTESIAN_POINT ('', (-29.5223586802233, 26.9828043177074, -10.));
#1162 = CARTESIAN_POINT ('', (-26.6372676790759, 31.9914021588537, -10.));
#1163 = CARTESIAN_POINT ('', (-23.7521766779284, 37.0000000000001, -10.));
#1164 = CARTESIAN_POINT ('', (-17.9720553626585, 37.0000000000001, -10.));
#1165 = (
   BOUNDED_CURVE ()
   B_SPLINE_CURVE (2, (#1160, #1161, #1162, #1163, #1164), .UNSPECIFIED., .F., .U.)
   B_SPLINE_CURVE_WITH_KNOTS ((3, 2, 3), (0., 1.04819006017324, 2.09638012034648), .UNSPECIFIED.)
   CURVE ()
   GEOMETRIC_REPRESENTATION_ITEM ()
   RATIONAL_B_SPLINE_CURVE ((1., 0.865777169913066, 1., 0.865777169913069, 1.))
   REPRESENTATION_ITEM ('')
);
#1166 = EDGE_CURVE ('', #1159, #1152, #1165, .T.);
#1167 = ORIENTED_EDGE ('', *, *, #1166, .F.);
#1168 = CARTESIAN_POINT ('', (-26.6223672552767, 21.9828191022818, -1.5));
#1169 = CARTESIAN_POINT ('', (-26.6223672552767, 21.9828191022818, -10.));
#1170 = B_SPLINE_CURVE_WITH_KNOTS ('', 1, (#1168, #1169), .UNSPECIFIED., .F., .U., (2, 2), (0.15, 1.), .UNSPECIFIED.);
#1171 = EDGE_CURVE ('', #1065, #1159, #1170, .T.);
#1172 = ORIENTED_EDGE ('', *, *, #1171, .F.);
#1173 = EDGE_LOOP ('', (#1150, #1157, #1167, #1172));
#1174 = FACE_OUTER_BOUND ('', #1173, .T.);
#1175 = CARTESIAN_POINT ('', (-26.6223672552768, 21.9828191022819, -1.49999999999997));
#1176 = CARTESIAN_POINT ('', (-26.6223672552768, 21.9828191022818, -9.99999999999993));
#1177 = CARTESIAN_POINT ('', (-29.5223586802234, 26.9828043177074, -1.5));
#1178 = CARTESIAN_POINT ('', (-29.5223586802234, 26.9828043177073, -9.99999999999995));
#1179 = CARTESIAN_POINT ('', (-26.6372676790759, 31.9914021588537, -1.50000000000002));
#1180 = CARTESIAN_POINT ('', (-26.6372676790759, 31.9914021588537, -9.99999999999998));
#1181 = CARTESIAN_POINT ('', (-23.7521766779285, 37., -1.50000000000005));
#1182 = CARTESIAN_POINT ('', (-23.7521766779285, 37., -10.));
#1183 = CARTESIAN_POINT ('', (-17.9720553626586, 37., -1.50000000000004));
#1184 = CARTESIAN_POINT ('', (-17.9720553626586, 37., -10.));
#1185 = (
   BOUNDED_SURFACE ()
   B_SPLINE_SURFACE (2, 1, ((#1175, #1176), (#1177, #1178), (#1179, #1180), (#1181, #1182), (#1183, #1184)), .UNSPECIFIED., .F., .F., .U.)
   B_SPLINE_SURFACE_WITH_KNOTS ((3, 2, 3), (2, 2), (0., 1.04819006017324, 2.09638012034648), (0., 0.849999999999996), .UNSPECIFIED.)
   GEOMETRIC_REPRESENTATION_ITEM ()
   RATIONAL_B_SPLINE_SURFACE (((1., 1.), (0.865777169913067, 0.865777169913067), (1., 1.), (0.865777169913067, 0.865777169913067), (1., 1.)))
   REPRESENTATION_ITEM ('')
   SURFACE ()
);
#1186 = ADVANCED_FACE ('', (#1174), #1185, .T.);
#1187 = CARTESIAN_POINT ('', (-0.499999999989714, 36.5606649600291, -0.439335049892935));
#1188 = VERTEX_POINT ('', #1187);
#1189 = CARTESIAN_POINT ('', (-17.9720553626585, 36.5606601717799, -0.439339828220166));
#1190 = CARTESIAN_POINT ('', (-0.499999999989714, 36.5606601717799, -0.439339828220186));
#1191 = B_SPLINE_CURVE_WITH_KNOTS ('', 1, (#1189, #1190), .UNSPECIFIED., .F., .U., (2, 2), (-1.74742320159401, -0.00021766532713655), .UNSPECIFIED.);
#1192 = EDGE_CURVE ('', #1108, #1188, #1191, .T.);
#1193 = ORIENTED_EDGE ('', *, *, #1192, .T.);
#1194 = CARTESIAN_POINT ('', (-0.498914384372934, 36.9670754233707, -1.18758826633514));
#1195 = VERTEX_POINT ('', #1194);
#1196 = CARTESIAN_POINT ('', (-0.499999999989714, 36.5606649600291, -0.439335049892935));
#1197 = CARTESIAN_POINT ('', (-0.499999999996863, 36.5636072460007, -0.442283469065218));
#1198 = CARTESIAN_POINT ('', (-0.500000000000137, 36.5665495460416, -0.445253734384142));
#1199 = CARTESIAN_POINT ('', (-0.499999999971858, 36.6466227969477, -0.526677527985969));
#1200 = CARTESIAN_POINT ('', (-0.499999999320044, 36.7233327315052, -0.625038571686922));
#1201 = CARTESIAN_POINT ('', (-0.500000000566242, 36.8379162328414, -0.812910294248973));
#1202 = CARTESIAN_POINT ('', (-0.499999957962295, 36.8883635796962, -0.921589522551161));
#1203 = CARTESIAN_POINT ('', (-0.49999998629868, 36.9405434082432, -1.07825634415261));
#1204 = CARTESIAN_POINT ('', (-0.49999994967574, 36.9552555673166, -1.13260670198121));
#1205 = CARTESIAN_POINT ('', (-0.499999901110377, 36.9669660968262, -1.18759628400988));
#1206 = B_SPLINE_CURVE_WITH_KNOTS ('', 3, (#1196, #1197, #1198, #1199, #1200, #1201, #1202, #1203, #1204, #1205), .UNSPECIFIED., .F., .U., (4, 2, 2, 2, 4), (1.20424128865976, 1.21683378356566, 1.54684023360353, 1.8770053266149, 2.042223971206), .UNSPECIFIED.);
#1207 = EDGE_CURVE ('', #1188, #1195, #1206, .T.);
#1208 = ORIENTED_EDGE ('', *, *, #1207, .T.);
#1209 = CARTESIAN_POINT ('', (-0.499999999999062, 37.0000000000001, -1.5));
#1210 = VERTEX_POINT ('', #1209);
#1211 = CARTESIAN_POINT ('', (-0.498914384372935, 36.9670754233707, -1.18758826633514));
#1212 = CARTESIAN_POINT ('', (-0.49928317474852, 36.9726620841867, -1.21383555172443));
#1213 = CARTESIAN_POINT ('', (-0.499513612350529, 36.9775750131539, -1.24027020090459));
#1214 = CARTESIAN_POINT ('', (-0.499949244278591, 36.9894451067442, -1.31548486454761));
#1215 = CARTESIAN_POINT ('', (-0.499981000773536, 36.9948143636839, -1.36575149630773));
#1216 = CARTESIAN_POINT ('', (-0.500001876508533, 36.99920660746, -1.44368789636419));
#1217 = CARTESIAN_POINT ('', (-0.499999999999063, 37.0000000000001, -1.4718663026994));
#1218 = CARTESIAN_POINT ('', (-0.499999999999063, 37.0000000000001, -1.50000000000002));
#1219 = B_SPLINE_CURVE_WITH_KNOTS ('', 3, (#1211, #1212, #1213, #1214, #1215, #1216, #1217, #1218), .UNSPECIFIED., .F., .U., (4, 2, 2, 4), (2.70744767824562, 2.78610894461013, 2.93588806590852, 3.02028915781035), .UNSPECIFIED.);
#1220 = EDGE_CURVE ('', #1195, #1210, #1219, .T.);
#1221 = ORIENTED_EDGE ('', *, *, #1220, .T.);
#1222 = CARTESIAN_POINT ('', (-0.499999999999062, 37.0000000000001, -1.5));
#1223 = CARTESIAN_POINT ('', (-17.9720553626585, 37.0000000000001, -1.5));
#1224 = B_SPLINE_CURVE_WITH_KNOTS ('', 1, (#1222, #1223), .UNSPECIFIED., .F., .U., (2, 2), (-49.9423597533484, -32.470304390689), .UNSPECIFIED.);
#1225 = EDGE_CURVE ('', #1210, #1116, #1224, .T.);
#1226 = ORIENTED_EDGE ('', *, *, #1225, .T.);
#1227 = ORIENTED_EDGE ('', *, *, #1121, .F.);
#1228 = EDGE_LOOP ('', (#1193, #1208, #1221, #1226, #1227));
#1229 = FACE_OUTER_BOUND ('', #1228, .T.);
#1230 = CARTESIAN_POINT ('', (-17.9720553626585, 36.5606601717799, -0.439339828220166));
#1231 = CARTESIAN_POINT ('', (-17.9720553626585, 37.0000000000001, -0.878679656440359));
#1232 = CARTESIAN_POINT ('', (-17.9720553626585, 37.0000000000001, -1.50000000000003));
#1233 = CARTESIAN_POINT ('', (-0.498914384372933, 36.5606601717799, -0.439339828220186));
#1234 = CARTESIAN_POINT ('', (-0.498914384372934, 37.0000000000001, -0.878679656440379));
#1235 = CARTESIAN_POINT ('', (-0.498914384372934, 37.0000000000001, -1.50000000000005));
#1236 = (
   BOUNDED_SURFACE ()
   B_SPLINE_SURFACE (1, 2, ((#1230, #1231, #1232), (#1233, #1234, #1235)), .UNSPECIFIED., .F., .F., .U.)
   B_SPLINE_SURFACE_WITH_KNOTS ((2, 2), (3, 3), (-1.74742320159401, -0.000109103765458429), (0.471238898038469, 0.58904862254809), .UNSPECIFIED.)
   GEOMETRIC_REPRESENTATION_ITEM ()
   RATIONAL_B_SPLINE_SURFACE (((1., 0.853553390593269, 0.853553390593274), (1., 0.853553390593269, 0.853553390593274)))
   REPRESENTATION_ITEM ('')
   SURFACE ()
);
#1237 = ADVANCED_FACE ('', (#1229), #1236, .T.);
#1238 = CARTESIAN_POINT ('', (3.5527136788001E-15, 35.5000000000001, -0.499999999999897));
#1239 = VERTEX_POINT ('', #1238);
#1240 = CARTESIAN_POINT ('', (-0.499999999999901, 35.5000000000001, 6.21724893790088E-15));
#1241 = VERTEX_POINT ('', #1240);
#1242 = CARTESIAN_POINT ('', (3.5527136788001E-15, 35.5000000000001, -0.499999999999895));
#1243 = CARTESIAN_POINT ('', (-0.499999999999901, 35.5000000000001, -0.4999999999999));
#1244 = CARTESIAN_POINT ('', (-0.499999999999905, 35.5000000000001, 3.5527136788005E-15));
#1245 = (
   BOUNDED_CURVE ()
   B_SPLINE_CURVE (2, (#1242, #1243, #1244), .UNSPECIFIED., .F., .U.)
   B_SPLINE_CURVE_WITH_KNOTS ((3, 3), (0., 1.5707963267949), .UNSPECIFIED.)
   CURVE ()
   GEOMETRIC_REPRESENTATION_ITEM ()
   RATIONAL_B_SPLINE_CURVE ((1., 0.707106781186546, 1.))
   REPRESENTATION_ITEM ('')
);
#1246 = EDGE_CURVE ('', #1239, #1241, #1245, .T.);
#1247 = ORIENTED_EDGE ('', *, *, #1246, .F.);
#1248 = CARTESIAN_POINT ('', (8.41990111207752E-13, 36.5000000000002, -1.5));
#1249 = VERTEX_POINT ('', #1248);
#1250 = CARTESIAN_POINT ('', (3.5527136788001E-15, 36.5000000000002, -1.5));
#1251 = CARTESIAN_POINT ('', (-6.05845175209737E-28, 36.5014469384044, -1.34379546870727));
#1252 = CARTESIAN_POINT ('', (7.1054273576005E-15, 36.4400242702659, -1.08072098515735));
#1253 = CARTESIAN_POINT ('', (7.1054273576005E-15, 36.2162584940642, -0.783741505935899));
#1254 = CARTESIAN_POINT ('', (3.5527136788E-15, 35.9192790148427, -0.559975729734264));
#1255 = CARTESIAN_POINT ('', (1.06581410364011E-14, 35.6562045312928, -0.498553061595709));
#1256 = CARTESIAN_POINT ('', (3.5527136788001E-15, 35.5000000000001, -0.499999999999897));
#1257 = B_SPLINE_CURVE_WITH_KNOTS ('', 3, (#1250, #1251, #1252, #1253, #1254, #1255, #1256), .UNSPECIFIED., .F., .U., (4, 1, 1, 1, 4), (0., 0.333333333333333, 0.5, 0.666666666666667, 1.), .UNSPECIFIED.);
#1258 = EDGE_CURVE ('', #1249, #1239, #1257, .T.);
#1259 = ORIENTED_EDGE ('', *, *, #1258, .F.);
#1260 = CARTESIAN_POINT ('', (-0.499999999999066, 37.0000000000001, -1.5));
#1261 = CARTESIAN_POINT ('', (-0.499999999999039, 36.5000000000002, -1.49999999999999));
#1262 = CARTESIAN_POINT ('', (8.80219316603328E-13, 36.5000000000002, -1.49999999999999));
#1263 = (
   BOUNDED_CURVE ()
   B_SPLINE_CURVE (2, (#1260, #1261, #1262), .UNSPECIFIED., .F., .U.)
   B_SPLINE_CURVE_WITH_KNOTS ((3, 3), (0., 1.5707963267949), .UNSPECIFIED.)
   CURVE ()
   GEOMETRIC_REPRESENTATION_ITEM ()
   RATIONAL_B_SPLINE_CURVE ((1., 0.707106781186563, 1.))
   REPRESENTATION_ITEM ('')
);
#1264 = EDGE_CURVE ('', #1210, #1249, #1263, .T.);
#1265 = ORIENTED_EDGE ('', *, *, #1264, .F.);
#1266 = ORIENTED_EDGE ('', *, *, #1220, .F.);
#1267 = ORIENTED_EDGE ('', *, *, #1207, .F.);
#1268 = CARTESIAN_POINT ('', (-0.499999999999906, 35.5000000000001, 5.32907051820075E-15));
#1269 = CARTESIAN_POINT ('', (-0.499999999999903, 35.6753643826663, 5.32907051820075E-15));
#1270 = CARTESIAN_POINT ('', (-0.499999975687879, 35.8454967416018, -0.0298351560962615));
#1271 = CARTESIAN_POINT ('', (-0.499999971576094, 36.1186111453217, -0.128663467839749));
#1272 = CARTESIAN_POINT ('', (-0.500000002070159, 36.2150213181496, -0.176373108408157));
#1273 = CARTESIAN_POINT ('', (-0.499999996904405, 36.4051055834743, -0.298709915518832));
#1274 = CARTESIAN_POINT ('', (-0.499999999800731, 36.4828803551604, -0.361388302866485));
#1275 = CARTESIAN_POINT ('', (-0.499999999989714, 36.5606649600291, -0.439335049892935));
#1276 = B_SPLINE_CURVE_WITH_KNOTS ('', 3, (#1268, #1269, #1270, #1271, #1272, #1273, #1274, #1275), .UNSPECIFIED., .F., .U., (4, 2, 2, 4), (0., 0.526093147998458, 0.871336108796145, 1.20424128865976), .UNSPECIFIED.);
#1277 = EDGE_CURVE ('', #1241, #1188, #1276, .T.);
#1278 = ORIENTED_EDGE ('', *, *, #1277, .F.);
#1279 = EDGE_LOOP ('', (#1247, #1259, #1265, #1266, #1267, #1278));
#1280 = FACE_OUTER_BOUND ('', #1279, .T.);
#1281 = CARTESIAN_POINT ('', (3.5527136788001E-15, 36.5000000000002, -1.5));
#1282 = CARTESIAN_POINT ('', (-6.05845175209737E-28, 36.5014469384044, -1.34379546870727));
#1283 = CARTESIAN_POINT ('', (7.1054273576005E-15, 36.4400242702659, -1.08072098515735));
#1284 = CARTESIAN_POINT ('', (7.1054273576005E-15, 36.2162584940642, -0.783741505935899));
#1285 = CARTESIAN_POINT ('', (3.55271367879969E-15, 35.9192790148427, -0.559975729734264));
#1286 = CARTESIAN_POINT ('', (1.06581410364011E-14, 35.6562045312928, -0.498553061595709));
#1287 = CARTESIAN_POINT ('', (3.5527136788001E-15, 35.5000000000001, -0.499999999999897));
#1288 = CARTESIAN_POINT ('', (-0.499999999999905, 36.5000000000002, -1.49999999999999));
#1289 = CARTESIAN_POINT ('', (-0.499999999999901, 36.5014469384044, -1.34379546870728));
#1290 = CARTESIAN_POINT ('', (-0.499999999999904, 36.4400242702659, -1.08072098515735));
#1291 = CARTESIAN_POINT ('', (-0.499999999999908, 36.2162584940642, -0.783741505935898));
#1292 = CARTESIAN_POINT ('', (-0.499999999999904, 35.9192790148427, -0.559975729734263));
#1293 = CARTESIAN_POINT ('', (-0.499999999999905, 35.6562045312928, -0.498553061595709));
#1294 = CARTESIAN_POINT ('', (-0.499999999999905, 35.5000000000001, -0.499999999999897));
#1295 = CARTESIAN_POINT ('', (-0.499999999999905, 37.0000000000001, -1.5));
#1296 = CARTESIAN_POINT ('', (-0.499999999999905, 37.0021704076063, -1.26569320306093));
#1297 = CARTESIAN_POINT ('', (-0.499999999999908, 36.9100364053986, -0.871081477736085));
#1298 = CARTESIAN_POINT ('', (-0.499999999999897, 36.5743877410961, -0.425612258903961));
#1299 = CARTESIAN_POINT ('', (-0.499999999999908, 36.128918522264, -0.0899635946015289));
#1300 = CARTESIAN_POINT ('', (-0.499999999999901, 35.7343067969392, 0.00217040760626652));
#1301 = CARTESIAN_POINT ('', (-0.499999999999905, 35.5000000000001, 3.5527136788005E-15));
#1302 = CARTESIAN_POINT ('', (-0.499999999999905, 37.0002049618903, -1.5));
#1303 = CARTESIAN_POINT ('', (-0.499999999999905, 37.0023756660638, -1.26566118708494));
#1304 = CARTESIAN_POINT ('', (-0.499999999999908, 36.9102290745499, -0.870995541516666));
#1305 = CARTESIAN_POINT ('', (-0.499999999999897, 36.574534546791, -0.425465453209119));
#1306 = CARTESIAN_POINT ('', (-0.499999999999908, 36.1290044584834, -0.0897709254502262));
#1307 = CARTESIAN_POINT ('', (-0.499999999999901, 35.7343388129152, 0.00237566606373438));
#1308 = CARTESIAN_POINT ('', (-0.499999999999905, 35.5000000000001, 0.000204961890241028));
#1309 = CARTESIAN_POINT ('', (-0.499999831962427, 37.0004099237117, -1.5));
#1310 = CARTESIAN_POINT ('', (-0.499999831962427, 37.0025809244523, -1.2656291711197));
#1311 = CARTESIAN_POINT ('', (-0.49999983196243, 36.9104217436364, -0.870909605326128));
#1312 = CARTESIAN_POINT ('', (-0.49999983196242, 36.5746813524365, -0.425318647563615));
#1313 = CARTESIAN_POINT ('', (-0.499999831962431, 36.1290903946739, -0.0895782563636747));
#1314 = CARTESIAN_POINT ('', (-0.499999831962423, 35.7343708288804, 0.00258092445222001));
#1315 = CARTESIAN_POINT ('', (-0.499999831962427, 35.5000000000001, 0.000409923711595944));
#1316 = (
   BOUNDED_SURFACE ()
   B_SPLINE_SURFACE (2, 3, ((#1281, #1282, #1283, #1284, #1285, #1286, #1287), (#1288, #1289, #1290, #1291, #1292, #1293, #1294), (#1295, #1296, #1297, #1298, #1299, #1300, #1301), (#1302, #1303, #1304, #1305, #1306, #1307, #1308), (#1309, #1310, #1311, #1312, #1313, #1314, #1315)), .UNSPECIFIED., .F., .F., .U.)
   B_SPLINE_SURFACE_WITH_KNOTS ((3, 2, 3), (4, 1, 1, 1, 4), (0., 0.25, 0.250144905338126), (0., 0.333333333333333, 0.5, 0.666666666666667, 1.), .UNSPECIFIED.)
   GEOMETRIC_REPRESENTATION_ITEM ()
   RATIONAL_B_SPLINE_SURFACE (((1., 1., 1., 1., 1., 1., 1.), (0.707106781186548, 0.707106781186547, 0.707106781186547, 0.707106781186548, 0.707106781186547, 0.707106781186548, 0.707106781186548), (1., 1., 1., 1., 1., 1., 1.), (0.999830232836372, 0.999830232836372, 0.999830232836371, 0.999830232836372, 0.999830232836371, 0.999830232836372, 0.999830232836372), (0.999660662474089, 0.999660662474089, 0.999660662474089, 0.999660662474089, 0.999660662474089, 0.999660662474089, 0.999660662474089)))
   REPRESENTATION_ITEM ('')
   SURFACE ()
);
#1317 = ADVANCED_FACE ('', (#1280), #1316, .T.);
#1318 = ORIENTED_EDGE ('', *, *, #1258, .T.);
#1319 = CARTESIAN_POINT ('', (0.499999999999915, 35.5000000000001, 6.21724893790088E-15));
#1320 = VERTEX_POINT ('', #1319);
#1321 = CARTESIAN_POINT ('', (0.499999999999911, 35.5000000000001, 1.06581410364015E-14));
#1322 = CARTESIAN_POINT ('', (0.499999999999909, 35.5000000000001, -0.499999999999899));
#1323 = CARTESIAN_POINT ('', (-1.58335248635628E-16, 35.5000000000001, -0.499999999999897));
#1324 = (
   BOUNDED_CURVE ()
   B_SPLINE_CURVE (2, (#1321, #1322, #1323), .UNSPECIFIED., .F., .U.)
   B_SPLINE_CURVE_WITH_KNOTS ((3, 3), (0., 1.5707963267949), .UNSPECIFIED.)
   CURVE ()
   GEOMETRIC_REPRESENTATION_ITEM ()
   RATIONAL_B_SPLINE_CURVE ((1., 0.707106781186545, 1.))
   REPRESENTATION_ITEM ('')
);
#1325 = EDGE_CURVE ('', #1320, #1239, #1324, .T.);
#1326 = ORIENTED_EDGE ('', *, *, #1325, .F.);
#1327 = CARTESIAN_POINT ('', (0.498924197619922, 36.9671070419427, -1.18758193348304));
#1328 = VERTEX_POINT ('', #1327);
#1329 = CARTESIAN_POINT ('', (0.49999999999991, 35.5000000000001, 7.99360577730113E-15));
#1330 = CARTESIAN_POINT ('', (0.499999999999913, 35.6753643826663, 7.99360577730113E-15));
#1331 = CARTESIAN_POINT ('', (0.499999975687885, 35.8454967416018, -0.0298351560962598));
#1332 = CARTESIAN_POINT ('', (0.499999971576099, 36.1186111453217, -0.128663467839743));
#1333 = CARTESIAN_POINT ('', (0.500000002070169, 36.2150213181496, -0.176373108408152));
#1334 = CARTESIAN_POINT ('', (0.499999996808496, 36.4086352475687, -0.300981580849707));
#1335 = CARTESIAN_POINT ('', (0.500000000027628, 36.4887419509262, -0.366133809894452));
#1336 = CARTESIAN_POINT ('', (0.499999999971869, 36.6466227969477, -0.526677527985952));
#1337 = CARTESIAN_POINT ('', (0.499999999320057, 36.7233327315052, -0.625038571686904));
#1338 = CARTESIAN_POINT ('', (0.500000000566249, 36.8379162328414, -0.812910294248951));
#1339 = CARTESIAN_POINT ('', (0.499999957962304, 36.8883635796962, -0.921589522551136));
#1340 = CARTESIAN_POINT ('', (0.499999986298688, 36.9405434082432, -1.07825634415258));
#1341 = CARTESIAN_POINT ('', (0.499999949675746, 36.9552555673166, -1.13260670198118));
#1342 = CARTESIAN_POINT ('', (0.499999901110383, 36.9669660968262, -1.18759628400985));
#1343 = B_SPLINE_CURVE_WITH_KNOTS ('', 3, (#1329, #1330, #1331, #1332, #1333, #1334, #1335, #1336, #1337, #1338, #1339, #1340, #1341, #1342), .UNSPECIFIED., .F., .U., (4, 2, 2, 2, 2, 2, 4), (0., 0.526093147998451, 0.871336108796122, 1.21683378356564, 1.5468402336035, 1.87700532661487, 2.04222397120596), .UNSPECIFIED.);
#1344 = EDGE_CURVE ('', #1320, #1328, #1343, .T.);
#1345 = ORIENTED_EDGE ('', *, *, #1344, .T.);
#1346 = CARTESIAN_POINT ('', (0.500000000000755, 37.0000000000001, -1.50000000000002));
#1347 = CARTESIAN_POINT ('', (0.500000000000755, 37.0000000000001, -1.39456019993381));
#1348 = CARTESIAN_POINT ('', (0.500425394323023, 36.9890420376362, -1.29049021069683));
#1349 = CARTESIAN_POINT ('', (0.498924197619922, 36.9671070419427, -1.18758193348304));
#1350 = B_SPLINE_CURVE_WITH_KNOTS ('', 3, (#1346, #1347, #1348, #1349), .UNSPECIFIED., .F., .U., (4, 4), (0., 0.316319400198611), .UNSPECIFIED.);
#1351 = EDGE_CURVE ('', #818, #1328, #1350, .T.);
#1352 = ORIENTED_EDGE ('', *, *, #1351, .F.);
#1353 = CARTESIAN_POINT ('', (8.41990111207752E-13, 36.5000000000002, -1.5));
#1354 = CARTESIAN_POINT ('', (0.50000000000075, 36.5000000000002, -1.49999999999999));
#1355 = CARTESIAN_POINT ('', (0.500000000000751, 37.0000000000001, -1.5));
#1356 = (
   BOUNDED_CURVE ()
   B_SPLINE_CURVE (2, (#1353, #1354, #1355), .UNSPECIFIED., .F., .U.)
   B_SPLINE_CURVE_WITH_KNOTS ((3, 3), (0., 1.5707963267949), .UNSPECIFIED.)
   CURVE ()
   GEOMETRIC_REPRESENTATION_ITEM ()
   RATIONAL_B_SPLINE_CURVE ((1., 0.707106781186554, 1.))
   REPRESENTATION_ITEM ('')
);
#1357 = EDGE_CURVE ('', #1249, #818, #1356, .T.);
#1358 = ORIENTED_EDGE ('', *, *, #1357, .F.);
#1359 = EDGE_LOOP ('', (#1318, #1326, #1345, #1352, #1358));
#1360 = FACE_OUTER_BOUND ('', #1359, .T.);
#1361 = CARTESIAN_POINT ('', (0.499999831962434, 37.0004099237117, -1.5));
#1362 = CARTESIAN_POINT ('', (0.49999983196243, 37.0025809244523, -1.26562917111969));
#1363 = CARTESIAN_POINT ('', (0.499999831962434, 36.9104217436364, -0.870909605326118));
#1364 = CARTESIAN_POINT ('', (0.499999831962437, 36.5746813524365, -0.425318647563604));
#1365 = CARTESIAN_POINT ('', (0.499999831962434, 36.1290903946739, -0.0895782563636528));
#1366 = CARTESIAN_POINT ('', (0.499999831962437, 35.7343708288804, 0.00258092445223735));
#1367 = CARTESIAN_POINT ('', (0.499999831962434, 35.5000000000001, 0.00040992371161593));
#1368 = CARTESIAN_POINT ('', (0.499999999999912, 37.0002049618903, -1.5));
#1369 = CARTESIAN_POINT ('', (0.499999999999908, 37.0023756660638, -1.26566118708493));
#1370 = CARTESIAN_POINT ('', (0.499999999999912, 36.9102290745499, -0.870995541516658));
#1371 = CARTESIAN_POINT ('', (0.499999999999915, 36.574534546791, -0.425465453209113));
#1372 = CARTESIAN_POINT ('', (0.499999999999912, 36.1290044584834, -0.0897709254502103));
#1373 = CARTESIAN_POINT ('', (0.499999999999915, 35.7343388129152, 0.00237566606374527));
#1374 = CARTESIAN_POINT ('', (0.499999999999912, 35.5000000000001, 0.000204961890254573));
#1375 = CARTESIAN_POINT ('', (0.499999999999912, 37.0000000000001, -1.5));
#1376 = CARTESIAN_POINT ('', (0.499999999999908, 37.0021704076063, -1.26569320306093));
#1377 = CARTESIAN_POINT ('', (0.499999999999912, 36.9100364053986, -0.87108147773608));
#1378 = CARTESIAN_POINT ('', (0.499999999999915, 36.5743877410961, -0.42561225890396));
#1379 = CARTESIAN_POINT ('', (0.499999999999912, 36.128918522264, -0.0899635946015191));
#1380 = CARTESIAN_POINT ('', (0.499999999999915, 35.7343067969392, 0.00217040760627096));
#1381 = CARTESIAN_POINT ('', (0.499999999999912, 35.5000000000001, 1.06581410364015E-14));
#1382 = CARTESIAN_POINT ('', (0.499999999999912, 36.5000000000002, -1.49999999999999));
#1383 = CARTESIAN_POINT ('', (0.499999999999912, 36.5014469384044, -1.34379546870728));
#1384 = CARTESIAN_POINT ('', (0.499999999999912, 36.4400242702659, -1.08072098515735));
#1385 = CARTESIAN_POINT ('', (0.499999999999912, 36.2162584940642, -0.783741505935898));
#1386 = CARTESIAN_POINT ('', (0.499999999999912, 35.9192790148427, -0.559975729734264));
#1387 = CARTESIAN_POINT ('', (0.499999999999915, 35.6562045312928, -0.498553061595708));
#1388 = CARTESIAN_POINT ('', (0.499999999999912, 35.5000000000001, -0.499999999999897));
#1389 = CARTESIAN_POINT ('', (3.5527136788001E-15, 36.5000000000002, -1.5));
#1390 = CARTESIAN_POINT ('', (-6.05845175209737E-28, 36.5014469384044, -1.34379546870727));
#1391 = CARTESIAN_POINT ('', (7.1054273576005E-15, 36.4400242702659, -1.08072098515735));
#1392 = CARTESIAN_POINT ('', (7.1054273576005E-15, 36.2162584940642, -0.783741505935899));
#1393 = CARTESIAN_POINT ('', (3.55271367879969E-15, 35.9192790148427, -0.559975729734264));
#1394 = CARTESIAN_POINT ('', (1.06581410364011E-14, 35.6562045312928, -0.498553061595709));
#1395 = CARTESIAN_POINT ('', (3.5527136788001E-15, 35.5000000000001, -0.499999999999897));
#1396 = (
   BOUNDED_SURFACE ()
   B_SPLINE_SURFACE (2, 3, ((#1361, #1362, #1363, #1364, #1365, #1366, #1367), (#1368, #1369, #1370, #1371, #1372, #1373, #1374), (#1375, #1376, #1377, #1378, #1379, #1380, #1381), (#1382, #1383, #1384, #1385, #1386, #1387, #1388), (#1389, #1390, #1391, #1392, #1393, #1394, #1395)), .UNSPECIFIED., .F., .F., .U.)
   B_SPLINE_SURFACE_WITH_KNOTS ((3, 2, 3), (4, 1, 1, 1, 4), (0.749855094661869, 0.75, 1.), (0., 0.333333333333333, 0.5, 0.666666666666667, 1.), .UNSPECIFIED.)
   GEOMETRIC_REPRESENTATION_ITEM ()
   RATIONAL_B_SPLINE_SURFACE (((0.999660662474078, 0.999660662474078, 0.999660662474078, 0.999660662474078, 0.999660662474078, 0.999660662474079, 0.999660662474078), (0.999830232836366, 0.999830232836366, 0.999830232836366, 0.999830232836366, 0.999830232836366, 0.999830232836367, 0.999830232836366), (1., 1., 1., 1., 1., 1., 1.), (0.707106781186548, 0.707106781186547, 0.707106781186547, 0.707106781186548, 0.707106781186547, 0.707106781186548, 0.707106781186548), (1., 1., 1., 1., 1., 1., 1.)))
   REPRESENTATION_ITEM ('')
   SURFACE ()
);
#1397 = ADVANCED_FACE ('', (#1360), #1396, .T.);
#1398 = ORIENTED_EDGE ('', *, *, #1246, .T.);
#1399 = CARTESIAN_POINT ('', (-0.499999999999908, 35.5000000000001, 6.21724893790088E-15));
#1400 = CARTESIAN_POINT ('', (0.499999999999908, 35.5000000000001, 6.21724893790088E-15));
#1401 = B_SPLINE_CURVE_WITH_KNOTS ('', 1, (#1399, #1400), .UNSPECIFIED., .F., .U., (2, 2), (49.9423597533476, 50.9423597533474), .UNSPECIFIED.);
#1402 = EDGE_CURVE ('', #1241, #1320, #1401, .T.);
#1403 = ORIENTED_EDGE ('', *, *, #1402, .T.);
#1404 = ORIENTED_EDGE ('', *, *, #1325, .T.);
#1405 = EDGE_LOOP ('', (#1398, #1403, #1404));
#1406 = FACE_OUTER_BOUND ('', #1405, .T.);
#1407 = CARTESIAN_POINT ('', (-0.499999999999904, 35.5000000000001, -0.499999999999898));
#1408 = CARTESIAN_POINT ('', (0.499999999999912, 35.5000000000001, -0.499999999999898));
#1409 = CARTESIAN_POINT ('', (-0.499999999999904, 35.5000000000001, 1.02140518265514E-14));
#1410 = CARTESIAN_POINT ('', (0.499999999999912, 35.5000000000001, 1.02140518265514E-14));
#1411 = B_SPLINE_SURFACE_WITH_KNOTS ('', 1, 1, ((#1407, #1408), (#1409, #1410)), .UNSPECIFIED., .F., .F., .U., (2, 2), (2, 2), (0.32560064406981, 0.493959401495178), (0.352672319153773, 0.68938983400451), .UNSPECIFIED.);
#1412 = ADVANCED_FACE ('', (#1406), #1411, .T.);
#1413 = ORIENTED_EDGE ('', *, *, #1019, .F.);
#1414 = CARTESIAN_POINT ('', (-8.65031189261789, -9.00348324713172, -10.));
#1415 = VERTEX_POINT ('', #1414);
#1416 = CARTESIAN_POINT ('', (-8.65031189261789, -9.00348324713172, -1.5));
#1417 = CARTESIAN_POINT ('', (-8.65031189261789, -9.00348324713172, -10.));
#1418 = B_SPLINE_CURVE_WITH_KNOTS ('', 1, (#1416, #1417), .UNSPECIFIED., .F., .U., (2, 2), (0.15, 1.), .UNSPECIFIED.);
#1419 = EDGE_CURVE ('', #1006, #1415, #1418, .T.);
#1420 = ORIENTED_EDGE ('', *, *, #1419, .T.);
#1421 = CARTESIAN_POINT ('', (8.65031189261832, -9.00348324713197, -10.));
#1422 = VERTEX_POINT ('', #1421);
#1423 = CARTESIAN_POINT ('', (8.65031189261832, -9.00348324713197, -10.));
#1424 = CARTESIAN_POINT ('', (5.76027681329497, -13.9863023494136, -10.));
#1425 = CARTESIAN_POINT ('', (1.35114142096881E-13, -13.9863023494135, -10.));
#1426 = CARTESIAN_POINT ('', (-5.7602768132947, -13.9863023494134, -10.));
#1427 = CARTESIAN_POINT ('', (-8.6503118926179, -9.00348324713173, -10.));
#1428 = (
   BOUNDED_CURVE ()
   B_SPLINE_CURVE (2, (#1423, #1424, #1425, #1426, #1427), .UNSPECIFIED., .F., .U.)
   B_SPLINE_CURVE_WITH_KNOTS ((3, 2, 3), (0., 1.0452125332433, 2.0904250664866), .UNSPECIFIED.)
   CURVE ()
   GEOMETRIC_REPRESENTATION_ITEM ()
   RATIONAL_B_SPLINE_CURVE ((1., 0.866521231641735, 1., 0.866521231641739, 1.))
   REPRESENTATION_ITEM ('')
);
#1429 = EDGE_CURVE ('', #1422, #1415, #1428, .T.);
#1430 = ORIENTED_EDGE ('', *, *, #1429, .F.);
#1431 = CARTESIAN_POINT ('', (8.65031189261832, -9.00348324713197, -1.49999999999997));
#1432 = CARTESIAN_POINT ('', (8.65031189261832, -9.00348324713197, -10.));
#1433 = B_SPLINE_CURVE_WITH_KNOTS ('', 1, (#1431, #1432), .UNSPECIFIED., .F., .U., (2, 2), (0.149999999999998, 1.), .UNSPECIFIED.);
#1434 = EDGE_CURVE ('', #972, #1422, #1433, .T.);
#1435 = ORIENTED_EDGE ('', *, *, #1434, .F.);
#1436 = EDGE_LOOP ('', (#1413, #1420, #1430, #1435));
#1437 = FACE_OUTER_BOUND ('', #1436, .T.);
#1438 = CARTESIAN_POINT ('', (8.65031189261835, -9.003483247132, -1.49999999999995));
#1439 = CARTESIAN_POINT ('', (8.65031189261837, -9.003483247132, -9.99999999999994));
#1440 = CARTESIAN_POINT ('', (5.76027681329501, -13.9863023494136, -1.49999999999996));
#1441 = CARTESIAN_POINT ('', (5.76027681329503, -13.9863023494136, -9.99999999999995));
#1442 = CARTESIAN_POINT ('', (2.05058192648266E-13, -13.9863023494135, -1.49999999999997));
#1443 = CARTESIAN_POINT ('', (2.25042207091519E-13, -13.9863023494135, -9.99999999999996));
#1444 = CARTESIAN_POINT ('', (-5.76027681329461, -13.9863023494134, -1.49999999999998));
#1445 = CARTESIAN_POINT ('', (-5.76027681329458, -13.9863023494134, -9.99999999999998));
#1446 = CARTESIAN_POINT ('', (-8.65031189261781, -9.00348324713178, -1.49999999999999));
#1447 = CARTESIAN_POINT ('', (-8.65031189261779, -9.00348324713178, -9.99999999999998));
#1448 = (
   BOUNDED_SURFACE ()
   B_SPLINE_SURFACE (2, 1, ((#1438, #1439), (#1440, #1441), (#1442, #1443), (#1444, #1445), (#1446, #1447)), .UNSPECIFIED., .F., .F., .U.)
   B_SPLINE_SURFACE_WITH_KNOTS ((3, 2, 3), (2, 2), (0., 1.0452125332433, 2.09042506648659), (0., 0.849999999999999), .UNSPECIFIED.)
   GEOMETRIC_REPRESENTATION_ITEM ()
   RATIONAL_B_SPLINE_SURFACE (((1., 1.), (0.86652123164174, 0.86652123164174), (1., 1.), (0.86652123164174, 0.86652123164174), (1., 1.)))
   REPRESENTATION_ITEM ('')
   SURFACE ()
);
#1449 = ADVANCED_FACE ('', (#1437), #1448, .T.);
#1450 = ORIENTED_EDGE ('', *, *, #1036, .F.);
#1451 = CARTESIAN_POINT ('', (25.3248204713856, 22.7353962369394, 6.21724893790088E-15));
#1452 = CARTESIAN_POINT ('', (7.35276510872562, -8.25090611247419, 6.21724893790088E-15));
#1453 = B_SPLINE_CURVE_WITH_KNOTS ('', 1, (#1451, #1452), .UNSPECIFIED., .F., .U., (2, 2), (-46.0538971856581, -10.2328739276915), .UNSPECIFIED.);
#1454 = EDGE_CURVE ('', #923, #1023, #1453, .T.);
#1455 = ORIENTED_EDGE ('', *, *, #1454, .F.);
#1456 = ORIENTED_EDGE ('', *, *, #928, .F.);
#1457 = CARTESIAN_POINT ('', (17.9720553626602, 35.5000000000001, 6.21724893790088E-15));
#1458 = VERTEX_POINT ('', #1457);
#1459 = CARTESIAN_POINT ('', (17.9720553626602, 35.5000000000002, 6.21724893790088E-15));
#1460 = CARTESIAN_POINT ('', (26.4720553626601, 35.5000000000003, 5.32907051820075E-15));
#1461 = CARTESIAN_POINT ('', (26.4720553626601, 27.0000000000004, 5.32907051820075E-15));
#1462 = (
   BOUNDED_CURVE ()
   B_SPLINE_CURVE (2, (#1459, #1460, #1461), .UNSPECIFIED., .F., .U.)
   B_SPLINE_CURVE_WITH_KNOTS ((3, 3), (0., 1.5707963267949), .UNSPECIFIED.)
   CURVE ()
   GEOMETRIC_REPRESENTATION_ITEM ()
   RATIONAL_B_SPLINE_CURVE ((1., 0.707106781186545, 1.))
   REPRESENTATION_ITEM ('')
);
#1463 = EDGE_CURVE ('', #1458, #915, #1462, .T.);
#1464 = ORIENTED_EDGE ('', *, *, #1463, .F.);
#1465 = CARTESIAN_POINT ('', (0.499999999999908, 35.5000000000001, 6.21724893790088E-15));
#1466 = CARTESIAN_POINT ('', (17.9720553626602, 35.5000000000001, 6.21724893790088E-15));
#1467 = B_SPLINE_CURVE_WITH_KNOTS ('', 1, (#1465, #1466), .UNSPECIFIED., .F., .U., (2, 2), (50.9423597533474, 68.4144151160076), .UNSPECIFIED.);
#1468 = EDGE_CURVE ('', #1320, #1458, #1467, .T.);
#1469 = ORIENTED_EDGE ('', *, *, #1468, .F.);
#1470 = ORIENTED_EDGE ('', *, *, #1402, .F.);
#1471 = CARTESIAN_POINT ('', (-17.9720553626585, 35.5000000000001, 6.21724893790088E-15));
#1472 = CARTESIAN_POINT ('', (-0.499999999999915, 35.5000000000001, 6.21724893790088E-15));
#1473 = B_SPLINE_CURVE_WITH_KNOTS ('', 1, (#1471, #1472), .UNSPECIFIED., .F., .U., (2, 2), (32.470304390689, 49.9423597533476), .UNSPECIFIED.);
#1474 = EDGE_CURVE ('', #1098, #1241, #1473, .T.);
#1475 = ORIENTED_EDGE ('', *, *, #1474, .F.);
#1476 = ORIENTED_EDGE ('', *, *, #1105, .F.);
#1477 = CARTESIAN_POINT ('', (-7.35276510872515, -8.25090611247401, 6.21724893790088E-15));
#1478 = CARTESIAN_POINT ('', (-25.3248204713839, 22.7353962369395, 6.21724893790088E-15));
#1479 = B_SPLINE_CURVE_WITH_KNOTS ('', 1, (#1477, #1478), .UNSPECIFIED., .F., .U., (2, 2), (43.4009425285092, 79.2219657864753), .UNSPECIFIED.);
#1480 = EDGE_CURVE ('', #996, #1090, #1479, .T.);
#1481 = ORIENTED_EDGE ('', *, *, #1480, .F.);
#1482 = EDGE_LOOP ('', (#1450, #1455, #1456, #1464, #1469, #1470, #1475, #1476, #1481));
#1483 = FACE_OUTER_BOUND ('', #1482, .T.);
#1484 = CARTESIAN_POINT ('', (11.8870105237965, 12.5051542693152, 6.21724893790088E-15));
#1485 = VERTEX_POINT ('', #1484);
#1486 = CARTESIAN_POINT ('', (2.59509356778543, 28.5257007451975, 6.21724893790088E-15));
#1487 = VERTEX_POINT ('', #1486);
#1488 = CARTESIAN_POINT ('', (11.8870105237965, 12.5051542693152, 6.21724893790088E-15));
#1489 = CARTESIAN_POINT ('', (2.59509356778543, 28.5257007451975, 6.21724893790088E-15));
#1490 = B_SPLINE_CURVE_WITH_KNOTS ('', 1, (#1488, #1489), .UNSPECIFIED., .F., .U., (2, 2), (1., 19.5201951961449), .UNSPECIFIED.);
#1491 = EDGE_CURVE ('', #1485, #1487, #1490, .T.);
#1492 = ORIENTED_EDGE ('', *, *, #1491, .F.);
#1493 = CARTESIAN_POINT ('', (9.29191695601154, 7.99999999999968, 6.21724893790088E-15));
#1494 = VERTEX_POINT ('', #1493);
#1495 = CARTESIAN_POINT ('', (9.29191695601154, 7.99999999999968, 6.21724893790088E-15));
#1496 = CARTESIAN_POINT ('', (11.0259533505926, 7.99999999999957, 6.21724893790088E-15));
#1497 = CARTESIAN_POINT ('', (11.8914806509367, 9.50257935234362, 6.21724893790088E-15));
#1498 = CARTESIAN_POINT ('', (12.7570079512809, 11.0051587046877, 6.21724893790088E-15));
#1499 = CARTESIAN_POINT ('', (11.8870105237965, 12.5051542693152, 6.21724893790088E-15));
#1500 = (
   BOUNDED_CURVE ()
   B_SPLINE_CURVE (2, (#1495, #1496, #1497, #1498, #1499), .UNSPECIFIED., .F., .U.)
   B_SPLINE_CURVE_WITH_KNOTS ((3, 2, 3), (0., 1.04819006017339, 2.09638012034679), .UNSPECIFIED.)
   CURVE ()
   GEOMETRIC_REPRESENTATION_ITEM ()
   RATIONAL_B_SPLINE_CURVE ((1., 0.865777169913033, 1., 0.865777169913027, 1.))
   REPRESENTATION_ITEM ('')
);
#1501 = EDGE_CURVE ('', #1494, #1485, #1500, .T.);
#1502 = ORIENTED_EDGE ('', *, *, #1501, .F.);
#1503 = CARTESIAN_POINT ('', (-9.29191695601154, 8.00000000000066, 6.21724893790088E-15));
#1504 = VERTEX_POINT ('', #1503);
#1505 = CARTESIAN_POINT ('', (-9.29191695601154, 8.00000000000066, 6.21724893790088E-15));
#1506 = CARTESIAN_POINT ('', (9.29191695601155, 7.99999999999967, 6.21724893790088E-15));
#1507 = B_SPLINE_CURVE_WITH_KNOTS ('', 1, (#1505, #1506), .UNSPECIFIED., .F., .U., (2, 2), (40.0403903922898, 58.6242243043129), .UNSPECIFIED.);
#1508 = EDGE_CURVE ('', #1504, #1494, #1507, .T.);
#1509 = ORIENTED_EDGE ('', *, *, #1508, .F.);
#1510 = CARTESIAN_POINT ('', (-11.8870105237972, 12.5051542693157, 6.21724893790088E-15));
#1511 = VERTEX_POINT ('', #1510);
#1512 = CARTESIAN_POINT ('', (-11.8870105237972, 12.5051542693157, 6.21724893790088E-15));
#1513 = CARTESIAN_POINT ('', (-12.7570079512814, 11.0051587046881, 6.21724893790088E-15));
#1514 = CARTESIAN_POINT ('', (-11.891480650937, 9.50257935234414, 6.21724893790088E-15));
#1515 = CARTESIAN_POINT ('', (-11.0259533505926, 8.00000000000023, 6.21724893790088E-15));
#1516 = CARTESIAN_POINT ('', (-9.29191695601155, 8.00000000000066, 6.21724893790088E-15));
#1517 = (
   BOUNDED_CURVE ()
   B_SPLINE_CURVE (2, (#1512, #1513, #1514, #1515, #1516), .UNSPECIFIED., .F., .U.)
   B_SPLINE_CURVE_WITH_KNOTS ((3, 2, 3), (0., 1.04819006017341, 2.09638012034682), .UNSPECIFIED.)
   CURVE ()
   GEOMETRIC_REPRESENTATION_ITEM ()
   RATIONAL_B_SPLINE_CURVE ((1., 0.865777169913021, 1., 0.865777169913025, 1.))
   REPRESENTATION_ITEM ('')
);
#1518 = EDGE_CURVE ('', #1511, #1504, #1517, .T.);
#1519 = ORIENTED_EDGE ('', *, *, #1518, .F.);
#1520 = CARTESIAN_POINT ('', (-2.59509356778539, 28.5257007451975, 6.21724893790088E-15));
#1521 = VERTEX_POINT ('', #1520);
#1522 = CARTESIAN_POINT ('', (-2.5950935677854, 28.5257007451975, 6.21724893790088E-15));
#1523 = CARTESIAN_POINT ('', (-11.8870105237972, 12.5051542693157, 6.21724893790088E-15));
#1524 = B_SPLINE_CURVE_WITH_KNOTS ('', 1, (#1522, #1523), .UNSPECIFIED., .F., .U., (2, 2), (20.5201951961449, 39.0403903922898), .UNSPECIFIED.);
#1525 = EDGE_CURVE ('', #1521, #1511, #1524, .T.);
#1526 = ORIENTED_EDGE ('', *, *, #1525, .F.);
#1527 = CARTESIAN_POINT ('', (2.59509356778543, 28.5257007451975, 6.21724893790088E-15));
#1528 = CARTESIAN_POINT ('', (1.72808304398843, 30.020546475882, 6.21724893790088E-15));
#1529 = CARTESIAN_POINT ('', (1.43773881688957E-14, 30.020546475882, 6.21724893790088E-15));
#1530 = CARTESIAN_POINT ('', (-1.72808304398841, 30.020546475882, 6.21724893790088E-15));
#1531 = CARTESIAN_POINT ('', (-2.59509356778539, 28.5257007451975, 6.21724893790088E-15));
#1532 = (
   BOUNDED_CURVE ()
   B_SPLINE_CURVE (2, (#1527, #1528, #1529, #1530, #1531), .UNSPECIFIED., .F., .U.)
   B_SPLINE_CURVE_WITH_KNOTS ((3, 2, 3), (0., 1.04521253324328, 2.09042506648657), .UNSPECIFIED.)
   CURVE ()
   GEOMETRIC_REPRESENTATION_ITEM ()
   RATIONAL_B_SPLINE_CURVE ((1., 0.866521231641748, 1., 0.866521231641743, 1.))
   REPRESENTATION_ITEM ('')
);
#1533 = EDGE_CURVE ('', #1487, #1521, #1532, .T.);
#1534 = ORIENTED_EDGE ('', *, *, #1533, .F.);
#1535 = EDGE_LOOP ('', (#1492, #1502, #1509, #1519, #1526, #1534));
#1536 = FACE_BOUND ('', #1535, .T.);
#1537 = CARTESIAN_POINT ('', (-27.7898131825886, -12.4863023494136, 6.21724893790088E-15));
#1538 = CARTESIAN_POINT ('', (-27.7898131825886, 35.5000000000002, 6.21724893790088E-15));
#1539 = CARTESIAN_POINT ('', (26.4720553626601, -12.4863023494136, 6.21724893790088E-15));
#1540 = CARTESIAN_POINT ('', (26.4720553626601, 35.5000000000002, 6.21724893790088E-15));
#1541 = B_SPLINE_SURFACE_WITH_KNOTS ('', 1, 1, ((#1537, #1538), (#1539, #1540)), .UNSPECIFIED., .F., .F., .U., (2, 2), (2, 2), (0.330369250756375, 0.661587073496419), (0.323052382626594, 0.615963758729767), .UNSPECIFIED.);
#1542 = ADVANCED_FACE ('', (#1483, #1536), #1541, .T.);
#1543 = CARTESIAN_POINT ('', (-2.59509356778539, 28.5257007451975, -2.99999999999999));
#1544 = VERTEX_POINT ('', #1543);
#1545 = CARTESIAN_POINT ('', (-11.8870105237972, 12.5051542693157, -2.99999999999999));
#1546 = VERTEX_POINT ('', #1545);
#1547 = CARTESIAN_POINT ('', (-2.5950935677854, 28.5257007451975, -2.99999999999999));
#1548 = CARTESIAN_POINT ('', (-11.8870105237972, 12.5051542693157, -2.99999999999999));
#1549 = B_SPLINE_CURVE_WITH_KNOTS ('', 1, (#1547, #1548), .UNSPECIFIED., .F., .U., (2, 2), (20.5201951961449, 39.0403903922898), .UNSPECIFIED.);
#1550 = EDGE_CURVE ('', #1544, #1546, #1549, .T.);
#1551 = ORIENTED_EDGE ('', *, *, #1550, .F.);
#1552 = CARTESIAN_POINT ('', (-2.59509356778539, 28.5257007451975, 6.21724893790088E-15));
#1553 = CARTESIAN_POINT ('', (-2.59509356778539, 28.5257007451975, -2.99999999999999));
#1554 = B_SPLINE_CURVE_WITH_KNOTS ('', 1, (#1552, #1553), .UNSPECIFIED., .F., .U., (2, 2), (0., 1.), .UNSPECIFIED.);
#1555 = EDGE_CURVE ('', #1521, #1544, #1554, .T.);
#1556 = ORIENTED_EDGE ('', *, *, #1555, .F.);
#1557 = ORIENTED_EDGE ('', *, *, #1525, .T.);
#1558 = CARTESIAN_POINT ('', (-11.8870105237972, 12.5051542693157, 6.21724893790088E-15));
#1559 = CARTESIAN_POINT ('', (-11.8870105237972, 12.5051542693157, -2.99999999999999));
#1560 = B_SPLINE_CURVE_WITH_KNOTS ('', 1, (#1558, #1559), .UNSPECIFIED., .F., .U., (2, 2), (0., 1.), .UNSPECIFIED.);
#1561 = EDGE_CURVE ('', #1511, #1546, #1560, .T.);
#1562 = ORIENTED_EDGE ('', *, *, #1561, .T.);
#1563 = EDGE_LOOP ('', (#1551, #1556, #1557, #1562));
#1564 = FACE_OUTER_BOUND ('', #1563, .T.);
#1565 = CARTESIAN_POINT ('', (-2.59509356778541, 28.5257007451975, 6.21724893790088E-15));
#1566 = CARTESIAN_POINT ('', (-2.59509356778541, 28.5257007451975, -3.));
#1567 = CARTESIAN_POINT ('', (-11.8870105237973, 12.5051542693157, 6.21724893790088E-15));
#1568 = CARTESIAN_POINT ('', (-11.8870105237973, 12.5051542693157, -3.));
#1569 = B_SPLINE_SURFACE_WITH_KNOTS ('', 1, 1, ((#1565, #1566), (#1567, #1568)), .UNSPECIFIED., .F., .F., .U., (2, 2), (2, 2), (2.05201951961449, 3.90403903922898), (0., 0.3), .UNSPECIFIED.);
#1570 = ADVANCED_FACE ('', (#1564), #1569, .T.);
#1571 = CARTESIAN_POINT ('', (-9.29191695601154, 8.00000000000066, -2.99999999999999));
#1572 = VERTEX_POINT ('', #1571);
#1573 = CARTESIAN_POINT ('', (-11.8870105237972, 12.5051542693157, -2.99999999999999));
#1574 = CARTESIAN_POINT ('', (-12.7570079512814, 11.0051587046881, -2.99999999999999));
#1575 = CARTESIAN_POINT ('', (-11.891480650937, 9.50257935234414, -2.99999999999999));
#1576 = CARTESIAN_POINT ('', (-11.0259533505926, 8.00000000000023, -2.99999999999999));
#1577 = CARTESIAN_POINT ('', (-9.29191695601155, 8.00000000000066, -2.99999999999999));
#1578 = (
   BOUNDED_CURVE ()
   B_SPLINE_CURVE (2, (#1573, #1574, #1575, #1576, #1577), .UNSPECIFIED., .F., .U.)
   B_SPLINE_CURVE_WITH_KNOTS ((3, 2, 3), (0., 1.04819006017341, 2.09638012034682), .UNSPECIFIED.)
   CURVE ()
   GEOMETRIC_REPRESENTATION_ITEM ()
   RATIONAL_B_SPLINE_CURVE ((1., 0.865777169913021, 1., 0.865777169913025, 1.))
   REPRESENTATION_ITEM ('')
);
#1579 = EDGE_CURVE ('', #1546, #1572, #1578, .T.);
#1580 = ORIENTED_EDGE ('', *, *, #1579, .F.);
#1581 = ORIENTED_EDGE ('', *, *, #1561, .F.);
#1582 = ORIENTED_EDGE ('', *, *, #1518, .T.);
#1583 = CARTESIAN_POINT ('', (-9.29191695601154, 8.00000000000066, 6.21724893790088E-15));
#1584 = CARTESIAN_POINT ('', (-9.29191695601154, 8.00000000000066, -2.99999999999999));
#1585 = B_SPLINE_CURVE_WITH_KNOTS ('', 1, (#1583, #1584), .UNSPECIFIED., .F., .U., (2, 2), (0., 1.), .UNSPECIFIED.);
#1586 = EDGE_CURVE ('', #1504, #1572, #1585, .T.);
#1587 = ORIENTED_EDGE ('', *, *, #1586, .T.);
#1588 = EDGE_LOOP ('', (#1580, #1581, #1582, #1587));
#1589 = FACE_OUTER_BOUND ('', #1588, .T.);
#1590 = CARTESIAN_POINT ('', (-11.8870105237972, 12.5051542693157, -1.77635683940025E-15));
#1591 = CARTESIAN_POINT ('', (-11.8870105237972, 12.5051542693157, -3.00000000000003));
#1592 = CARTESIAN_POINT ('', (-12.7570079512814, 11.0051587046881, 1.59872115546023E-14));
#1593 = CARTESIAN_POINT ('', (-12.7570079512814, 11.005158704688, -3.00000000000001));
#1594 = CARTESIAN_POINT ('', (-11.891480650937, 9.50257935234414, 3.19744231092045E-14));
#1595 = CARTESIAN_POINT ('', (-11.891480650937, 9.50257935234411, -3.));
#1596 = CARTESIAN_POINT ('', (-11.0259533505926, 8.00000000000022, 4.70734562441066E-14));
#1597 = CARTESIAN_POINT ('', (-11.0259533505926, 8.00000000000019, -2.99999999999998));
#1598 = CARTESIAN_POINT ('', (-9.29191695601154, 8.00000000000066, 4.52970994047064E-14));
#1599 = CARTESIAN_POINT ('', (-9.29191695601154, 8.00000000000063, -2.99999999999998));
#1600 = (
   BOUNDED_SURFACE ()
   B_SPLINE_SURFACE (2, 1, ((#1590, #1591), (#1592, #1593), (#1594, #1595), (#1596, #1597), (#1598, #1599)), .UNSPECIFIED., .F., .F., .U.)
   B_SPLINE_SURFACE_WITH_KNOTS ((3, 2, 3), (2, 2), (0., 0.314457018051977, 0.628914036103953), (-0.300000000000003, 0.), .UNSPECIFIED.)
   GEOMETRIC_REPRESENTATION_ITEM ()
   RATIONAL_B_SPLINE_SURFACE (((1., 1.), (0.865777169913025, 0.865777169913025), (1., 1.), (0.865777169913025, 0.865777169913025), (1., 1.)))
   REPRESENTATION_ITEM ('')
   SURFACE ()
);
#1601 = ADVANCED_FACE ('', (#1589), #1600, .T.);
#1602 = CARTESIAN_POINT ('', (9.29191695601154, 7.99999999999968, -2.99999999999999));
#1603 = VERTEX_POINT ('', #1602);
#1604 = CARTESIAN_POINT ('', (-9.29191695601154, 8.00000000000066, -2.99999999999999));
#1605 = CARTESIAN_POINT ('', (9.29191695601155, 7.99999999999967, -2.99999999999999));
#1606 = B_SPLINE_CURVE_WITH_KNOTS ('', 1, (#1604, #1605), .UNSPECIFIED., .F., .U., (2, 2), (40.0403903922898, 58.6242243043129), .UNSPECIFIED.);
#1607 = EDGE_CURVE ('', #1572, #1603, #1606, .T.);
#1608 = ORIENTED_EDGE ('', *, *, #1607, .F.);
#1609 = ORIENTED_EDGE ('', *, *, #1586, .F.);
#1610 = ORIENTED_EDGE ('', *, *, #1508, .T.);
#1611 = CARTESIAN_POINT ('', (9.29191695601154, 7.99999999999968, 6.21724893790088E-15));
#1612 = CARTESIAN_POINT ('', (9.29191695601154, 7.99999999999968, -2.99999999999999));
#1613 = B_SPLINE_CURVE_WITH_KNOTS ('', 1, (#1611, #1612), .UNSPECIFIED., .F., .U., (2, 2), (0., 1.), .UNSPECIFIED.);
#1614 = EDGE_CURVE ('', #1494, #1603, #1613, .T.);
#1615 = ORIENTED_EDGE ('', *, *, #1614, .T.);
#1616 = EDGE_LOOP ('', (#1608, #1609, #1610, #1615));
#1617 = FACE_OUTER_BOUND ('', #1616, .T.);
#1618 = CARTESIAN_POINT ('', (-9.2919169560115, 8.00000000000066, 6.21724893790088E-15));
#1619 = CARTESIAN_POINT ('', (-9.2919169560115, 8.00000000000066, -3.));
#1620 = CARTESIAN_POINT ('', (9.2919169560116, 7.99999999999967, 6.21724893790088E-15));
#1621 = CARTESIAN_POINT ('', (9.2919169560116, 7.99999999999967, -3.));
#1622 = B_SPLINE_SURFACE_WITH_KNOTS ('', 1, 1, ((#1618, #1619), (#1620, #1621)), .UNSPECIFIED., .F., .F., .U., (2, 2), (2, 2), (4.00403903922898, 5.86242243043128), (0., 0.3), .UNSPECIFIED.);
#1623 = ADVANCED_FACE ('', (#1617), #1622, .T.);
#1624 = CARTESIAN_POINT ('', (11.8870105237965, 12.5051542693152, -2.99999999999999));
#1625 = VERTEX_POINT ('', #1624);
#1626 = CARTESIAN_POINT ('', (9.29191695601154, 7.99999999999968, -2.99999999999999));
#1627 = CARTESIAN_POINT ('', (11.0259533505926, 7.99999999999957, -2.99999999999999));
#1628 = CARTESIAN_POINT ('', (11.8914806509367, 9.50257935234362, -2.99999999999999));
#1629 = CARTESIAN_POINT ('', (12.7570079512809, 11.0051587046877, -2.99999999999999));
#1630 = CARTESIAN_POINT ('', (11.8870105237965, 12.5051542693152, -2.99999999999999));
#1631 = (
   BOUNDED_CURVE ()
   B_SPLINE_CURVE (2, (#1626, #1627, #1628, #1629, #1630), .UNSPECIFIED., .F., .U.)
   B_SPLINE_CURVE_WITH_KNOTS ((3, 2, 3), (0., 1.04819006017339, 2.09638012034679), .UNSPECIFIED.)
   CURVE ()
   GEOMETRIC_REPRESENTATION_ITEM ()
   RATIONAL_B_SPLINE_CURVE ((1., 0.865777169913033, 1., 0.865777169913027, 1.))
   REPRESENTATION_ITEM ('')
);
#1632 = EDGE_CURVE ('', #1603, #1625, #1631, .T.);
#1633 = ORIENTED_EDGE ('', *, *, #1632, .F.);
#1634 = ORIENTED_EDGE ('', *, *, #1614, .F.);
#1635 = ORIENTED_EDGE ('', *, *, #1501, .T.);
#1636 = CARTESIAN_POINT ('', (11.8870105237965, 12.5051542693152, 6.21724893790088E-15));
#1637 = CARTESIAN_POINT ('', (11.8870105237965, 12.5051542693152, -2.99999999999999));
#1638 = B_SPLINE_CURVE_WITH_KNOTS ('', 1, (#1636, #1637), .UNSPECIFIED., .F., .U., (2, 2), (0., 1.), .UNSPECIFIED.);
#1639 = EDGE_CURVE ('', #1485, #1625, #1638, .T.);
#1640 = ORIENTED_EDGE ('', *, *, #1639, .T.);
#1641 = EDGE_LOOP ('', (#1633, #1634, #1635, #1640));
#1642 = FACE_OUTER_BOUND ('', #1641, .T.);
#1643 = CARTESIAN_POINT ('', (9.29191695601154, 7.99999999999966, 1.15463194561016E-14));
#1644 = CARTESIAN_POINT ('', (9.29191695601151, 7.99999999999965, -2.99999999999998));
#1645 = CARTESIAN_POINT ('', (11.0259533505926, 7.99999999999955, -9.76996261670138E-15));
#1646 = CARTESIAN_POINT ('', (11.0259533505926, 7.99999999999955, -3.));
#1647 = CARTESIAN_POINT ('', (11.8914806509368, 9.50257935234361, -2.04281036531029E-14));
#1648 = CARTESIAN_POINT ('', (11.8914806509367, 9.50257935234361, -3.00000000000001));
#1649 = CARTESIAN_POINT ('', (12.7570079512809, 11.0051587046877, -3.01980662698043E-14));
#1650 = CARTESIAN_POINT ('', (12.7570079512809, 11.0051587046877, -3.00000000000003));
#1651 = CARTESIAN_POINT ('', (11.8870105237965, 12.5051542693152, -2.30926389122033E-14));
#1652 = CARTESIAN_POINT ('', (11.8870105237965, 12.5051542693152, -3.00000000000002));
#1653 = (
   BOUNDED_SURFACE ()
   B_SPLINE_SURFACE (2, 1, ((#1643, #1644), (#1645, #1646), (#1647, #1648), (#1649, #1650), (#1651, #1652)), .UNSPECIFIED., .F., .F., .U.)
   B_SPLINE_SURFACE_WITH_KNOTS ((3, 2, 3), (2, 2), (0., 0.314457018051979, 0.628914036103958), (-0.299999999999999, 0.), .UNSPECIFIED.)
   GEOMETRIC_REPRESENTATION_ITEM ()
   RATIONAL_B_SPLINE_SURFACE (((1., 1.), (0.865777169913031, 0.865777169913031), (1., 1.), (0.865777169913031, 0.865777169913031), (1., 1.)))
   REPRESENTATION_ITEM ('')
   SURFACE ()
);
#1654 = ADVANCED_FACE ('', (#1642), #1653, .T.);
#1655 = CARTESIAN_POINT ('', (2.59509356778543, 28.5257007451975, -2.99999999999999));
#1656 = VERTEX_POINT ('', #1655);
#1657 = CARTESIAN_POINT ('', (11.8870105237965, 12.5051542693152, -2.99999999999999));
#1658 = CARTESIAN_POINT ('', (2.59509356778543, 28.5257007451975, -2.99999999999999));
#1659 = B_SPLINE_CURVE_WITH_KNOTS ('', 1, (#1657, #1658), .UNSPECIFIED., .F., .U., (2, 2), (1., 19.5201951961449), .UNSPECIFIED.);
#1660 = EDGE_CURVE ('', #1625, #1656, #1659, .T.);
#1661 = ORIENTED_EDGE ('', *, *, #1660, .F.);
#1662 = ORIENTED_EDGE ('', *, *, #1639, .F.);
#1663 = ORIENTED_EDGE ('', *, *, #1491, .T.);
#1664 = CARTESIAN_POINT ('', (2.59509356778543, 28.5257007451975, 6.21724893790088E-15));
#1665 = CARTESIAN_POINT ('', (2.59509356778543, 28.5257007451975, -2.99999999999999));
#1666 = B_SPLINE_CURVE_WITH_KNOTS ('', 1, (#1664, #1665), .UNSPECIFIED., .F., .U., (2, 2), (0., 1.), .UNSPECIFIED.);
#1667 = EDGE_CURVE ('', #1487, #1656, #1666, .T.);
#1668 = ORIENTED_EDGE ('', *, *, #1667, .T.);
#1669 = EDGE_LOOP ('', (#1661, #1662, #1663, #1668));
#1670 = FACE_OUTER_BOUND ('', #1669, .T.);
#1671 = CARTESIAN_POINT ('', (11.8870105237965, 12.5051542693152, 2.66453525910038E-15));
#1672 = CARTESIAN_POINT ('', (11.8870105237965, 12.5051542693152, -3.));
#1673 = CARTESIAN_POINT ('', (2.59509356778543, 28.5257007451975, 2.66453525910038E-15));
#1674 = CARTESIAN_POINT ('', (2.59509356778543, 28.5257007451975, -3.));
#1675 = B_SPLINE_SURFACE_WITH_KNOTS ('', 1, 1, ((#1671, #1672), (#1673, #1674)), .UNSPECIFIED., .F., .F., .U., (2, 2), (2, 2), (0.1, 1.9520195196145), (0., 0.3), .UNSPECIFIED.);
#1676 = ADVANCED_FACE ('', (#1670), #1675, .T.);
#1677 = CARTESIAN_POINT ('', (2.59509356778543, 28.5257007451975, -2.99999999999999));
#1678 = CARTESIAN_POINT ('', (1.72808304398843, 30.020546475882, -2.99999999999999));
#1679 = CARTESIAN_POINT ('', (1.43773881688957E-14, 30.020546475882, -2.99999999999999));
#1680 = CARTESIAN_POINT ('', (-1.72808304398841, 30.020546475882, -2.99999999999999));
#1681 = CARTESIAN_POINT ('', (-2.59509356778539, 28.5257007451975, -2.99999999999999));
#1682 = (
   BOUNDED_CURVE ()
   B_SPLINE_CURVE (2, (#1677, #1678, #1679, #1680, #1681), .UNSPECIFIED., .F., .U.)
   B_SPLINE_CURVE_WITH_KNOTS ((3, 2, 3), (0., 1.04521253324328, 2.09042506648657), .UNSPECIFIED.)
   CURVE ()
   GEOMETRIC_REPRESENTATION_ITEM ()
   RATIONAL_B_SPLINE_CURVE ((1., 0.866521231641748, 1., 0.866521231641743, 1.))
   REPRESENTATION_ITEM ('')
);
#1683 = EDGE_CURVE ('', #1656, #1544, #1682, .T.);
#1684 = ORIENTED_EDGE ('', *, *, #1683, .F.);
#1685 = ORIENTED_EDGE ('', *, *, #1667, .F.);
#1686 = ORIENTED_EDGE ('', *, *, #1533, .T.);
#1687 = ORIENTED_EDGE ('', *, *, #1555, .T.);
#1688 = EDGE_LOOP ('', (#1684, #1685, #1686, #1687));
#1689 = FACE_OUTER_BOUND ('', #1688, .T.);
#1690 = CARTESIAN_POINT ('', (2.59509356778541, 28.5257007451975, 1.59872115546023E-14));
#1691 = CARTESIAN_POINT ('', (2.59509356778541, 28.5257007451975, -2.99999999999999));
#1692 = CARTESIAN_POINT ('', (1.72808304398842, 30.0205464758819, 7.105427357601E-15));
#1693 = CARTESIAN_POINT ('', (1.72808304398842, 30.0205464758819, -3.));
#1694 = CARTESIAN_POINT ('', (-2.61457522299226E-14, 30.020546475882, 2.66453525910038E-15));
#1695 = CARTESIAN_POINT ('', (-1.80966353013903E-14, 30.020546475882, -3.00000000000001));
#1696 = CARTESIAN_POINT ('', (-1.72808304398847, 30.020546475882, -1.77635683940025E-15));
#1697 = CARTESIAN_POINT ('', (-1.72808304398846, 30.020546475882, -3.00000000000001));
#1698 = CARTESIAN_POINT ('', (-2.59509356778549, 28.5257007451975, 2.66453525910038E-15));
#1699 = CARTESIAN_POINT ('', (-2.59509356778548, 28.5257007451975, -3.00000000000001));
#1700 = (
   BOUNDED_SURFACE ()
   B_SPLINE_SURFACE (2, 1, ((#1690, #1691), (#1692, #1693), (#1694, #1695), (#1696, #1697), (#1698, #1699)), .UNSPECIFIED., .F., .F., .U.)
   B_SPLINE_SURFACE_WITH_KNOTS ((3, 2, 3), (2, 2), (0., 0.31356375997299, 0.627127519945979), (-0.300000000000002, -8.88178419700125E-16), .UNSPECIFIED.)
   GEOMETRIC_REPRESENTATION_ITEM ()
   RATIONAL_B_SPLINE_SURFACE (((1., 1.), (0.866521231641745, 0.866521231641745), (1., 1.), (0.866521231641745, 0.866521231641745), (1., 1.)))
   REPRESENTATION_ITEM ('')
   SURFACE ()
);
#1701 = ADVANCED_FACE ('', (#1689), #1700, .T.);
#1702 = ORIENTED_EDGE ('', *, *, #920, .F.);
#1703 = ORIENTED_EDGE ('', *, *, #875, .T.);
#1704 = CARTESIAN_POINT ('', (17.9720553626602, 36.5606601717799, -0.439339828220171));
#1705 = VERTEX_POINT ('', #1704);
#1706 = CARTESIAN_POINT ('', (17.9720553626602, 36.5606601717799, -0.439339828220171));
#1707 = CARTESIAN_POINT ('', (17.9720553626602, 37.0000000000001, -0.87867965644035));
#1708 = CARTESIAN_POINT ('', (17.9720553626602, 37.0000000000001, -1.49999999999999));
#1709 = (
   BOUNDED_CURVE ()
   B_SPLINE_CURVE (2, (#1706, #1707, #1708), .UNSPECIFIED., .F., .U.)
   B_SPLINE_CURVE_WITH_KNOTS ((3, 3), (0.785398163397449, 1.5707963267949), .UNSPECIFIED.)
   CURVE ()
   GEOMETRIC_REPRESENTATION_ITEM ()
   RATIONAL_B_SPLINE_CURVE ((0.853553390593273, 0.853553390593273, 1.))
   REPRESENTATION_ITEM ('')
);
#1710 = EDGE_CURVE ('', #1705, #827, #1709, .T.);
#1711 = ORIENTED_EDGE ('', *, *, #1710, .F.);
#1712 = CARTESIAN_POINT ('', (17.9720553626602, 35.5000000000001, 7.105427357601E-15));
#1713 = CARTESIAN_POINT ('', (17.9720553626602, 36.1213203435597, 8.94490509383547E-15));
#1714 = CARTESIAN_POINT ('', (17.9720553626602, 36.5606601717799, -0.439339828220171));
#1715 = (
   BOUNDED_CURVE ()
   B_SPLINE_CURVE (2, (#1712, #1713, #1714), .UNSPECIFIED., .F., .U.)
   B_SPLINE_CURVE_WITH_KNOTS ((3, 3), (0., 0.785398163397449), .UNSPECIFIED.)
   CURVE ()
   GEOMETRIC_REPRESENTATION_ITEM ()
   RATIONAL_B_SPLINE_CURVE ((1., 0.853553390593273, 0.853553390593273))
   REPRESENTATION_ITEM ('')
);
#1716 = EDGE_CURVE ('', #1458, #1705, #1715, .T.);
#1717 = ORIENTED_EDGE ('', *, *, #1716, .F.);
#1718 = ORIENTED_EDGE ('', *, *, #1463, .T.);
#1719 = EDGE_LOOP ('', (#1702, #1703, #1711, #1717, #1718));
#1720 = FACE_OUTER_BOUND ('', #1719, .T.);
#1721 = CARTESIAN_POINT ('', (26.4720206445456, 27.0000000000003, -4.01801145509035E-10));
#1722 = CARTESIAN_POINT ('', (26.4720206445455, 35.4999652818856, -4.01801145426807E-10));
#1723 = CARTESIAN_POINT ('', (17.9720553626603, 35.4999652818856, -4.01801145509035E-10));
#1724 = CARTESIAN_POINT ('', (17.9719569950707, 35.4999652818856, -4.01801145509034E-10));
#1725 = CARTESIAN_POINT ('', (17.9718586274811, 35.4999652796089, -4.01801145509033E-10));
#1726 = CARTESIAN_POINT ('', (26.4720380036028, 27.0000000000003, -1.86517468137026E-14));
#1727 = CARTESIAN_POINT ('', (26.4720380036028, 35.4999826409429, -1.86517056991957E-14));
#1728 = CARTESIAN_POINT ('', (17.9720553626603, 35.4999826409429, -1.86517468137026E-14));
#1729 = CARTESIAN_POINT ('', (17.9719569948698, 35.4999826409429, -1.86517468132268E-14));
#1730 = CARTESIAN_POINT ('', (17.9718586270793, 35.4999826386661, -1.8651746812751E-14));
#1731 = CARTESIAN_POINT ('', (26.4720553626601, 27.0000000000003, -1.86517468137026E-14));
#1732 = CARTESIAN_POINT ('', (26.4720553626601, 35.5000000000002, -1.86517468137026E-14));
#1733 = CARTESIAN_POINT ('', (17.9720553626603, 35.5000000000002, -1.86517468137026E-14));
#1734 = CARTESIAN_POINT ('', (17.9719569946689, 35.5000000000002, -1.86517468137026E-14));
#1735 = CARTESIAN_POINT ('', (17.9718586266775, 35.4999999977234, -1.86517468137026E-14));
#1736 = CARTESIAN_POINT ('', (27.9720553626602, 27.0000000000003, -1.86517468137026E-14));
#1737 = CARTESIAN_POINT ('', (27.9720553626602, 37.0000000000002, -1.50990331349021E-14));
#1738 = CARTESIAN_POINT ('', (17.9720553626603, 37.0000000000002, -1.86517468137026E-14));
#1739 = CARTESIAN_POINT ('', (17.9719396356116, 37.0000000000002, -1.86517056991957E-14));
#1740 = CARTESIAN_POINT ('', (17.9718239085629, 36.9999999973217, -1.86516645856405E-14));
#1741 = CARTESIAN_POINT ('', (27.9720553626602, 27.0000000000003, -1.50000000000002));
#1742 = CARTESIAN_POINT ('', (27.9720553626601, 37.0000000000002, -1.50000000000002));
#1743 = CARTESIAN_POINT ('', (17.9720553626603, 37.0000000000002, -1.50000000000002));
#1744 = CARTESIAN_POINT ('', (17.9719396356116, 37.0000000000002, -1.50000000000002));
#1745 = CARTESIAN_POINT ('', (17.971823908563, 36.9999999973217, -1.50000000000002));
#1746 = (
   BOUNDED_SURFACE ()
   B_SPLINE_SURFACE (2, 2, ((#1721, #1722, #1723, #1724, #1725), (#1726, #1727, #1728, #1729, #1730), (#1731, #1732, #1733, #1734, #1735), (#1736, #1737, #1738, #1739, #1740), (#1741, #1742, #1743, #1744, #1745)), .UNSPECIFIED., .F., .F., .U.)
   B_SPLINE_SURFACE_WITH_KNOTS ((3, 2, 3), (3, 2, 3), (-1.57082203475816, -1.5707963267949, 0.), (0., 1.5707963267949, 1.57082203475816), .UNSPECIFIED.)
   GEOMETRIC_REPRESENTATION_ITEM ()
   RATIONAL_B_SPLINE_SURFACE (((0.999990413060242, 0.707100002196434, 0.999990413060242, 0.999985619557867, 0.999980826212394), (0.999995206451669, 0.707103391636017, 0.999995206451669, 0.999990412926316, 0.999985619557867), (1., 0.707106781186547, 1., 0.999995206451669, 0.999990413060242), (0.707106781186546, 0.499999999999999, 0.707106781186546, 0.707103391636015, 0.707100002196432), (1., 0.707106781186547, 1., 0.999995206451669, 0.999990413060242)))
   REPRESENTATION_ITEM ('')
   SURFACE ()
);
#1747 = ADVANCED_FACE ('', (#1720), #1746, .T.);
#1748 = CARTESIAN_POINT ('', (0.497839204779911, 36.5606601717799, -0.439339828220187));
#1749 = VERTEX_POINT ('', #1748);
#1750 = CARTESIAN_POINT ('', (0.497839204779911, 36.5606601717799, -0.439339828220187));
#1751 = CARTESIAN_POINT ('', (17.9720553626602, 36.5606601717799, -0.43933982822017));
#1752 = B_SPLINE_CURVE_WITH_KNOTS ('', 1, (#1750, #1751), .UNSPECIFIED., .F., .U., (2, 2), (-1.74742161578803, 0.), .UNSPECIFIED.);
#1753 = EDGE_CURVE ('', #1749, #1705, #1752, .T.);
#1754 = ORIENTED_EDGE ('', *, *, #1753, .T.);
#1755 = ORIENTED_EDGE ('', *, *, #1710, .T.);
#1756 = ORIENTED_EDGE ('', *, *, #831, .T.);
#1757 = ORIENTED_EDGE ('', *, *, #1351, .T.);
#1758 = ORIENTED_EDGE ('', *, *, #1344, .F.);
#1759 = ORIENTED_EDGE ('', *, *, #1468, .T.);
#1760 = ORIENTED_EDGE ('', *, *, #1716, .T.);
#1761 = ORIENTED_EDGE ('', *, *, #1753, .F.);
#1762 = EDGE_LOOP ('', (#1754, #1755, #1756, #1757, #1758, #1759, #1760, #1761));
#1763 = FACE_OUTER_BOUND ('', #1762, .T.);
#1764 = CARTESIAN_POINT ('', (0.497839204779913, 35.5000000000001, -1.55759684940686E-14));
#1765 = CARTESIAN_POINT ('', (0.497839204779912, 36.1213203435597, -1.33647662861423E-14));
#1766 = CARTESIAN_POINT ('', (0.497839204779912, 36.5606601717799, -0.439339828220187));
#1767 = CARTESIAN_POINT ('', (17.9720553626602, 35.5000000000001, 1.91854309217129E-15));
#1768 = CARTESIAN_POINT ('', (17.9720553626602, 36.1213203435597, 3.8696038638709E-15));
#1769 = CARTESIAN_POINT ('', (17.9720553626602, 36.5606601717799, -0.43933982822017));
#1770 = (
   BOUNDED_SURFACE ()
   B_SPLINE_SURFACE (1, 2, ((#1764, #1765, #1766), (#1767, #1768, #1769)), .UNSPECIFIED., .F., .F., .U.)
   B_SPLINE_SURFACE_WITH_KNOTS ((2, 2), (3, 3), (-1.74742161578803, 0.), (0.353429173528853, 0.471238898038469), .UNSPECIFIED.)
   GEOMETRIC_REPRESENTATION_ITEM ()
   RATIONAL_B_SPLINE_SURFACE (((0.853553390593274, 0.853553390593274, 1.), (0.853553390593274, 0.853553390593274, 1.)))
   REPRESENTATION_ITEM ('')
   SURFACE ()
);
#1771 = ADVANCED_FACE ('', (#1763), #1770, .T.);
#1772 = CARTESIAN_POINT ('', (-0.499999999999066, 37.0000000000001, -2.99999999999999));
#1773 = VERTEX_POINT ('', #1772);
#1774 = CARTESIAN_POINT ('', (-0.499999999999059, 37.0000000000001, -2.99999999999999));
#1775 = CARTESIAN_POINT ('', (-0.499999999999059, 37.0000000000001, -2.49999999999999));
#1776 = CARTESIAN_POINT ('', (-0.499999999999059, 37.0000000000001, -1.99999999999999));
#1777 = CARTESIAN_POINT ('', (-0.499999999999059, 37.0000000000001, -1.5));
#1778 = B_SPLINE_CURVE_WITH_KNOTS ('', 3, (#1774, #1775, #1776, #1777), .UNSPECIFIED., .F., .U., (4, 4), (10., 11.5), .UNSPECIFIED.);
#1779 = EDGE_CURVE ('', #1773, #1210, #1778, .T.);
#1780 = ORIENTED_EDGE ('', *, *, #1779, .T.);
#1781 = ORIENTED_EDGE ('', *, *, #1264, .T.);
#1782 = ORIENTED_EDGE ('', *, *, #1357, .T.);
#1783 = ORIENTED_EDGE ('', *, *, #824, .F.);
#1784 = CARTESIAN_POINT ('', (-0.499999999999065, 37.0000000000001, -2.99999999999996));
#1785 = CARTESIAN_POINT ('', (-0.499999999999057, 36.5000000000002, -2.99999999999996));
#1786 = CARTESIAN_POINT ('', (8.52252905365235E-13, 36.5000000000002, -2.99999999999996));
#1787 = CARTESIAN_POINT ('', (0.500000000000761, 36.5000000000002, -2.99999999999996));
#1788 = CARTESIAN_POINT ('', (0.500000000000752, 37.0000000000001, -2.99999999999996));
#1789 = (
   BOUNDED_CURVE ()
   B_SPLINE_CURVE (2, (#1784, #1785, #1786, #1787, #1788), .UNSPECIFIED., .F., .U.)
   B_SPLINE_CURVE_WITH_KNOTS ((3, 2, 3), (0., 1.5707963267949, 3.14159265358979), .UNSPECIFIED.)
   CURVE ()
   GEOMETRIC_REPRESENTATION_ITEM ()
   RATIONAL_B_SPLINE_CURVE ((1., 0.707106781186543, 1., 0.707106781186539, 1.))
   REPRESENTATION_ITEM ('')
);
#1790 = EDGE_CURVE ('', #1773, #811, #1789, .T.);
#1791 = ORIENTED_EDGE ('', *, *, #1790, .F.);
#1792 = EDGE_LOOP ('', (#1780, #1781, #1782, #1783, #1791));
#1793 = FACE_OUTER_BOUND ('', #1792, .T.);
#1794 = CARTESIAN_POINT ('', (-0.499999999999039, 37.0000000000001, -2.99999999999999));
#1795 = CARTESIAN_POINT ('', (-0.499999999999035, 36.5000000000002, -2.99999999999999));
#1796 = CARTESIAN_POINT ('', (8.70081784398735E-13, 36.5000000000002, -2.99999999999999));
#1797 = CARTESIAN_POINT ('', (0.500000000000775, 36.5000000000002, -3.));
#1798 = CARTESIAN_POINT ('', (0.500000000000771, 37.0000000000001, -3.));
#1799 = CARTESIAN_POINT ('', (-0.499999999999029, 37.0000000000001, -1.49999999999914));
#1800 = CARTESIAN_POINT ('', (-0.499999999999025, 36.5000000000002, -1.49999999999914));
#1801 = CARTESIAN_POINT ('', (8.80073791620369E-13, 36.5000000000002, -1.49999999999914));
#1802 = CARTESIAN_POINT ('', (0.500000000000785, 36.5000000000002, -1.49999999999915));
#1803 = CARTESIAN_POINT ('', (0.500000000000781, 37.0000000000001, -1.49999999999915));
#1804 = (
   BOUNDED_SURFACE ()
   B_SPLINE_SURFACE (1, 2, ((#1794, #1795, #1796, #1797, #1798), (#1799, #1800, #1801, #1802, #1803)), .UNSPECIFIED., .F., .F., .U.)
   B_SPLINE_SURFACE_WITH_KNOTS ((2, 2), (3, 2, 3), (0., 0.150000000000085), (0.15707963267946, 0.23561944901919, 0.31415926535892), .UNSPECIFIED.)
   GEOMETRIC_REPRESENTATION_ITEM ()
   RATIONAL_B_SPLINE_SURFACE (((1., 0.707106781186547, 1., 0.707106781186547, 1.), (1., 0.707106781186547, 1., 0.707106781186547, 1.)))
   REPRESENTATION_ITEM ('')
   SURFACE ()
);
#1805 = ADVANCED_FACE ('', (#1793), #1804, .T.);
#1806 = ORIENTED_EDGE ('', *, *, #808, .T.);
#1807 = CARTESIAN_POINT ('', (5.49999999999995, 34.2500000000002, -5.));
#1808 = VERTEX_POINT ('', #1807);
#1809 = CARTESIAN_POINT ('', (5.49999999999995, 37.0000000000001, -5.));
#1810 = CARTESIAN_POINT ('', (5.49999999999995, 34.2500000000002, -5.));
#1811 = B_SPLINE_CURVE_WITH_KNOTS ('', 1, (#1809, #1810), .UNSPECIFIED., .F., .U., (2, 2), (0., 0.161764705882348), .UNSPECIFIED.);
#1812 = EDGE_CURVE ('', #796, #1808, #1811, .T.);
#1813 = ORIENTED_EDGE ('', *, *, #1812, .T.);
#1814 = CARTESIAN_POINT ('', (3.49999999999995, 34.2500000000002, -2.99999999999999));
#1815 = VERTEX_POINT ('', #1814);
#1816 = CARTESIAN_POINT ('', (5.49999999999998, 34.2500000000002, -5.));
#1817 = CARTESIAN_POINT ('', (5.49999999999998, 34.2500000000002, -4.88902005606942));
#1818 = CARTESIAN_POINT ('', (5.48948598677126, 34.2500000000002, -4.76705782606879));
#1819 = CARTESIAN_POINT ('', (5.4514236917198, 34.2500000000002, -4.54793772076194));
#1820 = CARTESIAN_POINT ('', (5.42083347171354, 34.2500000000002, -4.43183320859115));
#1821 = CARTESIAN_POINT ('', (5.34569463287654, 34.2500000000002, -4.22159105412537));
#1822 = CARTESIAN_POINT ('', (5.2967188042877, 34.2500000000002, -4.11438682080386));
#1823 = CARTESIAN_POINT ('', (5.18657176466282, 34.2500000000002, -3.91922385313516));
#1824 = CARTESIAN_POINT ('', (5.12132707027248, 34.2500000000002, -3.82360723897521));
#1825 = CARTESIAN_POINT ('', (4.9792445420033, 34.2500000000002, -3.64924894985203));
#1826 = CARTESIAN_POINT ('', (4.90021489993462, 34.2500000000002, -3.56748785397));
#1827 = CARTESIAN_POINT ('', (4.73017015407683, 34.2500000000002, -3.41903000181832));
#1828 = CARTESIAN_POINT ('', (4.64013546654385, 34.2500000000002, -3.35291898770557));
#1829 = CARTESIAN_POINT ('', (4.44687589439443, 34.2500000000002, -3.23469420088735));
#1830 = CARTESIAN_POINT ('', (4.34883137463538, 34.2500000000002, -3.18551279387235));
#1831 = CARTESIAN_POINT ('', (4.13773311821349, 34.2500000000002, -3.10098128977023));
#1832 = CARTESIAN_POINT ('', (4.03480180807084, 34.2500000000002, -3.06946571696986));
#1833 = CARTESIAN_POINT ('', (3.81170974809545, 34.2500000000002, -3.02113300088255));
#1834 = CARTESIAN_POINT ('', (3.70705082956527, 34.2500000000002, -3.00746204020392));
#1835 = CARTESIAN_POINT ('', (3.56161402736643, 34.2500000000002, -3.00070526700934));
#1836 = CARTESIAN_POINT ('', (3.53123648079532, 34.2500000000002, -2.99999999999999));
#1837 = CARTESIAN_POINT ('', (3.49999999999996, 34.2500000000002, -2.99999999999999));
#1838 = B_SPLINE_CURVE_WITH_KNOTS ('', 3, (#1816, #1817, #1818, #1819, #1820, #1821, #1822, #1823, #1824, #1825, #1826, #1827, #1828, #1829, #1830, #1831, #1832, #1833, #1834, #1835, #1836, #1837), .UNSPECIFIED., .F., .U., (4, 2, 2, 2, 2, 2, 2, 2, 2, 2, 4), (0., 0.332939831791734, 0.66720403902285, 1.0027371724446, 1.33950500480114, 1.67749218015328, 2.01670109540854, 2.35715184646452, 2.69888321291909, 3.04195478747451, 3.13566422986059), .UNSPECIFIED.);
#1839 = EDGE_CURVE ('', #1808, #1815, #1838, .T.);
#1840 = ORIENTED_EDGE ('', *, *, #1839, .T.);
#1841 = CARTESIAN_POINT ('', (3.49999999999995, 37.0000000000001, -3.));
#1842 = CARTESIAN_POINT ('', (3.49999999999995, 34.2500000000002, -2.99999999999999));
#1843 = B_SPLINE_CURVE_WITH_KNOTS ('', 1, (#1841, #1842), .UNSPECIFIED., .F., .U., (2, 2), (0., 0.161764705882348), .UNSPECIFIED.);
#1844 = EDGE_CURVE ('', #803, #1815, #1843, .T.);
#1845 = ORIENTED_EDGE ('', *, *, #1844, .F.);
#1846 = EDGE_LOOP ('', (#1806, #1813, #1840, #1845));
#1847 = FACE_OUTER_BOUND ('', #1846, .T.);
#1848 = CARTESIAN_POINT ('', (3.50000000000007, 37.0000000000001, -3.00000000000002));
#1849 = CARTESIAN_POINT ('', (3.49999999999997, 34.249758420334, -2.9999999999999));
#1850 = CARTESIAN_POINT ('', (5.50000000000003, 37., -3.));
#1851 = CARTESIAN_POINT ('', (5.49999999999993, 34.2497584203339, -2.99999999999989));
#1852 = CARTESIAN_POINT ('', (5.50000000000004, 36.9999999999999, -4.99999999999996));
#1853 = CARTESIAN_POINT ('', (5.49999999999994, 34.2497584203338, -4.99999999999985));
#1854 = (
   BOUNDED_SURFACE ()
   B_SPLINE_SURFACE (2, 1, ((#1848, #1849), (#1850, #1851), (#1852, #1853)), .UNSPECIFIED., .F., .F., .U.)
   B_SPLINE_SURFACE_WITH_KNOTS ((3, 3), (2, 2), (0., 0.314159265358973), (-0.275024157966607, 0.), .UNSPECIFIED.)
   GEOMETRIC_REPRESENTATION_ITEM ()
   RATIONAL_B_SPLINE_SURFACE (((1., 1.), (0.707106781186547, 0.707106781186547), (1., 1.)))
   REPRESENTATION_ITEM ('')
   SURFACE ()
);
#1855 = ADVANCED_FACE ('', (#1847), #1854, .T.);
#1856 = ORIENTED_EDGE ('', *, *, #800, .F.);
#1857 = CARTESIAN_POINT ('', (5.49999999999995, 34.2500000000002, -7.99999999999999));
#1858 = VERTEX_POINT ('', #1857);
#1859 = CARTESIAN_POINT ('', (5.49999999999995, 37.0000000000001, -7.99999999999999));
#1860 = CARTESIAN_POINT ('', (5.49999999999995, 34.2500000000002, -7.99999999999999));
#1861 = B_SPLINE_CURVE_WITH_KNOTS ('', 1, (#1859, #1860), .UNSPECIFIED., .F., .U., (2, 2), (0., 0.161764705882348), .UNSPECIFIED.);
#1862 = EDGE_CURVE ('', #786, #1858, #1861, .T.);
#1863 = ORIENTED_EDGE ('', *, *, #1862, .T.);
#1864 = CARTESIAN_POINT ('', (5.49999999999995, 34.2500000000002, -4.99999999999999));
#1865 = CARTESIAN_POINT ('', (5.49999999999995, 34.2500000000002, -7.99999999999998));
#1866 = B_SPLINE_CURVE_WITH_KNOTS ('', 1, (#1864, #1865), .UNSPECIFIED., .F., .U., (2, 2), (0., 1.), .UNSPECIFIED.);
#1867 = EDGE_CURVE ('', #1808, #1858, #1866, .T.);
#1868 = ORIENTED_EDGE ('', *, *, #1867, .F.);
#1869 = ORIENTED_EDGE ('', *, *, #1812, .F.);
#1870 = EDGE_LOOP ('', (#1856, #1863, #1868, #1869));
#1871 = FACE_OUTER_BOUND ('', #1870, .T.);
#1872 = CARTESIAN_POINT ('', (5.49999999999995, 37., -5.00000000000003));
#1873 = CARTESIAN_POINT ('', (5.49999999999995, 34.2500000000001, -5.00000000000003));
#1874 = CARTESIAN_POINT ('', (5.49999999999995, 37., -8.00000000000001));
#1875 = CARTESIAN_POINT ('', (5.49999999999995, 34.2500000000001, -8.00000000000001));
#1876 = B_SPLINE_SURFACE_WITH_KNOTS ('', 1, 1, ((#1872, #1873), (#1874, #1875)), .UNSPECIFIED., .F., .F., .U., (2, 2), (2, 2), (2.09999999999999, 2.39999999999998), (-1.33226762955019E-15, 0.27499999999999), .UNSPECIFIED.);
#1877 = ADVANCED_FACE ('', (#1871), #1876, .T.);
#1878 = ORIENTED_EDGE ('', *, *, #793, .T.);
#1879 = CARTESIAN_POINT ('', (3.49999999999995, 34.2500000000002, -10.));
#1880 = VERTEX_POINT ('', #1879);
#1881 = CARTESIAN_POINT ('', (3.49999999999995, 34.2500000000002, -10.));
#1882 = CARTESIAN_POINT ('', (3.49999999999995, 35.1666666666668, -10.));
#1883 = CARTESIAN_POINT ('', (3.49999999999995, 36.0833333333334, -10.));
#1884 = CARTESIAN_POINT ('', (3.49999999999995, 37.0000000000001, -10.));
#1885 = B_SPLINE_CURVE_WITH_KNOTS ('', 3, (#1881, #1882, #1883, #1884), .UNSPECIFIED., .F., .U., (4, 4), (14.2500000000001, 17.), .UNSPECIFIED.);
#1886 = EDGE_CURVE ('', #1880, #788, #1885, .T.);
#1887 = ORIENTED_EDGE ('', *, *, #1886, .F.);
#1888 = CARTESIAN_POINT ('', (3.49999999999996, 34.2500000000002, -10.));
#1889 = CARTESIAN_POINT ('', (3.61097994393055, 34.2500000000002, -10.));
#1890 = CARTESIAN_POINT ('', (3.73294217393117, 34.2500000000002, -9.9894859867713));
#1891 = CARTESIAN_POINT ('', (3.95206227923802, 34.2500000000002, -9.95142369171984));
#1892 = CARTESIAN_POINT ('', (4.06816679140881, 34.2500000000002, -9.92083347171358));
#1893 = CARTESIAN_POINT ('', (4.27840894587459, 34.2500000000002, -9.84569463287658));
#1894 = CARTESIAN_POINT ('', (4.3856131791961, 34.2500000000002, -9.79671880428774));
#1895 = CARTESIAN_POINT ('', (4.5807761468648, 34.2500000000002, -9.68657176466285));
#1896 = CARTESIAN_POINT ('', (4.67639276102475, 34.2500000000002, -9.62132707027252));
#1897 = CARTESIAN_POINT ('', (4.85075105014793, 34.2500000000002, -9.47924454200333));
#1898 = CARTESIAN_POINT ('', (4.93251214602996, 34.2500000000002, -9.40021489993465));
#1899 = CARTESIAN_POINT ('', (5.08096999818164, 34.2500000000002, -9.23017015407686));
#1900 = CARTESIAN_POINT ('', (5.14708101229439, 34.2500000000002, -9.14013546654388));
#1901 = CARTESIAN_POINT ('', (5.26530579911262, 34.2500000000002, -8.94687589439445));
#1902 = CARTESIAN_POINT ('', (5.3144872061276, 34.2500000000002, -8.8488313746354));
#1903 = CARTESIAN_POINT ('', (5.39901871022972, 34.2500000000002, -8.63773311821349));
#1904 = CARTESIAN_POINT ('', (5.43053428303009, 34.2500000000002, -8.53480180807083));
#1905 = CARTESIAN_POINT ('', (5.4788669991174, 34.2500000000002, -8.31170974809545));
#1906 = CARTESIAN_POINT ('', (5.49253795979604, 34.2500000000002, -8.20705082956526));
#1907 = CARTESIAN_POINT ('', (5.49929473299061, 34.2500000000002, -8.06161402736643));
#1908 = CARTESIAN_POINT ('', (5.49999999999998, 34.2500000000002, -8.03123648079534));
#1909 = CARTESIAN_POINT ('', (5.49999999999998, 34.2500000000002, -7.99999999999999));
#1910 = B_SPLINE_CURVE_WITH_KNOTS ('', 3, (#1888, #1889, #1890, #1891, #1892, #1893, #1894, #1895, #1896, #1897, #1898, #1899, #1900, #1901, #1902, #1903, #1904, #1905, #1906, #1907, #1908, #1909), .UNSPECIFIED., .F., .U., (4, 2, 2, 2, 2, 2, 2, 2, 2, 2, 4), (0., 0.332939831791748, 0.667204039022863, 1.00273717244461, 1.33950500480114, 1.67749218015329, 2.01670109540857, 2.35715184646457, 2.69888321291913, 3.04195478747456, 3.13566422986061), .UNSPECIFIED.);
#1911 = EDGE_CURVE ('', #1880, #1858, #1910, .T.);
#1912 = ORIENTED_EDGE ('', *, *, #1911, .T.);
#1913 = ORIENTED_EDGE ('', *, *, #1862, .F.);
#1914 = EDGE_LOOP ('', (#1878, #1887, #1912, #1913));
#1915 = FACE_OUTER_BOUND ('', #1914, .T.);
#1916 = CARTESIAN_POINT ('', (5.49999999999996, 37.0000000000001, -8.00000000000022));
#1917 = CARTESIAN_POINT ('', (5.49999999999995, 34.2497584203338, -7.99999999999999));
#1918 = CARTESIAN_POINT ('', (5.49999999999997, 37., -10.0000000000002));
#1919 = CARTESIAN_POINT ('', (5.49999999999997, 34.2497584203337, -9.99999999999999));
#1920 = CARTESIAN_POINT ('', (3.49999999999998, 37., -10.0000000000002));
#1921 = CARTESIAN_POINT ('', (3.49999999999997, 34.2497584203337, -10.));
#1922 = (
   BOUNDED_SURFACE ()
   B_SPLINE_SURFACE (2, 1, ((#1916, #1917), (#1918, #1919), (#1920, #1921)), .UNSPECIFIED., .F., .F., .U.)
   B_SPLINE_SURFACE_WITH_KNOTS ((3, 3), (2, 2), (0., 0.314159265358979), (-0.275024157966635, -4.88498130835069E-15), .UNSPECIFIED.)
   GEOMETRIC_REPRESENTATION_ITEM ()
   RATIONAL_B_SPLINE_SURFACE (((1., 1.), (0.707106781186547, 0.707106781186547), (1., 1.)))
   REPRESENTATION_ITEM ('')
   SURFACE ()
);
#1923 = ADVANCED_FACE ('', (#1915), #1922, .T.);
#1924 = CARTESIAN_POINT ('', (-3.5, 37.0000000000001, -10.));
#1925 = VERTEX_POINT ('', #1924);
#1926 = CARTESIAN_POINT ('', (-0.499999999999059, 37.0000000000003, -10.));
#1927 = VERTEX_POINT ('', #1926);
#1928 = CARTESIAN_POINT ('', (-3.5, 37.0000000000003, -10.));
#1929 = CARTESIAN_POINT ('', (-0.499999999999062, 37.0000000000003, -10.));
#1930 = B_SPLINE_CURVE_WITH_KNOTS ('', 1, (#1928, #1929), .UNSPECIFIED., .F., .U., (2, 2), (15.4720553626585, 18.4720553626594), .UNSPECIFIED.);
#1931 = EDGE_CURVE ('', #1925, #1927, #1930, .T.);
#1932 = ORIENTED_EDGE ('', *, *, #1931, .F.);
#1933 = CARTESIAN_POINT ('', (-3.5, 34.2500000000002, -10.));
#1934 = VERTEX_POINT ('', #1933);
#1935 = CARTESIAN_POINT ('', (-3.5, 37.0000000000001, -10.));
#1936 = CARTESIAN_POINT ('', (-3.5, 34.2500000000002, -10.));
#1937 = B_SPLINE_CURVE_WITH_KNOTS ('', 1, (#1935, #1936), .UNSPECIFIED., .F., .U., (2, 2), (0., 0.161764705882349), .UNSPECIFIED.);
#1938 = EDGE_CURVE ('', #1925, #1934, #1937, .T.);
#1939 = ORIENTED_EDGE ('', *, *, #1938, .T.);
#1940 = CARTESIAN_POINT ('', (3.49999999999995, 34.2500000000002, -10.));
#1941 = CARTESIAN_POINT ('', (-3.5, 34.2500000000002, -10.));
#1942 = B_SPLINE_CURVE_WITH_KNOTS ('', 1, (#1940, #1941), .UNSPECIFIED., .F., .U., (2, 2), (0.402626607547876, 0.597373392452175), .UNSPECIFIED.);
#1943 = EDGE_CURVE ('', #1880, #1934, #1942, .T.);
#1944 = ORIENTED_EDGE ('', *, *, #1943, .F.);
#1945 = ORIENTED_EDGE ('', *, *, #1886, .T.);
#1946 = ORIENTED_EDGE ('', *, *, #858, .F.);
#1947 = CARTESIAN_POINT ('', (-0.499999999999062, 37.0000000000001, -9.99999999999997));
#1948 = CARTESIAN_POINT ('', (-0.499999999999053, 36.5000000000002, -9.99999999999997));
#1949 = CARTESIAN_POINT ('', (8.54577434823043E-13, 36.5000000000002, -9.99999999999997));
#1950 = CARTESIAN_POINT ('', (0.500000000000763, 36.5000000000002, -9.99999999999997));
#1951 = CARTESIAN_POINT ('', (0.500000000000754, 37.0000000000001, -9.99999999999997));
#1952 = (
   BOUNDED_CURVE ()
   B_SPLINE_CURVE (2, (#1947, #1948, #1949, #1950, #1951), .UNSPECIFIED., .F., .U.)
   B_SPLINE_CURVE_WITH_KNOTS ((3, 2, 3), (0., 1.5707963267949, 3.14159265358979), .UNSPECIFIED.)
   CURVE ()
   GEOMETRIC_REPRESENTATION_ITEM ()
   RATIONAL_B_SPLINE_CURVE ((1., 0.707106781186543, 1., 0.707106781186539, 1.))
   REPRESENTATION_ITEM ('')
);
#1953 = EDGE_CURVE ('', #1927, #847, #1952, .T.);
#1954 = ORIENTED_EDGE ('', *, *, #1953, .F.);
#1955 = EDGE_LOOP ('', (#1932, #1939, #1944, #1945, #1946, #1954));
#1956 = FACE_OUTER_BOUND ('', #1955, .T.);
#1957 = CARTESIAN_POINT ('', (-3.49999999999999, 34.2500000000002, -10.));
#1958 = CARTESIAN_POINT ('', (-3.49999999999999, 37.0000000000002, -10.));
#1959 = CARTESIAN_POINT ('', (3.49999999999994, 34.2500000000002, -10.));
#1960 = CARTESIAN_POINT ('', (3.49999999999994, 37.0000000000002, -10.));
#1961 = B_SPLINE_SURFACE_WITH_KNOTS ('', 1, 1, ((#1957, #1958), (#1959, #1960)), .UNSPECIFIED., .F., .F., .U., (2, 2), (2, 2), (0.478635782167665, 0.521364217832332), (0.608333680932503, 0.62511985208648), .UNSPECIFIED.);
#1962 = ADVANCED_FACE ('', (#1956), #1961, .T.);
#1963 = CARTESIAN_POINT ('', (-5.50000000000001, 37.0000000000001, -8.));
#1964 = VERTEX_POINT ('', #1963);
#1965 = CARTESIAN_POINT ('', (-3.5, 37.0000000000001, -10.));
#1966 = CARTESIAN_POINT ('', (-5.5, 37.0000000000001, -10.));
#1967 = CARTESIAN_POINT ('', (-5.50000000000001, 37.0000000000001, -8.00000000000001));
#1968 = (
   BOUNDED_CURVE ()
   B_SPLINE_CURVE (2, (#1965, #1966, #1967), .UNSPECIFIED., .F., .U.)
   B_SPLINE_CURVE_WITH_KNOTS ((3, 3), (0., 1.5707963267949), .UNSPECIFIED.)
   CURVE ()
   GEOMETRIC_REPRESENTATION_ITEM ()
   RATIONAL_B_SPLINE_CURVE ((1., 0.707106781186547, 1.))
   REPRESENTATION_ITEM ('')
);
#1969 = EDGE_CURVE ('', #1925, #1964, #1968, .T.);
#1970 = ORIENTED_EDGE ('', *, *, #1969, .T.);
#1971 = CARTESIAN_POINT ('', (-5.50000000000001, 34.2500000000002, -7.99999999999999));
#1972 = VERTEX_POINT ('', #1971);
#1973 = CARTESIAN_POINT ('', (-5.50000000000001, 37.0000000000001, -8.));
#1974 = CARTESIAN_POINT ('', (-5.50000000000001, 34.2500000000002, -8.));
#1975 = B_SPLINE_CURVE_WITH_KNOTS ('', 1, (#1973, #1974), .UNSPECIFIED., .F., .U., (2, 2), (0., 0.161764705882349), .UNSPECIFIED.);
#1976 = EDGE_CURVE ('', #1964, #1972, #1975, .T.);
#1977 = ORIENTED_EDGE ('', *, *, #1976, .T.);
#1978 = CARTESIAN_POINT ('', (-5.49999999999999, 34.2500000000002, -8.));
#1979 = CARTESIAN_POINT ('', (-5.49999999999999, 34.2500000000002, -8.11097994393057));
#1980 = CARTESIAN_POINT ('', (-5.48948598677131, 34.2500000000002, -8.23294217393121));
#1981 = CARTESIAN_POINT ('', (-5.45142369171986, 34.2500000000002, -8.45206227923806));
#1982 = CARTESIAN_POINT ('', (-5.4208334717136, 34.2500000000002, -8.56816679140885));
#1983 = CARTESIAN_POINT ('', (-5.3456946328766, 34.2500000000002, -8.77840894587462));
#1984 = CARTESIAN_POINT ('', (-5.29671880428776, 34.2500000000001, -8.88561317919613));
#1985 = CARTESIAN_POINT ('', (-5.18657176466288, 34.2500000000001, -9.08077614686483));
#1986 = CARTESIAN_POINT ('', (-5.12132707027254, 34.2500000000002, -9.17639276102478));
#1987 = CARTESIAN_POINT ('', (-4.97924454200335, 34.2500000000002, -9.35075105014796));
#1988 = CARTESIAN_POINT ('', (-4.90021489993467, 34.2500000000001, -9.43251214602999));
#1989 = CARTESIAN_POINT ('', (-4.73017015407688, 34.2500000000001, -9.58096999818166));
#1990 = CARTESIAN_POINT ('', (-4.64013546654391, 34.2500000000002, -9.64708101229442));
#1991 = CARTESIAN_POINT ('', (-4.44687589439449, 34.2500000000002, -9.76530579911265));
#1992 = CARTESIAN_POINT ('', (-4.34883137463544, 34.2500000000002, -9.81448720612764));
#1993 = CARTESIAN_POINT ('', (-4.13773311821355, 34.2500000000002, -9.89901871022976));
#1994 = CARTESIAN_POINT ('', (-4.03480180807088, 34.2500000000002, -9.93053428303013));
#1995 = CARTESIAN_POINT ('', (-3.81170974809549, 34.2500000000002, -9.97886699911744));
#1996 = CARTESIAN_POINT ('', (-3.7070508295653, 34.2500000000001, -9.99253795979608));
#1997 = CARTESIAN_POINT ('', (-3.56161402736645, 34.2500000000001, -9.99929473299065));
#1998 = CARTESIAN_POINT ('', (-3.53123648079535, 34.2500000000002, -10.));
#1999 = CARTESIAN_POINT ('', (-3.49999999999999, 34.2500000000002, -10.));
#2000 = B_SPLINE_CURVE_WITH_KNOTS ('', 3, (#1978, #1979, #1980, #1981, #1982, #1983, #1984, #1985, #1986, #1987, #1988, #1989, #1990, #1991, #1992, #1993, #1994, #1995, #1996, #1997, #1998, #1999), .UNSPECIFIED., .F., .U., (4, 2, 2, 2, 2, 2, 2, 2, 2, 2, 4), (0., 0.332939831791734, 0.667204039022855, 1.0027371724446, 1.33950500480113, 1.67749218015328, 2.01670109540855, 2.35715184646453, 2.69888321291909, 3.04195478747453, 3.13566422986062), .UNSPECIFIED.);
#2001 = EDGE_CURVE ('', #1972, #1934, #2000, .T.);
#2002 = ORIENTED_EDGE ('', *, *, #2001, .T.);
#2003 = ORIENTED_EDGE ('', *, *, #1938, .F.);
#2004 = EDGE_LOOP ('', (#1970, #1977, #2002, #2003));
#2005 = FACE_OUTER_BOUND ('', #2004, .T.);
#2006 = CARTESIAN_POINT ('', (-3.50000000000017, 37., -9.99999999999997));
#2007 = CARTESIAN_POINT ('', (-3.50000000000006, 34.2497584203338, -9.99999999999997));
#2008 = CARTESIAN_POINT ('', (-5.50000000000013, 36.9999999999999, -9.99999999999997));
#2009 = CARTESIAN_POINT ('', (-5.50000000000001, 34.2497584203337, -9.99999999999997));
#2010 = CARTESIAN_POINT ('', (-5.50000000000013, 36.9999999999999, -8.00000000000002));
#2011 = CARTESIAN_POINT ('', (-5.50000000000001, 34.2497584203337, -8.00000000000002));
#2012 = (
   BOUNDED_SURFACE ()
   B_SPLINE_SURFACE (2, 1, ((#2006, #2007), (#2008, #2009), (#2010, #2011)), .UNSPECIFIED., .F., .F., .U.)
   B_SPLINE_SURFACE_WITH_KNOTS ((3, 3), (2, 2), (0., 0.314159265358972), (-0.275024157966629, -8.43769498715119E-15), .UNSPECIFIED.)
   GEOMETRIC_REPRESENTATION_ITEM ()
   RATIONAL_B_SPLINE_SURFACE (((1., 1.), (0.707106781186547, 0.707106781186547), (1., 1.)))
   REPRESENTATION_ITEM ('')
   SURFACE ()
);
#2013 = ADVANCED_FACE ('', (#2005), #2012, .T.);
#2014 = CARTESIAN_POINT ('', (-5.5, 37.0000000000001, -4.99999999999999));
#2015 = VERTEX_POINT ('', #2014);
#2016 = CARTESIAN_POINT ('', (-5.5, 37.0000000000001, -4.99999999999999));
#2017 = CARTESIAN_POINT ('', (-5.50000000000001, 37.0000000000001, -8.));
#2018 = B_SPLINE_CURVE_WITH_KNOTS ('', 1, (#2016, #2017), .UNSPECIFIED., .F., .U., (2, 2), (0., 1.), .UNSPECIFIED.);
#2019 = EDGE_CURVE ('', #2015, #1964, #2018, .T.);
#2020 = ORIENTED_EDGE ('', *, *, #2019, .F.);
#2021 = CARTESIAN_POINT ('', (-5.50000000000001, 34.2500000000002, -4.99999999999999));
#2022 = VERTEX_POINT ('', #2021);
#2023 = CARTESIAN_POINT ('', (-5.5, 37.0000000000001, -4.99999999999999));
#2024 = CARTESIAN_POINT ('', (-5.50000000000001, 34.2500000000002, -4.99999999999999));
#2025 = B_SPLINE_CURVE_WITH_KNOTS ('', 1, (#2023, #2024), .UNSPECIFIED., .F., .U., (2, 2), (0., 0.161764705882349), .UNSPECIFIED.);
#2026 = EDGE_CURVE ('', #2015, #2022, #2025, .T.);
#2027 = ORIENTED_EDGE ('', *, *, #2026, .T.);
#2028 = CARTESIAN_POINT ('', (-5.5, 34.2500000000002, -8.00000000000001));
#2029 = CARTESIAN_POINT ('', (-5.5, 34.2500000000002, -4.99999999999999));
#2030 = B_SPLINE_CURVE_WITH_KNOTS ('', 1, (#2028, #2029), .UNSPECIFIED., .F., .U., (2, 2), (0., 1.), .UNSPECIFIED.);
#2031 = EDGE_CURVE ('', #1972, #2022, #2030, .T.);
#2032 = ORIENTED_EDGE ('', *, *, #2031, .F.);
#2033 = ORIENTED_EDGE ('', *, *, #1976, .F.);
#2034 = EDGE_LOOP ('', (#2020, #2027, #2032, #2033));
#2035 = FACE_OUTER_BOUND ('', #2034, .T.);
#2036 = CARTESIAN_POINT ('', (-5.5, 37., -8.));
#2037 = CARTESIAN_POINT ('', (-5.5, 34.2500000000001, -8.));
#2038 = CARTESIAN_POINT ('', (-5.5, 37., -4.99999999999999));
#2039 = CARTESIAN_POINT ('', (-5.5, 34.2500000000001, -4.99999999999998));
#2040 = B_SPLINE_SURFACE_WITH_KNOTS ('', 1, 1, ((#2036, #2037), (#2038, #2039)), .UNSPECIFIED., .F., .F., .U., (2, 2), (2, 2), (0.899999999999995, 1.2), (8.88178419700125E-16, 0.274999999999994), .UNSPECIFIED.);
#2041 = ADVANCED_FACE ('', (#2035), #2040, .T.);
#2042 = CARTESIAN_POINT ('', (-3.5, 37.0000000000001, -2.99999999999999));
#2043 = VERTEX_POINT ('', #2042);
#2044 = CARTESIAN_POINT ('', (-5.50000000000001, 37.0000000000001, -4.99999999999999));
#2045 = CARTESIAN_POINT ('', (-5.5, 37.0000000000001, -2.99999999999999));
#2046 = CARTESIAN_POINT ('', (-3.5, 37.0000000000001, -2.99999999999999));
#2047 = (
   BOUNDED_CURVE ()
   B_SPLINE_CURVE (2, (#2044, #2045, #2046), .UNSPECIFIED., .F., .U.)
   B_SPLINE_CURVE_WITH_KNOTS ((3, 3), (0., 1.5707963267949), .UNSPECIFIED.)
   CURVE ()
   GEOMETRIC_REPRESENTATION_ITEM ()
   RATIONAL_B_SPLINE_CURVE ((1., 0.707106781186547, 1.))
   REPRESENTATION_ITEM ('')
);
#2048 = EDGE_CURVE ('', #2015, #2043, #2047, .T.);
#2049 = ORIENTED_EDGE ('', *, *, #2048, .T.);
#2050 = CARTESIAN_POINT ('', (-3.5, 34.2500000000002, -2.99999999999999));
#2051 = VERTEX_POINT ('', #2050);
#2052 = CARTESIAN_POINT ('', (-3.5, 37.0000000000001, -2.99999999999999));
#2053 = CARTESIAN_POINT ('', (-3.5, 34.2500000000002, -2.99999999999999));
#2054 = B_SPLINE_CURVE_WITH_KNOTS ('', 1, (#2052, #2053), .UNSPECIFIED., .F., .U., (2, 2), (0., 0.161764705882349), .UNSPECIFIED.);
#2055 = EDGE_CURVE ('', #2043, #2051, #2054, .T.);
#2056 = ORIENTED_EDGE ('', *, *, #2055, .T.);
#2057 = CARTESIAN_POINT ('', (-3.49999999999999, 34.2500000000002, -2.99999999999999));
#2058 = CARTESIAN_POINT ('', (-3.61097994393056, 34.2500000000002, -2.99999999999999));
#2059 = CARTESIAN_POINT ('', (-3.73294217393121, 34.2500000000002, -3.01051401322869));
#2060 = CARTESIAN_POINT ('', (-3.95206227923805, 34.2500000000002, -3.04857630828014));
#2061 = CARTESIAN_POINT ('', (-4.06816679140884, 34.2500000000002, -3.0791665282864));
#2062 = CARTESIAN_POINT ('', (-4.27840894587461, 34.2500000000002, -3.1543053671234));
#2063 = CARTESIAN_POINT ('', (-4.38561317919613, 34.2500000000002, -3.20328119571224));
#2064 = CARTESIAN_POINT ('', (-4.58077614686482, 34.2500000000002, -3.31342823533712));
#2065 = CARTESIAN_POINT ('', (-4.67639276102477, 34.2500000000002, -3.37867292972745));
#2066 = CARTESIAN_POINT ('', (-4.85075105014795, 34.2500000000002, -3.52075545799664));
#2067 = CARTESIAN_POINT ('', (-4.93251214602999, 34.2500000000002, -3.59978510006532));
#2068 = CARTESIAN_POINT ('', (-5.08096999818167, 34.2500000000002, -3.76982984592311));
#2069 = CARTESIAN_POINT ('', (-5.14708101229442, 34.2500000000002, -3.85986453345609));
#2070 = CARTESIAN_POINT ('', (-5.26530579911265, 34.2500000000002, -4.05312410560552));
#2071 = CARTESIAN_POINT ('', (-5.31448720612765, 34.2500000000002, -4.15116862536457));
#2072 = CARTESIAN_POINT ('', (-5.39901871022977, 34.2500000000002, -4.36226688178647));
#2073 = CARTESIAN_POINT ('', (-5.43053428303014, 34.2500000000001, -4.46519819192913));
#2074 = CARTESIAN_POINT ('', (-5.47886699911745, 34.2500000000001, -4.68829025190451));
#2075 = CARTESIAN_POINT ('', (-5.49253795979608, 34.2500000000001, -4.7929491704347));
#2076 = CARTESIAN_POINT ('', (-5.49929473299065, 34.2500000000001, -4.93838597263354));
#2077 = CARTESIAN_POINT ('', (-5.49999999999999, 34.2500000000001, -4.96876351920463));
#2078 = CARTESIAN_POINT ('', (-5.49999999999999, 34.2500000000001, -4.99999999999999));
#2079 = B_SPLINE_CURVE_WITH_KNOTS ('', 3, (#2057, #2058, #2059, #2060, #2061, #2062, #2063, #2064, #2065, #2066, #2067, #2068, #2069, #2070, #2071, #2072, #2073, #2074, #2075, #2076, #2077, #2078), .UNSPECIFIED., .F., .U., (4, 2, 2, 2, 2, 2, 2, 2, 2, 2, 4), (0., 0.332939831791724, 0.66720403902284, 1.00273717244459, 1.33950500480112, 1.67749218015326, 2.01670109540854, 2.35715184646454, 2.6988832129191, 3.04195478747453, 3.1356642298606), .UNSPECIFIED.);
#2080 = EDGE_CURVE ('', #2051, #2022, #2079, .T.);
#2081 = ORIENTED_EDGE ('', *, *, #2080, .T.);
#2082 = ORIENTED_EDGE ('', *, *, #2026, .F.);
#2083 = EDGE_LOOP ('', (#2049, #2056, #2081, #2082));
#2084 = FACE_OUTER_BOUND ('', #2083, .T.);
#2085 = CARTESIAN_POINT ('', (-5.5, 36.9999999999998, -5.00000000000019));
#2086 = CARTESIAN_POINT ('', (-5.50000000000001, 34.2497584203338, -4.99999999999996));
#2087 = CARTESIAN_POINT ('', (-5.49999999999999, 37., -3.0000000000002));
#2088 = CARTESIAN_POINT ('', (-5.5, 34.249758420334, -2.99999999999997));
#2089 = CARTESIAN_POINT ('', (-3.5, 37., -3.00000000000021));
#2090 = CARTESIAN_POINT ('', (-3.50000000000001, 34.249758420334, -2.99999999999998));
#2091 = (
   BOUNDED_SURFACE ()
   B_SPLINE_SURFACE (2, 1, ((#2085, #2086), (#2087, #2088), (#2089, #2090)), .UNSPECIFIED., .F., .F., .U.)
   B_SPLINE_SURFACE_WITH_KNOTS ((3, 3), (2, 2), (0., 0.314159265358977), (-0.275024157966599, 0.), .UNSPECIFIED.)
   GEOMETRIC_REPRESENTATION_ITEM ()
   RATIONAL_B_SPLINE_SURFACE (((1., 1.), (0.707106781186547, 0.707106781186547), (1., 1.)))
   REPRESENTATION_ITEM ('')
   SURFACE ()
);
#2092 = ADVANCED_FACE ('', (#2084), #2091, .T.);
#2093 = ORIENTED_EDGE ('', *, *, #853, .F.);
#2094 = ORIENTED_EDGE ('', *, *, #727, .F.);
#2095 = CARTESIAN_POINT ('', (-0.499999999999059, 37.0000000000001, -13.));
#2096 = CARTESIAN_POINT ('', (-0.499999999999059, 37.0000000000001, -12.));
#2097 = CARTESIAN_POINT ('', (-0.499999999999059, 37.0000000000001, -11.));
#2098 = CARTESIAN_POINT ('', (-0.499999999999059, 37.0000000000001, -10.));
#2099 = B_SPLINE_CURVE_WITH_KNOTS ('', 3, (#2095, #2096, #2097, #2098), .UNSPECIFIED., .F., .U., (4, 4), (0., 2.99999999999999), .UNSPECIFIED.);
#2100 = EDGE_CURVE ('', #715, #1927, #2099, .T.);
#2101 = ORIENTED_EDGE ('', *, *, #2100, .T.);
#2102 = ORIENTED_EDGE ('', *, *, #1953, .T.);
#2103 = EDGE_LOOP ('', (#2093, #2094, #2101, #2102));
#2104 = FACE_OUTER_BOUND ('', #2103, .T.);
#2105 = CARTESIAN_POINT ('', (-0.499999999999062, 37.0000000000001, -13.));
#2106 = CARTESIAN_POINT ('', (-0.499999999999057, 36.5000000000002, -13.));
#2107 = CARTESIAN_POINT ('', (8.47877323906232E-13, 36.5000000000002, -13.));
#2108 = CARTESIAN_POINT ('', (0.500000000000753, 36.5000000000002, -13.));
#2109 = CARTESIAN_POINT ('', (0.500000000000749, 37.0000000000001, -13.));
#2110 = CARTESIAN_POINT ('', (-0.499999999999055, 37.0000000000001, -9.99999999999997));
#2111 = CARTESIAN_POINT ('', (-0.499999999999051, 36.5000000000002, -9.99999999999997));
#2112 = CARTESIAN_POINT ('', (8.54538662053984E-13, 36.5000000000002, -9.99999999999997));
#2113 = CARTESIAN_POINT ('', (0.50000000000076, 36.5000000000002, -9.99999999999997));
#2114 = CARTESIAN_POINT ('', (0.500000000000755, 37.0000000000001, -9.99999999999997));
#2115 = (
   BOUNDED_SURFACE ()
   B_SPLINE_SURFACE (1, 2, ((#2105, #2106, #2107, #2108, #2109), (#2110, #2111, #2112, #2113, #2114)), .UNSPECIFIED., .F., .F., .U.)
   B_SPLINE_SURFACE_WITH_KNOTS ((2, 2), (3, 2, 3), (2.22044604925031E-16, 0.300000000000004), (0.15707963267946, 0.23561944901919, 0.31415926535892), .UNSPECIFIED.)
   GEOMETRIC_REPRESENTATION_ITEM ()
   RATIONAL_B_SPLINE_SURFACE (((1., 0.707106781186547, 1., 0.707106781186547, 1.), (1., 0.707106781186547, 1., 0.707106781186547, 1.)))
   REPRESENTATION_ITEM ('')
   SURFACE ()
);
#2116 = ADVANCED_FACE ('', (#2104), #2115, .T.);
#2117 = ORIENTED_EDGE ('', *, *, #719, .F.);
#2118 = CARTESIAN_POINT ('', (-17.9720553626585, 37.0000000000003, -10.));
#2119 = CARTESIAN_POINT ('', (-17.9720553626585, 37.0000000000003, -13.));
#2120 = B_SPLINE_CURVE_WITH_KNOTS ('', 1, (#2118, #2119), .UNSPECIFIED., .F., .U., (2, 2), (0., 1.), .UNSPECIFIED.);
#2121 = EDGE_CURVE ('', #1152, #705, #2120, .T.);
#2122 = ORIENTED_EDGE ('', *, *, #2121, .F.);
#2123 = ORIENTED_EDGE ('', *, *, #1156, .F.);
#2124 = ORIENTED_EDGE ('', *, *, #1225, .F.);
#2125 = ORIENTED_EDGE ('', *, *, #1779, .F.);
#2126 = CARTESIAN_POINT ('', (-3.5, 37.0000000000001, -2.99999999999999));
#2127 = CARTESIAN_POINT ('', (-0.499999999999066, 37.0000000000001, -2.99999999999999));
#2128 = B_SPLINE_CURVE_WITH_KNOTS ('', 1, (#2126, #2127), .UNSPECIFIED., .F., .U., (2, 2), (15.4720553626585, 18.4720553626594), .UNSPECIFIED.);
#2129 = EDGE_CURVE ('', #2043, #1773, #2128, .T.);
#2130 = ORIENTED_EDGE ('', *, *, #2129, .F.);
#2131 = ORIENTED_EDGE ('', *, *, #2048, .F.);
#2132 = ORIENTED_EDGE ('', *, *, #2019, .T.);
#2133 = ORIENTED_EDGE ('', *, *, #1969, .F.);
#2134 = ORIENTED_EDGE ('', *, *, #1931, .T.);
#2135 = ORIENTED_EDGE ('', *, *, #2100, .F.);
#2136 = EDGE_LOOP ('', (#2117, #2122, #2123, #2124, #2125, #2130, #2131, #2132, #2133, #2134, #2135));
#2137 = FACE_OUTER_BOUND ('', #2136, .T.);
#2138 = CARTESIAN_POINT ('', (-17.9720553626585, 37.0000000000001, -1.5));
#2139 = CARTESIAN_POINT ('', (-17.9720553626585, 37.0000000000001, -13.));
#2140 = CARTESIAN_POINT ('', (-0.499999999999037, 37.0000000000001, -1.5));
#2141 = CARTESIAN_POINT ('', (-0.499999999999037, 37.0000000000001, -13.));
#2142 = B_SPLINE_SURFACE_WITH_KNOTS ('', 1, 1, ((#2138, #2139), (#2140, #2141)), .UNSPECIFIED., .F., .F., .U., (2, 2), (2, 2), (0.1, 1.84720553626594), (0.15, 1.3), .UNSPECIFIED.);
#2143 = ADVANCED_FACE ('', (#2137), #2142, .T.);
#2144 = ORIENTED_EDGE ('', *, *, #712, .F.);
#2145 = CARTESIAN_POINT ('', (-26.6223672552767, 21.9828191022821, -10.));
#2146 = CARTESIAN_POINT ('', (-26.6223672552767, 21.9828191022821, -13.));
#2147 = B_SPLINE_CURVE_WITH_KNOTS ('', 1, (#2145, #2146), .UNSPECIFIED., .F., .U., (2, 2), (0., 1.), .UNSPECIFIED.);
#2148 = EDGE_CURVE ('', #1159, #698, #2147, .T.);
#2149 = ORIENTED_EDGE ('', *, *, #2148, .F.);
#2150 = ORIENTED_EDGE ('', *, *, #1166, .T.);
#2151 = ORIENTED_EDGE ('', *, *, #2121, .T.);
#2152 = EDGE_LOOP ('', (#2144, #2149, #2150, #2151));
#2153 = FACE_OUTER_BOUND ('', #2152, .T.);
#2154 = CARTESIAN_POINT ('', (-26.6223672552767, 21.982819102282, -10.));
#2155 = CARTESIAN_POINT ('', (-26.6223672552767, 21.9828191022821, -13.0000000000002));
#2156 = CARTESIAN_POINT ('', (-29.5223586802234, 26.9828043177076, -9.99999999999996));
#2157 = CARTESIAN_POINT ('', (-29.5223586802234, 26.9828043177076, -13.0000000000001));
#2158 = CARTESIAN_POINT ('', (-26.6372676790759, 31.991402158854, -9.99999999999991));
#2159 = CARTESIAN_POINT ('', (-26.6372676790759, 31.991402158854, -13.));
#2160 = CARTESIAN_POINT ('', (-23.7521766779285, 37.0000000000004, -9.99999999999985));
#2161 = CARTESIAN_POINT ('', (-23.7521766779285, 37.0000000000004, -13.));
#2162 = CARTESIAN_POINT ('', (-17.9720553626585, 37.0000000000003, -9.99999999999988));
#2163 = CARTESIAN_POINT ('', (-17.9720553626585, 37.0000000000003, -13.));
#2164 = (
   BOUNDED_SURFACE ()
   B_SPLINE_SURFACE (2, 1, ((#2154, #2155), (#2156, #2157), (#2158, #2159), (#2160, #2161), (#2162, #2163)), .UNSPECIFIED., .F., .F., .U.)
   B_SPLINE_SURFACE_WITH_KNOTS ((3, 2, 3), (2, 2), (0., 1.04819006017325, 2.09638012034649), (0., 0.300000000000013), .UNSPECIFIED.)
   GEOMETRIC_REPRESENTATION_ITEM ()
   RATIONAL_B_SPLINE_SURFACE (((1., 1.), (0.865777169913065, 0.865777169913065), (1., 1.), (0.865777169913065, 0.865777169913065), (1., 1.)))
   REPRESENTATION_ITEM ('')
   SURFACE ()
);
#2165 = ADVANCED_FACE ('', (#2153), #2164, .T.);
#2166 = ORIENTED_EDGE ('', *, *, #2148, .T.);
#2167 = ORIENTED_EDGE ('', *, *, #702, .F.);
#2168 = CARTESIAN_POINT ('', (-8.65031189261789, -9.00348324713147, -10.));
#2169 = CARTESIAN_POINT ('', (-8.65031189261789, -9.00348324713147, -13.));
#2170 = B_SPLINE_CURVE_WITH_KNOTS ('', 1, (#2168, #2169), .UNSPECIFIED., .F., .U., (2, 2), (0., 1.), .UNSPECIFIED.);
#2171 = EDGE_CURVE ('', #1415, #688, #2170, .T.);
#2172 = ORIENTED_EDGE ('', *, *, #2171, .F.);
#2173 = ORIENTED_EDGE ('', *, *, #1419, .F.);
#2174 = ORIENTED_EDGE ('', *, *, #1075, .F.);
#2175 = ORIENTED_EDGE ('', *, *, #1171, .T.);
#2176 = EDGE_LOOP ('', (#2166, #2167, #2172, #2173, #2174, #2175));
#2177 = FACE_OUTER_BOUND ('', #2176, .T.);
#2178 = CARTESIAN_POINT ('', (-8.65031189261793, -9.00348324713161, -1.5));
#2179 = CARTESIAN_POINT ('', (-8.65031189261793, -9.00348324713161, -13.));
#2180 = CARTESIAN_POINT ('', (-26.6223672552768, 21.9828191022821, -1.5));
#2181 = CARTESIAN_POINT ('', (-26.6223672552768, 21.9828191022821, -13.));
#2182 = B_SPLINE_SURFACE_WITH_KNOTS ('', 1, 1, ((#2178, #2179), (#2180, #2181)), .UNSPECIFIED., .F., .F., .U., (2, 2), (2, 2), (7.47651339832853, 11.0586157241252), (0.15, 1.3), .UNSPECIFIED.);
#2183 = ADVANCED_FACE ('', (#2177), #2182, .T.);
#2184 = ORIENTED_EDGE ('', *, *, #695, .F.);
#2185 = CARTESIAN_POINT ('', (8.65031189261832, -9.00348324713173, -10.));
#2186 = CARTESIAN_POINT ('', (8.65031189261832, -9.00348324713173, -13.));
#2187 = B_SPLINE_CURVE_WITH_KNOTS ('', 1, (#2185, #2186), .UNSPECIFIED., .F., .U., (2, 2), (0., 1.), .UNSPECIFIED.);
#2188 = EDGE_CURVE ('', #1422, #681, #2187, .T.);
#2189 = ORIENTED_EDGE ('', *, *, #2188, .F.);
#2190 = ORIENTED_EDGE ('', *, *, #1429, .T.);
#2191 = ORIENTED_EDGE ('', *, *, #2171, .T.);
#2192 = EDGE_LOOP ('', (#2184, #2189, #2190, #2191));
#2193 = FACE_OUTER_BOUND ('', #2192, .T.);
#2194 = CARTESIAN_POINT ('', (8.65031189261832, -9.00348324713169, -10.));
#2195 = CARTESIAN_POINT ('', (8.65031189261831, -9.00348324713173, -13.0000000000001));
#2196 = CARTESIAN_POINT ('', (5.76027681329496, -13.9863023494134, -9.99999999999993));
#2197 = CARTESIAN_POINT ('', (5.76027681329495, -13.9863023494134, -13.));
#2198 = CARTESIAN_POINT ('', (7.5162098767123E-14, -13.9863023494133, -9.9999999999999));
#2199 = CARTESIAN_POINT ('', (6.29496454962463E-14, -13.9863023494133, -13.));
#2200 = CARTESIAN_POINT ('', (-5.76027681329481, -13.9863023494132, -9.99999999999987));
#2201 = CARTESIAN_POINT ('', (-5.76027681329482, -13.9863023494132, -13.));
#2202 = CARTESIAN_POINT ('', (-8.65031189261799, -9.00348324713137, -9.99999999999992));
#2203 = CARTESIAN_POINT ('', (-8.650311892618, -9.00348324713142, -13.));
#2204 = (
   BOUNDED_SURFACE ()
   B_SPLINE_SURFACE (2, 1, ((#2194, #2195), (#2196, #2197), (#2198, #2199), (#2200, #2201), (#2202, #2203)), .UNSPECIFIED., .F., .F., .U.)
   B_SPLINE_SURFACE_WITH_KNOTS ((3, 2, 3), (2, 2), (0., 1.04521253324331, 2.09042506648662), (4.44089209850063E-16, 0.300000000000009), .UNSPECIFIED.)
   GEOMETRIC_REPRESENTATION_ITEM ()
   RATIONAL_B_SPLINE_SURFACE (((1., 1.), (0.866521231641738, 0.866521231641738), (1., 1.), (0.866521231641738, 0.866521231641738), (1., 1.)))
   REPRESENTATION_ITEM ('')
   SURFACE ()
);
#2205 = ADVANCED_FACE ('', (#2193), #2204, .T.);
#2206 = ORIENTED_EDGE ('', *, *, #2188, .T.);
#2207 = ORIENTED_EDGE ('', *, *, #685, .F.);
#2208 = CARTESIAN_POINT ('', (26.6223672552782, 21.9828191022819, -10.));
#2209 = CARTESIAN_POINT ('', (26.6223672552782, 21.9828191022819, -13.));
#2210 = B_SPLINE_CURVE_WITH_KNOTS ('', 1, (#2208, #2209), .UNSPECIFIED., .F., .U., (2, 2), (0., 1.), .UNSPECIFIED.);
#2211 = EDGE_CURVE ('', #886, #671, #2210, .T.);
#2212 = ORIENTED_EDGE ('', *, *, #2211, .F.);
#2213 = ORIENTED_EDGE ('', *, *, #890, .F.);
#2214 = ORIENTED_EDGE ('', *, *, #982, .F.);
#2215 = ORIENTED_EDGE ('', *, *, #1434, .T.);
#2216 = EDGE_LOOP ('', (#2206, #2207, #2212, #2213, #2214, #2215));
#2217 = FACE_OUTER_BOUND ('', #2216, .T.);
#2218 = CARTESIAN_POINT ('', (26.6223672552783, 21.9828191022818, -1.49999999999999));
#2219 = CARTESIAN_POINT ('', (26.6223672552783, 21.9828191022818, -13.));
#2220 = CARTESIAN_POINT ('', (8.65031189261828, -9.00348324713205, -1.49999999999999));
#2221 = CARTESIAN_POINT ('', (8.65031189261828, -9.00348324713205, -13.));
#2222 = B_SPLINE_SURFACE_WITH_KNOTS ('', 1, 1, ((#2218, #2219), (#2220, #2221)), .UNSPECIFIED., .F., .F., .U., (2, 2), (2, 2), (3.79441107253185, 7.37651339832853), (0.149999999999999, 1.3), .UNSPECIFIED.);
#2223 = ADVANCED_FACE ('', (#2217), #2222, .T.);
#2224 = ORIENTED_EDGE ('', *, *, #678, .F.);
#2225 = ORIENTED_EDGE ('', *, *, #843, .F.);
#2226 = ORIENTED_EDGE ('', *, *, #898, .T.);
#2227 = ORIENTED_EDGE ('', *, *, #2211, .T.);
#2228 = EDGE_LOOP ('', (#2224, #2225, #2226, #2227));
#2229 = FACE_OUTER_BOUND ('', #2228, .T.);
#2230 = CARTESIAN_POINT ('', (17.9720553626602, 37.0000000000002, -9.99999999999998));
#2231 = CARTESIAN_POINT ('', (17.9720553626602, 37.0000000000002, -13.));
#2232 = CARTESIAN_POINT ('', (23.7521766779302, 37.0000000000002, -9.99999999999996));
#2233 = CARTESIAN_POINT ('', (23.7521766779302, 37.0000000000002, -13.));
#2234 = CARTESIAN_POINT ('', (26.6372676790776, 31.9914021588537, -9.99999999999995));
#2235 = CARTESIAN_POINT ('', (26.6372676790777, 31.9914021588537, -13.));
#2236 = CARTESIAN_POINT ('', (29.5223586802251, 26.9828043177073, -9.99999999999995));
#2237 = CARTESIAN_POINT ('', (29.5223586802251, 26.9828043177073, -13.));
#2238 = CARTESIAN_POINT ('', (26.6223672552784, 21.9828191022817, -9.99999999999997));
#2239 = CARTESIAN_POINT ('', (26.6223672552784, 21.9828191022817, -13.));
#2240 = (
   BOUNDED_SURFACE ()
   B_SPLINE_SURFACE (2, 1, ((#2230, #2231), (#2232, #2233), (#2234, #2235), (#2236, #2237), (#2238, #2239)), .UNSPECIFIED., .F., .F., .U.)
   B_SPLINE_SURFACE_WITH_KNOTS ((3, 2, 3), (2, 2), (0., 1.04819006017326, 2.09638012034651), (8.32667268468867E-16, 0.300000000000005), .UNSPECIFIED.)
   GEOMETRIC_REPRESENTATION_ITEM ()
   RATIONAL_B_SPLINE_SURFACE (((1., 1.), (0.86577716991307, 0.86577716991307), (1., 1.), (0.86577716991307, 0.86577716991307), (1., 1.)))
   REPRESENTATION_ITEM ('')
   SURFACE ()
);
#2241 = ADVANCED_FACE ('', (#2229), #2240, .T.);
#2242 = ORIENTED_EDGE ('', *, *, #395, .F.);
#2243 = ORIENTED_EDGE ('', *, *, #417, .F.);
#2244 = ORIENTED_EDGE ('', *, *, #453, .F.);
#2245 = ORIENTED_EDGE ('', *, *, #484, .F.);
#2246 = CARTESIAN_POINT ('', (-3.5, 34.2500000000002, -2.99999999999999));
#2247 = CARTESIAN_POINT ('', (-14.25, 34.2500000000001, -2.99999999999999));
#2248 = B_SPLINE_CURVE_WITH_KNOTS ('', 1, (#2246, #2247), .UNSPECIFIED., .F., .U., (2, 2), (0.597373392452175, 0.896448812126636), .UNSPECIFIED.);
#2249 = EDGE_CURVE ('', #2051, #473, #2248, .T.);
#2250 = ORIENTED_EDGE ('', *, *, #2249, .F.);
#2251 = ORIENTED_EDGE ('', *, *, #2055, .F.);
#2252 = ORIENTED_EDGE ('', *, *, #2129, .T.);
#2253 = ORIENTED_EDGE ('', *, *, #1790, .T.);
#2254 = ORIENTED_EDGE ('', *, *, #815, .T.);
#2255 = ORIENTED_EDGE ('', *, *, #1844, .T.);
#2256 = CARTESIAN_POINT ('', (14.25, 34.2500000000002, -2.99999999999999));
#2257 = VERTEX_POINT ('', #2256);
#2258 = CARTESIAN_POINT ('', (14.25, 34.2500000000002, -2.99999999999999));
#2259 = CARTESIAN_POINT ('', (3.49999999999996, 34.2500000000002, -2.99999999999999));
#2260 = B_SPLINE_CURVE_WITH_KNOTS ('', 1, (#2258, #2259), .UNSPECIFIED., .F., .U., (2, 2), (0.103551187873412, 0.402626607547876), .UNSPECIFIED.);
#2261 = EDGE_CURVE ('', #2257, #1815, #2260, .T.);
#2262 = ORIENTED_EDGE ('', *, *, #2261, .F.);
#2263 = CARTESIAN_POINT ('', (14.25, 18., -2.99999999999999));
#2264 = VERTEX_POINT ('', #2263);
#2265 = CARTESIAN_POINT ('', (14.25, 34.2499999999991, -2.99999999999999));
#2266 = CARTESIAN_POINT ('', (14.25, 18., -2.99999999999999));
#2267 = B_SPLINE_CURVE_WITH_KNOTS ('', 1, (#2265, #2266), .UNSPECIFIED., .F., .U., (2, 2), (0., 1.), .UNSPECIFIED.);
#2268 = EDGE_CURVE ('', #2257, #2264, #2267, .T.);
#2269 = ORIENTED_EDGE ('', *, *, #2268, .T.);
#2270 = CARTESIAN_POINT ('', (15.7448457306845, 15.4049064322146, -2.99999999999999));
#2271 = VERTEX_POINT ('', #2270);
#2272 = CARTESIAN_POINT ('', (14.25, 18., -2.99999999999999));
#2273 = CARTESIAN_POINT ('', (14.25, 17.7400078248195, -2.99999999999999));
#2274 = CARTESIAN_POINT ('', (14.2843715503912, 17.4778469285491, -2.99999999999999));
#2275 = CARTESIAN_POINT ('', (14.4177763766807, 16.9778352603882, -2.99999999999999));
#2276 = CARTESIAN_POINT ('', (14.5172705985385, 16.7356814381723, -2.99999999999999));
#2277 = CARTESIAN_POINT ('', (14.7716103530921, 16.2903913338951, -2.99999999999999));
#2278 = CARTESIAN_POINT ('', (14.928011350909, 16.0833503850173, -2.99999999999999));
#2279 = CARTESIAN_POINT ('', (15.2951596505056, 15.7084512304346, -2.99999999999999));
#2280 = CARTESIAN_POINT ('', (15.5117739074435, 15.5400880896944, -2.99999999999999));
#2281 = CARTESIAN_POINT ('', (15.7448457306845, 15.4049064322146, -2.99999999999999));
#2282 = B_SPLINE_CURVE_WITH_KNOTS ('', 3, (#2272, #2273, #2274, #2275, #2276, #2277, #2278, #2279, #2280, #2281), .UNSPECIFIED., .F., .U., (4, 2, 2, 2, 4), (0., 0.779976525541562, 1.55250656802794, 2.3184003583723, 3.12671279658607), .UNSPECIFIED.);
#2283 = EDGE_CURVE ('', #2264, #2271, #2282, .T.);
#2284 = ORIENTED_EDGE ('', *, *, #2283, .T.);
#2285 = CARTESIAN_POINT ('', (15.7448457306846, 15.4049064322147, -2.99999999999999));
#2286 = CARTESIAN_POINT ('', (18.6506045246825, 13.7195663316959, -2.99999999999999));
#2287 = B_SPLINE_CURVE_WITH_KNOTS ('', 1, (#2285, #2286), .UNSPECIFIED., .F., .U., (2, 2), (0., 1.), .UNSPECIFIED.);
#2288 = EDGE_CURVE ('', #2271, #250, #2287, .T.);
#2289 = ORIENTED_EDGE ('', *, *, #2288, .T.);
#2290 = ORIENTED_EDGE ('', *, *, #254, .F.);
#2291 = CARTESIAN_POINT ('', (10.2582560522988, -0.750000000000014, -2.99999999999999));
#2292 = CARTESIAN_POINT ('', (-10.258256052298, -0.750000000000016, -2.99999999999999));
#2293 = B_SPLINE_CURVE_WITH_KNOTS ('', 1, (#2291, #2292), .UNSPECIFIED., .F., .U., (2, 2), (0., 1.), .UNSPECIFIED.);
#2294 = EDGE_CURVE ('', #243, #350, #2293, .T.);
#2295 = ORIENTED_EDGE ('', *, *, #2294, .T.);
#2296 = EDGE_LOOP ('', (#2242, #2243, #2244, #2245, #2250, #2251, #2252, #2253, #2254, #2255, #2262, #2269, #2284, #2289, #2290, #2295));
#2297 = FACE_OUTER_BOUND ('', #2296, .T.);
#2298 = ORIENTED_EDGE ('', *, *, #1660, .T.);
#2299 = ORIENTED_EDGE ('', *, *, #1683, .T.);
#2300 = ORIENTED_EDGE ('', *, *, #1550, .T.);
#2301 = ORIENTED_EDGE ('', *, *, #1579, .T.);
#2302 = ORIENTED_EDGE ('', *, *, #1607, .T.);
#2303 = ORIENTED_EDGE ('', *, *, #1632, .T.);
#2304 = EDGE_LOOP ('', (#2298, #2299, #2300, #2301, #2302, #2303));
#2305 = FACE_BOUND ('', #2304, .T.);
#2306 = CARTESIAN_POINT ('', (-9.50000000000001, 26.75, -3.));
#2307 = VERTEX_POINT ('', #2306);
#2308 = CARTESIAN_POINT ('', (-6.00000000000001, 26.75, -3.));
#2309 = VERTEX_POINT ('', #2308);
#2310 = CARTESIAN_POINT ('', (-9.50000000000001, 26.75, -3.));
#2311 = CARTESIAN_POINT ('', (-9.50000000000001, 26.646880261077, -3.));
#2312 = CARTESIAN_POINT ('', (-9.48168166498096, 26.4329209847241, -3.));
#2313 = CARTESIAN_POINT ('', (-9.38882054094071, 26.1038441115227, -3.));
#2314 = CARTESIAN_POINT ('', (-9.22581333241177, 25.7867081187853, -3.));
#2315 = CARTESIAN_POINT ('', (-8.99637899720809, 25.5036210027919, -3.));
#2316 = CARTESIAN_POINT ('', (-8.71329188121467, 25.2741866675882, -3.));
#2317 = CARTESIAN_POINT ('', (-8.39615588847729, 25.1111794590593, -3.));
#2318 = CARTESIAN_POINT ('', (-8.06707901527592, 25.018318335019, -3.));
#2319 = CARTESIAN_POINT ('', (-7.85311973892305, 25., -3.));
#2320 = CARTESIAN_POINT ('', (-7.64688026107697, 25., -3.));
#2321 = CARTESIAN_POINT ('', (-7.4329209847241, 25.018318335019, -3.));
#2322 = CARTESIAN_POINT ('', (-7.10384411152274, 25.1111794590593, -3.));
#2323 = CARTESIAN_POINT ('', (-6.78670811878535, 25.2741866675882, -3.));
#2324 = CARTESIAN_POINT ('', (-6.50362100279193, 25.5036210027919, -3.));
#2325 = CARTESIAN_POINT ('', (-6.27418666758824, 25.7867081187853, -3.));
#2326 = CARTESIAN_POINT ('', (-6.11117945905931, 26.1038441115227, -3.));
#2327 = CARTESIAN_POINT ('', (-6.01831833501906, 26.4329209847241, -3.));
#2328 = CARTESIAN_POINT ('', (-6.00000000000001, 26.646880261077, -3.));
#2329 = CARTESIAN_POINT ('', (-6.00000000000001, 26.75, -3.));
#2330 = B_SPLINE_CURVE_WITH_KNOTS ('', 3, (#2310, #2311, #2312, #2313, #2314, #2315, #2316, #2317, #2318, #2319, #2320, #2321, #2322, #2323, #2324, #2325, #2326, #2327, #2328, #2329), .UNSPECIFIED., .F., .U., (4, 1, 1, 1, 1, 1, 1, 1, 2, 1, 1, 1, 1, 1, 1, 1, 4), (-1., -0.96875, -0.9375, -0.90625, -0.875, -0.84375, -0.8125, -0.78125, -0.75, -0.71875, -0.6875, -0.65625, -0.625, -0.59375, -0.5625, -0.53125, -0.5), .UNSPECIFIED.);
#2331 = EDGE_CURVE ('', #2307, #2309, #2330, .T.);
#2332 = ORIENTED_EDGE ('', *, *, #2331, .T.);
#2333 = CARTESIAN_POINT ('', (-6.00000000000001, 26.75, -3.));
#2334 = CARTESIAN_POINT ('', (-6.00000000000001, 26.853119738923, -3.));
#2335 = CARTESIAN_POINT ('', (-6.01831833501906, 27.0670790152759, -3.));
#2336 = CARTESIAN_POINT ('', (-6.11117945905931, 27.3961558884773, -3.));
#2337 = CARTESIAN_POINT ('', (-6.27418666758824, 27.7132918812147, -3.));
#2338 = CARTESIAN_POINT ('', (-6.50362100279193, 27.9963789972081, -3.));
#2339 = CARTESIAN_POINT ('', (-6.78670811878535, 28.2258133324118, -3.));
#2340 = CARTESIAN_POINT ('', (-7.10384411152274, 28.3888205409407, -3.));
#2341 = CARTESIAN_POINT ('', (-7.4329209847241, 28.481681664981, -3.));
#2342 = CARTESIAN_POINT ('', (-7.64688026107697, 28.5, -3.));
#2343 = CARTESIAN_POINT ('', (-7.85311973892305, 28.5, -3.));
#2344 = CARTESIAN_POINT ('', (-8.06707901527592, 28.481681664981, -3.));
#2345 = CARTESIAN_POINT ('', (-8.39615588847729, 28.3888205409407, -3.));
#2346 = CARTESIAN_POINT ('', (-8.71329188121467, 28.2258133324118, -3.));
#2347 = CARTESIAN_POINT ('', (-8.99637899720809, 27.9963789972081, -3.));
#2348 = CARTESIAN_POINT ('', (-9.22581333241177, 27.7132918812147, -3.));
#2349 = CARTESIAN_POINT ('', (-9.38882054094071, 27.3961558884773, -3.));
#2350 = CARTESIAN_POINT ('', (-9.48168166498096, 27.0670790152759, -3.));
#2351 = CARTESIAN_POINT ('', (-9.50000000000001, 26.853119738923, -3.));
#2352 = CARTESIAN_POINT ('', (-9.50000000000001, 26.75, -3.));
#2353 = B_SPLINE_CURVE_WITH_KNOTS ('', 3, (#2333, #2334, #2335, #2336, #2337, #2338, #2339, #2340, #2341, #2342, #2343, #2344, #2345, #2346, #2347, #2348, #2349, #2350, #2351, #2352), .UNSPECIFIED., .F., .U., (4, 1, 1, 1, 1, 1, 1, 1, 2, 1, 1, 1, 1, 1, 1, 1, 4), (-0.5, -0.46875, -0.4375, -0.40625, -0.375, -0.34375, -0.3125, -0.28125, -0.25, -0.21875, -0.1875, -0.15625, -0.125, -0.09375, -0.0625, -0.03125, 0.), .UNSPECIFIED.);
#2354 = EDGE_CURVE ('', #2309, #2307, #2353, .T.);
#2355 = ORIENTED_EDGE ('', *, *, #2354, .T.);
#2356 = EDGE_LOOP ('', (#2332, #2355));
#2357 = FACE_BOUND ('', #2356, .T.);
#2358 = CARTESIAN_POINT ('', (9.50000000000001, 24.2294535241181, -3.));
#2359 = VERTEX_POINT ('', #2358);
#2360 = CARTESIAN_POINT ('', (5.99999997396018, 24.229453524118, -2.99999999999999));
#2361 = VERTEX_POINT ('', #2360);
#2362 = CARTESIAN_POINT ('', (9.50000000000001, 24.2294535241189, -3.));
#2363 = CARTESIAN_POINT ('', (9.49999999999996, 24.3189542029452, -3.));
#2364 = CARTESIAN_POINT ('', (9.48626737578836, 24.4975840146829, -2.99999999999999));
#2365 = CARTESIAN_POINT ('', (9.44541537526924, 24.6723199764964, -2.99999999999999));
#2366 = CARTESIAN_POINT ('', (9.3833183280295, 24.8683492925761, -2.99999999999999));
#2367 = CARTESIAN_POINT ('', (9.29178162559008, 25.0811575674839, -3.));
#2368 = CARTESIAN_POINT ('', (9.1603696179968, 25.271938106384, -2.99999999999999));
#2369 = CARTESIAN_POINT ('', (9.01222502906294, 25.4468901053549, -2.99999999999999));
#2370 = CARTESIAN_POINT ('', (8.84950439331944, 25.6049327314412, -2.99999999999999));
#2371 = CARTESIAN_POINT ('', (8.65950064883353, 25.7288442080621, -2.99999999999999));
#2372 = CARTESIAN_POINT ('', (8.46199400619703, 25.8317997659857, -2.99999999999999));
#2373 = CARTESIAN_POINT ('', (8.25951449528755, 25.9142489617086, -2.99999999999999));
#2374 = CARTESIAN_POINT ('', (8.04527827131562, 25.9578226068595, -2.99999999999999));
#2375 = CARTESIAN_POINT ('', (7.82313354706578, 25.9816441280384, -2.99999999999999));
#2376 = CARTESIAN_POINT ('', (7.59492819649055, 25.9836683437975, -3.));
#2377 = CARTESIAN_POINT ('', (7.37061690800095, 25.9416418600433, -2.99999999999999));
#2378 = CARTESIAN_POINT ('', (7.14984885263122, 25.8774014353962, -2.99999999999999));
#2379 = CARTESIAN_POINT ('', (6.934961010675, 25.790925066067, -2.99999999999999));
#2380 = CARTESIAN_POINT ('', (6.74114823195332, 25.6640725774152, -2.99999999999999));
#2381 = CARTESIAN_POINT ('', (6.56254963028542, 25.5199512565537, -2.99999999999999));
#2382 = CARTESIAN_POINT ('', (6.40036869188175, 25.3606135025102, -3.));
#2383 = CARTESIAN_POINT ('', (6.27182855473872, 25.173080545971, -2.99999999999999));
#2384 = CARTESIAN_POINT ('', (6.16416397838871, 24.9775343091077, -2.99999999999999));
#2385 = CARTESIAN_POINT ('', (6.07697902386621, 24.7765322562977, -2.99999999999999));
#2386 = CARTESIAN_POINT ('', (6.0285629005072, 24.5628527754676, -2.99999999999999));
#2387 = CARTESIAN_POINT ('', (6.00482119245189, 24.3795276596551, -2.99999999999999));
#2388 = CARTESIAN_POINT ('', (5.99999993611587, 24.3044526360112, -2.99999999999999));
#2389 = CARTESIAN_POINT ('', (5.99999997396018, 24.229453524118, -2.99999999999999));
#2390 = B_SPLINE_CURVE_WITH_KNOTS ('', 3, (#2362, #2363, #2364, #2365, #2366, #2367, #2368, #2369, #2370, #2371, #2372, #2373, #2374, #2375, #2376, #2377, #2378, #2379, #2380, #2381, #2382, #2383, #2384, #2385, #2386, #2387, #2388, #2389), .UNSPECIFIED., .F., .U., (4, 1, 2, 1, 2, 1, 2, 1, 2, 1, 2, 1, 2, 1, 2, 1, 2, 4), (0.218187064232225, 0.24512697961318, 0.272066894994135, 0.306815862270188, 0.341564829546242, 0.375590508075806, 0.40961618660537, 0.442409553799023, 0.475202920992676, 0.50943504823583, 0.543667175478983, 0.578412457427185, 0.613157739375386, 0.647261258491638, 0.68136477760789, 0.714229155708746, 0.747093533809603, 0.769685976849294), .UNSPECIFIED.);
#2391 = EDGE_CURVE ('', #2359, #2361, #2390, .T.);
#2392 = ORIENTED_EDGE ('', *, *, #2391, .T.);
#2393 = CARTESIAN_POINT ('', (5.99999997396018, 24.229453524118, -2.99999999999999));
#2394 = CARTESIAN_POINT ('', (5.99999999284364, 24.1920306565945, -2.99999999999999));
#2395 = CARTESIAN_POINT ('', (6.00480658304404, 24.0422614886988, -2.99999999999999));
#2396 = CARTESIAN_POINT ('', (6.02880009976744, 23.8937245050373, -2.99999999999999));
#2397 = CARTESIAN_POINT ('', (6.08693965368345, 23.6725509884927, -2.99999999999999));
#2398 = CARTESIAN_POINT ('', (6.16776203278045, 23.455506253839, -2.99999999999999));
#2399 = CARTESIAN_POINT ('', (6.28948679407378, 23.2584688048811, -2.99999999999999));
#2400 = CARTESIAN_POINT ('', (6.42905219462746, 23.075943477604, -2.99999999999999));
#2401 = CARTESIAN_POINT ('', (6.58452766023528, 22.9092654243317, -2.99999999999999));
#2402 = CARTESIAN_POINT ('', (6.7691991228789, 22.7756591193394, -2.99999999999999));
#2403 = CARTESIAN_POINT ('', (6.96244791675253, 22.6628265858111, -2.99999999999999));
#2404 = CARTESIAN_POINT ('', (7.16168711776096, 22.5704318856308, -2.99999999999999));
#2405 = CARTESIAN_POINT ('', (7.37462364297355, 22.5166631580072, -2.99999999999999));
#2406 = CARTESIAN_POINT ('', (7.5509165004973, 22.4894628790088, -2.99999999999999));
#2407 = CARTESIAN_POINT ('', (7.6874451775165, 22.4765531589253, -2.99999999999999));
#2408 = CARTESIAN_POINT ('', (7.82454678442664, 22.4796979806853, -2.99999999999999));
#2409 = CARTESIAN_POINT ('', (7.96448733775042, 22.4911623390453, -2.99999999999999));
#2410 = CARTESIAN_POINT ('', (8.10669453607181, 22.5116894685314, -2.99999999999999));
#2411 = CARTESIAN_POINT ('', (8.24531762758431, 22.5494768844111, -2.99999999999999));
#2412 = CARTESIAN_POINT ('', (8.42300783086372, 22.6098920848488, -2.99999999999999));
#2413 = CARTESIAN_POINT ('', (8.63386695935148, 22.7058800377945, -2.99999999999999));
#2414 = CARTESIAN_POINT ('', (8.82186277524827, 22.8412788279761, -2.99999999999999));
#2415 = CARTESIAN_POINT ('', (8.99350087585583, 22.9929190583511, -2.99999999999999));
#2416 = CARTESIAN_POINT ('', (9.14781208766618, 23.1585565108771, -2.99999999999999));
#2417 = CARTESIAN_POINT ('', (9.26757589092936, 23.3506615529703, -2.99999999999999));
#2418 = CARTESIAN_POINT ('', (9.36632172042145, 23.5498160044157, -2.99999999999999));
#2419 = CARTESIAN_POINT ('', (9.4445462474056, 23.7535148470562, -2.99999999999999));
#2420 = CARTESIAN_POINT ('', (9.48381823433292, 23.9681540936019, -3.));
#2421 = CARTESIAN_POINT ('', (9.49555780917883, 24.1022570821343, -3.));
#2422 = CARTESIAN_POINT ('', (9.49889142323997, 24.1531343151922, -2.99999999999999));
#2423 = CARTESIAN_POINT ('', (9.50000000000002, 24.2040237873978, -2.99999999999999));
#2424 = CARTESIAN_POINT ('', (9.50000000000001, 24.2294535241189, -2.99999999999999));
#2425 = B_SPLINE_CURVE_WITH_KNOTS ('', 3, (#2393, #2394, #2395, #2396, #2397, #2398, #2399, #2400, #2401, #2402, #2403, #2404, #2405, #2406, #2407, #2408, #2409, #2410, #2411, #2412, #2413, #2414, #2415, #2416, #2417, #2418, #2419, #2420, #2421, #2422, #2423, #2424), .UNSPECIFIED., .F., .U., (4, 1, 2, 1, 2, 1, 2, 1, 2, 1, 2, 1, 2, 1, 2, 1, 2, 1, 2, 1, 4), (0.769685976849294, 0.780959097044515, 0.814824660279426, 0.849565320475963, 0.884305980672499, 0.918496152848983, 0.952686325025468, 0.985629340811745, 1.01857235659802, 1.03914300646112, 1.05971365632422, 1.08126581617208, 1.10281797601994, 1.13756983406323, 1.17232169210651, 1.20627860886202, 1.24023552561754, 1.27296587221518, 1.30569621881283, 1.31335062953249, 1.32100504025216), .UNSPECIFIED.);
#2426 = EDGE_CURVE ('', #2361, #2359, #2425, .T.);
#2427 = ORIENTED_EDGE ('', *, *, #2426, .T.);
#2428 = EDGE_LOOP ('', (#2392, #2427));
#2429 = FACE_BOUND ('', #2428, .T.);
#2430 = CARTESIAN_POINT ('', (-18.6506045246824, -0.750000000000016, -2.99999999999999));
#2431 = CARTESIAN_POINT ('', (18.6506045246825, -0.750000000000016, -2.99999999999999));
#2432 = CARTESIAN_POINT ('', (-18.6506045246824, 37.0000000000001, -2.99999999999999));
#2433 = CARTESIAN_POINT ('', (18.6506045246825, 37.0000000000001, -2.99999999999999));
#2434 = B_SPLINE_SURFACE_WITH_KNOTS ('', 1, 1, ((#2430, #2431), (#2432, #2433)), .UNSPECIFIED., .F., .F., .U., (2, 2), (2, 2), (0.394691502609165, 0.625119852086481), (0.386155549208563, 0.613844450791435), .UNSPECIFIED.);
#2435 = ADVANCED_FACE ('', (#2297, #2305, #2357, #2429), #2434, .T.);
#2436 = CARTESIAN_POINT ('', (7.75000000000001, 24.2294535241181, -4.75));
#2437 = VERTEX_POINT ('', #2436);
#2438 = CARTESIAN_POINT ('', (6.00000000000001, 24.2294535241181, -3.));
#2439 = CARTESIAN_POINT ('', (7.75000000000001, 24.2294535241181, -4.75));
#2440 = B_SPLINE_CURVE_WITH_KNOTS ('', 1, (#2438, #2439), .UNSPECIFIED., .F., .U., (2, 2), (0., 1.), .UNSPECIFIED.);
#2441 = EDGE_CURVE ('', #2361, #2437, #2440, .T.);
#2442 = ORIENTED_EDGE ('', *, *, #2441, .T.);
#2443 = CARTESIAN_POINT ('', (9.50000000000001, 24.2294535241181, -3.));
#2444 = CARTESIAN_POINT ('', (8.91666666666667, 24.2294535241181, -3.58333333333333));
#2445 = CARTESIAN_POINT ('', (8.33333333333334, 24.2294535241181, -4.16666666666667));
#2446 = CARTESIAN_POINT ('', (7.75000000000001, 24.2294535241181, -4.75));
#2447 = B_SPLINE_CURVE_WITH_KNOTS ('', 3, (#2443, #2444, #2445, #2446), .UNSPECIFIED., .F., .U., (4, 4), (0., 1.), .UNSPECIFIED.);
#2448 = EDGE_CURVE ('', #2359, #2437, #2447, .T.);
#2449 = ORIENTED_EDGE ('', *, *, #2448, .F.);
#2450 = ORIENTED_EDGE ('', *, *, #2426, .F.);
#2451 = EDGE_LOOP ('', (#2442, #2449, #2450));
#2452 = FACE_OUTER_BOUND ('', #2451, .T.);
#2453 = CARTESIAN_POINT ('', (6.00000000000001, 24.2294535241181, -3.));
#2454 = CARTESIAN_POINT ('', (6.00000000000001, 22.4794535241181, -3.));
#2455 = CARTESIAN_POINT ('', (7.75000000000001, 22.4794535241181, -3.));
#2456 = CARTESIAN_POINT ('', (9.5, 22.4794535241181, -3.));
#2457 = CARTESIAN_POINT ('', (9.50000000000001, 24.2294535241181, -3.));
#2458 = CARTESIAN_POINT ('', (7.75000000000001, 24.2294535241181, -4.75));
#2459 = CARTESIAN_POINT ('', (7.75000000000001, 24.2294535241181, -4.75));
#2460 = CARTESIAN_POINT ('', (7.75000000000001, 24.2294535241181, -4.75));
#2461 = CARTESIAN_POINT ('', (7.75000000000001, 24.2294535241181, -4.75));
#2462 = CARTESIAN_POINT ('', (7.75000000000001, 24.2294535241181, -4.75));
#2463 = (
   BOUNDED_SURFACE ()
   B_SPLINE_SURFACE (1, 2, ((#2453, #2454, #2455, #2456, #2457), (#2458, #2459, #2460, #2461, #2462)), .UNSPECIFIED., .F., .F., .U.)
   B_SPLINE_SURFACE_WITH_KNOTS ((2, 2), (3, 2, 3), (0., 1.), (0.5, 0.75, 1.), .UNSPECIFIED.)
   GEOMETRIC_REPRESENTATION_ITEM ()
   RATIONAL_B_SPLINE_SURFACE (((1., 0.707106781186548, 1., 0.707106781186548, 1.), (1., 0.707106781186548, 1., 0.707106781186548, 1.)))
   REPRESENTATION_ITEM ('')
   SURFACE ()
);
#2464 = ADVANCED_FACE ('', (#2452), #2463, .T.);
#2465 = CARTESIAN_POINT ('', (-7.75000000000001, 26.75, -4.75));
#2466 = VERTEX_POINT ('', #2465);
#2467 = CARTESIAN_POINT ('', (-6.00000000000001, 26.75, -3.));
#2468 = CARTESIAN_POINT ('', (-7.75000000000001, 26.75, -4.75));
#2469 = B_SPLINE_CURVE_WITH_KNOTS ('', 1, (#2467, #2468), .UNSPECIFIED., .F., .U., (2, 2), (0., 1.), .UNSPECIFIED.);
#2470 = EDGE_CURVE ('', #2309, #2466, #2469, .T.);
#2471 = ORIENTED_EDGE ('', *, *, #2470, .T.);
#2472 = CARTESIAN_POINT ('', (-9.50000000000001, 26.75, -3.));
#2473 = CARTESIAN_POINT ('', (-8.91666666666667, 26.75, -3.58333333333333));
#2474 = CARTESIAN_POINT ('', (-8.33333333333334, 26.75, -4.16666666666667));
#2475 = CARTESIAN_POINT ('', (-7.75000000000001, 26.75, -4.75));
#2476 = B_SPLINE_CURVE_WITH_KNOTS ('', 3, (#2472, #2473, #2474, #2475), .UNSPECIFIED., .F., .U., (4, 4), (0., 1.), .UNSPECIFIED.);
#2477 = EDGE_CURVE ('', #2307, #2466, #2476, .T.);
#2478 = ORIENTED_EDGE ('', *, *, #2477, .F.);
#2479 = ORIENTED_EDGE ('', *, *, #2354, .F.);
#2480 = EDGE_LOOP ('', (#2471, #2478, #2479));
#2481 = FACE_OUTER_BOUND ('', #2480, .T.);
#2482 = CARTESIAN_POINT ('', (-9.50000000000001, 26.75, -3.));
#2483 = CARTESIAN_POINT ('', (-7.75000000000001, 26.75, -4.75));
#2484 = CARTESIAN_POINT ('', (-9.50000000000001, 28.5, -3.));
#2485 = CARTESIAN_POINT ('', (-7.75000000000001, 26.75, -4.75));
#2486 = CARTESIAN_POINT ('', (-7.75000000000001, 28.5, -3.));
#2487 = CARTESIAN_POINT ('', (-7.75000000000001, 26.75, -4.75));
#2488 = CARTESIAN_POINT ('', (-6.00000000000001, 28.5, -3.));
#2489 = CARTESIAN_POINT ('', (-7.75000000000001, 26.75, -4.75));
#2490 = CARTESIAN_POINT ('', (-6.00000000000001, 26.75, -3.));
#2491 = CARTESIAN_POINT ('', (-7.75000000000001, 26.75, -4.75));
#2492 = (
   BOUNDED_SURFACE ()
   B_SPLINE_SURFACE (2, 1, ((#2482, #2483), (#2484, #2485), (#2486, #2487), (#2488, #2489), (#2490, #2491)), .UNSPECIFIED., .F., .F., .U.)
   B_SPLINE_SURFACE_WITH_KNOTS ((3, 2, 3), (2, 2), (0., 0.25, 0.5), (0., 1.), .UNSPECIFIED.)
   GEOMETRIC_REPRESENTATION_ITEM ()
   RATIONAL_B_SPLINE_SURFACE (((1., 1.), (0.707106781186548, 0.707106781186548), (1., 1.), (0.707106781186548, 0.707106781186548), (1., 1.)))
   REPRESENTATION_ITEM ('')
   SURFACE ()
);
#2493 = ADVANCED_FACE ('', (#2481), #2492, .T.);
#2494 = ORIENTED_EDGE ('', *, *, #247, .T.);
#2495 = CARTESIAN_POINT ('', (-10.258256052298, -0.750000000000014, -10.));
#2496 = CARTESIAN_POINT ('', (10.2582560522988, -0.750000000000012, -10.));
#2497 = B_SPLINE_CURVE_WITH_KNOTS ('', 1, (#2495, #2496), .UNSPECIFIED., .F., .U., (2, 2), (0.0228718115210226, 0.977128188479015), .UNSPECIFIED.);
#2498 = EDGE_CURVE ('', #352, #236, #2497, .T.);
#2499 = ORIENTED_EDGE ('', *, *, #2498, .F.);
#2500 = ORIENTED_EDGE ('', *, *, #356, .F.);
#2501 = ORIENTED_EDGE ('', *, *, #2294, .F.);
#2502 = EDGE_LOOP ('', (#2494, #2499, #2500, #2501));
#2503 = FACE_OUTER_BOUND ('', #2502, .T.);
#2504 = CARTESIAN_POINT ('', (-10.258256052298, -0.750000000000014, -2.99999999999999));
#2505 = CARTESIAN_POINT ('', (-10.258256052298, -0.750000000000014, -10.));
#2506 = CARTESIAN_POINT ('', (10.2582560522988, -0.750000000000014, -2.99999999999999));
#2507 = CARTESIAN_POINT ('', (10.2582560522988, -0.750000000000014, -10.));
#2508 = B_SPLINE_SURFACE_WITH_KNOTS ('', 1, 1, ((#2504, #2505), (#2506, #2507)), .UNSPECIFIED., .F., .F., .U., (2, 2), (2, 2), (0.0491743947701986, 2.10082560522988), (0.3, 1.), .UNSPECIFIED.);
#2509 = ADVANCED_FACE ('', (#2503), #2508, .T.);
#2510 = ORIENTED_EDGE ('', *, *, #297, .T.);
#2511 = ORIENTED_EDGE ('', *, *, #361, .T.);
#2512 = ORIENTED_EDGE ('', *, *, #2498, .T.);
#2513 = ORIENTED_EDGE ('', *, *, #240, .T.);
#2514 = EDGE_LOOP ('', (#2510, #2511, #2512, #2513));
#2515 = FACE_OUTER_BOUND ('', #2514, .T.);
#2516 = CARTESIAN_POINT ('', (-10.258256052298, -11.2363023494135, -10.));
#2517 = CARTESIAN_POINT ('', (10.2582560522988, -11.2363023494135, -10.));
#2518 = CARTESIAN_POINT ('', (-10.258256052298, -0.750000000000028, -10.));
#2519 = CARTESIAN_POINT ('', (10.2582560522988, -0.750000000000028, -10.));
#2520 = B_SPLINE_SURFACE_WITH_KNOTS ('', 1, 1, ((#2516, #2517), (#2518, #2519)), .UNSPECIFIED., .F., .F., .U., (2, 2), (2, 2), (0.363641791463333, 0.580362737427823), (0.287992098499393, 0.712007901500612), .UNSPECIFIED.);
#2521 = ADVANCED_FACE ('', (#2515), #2520, .T.);
#2522 = ORIENTED_EDGE ('', *, *, #267, .F.);
#2523 = ORIENTED_EDGE ('', *, *, #140, .F.);
#2524 = CARTESIAN_POINT ('', (17.9720553626602, 34.2500000000002, -10.));
#2525 = CARTESIAN_POINT ('', (17.9720553626602, 34.2500000000002, -13.));
#2526 = B_SPLINE_CURVE_WITH_KNOTS ('', 1, (#2524, #2525), .UNSPECIFIED., .F., .U., (2, 2), (0.7, 1.), .UNSPECIFIED.);
#2527 = EDGE_CURVE ('', #128, #736, #2526, .T.);
#2528 = ORIENTED_EDGE ('', *, *, #2527, .T.);
#2529 = ORIENTED_EDGE ('', *, *, #770, .F.);
#2530 = EDGE_LOOP ('', (#2522, #2523, #2528, #2529));
#2531 = FACE_OUTER_BOUND ('', #2530, .T.);
#2532 = CARTESIAN_POINT ('', (17.9720553626602, 34.2500000000001, -9.99999999999995));
#2533 = CARTESIAN_POINT ('', (22.162643316231, 34.2500000000001, -9.99999999999992));
#2534 = CARTESIAN_POINT ('', (24.2543342920628, 30.6187665651689, -9.99999999999994));
#2535 = CARTESIAN_POINT ('', (26.3460252678947, 26.9875331303377, -9.99999999999996));
#2536 = CARTESIAN_POINT ('', (24.2435314848082, 23.3625438491543, -10.));
#2537 = CARTESIAN_POINT ('', (17.9720553626602, 34.2500000000001, -13.0001875946866));
#2538 = CARTESIAN_POINT ('', (22.162643316231, 34.2500000000002, -13.0001875946865));
#2539 = CARTESIAN_POINT ('', (24.2543342920628, 30.618766565169, -13.0001875946865));
#2540 = CARTESIAN_POINT ('', (26.3460252678947, 26.9875331303378, -13.0001875946866));
#2541 = CARTESIAN_POINT ('', (24.2435314848082, 23.3625438491543, -13.0001875946866));
#2542 = (
   BOUNDED_SURFACE ()
   B_SPLINE_SURFACE (1, 2, ((#2532, #2533, #2534, #2535, #2536), (#2537, #2538, #2539, #2540, #2541)), .UNSPECIFIED., .F., .F., .U.)
   B_SPLINE_SURFACE_WITH_KNOTS ((2, 2), (3, 2, 3), (0., 0.300018759468661), (0., 0.759937793625609, 1.51987558725122), .UNSPECIFIED.)
   GEOMETRIC_REPRESENTATION_ITEM ()
   RATIONAL_B_SPLINE_SURFACE (((1., 0.865777169913063, 1., 0.865777169913063, 1.), (1., 0.865777169913063, 1., 0.865777169913063, 1.)))
   REPRESENTATION_ITEM ('')
   SURFACE ()
);
#2543 = ADVANCED_FACE ('', (#2531), #2542, .T.);
#2544 = ORIENTED_EDGE ('', *, *, #1839, .F.);
#2545 = ORIENTED_EDGE ('', *, *, #1867, .T.);
#2546 = ORIENTED_EDGE ('', *, *, #1911, .F.);
#2547 = ORIENTED_EDGE ('', *, *, #1943, .T.);
#2548 = ORIENTED_EDGE ('', *, *, #2001, .F.);
#2549 = ORIENTED_EDGE ('', *, *, #2031, .T.);
#2550 = ORIENTED_EDGE ('', *, *, #2080, .F.);
#2551 = ORIENTED_EDGE ('', *, *, #2249, .T.);
#2552 = ORIENTED_EDGE ('', *, *, #479, .T.);
#2553 = ORIENTED_EDGE ('', *, *, #514, .T.);
#2554 = ORIENTED_EDGE ('', *, *, #608, .T.);
#2555 = ORIENTED_EDGE ('', *, *, #775, .F.);
#2556 = ORIENTED_EDGE ('', *, *, #2527, .F.);
#2557 = ORIENTED_EDGE ('', *, *, #132, .F.);
#2558 = CARTESIAN_POINT ('', (14.25, 34.2500000000001, -2.99999999999999));
#2559 = CARTESIAN_POINT ('', (14.25, 34.2500000000001, -10.));
#2560 = B_SPLINE_CURVE_WITH_KNOTS ('', 1, (#2558, #2559), .UNSPECIFIED., .F., .U., (2, 2), (0.3, 1.), .UNSPECIFIED.);
#2561 = EDGE_CURVE ('', #2257, #121, #2560, .T.);
#2562 = ORIENTED_EDGE ('', *, *, #2561, .F.);
#2563 = ORIENTED_EDGE ('', *, *, #2261, .T.);
#2564 = EDGE_LOOP ('', (#2544, #2545, #2546, #2547, #2548, #2549, #2550, #2551, #2552, #2553, #2554, #2555, #2556, #2557, #2562, #2563));
#2565 = FACE_OUTER_BOUND ('', #2564, .T.);
#2566 = CARTESIAN_POINT ('', (-17.9720553626589, 34.2500000000001, -2.99999999999999));
#2567 = CARTESIAN_POINT ('', (17.9720553626598, 34.2500000000002, -2.99999999999999));
#2568 = CARTESIAN_POINT ('', (-17.9720553626589, 34.2500000000001, -13.));
#2569 = CARTESIAN_POINT ('', (17.9720553626598, 34.2500000000002, -13.));
#2570 = B_SPLINE_SURFACE_WITH_KNOTS ('', 1, 1, ((#2566, #2567), (#2568, #2569)), .UNSPECIFIED., .F., .F., .U., (2, 2), (2, 2), (0.0700000000000001, 1.07), (22.2172314482503, 25.8116425207822), .UNSPECIFIED.);
#2571 = ADVANCED_FACE ('', (#2565), #2570, .T.);
#2572 = ORIENTED_EDGE ('', *, *, #2561, .T.);
#2573 = ORIENTED_EDGE ('', *, *, #125, .F.);
#2574 = CARTESIAN_POINT ('', (14.25, 18., -2.99999999999999));
#2575 = CARTESIAN_POINT ('', (14.25, 18., -10.));
#2576 = B_SPLINE_CURVE_WITH_KNOTS ('', 1, (#2574, #2575), .UNSPECIFIED., .F., .U., (2, 2), (0.3, 1.), .UNSPECIFIED.);
#2577 = EDGE_CURVE ('', #2264, #113, #2576, .T.);
#2578 = ORIENTED_EDGE ('', *, *, #2577, .F.);
#2579 = ORIENTED_EDGE ('', *, *, #2268, .F.);
#2580 = EDGE_LOOP ('', (#2572, #2573, #2578, #2579));
#2581 = FACE_OUTER_BOUND ('', #2580, .T.);
#2582 = CARTESIAN_POINT ('', (14.25, 18.0000000000018, -2.99999999999999));
#2583 = CARTESIAN_POINT ('', (14.25, 18.0000000000018, -9.99999999999999));
#2584 = CARTESIAN_POINT ('', (14.25, 34.2500000000018, -2.99999999999999));
#2585 = CARTESIAN_POINT ('', (14.25, 34.2500000000018, -9.99999999999999));
#2586 = B_SPLINE_SURFACE_WITH_KNOTS ('', 1, 1, ((#2582, #2583), (#2584, #2585)), .UNSPECIFIED., .F., .F., .U., (2, 2), (2, 2), (596.04247810006, 597.66747810006), (0.3, 1.), .UNSPECIFIED.);
#2587 = ADVANCED_FACE ('', (#2581), #2586, .T.);
#2588 = ORIENTED_EDGE ('', *, *, #2577, .T.);
#2589 = ORIENTED_EDGE ('', *, *, #118, .F.);
#2590 = CARTESIAN_POINT ('', (15.7448457306845, 15.4049064322146, -2.99999999999999));
#2591 = CARTESIAN_POINT ('', (15.7448457306845, 15.4049064322146, -9.99999999999999));
#2592 = B_SPLINE_CURVE_WITH_KNOTS ('', 1, (#2590, #2591), .UNSPECIFIED., .F., .U., (2, 2), (0.3, 1.), .UNSPECIFIED.);
#2593 = EDGE_CURVE ('', #2271, #106, #2592, .T.);
#2594 = ORIENTED_EDGE ('', *, *, #2593, .F.);
#2595 = ORIENTED_EDGE ('', *, *, #2283, .F.);
#2596 = EDGE_LOOP ('', (#2588, #2589, #2594, #2595));
#2597 = FACE_OUTER_BOUND ('', #2596, .T.);
#2598 = CARTESIAN_POINT ('', (15.7448457306846, 15.4049064322146, -2.99987533450022));
#2599 = CARTESIAN_POINT ('', (15.7448457306846, 15.4049064322147, -10.));
#2600 = CARTESIAN_POINT ('', (14.25, 16.2719169560117, -2.99987533450021));
#2601 = CARTESIAN_POINT ('', (14.25, 16.2719169560118, -10.));
#2602 = CARTESIAN_POINT ('', (14.2499999999999, 18.0000000000003, -2.99987533450018));
#2603 = CARTESIAN_POINT ('', (14.2499999999999, 18.0000000000004, -10.));
#2604 = (
   BOUNDED_SURFACE ()
   B_SPLINE_SURFACE (2, 1, ((#2598, #2599), (#2600, #2601), (#2602, #2603)), .UNSPECIFIED., .F., .F., .U.)
   B_SPLINE_SURFACE_WITH_KNOTS ((3, 3), (2, 2), (0., 0.313563759973018), (0., 0.700012466549982), .UNSPECIFIED.)
   GEOMETRIC_REPRESENTATION_ITEM ()
   RATIONAL_B_SPLINE_SURFACE (((1., 1.), (0.866521231641756, 0.866521231641756), (1., 1.)))
   REPRESENTATION_ITEM ('')
   SURFACE ()
);
#2605 = ADVANCED_FACE ('', (#2597), #2604, .T.);
#2606 = ORIENTED_EDGE ('', *, *, #2593, .T.);
#2607 = ORIENTED_EDGE ('', *, *, #110, .F.);
#2608 = ORIENTED_EDGE ('', *, *, #259, .F.);
#2609 = ORIENTED_EDGE ('', *, *, #2288, .F.);
#2610 = EDGE_LOOP ('', (#2606, #2607, #2608, #2609));
#2611 = FACE_OUTER_BOUND ('', #2610, .T.);
#2612 = CARTESIAN_POINT ('', (18.6506045246422, 13.719566331719, -2.99999999999999));
#2613 = CARTESIAN_POINT ('', (18.6506045246422, 13.719566331719, -10.));
#2614 = CARTESIAN_POINT ('', (15.7448457306441, 15.404906432238, -2.99999999999999));
#2615 = CARTESIAN_POINT ('', (15.7448457306441, 15.404906432238, -10.));
#2616 = B_SPLINE_SURFACE_WITH_KNOTS ('', 1, 1, ((#2612, #2613), (#2614, #2615)), .UNSPECIFIED., .F., .F., .U., (2, 2), (2, 2), (181.57077555845, 181.906689318563), (0.3, 1.), .UNSPECIFIED.);
#2617 = ADVANCED_FACE ('', (#2611), #2616, .T.);
#2618 = ORIENTED_EDGE ('', *, *, #177, .F.);
#2619 = ORIENTED_EDGE ('', *, *, #154, .F.);
#2620 = ORIENTED_EDGE ('', *, *, #192, .T.);
#2621 = ORIENTED_EDGE ('', *, *, #215, .T.);
#2622 = EDGE_LOOP ('', (#2618, #2619, #2620, #2621));
#2623 = FACE_OUTER_BOUND ('', #2622, .T.);
#2624 = CARTESIAN_POINT ('', (18.0001250733255, 18., -9.99999999999997));
#2625 = CARTESIAN_POINT ('', (18.0001250733255, 18.7501250733255, -9.99999999999997));
#2626 = CARTESIAN_POINT ('', (17.25, 18.7501250733255, -9.99999999999997));
#2627 = CARTESIAN_POINT ('', (16.4998749266745, 18.7501250733255, -9.99999999999997));
#2628 = CARTESIAN_POINT ('', (16.4998749266745, 18., -9.99999999999997));
#2629 = CARTESIAN_POINT ('', (18.0001250733255, 18., -5.));
#2630 = CARTESIAN_POINT ('', (18.0001250733255, 18.7501250733255, -5.));
#2631 = CARTESIAN_POINT ('', (17.25, 18.7501250733255, -5.));
#2632 = CARTESIAN_POINT ('', (16.4998749266745, 18.7501250733255, -5.));
#2633 = CARTESIAN_POINT ('', (16.4998749266745, 18., -5.));
#2634 = (
   BOUNDED_SURFACE ()
   B_SPLINE_SURFACE (1, 2, ((#2624, #2625, #2626, #2627, #2628), (#2629, #2630, #2631, #2632, #2633)), .UNSPECIFIED., .F., .F., .U.)
   B_SPLINE_SURFACE_WITH_KNOTS ((2, 2), (3, 2, 3), (5.55111512312578E-17, 0.499999999999997), (0., 0.117829370981646, 0.235658741963291), .UNSPECIFIED.)
   GEOMETRIC_REPRESENTATION_ITEM ()
   RATIONAL_B_SPLINE_SURFACE (((1., 0.707106781186547, 1., 0.707106781186547, 1.), (1., 0.707106781186547, 1., 0.707106781186547, 1.)))
   REPRESENTATION_ITEM ('')
   SURFACE ()
);
#2635 = ADVANCED_FACE ('', (#2623), #2634, .T.);
#2636 = ORIENTED_EDGE ('', *, *, #554, .F.);
#2637 = ORIENTED_EDGE ('', *, *, #539, .T.);
#2638 = ORIENTED_EDGE ('', *, *, #569, .T.);
#2639 = ORIENTED_EDGE ('', *, *, #593, .F.);
#2640 = EDGE_LOOP ('', (#2636, #2637, #2638, #2639));
#2641 = FACE_OUTER_BOUND ('', #2640, .T.);
#2642 = CARTESIAN_POINT ('', (-16.4998749266745, 18., -9.99999999999997));
#2643 = CARTESIAN_POINT ('', (-16.4998749266745, 18., -5.));
#2644 = CARTESIAN_POINT ('', (-16.4998749266745, 17.2498749266745, -9.99999999999997));
#2645 = CARTESIAN_POINT ('', (-16.4998749266745, 17.2498749266745, -5.));
#2646 = CARTESIAN_POINT ('', (-17.25, 17.2498749266745, -9.99999999999997));
#2647 = CARTESIAN_POINT ('', (-17.25, 17.2498749266745, -5.));
#2648 = CARTESIAN_POINT ('', (-18.0001250733255, 17.2498749266745, -9.99999999999997));
#2649 = CARTESIAN_POINT ('', (-18.0001250733255, 17.2498749266745, -5.));
#2650 = CARTESIAN_POINT ('', (-18.0001250733255, 18., -9.99999999999997));
#2651 = CARTESIAN_POINT ('', (-18.0001250733255, 18., -5.));
#2652 = (
   BOUNDED_SURFACE ()
   B_SPLINE_SURFACE (2, 1, ((#2642, #2643), (#2644, #2645), (#2646, #2647), (#2648, #2649), (#2650, #2651)), .UNSPECIFIED., .F., .F., .U.)
   B_SPLINE_SURFACE_WITH_KNOTS ((3, 2, 3), (2, 2), (0.23565874196329, 0.353488112944935, 0.47131748392658), (-0.499999999999997, 0.), .UNSPECIFIED.)
   GEOMETRIC_REPRESENTATION_ITEM ()
   RATIONAL_B_SPLINE_SURFACE (((1., 1.), (0.707106781186547, 0.707106781186547), (1., 1.), (0.707106781186547, 0.707106781186547), (1., 1.)))
   REPRESENTATION_ITEM ('')
   SURFACE ()
);
#2653 = ADVANCED_FACE ('', (#2641), #2652, .T.);
#2654 = ORIENTED_EDGE ('', *, *, #969, .F.);
#2655 = ORIENTED_EDGE ('', *, *, #936, .T.);
#2656 = ORIENTED_EDGE ('', *, *, #1454, .T.);
#2657 = ORIENTED_EDGE ('', *, *, #1028, .T.);
#2658 = EDGE_LOOP ('', (#2654, #2655, #2656, #2657));
#2659 = FACE_OUTER_BOUND ('', #2658, .T.);
#2660 = CARTESIAN_POINT ('', (25.3248204713855, 22.7353962369394, 1.01373865929554E-13));
#2661 = CARTESIAN_POINT ('', (25.8622819470875, 22.4236685810323, 1.53873659528046E-13));
#2662 = CARTESIAN_POINT ('', (26.242324601183, 22.2032438416569, -0.439339828220078));
#2663 = CARTESIAN_POINT ('', (7.35276510872559, -8.2509061124742, 1.11877076417203E-13));
#2664 = CARTESIAN_POINT ('', (7.89022658442761, -8.56263376838137, 1.65124776644847E-13));
#2665 = CARTESIAN_POINT ('', (8.27026923852303, -8.78305850775671, -0.439339828220066));
#2666 = (
   BOUNDED_SURFACE ()
   B_SPLINE_SURFACE (1, 2, ((#2660, #2661, #2662), (#2663, #2664, #2665)), .UNSPECIFIED., .F., .F., .U.)
   B_SPLINE_SURFACE_WITH_KNOTS ((2, 2), (3, 3), (-3.64720259517709, -0.0651002693804242), (0.353429173528839, 0.471238898038469), .UNSPECIFIED.)
   GEOMETRIC_REPRESENTATION_ITEM ()
   RATIONAL_B_SPLINE_SURFACE (((0.853553390593274, 0.853553390593259, 1.), (0.853553390593274, 0.853553390593259, 1.)))
   REPRESENTATION_ITEM ('')
   SURFACE ()
);
#2667 = ADVANCED_FACE ('', (#2659), #2666, .T.);
#2668 = ORIENTED_EDGE ('', *, *, #1062, .F.);
#2669 = ORIENTED_EDGE ('', *, *, #1003, .F.);
#2670 = ORIENTED_EDGE ('', *, *, #1480, .T.);
#2671 = ORIENTED_EDGE ('', *, *, #1095, .F.);
#2672 = EDGE_LOOP ('', (#2668, #2669, #2670, #2671));
#2673 = FACE_OUTER_BOUND ('', #2672, .T.);
#2674 = CARTESIAN_POINT ('', (-7.35276510872499, -8.25090611247389, -2.06877477159216E-13));
#2675 = CARTESIAN_POINT ('', (-7.89022658442694, -8.56263376838101, -2.07527830749782E-13));
#2676 = CARTESIAN_POINT ('', (-8.27026923852232, -8.78305850775631, -0.439339828220379));
#2677 = CARTESIAN_POINT ('', (-25.3248204713839, 22.7353962369396, 9.26753866557316E-15));
#2678 = CARTESIAN_POINT ('', (-25.8622819470859, 22.4236685810325, 8.35704363878E-15));
#2679 = CARTESIAN_POINT ('', (-26.2423246011813, 22.2032438416572, -0.439339828220163));
#2680 = (
   BOUNDED_SURFACE ()
   B_SPLINE_SURFACE (1, 2, ((#2674, #2675, #2676), (#2677, #2678, #2679)), .UNSPECIFIED., .F., .F., .U.)
   B_SPLINE_SURFACE_WITH_KNOTS ((2, 2), (3, 3), (-3.64720259517703, -0.0651002693804221), (0.353429173528851, 0.471238898038467), .UNSPECIFIED.)
   GEOMETRIC_REPRESENTATION_ITEM ()
   RATIONAL_B_SPLINE_SURFACE (((0.853553390593274, 0.853553390593275, 1.), (0.853553390593274, 0.853553390593275, 1.)))
   REPRESENTATION_ITEM ('')
   SURFACE ()
);
#2681 = ADVANCED_FACE ('', (#2673), #2680, .T.);
#2682 = ORIENTED_EDGE ('', *, *, #1192, .F.);
#2683 = ORIENTED_EDGE ('', *, *, #1113, .F.);
#2684 = ORIENTED_EDGE ('', *, *, #1474, .T.);
#2685 = ORIENTED_EDGE ('', *, *, #1277, .T.);
#2686 = EDGE_LOOP ('', (#2682, #2683, #2684, #2685));
#2687 = FACE_OUTER_BOUND ('', #2686, .T.);
#2688 = CARTESIAN_POINT ('', (-17.9720553626585, 35.5000000000001, 6.89374806000527E-15));
#2689 = CARTESIAN_POINT ('', (-17.9720553626585, 36.1213203435597, 3.96715690245587E-15));
#2690 = CARTESIAN_POINT ('', (-17.9720553626585, 36.5606601717799, -0.439339828220166));
#2691 = CARTESIAN_POINT ('', (-0.499999972390685, 35.5000000000001, -1.32672132475574E-14));
#2692 = CARTESIAN_POINT ('', (-0.499999972390684, 36.1213203435597, -1.64539458413334E-14));
#2693 = CARTESIAN_POINT ('', (-0.499999972390684, 36.5606601717799, -0.439339828220186));
#2694 = (
   BOUNDED_SURFACE ()
   B_SPLINE_SURFACE (1, 2, ((#2688, #2689, #2690), (#2691, #2692, #2693)), .UNSPECIFIED., .F., .F., .U.)
   B_SPLINE_SURFACE_WITH_KNOTS ((2, 2), (3, 3), (-1.74742320159401, -0.000217662567233473), (0.353429173528853, 0.471238898038469), .UNSPECIFIED.)
   GEOMETRIC_REPRESENTATION_ITEM ()
   RATIONAL_B_SPLINE_SURFACE (((0.853553390593274, 0.853553390593276, 1.), (0.853553390593274, 0.853553390593276, 1.)))
   REPRESENTATION_ITEM ('')
   SURFACE ()
);
#2695 = ADVANCED_FACE ('', (#2687), #2694, .T.);
#2696 = ORIENTED_EDGE ('', *, *, #2441, .F.);
#2697 = ORIENTED_EDGE ('', *, *, #2391, .F.);
#2698 = ORIENTED_EDGE ('', *, *, #2448, .T.);
#2699 = EDGE_LOOP ('', (#2696, #2697, #2698));
#2700 = FACE_OUTER_BOUND ('', #2699, .T.);
#2701 = CARTESIAN_POINT ('', (9.50000000000001, 24.2294535241181, -3.));
#2702 = CARTESIAN_POINT ('', (9.5, 25.9794535241181, -3.));
#2703 = CARTESIAN_POINT ('', (7.75000000000001, 25.9794535241181, -3.));
#2704 = CARTESIAN_POINT ('', (6.00000000000001, 25.9794535241181, -3.));
#2705 = CARTESIAN_POINT ('', (6.00000000000001, 24.2294535241181, -3.));
#2706 = CARTESIAN_POINT ('', (7.75000000000001, 24.2294535241181, -4.75));
#2707 = CARTESIAN_POINT ('', (7.75000000000001, 24.2294535241181, -4.75));
#2708 = CARTESIAN_POINT ('', (7.75000000000001, 24.2294535241181, -4.75));
#2709 = CARTESIAN_POINT ('', (7.75000000000001, 24.2294535241181, -4.75));
#2710 = CARTESIAN_POINT ('', (7.75000000000001, 24.2294535241181, -4.75));
#2711 = (
   BOUNDED_SURFACE ()
   B_SPLINE_SURFACE (1, 2, ((#2701, #2702, #2703, #2704, #2705), (#2706, #2707, #2708, #2709, #2710)), .UNSPECIFIED., .F., .F., .U.)
   B_SPLINE_SURFACE_WITH_KNOTS ((2, 2), (3, 2, 3), (0., 1.), (0., 0.25, 0.5), .UNSPECIFIED.)
   GEOMETRIC_REPRESENTATION_ITEM ()
   RATIONAL_B_SPLINE_SURFACE (((1., 0.707106781186548, 1., 0.707106781186548, 1.), (1., 0.707106781186548, 1., 0.707106781186548, 1.)))
   REPRESENTATION_ITEM ('')
   SURFACE ()
);
#2712 = ADVANCED_FACE ('', (#2700), #2711, .T.);
#2713 = ORIENTED_EDGE ('', *, *, #2470, .F.);
#2714 = ORIENTED_EDGE ('', *, *, #2331, .F.);
#2715 = ORIENTED_EDGE ('', *, *, #2477, .T.);
#2716 = EDGE_LOOP ('', (#2713, #2714, #2715));
#2717 = FACE_OUTER_BOUND ('', #2716, .T.);
#2718 = CARTESIAN_POINT ('', (-6.00000000000001, 26.75, -3.));
#2719 = CARTESIAN_POINT ('', (-7.75000000000001, 26.75, -4.75));
#2720 = CARTESIAN_POINT ('', (-6.00000000000001, 25., -3.));
#2721 = CARTESIAN_POINT ('', (-7.75000000000001, 26.75, -4.75));
#2722 = CARTESIAN_POINT ('', (-7.75000000000001, 25., -3.));
#2723 = CARTESIAN_POINT ('', (-7.75000000000001, 26.75, -4.75));
#2724 = CARTESIAN_POINT ('', (-9.50000000000001, 25., -3.));
#2725 = CARTESIAN_POINT ('', (-7.75000000000001, 26.75, -4.75));
#2726 = CARTESIAN_POINT ('', (-9.50000000000001, 26.75, -3.));
#2727 = CARTESIAN_POINT ('', (-7.75000000000001, 26.75, -4.75));
#2728 = (
   BOUNDED_SURFACE ()
   B_SPLINE_SURFACE (2, 1, ((#2718, #2719), (#2720, #2721), (#2722, #2723), (#2724, #2725), (#2726, #2727)), .UNSPECIFIED., .F., .F., .U.)
   B_SPLINE_SURFACE_WITH_KNOTS ((3, 2, 3), (2, 2), (0.5, 0.75, 1.), (0., 1.), .UNSPECIFIED.)
   GEOMETRIC_REPRESENTATION_ITEM ()
   RATIONAL_B_SPLINE_SURFACE (((1., 1.), (0.707106781186548, 0.707106781186548), (1., 1.), (0.707106781186548, 0.707106781186548), (1., 1.)))
   REPRESENTATION_ITEM ('')
   SURFACE ()
);
#2729 = ADVANCED_FACE ('', (#2717), #2728, .T.);
#2730 = CLOSED_SHELL ('', (#171, #208, #225, #281, #348, #404, #432, #471, #499, #548, #585, #602, #660, #784, #867, #913, #963, #994, #1056, #1087, #1149, #1186, #1237, #1317, #1397, #1412, #1449, #1542, #1570, #1601, #1623, #1654, #1676, #1701, #1747, #1771, #1805, #1855, #1877, #1923, #1962, #2013, #2041, #2092, #2116, #2143, #2165, #2183, #2205, #2223, #2241, #2435, #2464, #2493, #2509, #2521, #2543, #2571, #2587, #2605, #2617, #2635, #2653, #2667, #2681, #2695, #2712, #2729));
#2731 = MANIFOLD_SOLID_BREP ('', #2730);
#2732 = PRESENTATION_LAYER_ASSIGNMENT ('Level 2', 'Level 2', (#2731));
#2733 = COLOUR_RGB ('', 1., 0., 0.);
#2734 = FILL_AREA_STYLE_COLOUR ('', #2733);
#2735 = FILL_AREA_STYLE ('', (#2734));
#2736 = SURFACE_STYLE_FILL_AREA (#2735);
#2737 = SURFACE_SIDE_STYLE ('', (#2736));
#2738 = SURFACE_STYLE_USAGE (.POSITIVE., #2737);
#2739 = PRESENTATION_STYLE_ASSIGNMENT ((#2738));
#2740 = STYLED_ITEM ('', (#2739), #2731);
#2741 = (
   LENGTH_UNIT ()
   NAMED_UNIT (*)
   SI_UNIT ($, .METRE.)
);
#2742 = (
   NAMED_UNIT (*)
   SI_UNIT ($, .STERADIAN.)
   SOLID_ANGLE_UNIT ()
);
#2743 = (
   NAMED_UNIT (*)
   PLANE_ANGLE_UNIT ()
   SI_UNIT ($, .RADIAN.)
);
#2744 = UNCERTAINTY_MEASURE_WITH_UNIT (LENGTH_MEASURE(0.001), #2741, 'DISTANCE_ACCURACY_VALUE', '');
#2745 = (
   GEOMETRIC_REPRESENTATION_CONTEXT (3)
   GLOBAL_UNCERTAINTY_ASSIGNED_CONTEXT ((#2744))
   GLOBAL_UNIT_ASSIGNED_CONTEXT ((#2741, #2742, #2743))
   REPRESENTATION_CONTEXT ('', '3D')
);
#2746 = SHAPE_REPRESENTATION ('', (#2874), #2745);
#2747 = APPLICATION_CONTEXT ('configuration controlled 3D designs of mechanical parts and assemblies');
#2748 = APPLICATION_PROTOCOL_DEFINITION ('International Standard', 'config_control_design', 1997, #2747);
#2749 = MECHANICAL_CONTEXT ('', #2747, 'mechanical');
#2750 = PRODUCT ('', '', '', (#2749));
#2751 = PERSON_AND_ORGANIZATION_ROLE ('design_owner');
#2752 = PERSON ('#2752', '', $, $, $, $);
#2753 = ORGANIZATION ($, '', '');
#2754 = PERSON_AND_ORGANIZATION (#2752, #2753);
#2755 = CC_DESIGN_PERSON_AND_ORGANIZATION_ASSIGNMENT (#2754, #2751, (#2750));
#2756 = PRODUCT_RELATED_PRODUCT_CATEGORY ('detail', $, (#2750));
#2757 = PRODUCT_DEFINITION_FORMATION_WITH_SPECIFIED_SOURCE ('', '', #2750, .NOT_KNOWN.);
#2758 = APPROVAL_STATUS ('approved');
#2759 = APPROVAL (#2758, '');
#2760 = CALENDAR_DATE (2026, 1, 10);
#2761 = COORDINATED_UNIVERSAL_TIME_OFFSET (0, $, .AHEAD.);
#2762 = LOCAL_TIME (4, 12, 8., #2761);
#2763 = DATE_AND_TIME (#2760, #2762);
#2764 = APPROVAL_DATE_TIME (#2763, #2759);
#2765 = APPROVAL_ROLE ('');
#2766 = PERSON ('#2766', '', $, $, $, $);
#2767 = ORGANIZATION ($, '', '');
#2768 = PERSON_AND_ORGANIZATION (#2766, #2767);
#2769 = APPROVAL_PERSON_ORGANIZATION (#2768, #2759, #2765);
#2770 = CC_DESIGN_APPROVAL (#2759, (#2757));
#2771 = PERSON_AND_ORGANIZATION_ROLE ('creator');
#2772 = PERSON ('#2772', '', $, $, $, $);
#2773 = ORGANIZATION ($, '', '');
#2774 = PERSON_AND_ORGANIZATION (#2772, #2773);
#2775 = CC_DESIGN_PERSON_AND_ORGANIZATION_ASSIGNMENT (#2774, #2771, (#2757));
#2776 = PERSON_AND_ORGANIZATION_ROLE ('part_supplier');
#2777 = PERSON ('#2777', '', $, $, $, $);
#2778 = ORGANIZATION ($, '', '');
#2779 = PERSON_AND_ORGANIZATION (#2777, #2778);
#2780 = CC_DESIGN_PERSON_AND_ORGANIZATION_ASSIGNMENT (#2779, #2776, (#2757));
#2781 = SECURITY_CLASSIFICATION_LEVEL ('unclassified');
#2782 = SECURITY_CLASSIFICATION ('', '', #2781);
#2783 = APPROVAL_STATUS ('approved');
#2784 = APPROVAL (#2783, '');
#2785 = CALENDAR_DATE (2026, 1, 10);
#2786 = COORDINATED_UNIVERSAL_TIME_OFFSET (0, $, .AHEAD.);
#2787 = LOCAL_TIME (4, 12, 8., #2786);
#2788 = DATE_AND_TIME (#2785, #2787);
#2789 = APPROVAL_DATE_TIME (#2788, #2784);
#2790 = APPROVAL_ROLE ('');
#2791 = PERSON ('#2791', '', $, $, $, $);
#2792 = ORGANIZATION ($, '', '');
#2793 = PERSON_AND_ORGANIZATION (#2791, #2792);
#2794 = APPROVAL_PERSON_ORGANIZATION (#2793, #2784, #2790);
#2795 = CC_DESIGN_APPROVAL (#2784, (#2782));
#2796 = DATE_TIME_ROLE ('classification_date');
#2797 = CALENDAR_DATE (2026, 1, 10);
#2798 = COORDINATED_UNIVERSAL_TIME_OFFSET (0, $, .AHEAD.);
#2799 = LOCAL_TIME (4, 12, 8., #2798);
#2800 = DATE_AND_TIME (#2797, #2799);
#2801 = CC_DESIGN_DATE_AND_TIME_ASSIGNMENT (#2800, #2796, (#2782));
#2802 = PERSON_AND_ORGANIZATION_ROLE ('classification_officer');
#2803 = PERSON ('#2803', '', $, $, $, $);
#2804 = ORGANIZATION ($, '', '');
#2805 = PERSON_AND_ORGANIZATION (#2803, #2804);
#2806 = CC_DESIGN_PERSON_AND_ORGANIZATION_ASSIGNMENT (#2805, #2802, (#2782));
#2807 = CC_DESIGN_SECURITY_CLASSIFICATION (#2782, (#2757));
#2808 = DESIGN_CONTEXT ('', #2747, 'design');
#2809 = APPROVAL_STATUS ('approved');
#2810 = APPROVAL (#2809, '');
#2811 = CALENDAR_DATE (2026, 1, 10);
#2812 = COORDINATED_UNIVERSAL_TIME_OFFSET (0, $, .AHEAD.);
#2813 = LOCAL_TIME (4, 12, 8., #2812);
#2814 = DATE_AND_TIME (#2811, #2813);
#2815 = APPROVAL_DATE_TIME (#2814, #2810);
#2816 = APPROVAL_ROLE ('');
#2817 = PERSON ('#2817', '', $, $, $, $);
#2818 = ORGANIZATION ($, '', '');
#2819 = PERSON_AND_ORGANIZATION (#2817, #2818);
#2820 = APPROVAL_PERSON_ORGANIZATION (#2819, #2810, #2816);
#2821 = CC_DESIGN_APPROVAL (#2810, (*));
#2822 = DATE_TIME_ROLE ('creation_date');
#2823 = CALENDAR_DATE (2026, 1, 10);
#2824 = COORDINATED_UNIVERSAL_TIME_OFFSET (0, $, .AHEAD.);
#2825 = LOCAL_TIME (4, 12, 8., #2824);
#2826 = DATE_AND_TIME (#2823, #2825);
#2827 = CC_DESIGN_DATE_AND_TIME_ASSIGNMENT (#2826, #2822, (*));
#2828 = PERSON_AND_ORGANIZATION_ROLE ('creator');
#2829 = PERSON ('#2829', '', $, $, $, $);
#2830 = ORGANIZATION ($, '', '');
#2831 = PERSON_AND_ORGANIZATION (#2829, #2830);
#2832 = CC_DESIGN_PERSON_AND_ORGANIZATION_ASSIGNMENT (#2831, #2828, (*));
#2833 = PRODUCT_DEFINITION ('', '', #2757, #2808);
#2834 = PRODUCT_DEFINITION_SHAPE ('', '', #2833);
#2835 = SHAPE_DEFINITION_REPRESENTATION (#2834, #2746);
#2836 = SHAPE_REPRESENTATION_RELATIONSHIP ('', '', #2746, #2837);
#2837 = ADVANCED_BREP_SHAPE_REPRESENTATION ('', (#2731), #2745);
#2838 = NEXT_ASSEMBLY_USAGE_OCCURRENCE ('#2838', '', '', #93, #2833, $);
#2839 = SECURITY_CLASSIFICATION_LEVEL ('unclassified');
#2840 = SECURITY_CLASSIFICATION ('', '', #2839);
#2841 = APPROVAL_STATUS ('approved');
#2842 = APPROVAL (#2841, '');
#2843 = CALENDAR_DATE (2026, 1, 10);
#2844 = COORDINATED_UNIVERSAL_TIME_OFFSET (0, $, .AHEAD.);
#2845 = LOCAL_TIME (4, 12, 8., #2844);
#2846 = DATE_AND_TIME (#2843, #2845);
#2847 = APPROVAL_DATE_TIME (#2846, #2842);
#2848 = APPROVAL_ROLE ('');
#2849 = PERSON ('#2849', '', $, $, $, $);
#2850 = ORGANIZATION ($, '', '');
#2851 = PERSON_AND_ORGANIZATION (#2849, #2850);
#2852 = APPROVAL_PERSON_ORGANIZATION (#2851, #2842, #2848);
#2853 = CC_DESIGN_APPROVAL (#2842, (#2840));
#2854 = DATE_TIME_ROLE ('classification_date');
#2855 = CALENDAR_DATE (2026, 1, 10);
#2856 = COORDINATED_UNIVERSAL_TIME_OFFSET (0, $, .AHEAD.);
#2857 = LOCAL_TIME (4, 12, 8., #2856);
#2858 = DATE_AND_TIME (#2855, #2857);
#2859 = CC_DESIGN_DATE_AND_TIME_ASSIGNMENT (#2858, #2854, (#2840));
#2860 = PERSON_AND_ORGANIZATION_ROLE ('classification_officer');
#2861 = PERSON ('#2861', '', $, $, $, $);
#2862 = ORGANIZATION ($, '', '');
#2863 = PERSON_AND_ORGANIZATION (#2861, #2862);
#2864 = CC_DESIGN_PERSON_AND_ORGANIZATION_ASSIGNMENT (#2863, #2860, (#2840));
#2865 = CC_DESIGN_SECURITY_CLASSIFICATION (#2840, (#2838));
#2866 = PRODUCT_DEFINITION_SHAPE ('', '', #2838);
#2867 = CARTESIAN_POINT ('', (0., 0., 0.));
#2868 = DIRECTION ('', (0., 0., 1.));
#2869 = DIRECTION ('', (1., 0., 0.));
#2870 = AXIS2_PLACEMENT_3D ('', #2867, #2868, #2869);
#2871 = CARTESIAN_POINT ('', (0., 0., 0.));
#2872 = DIRECTION ('', (0., 0., 1.));
#2873 = DIRECTION ('', (1., 0., 0.));
#2874 = AXIS2_PLACEMENT_3D ('', #2871, #2872, #2873);
#2875 = ITEM_DEFINED_TRANSFORMATION ('', '', #2870, #2874);
#2876 = (
   REPRESENTATION_RELATIONSHIP ('', '', #6, #2746)
   REPRESENTATION_RELATIONSHIP_WITH_TRANSFORMATION (#2875)
   SHAPE_REPRESENTATION_RELATIONSHIP ()
);
#2877 = CONTEXT_DEPENDENT_SHAPE_REPRESENTATION (#2876, #2866);
ENDSEC;
END-ISO-10303-21;
