ISO-10303-21;
HEADER;
FILE_DESCRIPTION (('STEP'), '1');
FILE_NAME ('yuwolDongleDownside.stp', '2026-10-01T04:16:18', ('Unknown'), ('Unknown'), 'HarmonyWare STEP v2.1.9', 'HarmonyWare Translators', '');
FILE_SCHEMA (('CONFIG_CONTROL_DESIGN'));
ENDSEC;

DATA;
#1 = (
   LENGTH_UNIT ()
   NAMED_UNIT (*)
   SI_UNIT ($, .METRE.)
);
#2 = (
   NAMED_UNIT (*)
   SI_UNIT ($, .STERADIAN.)
   SOLID_ANGLE_UNIT ()
);
#3 = (
   NAMED_UNIT (*)
   PLANE_ANGLE_UNIT ()
   SI_UNIT ($, .RADIAN.)
);
#4 = UNCERTAINTY_MEASURE_WITH_UNIT (LENGTH_MEASURE(0.001), #1, 'DISTANCE_ACCURACY_VALUE', '');
#5 = (
   GEOMETRIC_REPRESENTATION_CONTEXT (3)
   GLOBAL_UNCERTAINTY_ASSIGNED_CONTEXT ((#4))
   GLOBAL_UNIT_ASSIGNED_CONTEXT ((#1, #2, #3))
   REPRESENTATION_CONTEXT ('', '3D')
);
#6 = SHAPE_REPRESENTATION ('', (#3729), #5);
#7 = APPLICATION_CONTEXT ('configuration controlled 3D designs of mechanical parts and assemblies');
#8 = APPLICATION_PROTOCOL_DEFINITION ('International Standard', 'config_control_design', 1997, #7);
#9 = MECHANICAL_CONTEXT ('', #7, 'mechanical');
#10 = PRODUCT ('', '', '', (#9));
#11 = PERSON_AND_ORGANIZATION_ROLE ('design_owner');
#12 = PERSON ('#12', '', $, $, $, $);
#13 = ORGANIZATION ($, '', '');
#14 = PERSON_AND_ORGANIZATION (#12, #13);
#15 = CC_DESIGN_PERSON_AND_ORGANIZATION_ASSIGNMENT (#14, #11, (#10));
#16 = PRODUCT_RELATED_PRODUCT_CATEGORY ('detail', $, (#10));
#17 = PRODUCT_DEFINITION_FORMATION_WITH_SPECIFIED_SOURCE ('', '', #10, .NOT_KNOWN.);
#18 = APPROVAL_STATUS ('approved');
#19 = APPROVAL (#18, '');
#20 = CALENDAR_DATE (2026, 1, 10);
#21 = COORDINATED_UNIVERSAL_TIME_OFFSET (0, $, .AHEAD.);
#22 = LOCAL_TIME (4, 16, 18., #21);
#23 = DATE_AND_TIME (#20, #22);
#24 = APPROVAL_DATE_TIME (#23, #19);
#25 = APPROVAL_ROLE ('');
#26 = PERSON ('#26', '', $, $, $, $);
#27 = ORGANIZATION ($, '', '');
#28 = PERSON_AND_ORGANIZATION (#26, #27);
#29 = APPROVAL_PERSON_ORGANIZATION (#28, #19, #25);
#30 = CC_DESIGN_APPROVAL (#19, (#17));
#31 = PERSON_AND_ORGANIZATION_ROLE ('creator');
#32 = PERSON ('#32', '', $, $, $, $);
#33 = ORGANIZATION ($, '', '');
#34 = PERSON_AND_ORGANIZATION (#32, #33);
#35 = CC_DESIGN_PERSON_AND_ORGANIZATION_ASSIGNMENT (#34, #31, (#17));
#36 = PERSON_AND_ORGANIZATION_ROLE ('part_supplier');
#37 = PERSON ('#37', '', $, $, $, $);
#38 = ORGANIZATION ($, '', '');
#39 = PERSON_AND_ORGANIZATION (#37, #38);
#40 = CC_DESIGN_PERSON_AND_ORGANIZATION_ASSIGNMENT (#39, #36, (#17));
#41 = SECURITY_CLASSIFICATION_LEVEL ('unclassified');
#42 = SECURITY_CLASSIFICATION ('', '', #41);
#43 = APPROVAL_STATUS ('approved');
#44 = APPROVAL (#43, '');
#45 = CALENDAR_DATE (2026, 1, 10);
#46 = COORDINATED_UNIVERSAL_TIME_OFFSET (0, $, .AHEAD.);
#47 = LOCAL_TIME (4, 16, 18., #46);
#48 = DATE_AND_TIME (#45, #47);
#49 = APPROVAL_DATE_TIME (#48, #44);
#50 = APPROVAL_ROLE ('');
#51 = PERSON ('#51', '', $, $, $, $);
#52 = ORGANIZATION ($, '', '');
#53 = PERSON_AND_ORGANIZATION (#51, #52);
#54 = APPROVAL_PERSON_ORGANIZATION (#53, #44, #50);
#55 = CC_DESIGN_APPROVAL (#44, (#42));
#56 = DATE_TIME_ROLE ('classification_date');
#57 = CALENDAR_DATE (2026, 1, 10);
#58 = COORDINATED_UNIVERSAL_TIME_OFFSET (0, $, .AHEAD.);
#59 = LOCAL_TIME (4, 16, 18., #58);
#60 = DATE_AND_TIME (#57, #59);
#61 = CC_DESIGN_DATE_AND_TIME_ASSIGNMENT (#60, #56, (#42));
#62 = PERSON_AND_ORGANIZATION_ROLE ('classification_officer');
#63 = PERSON ('#63', '', $, $, $, $);
#64 = ORGANIZATION ($, '', '');
#65 = PERSON_AND_ORGANIZATION (#63, #64);
#66 = CC_DESIGN_PERSON_AND_ORGANIZATION_ASSIGNMENT (#65, #62, (#42));
#67 = CC_DESIGN_SECURITY_CLASSIFICATION (#42, (#17));
#68 = DESIGN_CONTEXT ('', #7, 'design');
#69 = APPROVAL_STATUS ('approved');
#70 = APPROVAL (#69, '');
#71 = CALENDAR_DATE (2026, 1, 10);
#72 = COORDINATED_UNIVERSAL_TIME_OFFSET (0, $, .AHEAD.);
#73 = LOCAL_TIME (4, 16, 18., #72);
#74 = DATE_AND_TIME (#71, #73);
#75 = APPROVAL_DATE_TIME (#74, #70);
#76 = APPROVAL_ROLE ('');
#77 = PERSON ('#77', '', $, $, $, $);
#78 = ORGANIZATION ($, '', '');
#79 = PERSON_AND_ORGANIZATION (#77, #78);
#80 = APPROVAL_PERSON_ORGANIZATION (#79, #70, #76);
#81 = CC_DESIGN_APPROVAL (#70, (*));
#82 = DATE_TIME_ROLE ('creation_date');
#83 = CALENDAR_DATE (2026, 1, 10);
#84 = COORDINATED_UNIVERSAL_TIME_OFFSET (0, $, .AHEAD.);
#85 = LOCAL_TIME (4, 16, 18., #84);
#86 = DATE_AND_TIME (#83, #85);
#87 = CC_DESIGN_DATE_AND_TIME_ASSIGNMENT (#86, #82, (*));
#88 = PERSON_AND_ORGANIZATION_ROLE ('creator');
#89 = PERSON ('#89', '', $, $, $, $);
#90 = ORGANIZATION ($, '', '');
#91 = PERSON_AND_ORGANIZATION (#89, #90);
#92 = CC_DESIGN_PERSON_AND_ORGANIZATION_ASSIGNMENT (#91, #88, (*));
#93 = PRODUCT_DEFINITION ('', '', #17, #68);
#94 = PRODUCT_DEFINITION_SHAPE ('', '', #93);
#95 = SHAPE_DEFINITION_REPRESENTATION (#94, #6);
#96 = CARTESIAN_POINT ('', (14., 34., -10.));
#97 = VERTEX_POINT ('', #96);
#98 = CARTESIAN_POINT ('', (17.9720553626602, 34.0000000000002, -10.));
#99 = VERTEX_POINT ('', #98);
#100 = CARTESIAN_POINT ('', (14., 34.0000000000002, -10.));
#101 = CARTESIAN_POINT ('', (17.9720553626602, 34.0000000000002, -10.));
#102 = B_SPLINE_CURVE_WITH_KNOTS ('', 1, (#100, #101), .UNSPECIFIED., .F., .U., (2, 2), (0., 1.), .UNSPECIFIED.);
#103 = EDGE_CURVE ('', #97, #99, #102, .T.);
#104 = ORIENTED_EDGE ('', *, *, #103, .F.);
#105 = CARTESIAN_POINT ('', (14., 18., -10.));
#106 = VERTEX_POINT ('', #105);
#107 = CARTESIAN_POINT ('', (14., 18.0000000000018, -10.));
#108 = CARTESIAN_POINT ('', (14., 34.0000000000018, -10.));
#109 = B_SPLINE_CURVE_WITH_KNOTS ('', 1, (#107, #108), .UNSPECIFIED., .F., .U., (2, 2), (270.928399136395, 271.655671863667), .UNSPECIFIED.);
#110 = EDGE_CURVE ('', #106, #97, #109, .T.);
#111 = ORIENTED_EDGE ('', *, *, #110, .F.);
#112 = CARTESIAN_POINT ('', (15.6194162082416, 15.1886486348991, -10.));
#113 = VERTEX_POINT ('', #112);
#114 = CARTESIAN_POINT ('', (15.6194162082416, 15.1886486348991, -10.));
#115 = CARTESIAN_POINT ('', (14., 16.1279100356792, -10.));
#116 = CARTESIAN_POINT ('', (14., 18., -10.));
#117 = (
   BOUNDED_CURVE ()
   B_SPLINE_CURVE (2, (#114, #115, #116), .UNSPECIFIED., .F., .U.)
   B_SPLINE_CURVE_WITH_KNOTS ((3, 3), (0., 1.04521253324333), .UNSPECIFIED.)
   CURVE ()
   GEOMETRIC_REPRESENTATION_ITEM ()
   RATIONAL_B_SPLINE_CURVE ((1., 0.866521231641739, 1.))
   REPRESENTATION_ITEM ('')
);
#118 = EDGE_CURVE ('', #113, #106, #117, .T.);
#119 = ORIENTED_EDGE ('', *, *, #118, .F.);
#120 = CARTESIAN_POINT ('', (18.3089172049242, 13.6287380568234, -10.));
#121 = VERTEX_POINT ('', #120);
#122 = CARTESIAN_POINT ('', (18.3089172049247, 13.6287380568232, -10.));
#123 = CARTESIAN_POINT ('', (15.619416208242, 15.1886486348989, -10.));
#124 = B_SPLINE_CURVE_WITH_KNOTS ('', 1, (#122, #123), .UNSPECIFIED., .F., .U., (2, 2), (288.12242730368, 288.585215371677), .UNSPECIFIED.);
#125 = EDGE_CURVE ('', #121, #113, #124, .T.);
#126 = ORIENTED_EDGE ('', *, *, #125, .F.);
#127 = CARTESIAN_POINT ('', (24.0272736874927, 23.4879733715973, -10.));
#128 = VERTEX_POINT ('', #127);
#129 = CARTESIAN_POINT ('', (24.0272736874927, 23.4879733715973, -10.));
#130 = CARTESIAN_POINT ('', (18.308917204924, 13.6287380568236, -10.));
#131 = B_SPLINE_CURVE_WITH_KNOTS ('', 1, (#129, #130), .UNSPECIFIED., .F., .U., (2, 2), (0., 0.975187269677012), .UNSPECIFIED.);
#132 = EDGE_CURVE ('', #128, #121, #131, .T.);
#133 = ORIENTED_EDGE ('', *, *, #132, .F.);
#134 = CARTESIAN_POINT ('', (24.0272736874927, 23.4879733715973, -10.));
#135 = CARTESIAN_POINT ('', (24.0597643996987, 23.5439918409179, -10.));
#136 = CARTESIAN_POINT ('', (24.0918240260792, 23.6010846992729, -10.));
#137 = CARTESIAN_POINT ('', (24.1536629580394, 23.7148938959506, -10.));
#138 = CARTESIAN_POINT ('', (24.1841044520232, 23.7728277564629, -10.));
#139 = CARTESIAN_POINT ('', (24.2427559155224, 23.8883268147891, -10.));
#140 = CARTESIAN_POINT ('', (24.2715575926319, 23.9470559962868, -10.));
#141 = CARTESIAN_POINT ('', (24.3269757300277, 24.0641554176981, -10.));
#142 = CARTESIAN_POINT ('', (24.3541171822715, 24.1236336781151, -10.));
#143 = CARTESIAN_POINT ('', (24.4062586548165, 24.2422427356539, -10.));
#144 = CARTESIAN_POINT ('', (24.4317207658878, 24.3024233074494, -10.));
#145 = CARTESIAN_POINT ('', (24.4805447860769, 24.422450116608, -10.));
#146 = CARTESIAN_POINT ('', (24.5043097455515, 24.4832857426203, -10.));
#147 = CARTESIAN_POINT ('', (24.5497781074884, 24.6046373330323, -10.));
#148 = CARTESIAN_POINT ('', (24.5718294240077, 24.6660803027315, -10.));
#149 = CARTESIAN_POINT ('', (24.6139065317698, 24.7886626906563, -10.));
#150 = CARTESIAN_POINT ('', (24.6342290452014, 24.8506648767692, -10.));
#151 = CARTESIAN_POINT ('', (24.6728819391797, 24.9743831383121, -10.));
#152 = CARTESIAN_POINT ('', (24.6914618317463, 25.0368960337902, -10.));
#153 = CARTESIAN_POINT ('', (24.7266602129416, 25.1616543788037, -10.));
#154 = CARTESIAN_POINT ('', (24.7434850193087, 25.2246291341023, -10.));
#155 = CARTESIAN_POINT ('', (24.7831234135479, 25.3817290118624, -10.));
#156 = CARTESIAN_POINT ('', (24.8050952720351, 25.4771688925686, -10.));
#157 = CARTESIAN_POINT ('', (24.8447504246296, 25.6675152062181, -10.));
#158 = CARTESIAN_POINT ('', (24.862699362788, 25.7636835340493, -10.));
#159 = CARTESIAN_POINT ('', (24.8943819217674, 25.9555612554654, -10.));
#160 = CARTESIAN_POINT ('', (24.9082864235234, 26.0522890987636, -10.));
#161 = CARTESIAN_POINT ('', (24.9319394101143, 26.2453640221188, -10.));
#162 = CARTESIAN_POINT ('', (24.9417850073086, 26.3424818682129, -10.));
#163 = CARTESIAN_POINT ('', (24.9612617740912, 26.5849168170762, -10.));
#164 = CARTESIAN_POINT ('', (24.9684132224949, 26.7311561652854, -10.));
#165 = CARTESIAN_POINT ('', (24.9748242738119, 27.0961936739328, -10.));
#166 = CARTESIAN_POINT ('', (24.9683859087311, 27.3152531300611, -10.));
#167 = CARTESIAN_POINT ('', (24.9442508370441, 27.6308496483379, -10.));
#168 = CARTESIAN_POINT ('', (24.9348291747116, 27.7275038515632, -10.));
#169 = CARTESIAN_POINT ('', (24.9118973945341, 27.920911356049, -10.));
#170 = CARTESIAN_POINT ('', (24.8984706456824, 28.0169840117627, -10.));
#171 = CARTESIAN_POINT ('', (24.8674928789794, 28.2093100375025, -10.));
#172 = CARTESIAN_POINT ('', (24.8500940236043, 28.3046353846283, -10.));
#173 = CARTESIAN_POINT ('', (24.8111222787268, 28.4955457862245, -10.));
#174 = CARTESIAN_POINT ('', (24.7897911659131, 28.589959747344, -10.));
#175 = CARTESIAN_POINT ('', (24.7428912953505, 28.7791229434768, -10.));
#176 = CARTESIAN_POINT ('', (24.7176745672635, 28.8724634100306, -10.));
#177 = CARTESIAN_POINT ('', (24.662926139605, 29.059550956198, -10.));
#178 = CARTESIAN_POINT ('', (24.6338771437255, 29.151658070483, -10.));
#179 = CARTESIAN_POINT ('', (24.5818063243617, 29.305517572, -10.));
#180 = CARTESIAN_POINT ('', (24.5602830477633, 29.3663209883183, -10.));
#181 = CARTESIAN_POINT ('', (24.5152351368692, 29.4881757041892, -10.));
#182 = CARTESIAN_POINT ('', (24.4920434263378, 29.5483279894939, -10.));
#183 = CARTESIAN_POINT ('', (24.4436246846534, 29.6688970099543, -10.));
#184 = CARTESIAN_POINT ('', (24.4187843171368, 29.7283523464941, -10.));
#185 = CARTESIAN_POINT ('', (24.3670317098895, 29.8475426439252, -10.));
#186 = CARTESIAN_POINT ('', (24.340563727484, 29.9062558039106, -10.));
#187 = CARTESIAN_POINT ('', (24.2855167800768, 30.023975426184, -10.));
#188 = CARTESIAN_POINT ('', (24.2574434731984, 30.0819018068844, -10.));
#189 = CARTESIAN_POINT ('', (24.1991442395247, 30.1980599477576, -10.));
#190 = CARTESIAN_POINT ('', (24.1694891291203, 30.2551556061364, -10.));
#191 = CARTESIAN_POINT ('', (24.1079821579336, 30.3696626747167, -10.));
#192 = CARTESIAN_POINT ('', (24.0767699767459, 30.4258843615776, -10.));
#193 = CARTESIAN_POINT ('', (24.0348765071081, 30.4989382929551, -10.));
#194 = CARTESIAN_POINT ('', (24.0252410794299, 30.5155813297045, -10.));
#195 = CARTESIAN_POINT ('', (23.9828648747791, 30.5880862475999, -10.));
#196 = CARTESIAN_POINT ('', (23.9490445664638, 30.6441451629717, -10.));
#197 = CARTESIAN_POINT ('', (23.8805962404124, 30.7541096772241, -10.));
#198 = CARTESIAN_POINT ('', (23.845245924119, 30.8091767353968, -10.));
#199 = CARTESIAN_POINT ('', (23.7737544762087, 30.9172034698776, -10.));
#200 = CARTESIAN_POINT ('', (23.7369031683684, 30.971237263825, -10.));
#201 = CARTESIAN_POINT ('', (23.6624237912357, 31.0772421593859, -10.));
#202 = CARTESIAN_POINT ('', (23.6241016262974, 31.1302021152612, -10.));
#203 = CARTESIAN_POINT ('', (23.5466918241979, 31.2341026967544, -10.));
#204 = CARTESIAN_POINT ('', (23.506930031322, 31.2859491045945, -10.));
#205 = CARTESIAN_POINT ('', (23.4266495744951, 31.3876645439745, -10.));
#206 = CARTESIAN_POINT ('', (23.3854804533785, 31.4383585877456, -10.));
#207 = CARTESIAN_POINT ('', (23.3023913306969, 31.5378097658688, -10.));
#208 = CARTESIAN_POINT ('', (23.2598482265482, 31.5873135528296, -10.));
#209 = CARTESIAN_POINT ('', (23.1740145964906, 31.6844231199011, -10.));
#210 = CARTESIAN_POINT ('', (23.1301318741779, 31.7326997092597, -10.));
#211 = CARTESIAN_POINT ('', (23.0416200141612, 31.8273921438855, -10.));
#212 = CARTESIAN_POINT ('', (22.9964330315531, 31.8744055747267, -10.));
#213 = CARTESIAN_POINT ('', (22.8825533150371, 31.9896349261241, -10.));
#214 = CARTESIAN_POINT ('', (22.8122315511575, 32.057879130683, -10.));
#215 = CARTESIAN_POINT ('', (22.6699199372667, 32.190329415294, -10.));
#216 = CARTESIAN_POINT ('', (22.5968906930761, 32.2555065566647, -10.));
#217 = CARTESIAN_POINT ('', (22.4491415883115, 32.3819284719341, -10.));
#218 = CARTESIAN_POINT ('', (22.3735383412011, 32.4439326537483, -10.));
#219 = CARTESIAN_POINT ('', (22.2206082323409, 32.5641044021914, -10.));
#220 = CARTESIAN_POINT ('', (22.1425686044586, 32.622835457751, -10.));
#221 = CARTESIAN_POINT ('', (21.9847229252385, 32.7365462121877, -10.));
#222 = CARTESIAN_POINT ('', (21.9043884423238, 32.791909871788, -10.));
#223 = CARTESIAN_POINT ('', (21.7012602530725, 32.9257352235334, -10.));
#224 = CARTESIAN_POINT ('', (21.5766332141768, 33.002359999738, -10.));
#225 = CARTESIAN_POINT ('', (21.3232148678527, 33.1474432015327, -10.));
#226 = CARTESIAN_POINT ('', (21.1943553298831, 33.2159561506295, -10.));
#227 = CARTESIAN_POINT ('', (20.9322331857712, 33.3449740847143, -10.));
#228 = CARTESIAN_POINT ('', (20.7996682120446, 33.4051506191604, -10.));
#229 = CARTESIAN_POINT ('', (20.574896729726, 33.4988231965199, -10.));
#230 = CARTESIAN_POINT ('', (20.4846198205323, 33.5342563438216, -10.));
#231 = CARTESIAN_POINT ('', (20.3018294344034, 33.6016394217921, -10.));
#232 = CARTESIAN_POINT ('', (20.2102551153544, 33.633245973712, -10.));
#233 = CARTESIAN_POINT ('', (20.0247756329823, 33.6929689936576, -10.));
#234 = CARTESIAN_POINT ('', (19.9320663898421, 33.720703179845, -10.));
#235 = CARTESIAN_POINT ('', (19.7442190172188, 33.7726608241922, -10.));
#236 = CARTESIAN_POINT ('', (19.6505389533797, 33.796483759546, -10.));
#237 = CARTESIAN_POINT ('', (19.4606488928873, 33.8405841991633, -10.));
#238 = CARTESIAN_POINT ('', (19.3661634405515, 33.8604639457718, -10.));
#239 = CARTESIAN_POINT ('', (19.2065426692811, 33.8905921686407, -10.));
#240 = CARTESIAN_POINT ('', (19.1430124539243, 33.901672176738, -10.));
#241 = CARTESIAN_POINT ('', (19.0147273272134, 33.9222146284732, -10.));
#242 = CARTESIAN_POINT ('', (18.9509458835966, 33.9315217330926, -10.));
#243 = CARTESIAN_POINT ('', (18.8221269508049, 33.9484961920975, -10.));
#244 = CARTESIAN_POINT ('', (18.7581438989581, 33.9560251472853, -10.));
#245 = CARTESIAN_POINT ('', (18.6288903511372, 33.9694181742648, -10.));
#246 = CARTESIAN_POINT ('', (18.5647554177889, 33.9751651259673, -10.));
#247 = CARTESIAN_POINT ('', (18.4351667650781, 33.9849660398264, -10.));
#248 = CARTESIAN_POINT ('', (18.3709297448109, 33.9889285284543, -10.));
#249 = CARTESIAN_POINT ('', (18.2411057395581, 33.9951294132271, -10.));
#250 = CARTESIAN_POINT ('', (18.1768164558976, 33.9973063751561, -10.));
#251 = CARTESIAN_POINT ('', (18.0651296984612, 33.9995371203091, -10.));
#252 = CARTESIAN_POINT ('', (18.0187750647884, 34.0000000000002, -10.));
#253 = CARTESIAN_POINT ('', (17.9720553626602, 34.0000000000002, -10.));
#254 = B_SPLINE_CURVE_WITH_KNOTS ('', 3, (#134, #135, #136, #137, #138, #139, #140, #141, #142, #143, #144, #145, #146, #147, #148, #149, #150, #151, #152, #153, #154, #155, #156, #157, #158, #159, #160, #161, #162, #163, #164, #165, #166, #167, #168, #169, #170, #171, #172, #173, #174, #175, #176, #177, #178, #179, #180, #181, #182, #183, #184, #185, #186, #187, #188, #189, #190, #191, #192, #193, #194, #195, #196, #197, #198, #199, #200, #201, #202, #203, #204, #205, #206, #207, #208, #209, #210, #211, #212, #213, #214, #215, #216, #217, #218, #219, #220, #221, #222, #223, #224, #225, #226, #227, #228, #229, #230, #231, #232, #233, #234, #235, #236, #237, #238, #239, #240, #241, #242, #243, #244, #245, #246, #247, #248, #249, #250, #251, #252, #253), .UNSPECIFIED., .F., .U., (4, 2, 2, 2, 2, 2, 2, 2, 2, 2, 2, 2, 2, 2, 2, 2, 2, 2, 2, 2, 2, 2, 2, 2, 2, 2, 2, 2, 2, 2, 2, 2, 2, 2, 2, 2, 2, 2, 2, 2, 2, 2, 2, 2, 2, 2, 2, 2, 2, 2, 2, 2, 2, 2, 2, 2, 2, 2, 2, 4), (0., 0.194276703600883, 0.388573391767211, 0.582889930091386, 0.777226193153568, 0.971582064311478, 1.16595743550211, 1.3603522070625, 1.55476628756511, 1.74919959366667, 1.94365204997307, 2.23526971721972, 2.52695150327732, 2.81869717686985, 3.11050656342986, 3.54834533856963, 4.20578796959288, 4.49789943197553, 4.79007468346026, 5.08231392517431, 5.37461741502719, 5.66698546858113, 5.95941846013405, 6.1542811159316, 6.3491632157152, 6.5440648626038, 6.73898616812755, 6.93392725240722, 7.12888824434985, 7.32386928186118, 7.38152920934186, 7.5758104507015, 7.7701116453911, 7.96443266105753, 8.15877337428745, 8.35313367039674, 8.54751344324038, 8.74191259503483, 8.93633103619499, 9.13076868519016, 9.42235319547889, 9.71400196619836, 10.0057147365255, 10.2974913027581, 10.5893315175617, 11.0272395979563, 11.465362306558, 11.9036999859623, 12.1958901562092, 12.4881443717863, 12.7804629039764, 13.0728460819499, 13.3652942938951, 13.5601637441661, 13.75505267357, 13.9499611881508, 14.1448894024241, 14.3398374395626, 14.5348054315978, 14.6749645379822), .UNSPECIFIED.);
#255 = EDGE_CURVE ('', #128, #99, #254, .T.);
#256 = ORIENTED_EDGE ('', *, *, #255, .T.);
#257 = EDGE_LOOP ('', (#104, #111, #119, #126, #133, #256));
#258 = FACE_OUTER_BOUND ('', #257, .T.);
#259 = CARTESIAN_POINT ('', (16.25, 18., -10.0000000000001));
#260 = VERTEX_POINT ('', #259);
#261 = CARTESIAN_POINT ('', (18.25, 18., -10.0000000000001));
#262 = VERTEX_POINT ('', #261);
#263 = CARTESIAN_POINT ('', (16.25, 18., -10.0000000000001));
#264 = CARTESIAN_POINT ('', (16.25, 19., -10.0000000000001));
#265 = CARTESIAN_POINT ('', (17.25, 19., -10.0000000000001));
#266 = CARTESIAN_POINT ('', (18.25, 19., -10.0000000000001));
#267 = CARTESIAN_POINT ('', (18.25, 18., -10.0000000000001));
#268 = (
   BOUNDED_CURVE ()
   B_SPLINE_CURVE (2, (#263, #264, #265, #266, #267), .UNSPECIFIED., .F., .U.)
   B_SPLINE_CURVE_WITH_KNOTS ((3, 2, 3), (-2.88455142214105E-31, 1.5707963267949, 3.14159265358979), .UNSPECIFIED.)
   CURVE ()
   GEOMETRIC_REPRESENTATION_ITEM ()
   RATIONAL_B_SPLINE_CURVE ((1., 0.707106781186544, 1., 0.707106781186549, 1.))
   REPRESENTATION_ITEM ('')
);
#269 = EDGE_CURVE ('', #260, #262, #268, .T.);
#270 = ORIENTED_EDGE ('', *, *, #269, .T.);
#271 = CARTESIAN_POINT ('', (18.25, 18., -10.0000000000001));
#272 = CARTESIAN_POINT ('', (18.25, 17., -10.0000000000001));
#273 = CARTESIAN_POINT ('', (17.25, 17., -10.0000000000001));
#274 = CARTESIAN_POINT ('', (16.25, 17., -10.0000000000001));
#275 = CARTESIAN_POINT ('', (16.25, 18., -10.0000000000001));
#276 = (
   BOUNDED_CURVE ()
   B_SPLINE_CURVE (2, (#271, #272, #273, #274, #275), .UNSPECIFIED., .F., .U.)
   B_SPLINE_CURVE_WITH_KNOTS ((3, 2, 3), (3.14159265358979, 4.71238898038469, 6.28318530717959), .UNSPECIFIED.)
   CURVE ()
   GEOMETRIC_REPRESENTATION_ITEM ()
   RATIONAL_B_SPLINE_CURVE ((1., 0.707106781186544, 1., 0.707106781186552, 1.))
   REPRESENTATION_ITEM ('')
);
#277 = EDGE_CURVE ('', #262, #260, #276, .T.);
#278 = ORIENTED_EDGE ('', *, *, #277, .T.);
#279 = EDGE_LOOP ('', (#270, #278));
#280 = FACE_BOUND ('', #279, .T.);
#281 = CARTESIAN_POINT ('', (14., 13.6287380568234, -10.));
#282 = CARTESIAN_POINT ('', (14., 34.0000000000002, -10.));
#283 = CARTESIAN_POINT ('', (24.9748242738119, 13.6287380568234, -10.));
#284 = CARTESIAN_POINT ('', (24.9748242738119, 34.0000000000002, -10.));
#285 = B_SPLINE_SURFACE_WITH_KNOTS ('', 1, 1, ((#281, #282), (#283, #284)), .UNSPECIFIED., .F., .F., .U., (2, 2), (2, 2), (0.428310582089371, 0.640644901204171), (0.313425131511232, 0.70755609218048), .UNSPECIFIED.);
#286 = ADVANCED_FACE ('', (#258, #280), #285, .T.);
#287 = CARTESIAN_POINT ('', (18.25, 18., -11.5));
#288 = VERTEX_POINT ('', #287);
#289 = CARTESIAN_POINT ('', (18.25, 18., -11.5));
#290 = CARTESIAN_POINT ('', (18.25, 18., -10.0000000000001));
#291 = B_SPLINE_CURVE_WITH_KNOTS ('', 1, (#289, #290), .UNSPECIFIED., .F., .U., (2, 2), (-0.149999999999992, 0.), .UNSPECIFIED.);
#292 = EDGE_CURVE ('', #288, #262, #291, .T.);
#293 = ORIENTED_EDGE ('', *, *, #292, .T.);
#294 = ORIENTED_EDGE ('', *, *, #269, .F.);
#295 = CARTESIAN_POINT ('', (16.25, 18., -11.5));
#296 = VERTEX_POINT ('', #295);
#297 = CARTESIAN_POINT ('', (16.25, 18., -11.5));
#298 = CARTESIAN_POINT ('', (16.25, 18., -10.0000000000001));
#299 = B_SPLINE_CURVE_WITH_KNOTS ('', 1, (#297, #298), .UNSPECIFIED., .F., .U., (2, 2), (0., 0.749999999999958), .UNSPECIFIED.);
#300 = EDGE_CURVE ('', #296, #260, #299, .T.);
#301 = ORIENTED_EDGE ('', *, *, #300, .F.);
#302 = CARTESIAN_POINT ('', (16.25, 18., -11.5));
#303 = CARTESIAN_POINT ('', (16.25, 19., -11.5));
#304 = CARTESIAN_POINT ('', (17.25, 19., -11.5));
#305 = CARTESIAN_POINT ('', (18.25, 19., -11.5));
#306 = CARTESIAN_POINT ('', (18.25, 18., -11.5));
#307 = (
   BOUNDED_CURVE ()
   B_SPLINE_CURVE (2, (#302, #303, #304, #305, #306), .UNSPECIFIED., .F., .U.)
   B_SPLINE_CURVE_WITH_KNOTS ((3, 2, 3), (4.93038065763129E-30, 1.5707963267949, 3.14159265358979), .UNSPECIFIED.)
   CURVE ()
   GEOMETRIC_REPRESENTATION_ITEM ()
   RATIONAL_B_SPLINE_CURVE ((1., 0.707106781186546, 1., 0.707106781186546, 1.))
   REPRESENTATION_ITEM ('')
);
#308 = EDGE_CURVE ('', #296, #288, #307, .T.);
#309 = ORIENTED_EDGE ('', *, *, #308, .T.);
#310 = EDGE_LOOP ('', (#293, #294, #301, #309));
#311 = FACE_OUTER_BOUND ('', #310, .T.);
#312 = CARTESIAN_POINT ('', (16.25, 18., -11.5));
#313 = CARTESIAN_POINT ('', (16.25, 18., -10.0000000000001));
#314 = CARTESIAN_POINT ('', (16.25, 19., -11.5));
#315 = CARTESIAN_POINT ('', (16.25, 19., -10.0000000000001));
#316 = CARTESIAN_POINT ('', (17.25, 19., -11.5));
#317 = CARTESIAN_POINT ('', (17.25, 19., -10.0000000000001));
#318 = CARTESIAN_POINT ('', (18.25, 19., -11.5));
#319 = CARTESIAN_POINT ('', (18.25, 19., -10.0000000000001));
#320 = CARTESIAN_POINT ('', (18.25, 18., -11.5));
#321 = CARTESIAN_POINT ('', (18.25, 18., -10.0000000000001));
#322 = (
   BOUNDED_SURFACE ()
   B_SPLINE_SURFACE (2, 1, ((#312, #313), (#314, #315), (#316, #317), (#318, #319), (#320, #321)), .UNSPECIFIED., .F., .F., .U.)
   B_SPLINE_SURFACE_WITH_KNOTS ((3, 2, 3), (2, 2), (0., 0.15707963267949, 0.314159265358979), (-0.149999999999992, 0.), .UNSPECIFIED.)
   GEOMETRIC_REPRESENTATION_ITEM ()
   RATIONAL_B_SPLINE_SURFACE (((1., 1.), (0.707106781186547, 0.707106781186547), (1., 1.), (0.707106781186547, 0.707106781186547), (1., 1.)))
   REPRESENTATION_ITEM ('')
   SURFACE ()
);
#323 = ADVANCED_FACE ('', (#311), #322, .T.);
#324 = CARTESIAN_POINT ('', (19.7500024466827, 18.000000000016, -13.));
#325 = VERTEX_POINT ('', #324);
#326 = CARTESIAN_POINT ('', (18.25, 18., -11.5));
#327 = CARTESIAN_POINT ('', (19.7500000000105, 18., -13.0000000000105));
#328 = B_SPLINE_CURVE_WITH_KNOTS ('', 1, (#326, #327), .UNSPECIFIED., .F., .U., (2, 2), (0., 0.750000000005246), .UNSPECIFIED.);
#329 = EDGE_CURVE ('', #288, #325, #328, .T.);
#330 = ORIENTED_EDGE ('', *, *, #329, .T.);
#331 = CARTESIAN_POINT ('', (14.75, 18., -13.));
#332 = VERTEX_POINT ('', #331);
#333 = CARTESIAN_POINT ('', (14.75, 18., -13.));
#334 = CARTESIAN_POINT ('', (14.7499928569711, 17.9014834601206, -13.));
#335 = CARTESIAN_POINT ('', (14.7558439409396, 17.8027952956357, -13.));
#336 = CARTESIAN_POINT ('', (14.7790715747677, 17.6073437809091, -13.));
#337 = CARTESIAN_POINT ('', (14.7964705821349, 17.5102374219784, -13.));
#338 = CARTESIAN_POINT ('', (14.842464324882, 17.3192679666095, -13.));
#339 = CARTESIAN_POINT ('', (14.8711179843675, 17.2250698567493, -13.));
#340 = CARTESIAN_POINT ('', (14.9390998927488, 17.0411732518946, -13.));
#341 = CARTESIAN_POINT ('', (14.9785500352839, 16.9511599352862, -13.));
#342 = CARTESIAN_POINT ('', (15.0526223971083, 16.8059462838147, -13.));
#343 = CARTESIAN_POINT ('', (15.0844845552121, 16.7490919160749, -13.));
#344 = CARTESIAN_POINT ('', (15.1695225977205, 16.610360742262, -13.));
#345 = CARTESIAN_POINT ('', (15.2255182528426, 16.5299566753059, -13.));
#346 = CARTESIAN_POINT ('', (15.3462503651744, 16.3766690132573, -13.));
#347 = CARTESIAN_POINT ('', (15.4111515826411, 16.3034915800347, -13.));
#348 = CARTESIAN_POINT ('', (15.5487156341852, 16.16557930736, -13.));
#349 = CARTESIAN_POINT ('', (15.6215999333155, 16.1005995238804, -13.));
#350 = CARTESIAN_POINT ('', (15.7740332860966, 15.9798563730152, -13.));
#351 = CARTESIAN_POINT ('', (15.853849447241, 15.9238979579405, -13.));
#352 = CARTESIAN_POINT ('', (16.0190269793025, 15.8219031808393, -13.));
#353 = CARTESIAN_POINT ('', (16.1046597915624, 15.775679970847, -13.));
#354 = CARTESIAN_POINT ('', (16.2511230434851, 15.7073101228236, -13.));
#355 = CARTESIAN_POINT ('', (16.3108127909059, 15.6822174845331, -13.));
#356 = CARTESIAN_POINT ('', (16.4618837211032, 15.6255136683483, -13.));
#357 = CARTESIAN_POINT ('', (16.5545525593248, 15.5967320669242, -13.));
#358 = CARTESIAN_POINT ('', (16.711047537523, 15.5579309255075, -13.));
#359 = CARTESIAN_POINT ('', (16.7743242070061, 15.54482312936, -13.));
#360 = CARTESIAN_POINT ('', (16.8804529458408, 15.5270870392857, -13.));
#361 = CARTESIAN_POINT ('', (16.923138961039, 15.5210835627004, -13.));
#362 = CARTESIAN_POINT ('', (17.0087013837875, 15.5113039753812, -13.));
#363 = CARTESIAN_POINT ('', (17.0516054475403, 15.5075180184772, -13.));
#364 = CARTESIAN_POINT ('', (17.1375286745584, 15.5021564827511, -13.));
#365 = CARTESIAN_POINT ('', (17.1805771402998, 15.5005884012564, -13.));
#366 = CARTESIAN_POINT ('', (17.2669059710159, 15.49968472848, -13.));
#367 = CARTESIAN_POINT ('', (17.3102156037742, 15.5003437482865, -13.));
#368 = CARTESIAN_POINT ('', (17.3727146480639, 15.5029359282754, -13.));
#369 = CARTESIAN_POINT ('', (17.3919573728381, 15.5039586712986, -13.));
#370 = CARTESIAN_POINT ('', (17.4545879746197, 15.5080112164155, -13.));
#371 = CARTESIAN_POINT ('', (17.4979333080338, 15.5119477425193, -13.));
#372 = CARTESIAN_POINT ('', (17.6059864887058, 15.5246100567389, -13.));
#373 = CARTESIAN_POINT ('', (17.6705914352929, 15.534768569934, -13.));
#374 = CARTESIAN_POINT ('', (17.7986770327134, 15.5600795988888, -13.));
#375 = CARTESIAN_POINT ('', (17.862256260222, 15.5752518499261, -13.));
#376 = CARTESIAN_POINT ('', (18.0195070656527, 15.6193645950023, -13.));
#377 = CARTESIAN_POINT ('', (18.1125235986676, 15.651453867683, -13.));
#378 = CARTESIAN_POINT ('', (18.293662512727, 15.7261586472455, -13.));
#379 = CARTESIAN_POINT ('', (18.3821070104411, 15.7688760152971, -13.));
#380 = CARTESIAN_POINT ('', (18.5529313679799, 15.8641355278466, -13.));
#381 = CARTESIAN_POINT ('', (18.6356145206227, 15.9168236165848, -13.));
#382 = CARTESIAN_POINT ('', (18.7938355590631, 16.0312210384974, -13.));
#383 = CARTESIAN_POINT ('', (18.8696471775517, 16.0931197969001, -13.));
#384 = CARTESIAN_POINT ('', (18.9892668927764, 16.2030151823855, -13.));
#385 = CARTESIAN_POINT ('', (19.0353813873997, 16.2488218060452, -13.));
#386 = CARTESIAN_POINT ('', (19.1458804537048, 16.3675062956405, -13.));
#387 = CARTESIAN_POINT ('', (19.2081149123423, 16.4426798997313, -13.));
#388 = CARTESIAN_POINT ('', (19.3230901440079, 16.5993809014678, -13.));
#389 = CARTESIAN_POINT ('', (19.3760470427673, 16.6811567831261, -13.));
#390 = CARTESIAN_POINT ('', (19.4718518297182, 16.849881082647, -13.));
#391 = CARTESIAN_POINT ('', (19.5148744962662, 16.9371074752263, -13.));
#392 = CARTESIAN_POINT ('', (19.5903087663952, 17.1155099989613, -13.));
#393 = CARTESIAN_POINT ('', (19.6228538745129, 17.2069828752264, -13.));
#394 = CARTESIAN_POINT ('', (19.6680392660911, 17.3618430729385, -13.));
#395 = CARTESIAN_POINT ('', (19.6837295127822, 17.4245611151584, -13.));
#396 = CARTESIAN_POINT ('', (19.7101720134941, 17.5508775952871, -13.));
#397 = CARTESIAN_POINT ('', (19.7209547376425, 17.6145686265775, -13.));
#398 = CARTESIAN_POINT ('', (19.7347825780151, 17.7212391011115, -13.));
#399 = CARTESIAN_POINT ('', (19.7392125078139, 17.7641018296076, -13.));
#400 = CARTESIAN_POINT ('', (19.7440188851403, 17.8261501032157, -13.));
#401 = CARTESIAN_POINT ('', (19.7452809454277, 17.8452828239849, -13.));
#402 = CARTESIAN_POINT ('', (19.748779043705, 17.9095602737337, -13.));
#403 = CARTESIAN_POINT ('', (19.7500027433767, 17.9547848621713, -13.));
#404 = CARTESIAN_POINT ('', (19.7500024466827, 18.000000000016, -13.));
#405 = B_SPLINE_CURVE_WITH_KNOTS ('', 3, (#333, #334, #335, #336, #337, #338, #339, #340, #341, #342, #343, #344, #345, #346, #347, #348, #349, #350, #351, #352, #353, #354, #355, #356, #357, #358, #359, #360, #361, #362, #363, #364, #365, #366, #367, #368, #369, #370, #371, #372, #373, #374, #375, #376, #377, #378, #379, #380, #381, #382, #383, #384, #385, #386, #387, #388, #389, #390, #391, #392, #393, #394, #395, #396, #397, #398, #399, #400, #401, #402, #403, #404), .UNSPECIFIED., .F., .U., (4, 2, 2, 2, 2, 2, 2, 2, 2, 2, 2, 2, 2, 2, 2, 2, 2, 2, 2, 2, 2, 2, 2, 2, 2, 2, 2, 2, 2, 2, 2, 2, 2, 2, 2, 4), (0., 0.295549620415173, 0.590480616311492, 0.884839714767559, 1.17866044450873, 1.37388314253185, 1.66682052619349, 1.95925494964225, 2.25119452380431, 2.54263605979973, 2.83358525594621, 3.02754149650104, 3.31767175491642, 3.5112416732515, 3.64047340125658, 3.76960017733545, 3.89874442762006, 4.02860085829137, 4.08640275919104, 4.21688558580007, 4.41278047977374, 4.60857310931808, 4.90274348937836, 5.19639025136551, 5.48951262859522, 5.78212569020163, 5.97682448787287, 6.26860741187596, 6.55989444128844, 6.85068817780448, 7.14097972441325, 7.33464127886663, 7.5281431665976, 7.65733028357555, 7.71484561887594, 7.85044798121061), .UNSPECIFIED.);
#406 = EDGE_CURVE ('', #332, #325, #405, .T.);
#407 = ORIENTED_EDGE ('', *, *, #406, .F.);
#408 = CARTESIAN_POINT ('', (16.25, 18., -11.5));
#409 = CARTESIAN_POINT ('', (14.75, 18., -13.));
#410 = B_SPLINE_CURVE_WITH_KNOTS ('', 1, (#408, #409), .UNSPECIFIED., .F., .U., (2, 2), (0., 0.749999999999999), .UNSPECIFIED.);
#411 = EDGE_CURVE ('', #296, #332, #410, .T.);
#412 = ORIENTED_EDGE ('', *, *, #411, .F.);
#413 = CARTESIAN_POINT ('', (18.25, 18., -11.5));
#414 = CARTESIAN_POINT ('', (18.25, 17., -11.5));
#415 = CARTESIAN_POINT ('', (17.25, 17., -11.5));
#416 = CARTESIAN_POINT ('', (16.25, 17., -11.5));
#417 = CARTESIAN_POINT ('', (16.25, 18., -11.5));
#418 = (
   BOUNDED_CURVE ()
   B_SPLINE_CURVE (2, (#413, #414, #415, #416, #417), .UNSPECIFIED., .F., .U.)
   B_SPLINE_CURVE_WITH_KNOTS ((3, 2, 3), (3.14159265358979, 4.71238898038469, 6.28318530717959), .UNSPECIFIED.)
   CURVE ()
   GEOMETRIC_REPRESENTATION_ITEM ()
   RATIONAL_B_SPLINE_CURVE ((1., 0.707106781186546, 1., 0.707106781186549, 1.))
   REPRESENTATION_ITEM ('')
);
#419 = EDGE_CURVE ('', #288, #296, #418, .T.);
#420 = ORIENTED_EDGE ('', *, *, #419, .F.);
#421 = EDGE_LOOP ('', (#330, #407, #412, #420));
#422 = FACE_OUTER_BOUND ('', #421, .T.);
#423 = CARTESIAN_POINT ('', (18.25, 18., -11.5));
#424 = CARTESIAN_POINT ('', (18.25, 17.9802194031879, -11.5));
#425 = CARTESIAN_POINT ('', (18.2488420221716, 17.9406582095636, -11.5));
#426 = CARTESIAN_POINT ('', (18.2433867660385, 17.8797638767477, -11.5));
#427 = CARTESIAN_POINT ('', (18.2339924254294, 17.8181233610913, -11.5));
#428 = CARTESIAN_POINT ('', (18.2159701818479, 17.7352446988553, -11.5));
#429 = CARTESIAN_POINT ('', (18.1893840952233, 17.6521669167474, -11.5));
#430 = CARTESIAN_POINT ('', (18.1539501910847, 17.5706125922925, -11.5));
#431 = CARTESIAN_POINT ('', (18.1229803795043, 17.5106763050721, -11.5));
#432 = CARTESIAN_POINT ('', (18.0876908055147, 17.4524321289537, -11.5));
#433 = CARTESIAN_POINT ('', (18.0350756858272, 17.3776381687514, -11.5));
#434 = CARTESIAN_POINT ('', (17.9593654629523, 17.2906345370477, -11.5));
#435 = CARTESIAN_POINT ('', (17.8723618312486, 17.2149243141729, -11.5));
#436 = CARTESIAN_POINT ('', (17.7975678710462, 17.1623091944853, -11.5));
#437 = CARTESIAN_POINT ('', (17.7393236949279, 17.1270196204958, -11.5));
#438 = CARTESIAN_POINT ('', (17.6793874077075, 17.0960498089154, -11.5));
#439 = CARTESIAN_POINT ('', (17.5978330832526, 17.0606159047768, -11.5));
#440 = CARTESIAN_POINT ('', (17.5147553011447, 17.0340298181521, -11.5));
#441 = CARTESIAN_POINT ('', (17.4318766389087, 17.0160075745706, -11.5));
#442 = CARTESIAN_POINT ('', (17.3702361232523, 17.0066132339615, -11.5));
#443 = CARTESIAN_POINT ('', (17.3093417904362, 17.0011579778284, -11.5));
#444 = CARTESIAN_POINT ('', (17.2500000000006, 16.9994210110859, -11.5));
#445 = CARTESIAN_POINT ('', (17.1906582095615, 17.0011579778279, -11.5));
#446 = CARTESIAN_POINT ('', (17.1297638767556, 17.0066132339635, -11.5));
#447 = CARTESIAN_POINT ('', (17.0681233610618, 17.016007574563, -11.5));
#448 = CARTESIAN_POINT ('', (16.985244699012, 17.0340298181923, -11.5));
#449 = CARTESIAN_POINT ('', (16.9021669157683, 17.0606159045256, -11.5));
#450 = CARTESIAN_POINT ('', (16.8206125939669, 17.0960498093448, -11.5));
#451 = CARTESIAN_POINT ('', (16.7606762986905, 17.1270196188588, -11.5));
#452 = CARTESIAN_POINT ('', (16.7024321528058, 17.1623092006035, -11.5));
#453 = CARTESIAN_POINT ('', (16.6276380420988, 17.2149242816856, -11.5));
#454 = CARTESIAN_POINT ('', (16.5406355576608, 17.2906347988424, -11.5));
#455 = CARTESIAN_POINT ('', (16.4497785432512, 17.3950379392569, -11.5));
#456 = CARTESIAN_POINT ('', (16.3748500041467, 17.5098289243614, -11.5));
#457 = CARTESIAN_POINT ('', (16.3172589255459, 17.6313963048321, -11.5));
#458 = CARTESIAN_POINT ('', (16.2840302270037, 17.7352473832544, -11.5));
#459 = CARTESIAN_POINT ('', (16.2660075388151, 17.8181187624506, -11.5));
#460 = CARTESIAN_POINT ('', (16.2534815927731, 17.9003356227447, -11.5));
#461 = CARTESIAN_POINT ('', (16.249997152057, 17.9607212153931, -11.5));
#462 = CARTESIAN_POINT ('', (16.25, 18., -11.5));
#463 = CARTESIAN_POINT ('', (19.7500000000105, 18., -13.0000000000105));
#464 = CARTESIAN_POINT ('', (19.7500000000105, 17.9505485079695, -13.0000000000105));
#465 = CARTESIAN_POINT ('', (19.7471050554394, 17.8516455239085, -13.0000000000105));
#466 = CARTESIAN_POINT ('', (19.7334669151067, 17.699409691868, -13.0000000000105));
#467 = CARTESIAN_POINT ('', (19.7099810635839, 17.5453084027263, -13.0000000000105));
#468 = CARTESIAN_POINT ('', (19.6649254546298, 17.3381117471355, -13.0000000000105));
#469 = CARTESIAN_POINT ('', (19.598460238068, 17.130417291865, -13.0000000000105));
#470 = CARTESIAN_POINT ('', (19.5098754777211, 16.9265314807268, -13.0000000000105));
#471 = CARTESIAN_POINT ('', (19.4324509487698, 16.7766907626752, -13.0000000000105));
#472 = CARTESIAN_POINT ('', (19.3442270137955, 16.6310803223787, -13.0000000000105));
#473 = CARTESIAN_POINT ('', (19.2126892145761, 16.444095421872, -13.0000000000105));
#474 = CARTESIAN_POINT ('', (19.0234136573883, 16.2265863426117, -13.0000000000105));
#475 = CARTESIAN_POINT ('', (18.8059045781281, 16.0373107854239, -13.0000000000105));
#476 = CARTESIAN_POINT ('', (18.6189196776214, 15.9057729862046, -13.0000000000105));
#477 = CARTESIAN_POINT ('', (18.4733092373248, 15.8175490512302, -13.0000000000105));
#478 = CARTESIAN_POINT ('', (18.3234685192732, 15.7401245222789, -13.0000000000105));
#479 = CARTESIAN_POINT ('', (18.1195827081351, 15.651539761932, -13.0000000000105));
#480 = CARTESIAN_POINT ('', (17.9118882528646, 15.5850745453702, -13.0000000000105));
#481 = CARTESIAN_POINT ('', (17.7046915972737, 15.5400189364161, -13.0000000000105));
#482 = CARTESIAN_POINT ('', (17.5505903081321, 15.5165330848933, -13.0000000000105));
#483 = CARTESIAN_POINT ('', (17.3983544760912, 15.5028949445605, -13.0000000000105));
#484 = CARTESIAN_POINT ('', (17.2500000000015, 15.4985525277043, -13.0000000000105));
#485 = CARTESIAN_POINT ('', (17.1016455239031, 15.5028949445593, -13.0000000000105));
#486 = CARTESIAN_POINT ('', (16.9494096918878, 15.5165330848984, -13.0000000000105));
#487 = CARTESIAN_POINT ('', (16.7953084026525, 15.5400189363972, -13.0000000000105));
#488 = CARTESIAN_POINT ('', (16.5881117475274, 15.5850745454707, -13.0000000000105));
#489 = CARTESIAN_POINT ('', (16.3804172894171, 15.6515397613041, -13.0000000000105));
#490 = CARTESIAN_POINT ('', (16.1765314849127, 15.7401245233526, -13.0000000000105));
#491 = CARTESIAN_POINT ('', (16.0266907467212, 15.8175490471379, -13.0000000000105));
#492 = CARTESIAN_POINT ('', (15.8810803820087, 15.9057730015001, -13.0000000000105));
#493 = CARTESIAN_POINT ('', (15.6940951052406, 16.0373107042056, -13.0000000000105));
#494 = CARTESIAN_POINT ('', (15.4765888941445, 16.2265869970985, -13.0000000000105));
#495 = CARTESIAN_POINT ('', (15.2494463581195, 16.487594848136, -13.0000000000105));
#496 = CARTESIAN_POINT ('', (15.0621250103575, 16.7745723108984, -13.0000000000105));
#497 = CARTESIAN_POINT ('', (14.9181473138549, 17.0784907620765, -13.0000000000105));
#498 = CARTESIAN_POINT ('', (14.8350755674992, 17.3381184581331, -13.0000000000105));
#499 = CARTESIAN_POINT ('', (14.7900188470274, 17.5452969061247, -13.0000000000105));
#500 = CARTESIAN_POINT ('', (14.7587039819222, 17.7508390568607, -13.0000000000105));
#501 = CARTESIAN_POINT ('', (14.7499928801319, 17.9018030384824, -13.0000000000105));
#502 = CARTESIAN_POINT ('', (14.7499999999895, 18., -13.0000000000105));
#503 = B_SPLINE_SURFACE_WITH_KNOTS ('', 1, 3, ((#423, #424, #425, #426, #427, #428, #429, #430, #431, #432, #433, #434, #435, #436, #437, #438, #439, #440, #441, #442, #443, #444, #445, #446, #447, #448, #449, #450, #451, #452, #453, #454, #455, #456, #457, #458, #459, #460, #461, #462), (#463, #464, #465, #466, #467, #468, #469, #470, #471, #472, #473, #474, #475, #476, #477, #478, #479, #480, #481, #482, #483, #484, #485, #486, #487, #488, #489, #490, #491, #492, #493, #494, #495, #496, #497, #498, #499, #500, #501, #502)), .UNSPECIFIED., .F., .F., .U., (2, 2), (4, 1, 1, 1, 1, 1, 1, 1, 1, 1, 1, 1, 1, 1, 1, 1, 1, 1, 1, 1, 1, 1, 1, 1, 1, 1, 1, 1, 1, 1, 1, 1, 1, 1, 1, 1, 1, 4), (0., 0.750000000005246), (0.5, 0.510416666666669, 0.520833333333336, 0.531250000000002, 0.541666666666669, 0.562500000000002, 0.572916666666668, 0.583333333333335, 0.593750000000001, 0.604166666666668, 0.625000000000001, 0.645833333333335, 0.656250000000001, 0.666666666666667, 0.677083333333334, 0.6875, 0.708333333333333, 0.71875, 0.729166666666667, 0.739583333333333, 0.75, 0.760416666666665, 0.770833333333333, 0.78125, 0.791666666666667, 0.812499999999999, 0.822916666666667, 0.833333333333333, 0.84375, 0.854166666666666, 0.875, 0.895833333333333, 0.916666666666667, 0.9375, 0.958333333333333, 0.96875, 0.979166666666667, 1.), .UNSPECIFIED.);
#504 = ADVANCED_FACE ('', (#422), #503, .T.);
#505 = CARTESIAN_POINT ('', (6.0552183248329, -7.49832897781641, -13.));
#506 = VERTEX_POINT ('', #505);
#507 = CARTESIAN_POINT ('', (-6.05521832483245, -7.49832897781625, -13.));
#508 = VERTEX_POINT ('', #507);
#509 = CARTESIAN_POINT ('', (6.0552183248329, -7.49832897781641, -13.));
#510 = CARTESIAN_POINT ('', (4.03219376930656, -10.9863023494135, -13.));
#511 = CARTESIAN_POINT ('', (1.74638081773537E-13, -10.9863023494135, -13.));
#512 = CARTESIAN_POINT ('', (-4.03219376930621, -10.9863023494134, -13.));
#513 = CARTESIAN_POINT ('', (-6.05521832483245, -7.49832897781624, -13.));
#514 = (
   BOUNDED_CURVE ()
   B_SPLINE_CURVE (2, (#509, #510, #511, #512, #513), .UNSPECIFIED., .F., .U.)
   B_SPLINE_CURVE_WITH_KNOTS ((3, 2, 3), (0., 1.0452125332433, 2.0904250664866), .UNSPECIFIED.)
   CURVE ()
   GEOMETRIC_REPRESENTATION_ITEM ()
   RATIONAL_B_SPLINE_CURVE ((1., 0.866521231641742, 1., 0.866521231641742, 1.))
   REPRESENTATION_ITEM ('')
);
#515 = EDGE_CURVE ('', #506, #508, #514, .T.);
#516 = ORIENTED_EDGE ('', *, *, #515, .T.);
#517 = CARTESIAN_POINT ('', (-24.0272736874912, 23.4879733715973, -13.));
#518 = VERTEX_POINT ('', #517);
#519 = CARTESIAN_POINT ('', (-6.05521832483245, -7.49832897781623, -13.));
#520 = CARTESIAN_POINT ('', (-24.0272736874912, 23.4879733715973, -13.));
#521 = B_SPLINE_CURVE_WITH_KNOTS ('', 1, (#519, #520), .UNSPECIFIED., .F., .U., (2, 2), (74.7651339832853, 110.586157241251), .UNSPECIFIED.);
#522 = EDGE_CURVE ('', #508, #518, #521, .T.);
#523 = ORIENTED_EDGE ('', *, *, #522, .T.);
#524 = CARTESIAN_POINT ('', (-17.9720553626585, 34.0000000000001, -13.));
#525 = VERTEX_POINT ('', #524);
#526 = CARTESIAN_POINT ('', (-24.0272736874912, 23.4879733715973, -13.));
#527 = CARTESIAN_POINT ('', (-26.0572676849538, 26.9879630223952, -13.));
#528 = CARTESIAN_POINT ('', (-24.0377039841507, 30.4939815111976, -13.));
#529 = CARTESIAN_POINT ('', (-22.0181402833474, 34.0000000000001, -13.));
#530 = CARTESIAN_POINT ('', (-17.9720553626585, 34.0000000000001, -13.));
#531 = (
   BOUNDED_CURVE ()
   B_SPLINE_CURVE (2, (#526, #527, #528, #529, #530), .UNSPECIFIED., .F., .U.)
   B_SPLINE_CURVE_WITH_KNOTS ((3, 2, 3), (0., 1.04819006017324, 2.09638012034648), .UNSPECIFIED.)
   CURVE ()
   GEOMETRIC_REPRESENTATION_ITEM ()
   RATIONAL_B_SPLINE_CURVE ((1., 0.865777169913071, 1., 0.865777169913072, 1.))
   REPRESENTATION_ITEM ('')
);
#532 = EDGE_CURVE ('', #518, #525, #531, .T.);
#533 = ORIENTED_EDGE ('', *, *, #532, .T.);
#534 = CARTESIAN_POINT ('', (17.9720553626602, 34.0000000000002, -13.));
#535 = VERTEX_POINT ('', #534);
#536 = CARTESIAN_POINT ('', (-17.9720553626585, 34.0000000000001, -13.));
#537 = CARTESIAN_POINT ('', (17.9720553626602, 34.0000000000002, -13.));
#538 = B_SPLINE_CURVE_WITH_KNOTS ('', 1, (#536, #537), .UNSPECIFIED., .F., .U., (2, 2), (0., 1.), .UNSPECIFIED.);
#539 = EDGE_CURVE ('', #525, #535, #538, .T.);
#540 = ORIENTED_EDGE ('', *, *, #539, .T.);
#541 = CARTESIAN_POINT ('', (24.0272736874927, 23.4879733715973, -13.));
#542 = VERTEX_POINT ('', #541);
#543 = CARTESIAN_POINT ('', (17.9720553626602, 34.0000000000002, -13.));
#544 = CARTESIAN_POINT ('', (22.0181402833492, 34.0000000000002, -13.));
#545 = CARTESIAN_POINT ('', (24.0377039841524, 30.4939815111976, -13.));
#546 = CARTESIAN_POINT ('', (26.0572676849555, 26.9879630223951, -13.));
#547 = CARTESIAN_POINT ('', (24.0272736874927, 23.4879733715973, -13.));
#548 = (
   BOUNDED_CURVE ()
   B_SPLINE_CURVE (2, (#543, #544, #545, #546, #547), .UNSPECIFIED., .F., .U.)
   B_SPLINE_CURVE_WITH_KNOTS ((3, 2, 3), (0., 1.04819006017326, 2.09638012034653), .UNSPECIFIED.)
   CURVE ()
   GEOMETRIC_REPRESENTATION_ITEM ()
   RATIONAL_B_SPLINE_CURVE ((1., 0.865777169913059, 1., 0.865777169913064, 1.))
   REPRESENTATION_ITEM ('')
);
#549 = EDGE_CURVE ('', #535, #542, #548, .T.);
#550 = ORIENTED_EDGE ('', *, *, #549, .T.);
#551 = CARTESIAN_POINT ('', (24.0272736874927, 23.4879733715973, -13.));
#552 = CARTESIAN_POINT ('', (6.05521832483294, -7.49832897781636, -13.));
#553 = B_SPLINE_CURVE_WITH_KNOTS ('', 1, (#551, #552), .UNSPECIFIED., .F., .U., (2, 2), (148.53026796657, 184.351291224537), .UNSPECIFIED.);
#554 = EDGE_CURVE ('', #542, #506, #553, .T.);
#555 = ORIENTED_EDGE ('', *, *, #554, .T.);
#556 = EDGE_LOOP ('', (#516, #523, #533, #540, #550, #555));
#557 = FACE_OUTER_BOUND ('', #556, .T.);
#558 = CARTESIAN_POINT ('', (5.50000000000001, -3.98630234941347, -13.));
#559 = VERTEX_POINT ('', #558);
#560 = CARTESIAN_POINT ('', (-5.50000064590069, -3.98630234940606, -13.));
#561 = VERTEX_POINT ('', #560);
#562 = CARTESIAN_POINT ('', (5.50000000000001, -3.98630234941347, -13.));
#563 = CARTESIAN_POINT ('', (5.50001115489071, -4.13349803014708, -13.));
#564 = CARTESIAN_POINT ('', (5.49408058712835, -4.28081216112796, -13.));
#565 = CARTESIAN_POINT ('', (5.47047447298301, -4.57410550023801, -13.));
#566 = CARTESIAN_POINT ('', (5.45278215853099, -4.72032166429724, -13.));
#567 = CARTESIAN_POINT ('', (5.40579326512686, -5.01050120637025, -13.));
#568 = CARTESIAN_POINT ('', (5.37646976333266, -5.15469907374326, -13.));
#569 = CARTESIAN_POINT ('', (5.30645993014431, -5.43992986332069, -13.));
#570 = CARTESIAN_POINT ('', (5.26572640124328, -5.58119351737537, -13.));
#571 = CARTESIAN_POINT ('', (5.17320103268717, -5.85966513542887, -13.));
#572 = CARTESIAN_POINT ('', (5.12134753185415, -5.99709994153433, -13.));
#573 = CARTESIAN_POINT ('', (5.00695792459221, -6.26705454463446, -13.));
#574 = CARTESIAN_POINT ('', (4.94434174641041, -6.39979451463878, -13.));
#575 = CARTESIAN_POINT ('', (4.80887256620454, -6.65953557053766, -13.));
#576 = CARTESIAN_POINT ('', (4.73591887127079, -6.78674731657835, -13.));
#577 = CARTESIAN_POINT ('', (4.5802836186374, -7.0346476487194, -13.));
#578 = CARTESIAN_POINT ('', (4.49748249224729, -7.15553610426467, -13.));
#579 = CARTESIAN_POINT ('', (4.3227179326222, -7.39004806806092, -13.));
#580 = CARTESIAN_POINT ('', (4.23062052836144, -7.50386161766708, -13.));
#581 = CARTESIAN_POINT ('', (4.03788042991149, -7.72352701638195, -13.));
#582 = CARTESIAN_POINT ('', (3.93709353101774, -7.82956085613313, -13.));
#583 = CARTESIAN_POINT ('', (3.72764423964117, -8.03302330825601, -13.));
#584 = CARTESIAN_POINT ('', (3.61882605033416, -8.13062339144701, -13.));
#585 = CARTESIAN_POINT ('', (3.39403487172675, -8.31663442309188, -13.));
#586 = CARTESIAN_POINT ('', (3.27789239106794, -8.4052022218861, -13.));
#587 = CARTESIAN_POINT ('', (3.03921790268911, -8.5726274359837, -13.));
#588 = CARTESIAN_POINT ('', (2.91650266531232, -8.65162416147272, -13.));
#589 = CARTESIAN_POINT ('', (2.66548536526089, -8.79944982604426, -13.));
#590 = CARTESIAN_POINT ('', (2.53698829541613, -8.86839992815041, -13.));
#591 = CARTESIAN_POINT ('', (2.2752406299431, -8.99573872219077, -13.));
#592 = CARTESIAN_POINT ('', (2.14178649691064, -9.05423274822776, -13.));
#593 = CARTESIAN_POINT ('', (1.87098245870796, -9.16032902672317, -13.));
#594 = CARTESIAN_POINT ('', (1.73342343716162, -9.20802417619552, -13.));
#595 = CARTESIAN_POINT ('', (1.45529068587384, -9.2922623236979, -13.));
#596 = CARTESIAN_POINT ('', (1.31450258541972, -9.32888381035908, -13.));
#597 = CARTESIAN_POINT ('', (1.03080729804844, -9.39079095129429, -13.));
#598 = CARTESIAN_POINT ('', (0.887679877007608, -9.41613270782019, -13.));
#599 = CARTESIAN_POINT ('', (0.647895669137619, -9.44886723492923, -13.));
#600 = CARTESIAN_POINT ('', (0.55152395874604, -9.45943932771568, -13.));
#601 = CARTESIAN_POINT ('', (0.411978029354683, -9.47101792564648, -13.));
#602 = CARTESIAN_POINT ('', (0.36893759972636, -9.47408091020564, -13.));
#603 = CARTESIAN_POINT ('', (0.26134537165006, -9.48047469840314, -13.));
#604 = CARTESIAN_POINT ('', (0.19674282443652, -9.48317384977571, -13.));
#605 = CARTESIAN_POINT ('', (0.0673276164161384, -9.48627695977795, -13.));
#606 = CARTESIAN_POINT ('', (0.00249504700771517, -9.48668166995314, -13.));
#607 = CARTESIAN_POINT ('', (-0.127306336467056, -9.48522112038544, -13.));
#608 = CARTESIAN_POINT ('', (-0.192295454241872, -9.48333508616222, -13.));
#609 = CARTESIAN_POINT ('', (-0.286073059010247, -9.47893713884342, -13.));
#610 = CARTESIAN_POINT ('', (-0.314916333217981, -9.47735582739877, -13.));
#611 = CARTESIAN_POINT ('', (-0.408739923467666, -9.47147534886394, -13.));
#612 = CARTESIAN_POINT ('', (-0.473673741794653, -9.46625456992597, -13.));
#613 = CARTESIAN_POINT ('', (-0.603245966568428, -9.45350879489195, -13.));
#614 = CARTESIAN_POINT ('', (-0.667904936076228, -9.44598498267717, -13.));
#615 = CARTESIAN_POINT ('', (-0.87805240496619, -9.41774710256711, -13.));
#616 = CARTESIAN_POINT ('', (-1.02303664372536, -9.39231689609476, -13.));
#617 = CARTESIAN_POINT ('', (-1.31013921600264, -9.3299986809167, -13.));
#618 = CARTESIAN_POINT ('', (-1.45249011385095, -9.29307316325026, -13.));
#619 = CARTESIAN_POINT ('', (-1.73343477692223, -9.208057742023, -13.));
#620 = CARTESIAN_POINT ('', (-1.87225528841733, -9.15990631800311, -13.));
#621 = CARTESIAN_POINT ('', (-2.14526857937729, -9.05279123308172, -13.));
#622 = CARTESIAN_POINT ('', (-2.27968291608919, -8.99375060103337, -13.));
#623 = CARTESIAN_POINT ('', (-2.54304396888419, -8.86527381803345, -13.));
#624 = CARTESIAN_POINT ('', (-2.67220665868486, -8.7957473046674, -13.));
#625 = CARTESIAN_POINT ('', (-2.9242643305623, -8.64678246195212, -13.));
#626 = CARTESIAN_POINT ('', (-3.04736650079074, -8.56723674184737, -13.));
#627 = CARTESIAN_POINT ('', (-3.28654739644897, -8.39878186368913, -13.));
#628 = CARTESIAN_POINT ('', (-3.40282134383242, -8.30974630776448, -13.));
#629 = CARTESIAN_POINT ('', (-3.62763803073048, -8.12291793988835, -13.));
#630 = CARTESIAN_POINT ('', (-3.73636241231175, -8.02498090878539, -13.));
#631 = CARTESIAN_POINT ('', (-3.94542263180241, -7.82100703547589, -13.));
#632 = CARTESIAN_POINT ('', (-4.04592711738467, -7.71481163030434, -13.));
#633 = CARTESIAN_POINT ('', (-4.23794223930906, -7.49502375829499, -13.));
#634 = CARTESIAN_POINT ('', (-4.32961090278275, -7.38126261559823, -13.));
#635 = CARTESIAN_POINT ('', (-4.50340552732146, -7.1470886111005, -13.));
#636 = CARTESIAN_POINT ('', (-4.58567931285947, -7.02649854648739, -13.));
#637 = CARTESIAN_POINT ('', (-4.74020004485285, -6.77945406533392, -13.));
#638 = CARTESIAN_POINT ('', (-4.81258031302736, -6.65281209801266, -13.));
#639 = CARTESIAN_POINT ('', (-4.94689871411997, -6.39448799339461, -13.));
#640 = CARTESIAN_POINT ('', (-5.00895174007672, -6.26260737593546, -13.));
#641 = CARTESIAN_POINT ('', (-5.12226940087429, -5.99465941866877, -13.));
#642 = CARTESIAN_POINT ('', (-5.17362943587503, -5.85838422348449, -13.));
#643 = CARTESIAN_POINT ('', (-5.26528211373678, -5.58252241743015, -13.));
#644 = CARTESIAN_POINT ('', (-5.30565283409075, -5.4427213377892, -13.));
#645 = CARTESIAN_POINT ('', (-5.37511574314237, -5.16069770179199, -13.));
#646 = CARTESIAN_POINT ('', (-5.40427121252554, -5.01825626270132, -13.));
#647 = CARTESIAN_POINT ('', (-5.44338150343739, -4.77937515564121, -13.));
#648 = CARTESIAN_POINT ('', (-5.4565165721294, -4.68330673403179, -13.));
#649 = CARTESIAN_POINT ('', (-5.47181457850311, -4.54408579562513, -13.));
#650 = CARTESIAN_POINT ('', (-5.4760234893704, -4.50112113396141, -13.));
#651 = CARTESIAN_POINT ('', (-5.48342472643669, -4.41512648296023, -13.));
#652 = CARTESIAN_POINT ('', (-5.48661940479924, -4.37209072608926, -13.));
#653 = CARTESIAN_POINT ('', (-5.49334113342335, -4.26452645219798, -13.));
#654 = CARTESIAN_POINT ('', (-5.49624005995292, -4.19994545263464, -13.));
#655 = CARTESIAN_POINT ('', (-5.49933375077882, -4.08567800785147, -13.));
#656 = CARTESIAN_POINT ('', (-5.50000121753848, -4.0359886008561, -13.));
#657 = CARTESIAN_POINT ('', (-5.50000064590069, -3.98630234940606, -13.));
#658 = B_SPLINE_CURVE_WITH_KNOTS ('', 3, (#562, #563, #564, #565, #566, #567, #568, #569, #570, #571, #572, #573, #574, #575, #576, #577, #578, #579, #580, #581, #582, #583, #584, #585, #586, #587, #588, #589, #590, #591, #592, #593, #594, #595, #596, #597, #598, #599, #600, #601, #602, #603, #604, #605, #606, #607, #608, #609, #610, #611, #612, #613, #614, #615, #616, #617, #618, #619, #620, #621, #622, #623, #624, #625, #626, #627, #628, #629, #630, #631, #632, #633, #634, #635, #636, #637, #638, #639, #640, #641, #642, #643, #644, #645, #646, #647, #648, #649, #650, #651, #652, #653, #654, #655, #656, #657), .UNSPECIFIED., .F., .U., (4, 2, 2, 2, 2, 2, 2, 2, 2, 2, 2, 2, 2, 2, 2, 2, 2, 2, 2, 2, 2, 2, 2, 2, 2, 2, 2, 2, 2, 2, 2, 2, 2, 2, 2, 2, 2, 2, 2, 2, 2, 2, 2, 2, 2, 2, 2, 4), (0., 0.44158704346882, 0.882725372084808, 1.32346521230473, 1.7638166389773, 2.20378701311964, 2.64338711930301, 3.08262478776638, 3.52150565278306, 3.96003382133098, 4.39821238623929, 4.83604396724144, 5.27352981486715, 5.71066984352611, 6.1474628834028, 6.5839069703331, 7.02000011857221, 7.45573552888227, 7.89111411316707, 8.18176041859337, 8.31119050271743, 8.50510653752699, 8.69954772001589, 8.8945353387385, 8.98118974434893, 9.17655841409982, 9.37178255780866, 9.81266691819775, 10.2531468539773, 10.6932449840114, 11.1329701806325, 11.5723285699654, 12.0113279373906, 12.4499736698826, 12.8882694609597, 13.3262177268081, 13.7638199401272, 14.2010767572292, 14.6379873672013, 15.0745497007651, 15.5107605338764, 15.9466159508797, 16.3821168576356, 16.6728006267641, 16.8022935921278, 16.9317383119286, 17.125615864607, 17.2746662617107), .UNSPECIFIED.);
#659 = EDGE_CURVE ('', #559, #561, #658, .T.);
#660 = ORIENTED_EDGE ('', *, *, #659, .F.);
#661 = CARTESIAN_POINT ('', (-5.50000064590069, -3.98630234940606, -13.));
#662 = CARTESIAN_POINT ('', (-5.50000047199865, -3.97118693809428, -13.));
#663 = CARTESIAN_POINT ('', (-5.49993847241706, -3.9560718188222, -13.));
#664 = CARTESIAN_POINT ('', (-5.49928366555297, -3.87597995400322, -13.));
#665 = CARTESIAN_POINT ('', (-5.49760118353633, -3.81100118864783, -13.));
#666 = CARTESIAN_POINT ('', (-5.49286187391481, -3.70275985441275, -13.));
#667 = CARTESIAN_POINT ('', (-5.49045007408386, -3.65945585757504, -13.));
#668 = CARTESIAN_POINT ('', (-5.4846119089815, -3.57293034638852, -13.));
#669 = CARTESIAN_POINT ('', (-5.48118467818574, -3.52970277364373, -13.));
#670 = CARTESIAN_POINT ('', (-5.47133481581784, -3.42172210087639, -13.));
#671 = CARTESIAN_POINT ('', (-5.46426904237145, -3.35701438542565, -13.));
#672 = CARTESIAN_POINT ('', (-5.4375155224101, -3.14666149121897, -13.));
#673 = CARTESIAN_POINT ('', (-5.41310846426937, -3.00148713268572, -13.));
#674 = CARTESIAN_POINT ('', (-5.3528140643173, -2.7139272330295, -13.));
#675 = CARTESIAN_POINT ('', (-5.31689199202839, -2.57130858580835, -13.));
#676 = CARTESIAN_POINT ('', (-5.23385464498525, -2.2897501668991, -13.));
#677 = CARTESIAN_POINT ('', (-5.1866799550488, -2.1505830613244, -13.));
#678 = CARTESIAN_POINT ('', (-5.08148556054407, -1.87680042375455, -13.));
#679 = CARTESIAN_POINT ('', (-5.02338881893493, -1.7419634171093, -13.));
#680 = CARTESIAN_POINT ('', (-4.89676203687263, -1.4776837334102, -13.));
#681 = CARTESIAN_POINT ('', (-4.82814158827412, -1.34802509231346, -13.));
#682 = CARTESIAN_POINT ('', (-4.68094354434688, -1.09490698266576, -13.));
#683 = CARTESIAN_POINT ('', (-4.60226087640382, -0.971238932348902, -13.));
#684 = CARTESIAN_POINT ('', (-4.43547965663765, -0.730862774320638, -13.));
#685 = CARTESIAN_POINT ('', (-4.3472582312458, -0.613956989788491, -13.));
#686 = CARTESIAN_POINT ('', (-4.16200070446409, -0.387817676073119, -13.));
#687 = CARTESIAN_POINT ('', (-4.06482341994395, -0.278400041460472, -13.));
#688 = CARTESIAN_POINT ('', (-3.86230844703419, -0.0678980606831612, -13.));
#689 = CARTESIAN_POINT ('', (-3.75681343804486, 0.0333560412377416, -13.));
#690 = CARTESIAN_POINT ('', (-3.53836405148786, 0.226923132169487, -13.));
#691 = CARTESIAN_POINT ('', (-3.42524013512747, 0.31939309650242, -13.));
#692 = CARTESIAN_POINT ('', (-3.19227502589452, 0.494838533818331, -13.));
#693 = CARTESIAN_POINT ('', (-3.07225586806039, 0.577960844212432, -13.));
#694 = CARTESIAN_POINT ('', (-2.8262826978022, 0.734219240727731, -13.));
#695 = CARTESIAN_POINT ('', (-2.70014201567008, 0.807490110172441, -13.));
#696 = CARTESIAN_POINT ('', (-2.44274584294031, 0.943622282320232, -13.));
#697 = CARTESIAN_POINT ('', (-2.31129357592543, 1.0066017162878, -13.));
#698 = CARTESIAN_POINT ('', (-2.04412529048427, 1.12179812939124, -13.));
#699 = CARTESIAN_POINT ('', (-1.90820284751689, 1.17411375518824, -13.));
#700 = CARTESIAN_POINT ('', (-1.63296841370989, 1.26769893284011, -13.));
#701 = CARTESIAN_POINT ('', (-1.49344245987972, 1.30904785294081, -13.));
#702 = CARTESIAN_POINT ('', (-1.21189118850265, 1.38048458290486, -13.));
#703 = CARTESIAN_POINT ('', (-1.06964699700377, 1.4106358095373, -13.));
#704 = CARTESIAN_POINT ('', (-0.831029087992819, 1.45141417260638, -13.));
#705 = CARTESIAN_POINT ('', (-0.735048746540455, 1.46521859821186, -13.));
#706 = CARTESIAN_POINT ('', (-0.574559447037326, 1.4839883641676, -13.));
#707 = CARTESIAN_POINT ('', (-0.510171682706795, 1.49036748753942, -13.));
#708 = CARTESIAN_POINT ('', (-0.402702550569692, 1.49910186059633, -13.));
#709 = CARTESIAN_POINT ('', (-0.359659727707132, 1.50209244016521, -13.));
#710 = CARTESIAN_POINT ('', (-0.219881648954025, 1.51016292360951, -13.));
#711 = CARTESIAN_POINT ('', (-0.12299048885455, 1.51318090533587, -13.));
#712 = CARTESIAN_POINT ('', (0.0713490099587907, 1.51409452866016, -13.));
#713 = CARTESIAN_POINT ('', (0.168866567063933, 1.51198210934356, -13.));
#714 = CARTESIAN_POINT ('', (0.295075592521424, 1.50585529672675, -13.));
#715 = CARTESIAN_POINT ('', (0.32391764002446, 1.50422678241921, -13.));
#716 = CARTESIAN_POINT ('', (0.396017280850328, 1.49958985805903, -13.));
#717 = CARTESIAN_POINT ('', (0.439260607364316, 1.4962983260478, -13.));
#718 = CARTESIAN_POINT ('', (0.547276167306727, 1.4867902891211, -13.));
#719 = CARTESIAN_POINT ('', (0.612004993242823, 1.47992971285257, -13.));
#720 = CARTESIAN_POINT ('', (0.822446881791992, 1.45384068720267, -13.));
#721 = CARTESIAN_POINT ('', (0.96770406907572, 1.42989151553561, -13.));
#722 = CARTESIAN_POINT ('', (1.25546407499236, 1.37050342629995, -13.));
#723 = CARTESIAN_POINT ('', (1.39820020702418, 1.33503081956258, -13.));
#724 = CARTESIAN_POINT ('', (1.68002859825193, 1.25287950280291, -13.));
#725 = CARTESIAN_POINT ('', (1.81934854770594, 1.20614261971927, -13.));
#726 = CARTESIAN_POINT ('', (2.09347076052704, 1.1018088197526, -13.));
#727 = CARTESIAN_POINT ('', (2.22849457675279, 1.04413518193198, -13.));
#728 = CARTESIAN_POINT ('', (2.49318109382124, 0.918338320650518, -13.));
#729 = CARTESIAN_POINT ('', (2.62305943901857, 0.850124034336252, -13.));
#730 = CARTESIAN_POINT ('', (2.87664801764533, 0.703718812784119, -13.));
#731 = CARTESIAN_POINT ('', (3.00056717270686, 0.625423345168034, -13.));
#732 = CARTESIAN_POINT ('', (3.24147420815617, 0.459393466544491, -13.));
#733 = CARTESIAN_POINT ('', (3.35866076023612, 0.37153761711137, -13.));
#734 = CARTESIAN_POINT ('', (3.58538803981195, 0.186985622624915, -13.));
#735 = CARTESIAN_POINT ('', (3.69511410830784, 0.0901498219396331, -13.));
#736 = CARTESIAN_POINT ('', (3.90625747720585, -0.111709511809622, -13.));
#737 = CARTESIAN_POINT ('', (4.00784544989639, -0.21688937930432, -13.));
#738 = CARTESIAN_POINT ('', (4.20210337193044, -0.434736818744694, -13.));
#739 = CARTESIAN_POINT ('', (4.29493025855244, -0.547573911882722, -13.));
#740 = CARTESIAN_POINT ('', (4.47111161233601, -0.77999431576403, -13.));
#741 = CARTESIAN_POINT ('', (4.55461193445698, -0.899756326939068, -13.));
#742 = CARTESIAN_POINT ('', (4.71164532296808, -1.14524620916388, -13.));
#743 = CARTESIAN_POINT ('', (4.78531326575158, -1.27116072108939, -13.));
#744 = CARTESIAN_POINT ('', (4.92225467140583, -1.52813766170986, -13.));
#745 = CARTESIAN_POINT ('', (4.98564747754493, -1.65939622876085, -13.));
#746 = CARTESIAN_POINT ('', (5.10168243014091, -1.92621155586599, -13.));
#747 = CARTESIAN_POINT ('', (5.15442469209848, -2.06197408639088, -13.));
#748 = CARTESIAN_POINT ('', (5.24887266656901, -2.33692361230152, -13.));
#749 = CARTESIAN_POINT ('', (5.29065890387399, -2.476324172623, -13.));
#750 = CARTESIAN_POINT ('', (5.36297666824212, -2.75765927303041, -13.));
#751 = CARTESIAN_POINT ('', (5.39357213289522, -2.89981246532972, -13.));
#752 = CARTESIAN_POINT ('', (5.44335867336865, -3.18574990065608, -13.));
#753 = CARTESIAN_POINT ('', (5.46259877217328, -3.32975613891986, -13.));
#754 = CARTESIAN_POINT ('', (5.4895992592536, -3.61849166910966, -13.));
#755 = CARTESIAN_POINT ('', (5.49740014136801, -3.76344505316642, -13.));
#756 = CARTESIAN_POINT ('', (5.49981891214399, -3.93434353164167, -13.));
#757 = CARTESIAN_POINT ('', (5.50000196876519, -3.96032327550279, -13.));
#758 = CARTESIAN_POINT ('', (5.50000000000001, -3.98630234941347, -13.));
#759 = B_SPLINE_CURVE_WITH_KNOTS ('', 3, (#661, #662, #663, #664, #665, #666, #667, #668, #669, #670, #671, #672, #673, #674, #675, #676, #677, #678, #679, #680, #681, #682, #683, #684, #685, #686, #687, #688, #689, #690, #691, #692, #693, #694, #695, #696, #697, #698, #699, #700, #701, #702, #703, #704, #705, #706, #707, #708, #709, #710, #711, #712, #713, #714, #715, #716, #717, #718, #719, #720, #721, #722, #723, #724, #725, #726, #727, #728, #729, #730, #731, #732, #733, #734, #735, #736, #737, #738, #739, #740, #741, #742, #743, #744, #745, #746, #747, #748, #749, #750, #751, #752, #753, #754, #755, #756, #757, #758), .UNSPECIFIED., .F., .U., (4, 2, 2, 2, 2, 2, 2, 2, 2, 2, 2, 2, 2, 2, 2, 2, 2, 2, 2, 2, 2, 2, 2, 2, 2, 2, 2, 2, 2, 2, 2, 2, 2, 2, 2, 2, 2, 2, 2, 2, 2, 2, 2, 2, 2, 2, 2, 2, 4), (17.2746662617107, 17.3200099532281, 17.5149498862878, 17.6450450704603, 17.7751166295904, 17.9703320350309, 18.4112587665244, 18.851771196291, 19.2919023370816, 19.7316604730919, 20.1710512655141, 20.6100819972525, 21.0487585364969, 21.4870848843244, 21.9250636109284, 22.362696201411, 22.799983374309, 23.2369246513688, 23.6735180457826, 24.1097602355639, 24.5456474004443, 24.9811780017462, 25.2718790663459, 25.4659274982094, 25.5953495174152, 25.8859601112603, 26.1783744564696, 26.2650330639461, 26.395120237219, 26.5903327344084, 27.0312788899461, 27.4718058737234, 27.9119517738969, 28.3517244860943, 28.7911299262841, 29.2301747720918, 29.6688651271975, 30.1072051488491, 30.5451974931761, 30.9828436726096, 31.4201443613071, 31.8570993025247, 32.2937065338735, 32.7299628434173, 33.1658641773764, 33.6014062895916, 34.0365824146955, 34.4713919758353, 34.5493291977912), .UNSPECIFIED.);
#760 = EDGE_CURVE ('', #561, #559, #759, .T.);
#761 = ORIENTED_EDGE ('', *, *, #760, .F.);
#762 = EDGE_LOOP ('', (#660, #761));
#763 = FACE_BOUND ('', #762, .T.);
#764 = CARTESIAN_POINT ('', (23.4720553626603, 27.0000000000003, -13.));
#765 = VERTEX_POINT ('', #764);
#766 = CARTESIAN_POINT ('', (12.4720547167595, 27.0000000000077, -13.));
#767 = VERTEX_POINT ('', #766);
#768 = CARTESIAN_POINT ('', (23.4720553626603, 27.0000000000003, -13.));
#769 = CARTESIAN_POINT ('', (23.4720665175509, 26.8528043192667, -13.));
#770 = CARTESIAN_POINT ('', (23.4661359497886, 26.7054901882858, -13.));
#771 = CARTESIAN_POINT ('', (23.4425298356432, 26.4121968491757, -13.));
#772 = CARTESIAN_POINT ('', (23.4248375211912, 26.2659806851165, -13.));
#773 = CARTESIAN_POINT ('', (23.3778486277871, 25.9758011430435, -13.));
#774 = CARTESIAN_POINT ('', (23.3485251259929, 25.8316032756705, -13.));
#775 = CARTESIAN_POINT ('', (23.2785152928046, 25.5463724860931, -13.));
#776 = CARTESIAN_POINT ('', (23.2377817639035, 25.4051088320384, -13.));
#777 = CARTESIAN_POINT ('', (23.1452563953474, 25.1266372139849, -13.));
#778 = CARTESIAN_POINT ('', (23.0934028945144, 24.9892024078794, -13.));
#779 = CARTESIAN_POINT ('', (22.9790132872525, 24.7192478047793, -13.));
#780 = CARTESIAN_POINT ('', (22.9163971090707, 24.586507834775, -13.));
#781 = CARTESIAN_POINT ('', (22.7809279288648, 24.3267667788761, -13.));
#782 = CARTESIAN_POINT ('', (22.707974233931, 24.1995550328354, -13.));
#783 = CARTESIAN_POINT ('', (22.5523389812976, 23.9516547006943, -13.));
#784 = CARTESIAN_POINT ('', (22.4695378549075, 23.8307662451491, -13.));
#785 = CARTESIAN_POINT ('', (22.2947732952825, 23.5962542813528, -13.));
#786 = CARTESIAN_POINT ('', (22.2026758910217, 23.4824407317466, -13.));
#787 = CARTESIAN_POINT ('', (22.0099357925717, 23.2627753330318, -13.));
#788 = CARTESIAN_POINT ('', (21.909148893678, 23.1567414932806, -13.));
#789 = CARTESIAN_POINT ('', (21.6996996023014, 22.9532790411577, -13.));
#790 = CARTESIAN_POINT ('', (21.5908814129944, 22.8556789579667, -13.));
#791 = CARTESIAN_POINT ('', (21.366090234387, 22.6696679263219, -13.));
#792 = CARTESIAN_POINT ('', (21.2499477537282, 22.5811001275276, -13.));
#793 = CARTESIAN_POINT ('', (21.0112732653494, 22.41367491343, -13.));
#794 = CARTESIAN_POINT ('', (20.8885580279726, 22.334678187941, -13.));
#795 = CARTESIAN_POINT ('', (20.6375407279211, 22.1868525233695, -13.));
#796 = CARTESIAN_POINT ('', (20.5090436580764, 22.1179024212633, -13.));
#797 = CARTESIAN_POINT ('', (20.2472959926033, 21.990563627223, -13.));
#798 = CARTESIAN_POINT ('', (20.1138418595709, 21.932069601186, -13.));
#799 = CARTESIAN_POINT ('', (19.8430378213682, 21.8259733226906, -13.));
#800 = CARTESIAN_POINT ('', (19.7054787998219, 21.7782781732182, -13.));
#801 = CARTESIAN_POINT ('', (19.4273460485341, 21.6940400257158, -13.));
#802 = CARTESIAN_POINT ('', (19.28655794808, 21.6574185390547, -13.));
#803 = CARTESIAN_POINT ('', (19.0028626607087, 21.5955113981195, -13.));
#804 = CARTESIAN_POINT ('', (18.8597352396679, 21.5701696415935, -13.));
#805 = CARTESIAN_POINT ('', (18.6199510317979, 21.5374351144845, -13.));
#806 = CARTESIAN_POINT ('', (18.5235793214063, 21.526863021698, -13.));
#807 = CARTESIAN_POINT ('', (18.3840333920149, 21.5152844237672, -13.));
#808 = CARTESIAN_POINT ('', (18.3409929623866, 21.5122214392081, -13.));
#809 = CARTESIAN_POINT ('', (18.2334007343103, 21.5058276510106, -13.));
#810 = CARTESIAN_POINT ('', (18.1687981870968, 21.503128499638, -13.));
#811 = CARTESIAN_POINT ('', (18.0393829790764, 21.5000253896358, -13.));
#812 = CARTESIAN_POINT ('', (17.974550409668, 21.4996206794606, -13.));
#813 = CARTESIAN_POINT ('', (17.8447490261932, 21.5010812290283, -13.));
#814 = CARTESIAN_POINT ('', (17.7797599084184, 21.5029672632515, -13.));
#815 = CARTESIAN_POINT ('', (17.68598230365, 21.5073652105703, -13.));
#816 = CARTESIAN_POINT ('', (17.6571390294423, 21.508946522015, -13.));
#817 = CARTESIAN_POINT ('', (17.5633154391926, 21.5148270005498, -13.));
#818 = CARTESIAN_POINT ('', (17.4983816208656, 21.5200477794878, -13.));
#819 = CARTESIAN_POINT ('', (17.3688093960919, 21.5327935545218, -13.));
#820 = CARTESIAN_POINT ('', (17.3041504265841, 21.5403173667366, -13.));
#821 = CARTESIAN_POINT ('', (17.0940029576941, 21.5685552468466, -13.));
#822 = CARTESIAN_POINT ('', (16.9490187189349, 21.593985453319, -13.));
#823 = CARTESIAN_POINT ('', (16.6619161466576, 21.656303668497, -13.));
#824 = CARTESIAN_POINT ('', (16.5195652488093, 21.6932291861635, -13.));
#825 = CARTESIAN_POINT ('', (16.2386205857381, 21.7782446073907, -13.));
#826 = CARTESIAN_POINT ('', (16.0998000742429, 21.8263960314106, -13.));
#827 = CARTESIAN_POINT ('', (15.826786783283, 21.933511116332, -13.));
#828 = CARTESIAN_POINT ('', (15.6923724465711, 21.9925517483804, -13.));
#829 = CARTESIAN_POINT ('', (15.4290113937761, 22.1210285313803, -13.));
#830 = CARTESIAN_POINT ('', (15.2998487039754, 22.1905550447463, -13.));
#831 = CARTESIAN_POINT ('', (15.047791032098, 22.3395198874616, -13.));
#832 = CARTESIAN_POINT ('', (14.9246888618695, 22.4190656075663, -13.));
#833 = CARTESIAN_POINT ('', (14.6855079662113, 22.5875204857246, -13.));
#834 = CARTESIAN_POINT ('', (14.5692340188279, 22.6765560416492, -13.));
#835 = CARTESIAN_POINT ('', (14.3444173319298, 22.8633844095254, -13.));
#836 = CARTESIAN_POINT ('', (14.2356929503485, 22.9613214406283, -13.));
#837 = CARTESIAN_POINT ('', (14.0266327308579, 23.1652953139378, -13.));
#838 = CARTESIAN_POINT ('', (13.9261282452756, 23.2714907191094, -13.));
#839 = CARTESIAN_POINT ('', (13.7341131233512, 23.4912785911187, -13.));
#840 = CARTESIAN_POINT ('', (13.6424444598775, 23.6050397338155, -13.));
#841 = CARTESIAN_POINT ('', (13.4686498353388, 23.8392137383132, -13.));
#842 = CARTESIAN_POINT ('', (13.3863760498008, 23.9598038029263, -13.));
#843 = CARTESIAN_POINT ('', (13.2318553178074, 24.2068482840798, -13.));
#844 = CARTESIAN_POINT ('', (13.1594750496329, 24.333490251401, -13.));
#845 = CARTESIAN_POINT ('', (13.0251566485403, 24.5918143560191, -13.));
#846 = CARTESIAN_POINT ('', (12.9631036225835, 24.7236949734782, -13.));
#847 = CARTESIAN_POINT ('', (12.849785961786, 24.9916429307449, -13.));
#848 = CARTESIAN_POINT ('', (12.7984259267852, 25.1279181259292, -13.));
#849 = CARTESIAN_POINT ('', (12.7067732489235, 25.4037799319835, -13.));
#850 = CARTESIAN_POINT ('', (12.6664025285695, 25.5435810116245, -13.));
#851 = CARTESIAN_POINT ('', (12.5969396195179, 25.8256046476217, -13.));
#852 = CARTESIAN_POINT ('', (12.5677841501347, 25.9680460867123, -13.));
#853 = CARTESIAN_POINT ('', (12.5286738592229, 26.2069271937725, -13.));
#854 = CARTESIAN_POINT ('', (12.5155387905309, 26.3029956153819, -13.));
#855 = CARTESIAN_POINT ('', (12.5002407841571, 26.4422165537885, -13.));
#856 = CARTESIAN_POINT ('', (12.4960318732899, 26.4851812154523, -13.));
#857 = CARTESIAN_POINT ('', (12.4886306362236, 26.5711758664534, -13.));
#858 = CARTESIAN_POINT ('', (12.485435957861, 26.6142116233244, -13.));
#859 = CARTESIAN_POINT ('', (12.4787142292369, 26.7217758972157, -13.));
#860 = CARTESIAN_POINT ('', (12.4758153027073, 26.786356896779, -13.));
#861 = CARTESIAN_POINT ('', (12.4727216118814, 26.9006243415622, -13.));
#862 = CARTESIAN_POINT ('', (12.4720541451218, 26.9503137485576, -13.));
#863 = CARTESIAN_POINT ('', (12.4720547167595, 27.0000000000077, -13.));
#864 = B_SPLINE_CURVE_WITH_KNOTS ('', 3, (#768, #769, #770, #771, #772, #773, #774, #775, #776, #777, #778, #779, #780, #781, #782, #783, #784, #785, #786, #787, #788, #789, #790, #791, #792, #793, #794, #795, #796, #797, #798, #799, #800, #801, #802, #803, #804, #805, #806, #807, #808, #809, #810, #811, #812, #813, #814, #815, #816, #817, #818, #819, #820, #821, #822, #823, #824, #825, #826, #827, #828, #829, #830, #831, #832, #833, #834, #835, #836, #837, #838, #839, #840, #841, #842, #843, #844, #845, #846, #847, #848, #849, #850, #851, #852, #853, #854, #855, #856, #857, #858, #859, #860, #861, #862, #863), .UNSPECIFIED., .F., .U., (4, 2, 2, 2, 2, 2, 2, 2, 2, 2, 2, 2, 2, 2, 2, 2, 2, 2, 2, 2, 2, 2, 2, 2, 2, 2, 2, 2, 2, 2, 2, 2, 2, 2, 2, 2, 2, 2, 2, 2, 2, 2, 2, 2, 2, 2, 2, 4), (0., 0.441587043468804, 0.882725372084798, 1.32346521230472, 1.76381663897728, 2.20378701311963, 2.64338711930302, 3.08262478776637, 3.52150565278306, 3.96003382133097, 4.39821238623927, 4.83604396724144, 5.27352981486716, 5.71066984352612, 6.1474628834028, 6.58390697033311, 7.02000011857221, 7.45573552888228, 7.89111411316706, 8.18176041859337, 8.31119050271743, 8.50510653752699, 8.69954772001588, 8.8945353387385, 8.98118974434892, 9.17655841409979, 9.37178255780865, 9.81266691819772, 10.2531468539773, 10.6932449840114, 11.1329701806324, 11.5723285699653, 12.0113279373906, 12.4499736698825, 12.8882694609597, 13.3262177268081, 13.7638199401271, 14.2010767572292, 14.6379873672012, 15.074549700765, 15.5107605338764, 15.9466159508797, 16.3821168576356, 16.6728006267641, 16.8022935921278, 16.9317383119285, 17.125615864607, 17.2746662617107), .UNSPECIFIED.);
#865 = EDGE_CURVE ('', #765, #767, #864, .T.);
#866 = ORIENTED_EDGE ('', *, *, #865, .F.);
#867 = CARTESIAN_POINT ('', (12.4720547167595, 27.0000000000077, -13.));
#868 = CARTESIAN_POINT ('', (12.4720548906616, 27.0151154113194, -13.));
#869 = CARTESIAN_POINT ('', (12.4721168902432, 27.0302305305915, -13.));
#870 = CARTESIAN_POINT ('', (12.4727716971073, 27.1103223954105, -13.));
#871 = CARTESIAN_POINT ('', (12.4744541791239, 27.1753011607658, -13.));
#872 = CARTESIAN_POINT ('', (12.4791934887454, 27.2835424950009, -13.));
#873 = CARTESIAN_POINT ('', (12.4816052885764, 27.3268464918387, -13.));
#874 = CARTESIAN_POINT ('', (12.4874434536787, 27.4133720030252, -13.));
#875 = CARTESIAN_POINT ('', (12.4908706844745, 27.45659957577, -13.));
#876 = CARTESIAN_POINT ('', (12.5007205468424, 27.5645802485373, -13.));
#877 = CARTESIAN_POINT ('', (12.5077863202888, 27.629287963988, -13.));
#878 = CARTESIAN_POINT ('', (12.5345398402501, 27.8396408581947, -13.));
#879 = CARTESIAN_POINT ('', (12.5589468983909, 27.984815216728, -13.));
#880 = CARTESIAN_POINT ('', (12.6192412983429, 28.2723751163842, -13.));
#881 = CARTESIAN_POINT ('', (12.6551633706318, 28.4149937636053, -13.));
#882 = CARTESIAN_POINT ('', (12.738200717675, 28.6965521825146, -13.));
#883 = CARTESIAN_POINT ('', (12.7853754076114, 28.8357192880893, -13.));
#884 = CARTESIAN_POINT ('', (12.8905698021161, 29.1095019256591, -13.));
#885 = CARTESIAN_POINT ('', (12.9486665437253, 29.2443389323044, -13.));
#886 = CARTESIAN_POINT ('', (13.0752933257876, 29.5086186160035, -13.));
#887 = CARTESIAN_POINT ('', (13.1439137743861, 29.6382772571002, -13.));
#888 = CARTESIAN_POINT ('', (13.2911118183133, 29.8913953667479, -13.));
#889 = CARTESIAN_POINT ('', (13.3697944862564, 30.0150634170648, -13.));
#890 = CARTESIAN_POINT ('', (13.5365757060226, 30.2554395750931, -13.));
#891 = CARTESIAN_POINT ('', (13.6247971314144, 30.3723453596252, -13.));
#892 = CARTESIAN_POINT ('', (13.8100546581961, 30.5984846733406, -13.));
#893 = CARTESIAN_POINT ('', (13.9072319427163, 30.7079023079532, -13.));
#894 = CARTESIAN_POINT ('', (14.109746915626, 30.9184042887305, -13.));
#895 = CARTESIAN_POINT ('', (14.2152419246153, 31.0196583906514, -13.));
#896 = CARTESIAN_POINT ('', (14.4336913111723, 31.2132254815832, -13.));
#897 = CARTESIAN_POINT ('', (14.5468152275327, 31.3056954459161, -13.));
#898 = CARTESIAN_POINT ('', (14.7797803367657, 31.481140883232, -13.));
#899 = CARTESIAN_POINT ('', (14.8997994945998, 31.5642631936261, -13.));
#900 = CARTESIAN_POINT ('', (15.145772664858, 31.7205215901414, -13.));
#901 = CARTESIAN_POINT ('', (15.2719133469901, 31.7937924595861, -13.));
#902 = CARTESIAN_POINT ('', (15.5293095197199, 31.9299246317339, -13.));
#903 = CARTESIAN_POINT ('', (15.6607617867348, 31.9929040657015, -13.));
#904 = CARTESIAN_POINT ('', (15.9279300721759, 32.108100478805, -13.));
#905 = CARTESIAN_POINT ('', (16.0638525151433, 32.1604161046019, -13.));
#906 = CARTESIAN_POINT ('', (16.3390869489503, 32.2540012822538, -13.));
#907 = CARTESIAN_POINT ('', (16.4786129027805, 32.2953502023545, -13.));
#908 = CARTESIAN_POINT ('', (16.7601641741575, 32.3667869323186, -13.));
#909 = CARTESIAN_POINT ('', (16.9024083656564, 32.396938158951, -13.));
#910 = CARTESIAN_POINT ('', (17.1410262746674, 32.4377165220201, -13.));
#911 = CARTESIAN_POINT ('', (17.2370066161197, 32.4515209476256, -13.));
#912 = CARTESIAN_POINT ('', (17.3974959156229, 32.4702907135813, -13.));
#913 = CARTESIAN_POINT ('', (17.4618836799534, 32.4766698369531, -13.));
#914 = CARTESIAN_POINT ('', (17.5693528120905, 32.4854042100101, -13.));
#915 = CARTESIAN_POINT ('', (17.6123956349531, 32.4883947895789, -13.));
#916 = CARTESIAN_POINT ('', (17.7521737137062, 32.4964652730232, -13.));
#917 = CARTESIAN_POINT ('', (17.8490648738057, 32.4994832547496, -13.));
#918 = CARTESIAN_POINT ('', (18.043404372619, 32.5003968780739, -13.));
#919 = CARTESIAN_POINT ('', (18.1409219297241, 32.4982844587573, -13.));
#920 = CARTESIAN_POINT ('', (18.2671309551816, 32.4921576461405, -13.));
#921 = CARTESIAN_POINT ('', (18.2959730026847, 32.490529131833, -13.));
#922 = CARTESIAN_POINT ('', (18.3680726435105, 32.4858922074728, -13.));
#923 = CARTESIAN_POINT ('', (18.4113159700245, 32.4826006754615, -13.));
#924 = CARTESIAN_POINT ('', (18.5193315299669, 32.4730926385349, -13.));
#925 = CARTESIAN_POINT ('', (18.584060355903, 32.4662320622663, -13.));
#926 = CARTESIAN_POINT ('', (18.7945022444522, 32.4401430366164, -13.));
#927 = CARTESIAN_POINT ('', (18.9397594317359, 32.4161938649494, -13.));
#928 = CARTESIAN_POINT ('', (19.2275194376525, 32.3568057757137, -13.));
#929 = CARTESIAN_POINT ('', (19.3702555696844, 32.3213331689763, -13.));
#930 = CARTESIAN_POINT ('', (19.6520839609121, 32.2391818522167, -13.));
#931 = CARTESIAN_POINT ('', (19.7914039103661, 32.192444969133, -13.));
#932 = CARTESIAN_POINT ('', (20.0655261231872, 32.0881111691664, -13.));
#933 = CARTESIAN_POINT ('', (20.200549939413, 32.0304375313457, -13.));
#934 = CARTESIAN_POINT ('', (20.4652364564814, 31.9046406700643, -13.));
#935 = CARTESIAN_POINT ('', (20.5951148016788, 31.83642638375, -13.));
#936 = CARTESIAN_POINT ('', (20.8487033803055, 31.6900211621979, -13.));
#937 = CARTESIAN_POINT ('', (20.9726225353671, 31.6117256945818, -13.));
#938 = CARTESIAN_POINT ('', (21.2135295708164, 31.4456958159583, -13.));
#939 = CARTESIAN_POINT ('', (21.3307161228963, 31.3578399665251, -13.));
#940 = CARTESIAN_POINT ('', (21.5574434024722, 31.1732879720387, -13.));
#941 = CARTESIAN_POINT ('', (21.667169470968, 31.0764521713534, -13.));
#942 = CARTESIAN_POINT ('', (21.878312839866, 30.8745928376042, -13.));
#943 = CARTESIAN_POINT ('', (21.9799008125566, 30.7694129701095, -13.));
#944 = CARTESIAN_POINT ('', (22.1741587345907, 30.5515655306691, -13.));
#945 = CARTESIAN_POINT ('', (22.2669856212126, 30.4387284375311, -13.));
#946 = CARTESIAN_POINT ('', (22.4431669749962, 30.2063080336498, -13.));
#947 = CARTESIAN_POINT ('', (22.5266672971172, 30.0865460224747, -13.));
#948 = CARTESIAN_POINT ('', (22.6837006856283, 29.8410561402499, -13.));
#949 = CARTESIAN_POINT ('', (22.7573686284118, 29.7151416283244, -13.));
#950 = CARTESIAN_POINT ('', (22.8943100340661, 29.4581646877039, -13.));
#951 = CARTESIAN_POINT ('', (22.9577028402052, 29.3269061206529, -13.));
#952 = CARTESIAN_POINT ('', (23.0737377928011, 29.0600907935478, -13.));
#953 = CARTESIAN_POINT ('', (23.1264800547587, 28.9243282630229, -13.));
#954 = CARTESIAN_POINT ('', (23.2209280292292, 28.6493787371123, -13.));
#955 = CARTESIAN_POINT ('', (23.2627142665342, 28.5099781767908, -13.));
#956 = CARTESIAN_POINT ('', (23.3350320309024, 28.2286430763834, -13.));
#957 = CARTESIAN_POINT ('', (23.3656274955554, 28.0864898840841, -13.));
#958 = CARTESIAN_POINT ('', (23.4154140360289, 27.8005524487577, -13.));
#959 = CARTESIAN_POINT ('', (23.4346541348335, 27.6565462104939, -13.));
#960 = CARTESIAN_POINT ('', (23.4616546219138, 27.3678106803041, -13.));
#961 = CARTESIAN_POINT ('', (23.4694555040282, 27.2228572962474, -13.));
#962 = CARTESIAN_POINT ('', (23.4718742748042, 27.0519588177721, -13.));
#963 = CARTESIAN_POINT ('', (23.4720573314254, 27.025979073911, -13.));
#964 = CARTESIAN_POINT ('', (23.4720553626603, 27.0000000000003, -13.));
#965 = B_SPLINE_CURVE_WITH_KNOTS ('', 3, (#867, #868, #869, #870, #871, #872, #873, #874, #875, #876, #877, #878, #879, #880, #881, #882, #883, #884, #885, #886, #887, #888, #889, #890, #891, #892, #893, #894, #895, #896, #897, #898, #899, #900, #901, #902, #903, #904, #905, #906, #907, #908, #909, #910, #911, #912, #913, #914, #915, #916, #917, #918, #919, #920, #921, #922, #923, #924, #925, #926, #927, #928, #929, #930, #931, #932, #933, #934, #935, #936, #937, #938, #939, #940, #941, #942, #943, #944, #945, #946, #947, #948, #949, #950, #951, #952, #953, #954, #955, #956, #957, #958, #959, #960, #961, #962, #963, #964), .UNSPECIFIED., .F., .U., (4, 2, 2, 2, 2, 2, 2, 2, 2, 2, 2, 2, 2, 2, 2, 2, 2, 2, 2, 2, 2, 2, 2, 2, 2, 2, 2, 2, 2, 2, 2, 2, 2, 2, 2, 2, 2, 2, 2, 2, 2, 2, 2, 2, 2, 2, 2, 2, 4), (17.2746662617107, 17.3200099532281, 17.5149498862878, 17.6450450704602, 17.7751166295903, 17.9703320350309, 18.4112587665244, 18.8517711962909, 19.2919023370816, 19.7316604730919, 20.1710512655141, 20.6100819972525, 21.0487585364969, 21.4870848843244, 21.9250636109283, 22.362696201411, 22.7999833743089, 23.2369246513688, 23.6735180457825, 24.1097602355639, 24.5456474004443, 24.9811780017461, 25.2718790663458, 25.4659274982094, 25.5953495174152, 25.8859601112603, 26.1783744564696, 26.2650330639461, 26.395120237219, 26.5903327344083, 27.031278889946, 27.4718058737234, 27.9119517738969, 28.3517244860943, 28.791129926284, 29.2301747720918, 29.6688651271974, 30.1072051488491, 30.545197493176, 30.9828436726095, 31.420144361307, 31.8570993025246, 32.2937065338734, 32.7299628434172, 33.1658641773764, 33.6014062895915, 34.0365824146954, 34.4713919758353, 34.5493291977912), .UNSPECIFIED.);
#966 = EDGE_CURVE ('', #767, #765, #965, .T.);
#967 = ORIENTED_EDGE ('', *, *, #966, .F.);
#968 = EDGE_LOOP ('', (#866, #967));
#969 = FACE_BOUND ('', #968, .T.);
#970 = CARTESIAN_POINT ('', (-12.4720553626585, 27.0000000000001, -13.));
#971 = VERTEX_POINT ('', #970);
#972 = CARTESIAN_POINT ('', (-23.4720560085592, 27.0000000000075, -13.));
#973 = VERTEX_POINT ('', #972);
#974 = CARTESIAN_POINT ('', (-12.4720553626585, 27.0000000000001, -13.));
#975 = CARTESIAN_POINT ('', (-12.4720442077678, 26.8528043192665, -13.));
#976 = CARTESIAN_POINT ('', (-12.4779747755301, 26.7054901882856, -13.));
#977 = CARTESIAN_POINT ('', (-12.5015808896755, 26.4121968491756, -13.));
#978 = CARTESIAN_POINT ('', (-12.5192732041275, 26.2659806851163, -13.));
#979 = CARTESIAN_POINT ('', (-12.5662620975316, 25.9758011430433, -13.));
#980 = CARTESIAN_POINT ('', (-12.5955855993258, 25.8316032756703, -13.));
#981 = CARTESIAN_POINT ('', (-12.6655954325142, 25.5463724860929, -13.));
#982 = CARTESIAN_POINT ('', (-12.7063289614152, 25.4051088320382, -13.));
#983 = CARTESIAN_POINT ('', (-12.7988543299713, 25.1266372139847, -13.));
#984 = CARTESIAN_POINT ('', (-12.8507078308043, 24.9892024078792, -13.));
#985 = CARTESIAN_POINT ('', (-12.9650974380663, 24.7192478047791, -13.));
#986 = CARTESIAN_POINT ('', (-13.0277136162481, 24.5865078347748, -13.));
#987 = CARTESIAN_POINT ('', (-13.163182796454, 24.3267667788759, -13.));
#988 = CARTESIAN_POINT ('', (-13.2361364913877, 24.1995550328352, -13.));
#989 = CARTESIAN_POINT ('', (-13.3917717440211, 23.9516547006941, -13.));
#990 = CARTESIAN_POINT ('', (-13.4745728704112, 23.8307662451489, -13.));
#991 = CARTESIAN_POINT ('', (-13.6493374300363, 23.5962542813526, -13.));
#992 = CARTESIAN_POINT ('', (-13.7414348342971, 23.4824407317465, -13.));
#993 = CARTESIAN_POINT ('', (-13.934174932747, 23.2627753330316, -13.));
#994 = CARTESIAN_POINT ('', (-14.0349618316408, 23.1567414932804, -13.));
#995 = CARTESIAN_POINT ('', (-14.2444111230173, 22.9532790411575, -13.));
#996 = CARTESIAN_POINT ('', (-14.3532293123243, 22.8556789579665, -13.));
#997 = CARTESIAN_POINT ('', (-14.5780204909318, 22.6696679263217, -13.));
#998 = CARTESIAN_POINT ('', (-14.6941629715906, 22.5811001275275, -13.));
#999 = CARTESIAN_POINT ('', (-14.9328374599694, 22.4136749134299, -13.));
#1000 = CARTESIAN_POINT ('', (-15.0555526973462, 22.3346781879408, -13.));
#1001 = CARTESIAN_POINT ('', (-15.3065699973976, 22.1868525233693, -13.));
#1002 = CARTESIAN_POINT ('', (-15.4350670672424, 22.1179024212632, -13.));
#1003 = CARTESIAN_POINT ('', (-15.6968147327154, 21.9905636272228, -13.));
#1004 = CARTESIAN_POINT ('', (-15.8302688657479, 21.9320696011858, -13.));
#1005 = CARTESIAN_POINT ('', (-16.1010729039505, 21.8259733226904, -13.));
#1006 = CARTESIAN_POINT ('', (-16.2386319254969, 21.7782781732181, -13.));
#1007 = CARTESIAN_POINT ('', (-16.5167646767846, 21.6940400257157, -13.));
#1008 = CARTESIAN_POINT ('', (-16.6575527772388, 21.6574185390545, -13.));
#1009 = CARTESIAN_POINT ('', (-16.94124806461, 21.5955113981193, -13.));
#1010 = CARTESIAN_POINT ('', (-17.0843754856509, 21.5701696415934, -13.));
#1011 = CARTESIAN_POINT ('', (-17.3241596935209, 21.5374351144843, -13.));
#1012 = CARTESIAN_POINT ('', (-17.4205314039124, 21.5268630216979, -13.));
#1013 = CARTESIAN_POINT ('', (-17.5600773333038, 21.5152844237671, -13.));
#1014 = CARTESIAN_POINT ('', (-17.6031177629321, 21.5122214392079, -13.));
#1015 = CARTESIAN_POINT ('', (-17.7107099910084, 21.5058276510104, -13.));
#1016 = CARTESIAN_POINT ('', (-17.775312538222, 21.5031284996378, -13.));
#1017 = CARTESIAN_POINT ('', (-17.9047277462423, 21.5000253896356, -13.));
#1018 = CARTESIAN_POINT ('', (-17.9695603156508, 21.4996206794604, -13.));
#1019 = CARTESIAN_POINT ('', (-18.0993616991255, 21.5010812290281, -13.));
#1020 = CARTESIAN_POINT ('', (-18.1643508169004, 21.5029672632513, -13.));
#1021 = CARTESIAN_POINT ('', (-18.2581284216687, 21.5073652105702, -13.));
#1022 = CARTESIAN_POINT ('', (-18.2869716958765, 21.5089465220148, -13.));
#1023 = CARTESIAN_POINT ('', (-18.3807952861262, 21.5148270005496, -13.));
#1024 = CARTESIAN_POINT ('', (-18.4457291044531, 21.5200477794876, -13.));
#1025 = CARTESIAN_POINT ('', (-18.5753013292269, 21.5327935545216, -13.));
#1026 = CARTESIAN_POINT ('', (-18.6399602987347, 21.5403173667364, -13.));
#1027 = CARTESIAN_POINT ('', (-18.8501077676247, 21.5685552468465, -13.));
#1028 = CARTESIAN_POINT ('', (-18.9950920063838, 21.5939854533188, -13.));
#1029 = CARTESIAN_POINT ('', (-19.2821945786611, 21.6563036684969, -13.));
#1030 = CARTESIAN_POINT ('', (-19.4245454765094, 21.6932291861633, -13.));
#1031 = CARTESIAN_POINT ('', (-19.7054901395807, 21.7782446073906, -13.));
#1032 = CARTESIAN_POINT ('', (-19.8443106510758, 21.8263960314105, -13.));
#1033 = CARTESIAN_POINT ('', (-20.1173239420358, 21.9335111163318, -13.));
#1034 = CARTESIAN_POINT ('', (-20.2517382787477, 21.9925517483802, -13.));
#1035 = CARTESIAN_POINT ('', (-20.5150993315427, 22.1210285313801, -13.));
#1036 = CARTESIAN_POINT ('', (-20.6442620213433, 22.1905550447462, -13.));
#1037 = CARTESIAN_POINT ('', (-20.8963196932208, 22.3395198874614, -13.));
#1038 = CARTESIAN_POINT ('', (-21.0194218634492, 22.4190656075662, -13.));
#1039 = CARTESIAN_POINT ('', (-21.2586027591074, 22.5875204857244, -13.));
#1040 = CARTESIAN_POINT ('', (-21.3748767064909, 22.6765560416491, -13.));
#1041 = CARTESIAN_POINT ('', (-21.599693393389, 22.8633844095252, -13.));
#1042 = CARTESIAN_POINT ('', (-21.7084177749702, 22.9613214406282, -13.));
#1043 = CARTESIAN_POINT ('', (-21.9174779944609, 23.1652953139377, -13.));
#1044 = CARTESIAN_POINT ('', (-22.0179824800432, 23.2714907191092, -13.));
#1045 = CARTESIAN_POINT ('', (-22.2099976019675, 23.4912785911186, -13.));
#1046 = CARTESIAN_POINT ('', (-22.3016662654412, 23.6050397338153, -13.));
#1047 = CARTESIAN_POINT ('', (-22.4754608899799, 23.839213738313, -13.));
#1048 = CARTESIAN_POINT ('', (-22.557734675518, 23.9598038029262, -13.));
#1049 = CARTESIAN_POINT ('', (-22.7122554075113, 24.2068482840796, -13.));
#1050 = CARTESIAN_POINT ('', (-22.7846356756858, 24.3334902514009, -13.));
#1051 = CARTESIAN_POINT ('', (-22.9189540767785, 24.591814356019, -13.));
#1052 = CARTESIAN_POINT ('', (-22.9810071027352, 24.7236949734781, -13.));
#1053 = CARTESIAN_POINT ('', (-23.0943247635328, 24.9916429307448, -13.));
#1054 = CARTESIAN_POINT ('', (-23.1456847985335, 25.1279181259291, -13.));
#1055 = CARTESIAN_POINT ('', (-23.2373374763953, 25.4037799319834, -13.));
#1056 = CARTESIAN_POINT ('', (-23.2777081967492, 25.5435810116244, -13.));
#1057 = CARTESIAN_POINT ('', (-23.3471711058009, 25.8256046476216, -13.));
#1058 = CARTESIAN_POINT ('', (-23.376326575184, 25.9680460867123, -13.));
#1059 = CARTESIAN_POINT ('', (-23.4154368660959, 26.2069271937724, -13.));
#1060 = CARTESIAN_POINT ('', (-23.4285719347879, 26.3029956153818, -13.));
#1061 = CARTESIAN_POINT ('', (-23.4438699411616, 26.4422165537884, -13.));
#1062 = CARTESIAN_POINT ('', (-23.4480788520289, 26.4851812154522, -13.));
#1063 = CARTESIAN_POINT ('', (-23.4554800890952, 26.5711758664533, -13.));
#1064 = CARTESIAN_POINT ('', (-23.4586747674577, 26.6142116233243, -13.));
#1065 = CARTESIAN_POINT ('', (-23.4653964960818, 26.7217758972156, -13.));
#1066 = CARTESIAN_POINT ('', (-23.4682954226114, 26.7863568967789, -13.));
#1067 = CARTESIAN_POINT ('', (-23.4713891134373, 26.9006243415621, -13.));
#1068 = CARTESIAN_POINT ('', (-23.472056580197, 26.9503137485575, -13.));
#1069 = CARTESIAN_POINT ('', (-23.4720560085592, 27.0000000000075, -13.));
#1070 = B_SPLINE_CURVE_WITH_KNOTS ('', 3, (#974, #975, #976, #977, #978, #979, #980, #981, #982, #983, #984, #985, #986, #987, #988, #989, #990, #991, #992, #993, #994, #995, #996, #997, #998, #999, #1000, #1001, #1002, #1003, #1004, #1005, #1006, #1007, #1008, #1009, #1010, #1011, #1012, #1013, #1014, #1015, #1016, #1017, #1018, #1019, #1020, #1021, #1022, #1023, #1024, #1025, #1026, #1027, #1028, #1029, #1030, #1031, #1032, #1033, #1034, #1035, #1036, #1037, #1038, #1039, #1040, #1041, #1042, #1043, #1044, #1045, #1046, #1047, #1048, #1049, #1050, #1051, #1052, #1053, #1054, #1055, #1056, #1057, #1058, #1059, #1060, #1061, #1062, #1063, #1064, #1065, #1066, #1067, #1068, #1069), .UNSPECIFIED., .F., .U., (4, 2, 2, 2, 2, 2, 2, 2, 2, 2, 2, 2, 2, 2, 2, 2, 2, 2, 2, 2, 2, 2, 2, 2, 2, 2, 2, 2, 2, 2, 2, 2, 2, 2, 2, 2, 2, 2, 2, 2, 2, 2, 2, 2, 2, 2, 2, 4), (0., 0.441587043468819, 0.882725372084815, 1.32346521230473, 1.76381663897731, 2.20378701311966, 2.64338711930303, 3.08262478776641, 3.52150565278309, 3.960033821331, 4.3982123862393, 4.83604396724146, 5.27352981486717, 5.71066984352614, 6.14746288340282, 6.58390697033311, 7.02000011857221, 7.45573552888226, 7.89111411316706, 8.18176041859335, 8.31119050271742, 8.50510653752696, 8.69954772001588, 8.89453533873848, 8.98118974434892, 9.1765584140998, 9.37178255780864, 9.81266691819772, 10.2531468539773, 10.6932449840114, 11.1329701806324, 11.5723285699654, 12.0113279373906, 12.4499736698825, 12.8882694609597, 13.3262177268081, 13.7638199401271, 14.2010767572292, 14.6379873672013, 15.074549700765, 15.5107605338764, 15.9466159508797, 16.3821168576356, 16.6728006267641, 16.8022935921278, 16.9317383119286, 17.125615864607, 17.2746662617107), .UNSPECIFIED.);
#1071 = EDGE_CURVE ('', #971, #973, #1070, .T.);
#1072 = ORIENTED_EDGE ('', *, *, #1071, .F.);
#1073 = CARTESIAN_POINT ('', (-23.4720560085592, 27.0000000000075, -13.));
#1074 = CARTESIAN_POINT ('', (-23.4720558346571, 27.0151154113193, -13.));
#1075 = CARTESIAN_POINT ('', (-23.4719938350756, 27.0302305305914, -13.));
#1076 = CARTESIAN_POINT ('', (-23.4713390282115, 27.1103223954104, -13.));
#1077 = CARTESIAN_POINT ('', (-23.4696565461948, 27.1753011607658, -13.));
#1078 = CARTESIAN_POINT ('', (-23.4649172365733, 27.2835424950008, -13.));
#1079 = CARTESIAN_POINT ('', (-23.4625054367424, 27.3268464918385, -13.));
#1080 = CARTESIAN_POINT ('', (-23.45666727164, 27.4133720030251, -13.));
#1081 = CARTESIAN_POINT ('', (-23.4532400408442, 27.4565995757699, -13.));
#1082 = CARTESIAN_POINT ('', (-23.4433901784763, 27.5645802485372, -13.));
#1083 = CARTESIAN_POINT ('', (-23.4363244050299, 27.6292879639879, -13.));
#1084 = CARTESIAN_POINT ('', (-23.4095708850686, 27.8396408581946, -13.));
#1085 = CARTESIAN_POINT ('', (-23.3851638269279, 27.9848152167278, -13.));
#1086 = CARTESIAN_POINT ('', (-23.3248694269758, 28.2723751163841, -13.));
#1087 = CARTESIAN_POINT ('', (-23.2889473546869, 28.4149937636052, -13.));
#1088 = CARTESIAN_POINT ('', (-23.2059100076438, 28.6965521825145, -13.));
#1089 = CARTESIAN_POINT ('', (-23.1587353177073, 28.8357192880892, -13.));
#1090 = CARTESIAN_POINT ('', (-23.0535409232026, 29.109501925659, -13.));
#1091 = CARTESIAN_POINT ('', (-22.9954441815934, 29.2443389323043, -13.));
#1092 = CARTESIAN_POINT ('', (-22.8688173995311, 29.5086186160034, -13.));
#1093 = CARTESIAN_POINT ('', (-22.8001969509326, 29.6382772571001, -13.));
#1094 = CARTESIAN_POINT ('', (-22.6529989070054, 29.8913953667478, -13.));
#1095 = CARTESIAN_POINT ('', (-22.5743162390623, 30.0150634170647, -13.));
#1096 = CARTESIAN_POINT ('', (-22.4075350192961, 30.2554395750929, -13.));
#1097 = CARTESIAN_POINT ('', (-22.3193135939043, 30.3723453596251, -13.));
#1098 = CARTESIAN_POINT ('', (-22.1340560671226, 30.5984846733404, -13.));
#1099 = CARTESIAN_POINT ('', (-22.0368787826024, 30.7079023079531, -13.));
#1100 = CARTESIAN_POINT ('', (-21.8343638096927, 30.9184042887304, -13.));
#1101 = CARTESIAN_POINT ('', (-21.7288688007034, 31.0196583906513, -13.));
#1102 = CARTESIAN_POINT ('', (-21.5104194141464, 31.213225481583, -13.));
#1103 = CARTESIAN_POINT ('', (-21.397295497786, 31.305695445916, -13.));
#1104 = CARTESIAN_POINT ('', (-21.164330388553, 31.4811408832319, -13.));
#1105 = CARTESIAN_POINT ('', (-21.0443112307189, 31.564263193626, -13.));
#1106 = CARTESIAN_POINT ('', (-20.7983380604607, 31.7205215901413, -13.));
#1107 = CARTESIAN_POINT ('', (-20.6721973783286, 31.793792459586, -13.));
#1108 = CARTESIAN_POINT ('', (-20.4148012055988, 31.9299246317338, -13.));
#1109 = CARTESIAN_POINT ('', (-20.2833489385839, 31.9929040657014, -13.));
#1110 = CARTESIAN_POINT ('', (-20.0161806531428, 32.1081004788048, -13.));
#1111 = CARTESIAN_POINT ('', (-19.8802582101754, 32.1604161046018, -13.));
#1112 = CARTESIAN_POINT ('', (-19.6050237763684, 32.2540012822537, -13.));
#1113 = CARTESIAN_POINT ('', (-19.4654978225382, 32.2953502023544, -13.));
#1114 = CARTESIAN_POINT ('', (-19.1839465511612, 32.3667869323184, -13.));
#1115 = CARTESIAN_POINT ('', (-19.0417023596623, 32.3969381589509, -13.));
#1116 = CARTESIAN_POINT ('', (-18.8030844506513, 32.43771652202, -13.));
#1117 = CARTESIAN_POINT ('', (-18.707104109199, 32.4515209476254, -13.));
#1118 = CARTESIAN_POINT ('', (-18.5466148096958, 32.4702907135812, -13.));
#1119 = CARTESIAN_POINT ('', (-18.4822270453653, 32.476669836953, -13.));
#1120 = CARTESIAN_POINT ('', (-18.3747579132282, 32.4854042100099, -13.));
#1121 = CARTESIAN_POINT ('', (-18.3317150903656, 32.4883947895788, -13.));
#1122 = CARTESIAN_POINT ('', (-18.1919370116125, 32.4964652730231, -13.));
#1123 = CARTESIAN_POINT ('', (-18.095045851513, 32.4994832547494, -13.));
#1124 = CARTESIAN_POINT ('', (-17.9007063526997, 32.5003968780737, -13.));
#1125 = CARTESIAN_POINT ('', (-17.8031887955946, 32.4982844587571, -13.));
#1126 = CARTESIAN_POINT ('', (-17.6769797701371, 32.4921576461403, -13.));
#1127 = CARTESIAN_POINT ('', (-17.648137722634, 32.4905291318328, -13.));
#1128 = CARTESIAN_POINT ('', (-17.5760380818082, 32.4858922074726, -13.));
#1129 = CARTESIAN_POINT ('', (-17.5327947552942, 32.4826006754614, -13.));
#1130 = CARTESIAN_POINT ('', (-17.4247791953518, 32.4730926385347, -13.));
#1131 = CARTESIAN_POINT ('', (-17.3600503694157, 32.4662320622662, -13.));
#1132 = CARTESIAN_POINT ('', (-17.1496084808665, 32.4401430366162, -13.));
#1133 = CARTESIAN_POINT ('', (-17.0043512935828, 32.4161938649492, -13.));
#1134 = CARTESIAN_POINT ('', (-16.7165912876662, 32.3568057757135, -13.));
#1135 = CARTESIAN_POINT ('', (-16.5738551556343, 32.3213331689762, -13.));
#1136 = CARTESIAN_POINT ('', (-16.2920267644066, 32.2391818522165, -13.));
#1137 = CARTESIAN_POINT ('', (-16.1527068149526, 32.1924449691329, -13.));
#1138 = CARTESIAN_POINT ('', (-15.8785846021315, 32.0881111691662, -13.));
#1139 = CARTESIAN_POINT ('', (-15.7435607859057, 32.0304375313456, -13.));
#1140 = CARTESIAN_POINT ('', (-15.4788742688373, 31.9046406700641, -13.));
#1141 = CARTESIAN_POINT ('', (-15.34899592364, 31.8364263837498, -13.));
#1142 = CARTESIAN_POINT ('', (-15.0954073450132, 31.6900211621977, -13.));
#1143 = CARTESIAN_POINT ('', (-14.9714881899517, 31.6117256945816, -13.));
#1144 = CARTESIAN_POINT ('', (-14.7305811545024, 31.4456958159581, -13.));
#1145 = CARTESIAN_POINT ('', (-14.6133946024224, 31.357839966525, -13.));
#1146 = CARTESIAN_POINT ('', (-14.3866673228466, 31.1732879720385, -13.));
#1147 = CARTESIAN_POINT ('', (-14.2769412543507, 31.0764521713532, -13.));
#1148 = CARTESIAN_POINT ('', (-14.0657978854527, 30.874592837604, -13.));
#1149 = CARTESIAN_POINT ('', (-13.9642099127621, 30.7694129701093, -13.));
#1150 = CARTESIAN_POINT ('', (-13.7699519907281, 30.5515655306689, -13.));
#1151 = CARTESIAN_POINT ('', (-13.6771251041061, 30.4387284375309, -13.));
#1152 = CARTESIAN_POINT ('', (-13.5009437503225, 30.2063080336496, -13.));
#1153 = CARTESIAN_POINT ('', (-13.4174434282015, 30.0865460224746, -13.));
#1154 = CARTESIAN_POINT ('', (-13.2604100396904, 29.8410561402497, -13.));
#1155 = CARTESIAN_POINT ('', (-13.1867420969069, 29.7151416283242, -13.));
#1156 = CARTESIAN_POINT ('', (-13.0498006912527, 29.4581646877038, -13.));
#1157 = CARTESIAN_POINT ('', (-12.9864078851136, 29.3269061206528, -13.));
#1158 = CARTESIAN_POINT ('', (-12.8703729325176, 29.0600907935476, -13.));
#1159 = CARTESIAN_POINT ('', (-12.81763067056, 28.9243282630227, -13.));
#1160 = CARTESIAN_POINT ('', (-12.7231826960895, 28.6493787371121, -13.));
#1161 = CARTESIAN_POINT ('', (-12.6813964587845, 28.5099781767906, -13.));
#1162 = CARTESIAN_POINT ('', (-12.6090786944164, 28.2286430763832, -13.));
#1163 = CARTESIAN_POINT ('', (-12.5784832297633, 28.0864898840839, -13.));
#1164 = CARTESIAN_POINT ('', (-12.5286966892899, 27.8005524487576, -13.));
#1165 = CARTESIAN_POINT ('', (-12.5094565904852, 27.6565462104938, -13.));
#1166 = CARTESIAN_POINT ('', (-12.4824561034049, 27.367810680304, -13.));
#1167 = CARTESIAN_POINT ('', (-12.4746552212905, 27.2228572962472, -13.));
#1168 = CARTESIAN_POINT ('', (-12.4722364505145, 27.051958817772, -13.));
#1169 = CARTESIAN_POINT ('', (-12.4720533938933, 27.0259790739108, -13.));
#1170 = CARTESIAN_POINT ('', (-12.4720553626585, 27.0000000000001, -13.));
#1171 = B_SPLINE_CURVE_WITH_KNOTS ('', 3, (#1073, #1074, #1075, #1076, #1077, #1078, #1079, #1080, #1081, #1082, #1083, #1084, #1085, #1086, #1087, #1088, #1089, #1090, #1091, #1092, #1093, #1094, #1095, #1096, #1097, #1098, #1099, #1100, #1101, #1102, #1103, #1104, #1105, #1106, #1107, #1108, #1109, #1110, #1111, #1112, #1113, #1114, #1115, #1116, #1117, #1118, #1119, #1120, #1121, #1122, #1123, #1124, #1125, #1126, #1127, #1128, #1129, #1130, #1131, #1132, #1133, #1134, #1135, #1136, #1137, #1138, #1139, #1140, #1141, #1142, #1143, #1144, #1145, #1146, #1147, #1148, #1149, #1150, #1151, #1152, #1153, #1154, #1155, #1156, #1157, #1158, #1159, #1160, #1161, #1162, #1163, #1164, #1165, #1166, #1167, #1168, #1169, #1170), .UNSPECIFIED., .F., .U., (4, 2, 2, 2, 2, 2, 2, 2, 2, 2, 2, 2, 2, 2, 2, 2, 2, 2, 2, 2, 2, 2, 2, 2, 2, 2, 2, 2, 2, 2, 2, 2, 2, 2, 2, 2, 2, 2, 2, 2, 2, 2, 2, 2, 2, 2, 2, 2, 4), (17.2746662617107, 17.3200099532281, 17.5149498862878, 17.6450450704603, 17.7751166295904, 17.9703320350309, 18.4112587665244, 18.851771196291, 19.2919023370816, 19.7316604730919, 20.1710512655141, 20.6100819972525, 21.0487585364969, 21.4870848843244, 21.9250636109283, 22.362696201411, 22.7999833743089, 23.2369246513688, 23.6735180457825, 24.1097602355639, 24.5456474004443, 24.9811780017461, 25.2718790663458, 25.4659274982093, 25.5953495174152, 25.8859601112603, 26.1783744564696, 26.2650330639461, 26.395120237219, 26.5903327344083, 27.031278889946, 27.4718058737234, 27.9119517738969, 28.3517244860943, 28.791129926284, 29.2301747720917, 29.6688651271974, 30.107205148849, 30.545197493176, 30.9828436726095, 31.420144361307, 31.8570993025246, 32.2937065338734, 32.7299628434172, 33.1658641773763, 33.6014062895915, 34.0365824146954, 34.4713919758353, 34.5493291977912), .UNSPECIFIED.);
#1172 = EDGE_CURVE ('', #973, #971, #1171, .T.);
#1173 = ORIENTED_EDGE ('', *, *, #1172, .F.);
#1174 = EDGE_LOOP ('', (#1072, #1173));
#1175 = FACE_BOUND ('', #1174, .T.);
#1176 = ORIENTED_EDGE ('', *, *, #406, .T.);
#1177 = CARTESIAN_POINT ('', (19.7500024466827, 18.000000000016, -13.));
#1178 = CARTESIAN_POINT ('', (19.7500023193873, 18.0193993762279, -13.));
#1179 = CARTESIAN_POINT ('', (19.7497768782149, 18.0387970127698, -13.));
#1180 = CARTESIAN_POINT ('', (19.7486559290631, 18.0870841681683, -13.));
#1181 = CARTESIAN_POINT ('', (19.7474795041298, 18.1159759589634, -13.));
#1182 = CARTESIAN_POINT ('', (19.7432762442346, 18.1882657104293, -13.));
#1183 = CARTESIAN_POINT ('', (19.7396203671613, 18.2316462785525, -13.));
#1184 = CARTESIAN_POINT ('', (19.7300664868805, 18.3180617946099, -13.));
#1185 = CARTESIAN_POINT ('', (19.7241631738638, 18.3611258013998, -13.));
#1186 = CARTESIAN_POINT ('', (19.7065916388898, 18.4684214873119, -13.));
#1187 = CARTESIAN_POINT ('', (19.6935070300835, 18.5324870176562, -13.));
#1188 = CARTESIAN_POINT ('', (19.6545575854147, 18.691174921613, -13.));
#1189 = CARTESIAN_POINT ('', (19.6254968849311, 18.7852380738204, -13.));
#1190 = CARTESIAN_POINT ('', (19.5567266705372, 18.9688247587767, -13.));
#1191 = CARTESIAN_POINT ('', (19.5168961227946, 19.0586641558023, -13.));
#1192 = CARTESIAN_POINT ('', (19.4272151881137, 19.2325942020791, -13.));
#1193 = CARTESIAN_POINT ('', (19.3772249555001, 19.3169917753557, -13.));
#1194 = CARTESIAN_POINT ('', (19.2862140953112, 19.4519164103688, -13.));
#1195 = CARTESIAN_POINT ('', (19.2477357961836, 19.5044204715342, -13.));
#1196 = CARTESIAN_POINT ('', (19.1466518073904, 19.6316103867066, -13.));
#1197 = CARTESIAN_POINT ('', (19.0814415245504, 19.7045028181884, -13.));
#1198 = CARTESIAN_POINT ('', (18.9432860622828, 19.8418043116493, -13.));
#1199 = CARTESIAN_POINT ('', (18.870125947566, 19.9064644685504, -13.));
#1200 = CARTESIAN_POINT ('', (18.717178240419, 20.0265359563429, -13.));
#1201 = CARTESIAN_POINT ('', (18.6371244629029, 20.0821428576889, -13.));
#1202 = CARTESIAN_POINT ('', (18.4715168307036, 20.1834141490084, -13.));
#1203 = CARTESIAN_POINT ('', (18.3856897943269, 20.2292626091648, -13.));
#1204 = CARTESIAN_POINT ('', (18.2389399899363, 20.2969935716556, -13.));
#1205 = CARTESIAN_POINT ('', (18.1791446529337, 20.321825865846, -13.));
#1206 = CARTESIAN_POINT ('', (18.027837994781, 20.3778720645408, -13.));
#1207 = CARTESIAN_POINT ('', (17.9350518405474, 20.4062528123121, -13.));
#1208 = CARTESIAN_POINT ('', (17.7783990930297, 20.4443736602177, -13.));
#1209 = CARTESIAN_POINT ('', (17.7150696527137, 20.4572082106689, -13.));
#1210 = CARTESIAN_POINT ('', (17.6088686113499, 20.4744853049546, -13.));
#1211 = CARTESIAN_POINT ('', (17.5661571862186, 20.4803035796696, -13.));
#1212 = CARTESIAN_POINT ('', (17.4805599653835, 20.4897129912533, -13.));
#1213 = CARTESIAN_POINT ('', (17.4376465373604, 20.4933148474169, -13.));
#1214 = CARTESIAN_POINT ('', (17.3516892564625, 20.4983075863602, -13.));
#1215 = CARTESIAN_POINT ('', (17.3086160459386, 20.4996869906231, -13.));
#1216 = CARTESIAN_POINT ('', (17.2222453384074, 20.500218837435, -13.));
#1217 = CARTESIAN_POINT ('', (17.1789183472473, 20.4993716272181, -13.));
#1218 = CARTESIAN_POINT ('', (17.1164074100874, 20.4965045029839, -13.));
#1219 = CARTESIAN_POINT ('', (17.0971659939034, 20.4953977097895, -13.));
#1220 = CARTESIAN_POINT ('', (17.0345573644687, 20.4910734118454, -13.));
#1221 = CARTESIAN_POINT ('', (16.9912365393917, 20.4869502090054, -13.));
#1222 = CARTESIAN_POINT ('', (16.8832476066417, 20.4738177047761, -13.));
#1223 = CARTESIAN_POINT ('', (16.8186884425244, 20.4633782012551, -13.));
#1224 = CARTESIAN_POINT ('', (16.6907184308299, 20.4375116482224, -13.));
#1225 = CARTESIAN_POINT ('', (16.6272094926411, 20.4220628718664, -13.));
#1226 = CARTESIAN_POINT ('', (16.4701614811595, 20.3772704482918, -13.));
#1227 = CARTESIAN_POINT ('', (16.3772911144778, 20.3447806046889, -13.));
#1228 = CARTESIAN_POINT ('', (16.1964906779131, 20.2692951856723, -13.));
#1229 = CARTESIAN_POINT ('', (16.1082379256638, 20.2261988105743, -13.));
#1230 = CARTESIAN_POINT ('', (15.9378397066703, 20.1302062103091, -13.));
#1231 = CARTESIAN_POINT ('', (15.8553900910857, 20.0771654707401, -13.));
#1232 = CARTESIAN_POINT ('', (15.6976759033047, 19.9620919320171, -13.));
#1233 = CARTESIAN_POINT ('', (15.6221371361442, 19.8998706109285, -13.));
#1234 = CARTESIAN_POINT ('', (15.5029983812785, 19.7894669203089, -13.));
#1235 = CARTESIAN_POINT ('', (15.4570844874939, 19.7434627986798, -13.));
#1236 = CARTESIAN_POINT ('', (15.3471021783861, 19.624311905747, -13.));
#1237 = CARTESIAN_POINT ('', (15.2851951175473, 19.5488767262201, -13.));
#1238 = CARTESIAN_POINT ('', (15.1709121315001, 19.3916847688861, -13.));
#1239 = CARTESIAN_POINT ('', (15.1183036119082, 19.3096908391771, -13.));
#1240 = CARTESIAN_POINT ('', (15.0232289990821, 19.1405665683455, -13.));
#1241 = CARTESIAN_POINT ('', (14.9805904900762, 19.0531586407522, -13.));
#1242 = CARTESIAN_POINT ('', (14.9059185755127, 18.8744488496367, -13.));
#1243 = CARTESIAN_POINT ('', (14.8737685329206, 18.7828427352244, -13.));
#1244 = CARTESIAN_POINT ('', (14.8204082113892, 18.5970049610978, -13.));
#1245 = CARTESIAN_POINT ('', (14.7991096544886, 18.502460090962, -13.));
#1246 = CARTESIAN_POINT ('', (14.7676761998061, 18.3120284988651, -13.));
#1247 = CARTESIAN_POINT ('', (14.7574695417127, 18.2158264075497, -13.));
#1248 = CARTESIAN_POINT ('', (14.7509519338148, 18.0797125915285, -13.));
#1249 = CARTESIAN_POINT ('', (14.7499971105988, 18.0398505746941, -13.));
#1250 = CARTESIAN_POINT ('', (14.75, 18., -13.));
#1251 = B_SPLINE_CURVE_WITH_KNOTS ('', 3, (#1177, #1178, #1179, #1180, #1181, #1182, #1183, #1184, #1185, #1186, #1187, #1188, #1189, #1190, #1191, #1192, #1193, #1194, #1195, #1196, #1197, #1198, #1199, #1200, #1201, #1202, #1203, #1204, #1205, #1206, #1207, #1208, #1209, #1210, #1211, #1212, #1213, #1214, #1215, #1216, #1217, #1218, #1219, #1220, #1221, #1222, #1223, #1224, #1225, #1226, #1227, #1228, #1229, #1230, #1231, #1232, #1233, #1234, #1235, #1236, #1237, #1238, #1239, #1240, #1241, #1242, #1243, #1244, #1245, #1246, #1247, #1248, #1249, #1250), .UNSPECIFIED., .F., .U., (4, 2, 2, 2, 2, 2, 2, 2, 2, 2, 2, 2, 2, 2, 2, 2, 2, 2, 2, 2, 2, 2, 2, 2, 2, 2, 2, 2, 2, 2, 2, 2, 2, 2, 2, 2, 4), (7.85044798121061, 7.90862763889906, 7.99534847510668, 8.12586317937706, 8.25617459035414, 8.45203814394374, 8.74636862430383, 9.04017139375131, 9.33343674589442, 9.52842205094688, 9.82083517203802, 10.1127573029629, 10.4041802412037, 10.6951110275956, 10.8890584685119, 11.1791708696662, 11.3727314377266, 11.5019624937264, 11.6310699582173, 11.7602689671908, 11.8901869932116, 11.947998930153, 12.07846035907, 12.2743524966639, 12.4701344865407, 12.7642850961917, 13.0579113294963, 13.3510143276746, 13.6436084859475, 13.8382998295321, 14.1300623814302, 14.4213343149217, 14.712110325242, 15.0023831582955, 15.2921508581847, 15.5814084427834, 15.7009601671799), .UNSPECIFIED.);
#1252 = EDGE_CURVE ('', #325, #332, #1251, .T.);
#1253 = ORIENTED_EDGE ('', *, *, #1252, .T.);
#1254 = EDGE_LOOP ('', (#1176, #1253));
#1255 = FACE_BOUND ('', #1254, .T.);
#1256 = CARTESIAN_POINT ('', (-19.75, 18., -13.));
#1257 = VERTEX_POINT ('', #1256);
#1258 = CARTESIAN_POINT ('', (-14.7499975533173, 18.000000000016, -13.));
#1259 = VERTEX_POINT ('', #1258);
#1260 = CARTESIAN_POINT ('', (-19.75, 18., -13.));
#1261 = CARTESIAN_POINT ('', (-19.7500071430289, 17.9014834601206, -13.));
#1262 = CARTESIAN_POINT ('', (-19.7441560590604, 17.8027952956357, -13.));
#1263 = CARTESIAN_POINT ('', (-19.7209284252323, 17.6073437809091, -13.));
#1264 = CARTESIAN_POINT ('', (-19.7035294178651, 17.5102374219784, -13.));
#1265 = CARTESIAN_POINT ('', (-19.657535675118, 17.3192679666095, -13.));
#1266 = CARTESIAN_POINT ('', (-19.6288820156325, 17.2250698567493, -13.));
#1267 = CARTESIAN_POINT ('', (-19.5609001072512, 17.0411732518946, -13.));
#1268 = CARTESIAN_POINT ('', (-19.5214499647161, 16.9511599352862, -13.));
#1269 = CARTESIAN_POINT ('', (-19.4473776028917, 16.8059462838147, -13.));
#1270 = CARTESIAN_POINT ('', (-19.4155154447879, 16.7490919160749, -13.));
#1271 = CARTESIAN_POINT ('', (-19.3304774022795, 16.610360742262, -13.));
#1272 = CARTESIAN_POINT ('', (-19.2744817471574, 16.5299566753059, -13.));
#1273 = CARTESIAN_POINT ('', (-19.1537496348256, 16.3766690132573, -13.));
#1274 = CARTESIAN_POINT ('', (-19.0888484173589, 16.3034915800347, -13.));
#1275 = CARTESIAN_POINT ('', (-18.9512843658148, 16.16557930736, -13.));
#1276 = CARTESIAN_POINT ('', (-18.8784000666845, 16.1005995238804, -13.));
#1277 = CARTESIAN_POINT ('', (-18.7259667139034, 15.9798563730151, -13.));
#1278 = CARTESIAN_POINT ('', (-18.646150552759, 15.9238979579405, -13.));
#1279 = CARTESIAN_POINT ('', (-18.4809730206975, 15.8219031808393, -13.));
#1280 = CARTESIAN_POINT ('', (-18.3953402084376, 15.775679970847, -13.));
#1281 = CARTESIAN_POINT ('', (-18.2488769565149, 15.7073101228236, -13.));
#1282 = CARTESIAN_POINT ('', (-18.1891872090941, 15.6822174845331, -13.));
#1283 = CARTESIAN_POINT ('', (-18.0381162788968, 15.6255136683483, -13.));
#1284 = CARTESIAN_POINT ('', (-17.9454474406753, 15.5967320669242, -13.));
#1285 = CARTESIAN_POINT ('', (-17.7889524624771, 15.5579309255075, -13.));
#1286 = CARTESIAN_POINT ('', (-17.7256757929939, 15.54482312936, -13.));
#1287 = CARTESIAN_POINT ('', (-17.6195470541592, 15.5270870392857, -13.));
#1288 = CARTESIAN_POINT ('', (-17.576861038961, 15.5210835627004, -13.));
#1289 = CARTESIAN_POINT ('', (-17.4912986162126, 15.5113039753812, -13.));
#1290 = CARTESIAN_POINT ('', (-17.4483945524597, 15.5075180184772, -13.));
#1291 = CARTESIAN_POINT ('', (-17.3624713254416, 15.5021564827511, -13.));
#1292 = CARTESIAN_POINT ('', (-17.3194228597002, 15.5005884012564, -13.));
#1293 = CARTESIAN_POINT ('', (-17.2330940289842, 15.49968472848, -13.));
#1294 = CARTESIAN_POINT ('', (-17.1897843962258, 15.5003437482865, -13.));
#1295 = CARTESIAN_POINT ('', (-17.1272853519361, 15.5029359282754, -13.));
#1296 = CARTESIAN_POINT ('', (-17.1080426271619, 15.5039586712985, -13.));
#1297 = CARTESIAN_POINT ('', (-17.0454120253803, 15.5080112164155, -13.));
#1298 = CARTESIAN_POINT ('', (-17.0020666919663, 15.5119477425193, -13.));
#1299 = CARTESIAN_POINT ('', (-16.8940135112942, 15.5246100567389, -13.));
#1300 = CARTESIAN_POINT ('', (-16.8294085647071, 15.534768569934, -13.));
#1301 = CARTESIAN_POINT ('', (-16.7013229672867, 15.5600795988888, -13.));
#1302 = CARTESIAN_POINT ('', (-16.637743739778, 15.5752518499261, -13.));
#1303 = CARTESIAN_POINT ('', (-16.4804929343473, 15.6193645950023, -13.));
#1304 = CARTESIAN_POINT ('', (-16.3874764013325, 15.651453867683, -13.));
#1305 = CARTESIAN_POINT ('', (-16.2063374872731, 15.7261586472455, -13.));
#1306 = CARTESIAN_POINT ('', (-16.1178929895589, 15.7688760152971, -13.));
#1307 = CARTESIAN_POINT ('', (-15.9470686320201, 15.8641355278466, -13.));
#1308 = CARTESIAN_POINT ('', (-15.8643854793773, 15.9168236165848, -13.));
#1309 = CARTESIAN_POINT ('', (-15.706164440937, 16.0312210384974, -13.));
#1310 = CARTESIAN_POINT ('', (-15.6303528224483, 16.0931197969001, -13.));
#1311 = CARTESIAN_POINT ('', (-15.5107331072236, 16.2030151823854, -13.));
#1312 = CARTESIAN_POINT ('', (-15.4646186126003, 16.2488218060452, -13.));
#1313 = CARTESIAN_POINT ('', (-15.3541195462953, 16.3675062956405, -13.));
#1314 = CARTESIAN_POINT ('', (-15.2918850876577, 16.4426798997313, -13.));
#1315 = CARTESIAN_POINT ('', (-15.1769098559921, 16.5993809014678, -13.));
#1316 = CARTESIAN_POINT ('', (-15.1239529572328, 16.6811567831261, -13.));
#1317 = CARTESIAN_POINT ('', (-15.0281481702818, 16.849881082647, -13.));
#1318 = CARTESIAN_POINT ('', (-14.9851255037338, 16.9371074752263, -13.));
#1319 = CARTESIAN_POINT ('', (-14.9096912336048, 17.1155099989613, -13.));
#1320 = CARTESIAN_POINT ('', (-14.8771461254871, 17.2069828752263, -13.));
#1321 = CARTESIAN_POINT ('', (-14.8319607339089, 17.3618430729385, -13.));
#1322 = CARTESIAN_POINT ('', (-14.8162704872178, 17.4245611151584, -13.));
#1323 = CARTESIAN_POINT ('', (-14.7898279865059, 17.5508775952871, -13.));
#1324 = CARTESIAN_POINT ('', (-14.7790452623575, 17.6145686265775, -13.));
#1325 = CARTESIAN_POINT ('', (-14.7652174219849, 17.7212391011115, -13.));
#1326 = CARTESIAN_POINT ('', (-14.7607874921861, 17.7641018296076, -13.));
#1327 = CARTESIAN_POINT ('', (-14.7559811148597, 17.8261501032157, -13.));
#1328 = CARTESIAN_POINT ('', (-14.7547190545723, 17.8452828239849, -13.));
#1329 = CARTESIAN_POINT ('', (-14.751220956295, 17.9095602737336, -13.));
#1330 = CARTESIAN_POINT ('', (-14.7499972566233, 17.9547848621712, -13.));
#1331 = CARTESIAN_POINT ('', (-14.7499975533173, 18.000000000016, -13.));
#1332 = B_SPLINE_CURVE_WITH_KNOTS ('', 3, (#1260, #1261, #1262, #1263, #1264, #1265, #1266, #1267, #1268, #1269, #1270, #1271, #1272, #1273, #1274, #1275, #1276, #1277, #1278, #1279, #1280, #1281, #1282, #1283, #1284, #1285, #1286, #1287, #1288, #1289, #1290, #1291, #1292, #1293, #1294, #1295, #1296, #1297, #1298, #1299, #1300, #1301, #1302, #1303, #1304, #1305, #1306, #1307, #1308, #1309, #1310, #1311, #1312, #1313, #1314, #1315, #1316, #1317, #1318, #1319, #1320, #1321, #1322, #1323, #1324, #1325, #1326, #1327, #1328, #1329, #1330, #1331), .UNSPECIFIED., .F., .U., (4, 2, 2, 2, 2, 2, 2, 2, 2, 2, 2, 2, 2, 2, 2, 2, 2, 2, 2, 2, 2, 2, 2, 2, 2, 2, 2, 2, 2, 2, 2, 2, 2, 2, 2, 4), (0., 0.295549620415172, 0.590480616311492, 0.884839714767576, 1.17866044450873, 1.37388314253185, 1.66682052619349, 1.95925494964225, 2.25119452380433, 2.54263605979973, 2.83358525594621, 3.02754149650104, 3.31767175491641, 3.51124167325149, 3.64047340125657, 3.76960017733543, 3.89874442762005, 4.02860085829134, 4.08640275919102, 4.21688558580006, 4.41278047977374, 4.60857310931807, 4.90274348937835, 5.19639025136549, 5.48951262859521, 5.78212569020162, 5.97682448787287, 6.26860741187594, 6.55989444128842, 6.85068817780447, 7.14097972441324, 7.33464127886662, 7.52814316659759, 7.65733028357553, 7.71484561887593, 7.85044798121059), .UNSPECIFIED.);
#1333 = EDGE_CURVE ('', #1257, #1259, #1332, .T.);
#1334 = ORIENTED_EDGE ('', *, *, #1333, .T.);
#1335 = CARTESIAN_POINT ('', (-14.7499975533173, 18.000000000016, -13.));
#1336 = CARTESIAN_POINT ('', (-14.7499976806127, 18.0193993762279, -13.));
#1337 = CARTESIAN_POINT ('', (-14.7502231217852, 18.0387970127698, -13.));
#1338 = CARTESIAN_POINT ('', (-14.7513440709369, 18.0870841681683, -13.));
#1339 = CARTESIAN_POINT ('', (-14.7525204958702, 18.1159759589633, -13.));
#1340 = CARTESIAN_POINT ('', (-14.7567237557655, 18.1882657104293, -13.));
#1341 = CARTESIAN_POINT ('', (-14.7603796328387, 18.2316462785525, -13.));
#1342 = CARTESIAN_POINT ('', (-14.7699335131195, 18.3180617946099, -13.));
#1343 = CARTESIAN_POINT ('', (-14.7758368261362, 18.3611258013998, -13.));
#1344 = CARTESIAN_POINT ('', (-14.7934083611102, 18.4684214873119, -13.));
#1345 = CARTESIAN_POINT ('', (-14.8064929699165, 18.5324870176562, -13.));
#1346 = CARTESIAN_POINT ('', (-14.8454424145853, 18.691174921613, -13.));
#1347 = CARTESIAN_POINT ('', (-14.8745031150689, 18.7852380738204, -13.));
#1348 = CARTESIAN_POINT ('', (-14.9432733294628, 18.9688247587767, -13.));
#1349 = CARTESIAN_POINT ('', (-14.9831038772054, 19.0586641558023, -13.));
#1350 = CARTESIAN_POINT ('', (-15.0727848118864, 19.2325942020791, -13.));
#1351 = CARTESIAN_POINT ('', (-15.1227750444999, 19.3169917753557, -13.));
#1352 = CARTESIAN_POINT ('', (-15.2137859046888, 19.4519164103688, -13.));
#1353 = CARTESIAN_POINT ('', (-15.2522642038164, 19.5044204715342, -13.));
#1354 = CARTESIAN_POINT ('', (-15.3533481926096, 19.6316103867066, -13.));
#1355 = CARTESIAN_POINT ('', (-15.4185584754496, 19.7045028181884, -13.));
#1356 = CARTESIAN_POINT ('', (-15.5567139377172, 19.8418043116493, -13.));
#1357 = CARTESIAN_POINT ('', (-15.6298740524341, 19.9064644685504, -13.));
#1358 = CARTESIAN_POINT ('', (-15.782821759581, 20.0265359563429, -13.));
#1359 = CARTESIAN_POINT ('', (-15.8628755370971, 20.0821428576889, -13.));
#1360 = CARTESIAN_POINT ('', (-16.0284831692964, 20.1834141490084, -13.));
#1361 = CARTESIAN_POINT ('', (-16.1143102056731, 20.2292626091648, -13.));
#1362 = CARTESIAN_POINT ('', (-16.2610600100637, 20.2969935716556, -13.));
#1363 = CARTESIAN_POINT ('', (-16.3208553470663, 20.321825865846, -13.));
#1364 = CARTESIAN_POINT ('', (-16.472162005219, 20.3778720645408, -13.));
#1365 = CARTESIAN_POINT ('', (-16.5649481594526, 20.4062528123121, -13.));
#1366 = CARTESIAN_POINT ('', (-16.7216009069703, 20.4443736602177, -13.));
#1367 = CARTESIAN_POINT ('', (-16.7849303472863, 20.4572082106689, -13.));
#1368 = CARTESIAN_POINT ('', (-16.8911313886501, 20.4744853049546, -13.));
#1369 = CARTESIAN_POINT ('', (-16.9338428137814, 20.4803035796696, -13.));
#1370 = CARTESIAN_POINT ('', (-17.0194400346164, 20.4897129912533, -13.));
#1371 = CARTESIAN_POINT ('', (-17.0623534626396, 20.4933148474169, -13.));
#1372 = CARTESIAN_POINT ('', (-17.1483107435374, 20.4983075863602, -13.));
#1373 = CARTESIAN_POINT ('', (-17.1913839540614, 20.4996869906231, -13.));
#1374 = CARTESIAN_POINT ('', (-17.2777546615926, 20.5002188374349, -13.));
#1375 = CARTESIAN_POINT ('', (-17.3210816527527, 20.4993716272181, -13.));
#1376 = CARTESIAN_POINT ('', (-17.3835925899126, 20.4965045029839, -13.));
#1377 = CARTESIAN_POINT ('', (-17.4028340060966, 20.4953977097895, -13.));
#1378 = CARTESIAN_POINT ('', (-17.4654426355313, 20.4910734118454, -13.));
#1379 = CARTESIAN_POINT ('', (-17.5087634606082, 20.4869502090054, -13.));
#1380 = CARTESIAN_POINT ('', (-17.6167523933583, 20.4738177047761, -13.));
#1381 = CARTESIAN_POINT ('', (-17.6813115574756, 20.4633782012551, -13.));
#1382 = CARTESIAN_POINT ('', (-17.8092815691701, 20.4375116482224, -13.));
#1383 = CARTESIAN_POINT ('', (-17.8727905073589, 20.4220628718664, -13.));
#1384 = CARTESIAN_POINT ('', (-18.0298385188405, 20.3772704482918, -13.));
#1385 = CARTESIAN_POINT ('', (-18.1227088855222, 20.3447806046889, -13.));
#1386 = CARTESIAN_POINT ('', (-18.3035093220869, 20.2692951856723, -13.));
#1387 = CARTESIAN_POINT ('', (-18.3917620743362, 20.2261988105743, -13.));
#1388 = CARTESIAN_POINT ('', (-18.5621602933297, 20.1302062103091, -13.));
#1389 = CARTESIAN_POINT ('', (-18.6446099089142, 20.0771654707401, -13.));
#1390 = CARTESIAN_POINT ('', (-18.8023240966953, 19.9620919320171, -13.));
#1391 = CARTESIAN_POINT ('', (-18.8778628638558, 19.8998706109285, -13.));
#1392 = CARTESIAN_POINT ('', (-18.9970016187215, 19.7894669203089, -13.));
#1393 = CARTESIAN_POINT ('', (-19.0429155125061, 19.7434627986798, -13.));
#1394 = CARTESIAN_POINT ('', (-19.1528978216139, 19.624311905747, -13.));
#1395 = CARTESIAN_POINT ('', (-19.2148048824527, 19.5488767262201, -13.));
#1396 = CARTESIAN_POINT ('', (-19.3290878684999, 19.3916847688861, -13.));
#1397 = CARTESIAN_POINT ('', (-19.3816963880917, 19.3096908391771, -13.));
#1398 = CARTESIAN_POINT ('', (-19.4767710009179, 19.1405665683455, -13.));
#1399 = CARTESIAN_POINT ('', (-19.5194095099238, 19.0531586407522, -13.));
#1400 = CARTESIAN_POINT ('', (-19.5940814244873, 18.8744488496367, -13.));
#1401 = CARTESIAN_POINT ('', (-19.6262314670794, 18.7828427352244, -13.));
#1402 = CARTESIAN_POINT ('', (-19.6795917886108, 18.5970049610978, -13.));
#1403 = CARTESIAN_POINT ('', (-19.7008903455114, 18.502460090962, -13.));
#1404 = CARTESIAN_POINT ('', (-19.732323800194, 18.3120284988651, -13.));
#1405 = CARTESIAN_POINT ('', (-19.7425304582873, 18.2158264075497, -13.));
#1406 = CARTESIAN_POINT ('', (-19.7490480661852, 18.0797125915285, -13.));
#1407 = CARTESIAN_POINT ('', (-19.7500028894012, 18.0398505746941, -13.));
#1408 = CARTESIAN_POINT ('', (-19.75, 18., -13.));
#1409 = B_SPLINE_CURVE_WITH_KNOTS ('', 3, (#1335, #1336, #1337, #1338, #1339, #1340, #1341, #1342, #1343, #1344, #1345, #1346, #1347, #1348, #1349, #1350, #1351, #1352, #1353, #1354, #1355, #1356, #1357, #1358, #1359, #1360, #1361, #1362, #1363, #1364, #1365, #1366, #1367, #1368, #1369, #1370, #1371, #1372, #1373, #1374, #1375, #1376, #1377, #1378, #1379, #1380, #1381, #1382, #1383, #1384, #1385, #1386, #1387, #1388, #1389, #1390, #1391, #1392, #1393, #1394, #1395, #1396, #1397, #1398, #1399, #1400, #1401, #1402, #1403, #1404, #1405, #1406, #1407, #1408), .UNSPECIFIED., .F., .U., (4, 2, 2, 2, 2, 2, 2, 2, 2, 2, 2, 2, 2, 2, 2, 2, 2, 2, 2, 2, 2, 2, 2, 2, 2, 2, 2, 2, 2, 2, 2, 2, 2, 2, 2, 2, 4), (7.85044798121059, 7.90862763889904, 7.99534847510667, 8.12586317937706, 8.25617459035413, 8.45203814394374, 8.74636862430382, 9.04017139375132, 9.33343674589443, 9.52842205094688, 9.82083517203802, 10.1127573029629, 10.4041802412037, 10.6951110275956, 10.8890584685119, 11.1791708696662, 11.3727314377266, 11.5019624937264, 11.6310699582173, 11.7602689671907, 11.8901869932116, 11.9479989301529, 12.0784603590699, 12.2743524966639, 12.4701344865407, 12.7642850961917, 13.0579113294963, 13.3510143276745, 13.6436084859475, 13.8382998295321, 14.1300623814302, 14.4213343149217, 14.7121103252419, 15.0023831582955, 15.2921508581847, 15.5814084427834, 15.7009601671799), .UNSPECIFIED.);
#1410 = EDGE_CURVE ('', #1259, #1257, #1409, .T.);
#1411 = ORIENTED_EDGE ('', *, *, #1410, .T.);
#1412 = EDGE_LOOP ('', (#1334, #1411));
#1413 = FACE_BOUND ('', #1412, .T.);
#1414 = CARTESIAN_POINT ('', (-26.0572676849539, -10.9863023494136, -13.));
#1415 = CARTESIAN_POINT ('', (26.0572676849555, -10.9863023494136, -13.));
#1416 = CARTESIAN_POINT ('', (-26.0572676849539, 34.0000000000002, -13.));
#1417 = CARTESIAN_POINT ('', (26.0572676849555, 34.0000000000002, -13.));
#1418 = B_SPLINE_SURFACE_WITH_KNOTS ('', 1, 1, ((#1414, #1415), (#1416, #1417)), .UNSPECIFIED., .F., .F., .U., (2, 2), (2, 2), (0.308746709661032, 0.61990826503233), (0.319766917525233, 0.68023308247477), .UNSPECIFIED.);
#1419 = ADVANCED_FACE ('', (#557, #763, #969, #1175, #1255, #1413), #1418, .T.);
#1420 = CARTESIAN_POINT ('', (-16.25, 18., -11.5));
#1421 = VERTEX_POINT ('', #1420);
#1422 = CARTESIAN_POINT ('', (-16.25, 18., -11.5));
#1423 = CARTESIAN_POINT ('', (-14.7499999999895, 18., -13.0000000000105));
#1424 = B_SPLINE_CURVE_WITH_KNOTS ('', 1, (#1422, #1423), .UNSPECIFIED., .F., .U., (2, 2), (0., 0.750000000005248), .UNSPECIFIED.);
#1425 = EDGE_CURVE ('', #1421, #1259, #1424, .T.);
#1426 = ORIENTED_EDGE ('', *, *, #1425, .T.);
#1427 = ORIENTED_EDGE ('', *, *, #1333, .F.);
#1428 = CARTESIAN_POINT ('', (-18.25, 18., -11.5));
#1429 = VERTEX_POINT ('', #1428);
#1430 = CARTESIAN_POINT ('', (-18.25, 18., -11.5));
#1431 = CARTESIAN_POINT ('', (-19.75, 18., -13.));
#1432 = B_SPLINE_CURVE_WITH_KNOTS ('', 1, (#1430, #1431), .UNSPECIFIED., .F., .U., (2, 2), (0., 0.75), .UNSPECIFIED.);
#1433 = EDGE_CURVE ('', #1429, #1257, #1432, .T.);
#1434 = ORIENTED_EDGE ('', *, *, #1433, .F.);
#1435 = CARTESIAN_POINT ('', (-16.25, 18., -11.5));
#1436 = CARTESIAN_POINT ('', (-16.25, 17., -11.5));
#1437 = CARTESIAN_POINT ('', (-17.25, 17., -11.5));
#1438 = CARTESIAN_POINT ('', (-18.25, 17., -11.5));
#1439 = CARTESIAN_POINT ('', (-18.25, 18., -11.5));
#1440 = (
   BOUNDED_CURVE ()
   B_SPLINE_CURVE (2, (#1435, #1436, #1437, #1438, #1439), .UNSPECIFIED., .F., .U.)
   B_SPLINE_CURVE_WITH_KNOTS ((3, 2, 3), (3.14159265358979, 4.71238898038469, 6.28318530717959), .UNSPECIFIED.)
   CURVE ()
   GEOMETRIC_REPRESENTATION_ITEM ()
   RATIONAL_B_SPLINE_CURVE ((1., 0.707106781186544, 1., 0.707106781186552, 1.))
   REPRESENTATION_ITEM ('')
);
#1441 = EDGE_CURVE ('', #1421, #1429, #1440, .T.);
#1442 = ORIENTED_EDGE ('', *, *, #1441, .F.);
#1443 = EDGE_LOOP ('', (#1426, #1427, #1434, #1442));
#1444 = FACE_OUTER_BOUND ('', #1443, .T.);
#1445 = CARTESIAN_POINT ('', (-16.25, 18., -11.5));
#1446 = CARTESIAN_POINT ('', (-16.25, 17.9802194031879, -11.5));
#1447 = CARTESIAN_POINT ('', (-16.2511579778284, 17.9406582095636, -11.5));
#1448 = CARTESIAN_POINT ('', (-16.2566132339615, 17.8797638767477, -11.5));
#1449 = CARTESIAN_POINT ('', (-16.2660075745706, 17.8181233610913, -11.5));
#1450 = CARTESIAN_POINT ('', (-16.2840298181521, 17.7352446988553, -11.5));
#1451 = CARTESIAN_POINT ('', (-16.3106159047768, 17.6521669167474, -11.5));
#1452 = CARTESIAN_POINT ('', (-16.3460498089154, 17.5706125922925, -11.5));
#1453 = CARTESIAN_POINT ('', (-16.3770196204958, 17.5106763050721, -11.5));
#1454 = CARTESIAN_POINT ('', (-16.4123091944853, 17.4524321289537, -11.5));
#1455 = CARTESIAN_POINT ('', (-16.4649243141729, 17.3776381687514, -11.5));
#1456 = CARTESIAN_POINT ('', (-16.5406345370477, 17.2906345370477, -11.5));
#1457 = CARTESIAN_POINT ('', (-16.6276381687514, 17.2149243141729, -11.5));
#1458 = CARTESIAN_POINT ('', (-16.7024321289538, 17.1623091944853, -11.5));
#1459 = CARTESIAN_POINT ('', (-16.7606763050721, 17.1270196204958, -11.5));
#1460 = CARTESIAN_POINT ('', (-16.8206125922925, 17.0960498089153, -11.5));
#1461 = CARTESIAN_POINT ('', (-16.9021669167474, 17.0606159047767, -11.5));
#1462 = CARTESIAN_POINT ('', (-16.9852446988553, 17.0340298181521, -11.5));
#1463 = CARTESIAN_POINT ('', (-17.0681233610913, 17.0160075745706, -11.5));
#1464 = CARTESIAN_POINT ('', (-17.1297638767477, 17.0066132339615, -11.5));
#1465 = CARTESIAN_POINT ('', (-17.1906582095638, 17.0011579778284, -11.5));
#1466 = CARTESIAN_POINT ('', (-17.2499999999994, 16.9994210110859, -11.5));
#1467 = CARTESIAN_POINT ('', (-17.3093417904385, 17.0011579778279, -11.5));
#1468 = CARTESIAN_POINT ('', (-17.3702361232444, 17.0066132339635, -11.5));
#1469 = CARTESIAN_POINT ('', (-17.4318766389382, 17.016007574563, -11.5));
#1470 = CARTESIAN_POINT ('', (-17.514755300988, 17.0340298181923, -11.5));
#1471 = CARTESIAN_POINT ('', (-17.5978330842317, 17.0606159045256, -11.5));
#1472 = CARTESIAN_POINT ('', (-17.6793874060331, 17.0960498093448, -11.5));
#1473 = CARTESIAN_POINT ('', (-17.7393237013095, 17.1270196188588, -11.5));
#1474 = CARTESIAN_POINT ('', (-17.7975678471942, 17.1623092006035, -11.5));
#1475 = CARTESIAN_POINT ('', (-17.8723619579012, 17.2149242816855, -11.5));
#1476 = CARTESIAN_POINT ('', (-17.9593644423392, 17.2906347988424, -11.5));
#1477 = CARTESIAN_POINT ('', (-18.0502214567489, 17.3950379392569, -11.5));
#1478 = CARTESIAN_POINT ('', (-18.1251499958533, 17.5098289243614, -11.5));
#1479 = CARTESIAN_POINT ('', (-18.1827410744541, 17.6313963048321, -11.5));
#1480 = CARTESIAN_POINT ('', (-18.2159697729963, 17.7352473832544, -11.5));
#1481 = CARTESIAN_POINT ('', (-18.2339924611849, 17.8181187624506, -11.5));
#1482 = CARTESIAN_POINT ('', (-18.246518407227, 17.9003356227447, -11.5));
#1483 = CARTESIAN_POINT ('', (-18.2500028479431, 17.9607212153931, -11.5));
#1484 = CARTESIAN_POINT ('', (-18.25, 18., -11.5));
#1485 = CARTESIAN_POINT ('', (-14.7499999999895, 18., -13.0000000000105));
#1486 = CARTESIAN_POINT ('', (-14.7499999999895, 17.9505485079695, -13.0000000000105));
#1487 = CARTESIAN_POINT ('', (-14.7528949445606, 17.8516455239085, -13.0000000000105));
#1488 = CARTESIAN_POINT ('', (-14.7665330848933, 17.699409691868, -13.0000000000105));
#1489 = CARTESIAN_POINT ('', (-14.7900189364161, 17.5453084027263, -13.0000000000105));
#1490 = CARTESIAN_POINT ('', (-14.8350745453702, 17.3381117471355, -13.0000000000105));
#1491 = CARTESIAN_POINT ('', (-14.901539761932, 17.130417291865, -13.0000000000105));
#1492 = CARTESIAN_POINT ('', (-14.9901245222789, 16.9265314807268, -13.0000000000105));
#1493 = CARTESIAN_POINT ('', (-15.0675490512302, 16.7766907626752, -13.0000000000105));
#1494 = CARTESIAN_POINT ('', (-15.1557729862045, 16.6310803223787, -13.0000000000105));
#1495 = CARTESIAN_POINT ('', (-15.2873107854239, 16.444095421872, -13.0000000000105));
#1496 = CARTESIAN_POINT ('', (-15.4765863426117, 16.2265863426117, -13.0000000000105));
#1497 = CARTESIAN_POINT ('', (-15.6940954218719, 16.0373107854239, -13.0000000000105));
#1498 = CARTESIAN_POINT ('', (-15.8810803223786, 15.9057729862046, -13.0000000000105));
#1499 = CARTESIAN_POINT ('', (-16.0266907626752, 15.8175490512302, -13.0000000000105));
#1500 = CARTESIAN_POINT ('', (-16.1765314807268, 15.7401245222789, -13.0000000000105));
#1501 = CARTESIAN_POINT ('', (-16.380417291865, 15.651539761932, -13.0000000000105));
#1502 = CARTESIAN_POINT ('', (-16.5881117471354, 15.5850745453702, -13.0000000000105));
#1503 = CARTESIAN_POINT ('', (-16.7953084027263, 15.5400189364161, -13.0000000000105));
#1504 = CARTESIAN_POINT ('', (-16.9494096918679, 15.5165330848933, -13.0000000000105));
#1505 = CARTESIAN_POINT ('', (-17.1016455239088, 15.5028949445605, -13.0000000000105));
#1506 = CARTESIAN_POINT ('', (-17.2499999999986, 15.4985525277043, -13.0000000000105));
#1507 = CARTESIAN_POINT ('', (-17.3983544760969, 15.5028949445593, -13.0000000000105));
#1508 = CARTESIAN_POINT ('', (-17.5505903081122, 15.5165330848984, -13.0000000000105));
#1509 = CARTESIAN_POINT ('', (-17.7046915973475, 15.5400189363972, -13.0000000000105));
#1510 = CARTESIAN_POINT ('', (-17.9118882524727, 15.5850745454707, -13.0000000000105));
#1511 = CARTESIAN_POINT ('', (-18.1195827105829, 15.6515397613041, -13.0000000000105));
#1512 = CARTESIAN_POINT ('', (-18.3234685150873, 15.7401245233526, -13.0000000000105));
#1513 = CARTESIAN_POINT ('', (-18.4733092532788, 15.8175490471379, -13.0000000000105));
#1514 = CARTESIAN_POINT ('', (-18.6189196179913, 15.9057730015001, -13.0000000000105));
#1515 = CARTESIAN_POINT ('', (-18.8059048947595, 16.0373107042056, -13.0000000000105));
#1516 = CARTESIAN_POINT ('', (-19.0234111058555, 16.2265869970985, -13.0000000000105));
#1517 = CARTESIAN_POINT ('', (-19.2505536418805, 16.487594848136, -13.0000000000105));
#1518 = CARTESIAN_POINT ('', (-19.4378749896425, 16.7745723108984, -13.0000000000105));
#1519 = CARTESIAN_POINT ('', (-19.5818526861451, 17.0784907620764, -13.0000000000105));
#1520 = CARTESIAN_POINT ('', (-19.6649244325008, 17.3381184581331, -13.0000000000105));
#1521 = CARTESIAN_POINT ('', (-19.7099811529726, 17.5452969061246, -13.0000000000105));
#1522 = CARTESIAN_POINT ('', (-19.7412960180778, 17.7508390568607, -13.0000000000105));
#1523 = CARTESIAN_POINT ('', (-19.7500071198681, 17.9018030384824, -13.0000000000105));
#1524 = CARTESIAN_POINT ('', (-19.7500000000105, 18., -13.0000000000105));
#1525 = B_SPLINE_SURFACE_WITH_KNOTS ('', 1, 3, ((#1445, #1446, #1447, #1448, #1449, #1450, #1451, #1452, #1453, #1454, #1455, #1456, #1457, #1458, #1459, #1460, #1461, #1462, #1463, #1464, #1465, #1466, #1467, #1468, #1469, #1470, #1471, #1472, #1473, #1474, #1475, #1476, #1477, #1478, #1479, #1480, #1481, #1482, #1483, #1484), (#1485, #1486, #1487, #1488, #1489, #1490, #1491, #1492, #1493, #1494, #1495, #1496, #1497, #1498, #1499, #1500, #1501, #1502, #1503, #1504, #1505, #1506, #1507, #1508, #1509, #1510, #1511, #1512, #1513, #1514, #1515, #1516, #1517, #1518, #1519, #1520, #1521, #1522, #1523, #1524)), .UNSPECIFIED., .F., .F., .U., (2, 2), (4, 1, 1, 1, 1, 1, 1, 1, 1, 1, 1, 1, 1, 1, 1, 1, 1, 1, 1, 1, 1, 1, 1, 1, 1, 1, 1, 1, 1, 1, 1, 1, 1, 1, 1, 1, 1, 4), (0., 0.750000000005248), (0.5, 0.510416666666669, 0.520833333333336, 0.531250000000002, 0.541666666666669, 0.562500000000002, 0.572916666666668, 0.583333333333335, 0.593750000000001, 0.604166666666668, 0.625000000000001, 0.645833333333335, 0.656250000000001, 0.666666666666667, 0.677083333333334, 0.6875, 0.708333333333333, 0.71875, 0.729166666666667, 0.739583333333333, 0.75, 0.760416666666665, 0.770833333333333, 0.78125, 0.791666666666667, 0.812499999999999, 0.822916666666667, 0.833333333333333, 0.84375, 0.854166666666666, 0.875, 0.895833333333333, 0.916666666666667, 0.9375, 0.958333333333333, 0.96875, 0.979166666666667, 1.), .UNSPECIFIED.);
#1526 = ADVANCED_FACE ('', (#1444), #1525, .T.);
#1527 = CARTESIAN_POINT ('', (-16.25, 18., -9.99999999999991));
#1528 = VERTEX_POINT ('', #1527);
#1529 = CARTESIAN_POINT ('', (-16.25, 18., -11.5));
#1530 = CARTESIAN_POINT ('', (-16.25, 18., -9.99999999999991));
#1531 = B_SPLINE_CURVE_WITH_KNOTS ('', 1, (#1529, #1530), .UNSPECIFIED., .F., .U., (2, 2), (-0.150000000000009, 0.), .UNSPECIFIED.);
#1532 = EDGE_CURVE ('', #1421, #1528, #1531, .T.);
#1533 = ORIENTED_EDGE ('', *, *, #1532, .T.);
#1534 = CARTESIAN_POINT ('', (-18.25, 18., -9.99999999999991));
#1535 = VERTEX_POINT ('', #1534);
#1536 = CARTESIAN_POINT ('', (-18.25, 18., -9.99999999999991));
#1537 = CARTESIAN_POINT ('', (-18.25, 19., -9.99999999999991));
#1538 = CARTESIAN_POINT ('', (-17.25, 19., -9.99999999999991));
#1539 = CARTESIAN_POINT ('', (-16.25, 19., -9.99999999999991));
#1540 = CARTESIAN_POINT ('', (-16.25, 18., -9.99999999999991));
#1541 = (
   BOUNDED_CURVE ()
   B_SPLINE_CURVE (2, (#1536, #1537, #1538, #1539, #1540), .UNSPECIFIED., .F., .U.)
   B_SPLINE_CURVE_WITH_KNOTS ((3, 2, 3), (4.50832314210117E-32, 1.5707963267949, 3.14159265358979), .UNSPECIFIED.)
   CURVE ()
   GEOMETRIC_REPRESENTATION_ITEM ()
   RATIONAL_B_SPLINE_CURVE ((1., 0.707106781186548, 1., 0.707106781186544, 1.))
   REPRESENTATION_ITEM ('')
);
#1542 = EDGE_CURVE ('', #1535, #1528, #1541, .T.);
#1543 = ORIENTED_EDGE ('', *, *, #1542, .F.);
#1544 = CARTESIAN_POINT ('', (-18.25, 18., -11.5));
#1545 = CARTESIAN_POINT ('', (-18.25, 18., -9.99999999999991));
#1546 = B_SPLINE_CURVE_WITH_KNOTS ('', 1, (#1544, #1545), .UNSPECIFIED., .F., .U., (2, 2), (0., 0.750000000000047), .UNSPECIFIED.);
#1547 = EDGE_CURVE ('', #1429, #1535, #1546, .T.);
#1548 = ORIENTED_EDGE ('', *, *, #1547, .F.);
#1549 = CARTESIAN_POINT ('', (-18.25, 18., -11.5));
#1550 = CARTESIAN_POINT ('', (-18.25, 19., -11.5));
#1551 = CARTESIAN_POINT ('', (-17.25, 19., -11.5));
#1552 = CARTESIAN_POINT ('', (-16.25, 19., -11.5));
#1553 = CARTESIAN_POINT ('', (-16.25, 18., -11.5));
#1554 = (
   BOUNDED_CURVE ()
   B_SPLINE_CURVE (2, (#1549, #1550, #1551, #1552, #1553), .UNSPECIFIED., .F., .U.)
   B_SPLINE_CURVE_WITH_KNOTS ((3, 2, 3), (-1.25480695071353E-29, 1.5707963267949, 3.14159265358979), .UNSPECIFIED.)
   CURVE ()
   GEOMETRIC_REPRESENTATION_ITEM ()
   RATIONAL_B_SPLINE_CURVE ((1., 0.707106781186544, 1., 0.707106781186552, 1.))
   REPRESENTATION_ITEM ('')
);
#1555 = EDGE_CURVE ('', #1429, #1421, #1554, .T.);
#1556 = ORIENTED_EDGE ('', *, *, #1555, .T.);
#1557 = EDGE_LOOP ('', (#1533, #1543, #1548, #1556));
#1558 = FACE_OUTER_BOUND ('', #1557, .T.);
#1559 = CARTESIAN_POINT ('', (-18.25, 18., -11.5));
#1560 = CARTESIAN_POINT ('', (-18.25, 18., -9.99999999999991));
#1561 = CARTESIAN_POINT ('', (-18.25, 19., -11.5));
#1562 = CARTESIAN_POINT ('', (-18.25, 19., -9.99999999999991));
#1563 = CARTESIAN_POINT ('', (-17.25, 19., -11.5));
#1564 = CARTESIAN_POINT ('', (-17.25, 19., -9.99999999999991));
#1565 = CARTESIAN_POINT ('', (-16.25, 19., -11.5));
#1566 = CARTESIAN_POINT ('', (-16.25, 19., -9.99999999999991));
#1567 = CARTESIAN_POINT ('', (-16.25, 18., -11.5));
#1568 = CARTESIAN_POINT ('', (-16.25, 18., -9.99999999999991));
#1569 = (
   BOUNDED_SURFACE ()
   B_SPLINE_SURFACE (2, 1, ((#1559, #1560), (#1561, #1562), (#1563, #1564), (#1565, #1566), (#1567, #1568)), .UNSPECIFIED., .F., .F., .U.)
   B_SPLINE_SURFACE_WITH_KNOTS ((3, 2, 3), (2, 2), (0., 0.15707963267949, 0.31415926535898), (-0.150000000000009, 0.), .UNSPECIFIED.)
   GEOMETRIC_REPRESENTATION_ITEM ()
   RATIONAL_B_SPLINE_SURFACE (((1., 1.), (0.707106781186547, 0.707106781186547), (1., 1.), (0.707106781186547, 0.707106781186547), (1., 1.)))
   REPRESENTATION_ITEM ('')
   SURFACE ()
);
#1570 = ADVANCED_FACE ('', (#1558), #1569, .T.);
#1571 = CARTESIAN_POINT ('', (-13.9999999999983, 34., -10.));
#1572 = VERTEX_POINT ('', #1571);
#1573 = CARTESIAN_POINT ('', (-17.9720553626585, 34.0000000000001, -10.));
#1574 = VERTEX_POINT ('', #1573);
#1575 = CARTESIAN_POINT ('', (-13.9999999999983, 34.0000000000001, -10.));
#1576 = CARTESIAN_POINT ('', (-17.9720553626585, 34.0000000000001, -10.));
#1577 = B_SPLINE_CURVE_WITH_KNOTS ('', 1, (#1575, #1576), .UNSPECIFIED., .F., .U., (2, 2), (0., 1.), .UNSPECIFIED.);
#1578 = EDGE_CURVE ('', #1572, #1574, #1577, .T.);
#1579 = ORIENTED_EDGE ('', *, *, #1578, .T.);
#1580 = CARTESIAN_POINT ('', (-24.0272736874912, 23.4879733715973, -10.));
#1581 = VERTEX_POINT ('', #1580);
#1582 = CARTESIAN_POINT ('', (-17.9720553626585, 34.0000000000001, -10.));
#1583 = CARTESIAN_POINT ('', (-18.0368142638587, 34.0000000000001, -10.));
#1584 = CARTESIAN_POINT ('', (-18.1022862615266, 33.9990880569019, -10.));
#1585 = CARTESIAN_POINT ('', (-18.2317604770942, 33.9954805290024, -10.));
#1586 = CARTESIAN_POINT ('', (-18.297148121563, 33.9927469049168, -10.));
#1587 = CARTESIAN_POINT ('', (-18.4264849095746, 33.9855342832256, -10.));
#1588 = CARTESIAN_POINT ('', (-18.4917378057118, 33.9809831394735, -10.));
#1589 = CARTESIAN_POINT ('', (-18.62083673951, 33.9701706587477, -10.));
#1590 = CARTESIAN_POINT ('', (-18.6859046474271, 33.9638075422611, -10.));
#1591 = CARTESIAN_POINT ('', (-18.8146655015302, 33.9494032324885, -10.));
#1592 = CARTESIAN_POINT ('', (-18.8794983748495, 33.9412350711871, -10.));
#1593 = CARTESIAN_POINT ('', (-19.0078212024633, 33.9232497500233, -10.));
#1594 = CARTESIAN_POINT ('', (-19.0723692264536, 33.9132848471074, -10.));
#1595 = CARTESIAN_POINT ('', (-19.2001544367224, 33.8917321101751, -10.));
#1596 = CARTESIAN_POINT ('', (-19.2643680662741, 33.8799801373412, -10.));
#1597 = CARTESIAN_POINT ('', (-19.3915165012127, 33.8548763464001, -10.));
#1598 = CARTESIAN_POINT ('', (-19.455346498621, 33.8413483359844, -10.));
#1599 = CARTESIAN_POINT ('', (-19.5817595096679, 33.8127126049797, -10.));
#1600 = CARTESIAN_POINT ('', (-19.6451569821939, 33.7974209410376, -10.));
#1601 = CARTESIAN_POINT ('', (-19.7707365063278, 33.7652751200397, -10.));
#1602 = CARTESIAN_POINT ('', (-19.8336529435086, 33.7482335283682, -10.));
#1603 = CARTESIAN_POINT ('', (-19.9894365370396, 33.7037021251042, -10.));
#1604 = CARTESIAN_POINT ('', (-20.0830186894189, 33.6748245533457, -10.));
#1605 = CARTESIAN_POINT ('', (-20.2675698948959, 33.6136273082755, -10.));
#1606 = CARTESIAN_POINT ('', (-20.3597638048555, 33.5809043098606, -10.));
#1607 = CARTESIAN_POINT ('', (-20.5416397313751, 33.5120421876747, -10.));
#1608 = CARTESIAN_POINT ('', (-20.6322884727581, 33.4755399065976, -10.));
#1609 = CARTESIAN_POINT ('', (-20.8111714345745, 33.3991312959893, -10.));
#1610 = CARTESIAN_POINT ('', (-20.900121114697, 33.3589222644141, -10.));
#1611 = CARTESIAN_POINT ('', (-21.1196067530559, 33.2541362757094, -10.));
#1612 = CARTESIAN_POINT ('', (-21.2496963613864, 33.1869515751939, -10.));
#1613 = CARTESIAN_POINT ('', (-21.568681732037, 33.0093514130054, -10.));
#1614 = CARTESIAN_POINT ('', (-21.7549447496613, 32.8938759345274, -10.));
#1615 = CARTESIAN_POINT ('', (-22.0158365791298, 32.7146578624747, -10.));
#1616 = CARTESIAN_POINT ('', (-22.0947184610651, 32.6580146684916, -10.));
#1617 = CARTESIAN_POINT ('', (-22.250516695737, 32.5411419197146, -10.));
#1618 = CARTESIAN_POINT ('', (-22.3268860965786, 32.4813259738835, -10.));
#1619 = CARTESIAN_POINT ('', (-22.4777120014148, 32.3580357932641, -10.));
#1620 = CARTESIAN_POINT ('', (-22.5514420793226, 32.2951587896405, -10.));
#1621 = CARTESIAN_POINT ('', (-22.6970327016628, 32.1656638128151, -10.));
#1622 = CARTESIAN_POINT ('', (-22.7680015175594, 32.0998425427089, -10.));
#1623 = CARTESIAN_POINT ('', (-22.9081030686055, 31.9643660944809, -10.));
#1624 = CARTESIAN_POINT ('', (-22.9761937947486, 31.8957222376168, -10.));
#1625 = CARTESIAN_POINT ('', (-23.110562080763, 31.754497933846, -10.));
#1626 = CARTESIAN_POINT ('', (-23.17566320065, 31.6831578409599, -10.));
#1627 = CARTESIAN_POINT ('', (-23.2826315962025, 31.5609208629654, -10.));
#1628 = CARTESIAN_POINT ('', (-23.3244298305108, 31.5117963835259, -10.));
#1629 = CARTESIAN_POINT ('', (-23.4072366084958, 31.411691820315, -10.));
#1630 = CARTESIAN_POINT ('', (-23.4476345106833, 31.3614507776945, -10.));
#1631 = CARTESIAN_POINT ('', (-23.5276379152533, 31.2590753973617, -10.));
#1632 = CARTESIAN_POINT ('', (-23.5666057739887, 31.2077578868315, -10.));
#1633 = CARTESIAN_POINT ('', (-23.6437438794752, 31.1031903390904, -10.));
#1634 = CARTESIAN_POINT ('', (-23.68125312851, 31.0508372543205, -10.));
#1635 = CARTESIAN_POINT ('', (-23.7554662240637, 30.9441578639239, -10.));
#1636 = CARTESIAN_POINT ('', (-23.79148946415, 30.8908108648159, -10.));
#1637 = CARTESIAN_POINT ('', (-23.862720098738, 30.7821015688278, -10.));
#1638 = CARTESIAN_POINT ('', (-23.8972311186631, 30.7278030487508, -10.));
#1639 = CARTESIAN_POINT ('', (-23.9654241442846, 30.6171473326038, -10.));
#1640 = CARTESIAN_POINT ('', (-23.9983979410089, 30.5619403850562, -10.));
#1641 = CARTESIAN_POINT ('', (-24.040573158588, 30.489048748292, -10.));
#1642 = CARTESIAN_POINT ('', (-24.0501356360915, 30.4723636902225, -10.));
#1643 = CARTESIAN_POINT ('', (-24.0915937429967, 30.3993299226115, -10.));
#1644 = CARTESIAN_POINT ('', (-24.1231181927461, 30.3419485291533, -10.));
#1645 = CARTESIAN_POINT ('', (-24.1838991638918, 30.2275674062327, -10.));
#1646 = CARTESIAN_POINT ('', (-24.2137979935484, 30.1693601408529, -10.));
#1647 = CARTESIAN_POINT ('', (-24.2713759354679, 30.053318841777, -10.));
#1648 = CARTESIAN_POINT ('', (-24.2996278847313, 29.9943315792476, -10.));
#1649 = CARTESIAN_POINT ('', (-24.3539577747836, 29.8767200213637, -10.));
#1650 = CARTESIAN_POINT ('', (-24.3805428650088, 29.8169991855558, -10.));
#1651 = CARTESIAN_POINT ('', (-24.4315822105439, 29.6979084911123, -10.));
#1652 = CARTESIAN_POINT ('', (-24.4564817596091, 29.6375010194306, -10.));
#1653 = CARTESIAN_POINT ('', (-24.5041906296571, 29.517023444441, -10.));
#1654 = CARTESIAN_POINT ('', (-24.5273872658248, 29.4559767518369, -10.));
#1655 = CARTESIAN_POINT ('', (-24.5717283207974, 29.3342056141154, -10.));
#1656 = CARTESIAN_POINT ('', (-24.5932059955587, 29.2725675567083, -10.));
#1657 = CARTESIAN_POINT ('', (-24.6341445149406, 29.1495971631313, -10.));
#1658 = CARTESIAN_POINT ('', (-24.6538885148342, 29.0874160014674, -10.));
#1659 = CARTESIAN_POINT ('', (-24.6913924228429, 28.963341574517, -10.));
#1660 = CARTESIAN_POINT ('', (-24.709389380238, 28.9006659364971, -10.));
#1661 = CARTESIAN_POINT ('', (-24.751930849281, 28.7443437798178, -10.));
#1662 = CARTESIAN_POINT ('', (-24.7756825136677, 28.6492739088288, -10.));
#1663 = CARTESIAN_POINT ('', (-24.8188558298092, 28.4597172204343, -10.));
#1664 = CARTESIAN_POINT ('', (-24.838595997029, 28.3638440956159, -10.));
#1665 = CARTESIAN_POINT ('', (-24.8738264981352, 28.1726083499747, -10.));
#1666 = CARTESIAN_POINT ('', (-24.8895305325483, 28.0761005635571, -10.));
#1667 = CARTESIAN_POINT ('', (-24.9167550409338, 27.8835189095425, -10.));
#1668 = CARTESIAN_POINT ('', (-24.9284053427435, 27.7865457644203, -10.));
#1669 = CARTESIAN_POINT ('', (-24.9475746592286, 27.5929535863023, -10.));
#1670 = CARTESIAN_POINT ('', (-24.9551606882238, 27.4956848034705, -10.));
#1671 = CARTESIAN_POINT ('', (-24.9690107043075, 27.2528299845091, -10.));
#1672 = CARTESIAN_POINT ('', (-24.9727658857061, 27.1065796724923, -10.));
#1673 = CARTESIAN_POINT ('', (-24.9711228116655, 26.8145740321284, -10.));
#1674 = CARTESIAN_POINT ('', (-24.9657374882635, 26.6687323268055, -10.));
#1675 = CARTESIAN_POINT ('', (-24.9458306037903, 26.3772578653172, -10.));
#1676 = CARTESIAN_POINT ('', (-24.931374937559, 26.2323933725288, -10.));
#1677 = CARTESIAN_POINT ('', (-24.8996327198095, 25.9909618032897, -10.));
#1678 = CARTESIAN_POINT ('', (-24.884989938928, 25.8950920101882, -10.));
#1679 = CARTESIAN_POINT ('', (-24.8515691596437, 25.7031653159272, -10.));
#1680 = CARTESIAN_POINT ('', (-24.8329653204141, 25.608093094961, -10.));
#1681 = CARTESIAN_POINT ('', (-24.7915691837963, 25.4176834382584, -10.));
#1682 = CARTESIAN_POINT ('', (-24.7690462154847, 25.3235723084942, -10.));
#1683 = CARTESIAN_POINT ('', (-24.7197447734044, 25.1350103822831, -10.));
#1684 = CARTESIAN_POINT ('', (-24.6933513728261, 25.0420218076318, -10.));
#1685 = CARTESIAN_POINT ('', (-24.6362283501383, 24.8556349944522, -10.));
#1686 = CARTESIAN_POINT ('', (-24.6060198903321, 24.7639281027564, -10.));
#1687 = CARTESIAN_POINT ('', (-24.551997114341, 24.6107352827275, -10.));
#1688 = CARTESIAN_POINT ('', (-24.5297074086309, 24.5502206244864, -10.));
#1689 = CARTESIAN_POINT ('', (-24.4831143013662, 24.4289434691192, -10.));
#1690 = CARTESIAN_POINT ('', (-24.4591649330894, 24.3691009883435, -10.));
#1691 = CARTESIAN_POINT ('', (-24.4092175806627, 24.2491522005643, -10.));
#1692 = CARTESIAN_POINT ('', (-24.3836289071725, 24.1900274521181, -10.));
#1693 = CARTESIAN_POINT ('', (-24.3303654501194, 24.0714995780178, -10.));
#1694 = CARTESIAN_POINT ('', (-24.3031590863381, 24.0131375107201, -10.));
#1695 = CARTESIAN_POINT ('', (-24.2466202112154, 23.8961219885715, -10.));
#1696 = CARTESIAN_POINT ('', (-24.2178190123644, 23.8385669103098, -10.));
#1697 = CARTESIAN_POINT ('', (-24.158047919172, 23.7231540005881, -10.));
#1698 = CARTESIAN_POINT ('', (-24.1276759625475, 23.6664495439062, -10.));
#1699 = CARTESIAN_POINT ('', (-24.0735703600863, 23.5687178100993, -10.));
#1700 = CARTESIAN_POINT ('', (-24.0507138071976, 23.5283873710911, -10.));
#1701 = CARTESIAN_POINT ('', (-24.0272736874912, 23.4879733715973, -10.));
#1702 = B_SPLINE_CURVE_WITH_KNOTS ('', 3, (#1582, #1583, #1584, #1585, #1586, #1587, #1588, #1589, #1590, #1591, #1592, #1593, #1594, #1595, #1596, #1597, #1598, #1599, #1600, #1601, #1602, #1603, #1604, #1605, #1606, #1607, #1608, #1609, #1610, #1611, #1612, #1613, #1614, #1615, #1616, #1617, #1618, #1619, #1620, #1621, #1622, #1623, #1624, #1625, #1626, #1627, #1628, #1629, #1630, #1631, #1632, #1633, #1634, #1635, #1636, #1637, #1638, #1639, #1640, #1641, #1642, #1643, #1644, #1645, #1646, #1647, #1648, #1649, #1650, #1651, #1652, #1653, #1654, #1655, #1656, #1657, #1658, #1659, #1660, #1661, #1662, #1663, #1664, #1665, #1666, #1667, #1668, #1669, #1670, #1671, #1672, #1673, #1674, #1675, #1676, #1677, #1678, #1679, #1680, #1681, #1682, #1683, #1684, #1685, #1686, #1687, #1688, #1689, #1690, #1691, #1692, #1693, #1694, #1695, #1696, #1697, #1698, #1699, #1700, #1701), .UNSPECIFIED., .F., .U., (4, 2, 2, 2, 2, 2, 2, 2, 2, 2, 2, 2, 2, 2, 2, 2, 2, 2, 2, 2, 2, 2, 2, 2, 2, 2, 2, 2, 2, 2, 2, 2, 2, 2, 2, 2, 2, 2, 2, 2, 2, 2, 2, 2, 2, 2, 2, 2, 2, 2, 2, 2, 2, 2, 2, 2, 2, 2, 2, 4), (0., 0.194276703600684, 0.388573391767213, 0.582889930091186, 0.777226193153571, 0.971582064311277, 1.1659574355017, 1.3603522070621, 1.55476628756471, 1.74919959366668, 1.94365204997308, 2.23526971721994, 2.52695150327733, 2.81869717686986, 3.11050656342987, 3.54834533856964, 4.20578796959268, 4.49789943197533, 4.79007468346027, 5.08231392517453, 5.3746174150272, 5.66698546858135, 5.95941846013406, 6.15428111593182, 6.34916321571521, 6.54406486260381, 6.73898616812777, 6.93392725240744, 7.12888824434987, 7.3238692818614, 7.38152920934187, 7.57581045070152, 7.77011164539112, 7.96443266105775, 8.15877337428747, 8.35313367039676, 8.54751344324039, 8.74191259503464, 8.93633103619501, 9.13076868518997, 9.4223531954787, 9.71400196619838, 10.0057147365253, 10.2974913027579, 10.5893315175613, 11.0272395979559, 11.4653623065576, 11.9036999859621, 12.195890156209, 12.4881443717861, 12.7804629039764, 13.0728460819501, 13.3652942938951, 13.5601637441661, 13.75505267357, 13.9499611881509, 14.1448894024241, 14.3398374395624, 14.5348054315978, 14.6749645379821), .UNSPECIFIED.);
#1703 = EDGE_CURVE ('', #1574, #1581, #1702, .T.);
#1704 = ORIENTED_EDGE ('', *, *, #1703, .T.);
#1705 = CARTESIAN_POINT ('', (-18.3089172049231, 13.628738056823, -10.));
#1706 = VERTEX_POINT ('', #1705);
#1707 = CARTESIAN_POINT ('', (-24.0272736874912, 23.4879733715973, -10.));
#1708 = CARTESIAN_POINT ('', (-18.3089172049226, 13.6287380568232, -10.));
#1709 = B_SPLINE_CURVE_WITH_KNOTS ('', 1, (#1707, #1708), .UNSPECIFIED., .F., .U., (2, 2), (0., 0.975187269677049), .UNSPECIFIED.);
#1710 = EDGE_CURVE ('', #1581, #1706, #1709, .T.);
#1711 = ORIENTED_EDGE ('', *, *, #1710, .T.);
#1712 = CARTESIAN_POINT ('', (-15.6194162082398, 15.1886486348991, -10.));
#1713 = VERTEX_POINT ('', #1712);
#1714 = CARTESIAN_POINT ('', (-18.3089172049235, 13.6287380568225, -10.));
#1715 = CARTESIAN_POINT ('', (-15.6194162082395, 15.188648634899, -10.));
#1716 = B_SPLINE_CURVE_WITH_KNOTS ('', 1, (#1714, #1715), .UNSPECIFIED., .F., .U., (2, 2), (288.122427303679, 288.585215371677), .UNSPECIFIED.);
#1717 = EDGE_CURVE ('', #1706, #1713, #1716, .T.);
#1718 = ORIENTED_EDGE ('', *, *, #1717, .T.);
#1719 = CARTESIAN_POINT ('', (-13.9999999999983, 18., -10.));
#1720 = VERTEX_POINT ('', #1719);
#1721 = CARTESIAN_POINT ('', (-15.6194162082399, 15.1886486348991, -10.));
#1722 = CARTESIAN_POINT ('', (-13.9999999999983, 16.1279100356792, -10.));
#1723 = CARTESIAN_POINT ('', (-13.9999999999983, 18., -10.));
#1724 = (
   BOUNDED_CURVE ()
   B_SPLINE_CURVE (2, (#1721, #1722, #1723), .UNSPECIFIED., .F., .U.)
   B_SPLINE_CURVE_WITH_KNOTS ((3, 3), (0., 1.04521253324328), .UNSPECIFIED.)
   CURVE ()
   GEOMETRIC_REPRESENTATION_ITEM ()
   RATIONAL_B_SPLINE_CURVE ((1., 0.866521231641742, 1.))
   REPRESENTATION_ITEM ('')
);
#1725 = EDGE_CURVE ('', #1713, #1720, #1724, .T.);
#1726 = ORIENTED_EDGE ('', *, *, #1725, .T.);
#1727 = CARTESIAN_POINT ('', (-13.9999999999983, 18.0000000000018, -10.));
#1728 = CARTESIAN_POINT ('', (-13.9999999999983, 34.0000000000018, -10.));
#1729 = B_SPLINE_CURVE_WITH_KNOTS ('', 1, (#1727, #1728), .UNSPECIFIED., .F., .U., (2, 2), (270.928399136395, 271.655671863667), .UNSPECIFIED.);
#1730 = EDGE_CURVE ('', #1720, #1572, #1729, .T.);
#1731 = ORIENTED_EDGE ('', *, *, #1730, .T.);
#1732 = EDGE_LOOP ('', (#1579, #1704, #1711, #1718, #1726, #1731));
#1733 = FACE_OUTER_BOUND ('', #1732, .T.);
#1734 = ORIENTED_EDGE ('', *, *, #1542, .T.);
#1735 = CARTESIAN_POINT ('', (-16.25, 18., -9.99999999999991));
#1736 = CARTESIAN_POINT ('', (-16.25, 17., -9.99999999999991));
#1737 = CARTESIAN_POINT ('', (-17.25, 17., -9.99999999999991));
#1738 = CARTESIAN_POINT ('', (-18.25, 17., -9.99999999999991));
#1739 = CARTESIAN_POINT ('', (-18.25, 18., -9.99999999999991));
#1740 = (
   BOUNDED_CURVE ()
   B_SPLINE_CURVE (2, (#1735, #1736, #1737, #1738, #1739), .UNSPECIFIED., .F., .U.)
   B_SPLINE_CURVE_WITH_KNOTS ((3, 2, 3), (3.14159265358979, 4.71238898038469, 6.28318530717959), .UNSPECIFIED.)
   CURVE ()
   GEOMETRIC_REPRESENTATION_ITEM ()
   RATIONAL_B_SPLINE_CURVE ((1., 0.707106781186548, 1., 0.707106781186544, 1.))
   REPRESENTATION_ITEM ('')
);
#1741 = EDGE_CURVE ('', #1528, #1535, #1740, .T.);
#1742 = ORIENTED_EDGE ('', *, *, #1741, .T.);
#1743 = EDGE_LOOP ('', (#1734, #1742));
#1744 = FACE_BOUND ('', #1743, .T.);
#1745 = CARTESIAN_POINT ('', (-13.9999999999983, 13.628738056823, -10.));
#1746 = CARTESIAN_POINT ('', (-24.972765885706, 13.628738056823, -10.));
#1747 = CARTESIAN_POINT ('', (-13.9999999999983, 34.0000000000001, -10.));
#1748 = CARTESIAN_POINT ('', (-24.972765885706, 34.0000000000001, -10.));
#1749 = B_SPLINE_SURFACE_WITH_KNOTS ('', 1, 1, ((#1745, #1746), (#1747, #1748)), .UNSPECIFIED., .F., .F., .U., (2, 2), (2, 2), (0.313425131511223, 0.707556092180479), (0.42831058208937, 0.640605076745422), .UNSPECIFIED.);
#1750 = ADVANCED_FACE ('', (#1733, #1744), #1749, .T.);
#1751 = CARTESIAN_POINT ('', (-13.9999999999983, 18., -3.));
#1752 = VERTEX_POINT ('', #1751);
#1753 = CARTESIAN_POINT ('', (-13.9999999999983, 18., -3.));
#1754 = CARTESIAN_POINT ('', (-13.9999999999983, 18., -10.));
#1755 = B_SPLINE_CURVE_WITH_KNOTS ('', 1, (#1753, #1754), .UNSPECIFIED., .F., .U., (2, 2), (0.3, 1.), .UNSPECIFIED.);
#1756 = EDGE_CURVE ('', #1752, #1720, #1755, .T.);
#1757 = ORIENTED_EDGE ('', *, *, #1756, .F.);
#1758 = CARTESIAN_POINT ('', (-13.9999999999983, 34.0000000000001, -3.));
#1759 = VERTEX_POINT ('', #1758);
#1760 = CARTESIAN_POINT ('', (-13.9999999999983, 34., -3.));
#1761 = CARTESIAN_POINT ('', (-13.9999999999983, 18., -3.));
#1762 = B_SPLINE_CURVE_WITH_KNOTS ('', 1, (#1760, #1761), .UNSPECIFIED., .F., .U., (2, 2), (0., 1.), .UNSPECIFIED.);
#1763 = EDGE_CURVE ('', #1759, #1752, #1762, .T.);
#1764 = ORIENTED_EDGE ('', *, *, #1763, .F.);
#1765 = CARTESIAN_POINT ('', (-13.9999999999983, 34., -10.));
#1766 = CARTESIAN_POINT ('', (-13.9999999999983, 34., -3.));
#1767 = B_SPLINE_CURVE_WITH_KNOTS ('', 1, (#1765, #1766), .UNSPECIFIED., .F., .U., (2, 2), (0., 1.), .UNSPECIFIED.);
#1768 = EDGE_CURVE ('', #1572, #1759, #1767, .T.);
#1769 = ORIENTED_EDGE ('', *, *, #1768, .F.);
#1770 = ORIENTED_EDGE ('', *, *, #1730, .F.);
#1771 = EDGE_LOOP ('', (#1757, #1764, #1769, #1770));
#1772 = FACE_OUTER_BOUND ('', #1771, .T.);
#1773 = CARTESIAN_POINT ('', (-13.9999999999983, 18.0000000003283, -3.));
#1774 = CARTESIAN_POINT ('', (-13.9999999999983, 18.0000000003283, -10.));
#1775 = CARTESIAN_POINT ('', (-13.9999999999983, 34.0000000003283, -3.));
#1776 = CARTESIAN_POINT ('', (-13.9999999999983, 34.0000000003283, -10.));
#1777 = B_SPLINE_SURFACE_WITH_KNOTS ('', 1, 1, ((#1773, #1774), (#1775, #1776)), .UNSPECIFIED., .F., .F., .U., (2, 2), (2, 2), (596.042478100011, 597.642478100011), (0.3, 1.), .UNSPECIFIED.);
#1778 = ADVANCED_FACE ('', (#1772), #1777, .T.);
#1779 = CARTESIAN_POINT ('', (-15.6194162082397, 15.1886486348991, -3.));
#1780 = VERTEX_POINT ('', #1779);
#1781 = CARTESIAN_POINT ('', (-13.9999999999983, 18., -3.));
#1782 = CARTESIAN_POINT ('', (-13.9999999999983, 17.9021003494351, -3.));
#1783 = CARTESIAN_POINT ('', (-14.0044325781389, 17.8041009143825, -3.));
#1784 = CARTESIAN_POINT ('', (-14.0220990489024, 17.6092073132887, -3.));
#1785 = CARTESIAN_POINT ('', (-14.0353412975781, 17.512113844194, -3.));
#1786 = CARTESIAN_POINT ('', (-14.0704731462391, 17.3198146323286, -3.));
#1787 = CARTESIAN_POINT ('', (-14.0923891726917, 17.2244118287094, -3.));
#1788 = CARTESIAN_POINT ('', (-14.144645959368, 17.0362575318326, -3.));
#1789 = CARTESIAN_POINT ('', (-14.1750308195849, 16.943312817284, -3.));
#1790 = CARTESIAN_POINT ('', (-14.2439360712166, 16.7608134198743, -3.));
#1791 = CARTESIAN_POINT ('', (-14.2825177055582, 16.6710708986291, -3.));
#1792 = CARTESIAN_POINT ('', (-14.3674633169747, 16.4956839702359, -3.));
#1793 = CARTESIAN_POINT ('', (-14.4139050209181, 16.4098585861571, -3.));
#1794 = CARTESIAN_POINT ('', (-14.5141567030133, 16.242977859825, -3.));
#1795 = CARTESIAN_POINT ('', (-14.568060110904, 16.1617498053835, -3.));
#1796 = CARTESIAN_POINT ('', (-14.6827638378378, 16.0046943006092, -3.));
#1797 = CARTESIAN_POINT ('', (-14.7436723936411, 15.92870372087, -3.));
#1798 = CARTESIAN_POINT ('', (-14.8718617934098, 15.7827074982248, -3.));
#1799 = CARTESIAN_POINT ('', (-14.9392646787665, 15.7125495320605, -3.));
#1800 = CARTESIAN_POINT ('', (-15.0798693043692, 15.5787521607046, -3.));
#1801 = CARTESIAN_POINT ('', (-15.1532057908235, 15.5149723583478, -3.));
#1802 = CARTESIAN_POINT ('', (-15.3050602026679, 15.3944101712043, -3.));
#1803 = CARTESIAN_POINT ('', (-15.3837243917818, 15.33750032388, -3.));
#1804 = CARTESIAN_POINT ('', (-15.5153552574167, 15.2509668032652, -3.));
#1805 = CARTESIAN_POINT ('', (-15.5669700605209, 15.2190674005761, -3.));
#1806 = CARTESIAN_POINT ('', (-15.6194162082398, 15.1886486348991, -3.));
#1807 = B_SPLINE_CURVE_WITH_KNOTS ('', 3, (#1781, #1782, #1783, #1784, #1785, #1786, #1787, #1788, #1789, #1790, #1791, #1792, #1793, #1794, #1795, #1796, #1797, #1798, #1799, #1800, #1801, #1802, #1803, #1804, #1805, #1806), .UNSPECIFIED., .F., .U., (4, 2, 2, 2, 2, 2, 2, 2, 2, 2, 2, 2, 4), (0., 0.2936989516946, 0.587078001145187, 0.880145115523519, 1.1729067309651, 1.46536787124654, 1.75753223840646, 2.04940227884305, 2.3409792274052, 2.6322631311549, 2.92325285372131, 3.21394606049785, 3.3958336561245), .UNSPECIFIED.);
#1808 = EDGE_CURVE ('', #1752, #1780, #1807, .T.);
#1809 = ORIENTED_EDGE ('', *, *, #1808, .T.);
#1810 = CARTESIAN_POINT ('', (-18.3089172049226, 13.6287380568232, -3.));
#1811 = VERTEX_POINT ('', #1810);
#1812 = CARTESIAN_POINT ('', (-15.6194162082397, 15.1886486348991, -3.));
#1813 = CARTESIAN_POINT ('', (-18.3089172049225, 13.6287380568232, -3.));
#1814 = B_SPLINE_CURVE_WITH_KNOTS ('', 1, (#1812, #1813), .UNSPECIFIED., .F., .U., (2, 2), (0., 0.861462749482473), .UNSPECIFIED.);
#1815 = EDGE_CURVE ('', #1780, #1811, #1814, .T.);
#1816 = ORIENTED_EDGE ('', *, *, #1815, .T.);
#1817 = CARTESIAN_POINT ('', (-10.1142491319656, -0.499999999999995, -3.));
#1818 = VERTEX_POINT ('', #1817);
#1819 = CARTESIAN_POINT ('', (-10.1142491319656, -0.5, -3.));
#1820 = CARTESIAN_POINT ('', (-18.3089172049226, 13.6287380568233, -3.));
#1821 = B_SPLINE_CURVE_WITH_KNOTS ('', 1, (#1819, #1820), .UNSPECIFIED., .F., .U., (2, 2), (82.8553960046909, 99.1886083006316), .UNSPECIFIED.);
#1822 = EDGE_CURVE ('', #1818, #1811, #1821, .T.);
#1823 = ORIENTED_EDGE ('', *, *, #1822, .F.);
#1824 = CARTESIAN_POINT ('', (-9.50000000000001, -0.500000000000005, -3.));
#1825 = VERTEX_POINT ('', #1824);
#1826 = CARTESIAN_POINT ('', (-9.50000000000001, -0.500000000000007, -3.));
#1827 = CARTESIAN_POINT ('', (-10.1142491319656, -0.500000000000007, -3.));
#1828 = B_SPLINE_CURVE_WITH_KNOTS ('', 1, (#1826, #1827), .UNSPECIFIED., .F., .U., (2, 2), (0.682290793395159, 0.694077315669716), .UNSPECIFIED.);
#1829 = EDGE_CURVE ('', #1825, #1818, #1828, .T.);
#1830 = ORIENTED_EDGE ('', *, *, #1829, .F.);
#1831 = CARTESIAN_POINT ('', (-9.49999999999998, 34.0000000000001, -3.));
#1832 = VERTEX_POINT ('', #1831);
#1833 = CARTESIAN_POINT ('', (-9.5, 34.0000000000002, -3.));
#1834 = CARTESIAN_POINT ('', (-9.50000000000001, -0.499999999999979, -3.));
#1835 = B_SPLINE_CURVE_WITH_KNOTS ('', 1, (#1833, #1834), .UNSPECIFIED., .F., .U., (2, 2), (0., 1.), .UNSPECIFIED.);
#1836 = EDGE_CURVE ('', #1832, #1825, #1835, .T.);
#1837 = ORIENTED_EDGE ('', *, *, #1836, .F.);
#1838 = CARTESIAN_POINT ('', (-13.9999999999983, 34.0000000000001, -3.));
#1839 = CARTESIAN_POINT ('', (-9.49999999999996, 34.0000000000001, -3.));
#1840 = B_SPLINE_CURVE_WITH_KNOTS ('', 1, (#1838, #1839), .UNSPECIFIED., .F., .U., (2, 2), (115.558212603911, 120.05821260391), .UNSPECIFIED.);
#1841 = EDGE_CURVE ('', #1759, #1832, #1840, .T.);
#1842 = ORIENTED_EDGE ('', *, *, #1841, .F.);
#1843 = ORIENTED_EDGE ('', *, *, #1763, .T.);
#1844 = EDGE_LOOP ('', (#1809, #1816, #1823, #1830, #1837, #1842, #1843));
#1845 = FACE_OUTER_BOUND ('', #1844, .T.);
#1846 = CARTESIAN_POINT ('', (-18.3089172049226, -0.500000000000007, -3.));
#1847 = CARTESIAN_POINT ('', (-18.3089172049226, 34.0000000000001, -3.));
#1848 = CARTESIAN_POINT ('', (-9.50000000000004, -0.500000000000007, -3.));
#1849 = CARTESIAN_POINT ('', (-9.50000000000004, 34.0000000000001, -3.));
#1850 = B_SPLINE_SURFACE_WITH_KNOTS ('', 1, 1, ((#1846, #1847), (#1848, #1849)), .UNSPECIFIED., .F., .F., .U., (2, 2), (2, 2), (0.373360759673051, 0.43429033679924), (0.381278435513796, 0.619908265032329), .UNSPECIFIED.);
#1851 = ADVANCED_FACE ('', (#1845), #1850, .T.);
#1852 = ORIENTED_EDGE ('', *, *, #1836, .T.);
#1853 = CARTESIAN_POINT ('', (-9.5, -0.49999999999989, -4.25));
#1854 = VERTEX_POINT ('', #1853);
#1855 = CARTESIAN_POINT ('', (-9.50000000000001, -0.500000000000005, -4.25));
#1856 = CARTESIAN_POINT ('', (-9.50000000000001, -0.500000000000005, -3.));
#1857 = B_SPLINE_CURVE_WITH_KNOTS ('', 1, (#1855, #1856), .UNSPECIFIED., .F., .U., (2, 2), (0.8125, 0.916666666666667), .UNSPECIFIED.);
#1858 = EDGE_CURVE ('', #1854, #1825, #1857, .T.);
#1859 = ORIENTED_EDGE ('', *, *, #1858, .F.);
#1860 = CARTESIAN_POINT ('', (-9.5, 31., -4.25));
#1861 = VERTEX_POINT ('', #1860);
#1862 = CARTESIAN_POINT ('', (-9.5, -0.499999999999915, -4.25));
#1863 = CARTESIAN_POINT ('', (-9.5, 31., -4.25));
#1864 = B_SPLINE_CURVE_WITH_KNOTS ('', 1, (#1862, #1863), .UNSPECIFIED., .F., .U., (2, 2), (-7.2, -4.05000000000001), .UNSPECIFIED.);
#1865 = EDGE_CURVE ('', #1854, #1861, #1864, .T.);
#1866 = ORIENTED_EDGE ('', *, *, #1865, .T.);
#1867 = CARTESIAN_POINT ('', (-9.5, 31., -10.));
#1868 = VERTEX_POINT ('', #1867);
#1869 = CARTESIAN_POINT ('', (-9.5, 30.9999999999999, -10.));
#1870 = CARTESIAN_POINT ('', (-9.5, 30.9999999999999, -4.25));
#1871 = B_SPLINE_CURVE_WITH_KNOTS ('', 1, (#1869, #1870), .UNSPECIFIED., .F., .U., (2, 2), (-0.263630681963119, 0.311369318036881), .UNSPECIFIED.);
#1872 = EDGE_CURVE ('', #1868, #1861, #1871, .T.);
#1873 = ORIENTED_EDGE ('', *, *, #1872, .F.);
#1874 = CARTESIAN_POINT ('', (-9.5, 34.0000000000001, -10.));
#1875 = VERTEX_POINT ('', #1874);
#1876 = CARTESIAN_POINT ('', (-9.5, 31., -10.));
#1877 = CARTESIAN_POINT ('', (-9.5, 34.0000000000001, -10.));
#1878 = B_SPLINE_CURVE_WITH_KNOTS ('', 1, (#1876, #1877), .UNSPECIFIED., .F., .U., (2, 2), (0.913043478260866, 1.), .UNSPECIFIED.);
#1879 = EDGE_CURVE ('', #1868, #1875, #1878, .T.);
#1880 = ORIENTED_EDGE ('', *, *, #1879, .T.);
#1881 = CARTESIAN_POINT ('', (-9.5, 34.0000000000001, -10.));
#1882 = CARTESIAN_POINT ('', (-9.5, 34.0000000000001, -3.));
#1883 = B_SPLINE_CURVE_WITH_KNOTS ('', 1, (#1881, #1882), .UNSPECIFIED., .F., .U., (2, 2), (0.3, 1.), .UNSPECIFIED.);
#1884 = EDGE_CURVE ('', #1875, #1832, #1883, .T.);
#1885 = ORIENTED_EDGE ('', *, *, #1884, .T.);
#1886 = EDGE_LOOP ('', (#1852, #1859, #1866, #1873, #1880, #1885));
#1887 = FACE_OUTER_BOUND ('', #1886, .T.);
#1888 = CARTESIAN_POINT ('', (-9.5, 34.0000000000001, -10.));
#1889 = CARTESIAN_POINT ('', (-9.5, -0.500000000000041, -10.));
#1890 = CARTESIAN_POINT ('', (-9.5, 34.0000000000001, -2.99999999999999));
#1891 = CARTESIAN_POINT ('', (-9.5, -0.500000000000041, -2.99999999999999));
#1892 = B_SPLINE_SURFACE_WITH_KNOTS ('', 1, 1, ((#1888, #1889), (#1890, #1891)), .UNSPECIFIED., .F., .F., .U., (2, 2), (2, 2), (0.4, 1.1), (7.49999999999999, 10.95), .UNSPECIFIED.);
#1893 = ADVANCED_FACE ('', (#1887), #1892, .T.);
#1894 = CARTESIAN_POINT ('', (6., 31., -10.));
#1895 = VERTEX_POINT ('', #1894);
#1896 = CARTESIAN_POINT ('', (6., -0.499999999999989, -10.));
#1897 = VERTEX_POINT ('', #1896);
#1898 = CARTESIAN_POINT ('', (6., 31., -10.));
#1899 = CARTESIAN_POINT ('', (6., -0.499999999999982, -10.));
#1900 = B_SPLINE_CURVE_WITH_KNOTS ('', 1, (#1898, #1899), .UNSPECIFIED., .F., .U., (2, 2), (0., 1.), .UNSPECIFIED.);
#1901 = EDGE_CURVE ('', #1895, #1897, #1900, .T.);
#1902 = ORIENTED_EDGE ('', *, *, #1901, .F.);
#1903 = CARTESIAN_POINT ('', (9.50000000000002, 31., -10.));
#1904 = VERTEX_POINT ('', #1903);
#1905 = CARTESIAN_POINT ('', (9.50000000000001, 31., -10.));
#1906 = CARTESIAN_POINT ('', (6.00000000000001, 31., -10.));
#1907 = B_SPLINE_CURVE_WITH_KNOTS ('', 1, (#1905, #1906), .UNSPECIFIED., .F., .U., (2, 2), (35., 38.5), .UNSPECIFIED.);
#1908 = EDGE_CURVE ('', #1904, #1895, #1907, .T.);
#1909 = ORIENTED_EDGE ('', *, *, #1908, .F.);
#1910 = CARTESIAN_POINT ('', (9.5, 34.0000000000002, -10.));
#1911 = VERTEX_POINT ('', #1910);
#1912 = CARTESIAN_POINT ('', (9.50000000000002, 34.0000000000002, -10.));
#1913 = CARTESIAN_POINT ('', (9.50000000000002, 31., -10.));
#1914 = B_SPLINE_CURVE_WITH_KNOTS ('', 1, (#1912, #1913), .UNSPECIFIED., .F., .U., (2, 2), (0., 0.0869565217391356), .UNSPECIFIED.);
#1915 = EDGE_CURVE ('', #1911, #1904, #1914, .T.);
#1916 = ORIENTED_EDGE ('', *, *, #1915, .F.);
#1917 = CARTESIAN_POINT ('', (-9.5, 34.0000000000001, -10.));
#1918 = CARTESIAN_POINT ('', (9.49999999999994, 34.0000000000001, -10.));
#1919 = B_SPLINE_CURVE_WITH_KNOTS ('', 1, (#1917, #1918), .UNSPECIFIED., .F., .U., (2, 2), (120.05821260391, 139.05821260391), .UNSPECIFIED.);
#1920 = EDGE_CURVE ('', #1875, #1911, #1919, .T.);
#1921 = ORIENTED_EDGE ('', *, *, #1920, .F.);
#1922 = ORIENTED_EDGE ('', *, *, #1879, .F.);
#1923 = CARTESIAN_POINT ('', (-6., 31., -10.));
#1924 = VERTEX_POINT ('', #1923);
#1925 = CARTESIAN_POINT ('', (-9.50000000000001, 31., -10.));
#1926 = CARTESIAN_POINT ('', (-6.00000000000001, 31., -10.));
#1927 = B_SPLINE_CURVE_WITH_KNOTS ('', 1, (#1925, #1926), .UNSPECIFIED., .F., .U., (2, 2), (35., 38.5), .UNSPECIFIED.);
#1928 = EDGE_CURVE ('', #1868, #1924, #1927, .T.);
#1929 = ORIENTED_EDGE ('', *, *, #1928, .T.);
#1930 = CARTESIAN_POINT ('', (-6., -0.499999999999998, -10.));
#1931 = VERTEX_POINT ('', #1930);
#1932 = CARTESIAN_POINT ('', (-6., 31., -10.));
#1933 = CARTESIAN_POINT ('', (-6., -0.499999999999972, -10.));
#1934 = B_SPLINE_CURVE_WITH_KNOTS ('', 1, (#1932, #1933), .UNSPECIFIED., .F., .U., (2, 2), (38.5, 70.), .UNSPECIFIED.);
#1935 = EDGE_CURVE ('', #1924, #1931, #1934, .T.);
#1936 = ORIENTED_EDGE ('', *, *, #1935, .T.);
#1937 = CARTESIAN_POINT ('', (-9.50000000000001, -0.500000000000005, -10.));
#1938 = VERTEX_POINT ('', #1937);
#1939 = CARTESIAN_POINT ('', (-6., -0.499999999999998, -10.));
#1940 = CARTESIAN_POINT ('', (-9.5, -0.500000000000005, -10.));
#1941 = B_SPLINE_CURVE_WITH_KNOTS ('', 1, (#1939, #1940), .UNSPECIFIED., .F., .U., (2, 2), (0., 3.5), .UNSPECIFIED.);
#1942 = EDGE_CURVE ('', #1931, #1938, #1941, .T.);
#1943 = ORIENTED_EDGE ('', *, *, #1942, .T.);
#1944 = CARTESIAN_POINT ('', (-10.1142491319656, -0.500000000000005, -10.));
#1945 = VERTEX_POINT ('', #1944);
#1946 = CARTESIAN_POINT ('', (-10.1142491319656, -0.500000000000005, -10.));
#1947 = CARTESIAN_POINT ('', (-9.5, -0.500000000000005, -10.));
#1948 = B_SPLINE_CURVE_WITH_KNOTS ('', 1, (#1946, #1947), .UNSPECIFIED., .F., .U., (2, 2), (0.33826890360857, 0.348091005504034), .UNSPECIFIED.);
#1949 = EDGE_CURVE ('', #1945, #1938, #1948, .T.);
#1950 = ORIENTED_EDGE ('', *, *, #1949, .F.);
#1951 = CARTESIAN_POINT ('', (-6.05521832483246, -7.49832897781625, -10.));
#1952 = VERTEX_POINT ('', #1951);
#1953 = CARTESIAN_POINT ('', (-10.1142491319656, -0.500000000000004, -10.));
#1954 = CARTESIAN_POINT ('', (-6.05521832483246, -7.49832897781624, -10.));
#1955 = B_SPLINE_CURVE_WITH_KNOTS ('', 1, (#1953, #1954), .UNSPECIFIED., .F., .U., (2, 2), (0., 1.), .UNSPECIFIED.);
#1956 = EDGE_CURVE ('', #1945, #1952, #1955, .T.);
#1957 = ORIENTED_EDGE ('', *, *, #1956, .T.);
#1958 = CARTESIAN_POINT ('', (6.0552183248329, -7.4983289778164, -10.));
#1959 = VERTEX_POINT ('', #1958);
#1960 = CARTESIAN_POINT ('', (-6.05521832483246, -7.49832897781625, -10.));
#1961 = CARTESIAN_POINT ('', (-5.86613846422556, -7.82432873748333, -10.));
#1962 = CARTESIAN_POINT ('', (-5.63740700776307, -8.1530359941058, -10.));
#1963 = CARTESIAN_POINT ('', (-5.15663055845341, -8.73521532877699, -10.));
#1964 = CARTESIAN_POINT ('', (-4.88188637551751, -9.01722658045487, -10.));
#1965 = CARTESIAN_POINT ('', (-4.31050297151228, -9.51473319967068, -10.));
#1966 = CARTESIAN_POINT ('', (-3.99867373407227, -9.744304772297, -10.));
#1967 = CARTESIAN_POINT ('', (-3.3517359845559, -10.143478422425, -10.));
#1968 = CARTESIAN_POINT ('', (-3.01239821153615, -10.3164214888426, -10.));
#1969 = CARTESIAN_POINT ('', (-2.30689215835522, -10.6062855881741, -10.));
#1970 = CARTESIAN_POINT ('', (-1.95002170630818, -10.7200490670054, -10.));
#1971 = CARTESIAN_POINT ('', (-1.20439368640376, -10.8925580234862, -10.));
#1972 = CARTESIAN_POINT ('', (-0.840102622972377, -10.9462706805476, -10.));
#1973 = CARTESIAN_POINT ('', (-0.20361774336329, -10.9879683451519, -10.));
#1974 = CARTESIAN_POINT ('', (0.0443479536888852, -10.9907880664587, -10.));
#1975 = CARTESIAN_POINT ('', (0.550251744165652, -10.969184450954, -10.));
#1976 = CARTESIAN_POINT ('', (0.810564707021048, -10.9437734619446, -10.));
#1977 = CARTESIAN_POINT ('', (1.30880775847898, -10.8674822008072, -10.));
#1978 = CARTESIAN_POINT ('', (1.56287057410464, -10.8142632063955, -10.));
#1979 = CARTESIAN_POINT ('', (2.05058513787644, -10.6839815128424, -10.));
#1980 = CARTESIAN_POINT ('', (2.29551755841025, -10.6040364573193, -10.));
#1981 = CARTESIAN_POINT ('', (2.7668834584024, -10.4212344858559, -10.));
#1982 = CARTESIAN_POINT ('', (2.99995531437757, -10.3159361290834, -10.));
#1983 = CARTESIAN_POINT ('', (3.44935960970182, -10.0827032208429, -10.));
#1984 = CARTESIAN_POINT ('', (3.66802081362486, -9.95369781251318, -10.));
#1985 = CARTESIAN_POINT ('', (4.09012227721929, -9.67271381464537, -10.));
#1986 = CARTESIAN_POINT ('', (4.29203090850023, -9.52190044492267, -10.));
#1987 = CARTESIAN_POINT ('', (4.68182078065095, -9.19640041581993, -10.));
#1988 = CARTESIAN_POINT ('', (4.86486890118843, -9.02590731984093, -10.));
#1989 = CARTESIAN_POINT ('', (5.21772722502001, -8.65964005887829, -10.));
#1990 = CARTESIAN_POINT ('', (5.38006411888632, -8.47179817686587, -10.));
#1991 = CARTESIAN_POINT ('', (5.69181101435822, -8.06897909182074, -10.));
#1992 = CARTESIAN_POINT ('', (5.83186359094889, -7.86629320800163, -10.));
#1993 = CARTESIAN_POINT ('', (5.99595378056177, -7.59905560332868, -10.));
#1994 = CARTESIAN_POINT ('', (6.02575840452681, -7.54912194386141, -10.));
#1995 = CARTESIAN_POINT ('', (6.0552183248329, -7.49832897781641, -10.));
#1996 = B_SPLINE_CURVE_WITH_KNOTS ('', 3, (#1960, #1961, #1962, #1963, #1964, #1965, #1966, #1967, #1968, #1969, #1970, #1971, #1972, #1973, #1974, #1975, #1976, #1977, #1978, #1979, #1980, #1981, #1982, #1983, #1984, #1985, #1986, #1987, #1988, #1989, #1990, #1991, #1992, #1993, #1994, #1995), .UNSPECIFIED., .F., .U., (4, 2, 2, 2, 2, 2, 2, 2, 2, 2, 2, 2, 2, 2, 2, 2, 2, 4), (0., 1.1305942388457, 2.26510682912771, 3.40346169534758, 4.54563582310094, 5.69165746590697, 6.84160715506351, 7.60520528993437, 8.36070170537784, 9.11735556476435, 9.87514858081188, 10.6340695628591, 11.3941141140877, 12.1552844962716, 12.9175896538961, 13.6810453977082, 14.4456747559165, 14.621828980211), .UNSPECIFIED.);
#1997 = EDGE_CURVE ('', #1952, #1959, #1996, .T.);
#1998 = ORIENTED_EDGE ('', *, *, #1997, .T.);
#1999 = CARTESIAN_POINT ('', (10.1142491319664, -0.500000000000005, -10.));
#2000 = VERTEX_POINT ('', #1999);
#2001 = CARTESIAN_POINT ('', (6.0552183248329, -7.4983289778164, -10.));
#2002 = CARTESIAN_POINT ('', (10.1142491319664, -0.500000000000008, -10.));
#2003 = B_SPLINE_CURVE_WITH_KNOTS ('', 1, (#2001, #2002), .UNSPECIFIED., .F., .U., (2, 2), (0., 1.), .UNSPECIFIED.);
#2004 = EDGE_CURVE ('', #1959, #2000, #2003, .T.);
#2005 = ORIENTED_EDGE ('', *, *, #2004, .T.);
#2006 = CARTESIAN_POINT ('', (6., -0.499999999999998, -10.));
#2007 = CARTESIAN_POINT ('', (10.1142491319664, -0.500000000000005, -10.));
#2008 = B_SPLINE_CURVE_WITH_KNOTS ('', 1, (#2006, #2007), .UNSPECIFIED., .F., .U., (2, 2), (0., 1.), .UNSPECIFIED.);
#2009 = EDGE_CURVE ('', #1897, #2000, #2008, .T.);
#2010 = ORIENTED_EDGE ('', *, *, #2009, .F.);
#2011 = EDGE_LOOP ('', (#1902, #1909, #1916, #1921, #1922, #1929, #1936, #1943, #1950, #1957, #1998, #2005, #2010));
#2012 = FACE_OUTER_BOUND ('', #2011, .T.);
#2013 = CARTESIAN_POINT ('', (-10.1142491319656, -10.9907880664587, -10.));
#2014 = CARTESIAN_POINT ('', (-10.1142491319656, 34.0000000000002, -10.));
#2015 = CARTESIAN_POINT ('', (10.1142491319664, -10.9907880664587, -10.));
#2016 = CARTESIAN_POINT ('', (10.1142491319664, 34.0000000000002, -10.));
#2017 = B_SPLINE_SURFACE_WITH_KNOTS ('', 1, 1, ((#2013, #2014), (#2015, #2016)), .UNSPECIFIED., .F., .F., .U., (2, 2), (2, 2), (2.11544720899792, 4.13829703539112), (0.400921193354133, 4.90000000000002), .UNSPECIFIED.);
#2018 = ADVANCED_FACE ('', (#2012), #2017, .T.);
#2019 = ORIENTED_EDGE ('', *, *, #1901, .T.);
#2020 = CARTESIAN_POINT ('', (6., -0.499999999999998, -6.5));
#2021 = VERTEX_POINT ('', #2020);
#2022 = CARTESIAN_POINT ('', (6., -0.499999999999998, -6.5));
#2023 = CARTESIAN_POINT ('', (6., -0.499999999999998, -10.));
#2024 = B_SPLINE_CURVE_WITH_KNOTS ('', 1, (#2022, #2023), .UNSPECIFIED., .F., .U., (2, 2), (0., 1.), .UNSPECIFIED.);
#2025 = EDGE_CURVE ('', #2021, #1897, #2024, .T.);
#2026 = ORIENTED_EDGE ('', *, *, #2025, .F.);
#2027 = CARTESIAN_POINT ('', (6., 1.25000000000001, -6.5));
#2028 = VERTEX_POINT ('', #2027);
#2029 = CARTESIAN_POINT ('', (6., 1.25000000000004, -6.5));
#2030 = CARTESIAN_POINT ('', (6., -0.499999999999972, -6.5));
#2031 = B_SPLINE_CURVE_WITH_KNOTS ('', 1, (#2029, #2030), .UNSPECIFIED., .F., .U., (2, 2), (68.25, 70.), .UNSPECIFIED.);
#2032 = EDGE_CURVE ('', #2028, #2021, #2031, .T.);
#2033 = ORIENTED_EDGE ('', *, *, #2032, .F.);
#2034 = CARTESIAN_POINT ('', (6., 31., -6.5));
#2035 = VERTEX_POINT ('', #2034);
#2036 = CARTESIAN_POINT ('', (6., 31., -6.5));
#2037 = CARTESIAN_POINT ('', (6., 1.25000000000002, -6.5));
#2038 = B_SPLINE_CURVE_WITH_KNOTS ('', 1, (#2036, #2037), .UNSPECIFIED., .F., .U., (2, 2), (-0.526427019132752, 2.44857298086725), .UNSPECIFIED.);
#2039 = EDGE_CURVE ('', #2035, #2028, #2038, .T.);
#2040 = ORIENTED_EDGE ('', *, *, #2039, .F.);
#2041 = CARTESIAN_POINT ('', (6., 31., -6.5));
#2042 = CARTESIAN_POINT ('', (6., 31., -10.));
#2043 = B_SPLINE_CURVE_WITH_KNOTS ('', 1, (#2041, #2042), .UNSPECIFIED., .F., .U., (2, 2), (0., 1.), .UNSPECIFIED.);
#2044 = EDGE_CURVE ('', #2035, #1895, #2043, .T.);
#2045 = ORIENTED_EDGE ('', *, *, #2044, .T.);
#2046 = EDGE_LOOP ('', (#2019, #2026, #2033, #2040, #2045));
#2047 = FACE_OUTER_BOUND ('', #2046, .T.);
#2048 = CARTESIAN_POINT ('', (6., 31., -6.5));
#2049 = CARTESIAN_POINT ('', (6., -0.499999999999961, -6.5));
#2050 = CARTESIAN_POINT ('', (6., 31., -10.));
#2051 = CARTESIAN_POINT ('', (6., -0.499999999999961, -10.));
#2052 = B_SPLINE_SURFACE_WITH_KNOTS ('', 1, 1, ((#2048, #2049), (#2050, #2051)), .UNSPECIFIED., .F., .F., .U., (2, 2), (2, 2), (1.11022302462516E-16, 0.35), (3.85, 7.), .UNSPECIFIED.);
#2053 = ADVANCED_FACE ('', (#2047), #2052, .T.);
#2054 = ORIENTED_EDGE ('', *, *, #2039, .T.);
#2055 = ORIENTED_EDGE ('', *, *, #2032, .T.);
#2056 = CARTESIAN_POINT ('', (7.75, -0.500000000000005, -6.5));
#2057 = VERTEX_POINT ('', #2056);
#2058 = CARTESIAN_POINT ('', (6., -0.499999999999996, -6.5));
#2059 = CARTESIAN_POINT ('', (7.75, -0.500000000000001, -6.5));
#2060 = B_SPLINE_CURVE_WITH_KNOTS ('', 1, (#2058, #2059), .UNSPECIFIED., .F., .U., (2, 2), (5.42341872339442E-30, 1.74999999999999), .UNSPECIFIED.);
#2061 = EDGE_CURVE ('', #2021, #2057, #2060, .T.);
#2062 = ORIENTED_EDGE ('', *, *, #2061, .T.);
#2063 = CARTESIAN_POINT ('', (7.75, 31., -6.5));
#2064 = VERTEX_POINT ('', #2063);
#2065 = CARTESIAN_POINT ('', (7.74999999999999, 31., -6.5));
#2066 = CARTESIAN_POINT ('', (7.74999999999999, -0.500000000000005, -6.5));
#2067 = B_SPLINE_CURVE_WITH_KNOTS ('', 1, (#2065, #2066), .UNSPECIFIED., .F., .U., (2, 2), (-2.30142701913274, 0.848572980867255), .UNSPECIFIED.);
#2068 = EDGE_CURVE ('', #2064, #2057, #2067, .T.);
#2069 = ORIENTED_EDGE ('', *, *, #2068, .F.);
#2070 = CARTESIAN_POINT ('', (7.75000000000001, 31., -6.5));
#2071 = CARTESIAN_POINT ('', (6.00000000000001, 31., -6.5));
#2072 = B_SPLINE_CURVE_WITH_KNOTS ('', 1, (#2070, #2071), .UNSPECIFIED., .F., .U., (2, 2), (36.75, 38.5), .UNSPECIFIED.);
#2073 = EDGE_CURVE ('', #2064, #2035, #2072, .T.);
#2074 = ORIENTED_EDGE ('', *, *, #2073, .T.);
#2075 = EDGE_LOOP ('', (#2054, #2055, #2062, #2069, #2074));
#2076 = FACE_OUTER_BOUND ('', #2075, .T.);
#2077 = CARTESIAN_POINT ('', (7.75000000000001, -0.500000000000005, -6.5));
#2078 = CARTESIAN_POINT ('', (6., -0.500000000000005, -6.5));
#2079 = CARTESIAN_POINT ('', (7.75000000000001, 31., -6.5));
#2080 = CARTESIAN_POINT ('', (6., 31., -6.5));
#2081 = B_SPLINE_SURFACE_WITH_KNOTS ('', 1, 1, ((#2077, #2078), (#2079, #2080)), .UNSPECIFIED., .F., .F., .U., (2, 2), (2, 2), (0.2633610155539, 0.7366389844461), (0.5, 0.526293220494012), .UNSPECIFIED.);
#2082 = ADVANCED_FACE ('', (#2076), #2081, .T.);
#2083 = CARTESIAN_POINT ('', (9.5, 31., -4.74999999999999));
#2084 = VERTEX_POINT ('', #2083);
#2085 = CARTESIAN_POINT ('', (7.74999999999999, 31., -6.5));
#2086 = CARTESIAN_POINT ('', (9.5, 31., -4.74999999999999));
#2087 = B_SPLINE_CURVE_WITH_KNOTS ('', 1, (#2085, #2086), .UNSPECIFIED., .F., .U., (2, 2), (-1.51573006666759, -1.2682426932523), .UNSPECIFIED.);
#2088 = EDGE_CURVE ('', #2064, #2084, #2087, .T.);
#2089 = ORIENTED_EDGE ('', *, *, #2088, .F.);
#2090 = ORIENTED_EDGE ('', *, *, #2068, .T.);
#2091 = CARTESIAN_POINT ('', (9.5, -0.500000000000005, -4.74999999999999));
#2092 = VERTEX_POINT ('', #2091);
#2093 = CARTESIAN_POINT ('', (9.50000000000001, -0.500000000000005, -4.74999999999999));
#2094 = CARTESIAN_POINT ('', (7.75, -0.500000000000005, -6.5));
#2095 = B_SPLINE_CURVE_WITH_KNOTS ('', 1, (#2093, #2094), .UNSPECIFIED., .F., .U., (2, 2), (-2.04698223870911, -1.79949486529381), .UNSPECIFIED.);
#2096 = EDGE_CURVE ('', #2092, #2057, #2095, .T.);
#2097 = ORIENTED_EDGE ('', *, *, #2096, .F.);
#2098 = CARTESIAN_POINT ('', (9.5, -0.500000000000004, -4.74999999999999));
#2099 = CARTESIAN_POINT ('', (9.5, 31., -4.74999999999999));
#2100 = B_SPLINE_CURVE_WITH_KNOTS ('', 1, (#2098, #2099), .UNSPECIFIED., .F., .U., (2, 2), (-0.775000000000005, 2.375), .UNSPECIFIED.);
#2101 = EDGE_CURVE ('', #2092, #2084, #2100, .T.);
#2102 = ORIENTED_EDGE ('', *, *, #2101, .T.);
#2103 = EDGE_LOOP ('', (#2089, #2090, #2097, #2102));
#2104 = FACE_OUTER_BOUND ('', #2103, .T.);
#2105 = CARTESIAN_POINT ('', (9.50000000000001, 31., -4.74999999999999));
#2106 = CARTESIAN_POINT ('', (9.50000000000001, -0.500000000000005, -4.74999999999999));
#2107 = CARTESIAN_POINT ('', (7.75, 31., -6.5));
#2108 = CARTESIAN_POINT ('', (7.75, -0.500000000000005, -6.5));
#2109 = B_SPLINE_SURFACE_WITH_KNOTS ('', 1, 1, ((#2105, #2106), (#2107, #2108)), .UNSPECIFIED., .F., .F., .U., (2, 2), (2, 2), (0.185355339059326, 0.43284271247462), (0.300000000000011, 3.45000000000001), .UNSPECIFIED.);
#2110 = ADVANCED_FACE ('', (#2104), #2109, .T.);
#2111 = CARTESIAN_POINT ('', (10.1142491319664, -0.500000000000023, -3.));
#2112 = VERTEX_POINT ('', #2111);
#2113 = CARTESIAN_POINT ('', (10.1142491319664, -0.500000000000005, -10.));
#2114 = CARTESIAN_POINT ('', (10.1142491319664, -0.500000000000007, -3.));
#2115 = B_SPLINE_CURVE_WITH_KNOTS ('', 1, (#2113, #2114), .UNSPECIFIED., .F., .U., (2, 2), (0., 1.), .UNSPECIFIED.);
#2116 = EDGE_CURVE ('', #2000, #2112, #2115, .T.);
#2117 = ORIENTED_EDGE ('', *, *, #2116, .T.);
#2118 = CARTESIAN_POINT ('', (9.5, -0.500000000000005, -3.));
#2119 = VERTEX_POINT ('', #2118);
#2120 = CARTESIAN_POINT ('', (10.1142491319664, -0.500000000000007, -3.));
#2121 = CARTESIAN_POINT ('', (9.50000000000001, -0.500000000000007, -3.));
#2122 = B_SPLINE_CURVE_WITH_KNOTS ('', 1, (#2120, #2121), .UNSPECIFIED., .F., .U., (2, 2), (0.305922684330303, 0.317709206604874), .UNSPECIFIED.);
#2123 = EDGE_CURVE ('', #2112, #2119, #2122, .T.);
#2124 = ORIENTED_EDGE ('', *, *, #2123, .T.);
#2125 = CARTESIAN_POINT ('', (9.5, -0.500000000000005, -4.74999999999999));
#2126 = CARTESIAN_POINT ('', (9.5, -0.500000000000005, -3.));
#2127 = B_SPLINE_CURVE_WITH_KNOTS ('', 1, (#2125, #2126), .UNSPECIFIED., .F., .U., (2, 2), (0.770833333333334, 0.916666666666667), .UNSPECIFIED.);
#2128 = EDGE_CURVE ('', #2092, #2119, #2127, .T.);
#2129 = ORIENTED_EDGE ('', *, *, #2128, .F.);
#2130 = ORIENTED_EDGE ('', *, *, #2096, .T.);
#2131 = ORIENTED_EDGE ('', *, *, #2061, .F.);
#2132 = ORIENTED_EDGE ('', *, *, #2025, .T.);
#2133 = ORIENTED_EDGE ('', *, *, #2009, .T.);
#2134 = EDGE_LOOP ('', (#2117, #2124, #2129, #2130, #2131, #2132, #2133));
#2135 = FACE_OUTER_BOUND ('', #2134, .T.);
#2136 = CARTESIAN_POINT ('', (5.99999999999999, -0.500000000000005, -10.));
#2137 = CARTESIAN_POINT ('', (5.99999999999999, -0.500000000000005, -3.));
#2138 = CARTESIAN_POINT ('', (10.1142491319664, -0.500000000000005, -10.));
#2139 = CARTESIAN_POINT ('', (10.1142491319664, -0.500000000000005, -3.));
#2140 = B_SPLINE_SURFACE_WITH_KNOTS ('', 1, 1, ((#2136, #2137), (#2138, #2139)), .UNSPECIFIED., .F., .F., .U., (2, 2), (2, 2), (3.72687212219448, 4.13829703539112), (1.45, 2.15), .UNSPECIFIED.);
#2141 = ADVANCED_FACE ('', (#2135), #2140, .T.);
#2142 = CARTESIAN_POINT ('', (14., 18., -3.));
#2143 = VERTEX_POINT ('', #2142);
#2144 = CARTESIAN_POINT ('', (15.6194162082416, 15.1886486348991, -3.));
#2145 = VERTEX_POINT ('', #2144);
#2146 = CARTESIAN_POINT ('', (14., 18., -3.));
#2147 = CARTESIAN_POINT ('', (14., 17.9021003494351, -3.));
#2148 = CARTESIAN_POINT ('', (14.0044325781406, 17.8041009143825, -3.));
#2149 = CARTESIAN_POINT ('', (14.0220990489041, 17.6092073132887, -3.));
#2150 = CARTESIAN_POINT ('', (14.0353412975799, 17.512113844194, -3.));
#2151 = CARTESIAN_POINT ('', (14.0704731462408, 17.3198146323286, -3.));
#2152 = CARTESIAN_POINT ('', (14.0923891726934, 17.2244118287094, -3.));
#2153 = CARTESIAN_POINT ('', (14.1446459593697, 17.0362575318326, -3.));
#2154 = CARTESIAN_POINT ('', (14.1750308195866, 16.943312817284, -3.));
#2155 = CARTESIAN_POINT ('', (14.2439360712183, 16.7608134198743, -3.));
#2156 = CARTESIAN_POINT ('', (14.2825177055599, 16.6710708986291, -3.));
#2157 = CARTESIAN_POINT ('', (14.3674633169764, 16.4956839702359, -3.));
#2158 = CARTESIAN_POINT ('', (14.4139050209198, 16.4098585861571, -3.));
#2159 = CARTESIAN_POINT ('', (14.5141567030151, 16.242977859825, -3.));
#2160 = CARTESIAN_POINT ('', (14.5680601109057, 16.1617498053835, -3.));
#2161 = CARTESIAN_POINT ('', (14.6827638378395, 16.0046943006092, -3.));
#2162 = CARTESIAN_POINT ('', (14.7436723936428, 15.92870372087, -3.));
#2163 = CARTESIAN_POINT ('', (14.8718617934115, 15.7827074982248, -3.));
#2164 = CARTESIAN_POINT ('', (14.9392646787682, 15.7125495320605, -3.));
#2165 = CARTESIAN_POINT ('', (15.0798693043709, 15.5787521607046, -3.));
#2166 = CARTESIAN_POINT ('', (15.1532057908252, 15.5149723583478, -3.));
#2167 = CARTESIAN_POINT ('', (15.3050602026696, 15.3944101712043, -3.));
#2168 = CARTESIAN_POINT ('', (15.3837243917835, 15.33750032388, -3.));
#2169 = CARTESIAN_POINT ('', (15.5153552574184, 15.2509668032652, -3.));
#2170 = CARTESIAN_POINT ('', (15.5669700605226, 15.2190674005761, -3.));
#2171 = CARTESIAN_POINT ('', (15.6194162082416, 15.1886486348991, -3.));
#2172 = B_SPLINE_CURVE_WITH_KNOTS ('', 3, (#2146, #2147, #2148, #2149, #2150, #2151, #2152, #2153, #2154, #2155, #2156, #2157, #2158, #2159, #2160, #2161, #2162, #2163, #2164, #2165, #2166, #2167, #2168, #2169, #2170, #2171), .UNSPECIFIED., .F., .U., (4, 2, 2, 2, 2, 2, 2, 2, 2, 2, 2, 2, 4), (0., 0.2936989516946, 0.587078001145188, 0.880145115523519, 1.17290673096511, 1.46536787124654, 1.75753223840647, 2.04940227884305, 2.34097922740519, 2.6322631311549, 2.92325285372132, 3.21394606049786, 3.39583365612451), .UNSPECIFIED.);
#2173 = EDGE_CURVE ('', #2143, #2145, #2172, .T.);
#2174 = ORIENTED_EDGE ('', *, *, #2173, .F.);
#2175 = CARTESIAN_POINT ('', (14., 34.0000000000002, -3.));
#2176 = VERTEX_POINT ('', #2175);
#2177 = CARTESIAN_POINT ('', (14., 34., -3.));
#2178 = CARTESIAN_POINT ('', (14., 18., -3.));
#2179 = B_SPLINE_CURVE_WITH_KNOTS ('', 1, (#2177, #2178), .UNSPECIFIED., .F., .U., (2, 2), (0., 1.), .UNSPECIFIED.);
#2180 = EDGE_CURVE ('', #2176, #2143, #2179, .T.);
#2181 = ORIENTED_EDGE ('', *, *, #2180, .F.);
#2182 = CARTESIAN_POINT ('', (9.5, 34.0000000000002, -3.));
#2183 = VERTEX_POINT ('', #2182);
#2184 = CARTESIAN_POINT ('', (9.5, 34.0000000000002, -3.));
#2185 = CARTESIAN_POINT ('', (14., 34.0000000000002, -3.));
#2186 = B_SPLINE_CURVE_WITH_KNOTS ('', 1, (#2184, #2185), .UNSPECIFIED., .F., .U., (2, 2), (139.05821260391, 143.55821260391), .UNSPECIFIED.);
#2187 = EDGE_CURVE ('', #2183, #2176, #2186, .T.);
#2188 = ORIENTED_EDGE ('', *, *, #2187, .F.);
#2189 = CARTESIAN_POINT ('', (9.5, -0.500000000000005, -3.));
#2190 = CARTESIAN_POINT ('', (9.5, 34.0000000000002, -3.));
#2191 = B_SPLINE_CURVE_WITH_KNOTS ('', 1, (#2189, #2190), .UNSPECIFIED., .F., .U., (2, 2), (0., 1.), .UNSPECIFIED.);
#2192 = EDGE_CURVE ('', #2119, #2183, #2191, .T.);
#2193 = ORIENTED_EDGE ('', *, *, #2192, .F.);
#2194 = ORIENTED_EDGE ('', *, *, #2123, .F.);
#2195 = CARTESIAN_POINT ('', (18.3089172049239, 13.6287380568233, -3.));
#2196 = VERTEX_POINT ('', #2195);
#2197 = CARTESIAN_POINT ('', (18.3089172049238, 13.6287380568233, -3.));
#2198 = CARTESIAN_POINT ('', (10.1142491319663, -0.500000000000057, -3.));
#2199 = B_SPLINE_CURVE_WITH_KNOTS ('', 1, (#2197, #2198), .UNSPECIFIED., .F., .U., (2, 2), (159.92781690719, 176.261029203131), .UNSPECIFIED.);
#2200 = EDGE_CURVE ('', #2196, #2112, #2199, .T.);
#2201 = ORIENTED_EDGE ('', *, *, #2200, .F.);
#2202 = CARTESIAN_POINT ('', (15.6194162082416, 15.1886486348991, -3.));
#2203 = CARTESIAN_POINT ('', (18.3089172049239, 13.6287380568234, -3.));
#2204 = B_SPLINE_CURVE_WITH_KNOTS ('', 1, (#2202, #2203), .UNSPECIFIED., .F., .U., (2, 2), (0., 0.861462749482328), .UNSPECIFIED.);
#2205 = EDGE_CURVE ('', #2145, #2196, #2204, .T.);
#2206 = ORIENTED_EDGE ('', *, *, #2205, .F.);
#2207 = EDGE_LOOP ('', (#2174, #2181, #2188, #2193, #2194, #2201, #2206));
#2208 = FACE_OUTER_BOUND ('', #2207, .T.);
#2209 = CARTESIAN_POINT ('', (9.49999999999999, -0.500000000000014, -3.));
#2210 = CARTESIAN_POINT ('', (9.49999999999999, 34.0000000000002, -3.));
#2211 = CARTESIAN_POINT ('', (18.3089172049238, -0.500000000000014, -3.));
#2212 = CARTESIAN_POINT ('', (18.3089172049238, 34.0000000000002, -3.));
#2213 = B_SPLINE_SURFACE_WITH_KNOTS ('', 1, 1, ((#2209, #2210), (#2211, #2212)), .UNSPECIFIED., .F., .F., .U., (2, 2), (2, 2), (0.565709663200751, 0.62663924032695), (0.381278435513796, 0.61990826503233), .UNSPECIFIED.);
#2214 = ADVANCED_FACE ('', (#2208), #2213, .T.);
#2215 = CARTESIAN_POINT ('', (-6., 29.25, -6.5));
#2216 = VERTEX_POINT ('', #2215);
#2217 = CARTESIAN_POINT ('', (-6., -0.499999999999998, -6.5));
#2218 = VERTEX_POINT ('', #2217);
#2219 = CARTESIAN_POINT ('', (-6., 29.25, -6.5));
#2220 = CARTESIAN_POINT ('', (-6., -0.499999999999989, -6.5));
#2221 = B_SPLINE_CURVE_WITH_KNOTS ('', 1, (#2219, #2220), .UNSPECIFIED., .F., .U., (2, 2), (-0.351427019132752, 2.62357298086725), .UNSPECIFIED.);
#2222 = EDGE_CURVE ('', #2216, #2218, #2221, .T.);
#2223 = ORIENTED_EDGE ('', *, *, #2222, .T.);
#2224 = CARTESIAN_POINT ('', (-6., -0.499999999999998, -6.5));
#2225 = CARTESIAN_POINT ('', (-6., -0.499999999999998, -10.));
#2226 = B_SPLINE_CURVE_WITH_KNOTS ('', 1, (#2224, #2225), .UNSPECIFIED., .F., .U., (2, 2), (0., 1.), .UNSPECIFIED.);
#2227 = EDGE_CURVE ('', #2218, #1931, #2226, .T.);
#2228 = ORIENTED_EDGE ('', *, *, #2227, .T.);
#2229 = ORIENTED_EDGE ('', *, *, #1935, .F.);
#2230 = CARTESIAN_POINT ('', (-6., 31., -6.5));
#2231 = VERTEX_POINT ('', #2230);
#2232 = CARTESIAN_POINT ('', (-6., 31., -6.5));
#2233 = CARTESIAN_POINT ('', (-6., 31., -10.));
#2234 = B_SPLINE_CURVE_WITH_KNOTS ('', 1, (#2232, #2233), .UNSPECIFIED., .F., .U., (2, 2), (0., 1.), .UNSPECIFIED.);
#2235 = EDGE_CURVE ('', #2231, #1924, #2234, .T.);
#2236 = ORIENTED_EDGE ('', *, *, #2235, .F.);
#2237 = CARTESIAN_POINT ('', (-6., 31., -6.5));
#2238 = CARTESIAN_POINT ('', (-6., 29.25, -6.5));
#2239 = B_SPLINE_CURVE_WITH_KNOTS ('', 1, (#2237, #2238), .UNSPECIFIED., .F., .U., (2, 2), (38.5, 40.25), .UNSPECIFIED.);
#2240 = EDGE_CURVE ('', #2231, #2216, #2239, .T.);
#2241 = ORIENTED_EDGE ('', *, *, #2240, .T.);
#2242 = EDGE_LOOP ('', (#2223, #2228, #2229, #2236, #2241));
#2243 = FACE_OUTER_BOUND ('', #2242, .T.);
#2244 = CARTESIAN_POINT ('', (-6., 31., -6.5));
#2245 = CARTESIAN_POINT ('', (-6., 31., -10.));
#2246 = CARTESIAN_POINT ('', (-6., -0.499999999999943, -6.5));
#2247 = CARTESIAN_POINT ('', (-6., -0.499999999999943, -10.));
#2248 = B_SPLINE_SURFACE_WITH_KNOTS ('', 1, 1, ((#2244, #2245), (#2246, #2247)), .UNSPECIFIED., .F., .F., .U., (2, 2), (2, 2), (3.85, 7.), (1.11022302462516E-16, 0.35), .UNSPECIFIED.);
#2249 = ADVANCED_FACE ('', (#2243), #2248, .T.);
#2250 = ORIENTED_EDGE ('', *, *, #2240, .F.);
#2251 = CARTESIAN_POINT ('', (-7.25, 31., -6.5));
#2252 = VERTEX_POINT ('', #2251);
#2253 = CARTESIAN_POINT ('', (-7.25000000000002, 31., -6.5));
#2254 = CARTESIAN_POINT ('', (-6.00000000000002, 31., -6.5));
#2255 = B_SPLINE_CURVE_WITH_KNOTS ('', 1, (#2253, #2254), .UNSPECIFIED., .F., .U., (2, 2), (37.25, 38.5), .UNSPECIFIED.);
#2256 = EDGE_CURVE ('', #2252, #2231, #2255, .T.);
#2257 = ORIENTED_EDGE ('', *, *, #2256, .F.);
#2258 = CARTESIAN_POINT ('', (-7.25, -0.499999999999998, -6.5));
#2259 = VERTEX_POINT ('', #2258);
#2260 = CARTESIAN_POINT ('', (-7.24999999999999, -0.5, -6.5));
#2261 = CARTESIAN_POINT ('', (-7.24999999999999, 31., -6.5));
#2262 = B_SPLINE_CURVE_WITH_KNOTS ('', 1, (#2260, #2261), .UNSPECIFIED., .F., .U., (2, 2), (-0.848572980867256, 2.30142701913274), .UNSPECIFIED.);
#2263 = EDGE_CURVE ('', #2259, #2252, #2262, .T.);
#2264 = ORIENTED_EDGE ('', *, *, #2263, .F.);
#2265 = CARTESIAN_POINT ('', (-6., -0.499999999999996, -6.5));
#2266 = CARTESIAN_POINT ('', (-7.25, -0.5, -6.5));
#2267 = B_SPLINE_CURVE_WITH_KNOTS ('', 1, (#2265, #2266), .UNSPECIFIED., .F., .U., (2, 2), (1.11022302462516E-15, 1.25), .UNSPECIFIED.);
#2268 = EDGE_CURVE ('', #2218, #2259, #2267, .T.);
#2269 = ORIENTED_EDGE ('', *, *, #2268, .F.);
#2270 = ORIENTED_EDGE ('', *, *, #2222, .F.);
#2271 = EDGE_LOOP ('', (#2250, #2257, #2264, #2269, #2270));
#2272 = FACE_OUTER_BOUND ('', #2271, .T.);
#2273 = CARTESIAN_POINT ('', (-7.25000000000001, -0.499999999999996, -6.5));
#2274 = CARTESIAN_POINT ('', (-7.25000000000001, 31., -6.5));
#2275 = CARTESIAN_POINT ('', (-6., -0.499999999999996, -6.5));
#2276 = CARTESIAN_POINT ('', (-6., 31., -6.5));
#2277 = B_SPLINE_SURFACE_WITH_KNOTS ('', 1, 1, ((#2273, #2274), (#2275, #2276)), .UNSPECIFIED., .F., .F., .U., (2, 2), (2, 2), (0.507512348712575, 0.526293220494012), (0.2633610155539, 0.7366389844461), .UNSPECIFIED.);
#2278 = ADVANCED_FACE ('', (#2272), #2277, .T.);
#2279 = CARTESIAN_POINT ('', (9.5, 34.0000000000002, -3.));
#2280 = CARTESIAN_POINT ('', (9.5, 34.0000000000002, -10.));
#2281 = B_SPLINE_CURVE_WITH_KNOTS ('', 1, (#2279, #2280), .UNSPECIFIED., .F., .U., (2, 2), (0., 0.7), .UNSPECIFIED.);
#2282 = EDGE_CURVE ('', #2183, #1911, #2281, .T.);
#2283 = ORIENTED_EDGE ('', *, *, #2282, .T.);
#2284 = ORIENTED_EDGE ('', *, *, #1915, .T.);
#2285 = CARTESIAN_POINT ('', (9.5, 30.9999999999999, -10.));
#2286 = CARTESIAN_POINT ('', (9.5, 30.9999999999999, -4.74999999999999));
#2287 = B_SPLINE_CURVE_WITH_KNOTS ('', 1, (#2285, #2286), .UNSPECIFIED., .F., .U., (2, 2), (-2.33333333333333, 1.16666666666667), .UNSPECIFIED.);
#2288 = EDGE_CURVE ('', #1904, #2084, #2287, .T.);
#2289 = ORIENTED_EDGE ('', *, *, #2288, .T.);
#2290 = ORIENTED_EDGE ('', *, *, #2101, .F.);
#2291 = ORIENTED_EDGE ('', *, *, #2128, .T.);
#2292 = ORIENTED_EDGE ('', *, *, #2192, .T.);
#2293 = EDGE_LOOP ('', (#2283, #2284, #2289, #2290, #2291, #2292));
#2294 = FACE_OUTER_BOUND ('', #2293, .T.);
#2295 = CARTESIAN_POINT ('', (9.5, -0.499999999999996, -10.));
#2296 = CARTESIAN_POINT ('', (9.5, 34.0000000000002, -10.));
#2297 = CARTESIAN_POINT ('', (9.5, -0.499999999999996, -2.99999999999999));
#2298 = CARTESIAN_POINT ('', (9.5, 34.0000000000002, -2.99999999999999));
#2299 = B_SPLINE_SURFACE_WITH_KNOTS ('', 1, 1, ((#2295, #2296), (#2297, #2298)), .UNSPECIFIED., .F., .F., .U., (2, 2), (2, 2), (0.4, 1.1), (1.9, 5.35000000000002), .UNSPECIFIED.);
#2300 = ADVANCED_FACE ('', (#2294), #2299, .T.);
#2301 = ORIENTED_EDGE ('', *, *, #1908, .T.);
#2302 = ORIENTED_EDGE ('', *, *, #2044, .F.);
#2303 = ORIENTED_EDGE ('', *, *, #2073, .F.);
#2304 = ORIENTED_EDGE ('', *, *, #2088, .T.);
#2305 = ORIENTED_EDGE ('', *, *, #2288, .F.);
#2306 = EDGE_LOOP ('', (#2301, #2302, #2303, #2304, #2305));
#2307 = FACE_OUTER_BOUND ('', #2306, .T.);
#2308 = CARTESIAN_POINT ('', (9.50000000000002, 31., -4.74999999999999));
#2309 = CARTESIAN_POINT ('', (6., 31., -4.74999999999999));
#2310 = CARTESIAN_POINT ('', (9.50000000000002, 31., -10.));
#2311 = CARTESIAN_POINT ('', (6., 31., -10.));
#2312 = B_SPLINE_SURFACE_WITH_KNOTS ('', 1, 1, ((#2308, #2309), (#2310, #2311)), .UNSPECIFIED., .F., .F., .U., (2, 2), (2, 2), (-0.175000000000001, 0.35), (3.5, 3.85), .UNSPECIFIED.);
#2313 = ADVANCED_FACE ('', (#2307), #2312, .T.);
#2314 = ORIENTED_EDGE ('', *, *, #1928, .F.);
#2315 = ORIENTED_EDGE ('', *, *, #1872, .T.);
#2316 = CARTESIAN_POINT ('', (-9.5, 31., -4.25));
#2317 = CARTESIAN_POINT ('', (-7.25, 31., -6.5));
#2318 = B_SPLINE_CURVE_WITH_KNOTS ('', 1, (#2316, #2317), .UNSPECIFIED., .F., .U., (2, 2), (1.21520968466331, 1.53340773619726), .UNSPECIFIED.);
#2319 = EDGE_CURVE ('', #1861, #2252, #2318, .T.);
#2320 = ORIENTED_EDGE ('', *, *, #2319, .T.);
#2321 = ORIENTED_EDGE ('', *, *, #2256, .T.);
#2322 = ORIENTED_EDGE ('', *, *, #2235, .T.);
#2323 = EDGE_LOOP ('', (#2314, #2315, #2320, #2321, #2322));
#2324 = FACE_OUTER_BOUND ('', #2323, .T.);
#2325 = CARTESIAN_POINT ('', (-9.50000000000001, 31., -4.25));
#2326 = CARTESIAN_POINT ('', (-9.50000000000001, 31., -10.));
#2327 = CARTESIAN_POINT ('', (-6., 31., -4.25));
#2328 = CARTESIAN_POINT ('', (-6., 31., -10.));
#2329 = B_SPLINE_SURFACE_WITH_KNOTS ('', 1, 1, ((#2325, #2326), (#2327, #2328)), .UNSPECIFIED., .F., .F., .U., (2, 2), (2, 2), (3.5, 3.85), (-0.225, 0.35), .UNSPECIFIED.);
#2330 = ADVANCED_FACE ('', (#2324), #2329, .T.);
#2331 = ORIENTED_EDGE ('', *, *, #2319, .F.);
#2332 = ORIENTED_EDGE ('', *, *, #1865, .F.);
#2333 = CARTESIAN_POINT ('', (-7.25, -0.499999999999895, -6.5));
#2334 = CARTESIAN_POINT ('', (-9.5, -0.499999999999895, -4.25));
#2335 = B_SPLINE_CURVE_WITH_KNOTS ('', 1, (#2333, #2334), .UNSPECIFIED., .F., .U., (2, 2), (-0.295970869120796, 0.0222271824131504), .UNSPECIFIED.);
#2336 = EDGE_CURVE ('', #2259, #1854, #2335, .T.);
#2337 = ORIENTED_EDGE ('', *, *, #2336, .F.);
#2338 = ORIENTED_EDGE ('', *, *, #2263, .T.);
#2339 = EDGE_LOOP ('', (#2331, #2332, #2337, #2338));
#2340 = FACE_OUTER_BOUND ('', #2339, .T.);
#2341 = CARTESIAN_POINT ('', (-9.50000000000001, 31., -4.25));
#2342 = CARTESIAN_POINT ('', (-7.25, 31., -6.5));
#2343 = CARTESIAN_POINT ('', (-9.50000000000001, -0.500000000000005, -4.25));
#2344 = CARTESIAN_POINT ('', (-7.25, -0.500000000000005, -6.5));
#2345 = B_SPLINE_SURFACE_WITH_KNOTS ('', 1, 1, ((#2341, #2342), (#2343, #2344)), .UNSPECIFIED., .F., .F., .U., (2, 2), (2, 2), (0.300000000000012, 3.45000000000001), (0.114644660940672, 0.43284271247462), .UNSPECIFIED.);
#2346 = ADVANCED_FACE ('', (#2340), #2345, .T.);
#2347 = CARTESIAN_POINT ('', (-10.1142491319656, -0.500000000000007, -3.));
#2348 = CARTESIAN_POINT ('', (-10.1142491319656, -0.500000000000005, -10.));
#2349 = B_SPLINE_CURVE_WITH_KNOTS ('', 1, (#2347, #2348), .UNSPECIFIED., .F., .U., (2, 2), (0., 1.), .UNSPECIFIED.);
#2350 = EDGE_CURVE ('', #1818, #1945, #2349, .T.);
#2351 = ORIENTED_EDGE ('', *, *, #2350, .T.);
#2352 = ORIENTED_EDGE ('', *, *, #1949, .T.);
#2353 = ORIENTED_EDGE ('', *, *, #1942, .F.);
#2354 = ORIENTED_EDGE ('', *, *, #2227, .F.);
#2355 = ORIENTED_EDGE ('', *, *, #2268, .T.);
#2356 = ORIENTED_EDGE ('', *, *, #2336, .T.);
#2357 = ORIENTED_EDGE ('', *, *, #1858, .T.);
#2358 = ORIENTED_EDGE ('', *, *, #1829, .T.);
#2359 = EDGE_LOOP ('', (#2351, #2352, #2353, #2354, #2355, #2356, #2357, #2358));
#2360 = FACE_OUTER_BOUND ('', #2359, .T.);
#2361 = CARTESIAN_POINT ('', (-10.1142491319656, -0.499999999999892, -10.));
#2362 = CARTESIAN_POINT ('', (-10.1142491319656, -0.499999999999892, -3.));
#2363 = CARTESIAN_POINT ('', (-6., -0.499999999999892, -10.));
#2364 = CARTESIAN_POINT ('', (-6., -0.499999999999892, -3.));
#2365 = B_SPLINE_SURFACE_WITH_KNOTS ('', 1, 1, ((#2361, #2362), (#2363, #2364)), .UNSPECIFIED., .F., .F., .U., (2, 2), (2, 2), (0.249875200906629, 1.17343502970147), (-0.397913372935298, 1.17343502970147), .UNSPECIFIED.);
#2366 = ADVANCED_FACE ('', (#2360), #2365, .T.);
#2367 = CARTESIAN_POINT ('', (-15.6194162082397, 15.1886486348991, -3.));
#2368 = CARTESIAN_POINT ('', (-15.6194162082397, 15.1886486348991, -10.));
#2369 = B_SPLINE_CURVE_WITH_KNOTS ('', 1, (#2367, #2368), .UNSPECIFIED., .F., .U., (2, 2), (0.3, 1.), .UNSPECIFIED.);
#2370 = EDGE_CURVE ('', #1780, #1713, #2369, .T.);
#2371 = ORIENTED_EDGE ('', *, *, #2370, .F.);
#2372 = ORIENTED_EDGE ('', *, *, #1808, .F.);
#2373 = ORIENTED_EDGE ('', *, *, #1756, .T.);
#2374 = ORIENTED_EDGE ('', *, *, #1725, .F.);
#2375 = EDGE_LOOP ('', (#2371, #2372, #2373, #2374));
#2376 = FACE_OUTER_BOUND ('', #2375, .T.);
#2377 = CARTESIAN_POINT ('', (-15.6194162082399, 15.1886486348991, -3.));
#2378 = CARTESIAN_POINT ('', (-15.6194162082399, 15.1886486348992, -9.99999999999998));
#2379 = CARTESIAN_POINT ('', (-13.9999999999983, 16.1279100356792, -2.99999999999999));
#2380 = CARTESIAN_POINT ('', (-13.9999999999983, 16.1279100356792, -9.99999999999998));
#2381 = CARTESIAN_POINT ('', (-13.9999999999983, 18., -2.99999999999999));
#2382 = CARTESIAN_POINT ('', (-13.9999999999983, 18., -9.99999999999998));
#2383 = (
   BOUNDED_SURFACE ()
   B_SPLINE_SURFACE (2, 1, ((#2377, #2378), (#2379, #2380), (#2381, #2382)), .UNSPECIFIED., .F., .F., .U.)
   B_SPLINE_SURFACE_WITH_KNOTS ((3, 3), (2, 2), (0., 0.339694073304074), (-0.699999999999999, 0.), .UNSPECIFIED.)
   GEOMETRIC_REPRESENTATION_ITEM ()
   RATIONAL_B_SPLINE_SURFACE (((1., 1.), (0.86652123164173, 0.86652123164173), (1., 1.)))
   REPRESENTATION_ITEM ('')
   SURFACE ()
);
#2384 = ADVANCED_FACE ('', (#2376), #2383, .T.);
#2385 = CARTESIAN_POINT ('', (-18.3089172049231, 13.628738056823, -3.));
#2386 = CARTESIAN_POINT ('', (-18.3089172049231, 13.628738056823, -10.));
#2387 = B_SPLINE_CURVE_WITH_KNOTS ('', 1, (#2385, #2386), .UNSPECIFIED., .F., .U., (2, 2), (0., 1.), .UNSPECIFIED.);
#2388 = EDGE_CURVE ('', #1811, #1706, #2387, .T.);
#2389 = ORIENTED_EDGE ('', *, *, #2388, .F.);
#2390 = ORIENTED_EDGE ('', *, *, #1815, .F.);
#2391 = ORIENTED_EDGE ('', *, *, #2370, .T.);
#2392 = ORIENTED_EDGE ('', *, *, #1717, .F.);
#2393 = EDGE_LOOP ('', (#2389, #2390, #2391, #2392));
#2394 = FACE_OUTER_BOUND ('', #2393, .T.);
#2395 = CARTESIAN_POINT ('', (-18.3089172049361, 13.6287380568155, -3.));
#2396 = CARTESIAN_POINT ('', (-18.3089172049361, 13.6287380568155, -10.));
#2397 = CARTESIAN_POINT ('', (-15.619416208252, 15.1886486348919, -3.));
#2398 = CARTESIAN_POINT ('', (-15.619416208252, 15.1886486348919, -10.));
#2399 = B_SPLINE_SURFACE_WITH_KNOTS ('', 1, 1, ((#2395, #2396), (#2397, #2398)), .UNSPECIFIED., .F., .F., .U., (2, 2), (2, 2), (193.568575856783, 193.879489616896), (0.3, 1.), .UNSPECIFIED.);
#2400 = ADVANCED_FACE ('', (#2394), #2399, .T.);
#2401 = CARTESIAN_POINT ('', (-22.9720553626585, 27.0000000000001, -12.5));
#2402 = VERTEX_POINT ('', #2401);
#2403 = CARTESIAN_POINT ('', (-22.9720553626585, 27.0000000000001, -12.5));
#2404 = CARTESIAN_POINT ('', (-23.4720553626597, 27.0000000000001, -13.0000000000013));
#2405 = B_SPLINE_CURVE_WITH_KNOTS ('', 1, (#2403, #2404), .UNSPECIFIED., .F., .U., (2, 2), (0., 0.250000000000625), .UNSPECIFIED.);
#2406 = EDGE_CURVE ('', #2402, #973, #2405, .T.);
#2407 = ORIENTED_EDGE ('', *, *, #2406, .T.);
#2408 = ORIENTED_EDGE ('', *, *, #1172, .T.);
#2409 = CARTESIAN_POINT ('', (-12.9720553626585, 27.0000000000001, -12.5));
#2410 = VERTEX_POINT ('', #2409);
#2411 = CARTESIAN_POINT ('', (-12.9720553626585, 27.0000000000001, -12.5));
#2412 = CARTESIAN_POINT ('', (-12.4720553626585, 27.0000000000001, -13.));
#2413 = B_SPLINE_CURVE_WITH_KNOTS ('', 1, (#2411, #2412), .UNSPECIFIED., .F., .U., (2, 2), (0., 0.25), .UNSPECIFIED.);
#2414 = EDGE_CURVE ('', #2410, #971, #2413, .T.);
#2415 = ORIENTED_EDGE ('', *, *, #2414, .F.);
#2416 = CARTESIAN_POINT ('', (-12.9720553626585, 27.0000000000001, -12.5));
#2417 = CARTESIAN_POINT ('', (-12.9720553626585, 32.0000000000001, -12.5));
#2418 = CARTESIAN_POINT ('', (-17.9720553626585, 32.0000000000001, -12.5));
#2419 = CARTESIAN_POINT ('', (-22.9720553626585, 32.0000000000001, -12.5));
#2420 = CARTESIAN_POINT ('', (-22.9720553626585, 27.0000000000001, -12.5));
#2421 = (
   BOUNDED_CURVE ()
   B_SPLINE_CURVE (2, (#2416, #2417, #2418, #2419, #2420), .UNSPECIFIED., .F., .U.)
   B_SPLINE_CURVE_WITH_KNOTS ((3, 2, 3), (-5.84246914857796E-31, 1.5707963267949, 3.14159265358979), .UNSPECIFIED.)
   CURVE ()
   GEOMETRIC_REPRESENTATION_ITEM ()
   RATIONAL_B_SPLINE_CURVE ((1., 0.707106781186548, 1., 0.707106781186546, 1.))
   REPRESENTATION_ITEM ('')
);
#2422 = EDGE_CURVE ('', #2410, #2402, #2421, .T.);
#2423 = ORIENTED_EDGE ('', *, *, #2422, .T.);
#2424 = EDGE_LOOP ('', (#2407, #2408, #2415, #2423));
#2425 = FACE_OUTER_BOUND ('', #2424, .T.);
#2426 = CARTESIAN_POINT ('', (-12.9720553626585, 27.0000000000001, -12.5));
#2427 = CARTESIAN_POINT ('', (-12.4720553626572, 27.0000000000001, -13.0000000000013));
#2428 = CARTESIAN_POINT ('', (-12.9720404794153, 27.1963935965418, -12.5));
#2429 = CARTESIAN_POINT ('', (-12.4720389910898, 27.216032956196, -13.0000000000013));
#2430 = CARTESIAN_POINT ('', (-12.9894646135795, 27.4983225392618, -12.5));
#2431 = CARTESIAN_POINT ('', (-12.4912055386703, 27.548154793188, -13.0000000000013));
#2432 = CARTESIAN_POINT ('', (-13.0520911261505, 27.909405208269, -12.5));
#2433 = CARTESIAN_POINT ('', (-12.5600947024984, 28.0003457290962, -13.0000000000013));
#2434 = CARTESIAN_POINT ('', (-13.1196853771297, 28.2201775327751, -12.5));
#2435 = CARTESIAN_POINT ('', (-12.6344483785756, 28.3421952860529, -13.0000000000013));
#2436 = CARTESIAN_POINT ('', (-13.2086368665919, 28.5314515278821, -12.5));
#2437 = CARTESIAN_POINT ('', (-12.7322950169841, 28.6845966806707, -13.0000000000013));
#2438 = CARTESIAN_POINT ('', (-13.31943609479, 28.8411135075579, -12.5));
#2439 = CARTESIAN_POINT ('', (-12.854174168002, 29.0252248583141, -13.0000000000013));
#2440 = CARTESIAN_POINT ('', (-13.452301898326, 29.1469357287432, -12.5));
#2441 = CARTESIAN_POINT ('', (-13.0003265518916, 29.3616293016181, -13.0000000000013));
#2442 = CARTESIAN_POINT ('', (-13.6071546726999, 29.44661852809, -12.5));
#2443 = CARTESIAN_POINT ('', (-13.1706646037029, 29.6912803808996, -13.0000000000013));
#2444 = CARTESIAN_POINT ('', (-13.783599013744, 29.7378404512234, -12.5));
#2445 = CARTESIAN_POINT ('', (-13.3647533788515, 30.0116244963464, -13.0000000000013));
#2446 = CARTESIAN_POINT ('', (-13.9809161117154, 30.018312268571, -12.5));
#2447 = CARTESIAN_POINT ('', (-13.5818021866201, 30.3201434954289, -13.0000000000013));
#2448 = CARTESIAN_POINT ('', (-14.1980673894057, 30.2858330733348, -12.5));
#2449 = CARTESIAN_POINT ('', (-13.8206685920794, 30.6144163806691, -13.0000000000013));
#2450 = CARTESIAN_POINT ('', (-14.4337097654379, 30.5383455972521, -12.5));
#2451 = CARTESIAN_POINT ('', (-14.079875205715, 30.8921801569782, -13.0000000000013));
#2452 = CARTESIAN_POINT ('', (-14.6862222891971, 30.7739879732537, -12.5));
#2453 = CARTESIAN_POINT ('', (-14.3576389818502, 31.15138677058, -13.0000000000013));
#2454 = CARTESIAN_POINT ('', (-14.9537430945625, 30.9911392509087, -12.5));
#2455 = CARTESIAN_POINT ('', (-14.6519118677521, 31.3902531760005, -13.0000000000013));
#2456 = CARTESIAN_POINT ('', (-15.2342149096619, 31.1884563490521, -12.5));
#2457 = CARTESIAN_POINT ('', (-14.9604308643616, 31.6073019839584, -13.0000000000013));
#2458 = CARTESIAN_POINT ('', (-15.5254368411867, 31.364900689443, -12.5));
#2459 = CARTESIAN_POINT ('', (-15.2807749890389, 31.8013907583885, -13.0000000000013));
#2460 = CARTESIAN_POINT ('', (-15.8251196092163, 31.5197534662576, -12.5));
#2461 = CARTESIAN_POINT ('', (-15.6104260338716, 31.9717288128845, -13.0000000000013));
#2462 = CARTESIAN_POINT ('', (-16.1309419472788, 31.6526192606843, -12.5));
#2463 = CARTESIAN_POINT ('', (-15.9468306057404, 32.1178811867538, -13.0000000000013));
#2464 = CARTESIAN_POINT ('', (-16.4406034907633, 31.763418522879, -12.5));
#2465 = CARTESIAN_POINT ('', (-16.2874583035734, 32.239760375168, -13.0000000000013));
#2466 = CARTESIAN_POINT ('', (-16.7518791137583, 31.8523698854641, -12.5));
#2467 = CARTESIAN_POINT ('', (-16.6298614888679, 32.3376068740118, -13.0000000000013));
#2468 = CARTESIAN_POINT ('', (-17.0626453629036, 31.9199646099551, -12.5));
#2469 = CARTESIAN_POINT ('', (-16.9717043629279, 32.4119610709518, -13.0000000000013));
#2470 = CARTESIAN_POINT ('', (-17.3195909256623, 31.9591047076704, -12.5));
#2471 = CARTESIAN_POINT ('', (-17.2543444819625, 32.4550151784386, -13.0000000000013));
#2472 = CARTESIAN_POINT ('', (-17.522966043317, 31.9805723835902, -12.5));
#2473 = CARTESIAN_POINT ('', (-17.4780571113827, 32.4786296219504, -13.0000000000013));
#2474 = CARTESIAN_POINT ('', (-17.7248781997957, 31.9956573353045, -12.5));
#2475 = CARTESIAN_POINT ('', (-17.7001604835094, 32.4952230688362, -13.0000000000013));
#2476 = CARTESIAN_POINT ('', (-17.9720553626585, 32.0028951097972, -12.5));
#2477 = CARTESIAN_POINT ('', (-17.9720553626585, 32.5031846207781, -13.0000000000013));
#2478 = CARTESIAN_POINT ('', (-18.2192325255213, 31.9956573353045, -12.5));
#2479 = CARTESIAN_POINT ('', (-18.2439502418076, 32.4952230688362, -13.0000000000013));
#2480 = CARTESIAN_POINT ('', (-18.421144682, 31.9805723835902, -12.5));
#2481 = CARTESIAN_POINT ('', (-18.4660536139343, 32.4786296219505, -13.0000000000013));
#2482 = CARTESIAN_POINT ('', (-18.6245197996547, 31.9591047076702, -12.5));
#2483 = CARTESIAN_POINT ('', (-18.6897662433545, 32.4550151784385, -13.0000000000013));
#2484 = CARTESIAN_POINT ('', (-18.8814653624134, 31.9199646099551, -12.5));
#2485 = CARTESIAN_POINT ('', (-18.9724063623891, 32.4119610709518, -13.0000000000013));
#2486 = CARTESIAN_POINT ('', (-19.1922316115588, 31.8523698854643, -12.5));
#2487 = CARTESIAN_POINT ('', (-19.3142492364491, 32.3376068740119, -13.0000000000013));
#2488 = CARTESIAN_POINT ('', (-19.5035072345537, 31.7634185228788, -12.5));
#2489 = CARTESIAN_POINT ('', (-19.6566524217436, 32.2397603751679, -13.0000000000013));
#2490 = CARTESIAN_POINT ('', (-19.8131687780382, 31.6526192606843, -12.5));
#2491 = CARTESIAN_POINT ('', (-19.9972801195767, 32.1178811867539, -13.0000000000013));
#2492 = CARTESIAN_POINT ('', (-20.1189911161007, 31.5197534662576, -12.5));
#2493 = CARTESIAN_POINT ('', (-20.3336846914454, 31.9717288128845, -13.0000000000013));
#2494 = CARTESIAN_POINT ('', (-20.4186738841303, 31.3649006894429, -12.5));
#2495 = CARTESIAN_POINT ('', (-20.6633357362781, 31.8013907583883, -13.0000000000013));
#2496 = CARTESIAN_POINT ('', (-20.7098958156552, 31.1884563490528, -12.5));
#2497 = CARTESIAN_POINT ('', (-20.9836798609555, 31.6073019839591, -13.0000000000013));
#2498 = CARTESIAN_POINT ('', (-20.9903676307543, 30.9911392509062, -12.5));
#2499 = CARTESIAN_POINT ('', (-21.2921988575647, 31.3902531759978, -13.0000000000013));
#2500 = CARTESIAN_POINT ('', (-21.2578884361206, 30.7739879732629, -12.5));
#2501 = CARTESIAN_POINT ('', (-21.5864717434676, 31.1513867705901, -13.0000000000013));
#2502 = CARTESIAN_POINT ('', (-21.5104009598764, 30.538345597218, -12.5));
#2503 = CARTESIAN_POINT ('', (-21.864235519599, 30.8921801569407, -13.0000000000013));
#2504 = CARTESIAN_POINT ('', (-21.7460433359213, 30.2858330734622, -12.5));
#2505 = CARTESIAN_POINT ('', (-22.1234421332486, 30.6144163808092, -13.0000000000013));
#2506 = CARTESIAN_POINT ('', (-21.9631946135646, 30.0183122680959, -12.5));
#2507 = CARTESIAN_POINT ('', (-22.3623085386562, 30.3201434949062, -13.0000000000013));
#2508 = CARTESIAN_POINT ('', (-22.1605117117112, 29.7378404529968, -12.5));
#2509 = CARTESIAN_POINT ('', (-22.5793573466175, 30.0116244982971, -13.0000000000013));
#2510 = CARTESIAN_POINT ('', (-22.3369560521013, 29.4466185214719, -12.5));
#2511 = CARTESIAN_POINT ('', (-22.7734461210467, 29.6912803736197, -13.0000000000013));
#2512 = CARTESIAN_POINT ('', (-22.491808828916, 29.1469357534423, -12.5));
#2513 = CARTESIAN_POINT ('', (-22.9437841755429, 29.361629328787, -13.0000000000013));
#2514 = CARTESIAN_POINT ('', (-22.6246746233427, 28.8411134153799, -12.5));
#2515 = CARTESIAN_POINT ('', (-23.0899365494123, 29.0252247569183, -13.0000000000013));
#2516 = CARTESIAN_POINT ('', (-22.7354738855373, 28.5314518718953, -12.5));
#2517 = CARTESIAN_POINT ('', (-23.2118157378264, 28.6845970590852, -13.0000000000013));
#2518 = CARTESIAN_POINT ('', (-22.8244252481225, 28.2201762489003, -12.5));
#2519 = CARTESIAN_POINT ('', (-23.3096622366702, 28.3421938737906, -13.0000000000013));
#2520 = CARTESIAN_POINT ('', (-22.8920199726134, 27.909409999755, -12.5));
#2521 = CARTESIAN_POINT ('', (-23.3840164336102, 28.0003509997307, -13.0000000000013));
#2522 = CARTESIAN_POINT ('', (-22.9311600703287, 27.6524644369963, -12.5));
#2523 = CARTESIAN_POINT ('', (-23.427070541097, 27.7177108806961, -13.0000000000013));
#2524 = CARTESIAN_POINT ('', (-22.9526277462486, 27.4490893193416, -12.5));
#2525 = CARTESIAN_POINT ('', (-23.4506849846088, 27.4939982512759, -13.0000000000013));
#2526 = CARTESIAN_POINT ('', (-22.9677126979629, 27.2471771628629, -12.5));
#2527 = CARTESIAN_POINT ('', (-23.4672784314946, 27.2718948791493, -13.0000000000013));
#2528 = CARTESIAN_POINT ('', (-22.9720553626585, 27.0988708651452, -12.5));
#2529 = CARTESIAN_POINT ('', (-23.4720553626597, 27.1087579516597, -13.0000000000013));
#2530 = CARTESIAN_POINT ('', (-22.9720553626585, 27.0000000000001, -12.5));
#2531 = CARTESIAN_POINT ('', (-23.4720553626597, 27.0000000000001, -13.0000000000013));
#2532 = B_SPLINE_SURFACE_WITH_KNOTS ('', 3, 1, ((#2426, #2427), (#2428, #2429), (#2430, #2431), (#2432, #2433), (#2434, #2435), (#2436, #2437), (#2438, #2439), (#2440, #2441), (#2442, #2443), (#2444, #2445), (#2446, #2447), (#2448, #2449), (#2450, #2451), (#2452, #2453), (#2454, #2455), (#2456, #2457), (#2458, #2459), (#2460, #2461), (#2462, #2463), (#2464, #2465), (#2466, #2467), (#2468, #2469), (#2470, #2471), (#2472, #2473), (#2474, #2475), (#2476, #2477), (#2478, #2479), (#2480, #2481), (#2482, #2483), (#2484, #2485), (#2486, #2487), (#2488, #2489), (#2490, #2491), (#2492, #2493), (#2494, #2495), (#2496, #2497), (#2498, #2499), (#2500, #2501), (#2502, #2503), (#2504, #2505), (#2506, #2507), (#2508, #2509), (#2510, #2511), (#2512, #2513), (#2514, #2515), (#2516, #2517), (#2518, #2519), (#2520, #2521), (#2522, #2523), (#2524, #2525), (#2526, #2527), (#2528, #2529), (#2530, #2531)), .UNSPECIFIED., .F., .F., .U., (4, 1, 1, 1, 1, 1, 1, 1, 1, 1, 1, 1, 1, 1, 1, 1, 1, 1, 1, 1, 1, 1, 1, 1, 1, 1, 1, 1, 1, 1, 1, 1, 1, 1, 1, 1, 1, 1, 1, 1, 1, 1, 1, 1, 1, 1, 1, 1, 1, 1, 4), (2, 2), (0., 0.0208333333333335, 0.0312499999999993, 0.0416666666666661, 0.0520833333333332, 0.0625000000000005, 0.0729166666666669, 0.0833333333333328, 0.0937500000000007, 0.104166666666667, 0.114583333333333, 0.125, 0.135416666666667, 0.145833333333334, 0.15625, 0.166666666666666, 0.177083333333333, 0.1875, 0.197916666666667, 0.208333333333334, 0.21875, 0.229166666666667, 0.234374999999999, 0.239583333333333, 0.25, 0.260416666666667, 0.265625, 0.270833333333333, 0.281249999999999, 0.291666666666667, 0.302083333333334, 0.3125, 0.322916666666667, 0.333333333333333, 0.343750000000001, 0.354166666666667, 0.364583333333334, 0.375, 0.385416666666667, 0.395833333333334, 0.40625, 0.416666666666668, 0.427083333333333, 0.4375, 0.447916666666666, 0.458333333333333, 0.468750000000001, 0.479166666666666, 0.484375, 0.489583333333332, 0.5), (0., 0.250000000000625), .UNSPECIFIED.);
#2533 = ADVANCED_FACE ('', (#2425), #2532, .T.);
#2534 = ORIENTED_EDGE ('', *, *, #2422, .F.);
#2535 = CARTESIAN_POINT ('', (-22.9720553626585, 27.0000000000001, -12.5));
#2536 = CARTESIAN_POINT ('', (-22.9720553626585, 22.0000000000001, -12.5));
#2537 = CARTESIAN_POINT ('', (-17.9720553626585, 22.0000000000001, -12.5));
#2538 = CARTESIAN_POINT ('', (-12.9720553626585, 22.0000000000001, -12.5));
#2539 = CARTESIAN_POINT ('', (-12.9720553626585, 27.0000000000001, -12.5));
#2540 = (
   BOUNDED_CURVE ()
   B_SPLINE_CURVE (2, (#2535, #2536, #2537, #2538, #2539), .UNSPECIFIED., .F., .U.)
   B_SPLINE_CURVE_WITH_KNOTS ((3, 2, 3), (3.14159265358979, 4.71238898038469, 6.28318530717959), .UNSPECIFIED.)
   CURVE ()
   GEOMETRIC_REPRESENTATION_ITEM ()
   RATIONAL_B_SPLINE_CURVE ((1., 0.707106781186548, 1., 0.707106781186547, 1.))
   REPRESENTATION_ITEM ('')
);
#2541 = EDGE_CURVE ('', #2402, #2410, #2540, .T.);
#2542 = ORIENTED_EDGE ('', *, *, #2541, .F.);
#2543 = EDGE_LOOP ('', (#2534, #2542));
#2544 = FACE_OUTER_BOUND ('', #2543, .T.);
#2545 = CARTESIAN_POINT ('', (-12.9720553626585, 22.0000000000001, -12.5));
#2546 = CARTESIAN_POINT ('', (-12.9720553626585, 32.0000000000001, -12.5));
#2547 = CARTESIAN_POINT ('', (-22.9720553626585, 22.0000000000001, -12.5));
#2548 = CARTESIAN_POINT ('', (-22.9720553626585, 32.0000000000001, -12.5));
#2549 = B_SPLINE_SURFACE_WITH_KNOTS ('', 1, 1, ((#2545, #2546), (#2547, #2548)), .UNSPECIFIED., .F., .F., .U., (2, 2), (2, 2), (0.32560064406981, 0.662318158920547), (0.310610165995492, 0.647327680846229), .UNSPECIFIED.);
#2550 = ADVANCED_FACE ('', (#2544), #2549, .T.);
#2551 = CARTESIAN_POINT ('', (12.9720553626602, 27.0000000000002, -12.5));
#2552 = VERTEX_POINT ('', #2551);
#2553 = CARTESIAN_POINT ('', (12.9720553626602, 27.0000000000002, -12.5));
#2554 = CARTESIAN_POINT ('', (12.472055362659, 27.0000000000003, -13.0000000000013));
#2555 = B_SPLINE_CURVE_WITH_KNOTS ('', 1, (#2553, #2554), .UNSPECIFIED., .F., .U., (2, 2), (0., 0.250000000000626), .UNSPECIFIED.);
#2556 = EDGE_CURVE ('', #2552, #767, #2555, .T.);
#2557 = ORIENTED_EDGE ('', *, *, #2556, .T.);
#2558 = ORIENTED_EDGE ('', *, *, #966, .T.);
#2559 = CARTESIAN_POINT ('', (22.9720553626602, 27.0000000000003, -12.5));
#2560 = VERTEX_POINT ('', #2559);
#2561 = CARTESIAN_POINT ('', (22.9720553626602, 27.0000000000003, -12.5));
#2562 = CARTESIAN_POINT ('', (23.4720553626603, 27.0000000000003, -13.));
#2563 = B_SPLINE_CURVE_WITH_KNOTS ('', 1, (#2561, #2562), .UNSPECIFIED., .F., .U., (2, 2), (0., 0.250000000000001), .UNSPECIFIED.);
#2564 = EDGE_CURVE ('', #2560, #765, #2563, .T.);
#2565 = ORIENTED_EDGE ('', *, *, #2564, .F.);
#2566 = CARTESIAN_POINT ('', (22.9720553626602, 27.0000000000003, -12.5));
#2567 = CARTESIAN_POINT ('', (22.9720553626602, 32.0000000000003, -12.5));
#2568 = CARTESIAN_POINT ('', (17.9720553626602, 32.0000000000003, -12.5));
#2569 = CARTESIAN_POINT ('', (12.9720553626602, 32.0000000000002, -12.5));
#2570 = CARTESIAN_POINT ('', (12.9720553626602, 27.0000000000002, -12.5));
#2571 = (
   BOUNDED_CURVE ()
   B_SPLINE_CURVE (2, (#2566, #2567, #2568, #2569, #2570), .UNSPECIFIED., .F., .U.)
   B_SPLINE_CURVE_WITH_KNOTS ((3, 2, 3), (1.19014616899089E-30, 1.5707963267949, 3.14159265358979), .UNSPECIFIED.)
   CURVE ()
   GEOMETRIC_REPRESENTATION_ITEM ()
   RATIONAL_B_SPLINE_CURVE ((1., 0.707106781186549, 1., 0.707106781186546, 1.))
   REPRESENTATION_ITEM ('')
);
#2572 = EDGE_CURVE ('', #2560, #2552, #2571, .T.);
#2573 = ORIENTED_EDGE ('', *, *, #2572, .T.);
#2574 = EDGE_LOOP ('', (#2557, #2558, #2565, #2573));
#2575 = FACE_OUTER_BOUND ('', #2574, .T.);
#2576 = CARTESIAN_POINT ('', (22.9720553626602, 27.0000000000003, -12.5));
#2577 = CARTESIAN_POINT ('', (23.4720553626615, 27.0000000000003, -13.0000000000013));
#2578 = CARTESIAN_POINT ('', (22.9720702459034, 27.196393596542, -12.5));
#2579 = CARTESIAN_POINT ('', (23.472071734229, 27.2160329561962, -13.0000000000013));
#2580 = CARTESIAN_POINT ('', (22.9546461117393, 27.4983225392619, -12.5));
#2581 = CARTESIAN_POINT ('', (23.4529051866484, 27.5481547931882, -13.0000000000013));
#2582 = CARTESIAN_POINT ('', (22.8920195991683, 27.9094052082692, -12.5));
#2583 = CARTESIAN_POINT ('', (23.3840160228203, 28.0003457290963, -13.0000000000013));
#2584 = CARTESIAN_POINT ('', (22.8244253481891, 28.2201775327753, -12.5));
#2585 = CARTESIAN_POINT ('', (23.3096623467432, 28.3421952860531, -13.0000000000013));
#2586 = CARTESIAN_POINT ('', (22.7354738587268, 28.5314515278823, -12.5));
#2587 = CARTESIAN_POINT ('', (23.2118157083346, 28.6845966806709, -13.0000000000013));
#2588 = CARTESIAN_POINT ('', (22.6246746305287, 28.8411135075581, -12.5));
#2589 = CARTESIAN_POINT ('', (23.0899365573167, 29.0252248583143, -13.0000000000013));
#2590 = CARTESIAN_POINT ('', (22.4918088269928, 29.1469357287434, -12.5));
#2591 = CARTESIAN_POINT ('', (22.9437841734271, 29.3616293016183, -13.0000000000013));
#2592 = CARTESIAN_POINT ('', (22.3369560526188, 29.4466185280902, -12.5));
#2593 = CARTESIAN_POINT ('', (22.7734461216158, 29.6912803808998, -13.0000000000013));
#2594 = CARTESIAN_POINT ('', (22.1605117115747, 29.7378404512236, -12.5));
#2595 = CARTESIAN_POINT ('', (22.5793573464672, 30.0116244963466, -13.0000000000013));
#2596 = CARTESIAN_POINT ('', (21.9631946136034, 30.0183122685712, -12.5));
#2597 = CARTESIAN_POINT ('', (22.3623085386987, 30.3201434954291, -13.0000000000013));
#2598 = CARTESIAN_POINT ('', (21.7460433359131, 30.285833073335, -12.5));
#2599 = CARTESIAN_POINT ('', (22.1234421332393, 30.6144163806693, -13.0000000000013));
#2600 = CARTESIAN_POINT ('', (21.5104009598808, 30.5383455972523, -12.5));
#2601 = CARTESIAN_POINT ('', (21.8642355196038, 30.8921801569784, -13.0000000000013));
#2602 = CARTESIAN_POINT ('', (21.2578884361216, 30.7739879732539, -12.5));
#2603 = CARTESIAN_POINT ('', (21.5864717434686, 31.1513867705802, -13.0000000000013));
#2604 = CARTESIAN_POINT ('', (20.9903676307562, 30.9911392509088, -12.5));
#2605 = CARTESIAN_POINT ('', (21.2921988575666, 31.3902531760007, -13.0000000000013));
#2606 = CARTESIAN_POINT ('', (20.7098958156568, 31.1884563490523, -12.5));
#2607 = CARTESIAN_POINT ('', (20.9836798609572, 31.6073019839586, -13.0000000000013));
#2608 = CARTESIAN_POINT ('', (20.418673884132, 31.3649006894432, -12.5));
#2609 = CARTESIAN_POINT ('', (20.6633357362798, 31.8013907583886, -13.0000000000013));
#2610 = CARTESIAN_POINT ('', (20.1189911161024, 31.5197534662578, -12.5));
#2611 = CARTESIAN_POINT ('', (20.3336846914472, 31.9717288128846, -13.0000000000013));
#2612 = CARTESIAN_POINT ('', (19.8131687780399, 31.6526192606844, -12.5));
#2613 = CARTESIAN_POINT ('', (19.9972801195784, 32.117881186754, -13.0000000000013));
#2614 = CARTESIAN_POINT ('', (19.5035072345555, 31.7634185228791, -12.5));
#2615 = CARTESIAN_POINT ('', (19.6566524217454, 32.2397603751682, -13.0000000000013));
#2616 = CARTESIAN_POINT ('', (19.1922316115604, 31.8523698854643, -12.5));
#2617 = CARTESIAN_POINT ('', (19.3142492364508, 32.3376068740119, -13.0000000000013));
#2618 = CARTESIAN_POINT ('', (18.8814653624152, 31.9199646099552, -12.5));
#2619 = CARTESIAN_POINT ('', (18.9724063623909, 32.411961070952, -13.0000000000013));
#2620 = CARTESIAN_POINT ('', (18.6245197996565, 31.9591047076706, -12.5));
#2621 = CARTESIAN_POINT ('', (18.6897662433562, 32.4550151784388, -13.0000000000013));
#2622 = CARTESIAN_POINT ('', (18.4211446820018, 31.9805723835903, -12.5));
#2623 = CARTESIAN_POINT ('', (18.466053613936, 32.4786296219506, -13.0000000000013));
#2624 = CARTESIAN_POINT ('', (18.219232525523, 31.9956573353047, -12.5));
#2625 = CARTESIAN_POINT ('', (18.2439502418094, 32.4952230688364, -13.0000000000013));
#2626 = CARTESIAN_POINT ('', (17.9720553626602, 32.0028951097973, -12.5));
#2627 = CARTESIAN_POINT ('', (17.9720553626602, 32.5031846207783, -13.0000000000013));
#2628 = CARTESIAN_POINT ('', (17.7248781997974, 31.9956573353047, -12.5));
#2629 = CARTESIAN_POINT ('', (17.7001604835111, 32.4952230688364, -13.0000000000013));
#2630 = CARTESIAN_POINT ('', (17.5229660433187, 31.9805723835904, -12.5));
#2631 = CARTESIAN_POINT ('', (17.4780571113844, 32.4786296219506, -13.0000000000013));
#2632 = CARTESIAN_POINT ('', (17.319590925664, 31.9591047076704, -12.5));
#2633 = CARTESIAN_POINT ('', (17.2543444819643, 32.4550151784387, -13.0000000000013));
#2634 = CARTESIAN_POINT ('', (17.0626453629053, 31.9199646099553, -12.5));
#2635 = CARTESIAN_POINT ('', (16.9717043629296, 32.411961070952, -13.0000000000013));
#2636 = CARTESIAN_POINT ('', (16.75187911376, 31.8523698854644, -12.5));
#2637 = CARTESIAN_POINT ('', (16.6298614888697, 32.337606874012, -13.0000000000013));
#2638 = CARTESIAN_POINT ('', (16.4406034907651, 31.763418522879, -12.5));
#2639 = CARTESIAN_POINT ('', (16.2874583035752, 32.239760375168, -13.0000000000013));
#2640 = CARTESIAN_POINT ('', (16.1309419472805, 31.6526192606845, -12.5));
#2641 = CARTESIAN_POINT ('', (15.9468306057421, 32.117881186754, -13.0000000000013));
#2642 = CARTESIAN_POINT ('', (15.825119609218, 31.5197534662578, -12.5));
#2643 = CARTESIAN_POINT ('', (15.6104260338733, 31.9717288128847, -13.0000000000013));
#2644 = CARTESIAN_POINT ('', (15.5254368411884, 31.3649006894431, -12.5));
#2645 = CARTESIAN_POINT ('', (15.2807749890406, 31.8013907583885, -13.0000000000013));
#2646 = CARTESIAN_POINT ('', (15.2342149096635, 31.1884563490529, -12.5));
#2647 = CARTESIAN_POINT ('', (14.9604308643632, 31.6073019839593, -13.0000000000013));
#2648 = CARTESIAN_POINT ('', (14.9537430945644, 30.9911392509063, -12.5));
#2649 = CARTESIAN_POINT ('', (14.6519118677541, 31.3902531759979, -13.0000000000013));
#2650 = CARTESIAN_POINT ('', (14.6862222891982, 30.7739879732631, -12.5));
#2651 = CARTESIAN_POINT ('', (14.3576389818511, 31.1513867705903, -13.0000000000013));
#2652 = CARTESIAN_POINT ('', (14.4337097654424, 30.5383455972181, -12.5));
#2653 = CARTESIAN_POINT ('', (14.0798752057197, 30.8921801569408, -13.0000000000013));
#2654 = CARTESIAN_POINT ('', (14.1980673893974, 30.2858330734624, -12.5));
#2655 = CARTESIAN_POINT ('', (13.8206685920702, 30.6144163808094, -13.0000000000013));
#2656 = CARTESIAN_POINT ('', (13.9809161117542, 30.0183122680961, -12.5));
#2657 = CARTESIAN_POINT ('', (13.5818021866626, 30.3201434949064, -13.0000000000013));
#2658 = CARTESIAN_POINT ('', (13.7835990136075, 29.737840452997, -12.5));
#2659 = CARTESIAN_POINT ('', (13.3647533787012, 30.0116244982973, -13.0000000000013));
#2660 = CARTESIAN_POINT ('', (13.6071546732174, 29.446618521472, -12.5));
#2661 = CARTESIAN_POINT ('', (13.1706646042721, 29.6912803736198, -13.0000000000013));
#2662 = CARTESIAN_POINT ('', (13.4523018964027, 29.1469357534424, -12.5));
#2663 = CARTESIAN_POINT ('', (13.0003265497758, 29.3616293287872, -13.0000000000013));
#2664 = CARTESIAN_POINT ('', (13.319436101976, 28.84111341538, -12.5));
#2665 = CARTESIAN_POINT ('', (12.8541741759065, 29.0252247569184, -13.0000000000013));
#2666 = CARTESIAN_POINT ('', (13.2086368397814, 28.5314518718955, -12.5));
#2667 = CARTESIAN_POINT ('', (12.7322949874924, 28.6845970590854, -13.0000000000013));
#2668 = CARTESIAN_POINT ('', (13.1196854771962, 28.2201762489004, -12.5));
#2669 = CARTESIAN_POINT ('', (12.6344484886486, 28.3421938737908, -13.0000000000013));
#2670 = CARTESIAN_POINT ('', (13.0520907527053, 27.9094099997552, -12.5));
#2671 = CARTESIAN_POINT ('', (12.5600942917086, 28.0003509997309, -13.0000000000013));
#2672 = CARTESIAN_POINT ('', (13.01295065499, 27.6524644369965, -12.5));
#2673 = CARTESIAN_POINT ('', (12.5170401842218, 27.7177108806963, -13.0000000000013));
#2674 = CARTESIAN_POINT ('', (12.9914829790701, 27.4490893193418, -12.5));
#2675 = CARTESIAN_POINT ('', (12.4934257407099, 27.4939982512761, -13.0000000000013));
#2676 = CARTESIAN_POINT ('', (12.9763980273558, 27.2471771628631, -12.5));
#2677 = CARTESIAN_POINT ('', (12.4768322938242, 27.2718948791494, -13.0000000000013));
#2678 = CARTESIAN_POINT ('', (12.9720553626603, 27.0988708651454, -12.5));
#2679 = CARTESIAN_POINT ('', (12.472055362659, 27.1087579516599, -13.0000000000013));
#2680 = CARTESIAN_POINT ('', (12.9720553626602, 27.0000000000002, -12.5));
#2681 = CARTESIAN_POINT ('', (12.472055362659, 27.0000000000003, -13.0000000000013));
#2682 = B_SPLINE_SURFACE_WITH_KNOTS ('', 3, 1, ((#2576, #2577), (#2578, #2579), (#2580, #2581), (#2582, #2583), (#2584, #2585), (#2586, #2587), (#2588, #2589), (#2590, #2591), (#2592, #2593), (#2594, #2595), (#2596, #2597), (#2598, #2599), (#2600, #2601), (#2602, #2603), (#2604, #2605), (#2606, #2607), (#2608, #2609), (#2610, #2611), (#2612, #2613), (#2614, #2615), (#2616, #2617), (#2618, #2619), (#2620, #2621), (#2622, #2623), (#2624, #2625), (#2626, #2627), (#2628, #2629), (#2630, #2631), (#2632, #2633), (#2634, #2635), (#2636, #2637), (#2638, #2639), (#2640, #2641), (#2642, #2643), (#2644, #2645), (#2646, #2647), (#2648, #2649), (#2650, #2651), (#2652, #2653), (#2654, #2655), (#2656, #2657), (#2658, #2659), (#2660, #2661), (#2662, #2663), (#2664, #2665), (#2666, #2667), (#2668, #2669), (#2670, #2671), (#2672, #2673), (#2674, #2675), (#2676, #2677), (#2678, #2679), (#2680, #2681)), .UNSPECIFIED., .F., .F., .U., (4, 1, 1, 1, 1, 1, 1, 1, 1, 1, 1, 1, 1, 1, 1, 1, 1, 1, 1, 1, 1, 1, 1, 1, 1, 1, 1, 1, 1, 1, 1, 1, 1, 1, 1, 1, 1, 1, 1, 1, 1, 1, 1, 1, 1, 1, 1, 1, 1, 1, 4), (2, 2), (0., 0.0208333333333335, 0.0312499999999993, 0.0416666666666661, 0.0520833333333332, 0.0625000000000005, 0.0729166666666669, 0.0833333333333328, 0.0937500000000007, 0.104166666666667, 0.114583333333333, 0.125, 0.135416666666667, 0.145833333333334, 0.15625, 0.166666666666666, 0.177083333333333, 0.1875, 0.197916666666667, 0.208333333333334, 0.21875, 0.229166666666667, 0.234374999999999, 0.239583333333333, 0.25, 0.260416666666667, 0.265625, 0.270833333333333, 0.281249999999999, 0.291666666666667, 0.302083333333334, 0.3125, 0.322916666666667, 0.333333333333333, 0.343750000000001, 0.354166666666667, 0.364583333333334, 0.375, 0.385416666666667, 0.395833333333334, 0.40625, 0.416666666666668, 0.427083333333333, 0.4375, 0.447916666666666, 0.458333333333333, 0.468750000000001, 0.479166666666666, 0.484375, 0.489583333333332, 0.5), (0., 0.250000000000626), .UNSPECIFIED.);
#2683 = ADVANCED_FACE ('', (#2575), #2682, .T.);
#2684 = ORIENTED_EDGE ('', *, *, #2572, .F.);
#2685 = CARTESIAN_POINT ('', (12.9720553626602, 27.0000000000002, -12.5));
#2686 = CARTESIAN_POINT ('', (12.9720553626602, 22.0000000000003, -12.5));
#2687 = CARTESIAN_POINT ('', (17.9720553626602, 22.0000000000003, -12.5));
#2688 = CARTESIAN_POINT ('', (22.9720553626602, 22.0000000000003, -12.5));
#2689 = CARTESIAN_POINT ('', (22.9720553626602, 27.0000000000003, -12.5));
#2690 = (
   BOUNDED_CURVE ()
   B_SPLINE_CURVE (2, (#2685, #2686, #2687, #2688, #2689), .UNSPECIFIED., .F., .U.)
   B_SPLINE_CURVE_WITH_KNOTS ((3, 2, 3), (3.14159265358979, 4.71238898038469, 6.28318530717959), .UNSPECIFIED.)
   CURVE ()
   GEOMETRIC_REPRESENTATION_ITEM ()
   RATIONAL_B_SPLINE_CURVE ((1., 0.707106781186548, 1., 0.707106781186546, 1.))
   REPRESENTATION_ITEM ('')
);
#2691 = EDGE_CURVE ('', #2552, #2560, #2690, .T.);
#2692 = ORIENTED_EDGE ('', *, *, #2691, .F.);
#2693 = EDGE_LOOP ('', (#2684, #2692));
#2694 = FACE_OUTER_BOUND ('', #2693, .T.);
#2695 = CARTESIAN_POINT ('', (22.9720553626602, 22.0000000000003, -12.5));
#2696 = CARTESIAN_POINT ('', (22.9720553626602, 32.0000000000003, -12.5));
#2697 = CARTESIAN_POINT ('', (12.9720553626602, 22.0000000000003, -12.5));
#2698 = CARTESIAN_POINT ('', (12.9720553626602, 32.0000000000003, -12.5));
#2699 = B_SPLINE_SURFACE_WITH_KNOTS ('', 1, 1, ((#2695, #2696), (#2697, #2698)), .UNSPECIFIED., .F., .F., .U., (2, 2), (2, 2), (0.32560064406981, 0.662318158920547), (0.310610165995492, 0.647327680846228), .UNSPECIFIED.);
#2700 = ADVANCED_FACE ('', (#2694), #2699, .T.);
#2701 = CARTESIAN_POINT ('', (-5., -3.98630234941348, -12.5));
#2702 = VERTEX_POINT ('', #2701);
#2703 = CARTESIAN_POINT ('', (-4.99999999999999, -3.98630234941349, -12.5));
#2704 = CARTESIAN_POINT ('', (-5.50000000000124, -3.98630234941349, -13.0000000000013));
#2705 = B_SPLINE_CURVE_WITH_KNOTS ('', 1, (#2703, #2704), .UNSPECIFIED., .F., .U., (2, 2), (0., 0.250000000000624), .UNSPECIFIED.);
#2706 = EDGE_CURVE ('', #2702, #561, #2705, .T.);
#2707 = ORIENTED_EDGE ('', *, *, #2706, .T.);
#2708 = ORIENTED_EDGE ('', *, *, #760, .T.);
#2709 = CARTESIAN_POINT ('', (5., -3.98630234941348, -12.5));
#2710 = VERTEX_POINT ('', #2709);
#2711 = CARTESIAN_POINT ('', (5., -3.98630234941348, -12.5));
#2712 = CARTESIAN_POINT ('', (5.50000000000001, -3.98630234941348, -13.));
#2713 = B_SPLINE_CURVE_WITH_KNOTS ('', 1, (#2711, #2712), .UNSPECIFIED., .F., .U., (2, 2), (0., 0.250000000000001), .UNSPECIFIED.);
#2714 = EDGE_CURVE ('', #2710, #559, #2713, .T.);
#2715 = ORIENTED_EDGE ('', *, *, #2714, .F.);
#2716 = CARTESIAN_POINT ('', (5., -3.98630234941348, -12.5));
#2717 = CARTESIAN_POINT ('', (5., 1.01369765058653, -12.5));
#2718 = CARTESIAN_POINT ('', (1.08136342990531E-16, 1.01369765058653, -12.5));
#2719 = CARTESIAN_POINT ('', (-5., 1.01369765058653, -12.5));
#2720 = CARTESIAN_POINT ('', (-5., -3.98630234941348, -12.5));
#2721 = (
   BOUNDED_CURVE ()
   B_SPLINE_CURVE (2, (#2716, #2717, #2718, #2719, #2720), .UNSPECIFIED., .F., .U.)
   B_SPLINE_CURVE_WITH_KNOTS ((3, 2, 3), (0., 1.5707963267949, 3.14159265358979), .UNSPECIFIED.)
   CURVE ()
   GEOMETRIC_REPRESENTATION_ITEM ()
   RATIONAL_B_SPLINE_CURVE ((1., 0.707106781186546, 1., 0.707106781186547, 1.))
   REPRESENTATION_ITEM ('')
);
#2722 = EDGE_CURVE ('', #2710, #2702, #2721, .T.);
#2723 = ORIENTED_EDGE ('', *, *, #2722, .T.);
#2724 = EDGE_LOOP ('', (#2707, #2708, #2715, #2723));
#2725 = FACE_OUTER_BOUND ('', #2724, .T.);
#2726 = CARTESIAN_POINT ('', (5., -3.98630234941348, -12.5));
#2727 = CARTESIAN_POINT ('', (5.50000000000126, -3.98630234941348, -13.0000000000012));
#2728 = CARTESIAN_POINT ('', (5.00001488324316, -3.78990875287178, -12.5));
#2729 = CARTESIAN_POINT ('', (5.50001637156871, -3.77026939321755, -13.0000000000012));
#2730 = CARTESIAN_POINT ('', (4.98259074907904, -3.48797981015181, -12.5));
#2731 = CARTESIAN_POINT ('', (5.48084982398818, -3.43814755622552, -13.0000000000012));
#2732 = CARTESIAN_POINT ('', (4.91996423650801, -3.07689714114454, -12.5));
#2733 = CARTESIAN_POINT ('', (5.41196066016006, -2.98595662031742, -13.0000000000012));
#2734 = CARTESIAN_POINT ('', (4.85236998552884, -2.76612481663844, -12.5));
#2735 = CARTESIAN_POINT ('', (5.33760698408294, -2.64410706336063, -13.0000000000012));
#2736 = CARTESIAN_POINT ('', (4.76341849606655, -2.45485082153146, -12.5));
#2737 = CARTESIAN_POINT ('', (5.23976034567439, -2.30170566874288, -13.0000000000012));
#2738 = CARTESIAN_POINT ('', (4.65261926786849, -2.14518884185568, -12.5));
#2739 = CARTESIAN_POINT ('', (5.1178811946565, -1.96107749109947, -13.0000000000012));
#2740 = CARTESIAN_POINT ('', (4.51975346433253, -1.83936662067035, -12.5));
#2741 = CARTESIAN_POINT ('', (4.97172881076689, -1.62467304779548, -13.0000000000012));
#2742 = CARTESIAN_POINT ('', (4.3649006899586, -1.53968382132356, -12.5));
#2743 = CARTESIAN_POINT ('', (4.80139075895557, -1.29502196851395, -13.0000000000012));
#2744 = CARTESIAN_POINT ('', (4.18845634891447, -1.24846189819013, -12.5));
#2745 = CARTESIAN_POINT ('', (4.60730198380697, -0.97467785306713, -13.0000000000012));
#2746 = CARTESIAN_POINT ('', (3.99113925094312, -0.967990080842549, -12.5));
#2747 = CARTESIAN_POINT ('', (4.39025317603843, -0.666158853984685, -13.0000000000012));
#2748 = CARTESIAN_POINT ('', (3.77398797325285, -0.70046927607876, -12.5));
#2749 = CARTESIAN_POINT ('', (4.1513867705791, -0.371885968744472, -13.0000000000012));
#2750 = CARTESIAN_POINT ('', (3.53834559722057, -0.44795675216144, -12.5));
#2751 = CARTESIAN_POINT ('', (3.89218015694351, -0.0941221924353572, -13.0000000000012));
#2752 = CARTESIAN_POINT ('', (3.28583307346135, -0.212314376159862, -12.5));
#2753 = CARTESIAN_POINT ('', (3.61441638080833, 0.165084421166458, -13.0000000000012));
#2754 = CARTESIAN_POINT ('', (3.018312268096, 0.00483690149508398, -12.5));
#2755 = CARTESIAN_POINT ('', (3.32014349490635, 0.403950826586926, -13.0000000000012));
#2756 = CARTESIAN_POINT ('', (2.73784045299658, 0.202153999638572, -12.5));
#2757 = CARTESIAN_POINT ('', (3.01162449829694, 0.620999634544821, -13.0000000000012));
#2758 = CARTESIAN_POINT ('', (2.44661852147179, 0.378598340029471, -12.5));
#2759 = CARTESIAN_POINT ('', (2.69128037361959, 0.815088408974885, -13.0000000000012));
#2760 = CARTESIAN_POINT ('', (2.14693575344218, 0.533451116844025, -12.5));
#2761 = CARTESIAN_POINT ('', (2.36162932878694, 0.985426463470898, -13.0000000000012));
#2762 = CARTESIAN_POINT ('', (1.84111341537967, 0.666316911270687, -12.5));
#2763 = CARTESIAN_POINT ('', (2.02522475691811, 1.13157883734026, -13.0000000000012));
#2764 = CARTESIAN_POINT ('', (1.53145187189523, 0.777116173465403, -12.5));
#2765 = CARTESIAN_POINT ('', (1.68459705908513, 1.25345802575447, -13.0000000000012));
#2766 = CARTESIAN_POINT ('', (1.2201762489002, 0.866067536050567, -12.5));
#2767 = CARTESIAN_POINT ('', (1.34219387379054, 1.35130452459818, -13.0000000000012));
#2768 = CARTESIAN_POINT ('', (0.909409999754928, 0.933662260541501, -12.5));
#2769 = CARTESIAN_POINT ('', (1.00035099973064, 1.42565872153822, -13.0000000000012));
#2770 = CARTESIAN_POINT ('', (0.652464436996212, 0.972802358256821, -12.5));
#2771 = CARTESIAN_POINT ('', (0.717710880696003, 1.46871282902507, -13.0000000000012));
#2772 = CARTESIAN_POINT ('', (0.449089319341539, 0.994270034176596, -12.5));
#2773 = CARTESIAN_POINT ('', (0.493998251275804, 1.49232727253686, -13.0000000000012));
#2774 = CARTESIAN_POINT ('', (0.247177162862798, 1.00935498589093, -12.5));
#2775 = CARTESIAN_POINT ('', (0.271894879149131, 1.50892071942261, -13.0000000000012));
#2776 = CARTESIAN_POINT ('', (-2.84217094304044E-14, 1.01659276038359, -12.5));
#2777 = CARTESIAN_POINT ('', (-2.13162820727856E-14, 1.51688227136456, -13.0000000000012));
#2778 = CARTESIAN_POINT ('', (-0.247177162862798, 1.00935498589095, -12.5));
#2779 = CARTESIAN_POINT ('', (-0.271894879149117, 1.50892071942262, -13.0000000000012));
#2780 = CARTESIAN_POINT ('', (-0.449089319341539, 0.994270034176656, -12.5));
#2781 = CARTESIAN_POINT ('', (-0.493998251275804, 1.4923272725369, -13.0000000000012));
#2782 = CARTESIAN_POINT ('', (-0.652464436996198, 0.972802358256674, -12.5));
#2783 = CARTESIAN_POINT ('', (-0.717710880695971, 1.46871282902493, -13.0000000000012));
#2784 = CARTESIAN_POINT ('', (-0.909409999754914, 0.93366226054153, -12.5));
#2785 = CARTESIAN_POINT ('', (-1.00035099973062, 1.42565872153825, -13.0000000000012));
#2786 = CARTESIAN_POINT ('', (-1.22017624890026, 0.866067536050682, -12.5));
#2787 = CARTESIAN_POINT ('', (-1.34219387379057, 1.35130452459829, -13.0000000000012));
#2788 = CARTESIAN_POINT ('', (-1.53145187189517, 0.777116173465233, -12.5));
#2789 = CARTESIAN_POINT ('', (-1.68459705908506, 1.25345802575431, -13.0000000000012));
#2790 = CARTESIAN_POINT ('', (-1.84111341537974, 0.666316911270743, -12.5));
#2791 = CARTESIAN_POINT ('', (-2.02522475691816, 1.1315788373403, -13.0000000000012));
#2792 = CARTESIAN_POINT ('', (-2.14693575344219, 0.533451116844025, -12.5));
#2793 = CARTESIAN_POINT ('', (-2.36162932878694, 0.98542646347092, -13.0000000000012));
#2794 = CARTESIAN_POINT ('', (-2.44661852147181, 0.378598340029361, -12.5));
#2795 = CARTESIAN_POINT ('', (-2.6912803736196, 0.815088408974724, -13.0000000000012));
#2796 = CARTESIAN_POINT ('', (-2.73784045299669, 0.202153999639195, -12.5));
#2797 = CARTESIAN_POINT ('', (-3.01162449829703, 0.620999634545517, -13.0000000000012));
#2798 = CARTESIAN_POINT ('', (-3.01831226809584, 0.00483690149258642, -12.5));
#2799 = CARTESIAN_POINT ('', (-3.32014349490616, 0.403950826584193, -13.0000000000012));
#2800 = CARTESIAN_POINT ('', (-3.28583307346207, -0.212314376150653, -12.5));
#2801 = CARTESIAN_POINT ('', (-3.6144163808091, 0.165084421176575, -13.0000000000012));
#2802 = CARTESIAN_POINT ('', (-3.53834559721787, -0.447956752195607, -12.5));
#2803 = CARTESIAN_POINT ('', (-3.89218015694054, -0.0941221924729191, -13.0000000000012));
#2804 = CARTESIAN_POINT ('', (-3.77398797326285, -0.700469275951372, -12.5));
#2805 = CARTESIAN_POINT ('', (-4.15138677059007, -0.371885968604351, -13.0000000000012));
#2806 = CARTESIAN_POINT ('', (-3.99113925090606, -0.967990081317678, -12.5));
#2807 = CARTESIAN_POINT ('', (-4.39025317599765, -0.666158854507328, -13.0000000000012));
#2808 = CARTESIAN_POINT ('', (-4.18845634905273, -1.24846189641678, -12.5));
#2809 = CARTESIAN_POINT ('', (-4.60730198395903, -0.974677851116447, -13.0000000000012));
#2810 = CARTESIAN_POINT ('', (-4.36490068944281, -1.5396838279417, -12.5));
#2811 = CARTESIAN_POINT ('', (-4.80139075838817, -1.29502197579389, -13.0000000000012));
#2812 = CARTESIAN_POINT ('', (-4.51975346625751, -1.83936659597131, -12.5));
#2813 = CARTESIAN_POINT ('', (-4.9717288128844, -1.62467302062655, -13.0000000000012));
#2814 = CARTESIAN_POINT ('', (-4.65261926068422, -2.14518893403371, -12.5));
#2815 = CARTESIAN_POINT ('', (-5.11788118675378, -1.96107759249529, -13.0000000000012));
#2816 = CARTESIAN_POINT ('', (-4.7634185228788, -2.45485047751825, -12.5));
#2817 = CARTESIAN_POINT ('', (-5.23976037516787, -2.30170529032834, -13.0000000000012));
#2818 = CARTESIAN_POINT ('', (-4.85236988546404, -2.7661261005133, -12.5));
#2819 = CARTESIAN_POINT ('', (-5.33760687401166, -2.64410847562297, -13.0000000000012));
#2820 = CARTESIAN_POINT ('', (-4.91996460995495, -3.07689234965858, -12.5));
#2821 = CARTESIAN_POINT ('', (-5.41196107095167, -2.98595134968285, -13.0000000000012));
#2822 = CARTESIAN_POINT ('', (-4.95910470767021, -3.33383791241726, -12.5));
#2823 = CARTESIAN_POINT ('', (-5.45501517843847, -3.26859146871749, -13.0000000000012));
#2824 = CARTESIAN_POINT ('', (-4.9805723835901, -3.53721303007194, -12.5));
#2825 = CARTESIAN_POINT ('', (-5.47862962195034, -3.49230409813766, -13.0000000000012));
#2826 = CARTESIAN_POINT ('', (-4.99565733530442, -3.73912518655064, -12.5));
#2827 = CARTESIAN_POINT ('', (-5.49522306883609, -3.71440747026432, -13.0000000000012));
#2828 = CARTESIAN_POINT ('', (-4.99999999999999, -3.88743148426835, -12.5));
#2829 = CARTESIAN_POINT ('', (-5.50000000000124, -3.87754439775382, -13.0000000000012));
#2830 = CARTESIAN_POINT ('', (-4.99999999999999, -3.98630234941349, -12.5));
#2831 = CARTESIAN_POINT ('', (-5.50000000000124, -3.98630234941349, -13.0000000000013));
#2832 = B_SPLINE_SURFACE_WITH_KNOTS ('', 3, 1, ((#2726, #2727), (#2728, #2729), (#2730, #2731), (#2732, #2733), (#2734, #2735), (#2736, #2737), (#2738, #2739), (#2740, #2741), (#2742, #2743), (#2744, #2745), (#2746, #2747), (#2748, #2749), (#2750, #2751), (#2752, #2753), (#2754, #2755), (#2756, #2757), (#2758, #2759), (#2760, #2761), (#2762, #2763), (#2764, #2765), (#2766, #2767), (#2768, #2769), (#2770, #2771), (#2772, #2773), (#2774, #2775), (#2776, #2777), (#2778, #2779), (#2780, #2781), (#2782, #2783), (#2784, #2785), (#2786, #2787), (#2788, #2789), (#2790, #2791), (#2792, #2793), (#2794, #2795), (#2796, #2797), (#2798, #2799), (#2800, #2801), (#2802, #2803), (#2804, #2805), (#2806, #2807), (#2808, #2809), (#2810, #2811), (#2812, #2813), (#2814, #2815), (#2816, #2817), (#2818, #2819), (#2820, #2821), (#2822, #2823), (#2824, #2825), (#2826, #2827), (#2828, #2829), (#2830, #2831)), .UNSPECIFIED., .F., .F., .U., (4, 1, 1, 1, 1, 1, 1, 1, 1, 1, 1, 1, 1, 1, 1, 1, 1, 1, 1, 1, 1, 1, 1, 1, 1, 1, 1, 1, 1, 1, 1, 1, 1, 1, 1, 1, 1, 1, 1, 1, 1, 1, 1, 1, 1, 1, 1, 1, 1, 1, 4), (2, 2), (0., 0.0208333333333335, 0.0312499999999993, 0.0416666666666661, 0.0520833333333332, 0.0625000000000005, 0.0729166666666669, 0.0833333333333328, 0.0937500000000007, 0.104166666666667, 0.114583333333333, 0.125, 0.135416666666667, 0.145833333333334, 0.15625, 0.166666666666666, 0.177083333333333, 0.1875, 0.197916666666667, 0.208333333333334, 0.21875, 0.229166666666667, 0.234374999999999, 0.239583333333333, 0.25, 0.260416666666667, 0.265625, 0.270833333333333, 0.281249999999999, 0.291666666666667, 0.302083333333334, 0.3125, 0.322916666666667, 0.333333333333333, 0.343750000000001, 0.354166666666667, 0.364583333333334, 0.375, 0.385416666666667, 0.395833333333334, 0.40625, 0.416666666666668, 0.427083333333333, 0.4375, 0.447916666666666, 0.458333333333333, 0.468750000000001, 0.479166666666666, 0.484375, 0.489583333333332, 0.5), (0., 0.250000000000624), .UNSPECIFIED.);
#2833 = ADVANCED_FACE ('', (#2725), #2832, .T.);
#2834 = ORIENTED_EDGE ('', *, *, #2722, .F.);
#2835 = CARTESIAN_POINT ('', (-5., -3.98630234941348, -12.5));
#2836 = CARTESIAN_POINT ('', (-5., -8.98630234941348, -12.5));
#2837 = CARTESIAN_POINT ('', (-1.11651045615697E-15, -8.98630234941348, -12.5));
#2838 = CARTESIAN_POINT ('', (5., -8.98630234941348, -12.5));
#2839 = CARTESIAN_POINT ('', (5., -3.98630234941348, -12.5));
#2840 = (
   BOUNDED_CURVE ()
   B_SPLINE_CURVE (2, (#2835, #2836, #2837, #2838, #2839), .UNSPECIFIED., .F., .U.)
   B_SPLINE_CURVE_WITH_KNOTS ((3, 2, 3), (3.14159265358979, 4.71238898038469, 6.28318530717959), .UNSPECIFIED.)
   CURVE ()
   GEOMETRIC_REPRESENTATION_ITEM ()
   RATIONAL_B_SPLINE_CURVE ((1., 0.707106781186546, 1., 0.707106781186547, 1.))
   REPRESENTATION_ITEM ('')
);
#2841 = EDGE_CURVE ('', #2702, #2710, #2840, .T.);
#2842 = ORIENTED_EDGE ('', *, *, #2841, .F.);
#2843 = EDGE_LOOP ('', (#2834, #2842));
#2844 = FACE_OUTER_BOUND ('', #2843, .T.);
#2845 = CARTESIAN_POINT ('', (5., -8.98630234941348, -12.5));
#2846 = CARTESIAN_POINT ('', (5., 1.01369765058652, -12.5));
#2847 = CARTESIAN_POINT ('', (-5., -8.98630234941348, -12.5));
#2848 = CARTESIAN_POINT ('', (-5., 1.01369765058652, -12.5));
#2849 = B_SPLINE_SURFACE_WITH_KNOTS ('', 1, 1, ((#2845, #2846), (#2847, #2848)), .UNSPECIFIED., .F., .F., .U., (2, 2), (2, 2), (0.32560064406981, 0.662318158920547), (0.310610165995492, 0.647327680846229), .UNSPECIFIED.);
#2850 = ADVANCED_FACE ('', (#2844), #2849, .T.);
#2851 = CARTESIAN_POINT ('', (6.0552183248329, -7.4983289778164, -10.));
#2852 = CARTESIAN_POINT ('', (6.0552183248329, -7.4983289778164, -13.));
#2853 = B_SPLINE_CURVE_WITH_KNOTS ('', 1, (#2851, #2852), .UNSPECIFIED., .F., .U., (2, 2), (0.7, 1.), .UNSPECIFIED.);
#2854 = EDGE_CURVE ('', #1959, #506, #2853, .T.);
#2855 = ORIENTED_EDGE ('', *, *, #2854, .F.);
#2856 = ORIENTED_EDGE ('', *, *, #1997, .F.);
#2857 = CARTESIAN_POINT ('', (-6.05521832483246, -7.49832897781625, -10.));
#2858 = CARTESIAN_POINT ('', (-6.05521832483246, -7.49832897781625, -13.));
#2859 = B_SPLINE_CURVE_WITH_KNOTS ('', 1, (#2857, #2858), .UNSPECIFIED., .F., .U., (2, 2), (0.7, 1.), .UNSPECIFIED.);
#2860 = EDGE_CURVE ('', #1952, #508, #2859, .T.);
#2861 = ORIENTED_EDGE ('', *, *, #2860, .T.);
#2862 = ORIENTED_EDGE ('', *, *, #515, .F.);
#2863 = EDGE_LOOP ('', (#2855, #2856, #2861, #2862));
#2864 = FACE_OUTER_BOUND ('', #2863, .T.);
#2865 = CARTESIAN_POINT ('', (6.0552183248329, -7.4983289778164, -10.));
#2866 = CARTESIAN_POINT ('', (6.05521832483289, -7.49832897781641, -13.));
#2867 = CARTESIAN_POINT ('', (4.03219376930655, -10.9863023494135, -9.99999999999998));
#2868 = CARTESIAN_POINT ('', (4.03219376930654, -10.9863023494136, -13.));
#2869 = CARTESIAN_POINT ('', (1.55762890602401E-13, -10.9863023494135, -9.99999999999997));
#2870 = CARTESIAN_POINT ('', (1.46882506157908E-13, -10.9863023494135, -13.));
#2871 = CARTESIAN_POINT ('', (-4.03219376930624, -10.9863023494134, -9.99999999999995));
#2872 = CARTESIAN_POINT ('', (-4.03219376930625, -10.9863023494134, -13.));
#2873 = CARTESIAN_POINT ('', (-6.05521832483249, -7.49832897781623, -9.99999999999997));
#2874 = CARTESIAN_POINT ('', (-6.0552183248325, -7.49832897781624, -13.));
#2875 = (
   BOUNDED_SURFACE ()
   B_SPLINE_SURFACE (2, 1, ((#2865, #2866), (#2867, #2868), (#2869, #2870), (#2871, #2872), (#2873, #2874)), .UNSPECIFIED., .F., .F., .U.)
   B_SPLINE_SURFACE_WITH_KNOTS ((3, 2, 3), (2, 2), (0., 0.731648773270312, 1.46329754654062), (4.72868888774514E-5, 0.300047286888881), .UNSPECIFIED.)
   GEOMETRIC_REPRESENTATION_ITEM ()
   RATIONAL_B_SPLINE_SURFACE (((1., 1.), (0.86652123164174, 0.86652123164174), (1., 1.), (0.86652123164174, 0.86652123164174), (1., 1.)))
   REPRESENTATION_ITEM ('')
   SURFACE ()
);
#2876 = ADVANCED_FACE ('', (#2864), #2875, .T.);
#2877 = CARTESIAN_POINT ('', (-24.0272736874912, 23.4879733715973, -10.));
#2878 = CARTESIAN_POINT ('', (-24.0272736874912, 23.4879733715973, -13.));
#2879 = B_SPLINE_CURVE_WITH_KNOTS ('', 1, (#2877, #2878), .UNSPECIFIED., .F., .U., (2, 2), (0.7, 1.), .UNSPECIFIED.);
#2880 = EDGE_CURVE ('', #1581, #518, #2879, .T.);
#2881 = ORIENTED_EDGE ('', *, *, #2880, .F.);
#2882 = ORIENTED_EDGE ('', *, *, #1703, .F.);
#2883 = CARTESIAN_POINT ('', (-17.9720553626585, 34.0000000000001, -10.));
#2884 = CARTESIAN_POINT ('', (-17.9720553626585, 34.0000000000001, -13.));
#2885 = B_SPLINE_CURVE_WITH_KNOTS ('', 1, (#2883, #2884), .UNSPECIFIED., .F., .U., (2, 2), (0.7, 1.), .UNSPECIFIED.);
#2886 = EDGE_CURVE ('', #1574, #525, #2885, .T.);
#2887 = ORIENTED_EDGE ('', *, *, #2886, .T.);
#2888 = ORIENTED_EDGE ('', *, *, #532, .F.);
#2889 = EDGE_LOOP ('', (#2881, #2882, #2887, #2888));
#2890 = FACE_OUTER_BOUND ('', #2889, .T.);
#2891 = CARTESIAN_POINT ('', (-24.0272736874912, 23.4879733715973, -10.));
#2892 = CARTESIAN_POINT ('', (-24.0272736874912, 23.4879733715973, -13.));
#2893 = CARTESIAN_POINT ('', (-26.0572676849538, 26.9879630223952, -10.));
#2894 = CARTESIAN_POINT ('', (-26.0572676849538, 26.9879630223952, -13.));
#2895 = CARTESIAN_POINT ('', (-24.0377039841507, 30.4939815111976, -10.));
#2896 = CARTESIAN_POINT ('', (-24.0377039841506, 30.4939815111976, -13.));
#2897 = CARTESIAN_POINT ('', (-22.0181402833474, 34.0000000000001, -10.));
#2898 = CARTESIAN_POINT ('', (-22.0181402833474, 34.0000000000001, -13.));
#2899 = CARTESIAN_POINT ('', (-17.9720553626585, 34.0000000000001, -9.99999999999999));
#2900 = CARTESIAN_POINT ('', (-17.9720553626585, 34.0000000000001, -13.));
#2901 = (
   BOUNDED_SURFACE ()
   B_SPLINE_SURFACE (2, 1, ((#2891, #2892), (#2893, #2894), (#2895, #2896), (#2897, #2898), (#2899, #2900)), .UNSPECIFIED., .F., .F., .U.)
   B_SPLINE_SURFACE_WITH_KNOTS ((3, 2, 3), (2, 2), (0., 0.733733042121269, 1.46746608424254), (0., 0.300000000000001), .UNSPECIFIED.)
   GEOMETRIC_REPRESENTATION_ITEM ()
   RATIONAL_B_SPLINE_SURFACE (((1., 1.), (0.865777169913069, 0.865777169913069), (1., 1.), (0.865777169913069, 0.865777169913069), (1., 1.)))
   REPRESENTATION_ITEM ('')
   SURFACE ()
);
#2902 = ADVANCED_FACE ('', (#2890), #2901, .T.);
#2903 = ORIENTED_EDGE ('', *, *, #2388, .T.);
#2904 = ORIENTED_EDGE ('', *, *, #1710, .F.);
#2905 = ORIENTED_EDGE ('', *, *, #2880, .T.);
#2906 = ORIENTED_EDGE ('', *, *, #522, .F.);
#2907 = ORIENTED_EDGE ('', *, *, #2860, .F.);
#2908 = ORIENTED_EDGE ('', *, *, #1956, .F.);
#2909 = ORIENTED_EDGE ('', *, *, #2350, .F.);
#2910 = ORIENTED_EDGE ('', *, *, #1822, .T.);
#2911 = EDGE_LOOP ('', (#2903, #2904, #2905, #2906, #2907, #2908, #2909, #2910));
#2912 = FACE_OUTER_BOUND ('', #2911, .T.);
#2913 = CARTESIAN_POINT ('', (-6.05521832483245, -7.49832897781625, -3.));
#2914 = CARTESIAN_POINT ('', (-6.05521832483245, -7.49832897781625, -13.));
#2915 = CARTESIAN_POINT ('', (-24.0272736874912, 23.4879733715973, -3.));
#2916 = CARTESIAN_POINT ('', (-24.0272736874912, 23.4879733715973, -13.));
#2917 = B_SPLINE_SURFACE_WITH_KNOTS ('', 1, 1, ((#2913, #2914), (#2915, #2916)), .UNSPECIFIED., .F., .F., .U., (2, 2), (2, 2), (7.47651339832853, 11.0586157241251), (0., 1.), .UNSPECIFIED.);
#2918 = ADVANCED_FACE ('', (#2912), #2917, .T.);
#2919 = CARTESIAN_POINT ('', (24.0272736874927, 23.4879733715973, -10.));
#2920 = CARTESIAN_POINT ('', (24.0272736874927, 23.4879733715973, -13.));
#2921 = B_SPLINE_CURVE_WITH_KNOTS ('', 1, (#2919, #2920), .UNSPECIFIED., .F., .U., (2, 2), (0.7, 1.), .UNSPECIFIED.);
#2922 = EDGE_CURVE ('', #128, #542, #2921, .T.);
#2923 = ORIENTED_EDGE ('', *, *, #2922, .F.);
#2924 = ORIENTED_EDGE ('', *, *, #132, .T.);
#2925 = CARTESIAN_POINT ('', (18.3089172049242, 13.6287380568234, -3.));
#2926 = CARTESIAN_POINT ('', (18.3089172049242, 13.6287380568234, -10.));
#2927 = B_SPLINE_CURVE_WITH_KNOTS ('', 1, (#2925, #2926), .UNSPECIFIED., .F., .U., (2, 2), (0., 1.), .UNSPECIFIED.);
#2928 = EDGE_CURVE ('', #2196, #121, #2927, .T.);
#2929 = ORIENTED_EDGE ('', *, *, #2928, .F.);
#2930 = ORIENTED_EDGE ('', *, *, #2200, .T.);
#2931 = ORIENTED_EDGE ('', *, *, #2116, .F.);
#2932 = ORIENTED_EDGE ('', *, *, #2004, .F.);
#2933 = ORIENTED_EDGE ('', *, *, #2854, .T.);
#2934 = ORIENTED_EDGE ('', *, *, #554, .F.);
#2935 = EDGE_LOOP ('', (#2923, #2924, #2929, #2930, #2931, #2932, #2933, #2934));
#2936 = FACE_OUTER_BOUND ('', #2935, .T.);
#2937 = CARTESIAN_POINT ('', (24.0272736874927, 23.4879733715973, -3.));
#2938 = CARTESIAN_POINT ('', (24.0272736874927, 23.4879733715973, -13.));
#2939 = CARTESIAN_POINT ('', (6.05521832483293, -7.49832897781635, -3.));
#2940 = CARTESIAN_POINT ('', (6.05521832483293, -7.49832897781635, -13.));
#2941 = B_SPLINE_SURFACE_WITH_KNOTS ('', 1, 1, ((#2937, #2938), (#2939, #2940)), .UNSPECIFIED., .F., .F., .U., (2, 2), (2, 2), (14.853026796657, 18.4351291224537), (0., 1.), .UNSPECIFIED.);
#2942 = ADVANCED_FACE ('', (#2936), #2941, .T.);
#2943 = ORIENTED_EDGE ('', *, *, #125, .T.);
#2944 = CARTESIAN_POINT ('', (15.6194162082416, 15.1886486348991, -3.));
#2945 = CARTESIAN_POINT ('', (15.6194162082416, 15.1886486348991, -10.));
#2946 = B_SPLINE_CURVE_WITH_KNOTS ('', 1, (#2944, #2945), .UNSPECIFIED., .F., .U., (2, 2), (0.3, 1.), .UNSPECIFIED.);
#2947 = EDGE_CURVE ('', #2145, #113, #2946, .T.);
#2948 = ORIENTED_EDGE ('', *, *, #2947, .F.);
#2949 = ORIENTED_EDGE ('', *, *, #2205, .T.);
#2950 = ORIENTED_EDGE ('', *, *, #2928, .T.);
#2951 = EDGE_LOOP ('', (#2943, #2948, #2949, #2950));
#2952 = FACE_OUTER_BOUND ('', #2951, .T.);
#2953 = CARTESIAN_POINT ('', (18.3089172049984, 13.6287380567803, -3.));
#2954 = CARTESIAN_POINT ('', (15.6194162083154, 15.188648634856, -3.));
#2955 = CARTESIAN_POINT ('', (18.3089172049984, 13.6287380567803, -10.));
#2956 = CARTESIAN_POINT ('', (15.6194162083154, 15.188648634856, -10.));
#2957 = B_SPLINE_SURFACE_WITH_KNOTS ('', 1, 1, ((#2953, #2954), (#2955, #2956)), .UNSPECIFIED., .F., .F., .U., (2, 2), (2, 2), (0.3, 1.), (193.56857585678, 193.879489616893), .UNSPECIFIED.);
#2958 = ADVANCED_FACE ('', (#2952), #2957, .T.);
#2959 = ORIENTED_EDGE ('', *, *, #2947, .T.);
#2960 = ORIENTED_EDGE ('', *, *, #118, .T.);
#2961 = CARTESIAN_POINT ('', (14., 18., -3.));
#2962 = CARTESIAN_POINT ('', (14., 18., -10.));
#2963 = B_SPLINE_CURVE_WITH_KNOTS ('', 1, (#2961, #2962), .UNSPECIFIED., .F., .U., (2, 2), (0.3, 1.), .UNSPECIFIED.);
#2964 = EDGE_CURVE ('', #2143, #106, #2963, .T.);
#2965 = ORIENTED_EDGE ('', *, *, #2964, .F.);
#2966 = ORIENTED_EDGE ('', *, *, #2173, .T.);
#2967 = EDGE_LOOP ('', (#2959, #2960, #2965, #2966));
#2968 = FACE_OUTER_BOUND ('', #2967, .T.);
#2969 = CARTESIAN_POINT ('', (15.6194162082416, 15.1886486348991, -3.00000000000001));
#2970 = CARTESIAN_POINT ('', (14., 16.1279100356792, -3.00000000000001));
#2971 = CARTESIAN_POINT ('', (14., 18., -3.));
#2972 = CARTESIAN_POINT ('', (15.6194162082416, 15.1886486348991, -10.));
#2973 = CARTESIAN_POINT ('', (14., 16.1279100356792, -10.));
#2974 = CARTESIAN_POINT ('', (14., 18., -10.));
#2975 = (
   BOUNDED_SURFACE ()
   B_SPLINE_SURFACE (1, 2, ((#2969, #2970, #2971), (#2972, #2973, #2974)), .UNSPECIFIED., .F., .F., .U.)
   B_SPLINE_SURFACE_WITH_KNOTS ((2, 2), (3, 3), (0., 0.7), (0., 0.339694073304074), .UNSPECIFIED.)
   GEOMETRIC_REPRESENTATION_ITEM ()
   RATIONAL_B_SPLINE_SURFACE (((1., 0.866521231641741, 1.), (1., 0.866521231641741, 1.)))
   REPRESENTATION_ITEM ('')
   SURFACE ()
);
#2976 = ADVANCED_FACE ('', (#2968), #2975, .T.);
#2977 = ORIENTED_EDGE ('', *, *, #2964, .T.);
#2978 = ORIENTED_EDGE ('', *, *, #110, .T.);
#2979 = CARTESIAN_POINT ('', (14., 34., -10.));
#2980 = CARTESIAN_POINT ('', (14., 34., -3.));
#2981 = B_SPLINE_CURVE_WITH_KNOTS ('', 1, (#2979, #2980), .UNSPECIFIED., .F., .U., (2, 2), (0., 1.), .UNSPECIFIED.);
#2982 = EDGE_CURVE ('', #97, #2176, #2981, .T.);
#2983 = ORIENTED_EDGE ('', *, *, #2982, .T.);
#2984 = ORIENTED_EDGE ('', *, *, #2180, .T.);
#2985 = EDGE_LOOP ('', (#2977, #2978, #2983, #2984));
#2986 = FACE_OUTER_BOUND ('', #2985, .T.);
#2987 = CARTESIAN_POINT ('', (14., 18.0000000003283, -3.));
#2988 = CARTESIAN_POINT ('', (14., 34.0000000003283, -3.));
#2989 = CARTESIAN_POINT ('', (14., 18.0000000003283, -10.));
#2990 = CARTESIAN_POINT ('', (14., 34.0000000003283, -10.));
#2991 = B_SPLINE_SURFACE_WITH_KNOTS ('', 1, 1, ((#2987, #2988), (#2989, #2990)), .UNSPECIFIED., .F., .F., .U., (2, 2), (2, 2), (0.3, 1.), (596.042478100011, 597.642478100011), .UNSPECIFIED.);
#2992 = ADVANCED_FACE ('', (#2986), #2991, .T.);
#2993 = ORIENTED_EDGE ('', *, *, #2982, .F.);
#2994 = ORIENTED_EDGE ('', *, *, #103, .T.);
#2995 = CARTESIAN_POINT ('', (17.9720553626602, 34.0000000000002, -10.));
#2996 = CARTESIAN_POINT ('', (17.9720553626602, 34.0000000000002, -13.));
#2997 = B_SPLINE_CURVE_WITH_KNOTS ('', 1, (#2995, #2996), .UNSPECIFIED., .F., .U., (2, 2), (0.7, 1.), .UNSPECIFIED.);
#2998 = EDGE_CURVE ('', #99, #535, #2997, .T.);
#2999 = ORIENTED_EDGE ('', *, *, #2998, .T.);
#3000 = ORIENTED_EDGE ('', *, *, #539, .F.);
#3001 = ORIENTED_EDGE ('', *, *, #2886, .F.);
#3002 = ORIENTED_EDGE ('', *, *, #1578, .F.);
#3003 = ORIENTED_EDGE ('', *, *, #1768, .T.);
#3004 = ORIENTED_EDGE ('', *, *, #1841, .T.);
#3005 = ORIENTED_EDGE ('', *, *, #1884, .F.);
#3006 = ORIENTED_EDGE ('', *, *, #1920, .T.);
#3007 = ORIENTED_EDGE ('', *, *, #2282, .F.);
#3008 = ORIENTED_EDGE ('', *, *, #2187, .T.);
#3009 = EDGE_LOOP ('', (#2993, #2994, #2999, #3000, #3001, #3002, #3003, #3004, #3005, #3006, #3007, #3008));
#3010 = FACE_OUTER_BOUND ('', #3009, .T.);
#3011 = CARTESIAN_POINT ('', (-17.9720553626585, 34.0000000000001, -3.));
#3012 = CARTESIAN_POINT ('', (-17.9720553626585, 34.0000000000001, -13.));
#3013 = CARTESIAN_POINT ('', (17.9720553626602, 34.0000000000002, -3.));
#3014 = CARTESIAN_POINT ('', (17.9720553626602, 34.0000000000002, -13.));
#3015 = B_SPLINE_SURFACE_WITH_KNOTS ('', 1, 1, ((#3011, #3012), (#3013, #3014)), .UNSPECIFIED., .F., .F., .U., (2, 2), (2, 2), (11.1586157241251, 14.753026796657), (0., 1.), .UNSPECIFIED.);
#3016 = ADVANCED_FACE ('', (#3010), #3015, .T.);
#3017 = ORIENTED_EDGE ('', *, *, #2998, .F.);
#3018 = ORIENTED_EDGE ('', *, *, #255, .F.);
#3019 = ORIENTED_EDGE ('', *, *, #2922, .T.);
#3020 = ORIENTED_EDGE ('', *, *, #549, .F.);
#3021 = EDGE_LOOP ('', (#3017, #3018, #3019, #3020));
#3022 = FACE_OUTER_BOUND ('', #3021, .T.);
#3023 = CARTESIAN_POINT ('', (17.9720553626602, 34.0000000000002, -10.));
#3024 = CARTESIAN_POINT ('', (17.9720553626602, 34.0000000000002, -13.));
#3025 = CARTESIAN_POINT ('', (22.0181402833492, 34.0000000000002, -10.));
#3026 = CARTESIAN_POINT ('', (22.0181402833492, 34.0000000000002, -13.));
#3027 = CARTESIAN_POINT ('', (24.0377039841524, 30.4939815111977, -10.));
#3028 = CARTESIAN_POINT ('', (24.0377039841524, 30.4939815111977, -13.));
#3029 = CARTESIAN_POINT ('', (26.0572676849555, 26.9879630223951, -9.99999999999999));
#3030 = CARTESIAN_POINT ('', (26.0572676849555, 26.9879630223951, -13.));
#3031 = CARTESIAN_POINT ('', (24.0272736874927, 23.4879733715973, -9.99999999999999));
#3032 = CARTESIAN_POINT ('', (24.0272736874927, 23.4879733715973, -13.));
#3033 = (
   BOUNDED_SURFACE ()
   B_SPLINE_SURFACE (2, 1, ((#3023, #3024), (#3025, #3026), (#3027, #3028), (#3029, #3030), (#3031, #3032)), .UNSPECIFIED., .F., .F., .U.)
   B_SPLINE_SURFACE_WITH_KNOTS ((3, 2, 3), (2, 2), (0., 0.733733042121275, 1.46746608424255), (0., 0.300000000000001), .UNSPECIFIED.)
   GEOMETRIC_REPRESENTATION_ITEM ()
   RATIONAL_B_SPLINE_SURFACE (((1., 1.), (0.865777169913061, 0.865777169913061), (1., 1.), (0.865777169913061, 0.865777169913061), (1., 1.)))
   REPRESENTATION_ITEM ('')
   SURFACE ()
);
#3034 = ADVANCED_FACE ('', (#3022), #3033, .T.);
#3035 = ORIENTED_EDGE ('', *, *, #292, .F.);
#3036 = ORIENTED_EDGE ('', *, *, #419, .T.);
#3037 = ORIENTED_EDGE ('', *, *, #300, .T.);
#3038 = ORIENTED_EDGE ('', *, *, #277, .F.);
#3039 = EDGE_LOOP ('', (#3035, #3036, #3037, #3038));
#3040 = FACE_OUTER_BOUND ('', #3039, .T.);
#3041 = CARTESIAN_POINT ('', (18.25, 18., -11.5));
#3042 = CARTESIAN_POINT ('', (18.25, 18., -10.0000000000001));
#3043 = CARTESIAN_POINT ('', (18.25, 17., -11.5));
#3044 = CARTESIAN_POINT ('', (18.25, 17., -10.0000000000001));
#3045 = CARTESIAN_POINT ('', (17.25, 17., -11.5));
#3046 = CARTESIAN_POINT ('', (17.25, 17., -10.0000000000001));
#3047 = CARTESIAN_POINT ('', (16.25, 17., -11.5));
#3048 = CARTESIAN_POINT ('', (16.25, 17., -10.0000000000001));
#3049 = CARTESIAN_POINT ('', (16.25, 18., -11.5));
#3050 = CARTESIAN_POINT ('', (16.25, 18., -10.0000000000001));
#3051 = (
   BOUNDED_SURFACE ()
   B_SPLINE_SURFACE (2, 1, ((#3041, #3042), (#3043, #3044), (#3045, #3046), (#3047, #3048), (#3049, #3050)), .UNSPECIFIED., .F., .F., .U.)
   B_SPLINE_SURFACE_WITH_KNOTS ((3, 2, 3), (2, 2), (0.314159265358979, 0.471238898038469, 0.628318530717959), (-0.149999999999992, 0.), .UNSPECIFIED.)
   GEOMETRIC_REPRESENTATION_ITEM ()
   RATIONAL_B_SPLINE_SURFACE (((1., 1.), (0.707106781186547, 0.707106781186547), (1., 1.), (0.707106781186547, 0.707106781186547), (1., 1.)))
   REPRESENTATION_ITEM ('')
   SURFACE ()
);
#3052 = ADVANCED_FACE ('', (#3040), #3051, .T.);
#3053 = ORIENTED_EDGE ('', *, *, #329, .F.);
#3054 = ORIENTED_EDGE ('', *, *, #308, .F.);
#3055 = ORIENTED_EDGE ('', *, *, #411, .T.);
#3056 = ORIENTED_EDGE ('', *, *, #1252, .F.);
#3057 = EDGE_LOOP ('', (#3053, #3054, #3055, #3056));
#3058 = FACE_OUTER_BOUND ('', #3057, .T.);
#3059 = CARTESIAN_POINT ('', (16.25, 18., -11.5));
#3060 = CARTESIAN_POINT ('', (16.249997152057, 18.0392787846069, -11.5));
#3061 = CARTESIAN_POINT ('', (16.2534815927731, 18.0996643772553, -11.5));
#3062 = CARTESIAN_POINT ('', (16.2660075388151, 18.1818812375494, -11.5));
#3063 = CARTESIAN_POINT ('', (16.2840302270037, 18.2647526167456, -11.5));
#3064 = CARTESIAN_POINT ('', (16.3172589255459, 18.3686036951679, -11.5));
#3065 = CARTESIAN_POINT ('', (16.3748500041467, 18.4901710756386, -11.5));
#3066 = CARTESIAN_POINT ('', (16.4497785432512, 18.6049620607431, -11.5));
#3067 = CARTESIAN_POINT ('', (16.5406355576608, 18.7093652011576, -11.5));
#3068 = CARTESIAN_POINT ('', (16.6276380420988, 18.7850757183145, -11.5));
#3069 = CARTESIAN_POINT ('', (16.7024321528058, 18.8376907993964, -11.5));
#3070 = CARTESIAN_POINT ('', (16.7606762986905, 18.8729803811412, -11.5));
#3071 = CARTESIAN_POINT ('', (16.8206125939669, 18.9039501906552, -11.5));
#3072 = CARTESIAN_POINT ('', (16.9021669157683, 18.9393840954744, -11.5));
#3073 = CARTESIAN_POINT ('', (16.985244699012, 18.9659701818077, -11.5));
#3074 = CARTESIAN_POINT ('', (17.0681233610618, 18.983992425437, -11.5));
#3075 = CARTESIAN_POINT ('', (17.1297638767556, 18.9933867660365, -11.5));
#3076 = CARTESIAN_POINT ('', (17.1906582095615, 18.9988420221721, -11.5));
#3077 = CARTESIAN_POINT ('', (17.2500000000006, 19.0005789889141, -11.5));
#3078 = CARTESIAN_POINT ('', (17.3093417904362, 18.9988420221716, -11.5));
#3079 = CARTESIAN_POINT ('', (17.3702361232523, 18.9933867660385, -11.5));
#3080 = CARTESIAN_POINT ('', (17.4318766389087, 18.9839924254294, -11.5));
#3081 = CARTESIAN_POINT ('', (17.5147553011447, 18.9659701818479, -11.5));
#3082 = CARTESIAN_POINT ('', (17.5978330832526, 18.9393840952232, -11.5));
#3083 = CARTESIAN_POINT ('', (17.6793874077075, 18.9039501910846, -11.5));
#3084 = CARTESIAN_POINT ('', (17.7393236949279, 18.8729803795042, -11.5));
#3085 = CARTESIAN_POINT ('', (17.7975678710462, 18.8376908055147, -11.5));
#3086 = CARTESIAN_POINT ('', (17.8723618312486, 18.7850756858271, -11.5));
#3087 = CARTESIAN_POINT ('', (17.9593654629523, 18.7093654629523, -11.5));
#3088 = CARTESIAN_POINT ('', (18.0350756858272, 18.6223618312486, -11.5));
#3089 = CARTESIAN_POINT ('', (18.0876908055147, 18.5475678710462, -11.5));
#3090 = CARTESIAN_POINT ('', (18.1229803795043, 18.4893236949279, -11.5));
#3091 = CARTESIAN_POINT ('', (18.1539501910847, 18.4293874077075, -11.5));
#3092 = CARTESIAN_POINT ('', (18.1893840952233, 18.3478330832525, -11.5));
#3093 = CARTESIAN_POINT ('', (18.2159701818479, 18.2647553011447, -11.5));
#3094 = CARTESIAN_POINT ('', (18.2339924254294, 18.1818766389087, -11.5));
#3095 = CARTESIAN_POINT ('', (18.2433867660385, 18.1202361232523, -11.5));
#3096 = CARTESIAN_POINT ('', (18.2488420221716, 18.0593417904364, -11.5));
#3097 = CARTESIAN_POINT ('', (18.25, 18.0197805968121, -11.5));
#3098 = CARTESIAN_POINT ('', (18.25, 18., -11.5));
#3099 = CARTESIAN_POINT ('', (14.7499999999895, 18., -13.0000000000105));
#3100 = CARTESIAN_POINT ('', (14.7499928801319, 18.0981969615176, -13.0000000000105));
#3101 = CARTESIAN_POINT ('', (14.7587039819222, 18.2491609431393, -13.0000000000105));
#3102 = CARTESIAN_POINT ('', (14.7900188470274, 18.4547030938753, -13.0000000000105));
#3103 = CARTESIAN_POINT ('', (14.8350755674992, 18.6618815418669, -13.0000000000105));
#3104 = CARTESIAN_POINT ('', (14.9181473138549, 18.9215092379235, -13.0000000000105));
#3105 = CARTESIAN_POINT ('', (15.0621250103575, 19.2254276891016, -13.0000000000105));
#3106 = CARTESIAN_POINT ('', (15.2494463581195, 19.512405151864, -13.0000000000105));
#3107 = CARTESIAN_POINT ('', (15.4765888941445, 19.7734130029014, -13.0000000000105));
#3108 = CARTESIAN_POINT ('', (15.6940951052405, 19.9626892957944, -13.0000000000105));
#3109 = CARTESIAN_POINT ('', (15.8810803820086, 20.0942269984999, -13.0000000000105));
#3110 = CARTESIAN_POINT ('', (16.0266907467212, 20.1824509528621, -13.0000000000105));
#3111 = CARTESIAN_POINT ('', (16.1765314849126, 20.2598754766474, -13.0000000000105));
#3112 = CARTESIAN_POINT ('', (16.3804172894171, 20.3484602386959, -13.0000000000105));
#3113 = CARTESIAN_POINT ('', (16.5881117475273, 20.4149254545293, -13.0000000000105));
#3114 = CARTESIAN_POINT ('', (16.7953084026525, 20.4599810636028, -13.0000000000105));
#3115 = CARTESIAN_POINT ('', (16.9494096918878, 20.4834669151016, -13.0000000000105));
#3116 = CARTESIAN_POINT ('', (17.1016455239031, 20.4971050554407, -13.0000000000105));
#3117 = CARTESIAN_POINT ('', (17.2500000000014, 20.5014474722957, -13.0000000000105));
#3118 = CARTESIAN_POINT ('', (17.3983544760912, 20.4971050554395, -13.0000000000105));
#3119 = CARTESIAN_POINT ('', (17.5505903081321, 20.4834669151067, -13.0000000000105));
#3120 = CARTESIAN_POINT ('', (17.7046915972737, 20.4599810635839, -13.0000000000105));
#3121 = CARTESIAN_POINT ('', (17.9118882528646, 20.4149254546298, -13.0000000000105));
#3122 = CARTESIAN_POINT ('', (18.119582708135, 20.348460238068, -13.0000000000105));
#3123 = CARTESIAN_POINT ('', (18.3234685192732, 20.2598754777211, -13.0000000000105));
#3124 = CARTESIAN_POINT ('', (18.4733092373248, 20.1824509487698, -13.0000000000105));
#3125 = CARTESIAN_POINT ('', (18.6189196776213, 20.0942270137955, -13.0000000000105));
#3126 = CARTESIAN_POINT ('', (18.805904578128, 19.9626892145761, -13.0000000000105));
#3127 = CARTESIAN_POINT ('', (19.0234136573883, 19.7734136573883, -13.0000000000105));
#3128 = CARTESIAN_POINT ('', (19.2126892145761, 19.5559045781281, -13.0000000000105));
#3129 = CARTESIAN_POINT ('', (19.3442270137954, 19.3689196776214, -13.0000000000105));
#3130 = CARTESIAN_POINT ('', (19.4324509487698, 19.2233092373248, -13.0000000000105));
#3131 = CARTESIAN_POINT ('', (19.5098754777211, 19.0734685192732, -13.0000000000105));
#3132 = CARTESIAN_POINT ('', (19.598460238068, 18.869582708135, -13.0000000000105));
#3133 = CARTESIAN_POINT ('', (19.6649254546298, 18.6618882528646, -13.0000000000105));
#3134 = CARTESIAN_POINT ('', (19.7099810635839, 18.4546915972737, -13.0000000000105));
#3135 = CARTESIAN_POINT ('', (19.7334669151067, 18.300590308132, -13.0000000000105));
#3136 = CARTESIAN_POINT ('', (19.7471050554394, 18.1483544760916, -13.0000000000105));
#3137 = CARTESIAN_POINT ('', (19.7500000000105, 18.0494514920305, -13.0000000000105));
#3138 = CARTESIAN_POINT ('', (19.7500000000105, 18., -13.0000000000105));
#3139 = B_SPLINE_SURFACE_WITH_KNOTS ('', 1, 3, ((#3059, #3060, #3061, #3062, #3063, #3064, #3065, #3066, #3067, #3068, #3069, #3070, #3071, #3072, #3073, #3074, #3075, #3076, #3077, #3078, #3079, #3080, #3081, #3082, #3083, #3084, #3085, #3086, #3087, #3088, #3089, #3090, #3091, #3092, #3093, #3094, #3095, #3096, #3097, #3098), (#3099, #3100, #3101, #3102, #3103, #3104, #3105, #3106, #3107, #3108, #3109, #3110, #3111, #3112, #3113, #3114, #3115, #3116, #3117, #3118, #3119, #3120, #3121, #3122, #3123, #3124, #3125, #3126, #3127, #3128, #3129, #3130, #3131, #3132, #3133, #3134, #3135, #3136, #3137, #3138)), .UNSPECIFIED., .F., .F., .U., (2, 2), (4, 1, 1, 1, 1, 1, 1, 1, 1, 1, 1, 1, 1, 1, 1, 1, 1, 1, 1, 1, 1, 1, 1, 1, 1, 1, 1, 1, 1, 1, 1, 1, 1, 1, 1, 1, 1, 4), (0., 0.750000000005246), (0., 0.0208333333333333, 0.0312499999999999, 0.0416666666666666, 0.0625, 0.0833333333333334, 0.104166666666666, 0.125, 0.145833333333334, 0.15625, 0.166666666666666, 0.177083333333333, 0.1875, 0.208333333333333, 0.21875, 0.229166666666667, 0.239583333333334, 0.25, 0.260416666666667, 0.270833333333334, 0.28125, 0.291666666666667, 0.312500000000001, 0.322916666666668, 0.333333333333334, 0.343750000000001, 0.354166666666668, 0.375000000000001, 0.395833333333335, 0.406250000000001, 0.416666666666668, 0.427083333333335, 0.437500000000002, 0.458333333333335, 0.468750000000002, 0.479166666666669, 0.489583333333336, 0.5), .UNSPECIFIED.);
#3140 = ADVANCED_FACE ('', (#3058), #3139, .T.);
#3141 = ORIENTED_EDGE ('', *, *, #1425, .F.);
#3142 = ORIENTED_EDGE ('', *, *, #1555, .F.);
#3143 = ORIENTED_EDGE ('', *, *, #1433, .T.);
#3144 = ORIENTED_EDGE ('', *, *, #1410, .F.);
#3145 = EDGE_LOOP ('', (#3141, #3142, #3143, #3144));
#3146 = FACE_OUTER_BOUND ('', #3145, .T.);
#3147 = CARTESIAN_POINT ('', (-18.25, 18., -11.5));
#3148 = CARTESIAN_POINT ('', (-18.2500028479431, 18.0392787846069, -11.5));
#3149 = CARTESIAN_POINT ('', (-18.246518407227, 18.0996643772553, -11.5));
#3150 = CARTESIAN_POINT ('', (-18.2339924611849, 18.1818812375494, -11.5));
#3151 = CARTESIAN_POINT ('', (-18.2159697729963, 18.2647526167456, -11.5));
#3152 = CARTESIAN_POINT ('', (-18.1827410744541, 18.3686036951679, -11.5));
#3153 = CARTESIAN_POINT ('', (-18.1251499958533, 18.4901710756386, -11.5));
#3154 = CARTESIAN_POINT ('', (-18.0502214567489, 18.604962060743, -11.5));
#3155 = CARTESIAN_POINT ('', (-17.9593644423392, 18.7093652011576, -11.5));
#3156 = CARTESIAN_POINT ('', (-17.8723619579012, 18.7850757183145, -11.5));
#3157 = CARTESIAN_POINT ('', (-17.7975678471942, 18.8376907993964, -11.5));
#3158 = CARTESIAN_POINT ('', (-17.7393237013095, 18.8729803811412, -11.5));
#3159 = CARTESIAN_POINT ('', (-17.6793874060331, 18.9039501906551, -11.5));
#3160 = CARTESIAN_POINT ('', (-17.5978330842317, 18.9393840954744, -11.5));
#3161 = CARTESIAN_POINT ('', (-17.514755300988, 18.9659701818077, -11.5));
#3162 = CARTESIAN_POINT ('', (-17.4318766389382, 18.983992425437, -11.5));
#3163 = CARTESIAN_POINT ('', (-17.3702361232444, 18.9933867660365, -11.5));
#3164 = CARTESIAN_POINT ('', (-17.3093417904385, 18.9988420221721, -11.5));
#3165 = CARTESIAN_POINT ('', (-17.2499999999994, 19.0005789889141, -11.5));
#3166 = CARTESIAN_POINT ('', (-17.1906582095638, 18.9988420221716, -11.5));
#3167 = CARTESIAN_POINT ('', (-17.1297638767477, 18.9933867660385, -11.5));
#3168 = CARTESIAN_POINT ('', (-17.0681233610913, 18.9839924254294, -11.5));
#3169 = CARTESIAN_POINT ('', (-16.9852446988553, 18.9659701818479, -11.5));
#3170 = CARTESIAN_POINT ('', (-16.9021669167475, 18.9393840952232, -11.5));
#3171 = CARTESIAN_POINT ('', (-16.8206125922925, 18.9039501910846, -11.5));
#3172 = CARTESIAN_POINT ('', (-16.7606763050721, 18.8729803795042, -11.5));
#3173 = CARTESIAN_POINT ('', (-16.7024321289538, 18.8376908055147, -11.5));
#3174 = CARTESIAN_POINT ('', (-16.6276381687514, 18.7850756858271, -11.5));
#3175 = CARTESIAN_POINT ('', (-16.5406345370477, 18.7093654629523, -11.5));
#3176 = CARTESIAN_POINT ('', (-16.4649243141729, 18.6223618312486, -11.5));
#3177 = CARTESIAN_POINT ('', (-16.4123091944853, 18.5475678710462, -11.5));
#3178 = CARTESIAN_POINT ('', (-16.3770196204958, 18.4893236949279, -11.5));
#3179 = CARTESIAN_POINT ('', (-16.3460498089154, 18.4293874077075, -11.5));
#3180 = CARTESIAN_POINT ('', (-16.3106159047768, 18.3478330832525, -11.5));
#3181 = CARTESIAN_POINT ('', (-16.2840298181521, 18.2647553011447, -11.5));
#3182 = CARTESIAN_POINT ('', (-16.2660075745706, 18.1818766389087, -11.5));
#3183 = CARTESIAN_POINT ('', (-16.2566132339615, 18.1202361232523, -11.5));
#3184 = CARTESIAN_POINT ('', (-16.2511579778284, 18.0593417904364, -11.5));
#3185 = CARTESIAN_POINT ('', (-16.25, 18.0197805968121, -11.5));
#3186 = CARTESIAN_POINT ('', (-16.25, 18., -11.5));
#3187 = CARTESIAN_POINT ('', (-19.7500000000105, 18., -13.0000000000105));
#3188 = CARTESIAN_POINT ('', (-19.7500071198681, 18.0981969615176, -13.0000000000105));
#3189 = CARTESIAN_POINT ('', (-19.7412960180779, 18.2491609431393, -13.0000000000105));
#3190 = CARTESIAN_POINT ('', (-19.7099811529726, 18.4547030938753, -13.0000000000105));
#3191 = CARTESIAN_POINT ('', (-19.6649244325008, 18.6618815418669, -13.0000000000105));
#3192 = CARTESIAN_POINT ('', (-19.5818526861451, 18.9215092379235, -13.0000000000105));
#3193 = CARTESIAN_POINT ('', (-19.4378749896425, 19.2254276891016, -13.0000000000105));
#3194 = CARTESIAN_POINT ('', (-19.2505536418805, 19.512405151864, -13.0000000000105));
#3195 = CARTESIAN_POINT ('', (-19.0234111058555, 19.7734130029014, -13.0000000000105));
#3196 = CARTESIAN_POINT ('', (-18.8059048947595, 19.9626892957944, -13.0000000000105));
#3197 = CARTESIAN_POINT ('', (-18.6189196179914, 20.0942269984999, -13.0000000000105));
#3198 = CARTESIAN_POINT ('', (-18.4733092532788, 20.1824509528621, -13.0000000000105));
#3199 = CARTESIAN_POINT ('', (-18.3234685150874, 20.2598754766474, -13.0000000000105));
#3200 = CARTESIAN_POINT ('', (-18.1195827105829, 20.3484602386959, -13.0000000000105));
#3201 = CARTESIAN_POINT ('', (-17.9118882524727, 20.4149254545293, -13.0000000000105));
#3202 = CARTESIAN_POINT ('', (-17.7046915973475, 20.4599810636028, -13.0000000000105));
#3203 = CARTESIAN_POINT ('', (-17.5505903081122, 20.4834669151016, -13.0000000000105));
#3204 = CARTESIAN_POINT ('', (-17.3983544760969, 20.4971050554407, -13.0000000000105));
#3205 = CARTESIAN_POINT ('', (-17.2499999999986, 20.5014474722957, -13.0000000000105));
#3206 = CARTESIAN_POINT ('', (-17.1016455239088, 20.4971050554395, -13.0000000000105));
#3207 = CARTESIAN_POINT ('', (-16.9494096918679, 20.4834669151067, -13.0000000000105));
#3208 = CARTESIAN_POINT ('', (-16.7953084027264, 20.4599810635839, -13.0000000000105));
#3209 = CARTESIAN_POINT ('', (-16.5881117471355, 20.4149254546298, -13.0000000000105));
#3210 = CARTESIAN_POINT ('', (-16.380417291865, 20.348460238068, -13.0000000000105));
#3211 = CARTESIAN_POINT ('', (-16.1765314807268, 20.2598754777211, -13.0000000000105));
#3212 = CARTESIAN_POINT ('', (-16.0266907626752, 20.1824509487698, -13.0000000000105));
#3213 = CARTESIAN_POINT ('', (-15.8810803223787, 20.0942270137955, -13.0000000000105));
#3214 = CARTESIAN_POINT ('', (-15.694095421872, 19.9626892145761, -13.0000000000105));
#3215 = CARTESIAN_POINT ('', (-15.4765863426117, 19.7734136573883, -13.0000000000105));
#3216 = CARTESIAN_POINT ('', (-15.2873107854239, 19.555904578128, -13.0000000000105));
#3217 = CARTESIAN_POINT ('', (-15.1557729862046, 19.3689196776214, -13.0000000000105));
#3218 = CARTESIAN_POINT ('', (-15.0675490512302, 19.2233092373248, -13.0000000000105));
#3219 = CARTESIAN_POINT ('', (-14.9901245222789, 19.0734685192732, -13.0000000000105));
#3220 = CARTESIAN_POINT ('', (-14.901539761932, 18.869582708135, -13.0000000000105));
#3221 = CARTESIAN_POINT ('', (-14.8350745453702, 18.6618882528646, -13.0000000000105));
#3222 = CARTESIAN_POINT ('', (-14.7900189364161, 18.4546915972737, -13.0000000000105));
#3223 = CARTESIAN_POINT ('', (-14.7665330848933, 18.300590308132, -13.0000000000105));
#3224 = CARTESIAN_POINT ('', (-14.7528949445606, 18.1483544760916, -13.0000000000105));
#3225 = CARTESIAN_POINT ('', (-14.7499999999895, 18.0494514920305, -13.0000000000105));
#3226 = CARTESIAN_POINT ('', (-14.7499999999895, 18., -13.0000000000105));
#3227 = B_SPLINE_SURFACE_WITH_KNOTS ('', 1, 3, ((#3147, #3148, #3149, #3150, #3151, #3152, #3153, #3154, #3155, #3156, #3157, #3158, #3159, #3160, #3161, #3162, #3163, #3164, #3165, #3166, #3167, #3168, #3169, #3170, #3171, #3172, #3173, #3174, #3175, #3176, #3177, #3178, #3179, #3180, #3181, #3182, #3183, #3184, #3185, #3186), (#3187, #3188, #3189, #3190, #3191, #3192, #3193, #3194, #3195, #3196, #3197, #3198, #3199, #3200, #3201, #3202, #3203, #3204, #3205, #3206, #3207, #3208, #3209, #3210, #3211, #3212, #3213, #3214, #3215, #3216, #3217, #3218, #3219, #3220, #3221, #3222, #3223, #3224, #3225, #3226)), .UNSPECIFIED., .F., .F., .U., (2, 2), (4, 1, 1, 1, 1, 1, 1, 1, 1, 1, 1, 1, 1, 1, 1, 1, 1, 1, 1, 1, 1, 1, 1, 1, 1, 1, 1, 1, 1, 1, 1, 1, 1, 1, 1, 1, 1, 4), (0., 0.750000000005248), (0., 0.0208333333333333, 0.0312499999999999, 0.0416666666666666, 0.0625, 0.0833333333333334, 0.104166666666666, 0.125, 0.145833333333334, 0.15625, 0.166666666666666, 0.177083333333333, 0.1875, 0.208333333333333, 0.21875, 0.229166666666667, 0.239583333333334, 0.25, 0.260416666666667, 0.270833333333334, 0.28125, 0.291666666666667, 0.312500000000001, 0.322916666666668, 0.333333333333334, 0.343750000000001, 0.354166666666668, 0.375000000000001, 0.395833333333335, 0.406250000000001, 0.416666666666668, 0.427083333333335, 0.437500000000002, 0.458333333333335, 0.468750000000002, 0.479166666666669, 0.489583333333336, 0.5), .UNSPECIFIED.);
#3228 = ADVANCED_FACE ('', (#3146), #3227, .T.);
#3229 = ORIENTED_EDGE ('', *, *, #1532, .F.);
#3230 = ORIENTED_EDGE ('', *, *, #1441, .T.);
#3231 = ORIENTED_EDGE ('', *, *, #1547, .T.);
#3232 = ORIENTED_EDGE ('', *, *, #1741, .F.);
#3233 = EDGE_LOOP ('', (#3229, #3230, #3231, #3232));
#3234 = FACE_OUTER_BOUND ('', #3233, .T.);
#3235 = CARTESIAN_POINT ('', (-16.25, 18., -11.5));
#3236 = CARTESIAN_POINT ('', (-16.25, 18., -9.99999999999991));
#3237 = CARTESIAN_POINT ('', (-16.25, 17., -11.5));
#3238 = CARTESIAN_POINT ('', (-16.25, 17., -9.99999999999991));
#3239 = CARTESIAN_POINT ('', (-17.25, 17., -11.5));
#3240 = CARTESIAN_POINT ('', (-17.25, 17., -9.99999999999991));
#3241 = CARTESIAN_POINT ('', (-18.25, 17., -11.5));
#3242 = CARTESIAN_POINT ('', (-18.25, 17., -9.99999999999991));
#3243 = CARTESIAN_POINT ('', (-18.25, 18., -11.5));
#3244 = CARTESIAN_POINT ('', (-18.25, 18., -9.99999999999991));
#3245 = (
   BOUNDED_SURFACE ()
   B_SPLINE_SURFACE (2, 1, ((#3235, #3236), (#3237, #3238), (#3239, #3240), (#3241, #3242), (#3243, #3244)), .UNSPECIFIED., .F., .F., .U.)
   B_SPLINE_SURFACE_WITH_KNOTS ((3, 2, 3), (2, 2), (0.31415926535898, 0.47123889803847, 0.628318530717959), (-0.150000000000009, 0.), .UNSPECIFIED.)
   GEOMETRIC_REPRESENTATION_ITEM ()
   RATIONAL_B_SPLINE_SURFACE (((1., 1.), (0.707106781186547, 0.707106781186547), (1., 1.), (0.707106781186547, 0.707106781186547), (1., 1.)))
   REPRESENTATION_ITEM ('')
   SURFACE ()
);
#3246 = ADVANCED_FACE ('', (#3234), #3245, .T.);
#3247 = ORIENTED_EDGE ('', *, *, #2406, .F.);
#3248 = ORIENTED_EDGE ('', *, *, #2541, .T.);
#3249 = ORIENTED_EDGE ('', *, *, #2414, .T.);
#3250 = ORIENTED_EDGE ('', *, *, #1071, .T.);
#3251 = EDGE_LOOP ('', (#3247, #3248, #3249, #3250));
#3252 = FACE_OUTER_BOUND ('', #3251, .T.);
#3253 = CARTESIAN_POINT ('', (-22.9720553626585, 27.0000000000001, -12.5));
#3254 = CARTESIAN_POINT ('', (-23.4720553626597, 27.0000000000001, -13.0000000000013));
#3255 = CARTESIAN_POINT ('', (-22.9720553626585, 26.9011291348549, -12.5));
#3256 = CARTESIAN_POINT ('', (-23.4720553626597, 26.8912420483404, -13.0000000000013));
#3257 = CARTESIAN_POINT ('', (-22.9677126979629, 26.7528228371373, -12.5));
#3258 = CARTESIAN_POINT ('', (-23.4672784314946, 26.728105120851, -13.0000000000013));
#3259 = CARTESIAN_POINT ('', (-22.9526277462486, 26.5509106806586, -12.5));
#3260 = CARTESIAN_POINT ('', (-23.4506849846088, 26.5060017487243, -13.0000000000013));
#3261 = CARTESIAN_POINT ('', (-22.9311600703287, 26.3475355630039, -12.5));
#3262 = CARTESIAN_POINT ('', (-23.4270705410969, 26.282289119304, -13.0000000000013));
#3263 = CARTESIAN_POINT ('', (-22.8920199726135, 26.0905900002452, -12.5));
#3264 = CARTESIAN_POINT ('', (-23.3840164336102, 25.9996490002695, -13.0000000000013));
#3265 = CARTESIAN_POINT ('', (-22.8244252481226, 25.7798237510999, -12.5));
#3266 = CARTESIAN_POINT ('', (-23.3096622366702, 25.6578061262096, -13.0000000000013));
#3267 = CARTESIAN_POINT ('', (-22.7354738855373, 25.4685481281049, -12.5));
#3268 = CARTESIAN_POINT ('', (-23.2118157378264, 25.315402940915, -13.0000000000013));
#3269 = CARTESIAN_POINT ('', (-22.6246746233427, 25.1588865846204, -12.5));
#3270 = CARTESIAN_POINT ('', (-23.0899365494123, 24.974775243082, -13.0000000000013));
#3271 = CARTESIAN_POINT ('', (-22.491808828916, 24.8530642465579, -12.5));
#3272 = CARTESIAN_POINT ('', (-22.9437841755429, 24.6383706712131, -13.0000000000013));
#3273 = CARTESIAN_POINT ('', (-22.3369560521014, 24.5533814785283, -12.5));
#3274 = CARTESIAN_POINT ('', (-22.7734461210467, 24.3087196263805, -13.0000000000013));
#3275 = CARTESIAN_POINT ('', (-22.1605117117112, 24.2621595470035, -12.5));
#3276 = CARTESIAN_POINT ('', (-22.5793573466175, 23.9883755017031, -13.0000000000013));
#3277 = CARTESIAN_POINT ('', (-21.9631946135646, 23.9816877319043, -12.5));
#3278 = CARTESIAN_POINT ('', (-22.3623085386562, 23.6798565050939, -13.0000000000013));
#3279 = CARTESIAN_POINT ('', (-21.7460433359213, 23.714166926538, -12.5));
#3280 = CARTESIAN_POINT ('', (-22.1234421332485, 23.385583619191, -13.0000000000013));
#3281 = CARTESIAN_POINT ('', (-21.5104009598764, 23.4616544027822, -12.5));
#3282 = CARTESIAN_POINT ('', (-21.8642355195991, 23.1078198430595, -13.0000000000013));
#3283 = CARTESIAN_POINT ('', (-21.2578884361206, 23.2260120267373, -12.5));
#3284 = CARTESIAN_POINT ('', (-21.5864717434676, 22.8486132294101, -13.0000000000013));
#3285 = CARTESIAN_POINT ('', (-20.9903676307543, 23.008860749094, -12.5));
#3286 = CARTESIAN_POINT ('', (-21.2921988575646, 22.6097468240024, -13.0000000000013));
#3287 = CARTESIAN_POINT ('', (-20.7098958156552, 22.8115436509474, -12.5));
#3288 = CARTESIAN_POINT ('', (-20.9836798609555, 22.3926980160411, -13.0000000000013));
#3289 = CARTESIAN_POINT ('', (-20.4186738841303, 22.6350993105573, -12.5));
#3290 = CARTESIAN_POINT ('', (-20.6633357362781, 22.1986092416119, -13.0000000000013));
#3291 = CARTESIAN_POINT ('', (-20.1189911161007, 22.4802465337425, -12.5));
#3292 = CARTESIAN_POINT ('', (-20.3336846914454, 22.0282711871156, -13.0000000000013));
#3293 = CARTESIAN_POINT ('', (-19.8131687780382, 22.3473807393159, -12.5));
#3294 = CARTESIAN_POINT ('', (-19.9972801195766, 21.8821188132463, -13.0000000000013));
#3295 = CARTESIAN_POINT ('', (-19.5035072345537, 22.2365814771213, -12.5));
#3296 = CARTESIAN_POINT ('', (-19.6566524217436, 21.7602396248322, -13.0000000000013));
#3297 = CARTESIAN_POINT ('', (-19.1922316115586, 22.1476301145361, -12.5));
#3298 = CARTESIAN_POINT ('', (-19.314249236449, 21.6623931259884, -13.0000000000013));
#3299 = CARTESIAN_POINT ('', (-18.8814653624134, 22.0800353900451, -12.5));
#3300 = CARTESIAN_POINT ('', (-18.9724063623891, 21.5880389290484, -13.0000000000013));
#3301 = CARTESIAN_POINT ('', (-18.6245197996547, 22.0408952923299, -12.5));
#3302 = CARTESIAN_POINT ('', (-18.6897662433545, 21.5449848215616, -13.0000000000013));
#3303 = CARTESIAN_POINT ('', (-18.421144682, 22.01942761641, -12.5));
#3304 = CARTESIAN_POINT ('', (-18.4660536139343, 21.5213703780498, -13.0000000000013));
#3305 = CARTESIAN_POINT ('', (-18.2192325255213, 22.0043426646957, -12.5));
#3306 = CARTESIAN_POINT ('', (-18.2439502418076, 21.5047769311641, -13.0000000000013));
#3307 = CARTESIAN_POINT ('', (-17.9720553626585, 21.997104890203, -12.5));
#3308 = CARTESIAN_POINT ('', (-17.9720553626585, 21.496815379222, -13.0000000000013));
#3309 = CARTESIAN_POINT ('', (-17.7248781997957, 22.0043426646957, -12.5));
#3310 = CARTESIAN_POINT ('', (-17.7001604835093, 21.504776931164, -13.0000000000013));
#3311 = CARTESIAN_POINT ('', (-17.522966043317, 22.01942761641, -12.5));
#3312 = CARTESIAN_POINT ('', (-17.4780571113827, 21.5213703780497, -13.0000000000013));
#3313 = CARTESIAN_POINT ('', (-17.3195909256623, 22.0408952923299, -12.5));
#3314 = CARTESIAN_POINT ('', (-17.2543444819624, 21.5449848215616, -13.0000000000013));
#3315 = CARTESIAN_POINT ('', (-17.0626453629036, 22.0800353900451, -12.5));
#3316 = CARTESIAN_POINT ('', (-16.9717043629279, 21.5880389290484, -13.0000000000013));
#3317 = CARTESIAN_POINT ('', (-16.7518791137583, 22.1476301145361, -12.5));
#3318 = CARTESIAN_POINT ('', (-16.6298614888679, 21.6623931259884, -13.0000000000013));
#3319 = CARTESIAN_POINT ('', (-16.4406034907633, 22.2365814771213, -12.5));
#3320 = CARTESIAN_POINT ('', (-16.2874583035734, 21.7602396248322, -13.0000000000013));
#3321 = CARTESIAN_POINT ('', (-16.1309419472788, 22.3473807393159, -12.5));
#3322 = CARTESIAN_POINT ('', (-15.9468306057404, 21.8821188132464, -13.0000000000013));
#3323 = CARTESIAN_POINT ('', (-15.8251196092163, 22.4802465337426, -12.5));
#3324 = CARTESIAN_POINT ('', (-15.6104260338715, 22.0282711871157, -13.0000000000013));
#3325 = CARTESIAN_POINT ('', (-15.5254368411867, 22.6350993105571, -12.5));
#3326 = CARTESIAN_POINT ('', (-15.2807749890389, 22.1986092416117, -13.0000000000013));
#3327 = CARTESIAN_POINT ('', (-15.2342149096619, 22.8115436509481, -12.5));
#3328 = CARTESIAN_POINT ('', (-14.9604308643615, 22.3926980160418, -13.0000000000013));
#3329 = CARTESIAN_POINT ('', (-14.9537430945625, 23.0088607490915, -12.5));
#3330 = CARTESIAN_POINT ('', (-14.6519118677521, 22.6097468239997, -13.0000000000013));
#3331 = CARTESIAN_POINT ('', (-14.6862222891971, 23.2260120267465, -12.5));
#3332 = CARTESIAN_POINT ('', (-14.3576389818502, 22.8486132294201, -13.0000000000013));
#3333 = CARTESIAN_POINT ('', (-14.4337097654379, 23.4616544027481, -12.5));
#3334 = CARTESIAN_POINT ('', (-14.079875205715, 23.107819843022, -13.0000000000013));
#3335 = CARTESIAN_POINT ('', (-14.1980673894057, 23.7141669266653, -12.5));
#3336 = CARTESIAN_POINT ('', (-13.8206685920794, 23.385583619331, -13.0000000000013));
#3337 = CARTESIAN_POINT ('', (-13.9809161117153, 23.9816877314291, -12.5));
#3338 = CARTESIAN_POINT ('', (-13.58180218662, 23.6798565045713, -13.0000000000013));
#3339 = CARTESIAN_POINT ('', (-13.7835990137441, 24.2621595487768, -12.5));
#3340 = CARTESIAN_POINT ('', (-13.3647533788516, 23.9883755036537, -13.0000000000013));
#3341 = CARTESIAN_POINT ('', (-13.6071546726998, 24.5533814719102, -12.5));
#3342 = CARTESIAN_POINT ('', (-13.1706646037029, 24.3087196191006, -13.0000000000013));
#3343 = CARTESIAN_POINT ('', (-13.452301898326, 24.8530642712569, -12.5));
#3344 = CARTESIAN_POINT ('', (-13.0003265518916, 24.6383706983821, -13.0000000000013));
#3345 = CARTESIAN_POINT ('', (-13.3194360947899, 25.1588864924423, -12.5));
#3346 = CARTESIAN_POINT ('', (-12.8541741680019, 24.9747751416861, -13.0000000000013));
#3347 = CARTESIAN_POINT ('', (-13.2086368665919, 25.4685484721181, -12.5));
#3348 = CARTESIAN_POINT ('', (-12.7322950169841, 25.3154033193295, -13.0000000000013));
#3349 = CARTESIAN_POINT ('', (-13.1196853771296, 25.7798224672251, -12.5));
#3350 = CARTESIAN_POINT ('', (-12.6344483785755, 25.6578047139473, -13.0000000000013));
#3351 = CARTESIAN_POINT ('', (-13.0520911261505, 26.0905947917312, -12.5));
#3352 = CARTESIAN_POINT ('', (-12.5600947024984, 25.999654270904, -13.0000000000013));
#3353 = CARTESIAN_POINT ('', (-12.9894646135795, 26.5016774607384, -12.5));
#3354 = CARTESIAN_POINT ('', (-12.4912055386704, 26.4518452068121, -13.0000000000013));
#3355 = CARTESIAN_POINT ('', (-12.9720404794153, 26.8036064034584, -12.5));
#3356 = CARTESIAN_POINT ('', (-12.4720389910898, 26.7839670438042, -13.0000000000013));
#3357 = CARTESIAN_POINT ('', (-12.9720553626585, 27.0000000000001, -12.5));
#3358 = CARTESIAN_POINT ('', (-12.4720553626572, 27.0000000000001, -13.0000000000013));
#3359 = B_SPLINE_SURFACE_WITH_KNOTS ('', 3, 1, ((#3253, #3254), (#3255, #3256), (#3257, #3258), (#3259, #3260), (#3261, #3262), (#3263, #3264), (#3265, #3266), (#3267, #3268), (#3269, #3270), (#3271, #3272), (#3273, #3274), (#3275, #3276), (#3277, #3278), (#3279, #3280), (#3281, #3282), (#3283, #3284), (#3285, #3286), (#3287, #3288), (#3289, #3290), (#3291, #3292), (#3293, #3294), (#3295, #3296), (#3297, #3298), (#3299, #3300), (#3301, #3302), (#3303, #3304), (#3305, #3306), (#3307, #3308), (#3309, #3310), (#3311, #3312), (#3313, #3314), (#3315, #3316), (#3317, #3318), (#3319, #3320), (#3321, #3322), (#3323, #3324), (#3325, #3326), (#3327, #3328), (#3329, #3330), (#3331, #3332), (#3333, #3334), (#3335, #3336), (#3337, #3338), (#3339, #3340), (#3341, #3342), (#3343, #3344), (#3345, #3346), (#3347, #3348), (#3349, #3350), (#3351, #3352), (#3353, #3354), (#3355, #3356), (#3357, #3358)), .UNSPECIFIED., .F., .F., .U., (4, 1, 1, 1, 1, 1, 1, 1, 1, 1, 1, 1, 1, 1, 1, 1, 1, 1, 1, 1, 1, 1, 1, 1, 1, 1, 1, 1, 1, 1, 1, 1, 1, 1, 1, 1, 1, 1, 1, 1, 1, 1, 1, 1, 1, 1, 1, 1, 1, 1, 4), (2, 2), (0.5, 0.510416666666668, 0.515625, 0.520833333333332, 0.53125, 0.541666666666666, 0.552083333333333, 0.5625, 0.572916666666667, 0.583333333333333, 0.59375, 0.604166666666666, 0.614583333333333, 0.625, 0.635416666666666, 0.645833333333334, 0.656249999999999, 0.666666666666667, 0.677083333333333, 0.687499999999999, 0.697916666666667, 0.708333333333334, 0.718750000000001, 0.729166666666666, 0.734375, 0.739583333333334, 0.75, 0.760416666666668, 0.765625000000001, 0.770833333333332, 0.78125, 0.791666666666666, 0.802083333333333, 0.8125, 0.822916666666667, 0.833333333333333, 0.84375, 0.854166666666666, 0.864583333333333, 0.875, 0.885416666666666, 0.895833333333333, 0.90625, 0.916666666666667, 0.927083333333333, 0.9375, 0.947916666666667, 0.958333333333333, 0.96875, 0.979166666666667, 1.), (0., 0.250000000000625), .UNSPECIFIED.);
#3360 = ADVANCED_FACE ('', (#3252), #3359, .T.);
#3361 = ORIENTED_EDGE ('', *, *, #2556, .F.);
#3362 = ORIENTED_EDGE ('', *, *, #2691, .T.);
#3363 = ORIENTED_EDGE ('', *, *, #2564, .T.);
#3364 = ORIENTED_EDGE ('', *, *, #865, .T.);
#3365 = EDGE_LOOP ('', (#3361, #3362, #3363, #3364));
#3366 = FACE_OUTER_BOUND ('', #3365, .T.);
#3367 = CARTESIAN_POINT ('', (12.9720553626602, 27.0000000000002, -12.5));
#3368 = CARTESIAN_POINT ('', (12.472055362659, 27.0000000000003, -13.0000000000013));
#3369 = CARTESIAN_POINT ('', (12.9720553626602, 26.9011291348551, -12.5));
#3370 = CARTESIAN_POINT ('', (12.472055362659, 26.8912420483406, -13.0000000000013));
#3371 = CARTESIAN_POINT ('', (12.9763980273558, 26.7528228371375, -12.5));
#3372 = CARTESIAN_POINT ('', (12.4768322938241, 26.7281051208512, -13.0000000000013));
#3373 = CARTESIAN_POINT ('', (12.9914829790701, 26.5509106806588, -12.5));
#3374 = CARTESIAN_POINT ('', (12.4934257407099, 26.5060017487245, -13.0000000000013));
#3375 = CARTESIAN_POINT ('', (13.0129506549901, 26.347535563004, -12.5));
#3376 = CARTESIAN_POINT ('', (12.5170401842218, 26.2822891193042, -13.0000000000013));
#3377 = CARTESIAN_POINT ('', (13.0520907527053, 26.0905900002453, -12.5));
#3378 = CARTESIAN_POINT ('', (12.5600942917086, 25.9996490002696, -13.0000000000013));
#3379 = CARTESIAN_POINT ('', (13.1196854771961, 25.7798237511001, -12.5));
#3380 = CARTESIAN_POINT ('', (12.6344484886485, 25.6578061262097, -13.0000000000013));
#3381 = CARTESIAN_POINT ('', (13.2086368397814, 25.4685481281051, -12.5));
#3382 = CARTESIAN_POINT ('', (12.7322949874923, 25.3154029409152, -13.0000000000013));
#3383 = CARTESIAN_POINT ('', (13.319436101976, 25.1588865846206, -12.5));
#3384 = CARTESIAN_POINT ('', (12.8541741759065, 24.9747752430821, -13.0000000000013));
#3385 = CARTESIAN_POINT ('', (13.4523018964028, 24.8530642465581, -12.5));
#3386 = CARTESIAN_POINT ('', (13.0003265497759, 24.6383706712133, -13.0000000000013));
#3387 = CARTESIAN_POINT ('', (13.6071546732173, 24.5533814785285, -12.5));
#3388 = CARTESIAN_POINT ('', (13.170664604272, 24.3087196263807, -13.0000000000013));
#3389 = CARTESIAN_POINT ('', (13.7835990136076, 24.2621595470036, -12.5));
#3390 = CARTESIAN_POINT ('', (13.3647533787012, 23.9883755017033, -13.0000000000013));
#3391 = CARTESIAN_POINT ('', (13.9809161117542, 23.9816877319044, -12.5));
#3392 = CARTESIAN_POINT ('', (13.5818021866626, 23.6798565050941, -13.0000000000013));
#3393 = CARTESIAN_POINT ('', (14.1980673893974, 23.7141669265382, -12.5));
#3394 = CARTESIAN_POINT ('', (13.8206685920702, 23.3855836191912, -13.0000000000013));
#3395 = CARTESIAN_POINT ('', (14.4337097654423, 23.4616544027824, -12.5));
#3396 = CARTESIAN_POINT ('', (14.0798752057197, 23.1078198430597, -13.0000000000013));
#3397 = CARTESIAN_POINT ('', (14.6862222891981, 23.2260120267375, -12.5));
#3398 = CARTESIAN_POINT ('', (14.3576389818511, 22.8486132294103, -13.0000000000013));
#3399 = CARTESIAN_POINT ('', (14.9537430945645, 23.0088607490941, -12.5));
#3400 = CARTESIAN_POINT ('', (14.6519118677541, 22.6097468240026, -13.0000000000013));
#3401 = CARTESIAN_POINT ('', (15.2342149096635, 22.8115436509476, -12.5));
#3402 = CARTESIAN_POINT ('', (14.9604308643632, 22.3926980160413, -13.0000000000013));
#3403 = CARTESIAN_POINT ('', (15.5254368411885, 22.6350993105574, -12.5));
#3404 = CARTESIAN_POINT ('', (15.2807749890407, 22.1986092416121, -13.0000000000013));
#3405 = CARTESIAN_POINT ('', (15.8251196092181, 22.4802465337427, -12.5));
#3406 = CARTESIAN_POINT ('', (15.6104260338733, 22.0282711871158, -13.0000000000013));
#3407 = CARTESIAN_POINT ('', (16.1309419472805, 22.3473807393161, -12.5));
#3408 = CARTESIAN_POINT ('', (15.9468306057421, 21.8821188132465, -13.0000000000013));
#3409 = CARTESIAN_POINT ('', (16.440603490765, 22.2365814771214, -12.5));
#3410 = CARTESIAN_POINT ('', (16.2874583035751, 21.7602396248324, -13.0000000000013));
#3411 = CARTESIAN_POINT ('', (16.7518791137601, 22.1476301145362, -12.5));
#3412 = CARTESIAN_POINT ('', (16.6298614888698, 21.6623931259886, -13.0000000000013));
#3413 = CARTESIAN_POINT ('', (17.0626453629053, 22.0800353900452, -12.5));
#3414 = CARTESIAN_POINT ('', (16.9717043629296, 21.5880389290485, -13.0000000000013));
#3415 = CARTESIAN_POINT ('', (17.319590925664, 22.0408952923301, -12.5));
#3416 = CARTESIAN_POINT ('', (17.2543444819642, 21.5449848215618, -13.0000000000013));
#3417 = CARTESIAN_POINT ('', (17.5229660433187, 22.0194276164102, -12.5));
#3418 = CARTESIAN_POINT ('', (17.4780571113844, 21.5213703780499, -13.0000000000013));
#3419 = CARTESIAN_POINT ('', (17.7248781997974, 22.0043426646959, -12.5));
#3420 = CARTESIAN_POINT ('', (17.7001604835111, 21.5047769311642, -13.0000000000013));
#3421 = CARTESIAN_POINT ('', (17.9720553626602, 21.9971048902032, -12.5));
#3422 = CARTESIAN_POINT ('', (17.9720553626603, 21.4968153792222, -13.0000000000013));
#3423 = CARTESIAN_POINT ('', (18.2192325255231, 22.0043426646959, -12.5));
#3424 = CARTESIAN_POINT ('', (18.2439502418094, 21.5047769311642, -13.0000000000013));
#3425 = CARTESIAN_POINT ('', (18.4211446820018, 22.0194276164102, -12.5));
#3426 = CARTESIAN_POINT ('', (18.466053613936, 21.5213703780499, -13.0000000000013));
#3427 = CARTESIAN_POINT ('', (18.6245197996565, 22.0408952923301, -12.5));
#3428 = CARTESIAN_POINT ('', (18.6897662433563, 21.5449848215618, -13.0000000000013));
#3429 = CARTESIAN_POINT ('', (18.8814653624151, 22.0800353900452, -12.5));
#3430 = CARTESIAN_POINT ('', (18.9724063623908, 21.5880389290485, -13.0000000000013));
#3431 = CARTESIAN_POINT ('', (19.1922316115604, 22.1476301145362, -12.5));
#3432 = CARTESIAN_POINT ('', (19.3142492364508, 21.6623931259886, -13.0000000000013));
#3433 = CARTESIAN_POINT ('', (19.5035072345554, 22.2365814771215, -12.5));
#3434 = CARTESIAN_POINT ('', (19.6566524217453, 21.7602396248324, -13.0000000000013));
#3435 = CARTESIAN_POINT ('', (19.8131687780399, 22.3473807393161, -12.5));
#3436 = CARTESIAN_POINT ('', (19.9972801195784, 21.8821188132465, -13.0000000000013));
#3437 = CARTESIAN_POINT ('', (20.1189911161024, 22.4802465337428, -12.5));
#3438 = CARTESIAN_POINT ('', (20.3336846914472, 22.0282711871159, -13.0000000000013));
#3439 = CARTESIAN_POINT ('', (20.418673884132, 22.6350993105573, -12.5));
#3440 = CARTESIAN_POINT ('', (20.6633357362798, 22.1986092416119, -13.0000000000013));
#3441 = CARTESIAN_POINT ('', (20.7098958156569, 22.8115436509482, -12.5));
#3442 = CARTESIAN_POINT ('', (20.9836798609572, 22.392698016042, -13.0000000000013));
#3443 = CARTESIAN_POINT ('', (20.9903676307563, 23.0088607490917, -12.5));
#3444 = CARTESIAN_POINT ('', (21.2921988575666, 22.6097468239998, -13.0000000000013));
#3445 = CARTESIAN_POINT ('', (21.2578884361216, 23.2260120267466, -12.5));
#3446 = CARTESIAN_POINT ('', (21.5864717434686, 22.8486132294203, -13.0000000000013));
#3447 = CARTESIAN_POINT ('', (21.5104009598808, 23.4616544027482, -12.5));
#3448 = CARTESIAN_POINT ('', (21.8642355196037, 23.1078198430222, -13.0000000000013));
#3449 = CARTESIAN_POINT ('', (21.7460433359131, 23.7141669266655, -12.5));
#3450 = CARTESIAN_POINT ('', (22.1234421332393, 23.3855836193312, -13.0000000000013));
#3451 = CARTESIAN_POINT ('', (21.9631946136034, 23.9816877314293, -12.5));
#3452 = CARTESIAN_POINT ('', (22.3623085386987, 23.6798565045714, -13.0000000000013));
#3453 = CARTESIAN_POINT ('', (22.1605117115747, 24.2621595487769, -12.5));
#3454 = CARTESIAN_POINT ('', (22.5793573464672, 23.9883755036539, -13.0000000000013));
#3455 = CARTESIAN_POINT ('', (22.3369560526189, 24.5533814719104, -12.5));
#3456 = CARTESIAN_POINT ('', (22.7734461216159, 24.3087196191008, -13.0000000000013));
#3457 = CARTESIAN_POINT ('', (22.4918088269928, 24.8530642712571, -12.5));
#3458 = CARTESIAN_POINT ('', (22.9437841734271, 24.6383706983822, -13.0000000000013));
#3459 = CARTESIAN_POINT ('', (22.6246746305288, 25.1588864924425, -12.5));
#3460 = CARTESIAN_POINT ('', (23.0899365573168, 24.9747751416862, -13.0000000000013));
#3461 = CARTESIAN_POINT ('', (22.7354738587268, 25.4685484721182, -12.5));
#3462 = CARTESIAN_POINT ('', (23.2118157083347, 25.3154033193296, -13.0000000000013));
#3463 = CARTESIAN_POINT ('', (22.8244253481891, 25.7798224672252, -12.5));
#3464 = CARTESIAN_POINT ('', (23.3096623467432, 25.6578047139474, -13.0000000000013));
#3465 = CARTESIAN_POINT ('', (22.8920195991683, 26.0905947917313, -12.5));
#3466 = CARTESIAN_POINT ('', (23.3840160228203, 25.9996542709042, -13.0000000000013));
#3467 = CARTESIAN_POINT ('', (22.9546461117392, 26.5016774607385, -12.5));
#3468 = CARTESIAN_POINT ('', (23.4529051866484, 26.4518452068123, -13.0000000000013));
#3469 = CARTESIAN_POINT ('', (22.9720702459034, 26.8036064034586, -12.5));
#3470 = CARTESIAN_POINT ('', (23.4720717342289, 26.7839670438044, -13.0000000000013));
#3471 = CARTESIAN_POINT ('', (22.9720553626602, 27.0000000000003, -12.5));
#3472 = CARTESIAN_POINT ('', (23.4720553626615, 27.0000000000003, -13.0000000000013));
#3473 = B_SPLINE_SURFACE_WITH_KNOTS ('', 3, 1, ((#3367, #3368), (#3369, #3370), (#3371, #3372), (#3373, #3374), (#3375, #3376), (#3377, #3378), (#3379, #3380), (#3381, #3382), (#3383, #3384), (#3385, #3386), (#3387, #3388), (#3389, #3390), (#3391, #3392), (#3393, #3394), (#3395, #3396), (#3397, #3398), (#3399, #3400), (#3401, #3402), (#3403, #3404), (#3405, #3406), (#3407, #3408), (#3409, #3410), (#3411, #3412), (#3413, #3414), (#3415, #3416), (#3417, #3418), (#3419, #3420), (#3421, #3422), (#3423, #3424), (#3425, #3426), (#3427, #3428), (#3429, #3430), (#3431, #3432), (#3433, #3434), (#3435, #3436), (#3437, #3438), (#3439, #3440), (#3441, #3442), (#3443, #3444), (#3445, #3446), (#3447, #3448), (#3449, #3450), (#3451, #3452), (#3453, #3454), (#3455, #3456), (#3457, #3458), (#3459, #3460), (#3461, #3462), (#3463, #3464), (#3465, #3466), (#3467, #3468), (#3469, #3470), (#3471, #3472)), .UNSPECIFIED., .F., .F., .U., (4, 1, 1, 1, 1, 1, 1, 1, 1, 1, 1, 1, 1, 1, 1, 1, 1, 1, 1, 1, 1, 1, 1, 1, 1, 1, 1, 1, 1, 1, 1, 1, 1, 1, 1, 1, 1, 1, 1, 1, 1, 1, 1, 1, 1, 1, 1, 1, 1, 1, 4), (2, 2), (0.5, 0.510416666666668, 0.515625, 0.520833333333332, 0.53125, 0.541666666666666, 0.552083333333333, 0.5625, 0.572916666666667, 0.583333333333333, 0.59375, 0.604166666666666, 0.614583333333333, 0.625, 0.635416666666666, 0.645833333333334, 0.656249999999999, 0.666666666666667, 0.677083333333333, 0.687499999999999, 0.697916666666667, 0.708333333333334, 0.718750000000001, 0.729166666666666, 0.734375, 0.739583333333334, 0.75, 0.760416666666668, 0.765625000000001, 0.770833333333332, 0.78125, 0.791666666666666, 0.802083333333333, 0.8125, 0.822916666666667, 0.833333333333333, 0.84375, 0.854166666666666, 0.864583333333333, 0.875, 0.885416666666666, 0.895833333333333, 0.90625, 0.916666666666667, 0.927083333333333, 0.9375, 0.947916666666667, 0.958333333333333, 0.96875, 0.979166666666667, 1.), (0., 0.250000000000626), .UNSPECIFIED.);
#3474 = ADVANCED_FACE ('', (#3366), #3473, .T.);
#3475 = ORIENTED_EDGE ('', *, *, #2706, .F.);
#3476 = ORIENTED_EDGE ('', *, *, #2841, .T.);
#3477 = ORIENTED_EDGE ('', *, *, #2714, .T.);
#3478 = ORIENTED_EDGE ('', *, *, #659, .T.);
#3479 = EDGE_LOOP ('', (#3475, #3476, #3477, #3478));
#3480 = FACE_OUTER_BOUND ('', #3479, .T.);
#3481 = CARTESIAN_POINT ('', (-4.99999999999999, -3.98630234941349, -12.5));
#3482 = CARTESIAN_POINT ('', (-5.50000000000124, -3.98630234941349, -13.0000000000013));
#3483 = CARTESIAN_POINT ('', (-5., -4.08517321455863, -12.5));
#3484 = CARTESIAN_POINT ('', (-5.50000000000124, -4.09506030107315, -13.0000000000013));
#3485 = CARTESIAN_POINT ('', (-4.99565733530443, -4.23347951227629, -12.5));
#3486 = CARTESIAN_POINT ('', (-5.4952230688361, -4.25819722856259, -13.0000000000012));
#3487 = CARTESIAN_POINT ('', (-4.9805723835901, -4.43539166875499, -12.5));
#3488 = CARTESIAN_POINT ('', (-5.47862962195034, -4.48030060068926, -13.0000000000012));
#3489 = CARTESIAN_POINT ('', (-4.95910470767018, -4.63876678640972, -12.5));
#3490 = CARTESIAN_POINT ('', (-5.45501517843844, -4.70401323010952, -13.0000000000012));
#3491 = CARTESIAN_POINT ('', (-4.91996460995498, -4.8957123491684, -12.5));
#3492 = CARTESIAN_POINT ('', (-5.41196107095168, -4.9866533491441, -13.0000000000012));
#3493 = CARTESIAN_POINT ('', (-4.8523698854641, -5.20647859831368, -12.5));
#3494 = CARTESIAN_POINT ('', (-5.33760687401172, -5.32849622320401, -13.0000000000012));
#3495 = CARTESIAN_POINT ('', (-4.76341852287883, -5.51775422130865, -12.5));
#3496 = CARTESIAN_POINT ('', (-5.23976037516789, -5.67089940849856, -13.0000000000012));
#3497 = CARTESIAN_POINT ('', (-4.65261926068419, -5.82741576479319, -12.5));
#3498 = CARTESIAN_POINT ('', (-5.11788118675377, -6.0115271063316, -13.0000000000012));
#3499 = CARTESIAN_POINT ('', (-4.51975346625749, -6.13323810285567, -12.5));
#3500 = CARTESIAN_POINT ('', (-4.97172881288436, -6.34793167820042, -13.0000000000012));
#3501 = CARTESIAN_POINT ('', (-4.36490068944289, -6.43292087088525, -12.5));
#3502 = CARTESIAN_POINT ('', (-4.80139075838824, -6.67758272303305, -13.0000000000012));
#3503 = CARTESIAN_POINT ('', (-4.18845634905269, -6.72414280241011, -12.5));
#3504 = CARTESIAN_POINT ('', (-4.60730198395899, -6.99792684771046, -13.0000000000012));
#3505 = CARTESIAN_POINT ('', (-3.99113925090609, -7.0046146175093, -12.5));
#3506 = CARTESIAN_POINT ('', (-4.39025317599769, -7.30644584431965, -13.0000000000012));
#3507 = CARTESIAN_POINT ('', (-3.77398797326282, -7.27213542287555, -12.5));
#3508 = CARTESIAN_POINT ('', (-4.15138677059005, -7.60071873022256, -13.0000000000012));
#3509 = CARTESIAN_POINT ('', (-3.5383455972179, -7.52464794663138, -12.5));
#3510 = CARTESIAN_POINT ('', (-3.89218015694057, -7.87848250635405, -13.0000000000012));
#3511 = CARTESIAN_POINT ('', (-3.2858330734621, -7.76029032267624, -12.5));
#3512 = CARTESIAN_POINT ('', (-3.61441638080912, -8.13768912000348, -13.0000000000012));
#3513 = CARTESIAN_POINT ('', (-3.01831226809579, -7.9774416003196, -12.5));
#3514 = CARTESIAN_POINT ('', (-3.32014349490612, -8.37655552541118, -13.0000000000012));
#3515 = CARTESIAN_POINT ('', (-2.73784045299669, -8.17475869846615, -12.5));
#3516 = CARTESIAN_POINT ('', (-3.01162449829703, -8.59360433337248, -13.0000000000012));
#3517 = CARTESIAN_POINT ('', (-2.44661852147178, -8.35120303885631, -12.5));
#3518 = CARTESIAN_POINT ('', (-2.69128037361957, -8.78769310780167, -13.0000000000012));
#3519 = CARTESIAN_POINT ('', (-2.14693575344217, -8.50605581567103, -12.5));
#3520 = CARTESIAN_POINT ('', (-2.36162932878691, -8.95803116229792, -13.0000000000012));
#3521 = CARTESIAN_POINT ('', (-1.84111341537971, -8.63892161009767, -12.5));
#3522 = CARTESIAN_POINT ('', (-2.02522475691813, -9.10418353616723, -13.0000000000012));
#3523 = CARTESIAN_POINT ('', (-1.5314518718952, -8.7497208722923, -12.5));
#3524 = CARTESIAN_POINT ('', (-1.68459705908509, -9.22606272458138, -13.0000000000012));
#3525 = CARTESIAN_POINT ('', (-1.22017624890015, -8.83867223487752, -12.5));
#3526 = CARTESIAN_POINT ('', (-1.34219387379049, -9.32390922342515, -13.0000000000012));
#3527 = CARTESIAN_POINT ('', (-0.909409999754942, -8.90626695936848, -12.5));
#3528 = CARTESIAN_POINT ('', (-1.00035099973065, -9.3982634203652, -13.0000000000012));
#3529 = CARTESIAN_POINT ('', (-0.65246443699624, -8.94540705708366, -12.5));
#3530 = CARTESIAN_POINT ('', (-0.71771088069601, -9.44131752785192, -13.0000000000012));
#3531 = CARTESIAN_POINT ('', (-0.449089319341539, -8.96687473300355, -12.5));
#3532 = CARTESIAN_POINT ('', (-0.493998251275797, -9.46493197136381, -13.0000000000012));
#3533 = CARTESIAN_POINT ('', (-0.247177162862798, -8.98195968471785, -12.5));
#3534 = CARTESIAN_POINT ('', (-0.271894879149153, -9.48152541824951, -13.0000000000012));
#3535 = CARTESIAN_POINT ('', (-3.02922587604869E-28, -8.98919745921054, -12.5));
#3536 = CARTESIAN_POINT ('', (2.13162820728559E-14, -9.48948697019152, -13.0000000000012));
#3537 = CARTESIAN_POINT ('', (0.247177162862826, -8.98195968471788, -12.5));
#3538 = CARTESIAN_POINT ('', (0.271894879149153, -9.48152541824954, -13.0000000000012));
#3539 = CARTESIAN_POINT ('', (0.449089319341539, -8.96687473300358, -12.5));
#3540 = CARTESIAN_POINT ('', (0.493998251275804, -9.46493197136383, -13.0000000000012));
#3541 = CARTESIAN_POINT ('', (0.652464436996212, -8.94540705708369, -12.5));
#3542 = CARTESIAN_POINT ('', (0.717710880696046, -9.44131752785195, -13.0000000000012));
#3543 = CARTESIAN_POINT ('', (0.909409999754871, -8.90626695936848, -12.5));
#3544 = CARTESIAN_POINT ('', (1.00035099973059, -9.3982634203652, -13.0000000000012));
#3545 = CARTESIAN_POINT ('', (1.2201762489002, -8.83867223487752, -12.5));
#3546 = CARTESIAN_POINT ('', (1.34219387379056, -9.32390922342514, -13.0000000000012));
#3547 = CARTESIAN_POINT ('', (1.5314518718952, -8.74972087229228, -12.5));
#3548 = CARTESIAN_POINT ('', (1.68459705908511, -9.22606272458135, -13.0000000000012));
#3549 = CARTESIAN_POINT ('', (1.8411134153797, -8.63892161009764, -12.5));
#3550 = CARTESIAN_POINT ('', (2.02522475691813, -9.10418353616722, -13.0000000000012));
#3551 = CARTESIAN_POINT ('', (2.14693575344218, -8.50605581567098, -12.5));
#3552 = CARTESIAN_POINT ('', (2.36162932878695, -8.95803116229785, -13.0000000000012));
#3553 = CARTESIAN_POINT ('', (2.44661852147179, -8.35120303885648, -12.5));
#3554 = CARTESIAN_POINT ('', (2.6912803736196, -8.78769310780186, -13.0000000000012));
#3555 = CARTESIAN_POINT ('', (2.73784045299661, -8.17475869846549, -12.5));
#3556 = CARTESIAN_POINT ('', (3.01162449829696, -8.59360433337175, -13.0000000000012));
#3557 = CARTESIAN_POINT ('', (3.01831226809603, -7.97744160032207, -12.5));
#3558 = CARTESIAN_POINT ('', (3.32014349490638, -8.3765555254139, -13.0000000000012));
#3559 = CARTESIAN_POINT ('', (3.28583307346135, -7.76029032266712, -12.5));
#3560 = CARTESIAN_POINT ('', (3.61441638080832, -8.13768911999345, -13.0000000000012));
#3561 = CARTESIAN_POINT ('', (3.53834559722057, -7.52464794666548, -12.5));
#3562 = CARTESIAN_POINT ('', (3.8921801569435, -7.87848250639156, -13.0000000000012));
#3563 = CARTESIAN_POINT ('', (3.77398797325285, -7.27213542274825, -12.5));
#3564 = CARTESIAN_POINT ('', (4.15138677057909, -7.60071873008254, -13.0000000000012));
#3565 = CARTESIAN_POINT ('', (3.99113925094318, -7.00461461798446, -12.5));
#3566 = CARTESIAN_POINT ('', (4.39025317603849, -7.30644584484231, -13.0000000000012));
#3567 = CARTESIAN_POINT ('', (4.18845634891443, -6.72414280063683, -12.5));
#3568 = CARTESIAN_POINT ('', (4.60730198380691, -6.99792684575984, -13.0000000000012));
#3569 = CARTESIAN_POINT ('', (4.36490068995865, -6.43292087750336, -12.5));
#3570 = CARTESIAN_POINT ('', (4.80139075895561, -6.67758273031297, -13.0000000000012));
#3571 = CARTESIAN_POINT ('', (4.51975346433253, -6.13323807815663, -12.5));
#3572 = CARTESIAN_POINT ('', (4.97172881076691, -6.34793165103149, -13.0000000000012));
#3573 = CARTESIAN_POINT ('', (4.65261926786855, -5.82741585697127, -12.5));
#3574 = CARTESIAN_POINT ('', (5.11788119465655, -6.01152720772749, -13.0000000000012));
#3575 = CARTESIAN_POINT ('', (4.76341849606655, -5.51775387729552, -12.5));
#3576 = CARTESIAN_POINT ('', (5.23976034567442, -5.67089903008409, -13.0000000000012));
#3577 = CARTESIAN_POINT ('', (4.85236998552887, -5.20647988218849, -12.5));
#3578 = CARTESIAN_POINT ('', (5.33760698408297, -5.3284976354663, -13.0000000000012));
#3579 = CARTESIAN_POINT ('', (4.91996423650804, -4.89570755768241, -12.5));
#3580 = CARTESIAN_POINT ('', (5.41196066016007, -4.98664807850955, -13.0000000000012));
#3581 = CARTESIAN_POINT ('', (4.98259074907895, -4.4846248886752, -12.5));
#3582 = CARTESIAN_POINT ('', (5.48084982398813, -4.53445714260149, -13.0000000000012));
#3583 = CARTESIAN_POINT ('', (5.00001488324316, -4.18269594595515, -12.5));
#3584 = CARTESIAN_POINT ('', (5.50001637156869, -4.20233530560937, -13.0000000000012));
#3585 = CARTESIAN_POINT ('', (5., -3.98630234941348, -12.5));
#3586 = CARTESIAN_POINT ('', (5.50000000000126, -3.98630234941348, -13.0000000000012));
#3587 = B_SPLINE_SURFACE_WITH_KNOTS ('', 3, 1, ((#3481, #3482), (#3483, #3484), (#3485, #3486), (#3487, #3488), (#3489, #3490), (#3491, #3492), (#3493, #3494), (#3495, #3496), (#3497, #3498), (#3499, #3500), (#3501, #3502), (#3503, #3504), (#3505, #3506), (#3507, #3508), (#3509, #3510), (#3511, #3512), (#3513, #3514), (#3515, #3516), (#3517, #3518), (#3519, #3520), (#3521, #3522), (#3523, #3524), (#3525, #3526), (#3527, #3528), (#3529, #3530), (#3531, #3532), (#3533, #3534), (#3535, #3536), (#3537, #3538), (#3539, #3540), (#3541, #3542), (#3543, #3544), (#3545, #3546), (#3547, #3548), (#3549, #3550), (#3551, #3552), (#3553, #3554), (#3555, #3556), (#3557, #3558), (#3559, #3560), (#3561, #3562), (#3563, #3564), (#3565, #3566), (#3567, #3568), (#3569, #3570), (#3571, #3572), (#3573, #3574), (#3575, #3576), (#3577, #3578), (#3579, #3580), (#3581, #3582), (#3583, #3584), (#3585, #3586)), .UNSPECIFIED., .F., .F., .U., (4, 1, 1, 1, 1, 1, 1, 1, 1, 1, 1, 1, 1, 1, 1, 1, 1, 1, 1, 1, 1, 1, 1, 1, 1, 1, 1, 1, 1, 1, 1, 1, 1, 1, 1, 1, 1, 1, 1, 1, 1, 1, 1, 1, 1, 1, 1, 1, 1, 1, 4), (2, 2), (0.5, 0.510416666666668, 0.515625, 0.520833333333332, 0.53125, 0.541666666666666, 0.552083333333333, 0.5625, 0.572916666666667, 0.583333333333333, 0.59375, 0.604166666666666, 0.614583333333333, 0.625, 0.635416666666666, 0.645833333333334, 0.656249999999999, 0.666666666666667, 0.677083333333333, 0.687499999999999, 0.697916666666667, 0.708333333333334, 0.718750000000001, 0.729166666666666, 0.734375, 0.739583333333334, 0.75, 0.760416666666668, 0.765625000000001, 0.770833333333332, 0.78125, 0.791666666666666, 0.802083333333333, 0.8125, 0.822916666666667, 0.833333333333333, 0.84375, 0.854166666666666, 0.864583333333333, 0.875, 0.885416666666666, 0.895833333333333, 0.90625, 0.916666666666667, 0.927083333333333, 0.9375, 0.947916666666667, 0.958333333333333, 0.96875, 0.979166666666667, 1.), (0., 0.250000000000624), .UNSPECIFIED.);
#3588 = ADVANCED_FACE ('', (#3480), #3587, .T.);
#3589 = CLOSED_SHELL ('', (#286, #323, #504, #1419, #1526, #1570, #1750, #1778, #1851, #1893, #2018, #2053, #2082, #2110, #2141, #2214, #2249, #2278, #2300, #2313, #2330, #2346, #2366, #2384, #2400, #2533, #2550, #2683, #2700, #2833, #2850, #2876, #2902, #2918, #2942, #2958, #2976, #2992, #3016, #3034, #3052, #3140, #3228, #3246, #3360, #3474, #3588));
#3590 = MANIFOLD_SOLID_BREP ('', #3589);
#3591 = PRESENTATION_LAYER_ASSIGNMENT ('Level 4', 'Level 4', (#3590));
#3592 = COLOUR_RGB ('', 0., 0.866666666666667, 0.);
#3593 = FILL_AREA_STYLE_COLOUR ('', #3592);
#3594 = FILL_AREA_STYLE ('', (#3593));
#3595 = SURFACE_STYLE_FILL_AREA (#3594);
#3596 = SURFACE_SIDE_STYLE ('', (#3595));
#3597 = SURFACE_STYLE_USAGE (.POSITIVE., #3596);
#3598 = PRESENTATION_STYLE_ASSIGNMENT ((#3597));
#3599 = STYLED_ITEM ('', (#3598), #3590);
#3600 = (
   LENGTH_UNIT ()
   NAMED_UNIT (*)
   SI_UNIT ($, .METRE.)
);
#3601 = (
   NAMED_UNIT (*)
   SI_UNIT ($, .STERADIAN.)
   SOLID_ANGLE_UNIT ()
);
#3602 = (
   NAMED_UNIT (*)
   PLANE_ANGLE_UNIT ()
   SI_UNIT ($, .RADIAN.)
);
#3603 = UNCERTAINTY_MEASURE_WITH_UNIT (LENGTH_MEASURE(0.001), #3600, 'DISTANCE_ACCURACY_VALUE', '');
#3604 = (
   GEOMETRIC_REPRESENTATION_CONTEXT (3)
   GLOBAL_UNCERTAINTY_ASSIGNED_CONTEXT ((#3603))
   GLOBAL_UNIT_ASSIGNED_CONTEXT ((#3600, #3601, #3602))
   REPRESENTATION_CONTEXT ('', '3D')
);
#3605 = SHAPE_REPRESENTATION ('', (#3733), #3604);
#3606 = APPLICATION_CONTEXT ('configuration controlled 3D designs of mechanical parts and assemblies');
#3607 = APPLICATION_PROTOCOL_DEFINITION ('International Standard', 'config_control_design', 1997, #3606);
#3608 = MECHANICAL_CONTEXT ('', #3606, 'mechanical');
#3609 = PRODUCT ('', '', '', (#3608));
#3610 = PERSON_AND_ORGANIZATION_ROLE ('design_owner');
#3611 = PERSON ('#3611', '', $, $, $, $);
#3612 = ORGANIZATION ($, '', '');
#3613 = PERSON_AND_ORGANIZATION (#3611, #3612);
#3614 = CC_DESIGN_PERSON_AND_ORGANIZATION_ASSIGNMENT (#3613, #3610, (#3609));
#3615 = PRODUCT_RELATED_PRODUCT_CATEGORY ('detail', $, (#3609));
#3616 = PRODUCT_DEFINITION_FORMATION_WITH_SPECIFIED_SOURCE ('', '', #3609, .NOT_KNOWN.);
#3617 = APPROVAL_STATUS ('approved');
#3618 = APPROVAL (#3617, '');
#3619 = CALENDAR_DATE (2026, 1, 10);
#3620 = COORDINATED_UNIVERSAL_TIME_OFFSET (0, $, .AHEAD.);
#3621 = LOCAL_TIME (4, 16, 18., #3620);
#3622 = DATE_AND_TIME (#3619, #3621);
#3623 = APPROVAL_DATE_TIME (#3622, #3618);
#3624 = APPROVAL_ROLE ('');
#3625 = PERSON ('#3625', '', $, $, $, $);
#3626 = ORGANIZATION ($, '', '');
#3627 = PERSON_AND_ORGANIZATION (#3625, #3626);
#3628 = APPROVAL_PERSON_ORGANIZATION (#3627, #3618, #3624);
#3629 = CC_DESIGN_APPROVAL (#3618, (#3616));
#3630 = PERSON_AND_ORGANIZATION_ROLE ('creator');
#3631 = PERSON ('#3631', '', $, $, $, $);
#3632 = ORGANIZATION ($, '', '');
#3633 = PERSON_AND_ORGANIZATION (#3631, #3632);
#3634 = CC_DESIGN_PERSON_AND_ORGANIZATION_ASSIGNMENT (#3633, #3630, (#3616));
#3635 = PERSON_AND_ORGANIZATION_ROLE ('part_supplier');
#3636 = PERSON ('#3636', '', $, $, $, $);
#3637 = ORGANIZATION ($, '', '');
#3638 = PERSON_AND_ORGANIZATION (#3636, #3637);
#3639 = CC_DESIGN_PERSON_AND_ORGANIZATION_ASSIGNMENT (#3638, #3635, (#3616));
#3640 = SECURITY_CLASSIFICATION_LEVEL ('unclassified');
#3641 = SECURITY_CLASSIFICATION ('', '', #3640);
#3642 = APPROVAL_STATUS ('approved');
#3643 = APPROVAL (#3642, '');
#3644 = CALENDAR_DATE (2026, 1, 10);
#3645 = COORDINATED_UNIVERSAL_TIME_OFFSET (0, $, .AHEAD.);
#3646 = LOCAL_TIME (4, 16, 18., #3645);
#3647 = DATE_AND_TIME (#3644, #3646);
#3648 = APPROVAL_DATE_TIME (#3647, #3643);
#3649 = APPROVAL_ROLE ('');
#3650 = PERSON ('#3650', '', $, $, $, $);
#3651 = ORGANIZATION ($, '', '');
#3652 = PERSON_AND_ORGANIZATION (#3650, #3651);
#3653 = APPROVAL_PERSON_ORGANIZATION (#3652, #3643, #3649);
#3654 = CC_DESIGN_APPROVAL (#3643, (#3641));
#3655 = DATE_TIME_ROLE ('classification_date');
#3656 = CALENDAR_DATE (2026, 1, 10);
#3657 = COORDINATED_UNIVERSAL_TIME_OFFSET (0, $, .AHEAD.);
#3658 = LOCAL_TIME (4, 16, 18., #3657);
#3659 = DATE_AND_TIME (#3656, #3658);
#3660 = CC_DESIGN_DATE_AND_TIME_ASSIGNMENT (#3659, #3655, (#3641));
#3661 = PERSON_AND_ORGANIZATION_ROLE ('classification_officer');
#3662 = PERSON ('#3662', '', $, $, $, $);
#3663 = ORGANIZATION ($, '', '');
#3664 = PERSON_AND_ORGANIZATION (#3662, #3663);
#3665 = CC_DESIGN_PERSON_AND_ORGANIZATION_ASSIGNMENT (#3664, #3661, (#3641));
#3666 = CC_DESIGN_SECURITY_CLASSIFICATION (#3641, (#3616));
#3667 = DESIGN_CONTEXT ('', #3606, 'design');
#3668 = APPROVAL_STATUS ('approved');
#3669 = APPROVAL (#3668, '');
#3670 = CALENDAR_DATE (2026, 1, 10);
#3671 = COORDINATED_UNIVERSAL_TIME_OFFSET (0, $, .AHEAD.);
#3672 = LOCAL_TIME (4, 16, 18., #3671);
#3673 = DATE_AND_TIME (#3670, #3672);
#3674 = APPROVAL_DATE_TIME (#3673, #3669);
#3675 = APPROVAL_ROLE ('');
#3676 = PERSON ('#3676', '', $, $, $, $);
#3677 = ORGANIZATION ($, '', '');
#3678 = PERSON_AND_ORGANIZATION (#3676, #3677);
#3679 = APPROVAL_PERSON_ORGANIZATION (#3678, #3669, #3675);
#3680 = CC_DESIGN_APPROVAL (#3669, (*));
#3681 = DATE_TIME_ROLE ('creation_date');
#3682 = CALENDAR_DATE (2026, 1, 10);
#3683 = COORDINATED_UNIVERSAL_TIME_OFFSET (0, $, .AHEAD.);
#3684 = LOCAL_TIME (4, 16, 18., #3683);
#3685 = DATE_AND_TIME (#3682, #3684);
#3686 = CC_DESIGN_DATE_AND_TIME_ASSIGNMENT (#3685, #3681, (*));
#3687 = PERSON_AND_ORGANIZATION_ROLE ('creator');
#3688 = PERSON ('#3688', '', $, $, $, $);
#3689 = ORGANIZATION ($, '', '');
#3690 = PERSON_AND_ORGANIZATION (#3688, #3689);
#3691 = CC_DESIGN_PERSON_AND_ORGANIZATION_ASSIGNMENT (#3690, #3687, (*));
#3692 = PRODUCT_DEFINITION ('', '', #3616, #3667);
#3693 = PRODUCT_DEFINITION_SHAPE ('', '', #3692);
#3694 = SHAPE_DEFINITION_REPRESENTATION (#3693, #3605);
#3695 = SHAPE_REPRESENTATION_RELATIONSHIP ('', '', #3605, #3696);
#3696 = ADVANCED_BREP_SHAPE_REPRESENTATION ('', (#3590), #3604);
#3697 = NEXT_ASSEMBLY_USAGE_OCCURRENCE ('#3697', '', '', #93, #3692, $);
#3698 = SECURITY_CLASSIFICATION_LEVEL ('unclassified');
#3699 = SECURITY_CLASSIFICATION ('', '', #3698);
#3700 = APPROVAL_STATUS ('approved');
#3701 = APPROVAL (#3700, '');
#3702 = CALENDAR_DATE (2026, 1, 10);
#3703 = COORDINATED_UNIVERSAL_TIME_OFFSET (0, $, .AHEAD.);
#3704 = LOCAL_TIME (4, 16, 18., #3703);
#3705 = DATE_AND_TIME (#3702, #3704);
#3706 = APPROVAL_DATE_TIME (#3705, #3701);
#3707 = APPROVAL_ROLE ('');
#3708 = PERSON ('#3708', '', $, $, $, $);
#3709 = ORGANIZATION ($, '', '');
#3710 = PERSON_AND_ORGANIZATION (#3708, #3709);
#3711 = APPROVAL_PERSON_ORGANIZATION (#3710, #3701, #3707);
#3712 = CC_DESIGN_APPROVAL (#3701, (#3699));
#3713 = DATE_TIME_ROLE ('classification_date');
#3714 = CALENDAR_DATE (2026, 1, 10);
#3715 = COORDINATED_UNIVERSAL_TIME_OFFSET (0, $, .AHEAD.);
#3716 = LOCAL_TIME (4, 16, 18., #3715);
#3717 = DATE_AND_TIME (#3714, #3716);
#3718 = CC_DESIGN_DATE_AND_TIME_ASSIGNMENT (#3717, #3713, (#3699));
#3719 = PERSON_AND_ORGANIZATION_ROLE ('classification_officer');
#3720 = PERSON ('#3720', '', $, $, $, $);
#3721 = ORGANIZATION ($, '', '');
#3722 = PERSON_AND_ORGANIZATION (#3720, #3721);
#3723 = CC_DESIGN_PERSON_AND_ORGANIZATION_ASSIGNMENT (#3722, #3719, (#3699));
#3724 = CC_DESIGN_SECURITY_CLASSIFICATION (#3699, (#3697));
#3725 = PRODUCT_DEFINITION_SHAPE ('', '', #3697);
#3726 = CARTESIAN_POINT ('', (0., 0., 0.));
#3727 = DIRECTION ('', (0., 0., 1.));
#3728 = DIRECTION ('', (1., 0., 0.));
#3729 = AXIS2_PLACEMENT_3D ('', #3726, #3727, #3728);
#3730 = CARTESIAN_POINT ('', (0., 0., 0.));
#3731 = DIRECTION ('', (0., 0., 1.));
#3732 = DIRECTION ('', (1., 0., 0.));
#3733 = AXIS2_PLACEMENT_3D ('', #3730, #3731, #3732);
#3734 = ITEM_DEFINED_TRANSFORMATION ('', '', #3729, #3733);
#3735 = (
   REPRESENTATION_RELATIONSHIP ('', '', #6, #3605)
   REPRESENTATION_RELATIONSHIP_WITH_TRANSFORMATION (#3734)
   SHAPE_REPRESENTATION_RELATIONSHIP ()
);
#3736 = CONTEXT_DEPENDENT_SHAPE_REPRESENTATION (#3735, #3725);
ENDSEC;
END-ISO-10303-21;
