ISO-10303-21;
HEADER;
FILE_DESCRIPTION (('STEP'), '1');
FILE_NAME ('yuwolPlateL.stp', '2026-10-01T04:18:56', ('Unknown'), ('Unknown'), 'HarmonyWare STEP v2.1.9', 'HarmonyWare Translators', '');
FILE_SCHEMA (('CONFIG_CONTROL_DESIGN'));
ENDSEC;

DATA;
#1 = (
   LENGTH_UNIT ()
   NAMED_UNIT (*)
   SI_UNIT ($, .METRE.)
);
#2 = (
   NAMED_UNIT (*)
   SI_UNIT ($, .STERADIAN.)
   SOLID_ANGLE_UNIT ()
);
#3 = (
   NAMED_UNIT (*)
   PLANE_ANGLE_UNIT ()
   SI_UNIT ($, .RADIAN.)
);
#4 = UNCERTAINTY_MEASURE_WITH_UNIT (LENGTH_MEASURE(0.001), #1, 'DISTANCE_ACCURACY_VALUE', '');
#5 = (
   GEOMETRIC_REPRESENTATION_CONTEXT (3)
   GLOBAL_UNCERTAINTY_ASSIGNED_CONTEXT ((#4))
   GLOBAL_UNIT_ASSIGNED_CONTEXT ((#1, #2, #3))
   REPRESENTATION_CONTEXT ('', '3D')
);
#6 = SHAPE_REPRESENTATION ('', (#12320), #5);
#7 = APPLICATION_CONTEXT ('configuration controlled 3D designs of mechanical parts and assemblies');
#8 = APPLICATION_PROTOCOL_DEFINITION ('International Standard', 'config_control_design', 1997, #7);
#9 = MECHANICAL_CONTEXT ('', #7, 'mechanical');
#10 = PRODUCT ('', '', '', (#9));
#11 = PERSON_AND_ORGANIZATION_ROLE ('design_owner');
#12 = PERSON ('#12', '', $, $, $, $);
#13 = ORGANIZATION ($, '', '');
#14 = PERSON_AND_ORGANIZATION (#12, #13);
#15 = CC_DESIGN_PERSON_AND_ORGANIZATION_ASSIGNMENT (#14, #11, (#10));
#16 = PRODUCT_RELATED_PRODUCT_CATEGORY ('detail', $, (#10));
#17 = PRODUCT_DEFINITION_FORMATION_WITH_SPECIFIED_SOURCE ('', '', #10, .NOT_KNOWN.);
#18 = APPROVAL_STATUS ('approved');
#19 = APPROVAL (#18, '');
#20 = CALENDAR_DATE (2026, 1, 10);
#21 = COORDINATED_UNIVERSAL_TIME_OFFSET (0, $, .AHEAD.);
#22 = LOCAL_TIME (4, 18, 56., #21);
#23 = DATE_AND_TIME (#20, #22);
#24 = APPROVAL_DATE_TIME (#23, #19);
#25 = APPROVAL_ROLE ('');
#26 = PERSON ('#26', '', $, $, $, $);
#27 = ORGANIZATION ($, '', '');
#28 = PERSON_AND_ORGANIZATION (#26, #27);
#29 = APPROVAL_PERSON_ORGANIZATION (#28, #19, #25);
#30 = CC_DESIGN_APPROVAL (#19, (#17));
#31 = PERSON_AND_ORGANIZATION_ROLE ('creator');
#32 = PERSON ('#32', '', $, $, $, $);
#33 = ORGANIZATION ($, '', '');
#34 = PERSON_AND_ORGANIZATION (#32, #33);
#35 = CC_DESIGN_PERSON_AND_ORGANIZATION_ASSIGNMENT (#34, #31, (#17));
#36 = PERSON_AND_ORGANIZATION_ROLE ('part_supplier');
#37 = PERSON ('#37', '', $, $, $, $);
#38 = ORGANIZATION ($, '', '');
#39 = PERSON_AND_ORGANIZATION (#37, #38);
#40 = CC_DESIGN_PERSON_AND_ORGANIZATION_ASSIGNMENT (#39, #36, (#17));
#41 = SECURITY_CLASSIFICATION_LEVEL ('unclassified');
#42 = SECURITY_CLASSIFICATION ('', '', #41);
#43 = APPROVAL_STATUS ('approved');
#44 = APPROVAL (#43, '');
#45 = CALENDAR_DATE (2026, 1, 10);
#46 = COORDINATED_UNIVERSAL_TIME_OFFSET (0, $, .AHEAD.);
#47 = LOCAL_TIME (4, 18, 56., #46);
#48 = DATE_AND_TIME (#45, #47);
#49 = APPROVAL_DATE_TIME (#48, #44);
#50 = APPROVAL_ROLE ('');
#51 = PERSON ('#51', '', $, $, $, $);
#52 = ORGANIZATION ($, '', '');
#53 = PERSON_AND_ORGANIZATION (#51, #52);
#54 = APPROVAL_PERSON_ORGANIZATION (#53, #44, #50);
#55 = CC_DESIGN_APPROVAL (#44, (#42));
#56 = DATE_TIME_ROLE ('classification_date');
#57 = CALENDAR_DATE (2026, 1, 10);
#58 = COORDINATED_UNIVERSAL_TIME_OFFSET (0, $, .AHEAD.);
#59 = LOCAL_TIME (4, 18, 56., #58);
#60 = DATE_AND_TIME (#57, #59);
#61 = CC_DESIGN_DATE_AND_TIME_ASSIGNMENT (#60, #56, (#42));
#62 = PERSON_AND_ORGANIZATION_ROLE ('classification_officer');
#63 = PERSON ('#63', '', $, $, $, $);
#64 = ORGANIZATION ($, '', '');
#65 = PERSON_AND_ORGANIZATION (#63, #64);
#66 = CC_DESIGN_PERSON_AND_ORGANIZATION_ASSIGNMENT (#65, #62, (#42));
#67 = CC_DESIGN_SECURITY_CLASSIFICATION (#42, (#17));
#68 = DESIGN_CONTEXT ('', #7, 'design');
#69 = APPROVAL_STATUS ('approved');
#70 = APPROVAL (#69, '');
#71 = CALENDAR_DATE (2026, 1, 10);
#72 = COORDINATED_UNIVERSAL_TIME_OFFSET (0, $, .AHEAD.);
#73 = LOCAL_TIME (4, 18, 56., #72);
#74 = DATE_AND_TIME (#71, #73);
#75 = APPROVAL_DATE_TIME (#74, #70);
#76 = APPROVAL_ROLE ('');
#77 = PERSON ('#77', '', $, $, $, $);
#78 = ORGANIZATION ($, '', '');
#79 = PERSON_AND_ORGANIZATION (#77, #78);
#80 = APPROVAL_PERSON_ORGANIZATION (#79, #70, #76);
#81 = CC_DESIGN_APPROVAL (#70, (*));
#82 = DATE_TIME_ROLE ('creation_date');
#83 = CALENDAR_DATE (2026, 1, 10);
#84 = COORDINATED_UNIVERSAL_TIME_OFFSET (0, $, .AHEAD.);
#85 = LOCAL_TIME (4, 18, 56., #84);
#86 = DATE_AND_TIME (#83, #85);
#87 = CC_DESIGN_DATE_AND_TIME_ASSIGNMENT (#86, #82, (*));
#88 = PERSON_AND_ORGANIZATION_ROLE ('creator');
#89 = PERSON ('#89', '', $, $, $, $);
#90 = ORGANIZATION ($, '', '');
#91 = PERSON_AND_ORGANIZATION (#89, #90);
#92 = CC_DESIGN_PERSON_AND_ORGANIZATION_ASSIGNMENT (#91, #88, (*));
#93 = PRODUCT_DEFINITION ('', '', #17, #68);
#94 = PRODUCT_DEFINITION_SHAPE ('', '', #93);
#95 = SHAPE_DEFINITION_REPRESENTATION (#94, #6);
#96 = CARTESIAN_POINT ('', (-58.286095044398, 26.56806038876, 3.5));
#97 = VERTEX_POINT ('', #96);
#98 = CARTESIAN_POINT ('', (-58.7785606827727, 26.8523855576423, 3.5));
#99 = VERTEX_POINT ('', #98);
#100 = CARTESIAN_POINT ('', (-58.286095044398, 26.56806038876, 3.5));
#101 = CARTESIAN_POINT ('', (-58.7785606827727, 26.8523855576423, 3.5));
#102 = B_SPLINE_CURVE_WITH_KNOTS ('', 1, (#100, #101), .UNSPECIFIED., .F., .U., (2, 2), (133.742975150104, 134.311625487868), .UNSPECIFIED.);
#103 = EDGE_CURVE ('', #97, #99, #102, .T.);
#104 = ORIENTED_EDGE ('', *, *, #103, .T.);
#105 = CARTESIAN_POINT ('', (-74.9376846609043, 33.5457138654525, 3.5));
#106 = VERTEX_POINT ('', #105);
#107 = CARTESIAN_POINT ('', (-58.7785606827727, 26.8523855576423, 3.5));
#108 = CARTESIAN_POINT ('', (-66.4175259773906, 31.2627442268202, 3.5));
#109 = CARTESIAN_POINT ('', (-74.9376846609043, 33.5457138654525, 3.5));
#110 = (
   BOUNDED_CURVE ()
   B_SPLINE_CURVE (2, (#107, #108, #109), .UNSPECIFIED., .F., .U.)
   B_SPLINE_CURVE_WITH_KNOTS ((3, 3), (134.311625487868, 135.311625487868), .UNSPECIFIED.)
   CURVE ()
   GEOMETRIC_REPRESENTATION_ITEM ()
   RATIONAL_B_SPLINE_CURVE ((1., 0.991444861373808, 1.))
   REPRESENTATION_ITEM ('')
);
#111 = EDGE_CURVE ('', #99, #106, #110, .T.);
#112 = ORIENTED_EDGE ('', *, *, #111, .T.);
#113 = CARTESIAN_POINT ('', (-75.5770465278339, 33.7170303613676, 3.5));
#114 = VERTEX_POINT ('', #113);
#115 = CARTESIAN_POINT ('', (-74.9376846609043, 33.5457138654525, 3.5));
#116 = CARTESIAN_POINT ('', (-75.5770465278339, 33.7170303613676, 3.5));
#117 = B_SPLINE_CURVE_WITH_KNOTS ('', 1, (#115, #116), .UNSPECIFIED., .F., .U., (2, 2), (135.311625487868, 135.970308306588), .UNSPECIFIED.);
#118 = EDGE_CURVE ('', #106, #114, #117, .T.);
#119 = ORIENTED_EDGE ('', *, *, #118, .T.);
#120 = CARTESIAN_POINT ('', (-81.2666650909629, 34.9791497340649, 3.5));
#121 = VERTEX_POINT ('', #120);
#122 = CARTESIAN_POINT ('', (-75.5770465278339, 33.7170303613676, 3.5));
#123 = CARTESIAN_POINT ('', (-78.3943837830297, 34.4719336037034, 3.5));
#124 = CARTESIAN_POINT ('', (-81.2666650909628, 34.9791497340649, 3.5));
#125 = (
   BOUNDED_CURVE ()
   B_SPLINE_CURVE (2, (#122, #123, #124), .UNSPECIFIED., .F., .U.)
   B_SPLINE_CURVE_WITH_KNOTS ((3, 3), (135.970308306588, 136.302879917812), .UNSPECIFIED.)
   CURVE ()
   GEOMETRIC_REPRESENTATION_ITEM ()
   RATIONAL_B_SPLINE_CURVE ((1., 0.9990537764142, 1.))
   REPRESENTATION_ITEM ('')
);
#126 = EDGE_CURVE ('', #114, #121, #125, .T.);
#127 = ORIENTED_EDGE ('', *, *, #126, .T.);
#128 = CARTESIAN_POINT ('', (-81.2666650909632, 38.3992398151732, 3.5));
#129 = VERTEX_POINT ('', #128);
#130 = CARTESIAN_POINT ('', (-81.2666650909629, 34.9791497340649, 3.5));
#131 = CARTESIAN_POINT ('', (-81.2666650909632, 38.3992398151732, 3.5));
#132 = B_SPLINE_CURVE_WITH_KNOTS ('', 1, (#130, #131), .UNSPECIFIED., .F., .U., (2, 2), (136.302879917812, 139.72296999892), .UNSPECIFIED.);
#133 = EDGE_CURVE ('', #121, #129, #132, .T.);
#134 = ORIENTED_EDGE ('', *, *, #133, .T.);
#135 = CARTESIAN_POINT ('', (-86.2666650909631, 38.3992398151732, 3.5));
#136 = VERTEX_POINT ('', #135);
#137 = CARTESIAN_POINT ('', (-81.2666650909633, 38.3992398151732, 3.5));
#138 = CARTESIAN_POINT ('', (-81.2666650909633, 40.8992398151732, 3.5));
#139 = CARTESIAN_POINT ('', (-83.7666650909633, 40.8992398151731, 3.5));
#140 = CARTESIAN_POINT ('', (-86.2666650909633, 40.899239815173, 3.5));
#141 = CARTESIAN_POINT ('', (-86.2666650909632, 38.3992398151731, 3.5));
#142 = (
   BOUNDED_CURVE ()
   B_SPLINE_CURVE (2, (#137, #138, #139, #140, #141), .UNSPECIFIED., .F., .U.)
   B_SPLINE_CURVE_WITH_KNOTS ((3, 2, 3), (139.72296999892, 139.97296999892, 140.22296999892), .UNSPECIFIED.)
   CURVE ()
   GEOMETRIC_REPRESENTATION_ITEM ()
   RATIONAL_B_SPLINE_CURVE ((1., 0.707106781186548, 1., 0.707106781186548, 1.))
   REPRESENTATION_ITEM ('')
);
#143 = EDGE_CURVE ('', #129, #136, #142, .T.);
#144 = ORIENTED_EDGE ('', *, *, #143, .T.);
#145 = CARTESIAN_POINT ('', (-86.2666650909628, 35.6690390977518, 3.5));
#146 = VERTEX_POINT ('', #145);
#147 = CARTESIAN_POINT ('', (-86.2666650909631, 38.3992398151732, 3.5));
#148 = CARTESIAN_POINT ('', (-86.2666650909628, 35.6690390977518, 3.5));
#149 = B_SPLINE_CURVE_WITH_KNOTS ('', 1, (#147, #148), .UNSPECIFIED., .F., .U., (2, 2), (140.22296999892, 142.953170716342), .UNSPECIFIED.);
#150 = EDGE_CURVE ('', #136, #146, #149, .T.);
#151 = ORIENTED_EDGE ('', *, *, #150, .T.);
#152 = CARTESIAN_POINT ('', (-92.9179225497028, 36.0000000000001, 3.5));
#153 = VERTEX_POINT ('', #152);
#154 = CARTESIAN_POINT ('', (-86.2666650909627, 35.6690390977518, 3.5));
#155 = CARTESIAN_POINT ('', (-89.5840596541246, 36.0000000000001, 3.5));
#156 = CARTESIAN_POINT ('', (-92.9179225497028, 36.0000000000001, 3.5));
#157 = (
   BOUNDED_CURVE ()
   B_SPLINE_CURVE (2, (#154, #155, #156), .UNSPECIFIED., .F., .U.)
   B_SPLINE_CURVE_WITH_KNOTS ((3, 3), (142.953170716342, 143.333151090944), .UNSPECIFIED.)
   CURVE ()
   GEOMETRIC_REPRESENTATION_ITEM ()
   RATIONAL_B_SPLINE_CURVE ((1., 0.998764307792652, 1.))
   REPRESENTATION_ITEM ('')
);
#158 = EDGE_CURVE ('', #146, #153, #157, .T.);
#159 = ORIENTED_EDGE ('', *, *, #158, .T.);
#160 = CARTESIAN_POINT ('', (-95.25, 36., 3.5));
#161 = VERTEX_POINT ('', #160);
#162 = CARTESIAN_POINT ('', (-92.9179225497028, 36.0000000000001, 3.5));
#163 = CARTESIAN_POINT ('', (-95.25, 36., 3.5));
#164 = B_SPLINE_CURVE_WITH_KNOTS ('', 1, (#162, #163), .UNSPECIFIED., .F., .U., (2, 2), (143.333151090944, 145.683426901335), .UNSPECIFIED.);
#165 = EDGE_CURVE ('', #153, #161, #164, .T.);
#166 = ORIENTED_EDGE ('', *, *, #165, .T.);
#167 = CARTESIAN_POINT ('', (-169., 35.9999999999998, 3.5));
#168 = VERTEX_POINT ('', #167);
#169 = CARTESIAN_POINT ('', (-95.25, 36., 3.5));
#170 = CARTESIAN_POINT ('', (-169., 35.9999999999998, 3.5));
#171 = B_SPLINE_CURVE_WITH_KNOTS ('', 1, (#169, #170), .UNSPECIFIED., .F., .U., (2, 2), (145.683426901335, 219.433426901335), .UNSPECIFIED.);
#172 = EDGE_CURVE ('', #161, #168, #171, .T.);
#173 = ORIENTED_EDGE ('', *, *, #172, .T.);
#174 = CARTESIAN_POINT ('', (-179., 45.9999999999996, 3.5));
#175 = VERTEX_POINT ('', #174);
#176 = CARTESIAN_POINT ('', (-169., 35.9999999999998, 3.5));
#177 = CARTESIAN_POINT ('', (-179., 35.9999999999998, 3.5));
#178 = CARTESIAN_POINT ('', (-179., 45.9999999999996, 3.5));
#179 = (
   BOUNDED_CURVE ()
   B_SPLINE_CURVE (2, (#176, #177, #178), .UNSPECIFIED., .F., .U.)
   B_SPLINE_CURVE_WITH_KNOTS ((3, 3), (219.433426901335, 220.433426901335), .UNSPECIFIED.)
   CURVE ()
   GEOMETRIC_REPRESENTATION_ITEM ()
   RATIONAL_B_SPLINE_CURVE ((1., 0.707106781186564, 1.))
   REPRESENTATION_ITEM ('')
);
#180 = EDGE_CURVE ('', #168, #175, #179, .T.);
#181 = ORIENTED_EDGE ('', *, *, #180, .T.);
#182 = CARTESIAN_POINT ('', (-179., 55.5000000000005, 3.5));
#183 = VERTEX_POINT ('', #182);
#184 = CARTESIAN_POINT ('', (-179., 45.9999999999996, 3.5));
#185 = CARTESIAN_POINT ('', (-179., 55.5000000000005, 3.5));
#186 = B_SPLINE_CURVE_WITH_KNOTS ('', 1, (#184, #185), .UNSPECIFIED., .F., .U., (2, 2), (220.433426901335, 229.933426901336), .UNSPECIFIED.);
#187 = EDGE_CURVE ('', #175, #183, #186, .T.);
#188 = ORIENTED_EDGE ('', *, *, #187, .T.);
#189 = CARTESIAN_POINT ('', (-175.999999999999, 55.5000000000006, 3.5));
#190 = VERTEX_POINT ('', #189);
#191 = CARTESIAN_POINT ('', (-179., 55.5000000000005, 3.5));
#192 = CARTESIAN_POINT ('', (-175.999999999999, 55.5000000000006, 3.5));
#193 = B_SPLINE_CURVE_WITH_KNOTS ('', 1, (#191, #192), .UNSPECIFIED., .F., .U., (2, 2), (229.933426901336, 232.933426901338), .UNSPECIFIED.);
#194 = EDGE_CURVE ('', #183, #190, #193, .T.);
#195 = ORIENTED_EDGE ('', *, *, #194, .T.);
#196 = CARTESIAN_POINT ('', (-175.999999999999, 60.5000000000005, 3.5));
#197 = VERTEX_POINT ('', #196);
#198 = CARTESIAN_POINT ('', (-175.999999999999, 55.5000000000005, 3.5));
#199 = CARTESIAN_POINT ('', (-173.499999999999, 55.5000000000005, 3.5));
#200 = CARTESIAN_POINT ('', (-173.499999999999, 58.0000000000004, 3.5));
#201 = CARTESIAN_POINT ('', (-173.499999999999, 60.5000000000003, 3.5));
#202 = CARTESIAN_POINT ('', (-175.999999999999, 60.5000000000003, 3.5));
#203 = (
   BOUNDED_CURVE ()
   B_SPLINE_CURVE (2, (#198, #199, #200, #201, #202), .UNSPECIFIED., .F., .U.)
   B_SPLINE_CURVE_WITH_KNOTS ((3, 2, 3), (232.933426901338, 233.183426901338, 233.433426901338), .UNSPECIFIED.)
   CURVE ()
   GEOMETRIC_REPRESENTATION_ITEM ()
   RATIONAL_B_SPLINE_CURVE ((1., 0.707106781186548, 1., 0.707106781186548, 1.))
   REPRESENTATION_ITEM ('')
);
#204 = EDGE_CURVE ('', #190, #197, #203, .T.);
#205 = ORIENTED_EDGE ('', *, *, #204, .T.);
#206 = CARTESIAN_POINT ('', (-179., 60.5000000000004, 3.5));
#207 = VERTEX_POINT ('', #206);
#208 = CARTESIAN_POINT ('', (-175.999999999999, 60.5000000000005, 3.5));
#209 = CARTESIAN_POINT ('', (-179., 60.5000000000004, 3.5));
#210 = B_SPLINE_CURVE_WITH_KNOTS ('', 1, (#208, #209), .UNSPECIFIED., .F., .U., (2, 2), (233.433426901338, 236.433426901338), .UNSPECIFIED.);
#211 = EDGE_CURVE ('', #197, #207, #210, .T.);
#212 = ORIENTED_EDGE ('', *, *, #211, .T.);
#213 = CARTESIAN_POINT ('', (-179., 127., 3.5));
#214 = VERTEX_POINT ('', #213);
#215 = CARTESIAN_POINT ('', (-179., 60.5000000000004, 3.5));
#216 = CARTESIAN_POINT ('', (-179., 127., 3.5));
#217 = B_SPLINE_CURVE_WITH_KNOTS ('', 1, (#215, #216), .UNSPECIFIED., .F., .U., (2, 2), (236.433426901338, 302.933426901337), .UNSPECIFIED.);
#218 = EDGE_CURVE ('', #207, #214, #217, .T.);
#219 = ORIENTED_EDGE ('', *, *, #218, .T.);
#220 = CARTESIAN_POINT ('', (-169., 137., 3.5));
#221 = VERTEX_POINT ('', #220);
#222 = CARTESIAN_POINT ('', (-179., 127., 3.5));
#223 = CARTESIAN_POINT ('', (-179., 137., 3.5));
#224 = CARTESIAN_POINT ('', (-169., 137., 3.5));
#225 = (
   BOUNDED_CURVE ()
   B_SPLINE_CURVE (2, (#222, #223, #224), .UNSPECIFIED., .F., .U.)
   B_SPLINE_CURVE_WITH_KNOTS ((3, 3), (302.933426901337, 303.933426901337), .UNSPECIFIED.)
   CURVE ()
   GEOMETRIC_REPRESENTATION_ITEM ()
   RATIONAL_B_SPLINE_CURVE ((1., 0.707106781186532, 1.))
   REPRESENTATION_ITEM ('')
);
#226 = EDGE_CURVE ('', #214, #221, #225, .T.);
#227 = ORIENTED_EDGE ('', *, *, #226, .T.);
#228 = CARTESIAN_POINT ('', (-140.5, 137., 3.5));
#229 = VERTEX_POINT ('', #228);
#230 = CARTESIAN_POINT ('', (-169., 137., 3.5));
#231 = CARTESIAN_POINT ('', (-140.5, 137., 3.5));
#232 = B_SPLINE_CURVE_WITH_KNOTS ('', 1, (#230, #231), .UNSPECIFIED., .F., .U., (2, 2), (303.933426901337, 332.433426901337), .UNSPECIFIED.);
#233 = EDGE_CURVE ('', #221, #229, #232, .T.);
#234 = ORIENTED_EDGE ('', *, *, #233, .T.);
#235 = CARTESIAN_POINT ('', (-140.5, 134., 3.5));
#236 = VERTEX_POINT ('', #235);
#237 = CARTESIAN_POINT ('', (-140.5, 137., 3.5));
#238 = CARTESIAN_POINT ('', (-140.5, 134., 3.5));
#239 = B_SPLINE_CURVE_WITH_KNOTS ('', 1, (#237, #238), .UNSPECIFIED., .F., .U., (2, 2), (332.433426901337, 335.433426901337), .UNSPECIFIED.);
#240 = EDGE_CURVE ('', #229, #236, #239, .T.);
#241 = ORIENTED_EDGE ('', *, *, #240, .T.);
#242 = CARTESIAN_POINT ('', (-135.5, 134., 3.5));
#243 = VERTEX_POINT ('', #242);
#244 = CARTESIAN_POINT ('', (-140.5, 134., 3.5));
#245 = CARTESIAN_POINT ('', (-140.5, 131.5, 3.5));
#246 = CARTESIAN_POINT ('', (-138., 131.5, 3.5));
#247 = CARTESIAN_POINT ('', (-135.5, 131.5, 3.5));
#248 = CARTESIAN_POINT ('', (-135.5, 134., 3.5));
#249 = (
   BOUNDED_CURVE ()
   B_SPLINE_CURVE (2, (#244, #245, #246, #247, #248), .UNSPECIFIED., .F., .U.)
   B_SPLINE_CURVE_WITH_KNOTS ((3, 2, 3), (335.433426901337, 335.683426901337, 335.933426901337), .UNSPECIFIED.)
   CURVE ()
   GEOMETRIC_REPRESENTATION_ITEM ()
   RATIONAL_B_SPLINE_CURVE ((1., 0.707106781186548, 1., 0.707106781186548, 1.))
   REPRESENTATION_ITEM ('')
);
#250 = EDGE_CURVE ('', #236, #243, #249, .T.);
#251 = ORIENTED_EDGE ('', *, *, #250, .T.);
#252 = CARTESIAN_POINT ('', (-135.5, 137., 3.5));
#253 = VERTEX_POINT ('', #252);
#254 = CARTESIAN_POINT ('', (-135.5, 134., 3.5));
#255 = CARTESIAN_POINT ('', (-135.5, 137., 3.5));
#256 = B_SPLINE_CURVE_WITH_KNOTS ('', 1, (#254, #255), .UNSPECIFIED., .F., .U., (2, 2), (335.933426901337, 338.933426901337), .UNSPECIFIED.);
#257 = EDGE_CURVE ('', #243, #253, #256, .T.);
#258 = ORIENTED_EDGE ('', *, *, #257, .T.);
#259 = CARTESIAN_POINT ('', (-81.0000000000002, 137., 3.5));
#260 = VERTEX_POINT ('', #259);
#261 = CARTESIAN_POINT ('', (-135.5, 137., 3.5));
#262 = CARTESIAN_POINT ('', (-81.0000000000002, 137., 3.5));
#263 = B_SPLINE_CURVE_WITH_KNOTS ('', 1, (#261, #262), .UNSPECIFIED., .F., .U., (2, 2), (338.933426901337, 393.433426901337), .UNSPECIFIED.);
#264 = EDGE_CURVE ('', #253, #260, #263, .T.);
#265 = ORIENTED_EDGE ('', *, *, #264, .T.);
#266 = CARTESIAN_POINT ('', (-25.1213432911816, 131.898427262316, 3.5));
#267 = VERTEX_POINT ('', #266);
#268 = CARTESIAN_POINT ('', (-81.0000000000002, 137., 3.5));
#269 = CARTESIAN_POINT ('', (-76.6003782699712, 137., 3.5));
#270 = CARTESIAN_POINT ('', (-71.4138543453416, 136.80400970051, 3.5));
#271 = CARTESIAN_POINT ('', (-65.7891654779601, 136.447166586383, 3.5));
#272 = CARTESIAN_POINT ('', (-60.1644766105773, 136.090323472256, 3.5));
#273 = CARTESIAN_POINT ('', (-54.1043407390069, 135.572168168843, 3.5));
#274 = CARTESIAN_POINT ('', (-47.9789970718515, 134.924519981891, 3.5));
#275 = CARTESIAN_POINT ('', (-41.8536534046962, 134.27687179494, 3.5));
#276 = CARTESIAN_POINT ('', (-35.66377135291, 133.499793992982, 3.5));
#277 = CARTESIAN_POINT ('', (-29.7804563594672, 132.623789244201, 3.5));
#278 = CARTESIAN_POINT ('', (-28.2029687096171, 132.388906924632, 3.5));
#279 = CARTESIAN_POINT ('', (-26.6476309848257, 132.146960378321, 3.5));
#280 = CARTESIAN_POINT ('', (-25.1213432911816, 131.898427262316, 3.5));
#281 = B_SPLINE_CURVE_WITH_KNOTS ('', 3, (#268, #269, #270, #271, #272, #273, #274, #275, #276, #277, #278, #279, #280), .UNSPECIFIED., .F., .U., (4, 3, 3, 3, 4), (393.433426901337, 393.660273069235, 393.887119237133, 394.113965405032, 394.174789452134), .UNSPECIFIED.);
#282 = EDGE_CURVE ('', #260, #267, #281, .T.);
#283 = ORIENTED_EDGE ('', *, *, #282, .T.);
#284 = CARTESIAN_POINT ('', (-25.5312837889078, 128.784620040717, 3.5));
#285 = VERTEX_POINT ('', #284);
#286 = CARTESIAN_POINT ('', (-25.1213432911816, 131.898427262316, 3.5));
#287 = CARTESIAN_POINT ('', (-25.5312837889078, 128.784620040717, 3.5));
#288 = B_SPLINE_CURVE_WITH_KNOTS ('', 1, (#286, #287), .UNSPECIFIED., .F., .U., (2, 2), (16.8593238586323, 20.0000000000001), .UNSPECIFIED.);
#289 = EDGE_CURVE ('', #267, #285, #288, .T.);
#290 = ORIENTED_EDGE ('', *, *, #289, .T.);
#291 = CARTESIAN_POINT ('', (-20.5740594820385, 128.13198907962, 3.5));
#292 = VERTEX_POINT ('', #291);
#293 = CARTESIAN_POINT ('', (-25.5312837889079, 128.784620040717, 3.5));
#294 = CARTESIAN_POINT ('', (-25.8575992694563, 126.306007887283, 3.5));
#295 = CARTESIAN_POINT ('', (-23.3789871160216, 125.979692406734, 3.5));
#296 = CARTESIAN_POINT ('', (-20.9003749625869, 125.653376926186, 3.5));
#297 = CARTESIAN_POINT ('', (-20.5740594820385, 128.13198907962, 3.5));
#298 = (
   BOUNDED_CURVE ()
   B_SPLINE_CURVE (2, (#293, #294, #295, #296, #297), .UNSPECIFIED., .F., .U.)
   B_SPLINE_CURVE_WITH_KNOTS ((3, 2, 3), (20.0000000000001, 20.2500000000001, 20.5000000000001), .UNSPECIFIED.)
   CURVE ()
   GEOMETRIC_REPRESENTATION_ITEM ()
   RATIONAL_B_SPLINE_CURVE ((1., 0.707106781186548, 1., 0.707106781186548, 1.))
   REPRESENTATION_ITEM ('')
);
#299 = EDGE_CURVE ('', #285, #292, #298, .T.);
#300 = ORIENTED_EDGE ('', *, *, #299, .T.);
#301 = CARTESIAN_POINT ('', (-20.1894704466024, 131.053232827268, 3.5));
#302 = VERTEX_POINT ('', #301);
#303 = CARTESIAN_POINT ('', (-20.5740594820385, 128.13198907962, 3.5));
#304 = CARTESIAN_POINT ('', (-20.1894704466024, 131.053232827268, 3.5));
#305 = B_SPLINE_CURVE_WITH_KNOTS ('', 1, (#303, #304), .UNSPECIFIED., .F., .U., (2, 2), (20.5000000000001, 23.4464510447902), .UNSPECIFIED.);
#306 = EDGE_CURVE ('', #292, #302, #305, .T.);
#307 = ORIENTED_EDGE ('', *, *, #306, .T.);
#308 = CARTESIAN_POINT ('', (-13.412747603328, 129.725773951198, 3.5));
#309 = VERTEX_POINT ('', #308);
#310 = CARTESIAN_POINT ('', (-20.1894704466024, 131.053232827268, 3.5));
#311 = CARTESIAN_POINT ('', (-17.8235821459319, 130.626108329293, 3.5));
#312 = CARTESIAN_POINT ('', (-15.5547628937509, 130.182935908159, 3.5));
#313 = CARTESIAN_POINT ('', (-13.412747603328, 129.725773951198, 3.5));
#314 = B_SPLINE_CURVE_WITH_KNOTS ('', 3, (#310, #311, #312, #313), .UNSPECIFIED., .F., .U., (4, 4), (23.4464510447902, 23.5454306270269), .UNSPECIFIED.);
#315 = EDGE_CURVE ('', #302, #309, #314, .T.);
#316 = ORIENTED_EDGE ('', *, *, #315, .T.);
#317 = CARTESIAN_POINT ('', (-5.50000000000055, 119.946030732044, 3.5));
#318 = VERTEX_POINT ('', #317);
#319 = CARTESIAN_POINT ('', (-13.412747603328, 129.725773951198, 3.5));
#320 = CARTESIAN_POINT ('', (-5.50000000000002, 128.036987136534, 3.5));
#321 = CARTESIAN_POINT ('', (-5.50000000000088, 119.946030732044, 3.5));
#322 = (
   BOUNDED_CURVE ()
   B_SPLINE_CURVE (2, (#319, #320, #321), .UNSPECIFIED., .F., .U.)
   B_SPLINE_CURVE_WITH_KNOTS ((3, 3), (23.5454306270269, 24.5454306270269), .UNSPECIFIED.)
   CURVE ()
   GEOMETRIC_REPRESENTATION_ITEM ()
   RATIONAL_B_SPLINE_CURVE ((1., 0.77740762784627, 1.))
   REPRESENTATION_ITEM ('')
);
#323 = EDGE_CURVE ('', #309, #318, #322, .T.);
#324 = ORIENTED_EDGE ('', *, *, #323, .T.);
#325 = CARTESIAN_POINT ('', (-5.50000000000004, 47.5349585874404, 3.5));
#326 = VERTEX_POINT ('', #325);
#327 = CARTESIAN_POINT ('', (-5.50000000000055, 119.946030732044, 3.5));
#328 = CARTESIAN_POINT ('', (-5.50000000000004, 47.5349585874404, 3.5));
#329 = B_SPLINE_CURVE_WITH_KNOTS ('', 1, (#327, #328), .UNSPECIFIED., .F., .U., (2, 2), (24.5454306270269, 97.8190878874805), .UNSPECIFIED.);
#330 = EDGE_CURVE ('', #318, #326, #329, .T.);
#331 = ORIENTED_EDGE ('', *, *, #330, .T.);
#332 = CARTESIAN_POINT ('', (-8.49999999999842, 47.5349585874396, 3.5));
#333 = VERTEX_POINT ('', #332);
#334 = CARTESIAN_POINT ('', (-5.50000000000004, 47.5349585874404, 3.5));
#335 = CARTESIAN_POINT ('', (-8.49999999999842, 47.5349585874396, 3.5));
#336 = B_SPLINE_CURVE_WITH_KNOTS ('', 1, (#334, #335), .UNSPECIFIED., .F., .U., (2, 2), (97.8190878874805, 100.819087887479), .UNSPECIFIED.);
#337 = EDGE_CURVE ('', #326, #333, #336, .T.);
#338 = ORIENTED_EDGE ('', *, *, #337, .T.);
#339 = CARTESIAN_POINT ('', (-8.49999999999724, 42.5349585874397, 3.5));
#340 = VERTEX_POINT ('', #339);
#341 = CARTESIAN_POINT ('', (-8.49999999999842, 47.5349585874397, 3.5));
#342 = CARTESIAN_POINT ('', (-10.9999999999983, 47.5349585874392, 3.5));
#343 = CARTESIAN_POINT ('', (-10.9999999999978, 45.0349585874393, 3.5));
#344 = CARTESIAN_POINT ('', (-10.9999999999973, 42.5349585874394, 3.5));
#345 = CARTESIAN_POINT ('', (-8.49999999999741, 42.5349585874399, 3.5));
#346 = (
   BOUNDED_CURVE ()
   B_SPLINE_CURVE (2, (#341, #342, #343, #344, #345), .UNSPECIFIED., .F., .U.)
   B_SPLINE_CURVE_WITH_KNOTS ((3, 2, 3), (100.819087887479, 101.069087887479, 101.319087887479), .UNSPECIFIED.)
   CURVE ()
   GEOMETRIC_REPRESENTATION_ITEM ()
   RATIONAL_B_SPLINE_CURVE ((1., 0.707106781186548, 1., 0.707106781186548, 1.))
   REPRESENTATION_ITEM ('')
);
#347 = EDGE_CURVE ('', #333, #340, #346, .T.);
#348 = ORIENTED_EDGE ('', *, *, #347, .T.);
#349 = CARTESIAN_POINT ('', (-5.65686516701569, 42.5349585874404, 3.5));
#350 = VERTEX_POINT ('', #349);
#351 = CARTESIAN_POINT ('', (-8.49999999999724, 42.5349585874397, 3.5));
#352 = CARTESIAN_POINT ('', (-5.65686516701569, 42.5349585874404, 3.5));
#353 = B_SPLINE_CURVE_WITH_KNOTS ('', 1, (#351, #352), .UNSPECIFIED., .F., .U., (2, 2), (101.319087887479, 104.16222272046), .UNSPECIFIED.);
#354 = EDGE_CURVE ('', #340, #350, #353, .T.);
#355 = ORIENTED_EDGE ('', *, *, #354, .T.);
#356 = CARTESIAN_POINT ('', (-11.3578643762691, 30.8928229637102, 3.5));
#357 = VERTEX_POINT ('', #356);
#358 = CARTESIAN_POINT ('', (-5.65686516701569, 42.5349585874404, 3.5));
#359 = CARTESIAN_POINT ('', (-6.51327556682123, 35.7374117731581, 3.5));
#360 = CARTESIAN_POINT ('', (-11.3578643762691, 30.8928229637102, 3.5));
#361 = (
   BOUNDED_CURVE ()
   B_SPLINE_CURVE (2, (#358, #359, #360), .UNSPECIFIED., .F., .U.)
   B_SPLINE_CURVE_WITH_KNOTS ((3, 3), (104.16222272046, 105.000280541564), .UNSPECIFIED.)
   CURVE ()
   GEOMETRIC_REPRESENTATION_ITEM ()
   RATIONAL_B_SPLINE_CURVE ((1., 0.94603094760913, 1.))
   REPRESENTATION_ITEM ('')
);
#362 = EDGE_CURVE ('', #350, #357, #361, .T.);
#363 = ORIENTED_EDGE ('', *, *, #362, .T.);
#364 = CARTESIAN_POINT ('', (-28.2989898732234, 13.9516974667561, 3.5));
#365 = VERTEX_POINT ('', #364);
#366 = CARTESIAN_POINT ('', (-11.3578643762691, 30.8928229637102, 3.5));
#367 = CARTESIAN_POINT ('', (-28.2989898732234, 13.9516974667561, 3.5));
#368 = B_SPLINE_CURVE_WITH_KNOTS ('', 1, (#366, #367), .UNSPECIFIED., .F., .U., (2, 2), (105.000280541564, 128.958649981221), .UNSPECIFIED.);
#369 = EDGE_CURVE ('', #357, #365, #368, .T.);
#370 = ORIENTED_EDGE ('', *, *, #369, .T.);
#371 = CARTESIAN_POINT ('', (-42.4411254969544, 13.9516974667561, 3.5));
#372 = VERTEX_POINT ('', #371);
#373 = CARTESIAN_POINT ('', (-28.2989898732234, 13.9516974667561, 3.5));
#374 = CARTESIAN_POINT ('', (-35.3700576850889, 6.88062965489067, 3.5));
#375 = CARTESIAN_POINT ('', (-42.4411254969544, 13.9516974667561, 3.5));
#376 = (
   BOUNDED_CURVE ()
   B_SPLINE_CURVE (2, (#373, #374, #375), .UNSPECIFIED., .F., .U.)
   B_SPLINE_CURVE_WITH_KNOTS ((3, 3), (128.958649981221, 129.958649981221), .UNSPECIFIED.)
   CURVE ()
   GEOMETRIC_REPRESENTATION_ITEM ()
   RATIONAL_B_SPLINE_CURVE ((1., 0.707106781186549, 1.))
   REPRESENTATION_ITEM ('')
);
#377 = EDGE_CURVE ('', #365, #372, #376, .T.);
#378 = ORIENTED_EDGE ('', *, *, #377, .T.);
#379 = CARTESIAN_POINT ('', (-44.4099407048997, 15.9205126747014, 3.5));
#380 = VERTEX_POINT ('', #379);
#381 = CARTESIAN_POINT ('', (-42.4411254969544, 13.9516974667561, 3.5));
#382 = CARTESIAN_POINT ('', (-44.4099407048997, 15.9205126747014, 3.5));
#383 = B_SPLINE_CURVE_WITH_KNOTS ('', 1, (#381, #382), .UNSPECIFIED., .F., .U., (2, 2), (129.958649981221, 132.742975150104), .UNSPECIFIED.);
#384 = EDGE_CURVE ('', #372, #380, #383, .T.);
#385 = ORIENTED_EDGE ('', *, *, #384, .T.);
#386 = CARTESIAN_POINT ('', (-44.4099407048997, 15.9205126747014, 3.5));
#387 = CARTESIAN_POINT ('', (-50.6471297497805, 22.1577017195822, 3.5));
#388 = CARTESIAN_POINT ('', (-58.286095044398, 26.56806038876, 3.5));
#389 = (
   BOUNDED_CURVE ()
   B_SPLINE_CURVE (2, (#386, #387, #388), .UNSPECIFIED., .F., .U.)
   B_SPLINE_CURVE_WITH_KNOTS ((3, 3), (132.742975150104, 133.742975150104), .UNSPECIFIED.)
   CURVE ()
   GEOMETRIC_REPRESENTATION_ITEM ()
   RATIONAL_B_SPLINE_CURVE ((1., 0.991444861373811, 1.))
   REPRESENTATION_ITEM ('')
);
#390 = EDGE_CURVE ('', #380, #97, #389, .T.);
#391 = ORIENTED_EDGE ('', *, *, #390, .T.);
#392 = EDGE_LOOP ('', (#104, #112, #119, #127, #134, #144, #151, #159, #166, #173, #181, #188, #195, #205, #212, #219, #227, #234, #241, #251, #258, #265, #283, #290, #300, #307, #316, #324, #331, #338, #348, #355, #363, #370, #378, #385, #391));
#393 = FACE_OUTER_BOUND ('', #392, .T.);
#394 = CARTESIAN_POINT ('', (-159.5, 98.5, 3.5));
#395 = VERTEX_POINT ('', #394);
#396 = CARTESIAN_POINT ('', (-159.5, 112.5, 3.5));
#397 = VERTEX_POINT ('', #396);
#398 = CARTESIAN_POINT ('', (-159.5, 98.5, 3.5));
#399 = CARTESIAN_POINT ('', (-159.5, 112.5, 3.5));
#400 = B_SPLINE_CURVE_WITH_KNOTS ('', 1, (#398, #399), .UNSPECIFIED., .F., .U., (2, 2), (14., 28.), .UNSPECIFIED.);
#401 = EDGE_CURVE ('', #395, #397, #400, .T.);
#402 = ORIENTED_EDGE ('', *, *, #401, .T.);
#403 = CARTESIAN_POINT ('', (-173.5, 112.5, 3.5));
#404 = VERTEX_POINT ('', #403);
#405 = CARTESIAN_POINT ('', (-159.5, 112.5, 3.5));
#406 = CARTESIAN_POINT ('', (-173.5, 112.5, 3.5));
#407 = B_SPLINE_CURVE_WITH_KNOTS ('', 1, (#405, #406), .UNSPECIFIED., .F., .U., (2, 2), (28., 42.), .UNSPECIFIED.);
#408 = EDGE_CURVE ('', #397, #404, #407, .T.);
#409 = ORIENTED_EDGE ('', *, *, #408, .T.);
#410 = CARTESIAN_POINT ('', (-173.5, 98.5, 3.5));
#411 = VERTEX_POINT ('', #410);
#412 = CARTESIAN_POINT ('', (-173.5, 112.5, 3.5));
#413 = CARTESIAN_POINT ('', (-173.5, 98.5, 3.5));
#414 = B_SPLINE_CURVE_WITH_KNOTS ('', 1, (#412, #413), .UNSPECIFIED., .F., .U., (2, 2), (42., 56.), .UNSPECIFIED.);
#415 = EDGE_CURVE ('', #404, #411, #414, .T.);
#416 = ORIENTED_EDGE ('', *, *, #415, .T.);
#417 = CARTESIAN_POINT ('', (-173.5, 98.5, 3.5));
#418 = CARTESIAN_POINT ('', (-159.5, 98.5, 3.5));
#419 = B_SPLINE_CURVE_WITH_KNOTS ('', 1, (#417, #418), .UNSPECIFIED., .F., .U., (2, 2), (0., 14.), .UNSPECIFIED.);
#420 = EDGE_CURVE ('', #411, #395, #419, .T.);
#421 = ORIENTED_EDGE ('', *, *, #420, .T.);
#422 = EDGE_LOOP ('', (#402, #409, #416, #421));
#423 = FACE_BOUND ('', #422, .T.);
#424 = CARTESIAN_POINT ('', (-173., 117.5, 3.5));
#425 = VERTEX_POINT ('', #424);
#426 = CARTESIAN_POINT ('', (-160., 117.5, 3.5));
#427 = VERTEX_POINT ('', #426);
#428 = CARTESIAN_POINT ('', (-173., 117.5, 3.5));
#429 = CARTESIAN_POINT ('', (-160., 117.5, 3.5));
#430 = B_SPLINE_CURVE_WITH_KNOTS ('', 1, (#428, #429), .UNSPECIFIED., .F., .U., (2, 2), (1., 14.), .UNSPECIFIED.);
#431 = EDGE_CURVE ('', #425, #427, #430, .T.);
#432 = ORIENTED_EDGE ('', *, *, #431, .T.);
#433 = CARTESIAN_POINT ('', (-159.5, 118., 3.5));
#434 = VERTEX_POINT ('', #433);
#435 = CARTESIAN_POINT ('', (-160., 117.5, 3.5));
#436 = CARTESIAN_POINT ('', (-159.5, 117.5, 3.5));
#437 = CARTESIAN_POINT ('', (-159.5, 118., 3.5));
#438 = (
   BOUNDED_CURVE ()
   B_SPLINE_CURVE (2, (#435, #436, #437), .UNSPECIFIED., .F., .U.)
   B_SPLINE_CURVE_WITH_KNOTS ((3, 3), (14., 15.), .UNSPECIFIED.)
   CURVE ()
   GEOMETRIC_REPRESENTATION_ITEM ()
   RATIONAL_B_SPLINE_CURVE ((1., 0.707106781186266, 1.))
   REPRESENTATION_ITEM ('')
);
#439 = EDGE_CURVE ('', #427, #434, #438, .T.);
#440 = ORIENTED_EDGE ('', *, *, #439, .T.);
#441 = CARTESIAN_POINT ('', (-159.5, 131., 3.5));
#442 = VERTEX_POINT ('', #441);
#443 = CARTESIAN_POINT ('', (-159.5, 118., 3.5));
#444 = CARTESIAN_POINT ('', (-159.5, 131., 3.5));
#445 = B_SPLINE_CURVE_WITH_KNOTS ('', 1, (#443, #444), .UNSPECIFIED., .F., .U., (2, 2), (15., 28.), .UNSPECIFIED.);
#446 = EDGE_CURVE ('', #434, #442, #445, .T.);
#447 = ORIENTED_EDGE ('', *, *, #446, .T.);
#448 = CARTESIAN_POINT ('', (-160., 131.5, 3.5));
#449 = VERTEX_POINT ('', #448);
#450 = CARTESIAN_POINT ('', (-159.5, 131., 3.5));
#451 = CARTESIAN_POINT ('', (-159.5, 131.5, 3.5));
#452 = CARTESIAN_POINT ('', (-160., 131.5, 3.5));
#453 = (
   BOUNDED_CURVE ()
   B_SPLINE_CURVE (2, (#450, #451, #452), .UNSPECIFIED., .F., .U.)
   B_SPLINE_CURVE_WITH_KNOTS ((3, 3), (28., 29.), .UNSPECIFIED.)
   CURVE ()
   GEOMETRIC_REPRESENTATION_ITEM ()
   RATIONAL_B_SPLINE_CURVE ((1., 0.707106781186487, 1.))
   REPRESENTATION_ITEM ('')
);
#454 = EDGE_CURVE ('', #442, #449, #453, .T.);
#455 = ORIENTED_EDGE ('', *, *, #454, .T.);
#456 = CARTESIAN_POINT ('', (-173., 131.5, 3.5));
#457 = VERTEX_POINT ('', #456);
#458 = CARTESIAN_POINT ('', (-160., 131.5, 3.5));
#459 = CARTESIAN_POINT ('', (-173., 131.5, 3.5));
#460 = B_SPLINE_CURVE_WITH_KNOTS ('', 1, (#458, #459), .UNSPECIFIED., .F., .U., (2, 2), (29., 42.), .UNSPECIFIED.);
#461 = EDGE_CURVE ('', #449, #457, #460, .T.);
#462 = ORIENTED_EDGE ('', *, *, #461, .T.);
#463 = CARTESIAN_POINT ('', (-173.5, 131., 3.5));
#464 = VERTEX_POINT ('', #463);
#465 = CARTESIAN_POINT ('', (-173., 131.5, 3.5));
#466 = CARTESIAN_POINT ('', (-173.5, 131.5, 3.5));
#467 = CARTESIAN_POINT ('', (-173.5, 131., 3.5));
#468 = (
   BOUNDED_CURVE ()
   B_SPLINE_CURVE (2, (#465, #466, #467), .UNSPECIFIED., .F., .U.)
   B_SPLINE_CURVE_WITH_KNOTS ((3, 3), (42., 43.), .UNSPECIFIED.)
   CURVE ()
   GEOMETRIC_REPRESENTATION_ITEM ()
   RATIONAL_B_SPLINE_CURVE ((1., 0.707106781186869, 1.))
   REPRESENTATION_ITEM ('')
);
#469 = EDGE_CURVE ('', #457, #464, #468, .T.);
#470 = ORIENTED_EDGE ('', *, *, #469, .T.);
#471 = CARTESIAN_POINT ('', (-173.5, 118., 3.5));
#472 = VERTEX_POINT ('', #471);
#473 = CARTESIAN_POINT ('', (-173.5, 131., 3.5));
#474 = CARTESIAN_POINT ('', (-173.5, 118., 3.5));
#475 = B_SPLINE_CURVE_WITH_KNOTS ('', 1, (#473, #474), .UNSPECIFIED., .F., .U., (2, 2), (43., 56.), .UNSPECIFIED.);
#476 = EDGE_CURVE ('', #464, #472, #475, .T.);
#477 = ORIENTED_EDGE ('', *, *, #476, .T.);
#478 = CARTESIAN_POINT ('', (-173.5, 118., 3.5));
#479 = CARTESIAN_POINT ('', (-173.500000000001, 117.499999999999, 3.5));
#480 = CARTESIAN_POINT ('', (-173., 117.500000000001, 3.5));
#481 = (
   BOUNDED_CURVE ()
   B_SPLINE_CURVE (2, (#478, #479, #480), .UNSPECIFIED., .F., .U.)
   B_SPLINE_CURVE_WITH_KNOTS ((3, 3), (0., 1.), .UNSPECIFIED.)
   CURVE ()
   GEOMETRIC_REPRESENTATION_ITEM ()
   RATIONAL_B_SPLINE_CURVE ((1., 0.707106781185482, 1.))
   REPRESENTATION_ITEM ('')
);
#482 = EDGE_CURVE ('', #472, #425, #481, .T.);
#483 = ORIENTED_EDGE ('', *, *, #482, .T.);
#484 = EDGE_LOOP ('', (#432, #440, #447, #455, #462, #470, #477, #483));
#485 = FACE_BOUND ('', #484, .T.);
#486 = CARTESIAN_POINT ('', (-154., 117.5, 3.5));
#487 = VERTEX_POINT ('', #486);
#488 = CARTESIAN_POINT ('', (-141., 117.5, 3.5));
#489 = VERTEX_POINT ('', #488);
#490 = CARTESIAN_POINT ('', (-154., 117.5, 3.5));
#491 = CARTESIAN_POINT ('', (-141., 117.5, 3.5));
#492 = B_SPLINE_CURVE_WITH_KNOTS ('', 1, (#490, #491), .UNSPECIFIED., .F., .U., (2, 2), (1., 14.), .UNSPECIFIED.);
#493 = EDGE_CURVE ('', #487, #489, #492, .T.);
#494 = ORIENTED_EDGE ('', *, *, #493, .T.);
#495 = CARTESIAN_POINT ('', (-140.5, 118., 3.5));
#496 = VERTEX_POINT ('', #495);
#497 = CARTESIAN_POINT ('', (-141., 117.5, 3.5));
#498 = CARTESIAN_POINT ('', (-140.5, 117.5, 3.5));
#499 = CARTESIAN_POINT ('', (-140.5, 118., 3.5));
#500 = (
   BOUNDED_CURVE ()
   B_SPLINE_CURVE (2, (#497, #498, #499), .UNSPECIFIED., .F., .U.)
   B_SPLINE_CURVE_WITH_KNOTS ((3, 3), (14., 15.), .UNSPECIFIED.)
   CURVE ()
   GEOMETRIC_REPRESENTATION_ITEM ()
   RATIONAL_B_SPLINE_CURVE ((1., 0.707106781186578, 1.))
   REPRESENTATION_ITEM ('')
);
#501 = EDGE_CURVE ('', #489, #496, #500, .T.);
#502 = ORIENTED_EDGE ('', *, *, #501, .T.);
#503 = CARTESIAN_POINT ('', (-140.5, 131., 3.5));
#504 = VERTEX_POINT ('', #503);
#505 = CARTESIAN_POINT ('', (-140.5, 118., 3.5));
#506 = CARTESIAN_POINT ('', (-140.5, 131., 3.5));
#507 = B_SPLINE_CURVE_WITH_KNOTS ('', 1, (#505, #506), .UNSPECIFIED., .F., .U., (2, 2), (15., 28.), .UNSPECIFIED.);
#508 = EDGE_CURVE ('', #496, #504, #507, .T.);
#509 = ORIENTED_EDGE ('', *, *, #508, .T.);
#510 = CARTESIAN_POINT ('', (-141., 131.5, 3.5));
#511 = VERTEX_POINT ('', #510);
#512 = CARTESIAN_POINT ('', (-140.5, 131., 3.5));
#513 = CARTESIAN_POINT ('', (-140.500000000001, 131.499999999999, 3.5));
#514 = CARTESIAN_POINT ('', (-141., 131.500000000001, 3.5));
#515 = (
   BOUNDED_CURVE ()
   B_SPLINE_CURVE (2, (#512, #513, #514), .UNSPECIFIED., .F., .U.)
   B_SPLINE_CURVE_WITH_KNOTS ((3, 3), (28., 29.), .UNSPECIFIED.)
   CURVE ()
   GEOMETRIC_REPRESENTATION_ITEM ()
   RATIONAL_B_SPLINE_CURVE ((1., 0.707106781187552, 1.))
   REPRESENTATION_ITEM ('')
);
#516 = EDGE_CURVE ('', #504, #511, #515, .T.);
#517 = ORIENTED_EDGE ('', *, *, #516, .T.);
#518 = CARTESIAN_POINT ('', (-154., 131.5, 3.5));
#519 = VERTEX_POINT ('', #518);
#520 = CARTESIAN_POINT ('', (-141., 131.5, 3.5));
#521 = CARTESIAN_POINT ('', (-154., 131.5, 3.5));
#522 = B_SPLINE_CURVE_WITH_KNOTS ('', 1, (#520, #521), .UNSPECIFIED., .F., .U., (2, 2), (29., 42.), .UNSPECIFIED.);
#523 = EDGE_CURVE ('', #511, #519, #522, .T.);
#524 = ORIENTED_EDGE ('', *, *, #523, .T.);
#525 = CARTESIAN_POINT ('', (-154.5, 131., 3.5));
#526 = VERTEX_POINT ('', #525);
#527 = CARTESIAN_POINT ('', (-154., 131.5, 3.5));
#528 = CARTESIAN_POINT ('', (-154.5, 131.5, 3.5));
#529 = CARTESIAN_POINT ('', (-154.5, 131., 3.5));
#530 = (
   BOUNDED_CURVE ()
   B_SPLINE_CURVE (2, (#527, #528, #529), .UNSPECIFIED., .F., .U.)
   B_SPLINE_CURVE_WITH_KNOTS ((3, 3), (42., 43.), .UNSPECIFIED.)
   CURVE ()
   GEOMETRIC_REPRESENTATION_ITEM ()
   RATIONAL_B_SPLINE_CURVE ((1., 0.707106781186849, 1.))
   REPRESENTATION_ITEM ('')
);
#531 = EDGE_CURVE ('', #519, #526, #530, .T.);
#532 = ORIENTED_EDGE ('', *, *, #531, .T.);
#533 = CARTESIAN_POINT ('', (-154.5, 118., 3.5));
#534 = VERTEX_POINT ('', #533);
#535 = CARTESIAN_POINT ('', (-154.5, 131., 3.5));
#536 = CARTESIAN_POINT ('', (-154.5, 118., 3.5));
#537 = B_SPLINE_CURVE_WITH_KNOTS ('', 1, (#535, #536), .UNSPECIFIED., .F., .U., (2, 2), (43., 56.), .UNSPECIFIED.);
#538 = EDGE_CURVE ('', #526, #534, #537, .T.);
#539 = ORIENTED_EDGE ('', *, *, #538, .T.);
#540 = CARTESIAN_POINT ('', (-154.5, 118., 3.5));
#541 = CARTESIAN_POINT ('', (-154.500000000001, 117.499999999999, 3.5));
#542 = CARTESIAN_POINT ('', (-154., 117.500000000001, 3.5));
#543 = (
   BOUNDED_CURVE ()
   B_SPLINE_CURVE (2, (#540, #541, #542), .UNSPECIFIED., .F., .U.)
   B_SPLINE_CURVE_WITH_KNOTS ((3, 3), (0., 1.), .UNSPECIFIED.)
   CURVE ()
   GEOMETRIC_REPRESENTATION_ITEM ()
   RATIONAL_B_SPLINE_CURVE ((1., 0.707106781185503, 1.))
   REPRESENTATION_ITEM ('')
);
#544 = EDGE_CURVE ('', #534, #487, #543, .T.);
#545 = ORIENTED_EDGE ('', *, *, #544, .T.);
#546 = EDGE_LOOP ('', (#494, #502, #509, #517, #524, #532, #539, #545));
#547 = FACE_BOUND ('', #546, .T.);
#548 = CARTESIAN_POINT ('', (-135., 117.5, 3.5));
#549 = VERTEX_POINT ('', #548);
#550 = CARTESIAN_POINT ('', (-122., 117.5, 3.5));
#551 = VERTEX_POINT ('', #550);
#552 = CARTESIAN_POINT ('', (-135., 117.5, 3.5));
#553 = CARTESIAN_POINT ('', (-122., 117.5, 3.5));
#554 = B_SPLINE_CURVE_WITH_KNOTS ('', 1, (#552, #553), .UNSPECIFIED., .F., .U., (2, 2), (1., 14.), .UNSPECIFIED.);
#555 = EDGE_CURVE ('', #549, #551, #554, .T.);
#556 = ORIENTED_EDGE ('', *, *, #555, .T.);
#557 = CARTESIAN_POINT ('', (-121.5, 118., 3.5));
#558 = VERTEX_POINT ('', #557);
#559 = CARTESIAN_POINT ('', (-122., 117.5, 3.5));
#560 = CARTESIAN_POINT ('', (-121.5, 117.5, 3.5));
#561 = CARTESIAN_POINT ('', (-121.5, 118., 3.5));
#562 = (
   BOUNDED_CURVE ()
   B_SPLINE_CURVE (2, (#559, #560, #561), .UNSPECIFIED., .F., .U.)
   B_SPLINE_CURVE_WITH_KNOTS ((3, 3), (14., 15.), .UNSPECIFIED.)
   CURVE ()
   GEOMETRIC_REPRESENTATION_ITEM ()
   RATIONAL_B_SPLINE_CURVE ((1., 0.707106781186939, 1.))
   REPRESENTATION_ITEM ('')
);
#563 = EDGE_CURVE ('', #551, #558, #562, .T.);
#564 = ORIENTED_EDGE ('', *, *, #563, .T.);
#565 = CARTESIAN_POINT ('', (-121.5, 131., 3.5));
#566 = VERTEX_POINT ('', #565);
#567 = CARTESIAN_POINT ('', (-121.5, 118., 3.5));
#568 = CARTESIAN_POINT ('', (-121.5, 131., 3.5));
#569 = B_SPLINE_CURVE_WITH_KNOTS ('', 1, (#567, #568), .UNSPECIFIED., .F., .U., (2, 2), (15., 28.), .UNSPECIFIED.);
#570 = EDGE_CURVE ('', #558, #566, #569, .T.);
#571 = ORIENTED_EDGE ('', *, *, #570, .T.);
#572 = CARTESIAN_POINT ('', (-122., 131.5, 3.5));
#573 = VERTEX_POINT ('', #572);
#574 = CARTESIAN_POINT ('', (-121.5, 131., 3.5));
#575 = CARTESIAN_POINT ('', (-121.5, 131.5, 3.5));
#576 = CARTESIAN_POINT ('', (-122., 131.5, 3.5));
#577 = (
   BOUNDED_CURVE ()
   B_SPLINE_CURVE (2, (#574, #575, #576), .UNSPECIFIED., .F., .U.)
   B_SPLINE_CURVE_WITH_KNOTS ((3, 3), (28., 29.), .UNSPECIFIED.)
   CURVE ()
   GEOMETRIC_REPRESENTATION_ITEM ()
   RATIONAL_B_SPLINE_CURVE ((1., 0.70710678118711, 1.))
   REPRESENTATION_ITEM ('')
);
#578 = EDGE_CURVE ('', #566, #573, #577, .T.);
#579 = ORIENTED_EDGE ('', *, *, #578, .T.);
#580 = CARTESIAN_POINT ('', (-135., 131.5, 3.5));
#581 = VERTEX_POINT ('', #580);
#582 = CARTESIAN_POINT ('', (-122., 131.5, 3.5));
#583 = CARTESIAN_POINT ('', (-135., 131.5, 3.5));
#584 = B_SPLINE_CURVE_WITH_KNOTS ('', 1, (#582, #583), .UNSPECIFIED., .F., .U., (2, 2), (29., 42.), .UNSPECIFIED.);
#585 = EDGE_CURVE ('', #573, #581, #584, .T.);
#586 = ORIENTED_EDGE ('', *, *, #585, .T.);
#587 = CARTESIAN_POINT ('', (-135.5, 131., 3.5));
#588 = VERTEX_POINT ('', #587);
#589 = CARTESIAN_POINT ('', (-135., 131.5, 3.5));
#590 = CARTESIAN_POINT ('', (-135.5, 131.5, 3.5));
#591 = CARTESIAN_POINT ('', (-135.5, 131., 3.5));
#592 = (
   BOUNDED_CURVE ()
   B_SPLINE_CURVE (2, (#589, #590, #591), .UNSPECIFIED., .F., .U.)
   B_SPLINE_CURVE_WITH_KNOTS ((3, 3), (42., 43.), .UNSPECIFIED.)
   CURVE ()
   GEOMETRIC_REPRESENTATION_ITEM ()
   RATIONAL_B_SPLINE_CURVE ((1., 0.707106781186668, 1.))
   REPRESENTATION_ITEM ('')
);
#593 = EDGE_CURVE ('', #581, #588, #592, .T.);
#594 = ORIENTED_EDGE ('', *, *, #593, .T.);
#595 = CARTESIAN_POINT ('', (-135.5, 118., 3.5));
#596 = VERTEX_POINT ('', #595);
#597 = CARTESIAN_POINT ('', (-135.5, 131., 3.5));
#598 = CARTESIAN_POINT ('', (-135.5, 118., 3.5));
#599 = B_SPLINE_CURVE_WITH_KNOTS ('', 1, (#597, #598), .UNSPECIFIED., .F., .U., (2, 2), (43., 56.), .UNSPECIFIED.);
#600 = EDGE_CURVE ('', #588, #596, #599, .T.);
#601 = ORIENTED_EDGE ('', *, *, #600, .T.);
#602 = CARTESIAN_POINT ('', (-135.5, 118., 3.5));
#603 = CARTESIAN_POINT ('', (-135.5, 117.5, 3.5));
#604 = CARTESIAN_POINT ('', (-135., 117.5, 3.5));
#605 = (
   BOUNDED_CURVE ()
   B_SPLINE_CURVE (2, (#602, #603, #604), .UNSPECIFIED., .F., .U.)
   B_SPLINE_CURVE_WITH_KNOTS ((3, 3), (0., 1.), .UNSPECIFIED.)
   CURVE ()
   GEOMETRIC_REPRESENTATION_ITEM ()
   RATIONAL_B_SPLINE_CURVE ((1., 0.707106781186769, 1.))
   REPRESENTATION_ITEM ('')
);
#606 = EDGE_CURVE ('', #596, #549, #605, .T.);
#607 = ORIENTED_EDGE ('', *, *, #606, .T.);
#608 = EDGE_LOOP ('', (#556, #564, #571, #579, #586, #594, #601, #607));
#609 = FACE_BOUND ('', #608, .T.);
#610 = CARTESIAN_POINT ('', (-116., 117.5, 3.5));
#611 = VERTEX_POINT ('', #610);
#612 = CARTESIAN_POINT ('', (-103., 117.5, 3.5));
#613 = VERTEX_POINT ('', #612);
#614 = CARTESIAN_POINT ('', (-116., 117.5, 3.5));
#615 = CARTESIAN_POINT ('', (-103., 117.5, 3.5));
#616 = B_SPLINE_CURVE_WITH_KNOTS ('', 1, (#614, #615), .UNSPECIFIED., .F., .U., (2, 2), (1., 14.), .UNSPECIFIED.);
#617 = EDGE_CURVE ('', #611, #613, #616, .T.);
#618 = ORIENTED_EDGE ('', *, *, #617, .T.);
#619 = CARTESIAN_POINT ('', (-102.5, 118., 3.5));
#620 = VERTEX_POINT ('', #619);
#621 = CARTESIAN_POINT ('', (-103., 117.5, 3.5));
#622 = CARTESIAN_POINT ('', (-102.5, 117.5, 3.5));
#623 = CARTESIAN_POINT ('', (-102.5, 118., 3.5));
#624 = (
   BOUNDED_CURVE ()
   B_SPLINE_CURVE (2, (#621, #622, #623), .UNSPECIFIED., .F., .U.)
   B_SPLINE_CURVE_WITH_KNOTS ((3, 3), (14., 15.), .UNSPECIFIED.)
   CURVE ()
   GEOMETRIC_REPRESENTATION_ITEM ()
   RATIONAL_B_SPLINE_CURVE ((1., 0.707106781186377, 1.))
   REPRESENTATION_ITEM ('')
);
#625 = EDGE_CURVE ('', #613, #620, #624, .T.);
#626 = ORIENTED_EDGE ('', *, *, #625, .T.);
#627 = CARTESIAN_POINT ('', (-102.5, 131., 3.5));
#628 = VERTEX_POINT ('', #627);
#629 = CARTESIAN_POINT ('', (-102.5, 118., 3.5));
#630 = CARTESIAN_POINT ('', (-102.5, 131., 3.5));
#631 = B_SPLINE_CURVE_WITH_KNOTS ('', 1, (#629, #630), .UNSPECIFIED., .F., .U., (2, 2), (15., 28.), .UNSPECIFIED.);
#632 = EDGE_CURVE ('', #620, #628, #631, .T.);
#633 = ORIENTED_EDGE ('', *, *, #632, .T.);
#634 = CARTESIAN_POINT ('', (-103., 131.5, 3.5));
#635 = VERTEX_POINT ('', #634);
#636 = CARTESIAN_POINT ('', (-102.5, 131., 3.5));
#637 = CARTESIAN_POINT ('', (-102.5, 131.5, 3.5));
#638 = CARTESIAN_POINT ('', (-103., 131.5, 3.5));
#639 = (
   BOUNDED_CURVE ()
   B_SPLINE_CURVE (2, (#636, #637, #638), .UNSPECIFIED., .F., .U.)
   B_SPLINE_CURVE_WITH_KNOTS ((3, 3), (28., 29.), .UNSPECIFIED.)
   CURVE ()
   GEOMETRIC_REPRESENTATION_ITEM ()
   RATIONAL_B_SPLINE_CURVE ((1., 0.707106781186407, 1.))
   REPRESENTATION_ITEM ('')
);
#640 = EDGE_CURVE ('', #628, #635, #639, .T.);
#641 = ORIENTED_EDGE ('', *, *, #640, .T.);
#642 = CARTESIAN_POINT ('', (-116., 131.5, 3.5));
#643 = VERTEX_POINT ('', #642);
#644 = CARTESIAN_POINT ('', (-103., 131.5, 3.5));
#645 = CARTESIAN_POINT ('', (-116., 131.5, 3.5));
#646 = B_SPLINE_CURVE_WITH_KNOTS ('', 1, (#644, #645), .UNSPECIFIED., .F., .U., (2, 2), (29., 42.), .UNSPECIFIED.);
#647 = EDGE_CURVE ('', #635, #643, #646, .T.);
#648 = ORIENTED_EDGE ('', *, *, #647, .T.);
#649 = CARTESIAN_POINT ('', (-116.5, 131., 3.5));
#650 = VERTEX_POINT ('', #649);
#651 = CARTESIAN_POINT ('', (-116., 131.5, 3.5));
#652 = CARTESIAN_POINT ('', (-116.5, 131.5, 3.5));
#653 = CARTESIAN_POINT ('', (-116.5, 131., 3.5));
#654 = (
   BOUNDED_CURVE ()
   B_SPLINE_CURVE (2, (#651, #652, #653), .UNSPECIFIED., .F., .U.)
   B_SPLINE_CURVE_WITH_KNOTS ((3, 3), (42., 43.), .UNSPECIFIED.)
   CURVE ()
   GEOMETRIC_REPRESENTATION_ITEM ()
   RATIONAL_B_SPLINE_CURVE ((1., 0.70710678118705, 1.))
   REPRESENTATION_ITEM ('')
);
#655 = EDGE_CURVE ('', #643, #650, #654, .T.);
#656 = ORIENTED_EDGE ('', *, *, #655, .T.);
#657 = CARTESIAN_POINT ('', (-116.5, 118., 3.5));
#658 = VERTEX_POINT ('', #657);
#659 = CARTESIAN_POINT ('', (-116.5, 131., 3.5));
#660 = CARTESIAN_POINT ('', (-116.5, 118., 3.5));
#661 = B_SPLINE_CURVE_WITH_KNOTS ('', 1, (#659, #660), .UNSPECIFIED., .F., .U., (2, 2), (43., 56.), .UNSPECIFIED.);
#662 = EDGE_CURVE ('', #650, #658, #661, .T.);
#663 = ORIENTED_EDGE ('', *, *, #662, .T.);
#664 = CARTESIAN_POINT ('', (-116.5, 118., 3.5));
#665 = CARTESIAN_POINT ('', (-116.5, 117.5, 3.5));
#666 = CARTESIAN_POINT ('', (-116., 117.5, 3.5));
#667 = (
   BOUNDED_CURVE ()
   B_SPLINE_CURVE (2, (#664, #665, #666), .UNSPECIFIED., .F., .U.)
   B_SPLINE_CURVE_WITH_KNOTS ((3, 3), (0., 1.), .UNSPECIFIED.)
   CURVE ()
   GEOMETRIC_REPRESENTATION_ITEM ()
   RATIONAL_B_SPLINE_CURVE ((1., 0.707106781186568, 1.))
   REPRESENTATION_ITEM ('')
);
#668 = EDGE_CURVE ('', #658, #611, #667, .T.);
#669 = ORIENTED_EDGE ('', *, *, #668, .T.);
#670 = EDGE_LOOP ('', (#618, #626, #633, #641, #648, #656, #663, #669));
#671 = FACE_BOUND ('', #670, .T.);
#672 = CARTESIAN_POINT ('', (-97., 117.5, 3.5));
#673 = VERTEX_POINT ('', #672);
#674 = CARTESIAN_POINT ('', (-84., 117.5, 3.5));
#675 = VERTEX_POINT ('', #674);
#676 = CARTESIAN_POINT ('', (-97., 117.5, 3.5));
#677 = CARTESIAN_POINT ('', (-84., 117.5, 3.5));
#678 = B_SPLINE_CURVE_WITH_KNOTS ('', 1, (#676, #677), .UNSPECIFIED., .F., .U., (2, 2), (1., 14.), .UNSPECIFIED.);
#679 = EDGE_CURVE ('', #673, #675, #678, .T.);
#680 = ORIENTED_EDGE ('', *, *, #679, .T.);
#681 = CARTESIAN_POINT ('', (-83.5, 118., 3.5));
#682 = VERTEX_POINT ('', #681);
#683 = CARTESIAN_POINT ('', (-84., 117.5, 3.5));
#684 = CARTESIAN_POINT ('', (-83.5, 117.5, 3.5));
#685 = CARTESIAN_POINT ('', (-83.5000000000001, 118., 3.5));
#686 = (
   BOUNDED_CURVE ()
   B_SPLINE_CURVE (2, (#683, #684, #685), .UNSPECIFIED., .F., .U.)
   B_SPLINE_CURVE_WITH_KNOTS ((3, 3), (14., 15.), .UNSPECIFIED.)
   CURVE ()
   GEOMETRIC_REPRESENTATION_ITEM ()
   RATIONAL_B_SPLINE_CURVE ((1., 0.707106781186467, 1.))
   REPRESENTATION_ITEM ('')
);
#687 = EDGE_CURVE ('', #675, #682, #686, .T.);
#688 = ORIENTED_EDGE ('', *, *, #687, .T.);
#689 = CARTESIAN_POINT ('', (-83.5, 131., 3.5));
#690 = VERTEX_POINT ('', #689);
#691 = CARTESIAN_POINT ('', (-83.5, 118., 3.5));
#692 = CARTESIAN_POINT ('', (-83.5, 131., 3.5));
#693 = B_SPLINE_CURVE_WITH_KNOTS ('', 1, (#691, #692), .UNSPECIFIED., .F., .U., (2, 2), (15., 28.), .UNSPECIFIED.);
#694 = EDGE_CURVE ('', #682, #690, #693, .T.);
#695 = ORIENTED_EDGE ('', *, *, #694, .T.);
#696 = CARTESIAN_POINT ('', (-84., 131.5, 3.5));
#697 = VERTEX_POINT ('', #696);
#698 = CARTESIAN_POINT ('', (-83.5, 131., 3.5));
#699 = CARTESIAN_POINT ('', (-83.5000000000001, 131.5, 3.5));
#700 = CARTESIAN_POINT ('', (-84., 131.5, 3.5));
#701 = (
   BOUNDED_CURVE ()
   B_SPLINE_CURVE (2, (#698, #699, #700), .UNSPECIFIED., .F., .U.)
   B_SPLINE_CURVE_WITH_KNOTS ((3, 3), (28., 29.), .UNSPECIFIED.)
   CURVE ()
   GEOMETRIC_REPRESENTATION_ITEM ()
   RATIONAL_B_SPLINE_CURVE ((1., 0.707106781186678, 1.))
   REPRESENTATION_ITEM ('')
);
#702 = EDGE_CURVE ('', #690, #697, #701, .T.);
#703 = ORIENTED_EDGE ('', *, *, #702, .T.);
#704 = CARTESIAN_POINT ('', (-97., 131.5, 3.5));
#705 = VERTEX_POINT ('', #704);
#706 = CARTESIAN_POINT ('', (-84., 131.5, 3.5));
#707 = CARTESIAN_POINT ('', (-97., 131.5, 3.5));
#708 = B_SPLINE_CURVE_WITH_KNOTS ('', 1, (#706, #707), .UNSPECIFIED., .F., .U., (2, 2), (29., 42.), .UNSPECIFIED.);
#709 = EDGE_CURVE ('', #697, #705, #708, .T.);
#710 = ORIENTED_EDGE ('', *, *, #709, .T.);
#711 = CARTESIAN_POINT ('', (-97.5, 131., 3.5));
#712 = VERTEX_POINT ('', #711);
#713 = CARTESIAN_POINT ('', (-97., 131.5, 3.5));
#714 = CARTESIAN_POINT ('', (-97.4999999999998, 131.5, 3.5));
#715 = CARTESIAN_POINT ('', (-97.5000000000002, 131., 3.5));
#716 = (
   BOUNDED_CURVE ()
   B_SPLINE_CURVE (2, (#713, #714, #715), .UNSPECIFIED., .F., .U.)
   B_SPLINE_CURVE_WITH_KNOTS ((3, 3), (42., 43.), .UNSPECIFIED.)
   CURVE ()
   GEOMETRIC_REPRESENTATION_ITEM ()
   RATIONAL_B_SPLINE_CURVE ((1., 0.707106781186869, 1.))
   REPRESENTATION_ITEM ('')
);
#717 = EDGE_CURVE ('', #705, #712, #716, .T.);
#718 = ORIENTED_EDGE ('', *, *, #717, .T.);
#719 = CARTESIAN_POINT ('', (-97.5, 118., 3.5));
#720 = VERTEX_POINT ('', #719);
#721 = CARTESIAN_POINT ('', (-97.5, 131., 3.5));
#722 = CARTESIAN_POINT ('', (-97.5, 118., 3.5));
#723 = B_SPLINE_CURVE_WITH_KNOTS ('', 1, (#721, #722), .UNSPECIFIED., .F., .U., (2, 2), (43., 56.), .UNSPECIFIED.);
#724 = EDGE_CURVE ('', #712, #720, #723, .T.);
#725 = ORIENTED_EDGE ('', *, *, #724, .T.);
#726 = CARTESIAN_POINT ('', (-97.5, 118., 3.5));
#727 = CARTESIAN_POINT ('', (-97.5000000000001, 117.5, 3.5));
#728 = CARTESIAN_POINT ('', (-97., 117.5, 3.5));
#729 = (
   BOUNDED_CURVE ()
   B_SPLINE_CURVE (2, (#726, #727, #728), .UNSPECIFIED., .F., .U.)
   B_SPLINE_CURVE_WITH_KNOTS ((3, 3), (0., 1.), .UNSPECIFIED.)
   CURVE ()
   GEOMETRIC_REPRESENTATION_ITEM ()
   RATIONAL_B_SPLINE_CURVE ((1., 0.707106781186306, 1.))
   REPRESENTATION_ITEM ('')
);
#730 = EDGE_CURVE ('', #720, #673, #729, .T.);
#731 = ORIENTED_EDGE ('', *, *, #730, .T.);
#732 = EDGE_LOOP ('', (#680, #688, #695, #703, #710, #718, #725, #731));
#733 = FACE_BOUND ('', #732, .T.);
#734 = CARTESIAN_POINT ('', (-78.3704630894369, 117.352585387989, 3.5));
#735 = VERTEX_POINT ('', #734);
#736 = CARTESIAN_POINT ('', (-65.3882791376274, 116.672217956831, 3.5));
#737 = VERTEX_POINT ('', #736);
#738 = CARTESIAN_POINT ('', (-78.3704630894369, 117.352585387989, 3.5));
#739 = CARTESIAN_POINT ('', (-65.3882791376274, 116.672217956831, 3.5));
#740 = B_SPLINE_CURVE_WITH_KNOTS ('', 1, (#738, #739), .UNSPECIFIED., .F., .U., (2, 2), (1., 14.), .UNSPECIFIED.);
#741 = EDGE_CURVE ('', #735, #737, #740, .T.);
#742 = ORIENTED_EDGE ('', *, *, #741, .T.);
#743 = CARTESIAN_POINT ('', (-64.8627963921287, 117.145364746087, 3.5));
#744 = VERTEX_POINT ('', #743);
#745 = CARTESIAN_POINT ('', (-65.3882791376274, 116.672217956831, 3.5));
#746 = CARTESIAN_POINT ('', (-64.8889643702499, 116.646049978709, 3.5));
#747 = CARTESIAN_POINT ('', (-64.862796392129, 117.145364746087, 3.5));
#748 = (
   BOUNDED_CURVE ()
   B_SPLINE_CURVE (2, (#745, #746, #747), .UNSPECIFIED., .F., .U.)
   B_SPLINE_CURVE_WITH_KNOTS ((3, 3), (14., 15.), .UNSPECIFIED.)
   CURVE ()
   GEOMETRIC_REPRESENTATION_ITEM ()
   RATIONAL_B_SPLINE_CURVE ((1., 0.707106781185975, 1.))
   REPRESENTATION_ITEM ('')
);
#749 = EDGE_CURVE ('', #737, #744, #748, .T.);
#750 = ORIENTED_EDGE ('', *, *, #749, .T.);
#751 = CARTESIAN_POINT ('', (-64.1824289609704, 130.127548697896, 3.5));
#752 = VERTEX_POINT ('', #751);
#753 = CARTESIAN_POINT ('', (-64.8627963921287, 117.145364746087, 3.5));
#754 = CARTESIAN_POINT ('', (-64.1824289609704, 130.127548697896, 3.5));
#755 = B_SPLINE_CURVE_WITH_KNOTS ('', 1, (#753, #754), .UNSPECIFIED., .F., .U., (2, 2), (15., 28.), .UNSPECIFIED.);
#756 = EDGE_CURVE ('', #744, #752, #755, .T.);
#757 = ORIENTED_EDGE ('', *, *, #756, .T.);
#758 = CARTESIAN_POINT ('', (-64.6555757502262, 130.653031443395, 3.5));
#759 = VERTEX_POINT ('', #758);
#760 = CARTESIAN_POINT ('', (-64.1824289609703, 130.127548697896, 3.5));
#761 = CARTESIAN_POINT ('', (-64.1562609828488, 130.626863465274, 3.5));
#762 = CARTESIAN_POINT ('', (-64.6555757502262, 130.653031443395, 3.5));
#763 = (
   BOUNDED_CURVE ()
   B_SPLINE_CURVE (2, (#760, #761, #762), .UNSPECIFIED., .F., .U.)
   B_SPLINE_CURVE_WITH_KNOTS ((3, 3), (28., 29.), .UNSPECIFIED.)
   CURVE ()
   GEOMETRIC_REPRESENTATION_ITEM ()
   RATIONAL_B_SPLINE_CURVE ((1., 0.707106781186359, 1.))
   REPRESENTATION_ITEM ('')
);
#764 = EDGE_CURVE ('', #752, #759, #763, .T.);
#765 = ORIENTED_EDGE ('', *, *, #764, .T.);
#766 = CARTESIAN_POINT ('', (-77.6377597020357, 131.333398874553, 3.5));
#767 = VERTEX_POINT ('', #766);
#768 = CARTESIAN_POINT ('', (-64.6555757502262, 130.653031443395, 3.5));
#769 = CARTESIAN_POINT ('', (-77.6377597020357, 131.333398874553, 3.5));
#770 = B_SPLINE_CURVE_WITH_KNOTS ('', 1, (#768, #769), .UNSPECIFIED., .F., .U., (2, 2), (29., 42.), .UNSPECIFIED.);
#771 = EDGE_CURVE ('', #759, #767, #770, .T.);
#772 = ORIENTED_EDGE ('', *, *, #771, .T.);
#773 = CARTESIAN_POINT ('', (-78.1632424475344, 130.860252085297, 3.5));
#774 = VERTEX_POINT ('', #773);
#775 = CARTESIAN_POINT ('', (-77.6377597020357, 131.333398874553, 3.5));
#776 = CARTESIAN_POINT ('', (-78.1370744694133, 131.359566852675, 3.5));
#777 = CARTESIAN_POINT ('', (-78.163242447534, 130.860252085297, 3.5));
#778 = (
   BOUNDED_CURVE ()
   B_SPLINE_CURVE (2, (#775, #776, #777), .UNSPECIFIED., .F., .U.)
   B_SPLINE_CURVE_WITH_KNOTS ((3, 3), (42., 43.), .UNSPECIFIED.)
   CURVE ()
   GEOMETRIC_REPRESENTATION_ITEM ()
   RATIONAL_B_SPLINE_CURVE ((1., 0.707106781185943, 1.))
   REPRESENTATION_ITEM ('')
);
#779 = EDGE_CURVE ('', #767, #774, #778, .T.);
#780 = ORIENTED_EDGE ('', *, *, #779, .T.);
#781 = CARTESIAN_POINT ('', (-78.8436098786927, 117.878068133488, 3.5));
#782 = VERTEX_POINT ('', #781);
#783 = CARTESIAN_POINT ('', (-78.1632424475344, 130.860252085297, 3.5));
#784 = CARTESIAN_POINT ('', (-78.8436098786927, 117.878068133488, 3.5));
#785 = B_SPLINE_CURVE_WITH_KNOTS ('', 1, (#783, #784), .UNSPECIFIED., .F., .U., (2, 2), (43., 56.), .UNSPECIFIED.);
#786 = EDGE_CURVE ('', #774, #782, #785, .T.);
#787 = ORIENTED_EDGE ('', *, *, #786, .T.);
#788 = CARTESIAN_POINT ('', (-78.8436098786928, 117.878068133488, 3.5));
#789 = CARTESIAN_POINT ('', (-78.8697778568144, 117.37875336611, 3.5));
#790 = CARTESIAN_POINT ('', (-78.3704630894369, 117.352585387989, 3.5));
#791 = (
   BOUNDED_CURVE ()
   B_SPLINE_CURVE (2, (#788, #789, #790), .UNSPECIFIED., .F., .U.)
   B_SPLINE_CURVE_WITH_KNOTS ((3, 3), (0., 1.), .UNSPECIFIED.)
   CURVE ()
   GEOMETRIC_REPRESENTATION_ITEM ()
   RATIONAL_B_SPLINE_CURVE ((1., 0.7071067811861, 1.))
   REPRESENTATION_ITEM ('')
);
#792 = EDGE_CURVE ('', #782, #735, #791, .T.);
#793 = ORIENTED_EDGE ('', *, *, #792, .T.);
#794 = EDGE_LOOP ('', (#742, #750, #757, #765, #772, #780, #787, #793));
#795 = FACE_BOUND ('', #794, .T.);
#796 = CARTESIAN_POINT ('', (-59.7741723964319, 116.230378174003, 3.5));
#797 = VERTEX_POINT ('', #796);
#798 = CARTESIAN_POINT ('', (-46.8453877566443, 114.871508151524, 3.5));
#799 = VERTEX_POINT ('', #798);
#800 = CARTESIAN_POINT ('', (-59.7741723964319, 116.230378174003, 3.5));
#801 = CARTESIAN_POINT ('', (-46.8453877566443, 114.871508151524, 3.5));
#802 = B_SPLINE_CURVE_WITH_KNOTS ('', 1, (#800, #801), .UNSPECIFIED., .F., .U., (2, 2), (1., 14.), .UNSPECIFIED.);
#803 = EDGE_CURVE ('', #797, #799, #802, .T.);
#804 = ORIENTED_EDGE ('', *, *, #803, .T.);
#805 = CARTESIAN_POINT ('', (-46.2958625773263, 115.316504867574, 3.5));
#806 = VERTEX_POINT ('', #805);
#807 = CARTESIAN_POINT ('', (-46.8453877566443, 114.871508151524, 3.5));
#808 = CARTESIAN_POINT ('', (-46.3481268089605, 114.81924391989, 3.5));
#809 = CARTESIAN_POINT ('', (-46.2958625773259, 115.316504867574, 3.5));
#810 = (
   BOUNDED_CURVE ()
   B_SPLINE_CURVE (2, (#807, #808, #809), .UNSPECIFIED., .F., .U.)
   B_SPLINE_CURVE_WITH_KNOTS ((3, 3), (14., 15.), .UNSPECIFIED.)
   CURVE ()
   GEOMETRIC_REPRESENTATION_ITEM ()
   RATIONAL_B_SPLINE_CURVE ((1., 0.707106781187191, 1.))
   REPRESENTATION_ITEM ('')
);
#811 = EDGE_CURVE ('', #799, #806, #810, .T.);
#812 = ORIENTED_EDGE ('', *, *, #811, .T.);
#813 = CARTESIAN_POINT ('', (-44.9369925548468, 128.245289507362, 3.5));
#814 = VERTEX_POINT ('', #813);
#815 = CARTESIAN_POINT ('', (-46.2958625773263, 115.316504867574, 3.5));
#816 = CARTESIAN_POINT ('', (-44.9369925548468, 128.245289507362, 3.5));
#817 = B_SPLINE_CURVE_WITH_KNOTS ('', 1, (#815, #816), .UNSPECIFIED., .F., .U., (2, 2), (15., 28.), .UNSPECIFIED.);
#818 = EDGE_CURVE ('', #806, #814, #817, .T.);
#819 = ORIENTED_EDGE ('', *, *, #818, .T.);
#820 = CARTESIAN_POINT ('', (-45.3819892708972, 128.79481468668, 3.5));
#821 = VERTEX_POINT ('', #820);
#822 = CARTESIAN_POINT ('', (-44.9369925548469, 128.245289507362, 3.5));
#823 = CARTESIAN_POINT ('', (-44.8847283232131, 128.742550455046, 3.5));
#824 = CARTESIAN_POINT ('', (-45.3819892708971, 128.79481468668, 3.5));
#825 = (
   BOUNDED_CURVE ()
   B_SPLINE_CURVE (2, (#822, #823, #824), .UNSPECIFIED., .F., .U.)
   B_SPLINE_CURVE_WITH_KNOTS ((3, 3), (28., 29.), .UNSPECIFIED.)
   CURVE ()
   GEOMETRIC_REPRESENTATION_ITEM ()
   RATIONAL_B_SPLINE_CURVE ((1., 0.707106781186758, 1.))
   REPRESENTATION_ITEM ('')
);
#826 = EDGE_CURVE ('', #814, #821, #825, .T.);
#827 = ORIENTED_EDGE ('', *, *, #826, .T.);
#828 = CARTESIAN_POINT ('', (-58.3107739106847, 130.153684709159, 3.5));
#829 = VERTEX_POINT ('', #828);
#830 = CARTESIAN_POINT ('', (-45.3819892708972, 128.79481468668, 3.5));
#831 = CARTESIAN_POINT ('', (-58.3107739106847, 130.153684709159, 3.5));
#832 = B_SPLINE_CURVE_WITH_KNOTS ('', 1, (#830, #831), .UNSPECIFIED., .F., .U., (2, 2), (29., 42.), .UNSPECIFIED.);
#833 = EDGE_CURVE ('', #821, #829, #832, .T.);
#834 = ORIENTED_EDGE ('', *, *, #833, .T.);
#835 = CARTESIAN_POINT ('', (-58.8602990900027, 129.708687993109, 3.5));
#836 = VERTEX_POINT ('', #835);
#837 = CARTESIAN_POINT ('', (-58.3107739106847, 130.153684709159, 3.5));
#838 = CARTESIAN_POINT ('', (-58.808034858369, 130.205948940793, 3.5));
#839 = CARTESIAN_POINT ('', (-58.8602990900025, 129.708687993109, 3.5));
#840 = (
   BOUNDED_CURVE ()
   B_SPLINE_CURVE (2, (#837, #838, #839), .UNSPECIFIED., .F., .U.)
   B_SPLINE_CURVE_WITH_KNOTS ((3, 3), (42., 43.), .UNSPECIFIED.)
   CURVE ()
   GEOMETRIC_REPRESENTATION_ITEM ()
   RATIONAL_B_SPLINE_CURVE ((1., 0.707106781186241, 1.))
   REPRESENTATION_ITEM ('')
);
#841 = EDGE_CURVE ('', #829, #836, #840, .T.);
#842 = ORIENTED_EDGE ('', *, *, #841, .T.);
#843 = CARTESIAN_POINT ('', (-60.2191691124822, 116.779903353321, 3.5));
#844 = VERTEX_POINT ('', #843);
#845 = CARTESIAN_POINT ('', (-58.8602990900027, 129.708687993109, 3.5));
#846 = CARTESIAN_POINT ('', (-60.2191691124822, 116.779903353321, 3.5));
#847 = B_SPLINE_CURVE_WITH_KNOTS ('', 1, (#845, #846), .UNSPECIFIED., .F., .U., (2, 2), (43., 55.9999999999999), .UNSPECIFIED.);
#848 = EDGE_CURVE ('', #836, #844, #847, .T.);
#849 = ORIENTED_EDGE ('', *, *, #848, .T.);
#850 = CARTESIAN_POINT ('', (-60.2191691124822, 116.779903353321, 3.5));
#851 = CARTESIAN_POINT ('', (-60.271433344116, 116.282642405637, 3.5));
#852 = CARTESIAN_POINT ('', (-59.7741723964318, 116.230378174003, 3.5));
#853 = (
   BOUNDED_CURVE ()
   B_SPLINE_CURVE (2, (#850, #851, #852), .UNSPECIFIED., .F., .U.)
   B_SPLINE_CURVE_WITH_KNOTS ((3, 3), (0., 1.), .UNSPECIFIED.)
   CURVE ()
   GEOMETRIC_REPRESENTATION_ITEM ()
   RATIONAL_B_SPLINE_CURVE ((1., 0.707106781186472, 1.))
   REPRESENTATION_ITEM ('')
);
#854 = EDGE_CURVE ('', #844, #797, #853, .T.);
#855 = ORIENTED_EDGE ('', *, *, #854, .T.);
#856 = EDGE_LOOP ('', (#804, #812, #819, #827, #834, #842, #849, #855));
#857 = FACE_BOUND ('', #856, .T.);
#858 = CARTESIAN_POINT ('', (-41.0694715890848, 114.187883423022, 3.5));
#859 = VERTEX_POINT ('', #858);
#860 = CARTESIAN_POINT ('', (-28.1806883912253, 112.491042924161, 3.5));
#861 = VERTEX_POINT ('', #860);
#862 = CARTESIAN_POINT ('', (-41.0694715890848, 114.187883423022, 3.5));
#863 = CARTESIAN_POINT ('', (-28.1806883912253, 112.491042924161, 3.5));
#864 = B_SPLINE_CURVE_WITH_KNOTS ('', 1, (#862, #863), .UNSPECIFIED., .F., .U., (2, 2), (1., 14.), .UNSPECIFIED.);
#865 = EDGE_CURVE ('', #859, #861, #864, .T.);
#866 = ORIENTED_EDGE ('', *, *, #865, .T.);
#867 = CARTESIAN_POINT ('', (-27.6197028644284, 112.921502258738, 3.5));
#868 = VERTEX_POINT ('', #867);
#869 = CARTESIAN_POINT ('', (-28.1806883912253, 112.491042924161, 3.5));
#870 = CARTESIAN_POINT ('', (-27.6849659605386, 112.425779828051, 3.5));
#871 = CARTESIAN_POINT ('', (-27.6197028644281, 112.921502258738, 3.5));
#872 = (
   BOUNDED_CURVE ()
   B_SPLINE_CURVE (2, (#869, #870, #871), .UNSPECIFIED., .F., .U.)
   B_SPLINE_CURVE_WITH_KNOTS ((3, 3), (14., 15.), .UNSPECIFIED.)
   CURVE ()
   GEOMETRIC_REPRESENTATION_ITEM ()
   RATIONAL_B_SPLINE_CURVE ((1., 0.707106781186949, 1.))
   REPRESENTATION_ITEM ('')
);
#873 = EDGE_CURVE ('', #861, #868, #872, .T.);
#874 = ORIENTED_EDGE ('', *, *, #873, .T.);
#875 = CARTESIAN_POINT ('', (-25.9228623655677, 125.810285456598, 3.5));
#876 = VERTEX_POINT ('', #875);
#877 = CARTESIAN_POINT ('', (-27.6197028644284, 112.921502258738, 3.5));
#878 = CARTESIAN_POINT ('', (-25.9228623655677, 125.810285456598, 3.5));
#879 = B_SPLINE_CURVE_WITH_KNOTS ('', 1, (#877, #878), .UNSPECIFIED., .F., .U., (2, 2), (15., 28.), .UNSPECIFIED.);
#880 = EDGE_CURVE ('', #868, #876, #879, .T.);
#881 = ORIENTED_EDGE ('', *, *, #880, .T.);
#882 = CARTESIAN_POINT ('', (-26.3533217001446, 126.371270983395, 3.5));
#883 = VERTEX_POINT ('', #882);
#884 = CARTESIAN_POINT ('', (-25.9228623655677, 125.810285456598, 3.5));
#885 = CARTESIAN_POINT ('', (-25.8575992694577, 126.306007887284, 3.5));
#886 = CARTESIAN_POINT ('', (-26.3533217001446, 126.371270983395, 3.5));
#887 = (
   BOUNDED_CURVE ()
   B_SPLINE_CURVE (2, (#884, #885, #886), .UNSPECIFIED., .F., .U.)
   B_SPLINE_CURVE_WITH_KNOTS ((3, 3), (28., 29.), .UNSPECIFIED.)
   CURVE ()
   GEOMETRIC_REPRESENTATION_ITEM ()
   RATIONAL_B_SPLINE_CURVE ((1., 0.707106781186567, 1.))
   REPRESENTATION_ITEM ('')
);
#888 = EDGE_CURVE ('', #876, #883, #887, .T.);
#889 = ORIENTED_EDGE ('', *, *, #888, .T.);
#890 = CARTESIAN_POINT ('', (-39.2421048980041, 128.068111482255, 3.5));
#891 = VERTEX_POINT ('', #890);
#892 = CARTESIAN_POINT ('', (-26.3533217001446, 126.371270983395, 3.5));
#893 = CARTESIAN_POINT ('', (-39.2421048980041, 128.068111482255, 3.5));
#894 = B_SPLINE_CURVE_WITH_KNOTS ('', 1, (#892, #893), .UNSPECIFIED., .F., .U., (2, 2), (29., 42.), .UNSPECIFIED.);
#895 = EDGE_CURVE ('', #883, #891, #894, .T.);
#896 = ORIENTED_EDGE ('', *, *, #895, .T.);
#897 = CARTESIAN_POINT ('', (-39.8030904248011, 127.637652147678, 3.5));
#898 = VERTEX_POINT ('', #897);
#899 = CARTESIAN_POINT ('', (-39.2421048980041, 128.068111482255, 3.5));
#900 = CARTESIAN_POINT ('', (-39.7378273286911, 128.133374578365, 3.5));
#901 = CARTESIAN_POINT ('', (-39.803090424801, 127.637652147678, 3.5));
#902 = (
   BOUNDED_CURVE ()
   B_SPLINE_CURVE (2, (#899, #900, #901), .UNSPECIFIED., .F., .U.)
   B_SPLINE_CURVE_WITH_KNOTS ((3, 3), (42., 43.), .UNSPECIFIED.)
   CURVE ()
   GEOMETRIC_REPRESENTATION_ITEM ()
   RATIONAL_B_SPLINE_CURVE ((1., 0.707106781186463, 1.))
   REPRESENTATION_ITEM ('')
);
#903 = EDGE_CURVE ('', #891, #898, #902, .T.);
#904 = ORIENTED_EDGE ('', *, *, #903, .T.);
#905 = CARTESIAN_POINT ('', (-41.4999309236617, 114.748868949819, 3.5));
#906 = VERTEX_POINT ('', #905);
#907 = CARTESIAN_POINT ('', (-39.8030904248011, 127.637652147678, 3.5));
#908 = CARTESIAN_POINT ('', (-41.4999309236617, 114.748868949819, 3.5));
#909 = B_SPLINE_CURVE_WITH_KNOTS ('', 1, (#907, #908), .UNSPECIFIED., .F., .U., (2, 2), (43., 56.), .UNSPECIFIED.);
#910 = EDGE_CURVE ('', #898, #906, #909, .T.);
#911 = ORIENTED_EDGE ('', *, *, #910, .T.);
#912 = CARTESIAN_POINT ('', (-41.4999309236617, 114.748868949819, 3.5));
#913 = CARTESIAN_POINT ('', (-41.5651940197718, 114.253146519132, 3.5));
#914 = CARTESIAN_POINT ('', (-41.0694715890848, 114.187883423022, 3.5));
#915 = (
   BOUNDED_CURVE ()
   B_SPLINE_CURVE (2, (#912, #913, #914), .UNSPECIFIED., .F., .U.)
   B_SPLINE_CURVE_WITH_KNOTS ((3, 3), (0., 1.), .UNSPECIFIED.)
   CURVE ()
   GEOMETRIC_REPRESENTATION_ITEM ()
   RATIONAL_B_SPLINE_CURVE ((1., 0.707106781186434, 1.))
   REPRESENTATION_ITEM ('')
);
#916 = EDGE_CURVE ('', #906, #859, #915, .T.);
#917 = ORIENTED_EDGE ('', *, *, #916, .T.);
#918 = EDGE_LOOP ('', (#866, #874, #881, #889, #896, #904, #911, #917));
#919 = FACE_BOUND ('', #918, .T.);
#920 = CARTESIAN_POINT ('', (-31.6669778798515, 93.7002249048635, 3.5));
#921 = VERTEX_POINT ('', #920);
#922 = CARTESIAN_POINT ('', (-18.778194681992, 92.0033844060029, 3.5));
#923 = VERTEX_POINT ('', #922);
#924 = CARTESIAN_POINT ('', (-31.6669778798515, 93.7002249048635, 3.5));
#925 = CARTESIAN_POINT ('', (-18.778194681992, 92.0033844060029, 3.5));
#926 = B_SPLINE_CURVE_WITH_KNOTS ('', 1, (#924, #925), .UNSPECIFIED., .F., .U., (2, 2), (1., 14.), .UNSPECIFIED.);
#927 = EDGE_CURVE ('', #921, #923, #926, .T.);
#928 = ORIENTED_EDGE ('', *, *, #927, .T.);
#929 = CARTESIAN_POINT ('', (-18.217209155195, 92.4338437405797, 3.5));
#930 = VERTEX_POINT ('', #929);
#931 = CARTESIAN_POINT ('', (-18.778194681992, 92.003384406003, 3.5));
#932 = CARTESIAN_POINT ('', (-18.2824722513054, 91.9381213098932, 3.5));
#933 = CARTESIAN_POINT ('', (-18.2172091551947, 92.4338437405797, 3.5));
#934 = (
   BOUNDED_CURVE ()
   B_SPLINE_CURVE (2, (#931, #932, #933), .UNSPECIFIED., .F., .U.)
   B_SPLINE_CURVE_WITH_KNOTS ((3, 3), (14., 15.), .UNSPECIFIED.)
   CURVE ()
   GEOMETRIC_REPRESENTATION_ITEM ()
   RATIONAL_B_SPLINE_CURVE ((1., 0.707106781187196, 1.))
   REPRESENTATION_ITEM ('')
);
#935 = EDGE_CURVE ('', #923, #930, #934, .T.);
#936 = ORIENTED_EDGE ('', *, *, #935, .T.);
#937 = CARTESIAN_POINT ('', (-16.5203686563344, 105.322626938439, 3.5));
#938 = VERTEX_POINT ('', #937);
#939 = CARTESIAN_POINT ('', (-18.217209155195, 92.4338437405797, 3.5));
#940 = CARTESIAN_POINT ('', (-16.5203686563344, 105.322626938439, 3.5));
#941 = B_SPLINE_CURVE_WITH_KNOTS ('', 1, (#939, #940), .UNSPECIFIED., .F., .U., (2, 2), (15., 28.), .UNSPECIFIED.);
#942 = EDGE_CURVE ('', #930, #938, #941, .T.);
#943 = ORIENTED_EDGE ('', *, *, #942, .T.);
#944 = CARTESIAN_POINT ('', (-16.9508279909113, 105.883612465236, 3.5));
#945 = VERTEX_POINT ('', #944);
#946 = CARTESIAN_POINT ('', (-16.5203686563344, 105.322626938439, 3.5));
#947 = CARTESIAN_POINT ('', (-16.4551055602245, 105.818349369126, 3.5));
#948 = CARTESIAN_POINT ('', (-16.9508279909112, 105.883612465236, 3.5));
#949 = (
   BOUNDED_CURVE ()
   B_SPLINE_CURVE (2, (#946, #947, #948), .UNSPECIFIED., .F., .U.)
   B_SPLINE_CURVE_WITH_KNOTS ((3, 3), (28., 29.), .UNSPECIFIED.)
   CURVE ()
   GEOMETRIC_REPRESENTATION_ITEM ()
   RATIONAL_B_SPLINE_CURVE ((1., 0.707106781186778, 1.))
   REPRESENTATION_ITEM ('')
);
#950 = EDGE_CURVE ('', #938, #945, #949, .T.);
#951 = ORIENTED_EDGE ('', *, *, #950, .T.);
#952 = CARTESIAN_POINT ('', (-29.8396111887708, 107.580452964097, 3.5));
#953 = VERTEX_POINT ('', #952);
#954 = CARTESIAN_POINT ('', (-16.9508279909113, 105.883612465236, 3.5));
#955 = CARTESIAN_POINT ('', (-29.8396111887708, 107.580452964097, 3.5));
#956 = B_SPLINE_CURVE_WITH_KNOTS ('', 1, (#954, #955), .UNSPECIFIED., .F., .U., (2, 2), (29., 42.), .UNSPECIFIED.);
#957 = EDGE_CURVE ('', #945, #953, #956, .T.);
#958 = ORIENTED_EDGE ('', *, *, #957, .T.);
#959 = CARTESIAN_POINT ('', (-30.4005967155677, 107.14999362952, 3.5));
#960 = VERTEX_POINT ('', #959);
#961 = CARTESIAN_POINT ('', (-29.8396111887708, 107.580452964097, 3.5));
#962 = CARTESIAN_POINT ('', (-30.3353336194579, 107.645716060207, 3.5));
#963 = CARTESIAN_POINT ('', (-30.4005967155674, 107.14999362952, 3.5));
#964 = (
   BOUNDED_CURVE ()
   B_SPLINE_CURVE (2, (#961, #962, #963), .UNSPECIFIED., .F., .U.)
   B_SPLINE_CURVE_WITH_KNOTS ((3, 3), (42., 43.), .UNSPECIFIED.)
   CURVE ()
   GEOMETRIC_REPRESENTATION_ITEM ()
   RATIONAL_B_SPLINE_CURVE ((1., 0.70710678118604, 1.))
   REPRESENTATION_ITEM ('')
);
#965 = EDGE_CURVE ('', #953, #960, #964, .T.);
#966 = ORIENTED_EDGE ('', *, *, #965, .T.);
#967 = CARTESIAN_POINT ('', (-32.0974372144284, 94.2612104316605, 3.5));
#968 = VERTEX_POINT ('', #967);
#969 = CARTESIAN_POINT ('', (-30.4005967155677, 107.14999362952, 3.5));
#970 = CARTESIAN_POINT ('', (-32.0974372144284, 94.2612104316605, 3.5));
#971 = B_SPLINE_CURVE_WITH_KNOTS ('', 1, (#969, #970), .UNSPECIFIED., .F., .U., (2, 2), (43., 56.), .UNSPECIFIED.);
#972 = EDGE_CURVE ('', #960, #968, #971, .T.);
#973 = ORIENTED_EDGE ('', *, *, #972, .T.);
#974 = CARTESIAN_POINT ('', (-32.0974372144284, 94.2612104316605, 3.5));
#975 = CARTESIAN_POINT ('', (-32.1627003105385, 93.7654880009735, 3.5));
#976 = CARTESIAN_POINT ('', (-31.6669778798515, 93.7002249048636, 3.5));
#977 = (
   BOUNDED_CURVE ()
   B_SPLINE_CURVE (2, (#974, #975, #976), .UNSPECIFIED., .F., .U.)
   B_SPLINE_CURVE_WITH_KNOTS ((3, 3), (0., 1.), .UNSPECIFIED.)
   CURVE ()
   GEOMETRIC_REPRESENTATION_ITEM ()
   RATIONAL_B_SPLINE_CURVE ((1., 0.707106781186499, 1.))
   REPRESENTATION_ITEM ('')
);
#978 = EDGE_CURVE ('', #968, #921, #977, .T.);
#979 = ORIENTED_EDGE ('', *, *, #978, .T.);
#980 = EDGE_LOOP ('', (#928, #936, #943, #951, #958, #966, #973, #979));
#981 = FACE_BOUND ('', #980, .T.);
#982 = CARTESIAN_POINT ('', (-50.5044302459539, 96.1802225570445, 3.5));
#983 = VERTEX_POINT ('', #982);
#984 = CARTESIAN_POINT ('', (-37.6156470480944, 94.4833820581839, 3.5));
#985 = VERTEX_POINT ('', #984);
#986 = CARTESIAN_POINT ('', (-50.5044302459539, 96.1802225570445, 3.5));
#987 = CARTESIAN_POINT ('', (-37.6156470480944, 94.4833820581839, 3.5));
#988 = B_SPLINE_CURVE_WITH_KNOTS ('', 1, (#986, #987), .UNSPECIFIED., .F., .U., (2, 2), (1., 14.), .UNSPECIFIED.);
#989 = EDGE_CURVE ('', #983, #985, #988, .T.);
#990 = ORIENTED_EDGE ('', *, *, #989, .T.);
#991 = CARTESIAN_POINT ('', (-37.0546615212974, 94.9138413927607, 3.5));
#992 = VERTEX_POINT ('', #991);
#993 = CARTESIAN_POINT ('', (-37.6156470480944, 94.4833820581839, 3.5));
#994 = CARTESIAN_POINT ('', (-37.1199246174076, 94.418118962074, 3.5));
#995 = CARTESIAN_POINT ('', (-37.0546615212973, 94.9138413927607, 3.5));
#996 = (
   BOUNDED_CURVE ()
   B_SPLINE_CURVE (2, (#993, #994, #995), .UNSPECIFIED., .F., .U.)
   B_SPLINE_CURVE_WITH_KNOTS ((3, 3), (14., 15.), .UNSPECIFIED.)
   CURVE ()
   GEOMETRIC_REPRESENTATION_ITEM ()
   RATIONAL_B_SPLINE_CURVE ((1., 0.707106781186735, 1.))
   REPRESENTATION_ITEM ('')
);
#997 = EDGE_CURVE ('', #985, #992, #996, .T.);
#998 = ORIENTED_EDGE ('', *, *, #997, .T.);
#999 = CARTESIAN_POINT ('', (-35.3578210224368, 107.80262459062, 3.5));
#1000 = VERTEX_POINT ('', #999);
#1001 = CARTESIAN_POINT ('', (-37.0546615212974, 94.9138413927607, 3.5));
#1002 = CARTESIAN_POINT ('', (-35.3578210224368, 107.80262459062, 3.5));
#1003 = B_SPLINE_CURVE_WITH_KNOTS ('', 1, (#1001, #1002), .UNSPECIFIED., .F., .U., (2, 2), (15., 28.), .UNSPECIFIED.);
#1004 = EDGE_CURVE ('', #992, #1000, #1003, .T.);
#1005 = ORIENTED_EDGE ('', *, *, #1004, .T.);
#1006 = CARTESIAN_POINT ('', (-35.7882803570137, 108.363610117417, 3.5));
#1007 = VERTEX_POINT ('', #1006);
#1008 = CARTESIAN_POINT ('', (-35.3578210224367, 107.80262459062, 3.5));
#1009 = CARTESIAN_POINT ('', (-35.2925579263266, 108.298347021307, 3.5));
#1010 = CARTESIAN_POINT ('', (-35.7882803570137, 108.363610117417, 3.5));
#1011 = (
   BOUNDED_CURVE ()
   B_SPLINE_CURVE (2, (#1008, #1009, #1010), .UNSPECIFIED., .F., .U.)
   B_SPLINE_CURVE_WITH_KNOTS ((3, 3), (28., 29.), .UNSPECIFIED.)
   CURVE ()
   GEOMETRIC_REPRESENTATION_ITEM ()
   RATIONAL_B_SPLINE_CURVE ((1., 0.707106781186347, 1.))
   REPRESENTATION_ITEM ('')
);
#1012 = EDGE_CURVE ('', #1000, #1007, #1011, .T.);
#1013 = ORIENTED_EDGE ('', *, *, #1012, .T.);
#1014 = CARTESIAN_POINT ('', (-48.6770635548732, 110.060450616278, 3.5));
#1015 = VERTEX_POINT ('', #1014);
#1016 = CARTESIAN_POINT ('', (-35.7882803570137, 108.363610117417, 3.5));
#1017 = CARTESIAN_POINT ('', (-48.6770635548732, 110.060450616278, 3.5));
#1018 = B_SPLINE_CURVE_WITH_KNOTS ('', 1, (#1016, #1017), .UNSPECIFIED., .F., .U., (2, 2), (29., 42.), .UNSPECIFIED.);
#1019 = EDGE_CURVE ('', #1007, #1015, #1018, .T.);
#1020 = ORIENTED_EDGE ('', *, *, #1019, .T.);
#1021 = CARTESIAN_POINT ('', (-49.2380490816701, 109.629991281701, 3.5));
#1022 = VERTEX_POINT ('', #1021);
#1023 = CARTESIAN_POINT ('', (-48.6770635548732, 110.060450616278, 3.5));
#1024 = CARTESIAN_POINT ('', (-49.1727859855602, 110.125713712388, 3.5));
#1025 = CARTESIAN_POINT ('', (-49.2380490816699, 109.629991281701, 3.5));
#1026 = (
   BOUNDED_CURVE ()
   B_SPLINE_CURVE (2, (#1023, #1024, #1025), .UNSPECIFIED., .F., .U.)
   B_SPLINE_CURVE_WITH_KNOTS ((3, 3), (42., 43.), .UNSPECIFIED.)
   CURVE ()
   GEOMETRIC_REPRESENTATION_ITEM ()
   RATIONAL_B_SPLINE_CURVE ((1., 0.707106781186251, 1.))
   REPRESENTATION_ITEM ('')
);
#1027 = EDGE_CURVE ('', #1015, #1022, #1026, .T.);
#1028 = ORIENTED_EDGE ('', *, *, #1027, .T.);
#1029 = CARTESIAN_POINT ('', (-50.9348895805308, 96.7412080838415, 3.5));
#1030 = VERTEX_POINT ('', #1029);
#1031 = CARTESIAN_POINT ('', (-49.2380490816701, 109.629991281701, 3.5));
#1032 = CARTESIAN_POINT ('', (-50.9348895805308, 96.7412080838415, 3.5));
#1033 = B_SPLINE_CURVE_WITH_KNOTS ('', 1, (#1031, #1032), .UNSPECIFIED., .F., .U., (2, 2), (43., 56.), .UNSPECIFIED.);
#1034 = EDGE_CURVE ('', #1022, #1030, #1033, .T.);
#1035 = ORIENTED_EDGE ('', *, *, #1034, .T.);
#1036 = CARTESIAN_POINT ('', (-50.9348895805307, 96.7412080838415, 3.5));
#1037 = CARTESIAN_POINT ('', (-51.0001526766407, 96.2454856531546, 3.5));
#1038 = CARTESIAN_POINT ('', (-50.5044302459539, 96.1802225570444, 3.5));
#1039 = (
   BOUNDED_CURVE ()
   B_SPLINE_CURVE (2, (#1036, #1037, #1038), .UNSPECIFIED., .F., .U.)
   B_SPLINE_CURVE_WITH_KNOTS ((3, 3), (0., 1.), .UNSPECIFIED.)
   CURVE ()
   GEOMETRIC_REPRESENTATION_ITEM ()
   RATIONAL_B_SPLINE_CURVE ((1., 0.707106781186689, 1.))
   REPRESENTATION_ITEM ('')
);
#1040 = EDGE_CURVE ('', #1030, #983, #1039, .T.);
#1041 = ORIENTED_EDGE ('', *, *, #1040, .T.);
#1042 = EDGE_LOOP ('', (#990, #998, #1005, #1013, #1020, #1028, #1035, #1041));
#1043 = FACE_BOUND ('', #1042, .T.);
#1044 = CARTESIAN_POINT ('', (-26.9820192229824, 73.7078857708409, 3.5));
#1045 = VERTEX_POINT ('', #1044);
#1046 = CARTESIAN_POINT ('', (-14.0932360251229, 72.0110452719802, 3.5));
#1047 = VERTEX_POINT ('', #1046);
#1048 = CARTESIAN_POINT ('', (-26.9820192229824, 73.7078857708409, 3.5));
#1049 = CARTESIAN_POINT ('', (-14.0932360251229, 72.0110452719802, 3.5));
#1050 = B_SPLINE_CURVE_WITH_KNOTS ('', 1, (#1048, #1049), .UNSPECIFIED., .F., .U., (2, 2), (1., 14.), .UNSPECIFIED.);
#1051 = EDGE_CURVE ('', #1045, #1047, #1050, .T.);
#1052 = ORIENTED_EDGE ('', *, *, #1051, .T.);
#1053 = CARTESIAN_POINT ('', (-13.532250498326, 72.4415046065571, 3.5));
#1054 = VERTEX_POINT ('', #1053);
#1055 = CARTESIAN_POINT ('', (-14.0932360251229, 72.0110452719803, 3.5));
#1056 = CARTESIAN_POINT ('', (-13.5975135944362, 71.9457821758704, 3.5));
#1057 = CARTESIAN_POINT ('', (-13.5322504983257, 72.441504606557, 3.5));
#1058 = (
   BOUNDED_CURVE ()
   B_SPLINE_CURVE (2, (#1055, #1056, #1057), .UNSPECIFIED., .F., .U.)
   B_SPLINE_CURVE_WITH_KNOTS ((3, 3), (14., 15.), .UNSPECIFIED.)
   CURVE ()
   GEOMETRIC_REPRESENTATION_ITEM ()
   RATIONAL_B_SPLINE_CURVE ((1., 0.707106781186924, 1.))
   REPRESENTATION_ITEM ('')
);
#1059 = EDGE_CURVE ('', #1047, #1054, #1058, .T.);
#1060 = ORIENTED_EDGE ('', *, *, #1059, .T.);
#1061 = CARTESIAN_POINT ('', (-11.8354099994653, 85.3302878044166, 3.5));
#1062 = VERTEX_POINT ('', #1061);
#1063 = CARTESIAN_POINT ('', (-13.532250498326, 72.4415046065571, 3.5));
#1064 = CARTESIAN_POINT ('', (-11.8354099994653, 85.3302878044166, 3.5));
#1065 = B_SPLINE_CURVE_WITH_KNOTS ('', 1, (#1063, #1064), .UNSPECIFIED., .F., .U., (2, 2), (15., 28.), .UNSPECIFIED.);
#1066 = EDGE_CURVE ('', #1054, #1062, #1065, .T.);
#1067 = ORIENTED_EDGE ('', *, *, #1066, .T.);
#1068 = CARTESIAN_POINT ('', (-12.2658693340422, 85.8912733312135, 3.5));
#1069 = VERTEX_POINT ('', #1068);
#1070 = CARTESIAN_POINT ('', (-11.8354099994653, 85.3302878044166, 3.5));
#1071 = CARTESIAN_POINT ('', (-11.7701469033553, 85.8260102351035, 3.5));
#1072 = CARTESIAN_POINT ('', (-12.2658693340422, 85.8912733312135, 3.5));
#1073 = (
   BOUNDED_CURVE ()
   B_SPLINE_CURVE (2, (#1070, #1071, #1072), .UNSPECIFIED., .F., .U.)
   B_SPLINE_CURVE_WITH_KNOTS ((3, 3), (28., 29.), .UNSPECIFIED.)
   CURVE ()
   GEOMETRIC_REPRESENTATION_ITEM ()
   RATIONAL_B_SPLINE_CURVE ((1., 0.707106781186502, 1.))
   REPRESENTATION_ITEM ('')
);
#1074 = EDGE_CURVE ('', #1062, #1069, #1073, .T.);
#1075 = ORIENTED_EDGE ('', *, *, #1074, .T.);
#1076 = CARTESIAN_POINT ('', (-25.1546525319017, 87.5881138300742, 3.5));
#1077 = VERTEX_POINT ('', #1076);
#1078 = CARTESIAN_POINT ('', (-12.2658693340422, 85.8912733312135, 3.5));
#1079 = CARTESIAN_POINT ('', (-25.1546525319017, 87.5881138300742, 3.5));
#1080 = B_SPLINE_CURVE_WITH_KNOTS ('', 1, (#1078, #1079), .UNSPECIFIED., .F., .U., (2, 2), (29., 42.), .UNSPECIFIED.);
#1081 = EDGE_CURVE ('', #1069, #1077, #1080, .T.);
#1082 = ORIENTED_EDGE ('', *, *, #1081, .T.);
#1083 = CARTESIAN_POINT ('', (-25.7156380586987, 87.1576544954973, 3.5));
#1084 = VERTEX_POINT ('', #1083);
#1085 = CARTESIAN_POINT ('', (-25.1546525319017, 87.5881138300743, 3.5));
#1086 = CARTESIAN_POINT ('', (-25.6503749625887, 87.6533769261844, 3.5));
#1087 = CARTESIAN_POINT ('', (-25.7156380586984, 87.1576544954973, 3.5));
#1088 = (
   BOUNDED_CURVE ()
   B_SPLINE_CURVE (2, (#1085, #1086, #1087), .UNSPECIFIED., .F., .U.)
   B_SPLINE_CURVE_WITH_KNOTS ((3, 3), (42., 43.), .UNSPECIFIED.)
   CURVE ()
   GEOMETRIC_REPRESENTATION_ITEM ()
   RATIONAL_B_SPLINE_CURVE ((1., 0.707106781186314, 1.))
   REPRESENTATION_ITEM ('')
);
#1089 = EDGE_CURVE ('', #1077, #1084, #1088, .T.);
#1090 = ORIENTED_EDGE ('', *, *, #1089, .T.);
#1091 = CARTESIAN_POINT ('', (-27.4124785575593, 74.2688712976378, 3.5));
#1092 = VERTEX_POINT ('', #1091);
#1093 = CARTESIAN_POINT ('', (-25.7156380586987, 87.1576544954973, 3.5));
#1094 = CARTESIAN_POINT ('', (-27.4124785575593, 74.2688712976378, 3.5));
#1095 = B_SPLINE_CURVE_WITH_KNOTS ('', 1, (#1093, #1094), .UNSPECIFIED., .F., .U., (2, 2), (43., 56.), .UNSPECIFIED.);
#1096 = EDGE_CURVE ('', #1084, #1092, #1095, .T.);
#1097 = ORIENTED_EDGE ('', *, *, #1096, .T.);
#1098 = CARTESIAN_POINT ('', (-27.4124785575593, 74.2688712976378, 3.5));
#1099 = CARTESIAN_POINT ('', (-27.4777416536694, 73.7731488669509, 3.5));
#1100 = CARTESIAN_POINT ('', (-26.9820192229824, 73.7078857708409, 3.5));
#1101 = (
   BOUNDED_CURVE ()
   B_SPLINE_CURVE (2, (#1098, #1099, #1100), .UNSPECIFIED., .F., .U.)
   B_SPLINE_CURVE_WITH_KNOTS ((3, 3), (0., 1.), .UNSPECIFIED.)
   CURVE ()
   GEOMETRIC_REPRESENTATION_ITEM ()
   RATIONAL_B_SPLINE_CURVE ((1., 0.707106781186463, 1.))
   REPRESENTATION_ITEM ('')
);
#1102 = EDGE_CURVE ('', #1092, #1045, #1101, .T.);
#1103 = ORIENTED_EDGE ('', *, *, #1102, .T.);
#1104 = EDGE_LOOP ('', (#1052, #1060, #1067, #1075, #1082, #1090, #1097, #1103));
#1105 = FACE_BOUND ('', #1104, .T.);
#1106 = CARTESIAN_POINT ('', (-36.4169778798516, 55.7002249048635, 3.5));
#1107 = VERTEX_POINT ('', #1106);
#1108 = CARTESIAN_POINT ('', (-23.528194681992, 54.0033844060028, 3.5));
#1109 = VERTEX_POINT ('', #1108);
#1110 = CARTESIAN_POINT ('', (-36.4169778798516, 55.7002249048635, 3.5));
#1111 = CARTESIAN_POINT ('', (-23.528194681992, 54.0033844060028, 3.5));
#1112 = B_SPLINE_CURVE_WITH_KNOTS ('', 1, (#1110, #1111), .UNSPECIFIED., .F., .U., (2, 2), (1., 14.), .UNSPECIFIED.);
#1113 = EDGE_CURVE ('', #1107, #1109, #1112, .T.);
#1114 = ORIENTED_EDGE ('', *, *, #1113, .T.);
#1115 = CARTESIAN_POINT ('', (-22.9672091551951, 54.4338437405797, 3.5));
#1116 = VERTEX_POINT ('', #1115);
#1117 = CARTESIAN_POINT ('', (-23.528194681992, 54.0033844060028, 3.5));
#1118 = CARTESIAN_POINT ('', (-23.032472251305, 53.9381213098927, 3.5));
#1119 = CARTESIAN_POINT ('', (-22.9672091551952, 54.4338437405797, 3.5));
#1120 = (
   BOUNDED_CURVE ()
   B_SPLINE_CURVE (2, (#1117, #1118, #1119), .UNSPECIFIED., .F., .U.)
   B_SPLINE_CURVE_WITH_KNOTS ((3, 3), (14., 15.), .UNSPECIFIED.)
   CURVE ()
   GEOMETRIC_REPRESENTATION_ITEM ()
   RATIONAL_B_SPLINE_CURVE ((1., 0.707106781186361, 1.))
   REPRESENTATION_ITEM ('')
);
#1121 = EDGE_CURVE ('', #1109, #1116, #1120, .T.);
#1122 = ORIENTED_EDGE ('', *, *, #1121, .T.);
#1123 = CARTESIAN_POINT ('', (-21.2703686563344, 67.3226269384392, 3.5));
#1124 = VERTEX_POINT ('', #1123);
#1125 = CARTESIAN_POINT ('', (-22.9672091551951, 54.4338437405797, 3.5));
#1126 = CARTESIAN_POINT ('', (-21.2703686563344, 67.3226269384392, 3.5));
#1127 = B_SPLINE_CURVE_WITH_KNOTS ('', 1, (#1125, #1126), .UNSPECIFIED., .F., .U., (2, 2), (15., 28.), .UNSPECIFIED.);
#1128 = EDGE_CURVE ('', #1116, #1124, #1127, .T.);
#1129 = ORIENTED_EDGE ('', *, *, #1128, .T.);
#1130 = CARTESIAN_POINT ('', (-21.7008279909113, 67.8836124652361, 3.5));
#1131 = VERTEX_POINT ('', #1130);
#1132 = CARTESIAN_POINT ('', (-21.2703686563344, 67.3226269384392, 3.5));
#1133 = CARTESIAN_POINT ('', (-21.2051055602244, 67.818349369126, 3.5));
#1134 = CARTESIAN_POINT ('', (-21.7008279909113, 67.8836124652362, 3.5));
#1135 = (
   BOUNDED_CURVE ()
   B_SPLINE_CURVE (2, (#1132, #1133, #1134), .UNSPECIFIED., .F., .U.)
   B_SPLINE_CURVE_WITH_KNOTS ((3, 3), (28., 29.), .UNSPECIFIED.)
   CURVE ()
   GEOMETRIC_REPRESENTATION_ITEM ()
   RATIONAL_B_SPLINE_CURVE ((1., 0.707106781186677, 1.))
   REPRESENTATION_ITEM ('')
);
#1136 = EDGE_CURVE ('', #1124, #1131, #1135, .T.);
#1137 = ORIENTED_EDGE ('', *, *, #1136, .T.);
#1138 = CARTESIAN_POINT ('', (-34.5896111887708, 69.5804529640968, 3.5));
#1139 = VERTEX_POINT ('', #1138);
#1140 = CARTESIAN_POINT ('', (-21.7008279909113, 67.8836124652361, 3.5));
#1141 = CARTESIAN_POINT ('', (-34.5896111887708, 69.5804529640968, 3.5));
#1142 = B_SPLINE_CURVE_WITH_KNOTS ('', 1, (#1140, #1141), .UNSPECIFIED., .F., .U., (2, 2), (29., 42.), .UNSPECIFIED.);
#1143 = EDGE_CURVE ('', #1131, #1139, #1142, .T.);
#1144 = ORIENTED_EDGE ('', *, *, #1143, .T.);
#1145 = CARTESIAN_POINT ('', (-35.1505967155678, 69.14999362952, 3.5));
#1146 = VERTEX_POINT ('', #1145);
#1147 = CARTESIAN_POINT ('', (-34.5896111887708, 69.5804529640968, 3.5));
#1148 = CARTESIAN_POINT ('', (-35.0853336194576, 69.6457160602068, 3.5));
#1149 = CARTESIAN_POINT ('', (-35.1505967155678, 69.14999362952, 3.5));
#1150 = (
   BOUNDED_CURVE ()
   B_SPLINE_CURVE (2, (#1147, #1148, #1149), .UNSPECIFIED., .F., .U.)
   B_SPLINE_CURVE_WITH_KNOTS ((3, 3), (42., 43.), .UNSPECIFIED.)
   CURVE ()
   GEOMETRIC_REPRESENTATION_ITEM ()
   RATIONAL_B_SPLINE_CURVE ((1., 0.707106781186711, 1.))
   REPRESENTATION_ITEM ('')
);
#1151 = EDGE_CURVE ('', #1139, #1146, #1150, .T.);
#1152 = ORIENTED_EDGE ('', *, *, #1151, .T.);
#1153 = CARTESIAN_POINT ('', (-36.8474372144284, 56.2612104316604, 3.5));
#1154 = VERTEX_POINT ('', #1153);
#1155 = CARTESIAN_POINT ('', (-35.1505967155678, 69.14999362952, 3.5));
#1156 = CARTESIAN_POINT ('', (-36.8474372144284, 56.2612104316604, 3.5));
#1157 = B_SPLINE_CURVE_WITH_KNOTS ('', 1, (#1155, #1156), .UNSPECIFIED., .F., .U., (2, 2), (43., 56.), .UNSPECIFIED.);
#1158 = EDGE_CURVE ('', #1146, #1154, #1157, .T.);
#1159 = ORIENTED_EDGE ('', *, *, #1158, .T.);
#1160 = CARTESIAN_POINT ('', (-36.8474372144285, 56.2612104316604, 3.5));
#1161 = CARTESIAN_POINT ('', (-36.9127003105386, 55.7654880009734, 3.5));
#1162 = CARTESIAN_POINT ('', (-36.4169778798515, 55.7002249048636, 3.5));
#1163 = (
   BOUNDED_CURVE ()
   B_SPLINE_CURVE (2, (#1160, #1161, #1162), .UNSPECIFIED., .F., .U.)
   B_SPLINE_CURVE_WITH_KNOTS ((3, 3), (0., 1.), .UNSPECIFIED.)
   CURVE ()
   GEOMETRIC_REPRESENTATION_ITEM ()
   RATIONAL_B_SPLINE_CURVE ((1., 0.707106781186354, 1.))
   REPRESENTATION_ITEM ('')
);
#1164 = EDGE_CURVE ('', #1154, #1107, #1163, .T.);
#1165 = ORIENTED_EDGE ('', *, *, #1164, .T.);
#1166 = EDGE_LOOP ('', (#1114, #1122, #1129, #1137, #1144, #1152, #1159, #1165));
#1167 = FACE_BOUND ('', #1166, .T.);
#1168 = CARTESIAN_POINT ('', (-12.5658639918226, 36.048784378836, 3.5));
#1169 = VERTEX_POINT ('', #1168);
#1170 = CARTESIAN_POINT ('', (-12.5658639918226, 36.7558911600226, 3.5));
#1171 = VERTEX_POINT ('', #1170);
#1172 = CARTESIAN_POINT ('', (-12.5658639918226, 36.0487843788361, 3.5));
#1173 = CARTESIAN_POINT ('', (-12.2123106012293, 36.4023377694293, 3.5));
#1174 = CARTESIAN_POINT ('', (-12.5658639918226, 36.7558911600226, 3.5));
#1175 = (
   BOUNDED_CURVE ()
   B_SPLINE_CURVE (2, (#1172, #1173, #1174), .UNSPECIFIED., .F., .U.)
   B_SPLINE_CURVE_WITH_KNOTS ((3, 3), (95.7500000000011, 96.7500000000011), .UNSPECIFIED.)
   CURVE ()
   GEOMETRIC_REPRESENTATION_ITEM ()
   RATIONAL_B_SPLINE_CURVE ((1., 0.707106781186562, 1.))
   REPRESENTATION_ITEM ('')
);
#1176 = EDGE_CURVE ('', #1169, #1171, #1175, .T.);
#1177 = ORIENTED_EDGE ('', *, *, #1176, .T.);
#1178 = CARTESIAN_POINT ('', (-12.9194173824166, 37.1094445506154, 3.5));
#1179 = VERTEX_POINT ('', #1178);
#1180 = CARTESIAN_POINT ('', (-12.5658639918226, 36.7558911600226, 3.5));
#1181 = CARTESIAN_POINT ('', (-12.9194173824166, 37.1094445506154, 3.5));
#1182 = B_SPLINE_CURVE_WITH_KNOTS ('', 1, (#1180, #1181), .UNSPECIFIED., .F., .U., (2, 2), (96.7500000000011, 97.2500000000015), .UNSPECIFIED.);
#1183 = EDGE_CURVE ('', #1171, #1179, #1182, .T.);
#1184 = ORIENTED_EDGE ('', *, *, #1183, .T.);
#1185 = CARTESIAN_POINT ('', (-12.3890872965261, 37.6397746365056, 3.5));
#1186 = VERTEX_POINT ('', #1185);
#1187 = CARTESIAN_POINT ('', (-12.9194173824166, 37.1094445506154, 3.5));
#1188 = CARTESIAN_POINT ('', (-12.3890872965261, 37.6397746365056, 3.5));
#1189 = B_SPLINE_CURVE_WITH_KNOTS ('', 1, (#1187, #1188), .UNSPECIFIED., .F., .U., (2, 2), (97.2500000000015, 98.000000000003), .UNSPECIFIED.);
#1190 = EDGE_CURVE ('', #1179, #1186, #1189, .T.);
#1191 = ORIENTED_EDGE ('', *, *, #1190, .T.);
#1192 = CARTESIAN_POINT ('', (-12.3890872965261, 38.3468814176921, 3.5));
#1193 = VERTEX_POINT ('', #1192);
#1194 = CARTESIAN_POINT ('', (-12.3890872965261, 37.6397746365056, 3.5));
#1195 = CARTESIAN_POINT ('', (-12.0355339059329, 37.9933280270988, 3.5));
#1196 = CARTESIAN_POINT ('', (-12.389087296526, 38.3468814176922, 3.5));
#1197 = (
   BOUNDED_CURVE ()
   B_SPLINE_CURVE (2, (#1194, #1195, #1196), .UNSPECIFIED., .F., .U.)
   B_SPLINE_CURVE_WITH_KNOTS ((3, 3), (0., 1.), .UNSPECIFIED.)
   CURVE ()
   GEOMETRIC_REPRESENTATION_ITEM ()
   RATIONAL_B_SPLINE_CURVE ((1., 0.707106781186686, 1.))
   REPRESENTATION_ITEM ('')
);
#1198 = EDGE_CURVE ('', #1186, #1193, #1197, .T.);
#1199 = ORIENTED_EDGE ('', *, *, #1198, .T.);
#1200 = CARTESIAN_POINT ('', (-21.5814754519514, 47.5392695731173, 3.5));
#1201 = VERTEX_POINT ('', #1200);
#1202 = CARTESIAN_POINT ('', (-12.3890872965261, 38.3468814176921, 3.5));
#1203 = CARTESIAN_POINT ('', (-21.5814754519514, 47.5392695731173, 3.5));
#1204 = B_SPLINE_CURVE_WITH_KNOTS ('', 1, (#1202, #1203), .UNSPECIFIED., .F., .U., (2, 2), (1., 14.0000000000002), .UNSPECIFIED.);
#1205 = EDGE_CURVE ('', #1193, #1201, #1204, .T.);
#1206 = ORIENTED_EDGE ('', *, *, #1205, .T.);
#1207 = CARTESIAN_POINT ('', (-22.2885822331379, 47.5392695731173, 3.5));
#1208 = VERTEX_POINT ('', #1207);
#1209 = CARTESIAN_POINT ('', (-21.5814754519514, 47.5392695731173, 3.5));
#1210 = CARTESIAN_POINT ('', (-21.9350288425446, 47.8928229637105, 3.5));
#1211 = CARTESIAN_POINT ('', (-22.2885822331379, 47.5392695731173, 3.5));
#1212 = (
   BOUNDED_CURVE ()
   B_SPLINE_CURVE (2, (#1209, #1210, #1211), .UNSPECIFIED., .F., .U.)
   B_SPLINE_CURVE_WITH_KNOTS ((3, 3), (14.0000000000002, 15.0000000000002), .UNSPECIFIED.)
   CURVE ()
   GEOMETRIC_REPRESENTATION_ITEM ()
   RATIONAL_B_SPLINE_CURVE ((1., 0.707106781186619, 1.))
   REPRESENTATION_ITEM ('')
);
#1213 = EDGE_CURVE ('', #1201, #1208, #1212, .T.);
#1214 = ORIENTED_EDGE ('', *, *, #1213, .T.);
#1215 = CARTESIAN_POINT ('', (-44.9159992311073, 24.9118525751476, 3.5));
#1216 = VERTEX_POINT ('', #1215);
#1217 = CARTESIAN_POINT ('', (-22.2885822331379, 47.5392695731173, 3.5));
#1218 = CARTESIAN_POINT ('', (-44.9159992311073, 24.9118525751476, 3.5));
#1219 = B_SPLINE_CURVE_WITH_KNOTS ('', 1, (#1217, #1218), .UNSPECIFIED., .F., .U., (2, 2), (15.0000000000002, 47.0000000000002), .UNSPECIFIED.);
#1220 = EDGE_CURVE ('', #1208, #1216, #1219, .T.);
#1221 = ORIENTED_EDGE ('', *, *, #1220, .T.);
#1222 = CARTESIAN_POINT ('', (-44.9159992311073, 24.2047457939611, 3.5));
#1223 = VERTEX_POINT ('', #1222);
#1224 = CARTESIAN_POINT ('', (-44.9159992311074, 24.9118525751477, 3.5));
#1225 = CARTESIAN_POINT ('', (-45.2695526217007, 24.5582991845544, 3.5));
#1226 = CARTESIAN_POINT ('', (-44.9159992311073, 24.2047457939611, 3.5));
#1227 = (
   BOUNDED_CURVE ()
   B_SPLINE_CURVE (2, (#1224, #1225, #1226), .UNSPECIFIED., .F., .U.)
   B_SPLINE_CURVE_WITH_KNOTS ((3, 3), (47.0000000000002, 48.0000000000002), .UNSPECIFIED.)
   CURVE ()
   GEOMETRIC_REPRESENTATION_ITEM ()
   RATIONAL_B_SPLINE_CURVE ((1., 0.707106781186432, 1.))
   REPRESENTATION_ITEM ('')
);
#1228 = EDGE_CURVE ('', #1216, #1223, #1227, .T.);
#1229 = ORIENTED_EDGE ('', *, *, #1228, .T.);
#1230 = CARTESIAN_POINT ('', (-35.7236110756823, 15.0123576385361, 3.5));
#1231 = VERTEX_POINT ('', #1230);
#1232 = CARTESIAN_POINT ('', (-44.9159992311073, 24.2047457939611, 3.5));
#1233 = CARTESIAN_POINT ('', (-35.7236110756823, 15.0123576385361, 3.5));
#1234 = B_SPLINE_CURVE_WITH_KNOTS ('', 1, (#1232, #1233), .UNSPECIFIED., .F., .U., (2, 2), (48.0000000000002, 61.), .UNSPECIFIED.);
#1235 = EDGE_CURVE ('', #1223, #1231, #1234, .T.);
#1236 = ORIENTED_EDGE ('', *, *, #1235, .T.);
#1237 = CARTESIAN_POINT ('', (-35.0165042944957, 15.0123576385361, 3.5));
#1238 = VERTEX_POINT ('', #1237);
#1239 = CARTESIAN_POINT ('', (-35.7236110756823, 15.0123576385361, 3.5));
#1240 = CARTESIAN_POINT ('', (-35.370057685089, 14.6588042479428, 3.5));
#1241 = CARTESIAN_POINT ('', (-35.0165042944957, 15.0123576385361, 3.5));
#1242 = (
   BOUNDED_CURVE ()
   B_SPLINE_CURVE (2, (#1239, #1240, #1241), .UNSPECIFIED., .F., .U.)
   B_SPLINE_CURVE_WITH_KNOTS ((3, 3), (61., 62.), .UNSPECIFIED.)
   CURVE ()
   GEOMETRIC_REPRESENTATION_ITEM ()
   RATIONAL_B_SPLINE_CURVE ((1., 0.707106781186569, 1.))
   REPRESENTATION_ITEM ('')
);
#1243 = EDGE_CURVE ('', #1231, #1238, #1242, .T.);
#1244 = ORIENTED_EDGE ('', *, *, #1243, .T.);
#1245 = CARTESIAN_POINT ('', (-34.4861742086057, 15.542687724426, 3.5));
#1246 = VERTEX_POINT ('', #1245);
#1247 = CARTESIAN_POINT ('', (-35.0165042944957, 15.0123576385361, 3.5));
#1248 = CARTESIAN_POINT ('', (-34.4861742086057, 15.542687724426, 3.5));
#1249 = B_SPLINE_CURVE_WITH_KNOTS ('', 1, (#1247, #1248), .UNSPECIFIED., .F., .U., (2, 2), (62., 62.7500000000002), .UNSPECIFIED.);
#1250 = EDGE_CURVE ('', #1238, #1246, #1249, .T.);
#1251 = ORIENTED_EDGE ('', *, *, #1250, .T.);
#1252 = CARTESIAN_POINT ('', (-34.1326208180123, 15.1891343338325, 3.5));
#1253 = VERTEX_POINT ('', #1252);
#1254 = CARTESIAN_POINT ('', (-34.4861742086057, 15.542687724426, 3.5));
#1255 = CARTESIAN_POINT ('', (-34.1326208180123, 15.1891343338325, 3.5));
#1256 = B_SPLINE_CURVE_WITH_KNOTS ('', 1, (#1254, #1255), .UNSPECIFIED., .F., .U., (2, 2), (62.7500000000002, 63.2500000000005), .UNSPECIFIED.);
#1257 = EDGE_CURVE ('', #1246, #1253, #1256, .T.);
#1258 = ORIENTED_EDGE ('', *, *, #1257, .T.);
#1259 = CARTESIAN_POINT ('', (-33.4255140368258, 15.1891343338324, 3.5));
#1260 = VERTEX_POINT ('', #1259);
#1261 = CARTESIAN_POINT ('', (-34.1326208180123, 15.1891343338325, 3.5));
#1262 = CARTESIAN_POINT ('', (-33.7790674274191, 14.8355809432392, 3.5));
#1263 = CARTESIAN_POINT ('', (-33.4255140368258, 15.1891343338324, 3.5));
#1264 = (
   BOUNDED_CURVE ()
   B_SPLINE_CURVE (2, (#1261, #1262, #1263), .UNSPECIFIED., .F., .U.)
   B_SPLINE_CURVE_WITH_KNOTS ((3, 3), (63.2500000000005, 64.2500000000005), .UNSPECIFIED.)
   CURVE ()
   GEOMETRIC_REPRESENTATION_ITEM ()
   RATIONAL_B_SPLINE_CURVE ((1., 0.707106781186551, 1.))
   REPRESENTATION_ITEM ('')
);
#1265 = EDGE_CURVE ('', #1253, #1260, #1264, .T.);
#1266 = ORIENTED_EDGE ('', *, *, #1265, .T.);
#1267 = CARTESIAN_POINT ('', (-29.359650045003, 19.254998325655, 3.5));
#1268 = VERTEX_POINT ('', #1267);
#1269 = CARTESIAN_POINT ('', (-33.4255140368258, 15.1891343338324, 3.5));
#1270 = CARTESIAN_POINT ('', (-29.359650045003, 19.254998325655, 3.5));
#1271 = B_SPLINE_CURVE_WITH_KNOTS ('', 1, (#1269, #1270), .UNSPECIFIED., .F., .U., (2, 2), (64.2500000000005, 70.0000000000005), .UNSPECIFIED.);
#1272 = EDGE_CURVE ('', #1260, #1268, #1271, .T.);
#1273 = ORIENTED_EDGE ('', *, *, #1272, .T.);
#1274 = CARTESIAN_POINT ('', (-29.359650045003, 19.9621051068416, 3.5));
#1275 = VERTEX_POINT ('', #1274);
#1276 = CARTESIAN_POINT ('', (-29.359650045003, 19.2549983256551, 3.5));
#1277 = CARTESIAN_POINT ('', (-29.0060966544098, 19.6085517162483, 3.5));
#1278 = CARTESIAN_POINT ('', (-29.359650045003, 19.9621051068416, 3.5));
#1279 = (
   BOUNDED_CURVE ()
   B_SPLINE_CURVE (2, (#1276, #1277, #1278), .UNSPECIFIED., .F., .U.)
   B_SPLINE_CURVE_WITH_KNOTS ((3, 3), (70.0000000000005, 71.0000000000005), .UNSPECIFIED.)
   CURVE ()
   GEOMETRIC_REPRESENTATION_ITEM ()
   RATIONAL_B_SPLINE_CURVE ((1., 0.707106781186569, 1.))
   REPRESENTATION_ITEM ('')
);
#1280 = EDGE_CURVE ('', #1268, #1275, #1279, .T.);
#1281 = ORIENTED_EDGE ('', *, *, #1280, .T.);
#1282 = CARTESIAN_POINT ('', (-29.7132034355964, 20.3156584974352, 3.5));
#1283 = VERTEX_POINT ('', #1282);
#1284 = CARTESIAN_POINT ('', (-29.359650045003, 19.9621051068416, 3.5));
#1285 = CARTESIAN_POINT ('', (-29.7132034355964, 20.3156584974352, 3.5));
#1286 = B_SPLINE_CURVE_WITH_KNOTS ('', 1, (#1284, #1285), .UNSPECIFIED., .F., .U., (2, 2), (71.0000000000005, 71.5000000000009), .UNSPECIFIED.);
#1287 = EDGE_CURVE ('', #1275, #1283, #1286, .T.);
#1288 = ORIENTED_EDGE ('', *, *, #1287, .T.);
#1289 = CARTESIAN_POINT ('', (-17.6923881554251, 32.3364737776066, 3.5));
#1290 = VERTEX_POINT ('', #1289);
#1291 = CARTESIAN_POINT ('', (-29.7132034355964, 20.3156584974352, 3.5));
#1292 = CARTESIAN_POINT ('', (-17.6923881554251, 32.3364737776066, 3.5));
#1293 = B_SPLINE_CURVE_WITH_KNOTS ('', 1, (#1291, #1292), .UNSPECIFIED., .F., .U., (2, 2), (71.5000000000009, 88.5000000000009), .UNSPECIFIED.);
#1294 = EDGE_CURVE ('', #1283, #1290, #1293, .T.);
#1295 = ORIENTED_EDGE ('', *, *, #1294, .T.);
#1296 = CARTESIAN_POINT ('', (-17.3388347648319, 31.9829203870133, 3.5));
#1297 = VERTEX_POINT ('', #1296);
#1298 = CARTESIAN_POINT ('', (-17.6923881554251, 32.3364737776066, 3.5));
#1299 = CARTESIAN_POINT ('', (-17.3388347648319, 31.9829203870133, 3.5));
#1300 = B_SPLINE_CURVE_WITH_KNOTS ('', 1, (#1298, #1299), .UNSPECIFIED., .F., .U., (2, 2), (88.5000000000009, 89.0000000000009), .UNSPECIFIED.);
#1301 = EDGE_CURVE ('', #1290, #1297, #1300, .T.);
#1302 = ORIENTED_EDGE ('', *, *, #1301, .T.);
#1303 = CARTESIAN_POINT ('', (-16.6317279836454, 31.9829203870133, 3.5));
#1304 = VERTEX_POINT ('', #1303);
#1305 = CARTESIAN_POINT ('', (-17.3388347648319, 31.9829203870133, 3.5));
#1306 = CARTESIAN_POINT ('', (-16.9852813742386, 31.62936699642, 3.5));
#1307 = CARTESIAN_POINT ('', (-16.6317279836454, 31.9829203870133, 3.5));
#1308 = (
   BOUNDED_CURVE ()
   B_SPLINE_CURVE (2, (#1305, #1306, #1307), .UNSPECIFIED., .F., .U.)
   B_SPLINE_CURVE_WITH_KNOTS ((3, 3), (89.0000000000009, 90.0000000000009), .UNSPECIFIED.)
   CURVE ()
   GEOMETRIC_REPRESENTATION_ITEM ()
   RATIONAL_B_SPLINE_CURVE ((1., 0.707106781186521, 1.))
   REPRESENTATION_ITEM ('')
);
#1309 = EDGE_CURVE ('', #1297, #1304, #1308, .T.);
#1310 = ORIENTED_EDGE ('', *, *, #1309, .T.);
#1311 = CARTESIAN_POINT ('', (-16.6317279836454, 31.9829203870133, 3.5));
#1312 = CARTESIAN_POINT ('', (-12.5658639918226, 36.048784378836, 3.5));
#1313 = B_SPLINE_CURVE_WITH_KNOTS ('', 1, (#1311, #1312), .UNSPECIFIED., .F., .U., (2, 2), (90.0000000000009, 95.7500000000011), .UNSPECIFIED.);
#1314 = EDGE_CURVE ('', #1304, #1169, #1313, .T.);
#1315 = ORIENTED_EDGE ('', *, *, #1314, .T.);
#1316 = EDGE_LOOP ('', (#1177, #1184, #1191, #1199, #1206, #1214, #1221, #1229, #1236, #1244, #1251, #1258, #1266, #1273, #1281, #1288, #1295, #1302, #1310, #1315));
#1317 = FACE_BOUND ('', #1316, .T.);
#1318 = CARTESIAN_POINT ('', (-48.2826500370944, 30.4631857298958, 3.5));
#1319 = VERTEX_POINT ('', #1318);
#1320 = CARTESIAN_POINT ('', (-41.7826500370944, 41.7215159790935, 3.5));
#1321 = VERTEX_POINT ('', #1320);
#1322 = CARTESIAN_POINT ('', (-48.2826500370944, 30.4631857298958, 3.5));
#1323 = CARTESIAN_POINT ('', (-41.7826500370944, 41.7215159790935, 3.5));
#1324 = B_SPLINE_CURVE_WITH_KNOTS ('', 1, (#1322, #1323), .UNSPECIFIED., .F., .U., (2, 2), (1., 14.), .UNSPECIFIED.);
#1325 = EDGE_CURVE ('', #1319, #1321, #1324, .T.);
#1326 = ORIENTED_EDGE ('', *, *, #1325, .T.);
#1327 = CARTESIAN_POINT ('', (-41.9656627389867, 42.4045286809858, 3.5));
#1328 = VERTEX_POINT ('', #1327);
#1329 = CARTESIAN_POINT ('', (-41.7826500370945, 41.7215159790936, 3.5));
#1330 = CARTESIAN_POINT ('', (-41.5326500370946, 42.1545286809857, 3.5));
#1331 = CARTESIAN_POINT ('', (-41.9656627389866, 42.4045286809858, 3.5));
#1332 = (
   BOUNDED_CURVE ()
   B_SPLINE_CURVE (2, (#1329, #1330, #1331), .UNSPECIFIED., .F., .U.)
   B_SPLINE_CURVE_WITH_KNOTS ((3, 3), (14., 15.), .UNSPECIFIED.)
   CURVE ()
   GEOMETRIC_REPRESENTATION_ITEM ()
   RATIONAL_B_SPLINE_CURVE ((1., 0.707106781186704, 1.))
   REPRESENTATION_ITEM ('')
);
#1333 = EDGE_CURVE ('', #1321, #1328, #1332, .T.);
#1334 = ORIENTED_EDGE ('', *, *, #1333, .T.);
#1335 = CARTESIAN_POINT ('', (-53.2239929881844, 48.9045286809857, 3.5));
#1336 = VERTEX_POINT ('', #1335);
#1337 = CARTESIAN_POINT ('', (-41.9656627389867, 42.4045286809858, 3.5));
#1338 = CARTESIAN_POINT ('', (-53.2239929881844, 48.9045286809857, 3.5));
#1339 = B_SPLINE_CURVE_WITH_KNOTS ('', 1, (#1337, #1338), .UNSPECIFIED., .F., .U., (2, 2), (15., 28.), .UNSPECIFIED.);
#1340 = EDGE_CURVE ('', #1328, #1336, #1339, .T.);
#1341 = ORIENTED_EDGE ('', *, *, #1340, .T.);
#1342 = CARTESIAN_POINT ('', (-53.9070056900766, 48.7215159790935, 3.5));
#1343 = VERTEX_POINT ('', #1342);
#1344 = CARTESIAN_POINT ('', (-53.2239929881843, 48.9045286809858, 3.5));
#1345 = CARTESIAN_POINT ('', (-53.6570056900767, 49.1545286809859, 3.5));
#1346 = CARTESIAN_POINT ('', (-53.9070056900764, 48.7215159790934, 3.5));
#1347 = (
   BOUNDED_CURVE ()
   B_SPLINE_CURVE (2, (#1344, #1345, #1346), .UNSPECIFIED., .F., .U.)
   B_SPLINE_CURVE_WITH_KNOTS ((3, 3), (28., 29.), .UNSPECIFIED.)
   CURVE ()
   GEOMETRIC_REPRESENTATION_ITEM ()
   RATIONAL_B_SPLINE_CURVE ((1., 0.707106781186267, 1.))
   REPRESENTATION_ITEM ('')
);
#1348 = EDGE_CURVE ('', #1336, #1343, #1347, .T.);
#1349 = ORIENTED_EDGE ('', *, *, #1348, .T.);
#1350 = CARTESIAN_POINT ('', (-60.4070056900766, 37.4631857298957, 3.5));
#1351 = VERTEX_POINT ('', #1350);
#1352 = CARTESIAN_POINT ('', (-53.9070056900766, 48.7215159790935, 3.5));
#1353 = CARTESIAN_POINT ('', (-60.4070056900766, 37.4631857298957, 3.5));
#1354 = B_SPLINE_CURVE_WITH_KNOTS ('', 1, (#1352, #1353), .UNSPECIFIED., .F., .U., (2, 2), (29., 42.), .UNSPECIFIED.);
#1355 = EDGE_CURVE ('', #1343, #1351, #1354, .T.);
#1356 = ORIENTED_EDGE ('', *, *, #1355, .T.);
#1357 = CARTESIAN_POINT ('', (-60.2239929881843, 36.7801730280035, 3.5));
#1358 = VERTEX_POINT ('', #1357);
#1359 = CARTESIAN_POINT ('', (-60.4070056900766, 37.4631857298957, 3.5));
#1360 = CARTESIAN_POINT ('', (-60.6570056900766, 37.0301730280035, 3.5));
#1361 = CARTESIAN_POINT ('', (-60.2239929881843, 36.7801730280035, 3.5));
#1362 = (
   BOUNDED_CURVE ()
   B_SPLINE_CURVE (2, (#1359, #1360, #1361), .UNSPECIFIED., .F., .U.)
   B_SPLINE_CURVE_WITH_KNOTS ((3, 3), (42., 43.), .UNSPECIFIED.)
   CURVE ()
   GEOMETRIC_REPRESENTATION_ITEM ()
   RATIONAL_B_SPLINE_CURVE ((1., 0.707106781186525, 1.))
   REPRESENTATION_ITEM ('')
);
#1363 = EDGE_CURVE ('', #1351, #1358, #1362, .T.);
#1364 = ORIENTED_EDGE ('', *, *, #1363, .T.);
#1365 = CARTESIAN_POINT ('', (-48.9656627389866, 30.2801730280036, 3.5));
#1366 = VERTEX_POINT ('', #1365);
#1367 = CARTESIAN_POINT ('', (-60.2239929881843, 36.7801730280035, 3.5));
#1368 = CARTESIAN_POINT ('', (-48.9656627389866, 30.2801730280036, 3.5));
#1369 = B_SPLINE_CURVE_WITH_KNOTS ('', 1, (#1367, #1368), .UNSPECIFIED., .F., .U., (2, 2), (43., 56.), .UNSPECIFIED.);
#1370 = EDGE_CURVE ('', #1358, #1366, #1369, .T.);
#1371 = ORIENTED_EDGE ('', *, *, #1370, .T.);
#1372 = CARTESIAN_POINT ('', (-48.9656627389866, 30.2801730280036, 3.5));
#1373 = CARTESIAN_POINT ('', (-48.5326500370944, 30.0301730280036, 3.5));
#1374 = CARTESIAN_POINT ('', (-48.2826500370944, 30.4631857298958, 3.5));
#1375 = (
   BOUNDED_CURVE ()
   B_SPLINE_CURVE (2, (#1372, #1373, #1374), .UNSPECIFIED., .F., .U.)
   B_SPLINE_CURVE_WITH_KNOTS ((3, 3), (0., 1.), .UNSPECIFIED.)
   CURVE ()
   GEOMETRIC_REPRESENTATION_ITEM ()
   RATIONAL_B_SPLINE_CURVE ((1., 0.707106781186584, 1.))
   REPRESENTATION_ITEM ('')
);
#1376 = EDGE_CURVE ('', #1366, #1319, #1375, .T.);
#1377 = ORIENTED_EDGE ('', *, *, #1376, .T.);
#1378 = EDGE_LOOP ('', (#1326, #1334, #1341, #1349, #1356, #1364, #1371, #1377));
#1379 = FACE_BOUND ('', #1378, .T.);
#1380 = CARTESIAN_POINT ('', (-80.0673348074065, 40.6142184719175, 3.5));
#1381 = VERTEX_POINT ('', #1380);
#1382 = CARTESIAN_POINT ('', (-67.5102990656486, 37.2495708855847, 3.5));
#1383 = VERTEX_POINT ('', #1382);
#1384 = CARTESIAN_POINT ('', (-80.0673348074065, 40.6142184719175, 3.5));
#1385 = CARTESIAN_POINT ('', (-67.5102990656486, 37.2495708855847, 3.5));
#1386 = B_SPLINE_CURVE_WITH_KNOTS ('', 1, (#1384, #1385), .UNSPECIFIED., .F., .U., (2, 2), (1., 14.), .UNSPECIFIED.);
#1387 = EDGE_CURVE ('', #1381, #1383, #1386, .T.);
#1388 = ORIENTED_EDGE ('', *, *, #1387, .T.);
#1389 = CARTESIAN_POINT ('', (-66.8979266299528, 37.603124276178, 3.5));
#1390 = VERTEX_POINT ('', #1389);
#1391 = CARTESIAN_POINT ('', (-67.5102990656486, 37.2495708855848, 3.5));
#1392 = CARTESIAN_POINT ('', (-67.0273361525041, 37.1201613630335, 3.5));
#1393 = CARTESIAN_POINT ('', (-66.8979266299527, 37.603124276178, 3.5));
#1394 = (
   BOUNDED_CURVE ()
   B_SPLINE_CURVE (2, (#1391, #1392, #1393), .UNSPECIFIED., .F., .U.)
   B_SPLINE_CURVE_WITH_KNOTS ((3, 3), (14., 15.), .UNSPECIFIED.)
   CURVE ()
   GEOMETRIC_REPRESENTATION_ITEM ()
   RATIONAL_B_SPLINE_CURVE ((1., 0.707106781186646, 1.))
   REPRESENTATION_ITEM ('')
);
#1395 = EDGE_CURVE ('', #1383, #1390, #1394, .T.);
#1396 = ORIENTED_EDGE ('', *, *, #1395, .T.);
#1397 = CARTESIAN_POINT ('', (-63.5332790436201, 50.1601600179359, 3.5));
#1398 = VERTEX_POINT ('', #1397);
#1399 = CARTESIAN_POINT ('', (-66.8979266299528, 37.603124276178, 3.5));
#1400 = CARTESIAN_POINT ('', (-63.5332790436201, 50.1601600179359, 3.5));
#1401 = B_SPLINE_CURVE_WITH_KNOTS ('', 1, (#1399, #1400), .UNSPECIFIED., .F., .U., (2, 2), (15., 28.), .UNSPECIFIED.);
#1402 = EDGE_CURVE ('', #1390, #1398, #1401, .T.);
#1403 = ORIENTED_EDGE ('', *, *, #1402, .T.);
#1404 = CARTESIAN_POINT ('', (-63.8868324342134, 50.7725324536317, 3.5));
#1405 = VERTEX_POINT ('', #1404);
#1406 = CARTESIAN_POINT ('', (-63.5332790436201, 50.1601600179359, 3.5));
#1407 = CARTESIAN_POINT ('', (-63.4038695210689, 50.6431229310804, 3.5));
#1408 = CARTESIAN_POINT ('', (-63.8868324342133, 50.7725324536317, 3.5));
#1409 = (
   BOUNDED_CURVE ()
   B_SPLINE_CURVE (2, (#1406, #1407, #1408), .UNSPECIFIED., .F., .U.)
   B_SPLINE_CURVE_WITH_KNOTS ((3, 3), (28., 29.), .UNSPECIFIED.)
   CURVE ()
   GEOMETRIC_REPRESENTATION_ITEM ()
   RATIONAL_B_SPLINE_CURVE ((1., 0.70710678118663, 1.))
   REPRESENTATION_ITEM ('')
);
#1410 = EDGE_CURVE ('', #1398, #1405, #1409, .T.);
#1411 = ORIENTED_EDGE ('', *, *, #1410, .T.);
#1412 = CARTESIAN_POINT ('', (-76.4438681759712, 54.1371800399644, 3.5));
#1413 = VERTEX_POINT ('', #1412);
#1414 = CARTESIAN_POINT ('', (-63.8868324342134, 50.7725324536317, 3.5));
#1415 = CARTESIAN_POINT ('', (-76.4438681759712, 54.1371800399644, 3.5));
#1416 = B_SPLINE_CURVE_WITH_KNOTS ('', 1, (#1414, #1415), .UNSPECIFIED., .F., .U., (2, 2), (29., 42.), .UNSPECIFIED.);
#1417 = EDGE_CURVE ('', #1405, #1413, #1416, .T.);
#1418 = ORIENTED_EDGE ('', *, *, #1417, .T.);
#1419 = CARTESIAN_POINT ('', (-77.056240611667, 53.7836266493711, 3.5));
#1420 = VERTEX_POINT ('', #1419);
#1421 = CARTESIAN_POINT ('', (-76.4438681759712, 54.1371800399644, 3.5));
#1422 = CARTESIAN_POINT ('', (-76.9268310891158, 54.2665895625157, 3.5));
#1423 = CARTESIAN_POINT ('', (-77.056240611667, 53.7836266493711, 3.5));
#1424 = (
   BOUNDED_CURVE ()
   B_SPLINE_CURVE (2, (#1421, #1422, #1423), .UNSPECIFIED., .F., .U.)
   B_SPLINE_CURVE_WITH_KNOTS ((3, 3), (42., 43.), .UNSPECIFIED.)
   CURVE ()
   GEOMETRIC_REPRESENTATION_ITEM ()
   RATIONAL_B_SPLINE_CURVE ((1., 0.707106781186518, 1.))
   REPRESENTATION_ITEM ('')
);
#1425 = EDGE_CURVE ('', #1413, #1420, #1424, .T.);
#1426 = ORIENTED_EDGE ('', *, *, #1425, .T.);
#1427 = CARTESIAN_POINT ('', (-80.4208881979997, 41.2265909076133, 3.5));
#1428 = VERTEX_POINT ('', #1427);
#1429 = CARTESIAN_POINT ('', (-77.056240611667, 53.7836266493711, 3.5));
#1430 = CARTESIAN_POINT ('', (-80.4208881979997, 41.2265909076133, 3.5));
#1431 = B_SPLINE_CURVE_WITH_KNOTS ('', 1, (#1429, #1430), .UNSPECIFIED., .F., .U., (2, 2), (43., 56.), .UNSPECIFIED.);
#1432 = EDGE_CURVE ('', #1420, #1428, #1431, .T.);
#1433 = ORIENTED_EDGE ('', *, *, #1432, .T.);
#1434 = CARTESIAN_POINT ('', (-80.4208881979997, 41.2265909076133, 3.5));
#1435 = CARTESIAN_POINT ('', (-80.550297720551, 40.7436279944687, 3.5));
#1436 = CARTESIAN_POINT ('', (-80.0673348074065, 40.6142184719175, 3.5));
#1437 = (
   BOUNDED_CURVE ()
   B_SPLINE_CURVE (2, (#1434, #1435, #1436), .UNSPECIFIED., .F., .U.)
   B_SPLINE_CURVE_WITH_KNOTS ((3, 3), (0., 1.), .UNSPECIFIED.)
   CURVE ()
   GEOMETRIC_REPRESENTATION_ITEM ()
   RATIONAL_B_SPLINE_CURVE ((1., 0.707106781186479, 1.))
   REPRESENTATION_ITEM ('')
);
#1438 = EDGE_CURVE ('', #1428, #1381, #1437, .T.);
#1439 = ORIENTED_EDGE ('', *, *, #1438, .T.);
#1440 = EDGE_LOOP ('', (#1388, #1396, #1403, #1411, #1418, #1426, #1433, #1439));
#1441 = FACE_BOUND ('', #1440, .T.);
#1442 = CARTESIAN_POINT ('', (-103., 55.5, 3.5));
#1443 = VERTEX_POINT ('', #1442);
#1444 = CARTESIAN_POINT ('', (-116., 55.5, 3.5));
#1445 = VERTEX_POINT ('', #1444);
#1446 = CARTESIAN_POINT ('', (-103., 55.5, 3.5));
#1447 = CARTESIAN_POINT ('', (-116., 55.5, 3.5));
#1448 = B_SPLINE_CURVE_WITH_KNOTS ('', 1, (#1446, #1447), .UNSPECIFIED., .F., .U., (2, 2), (1., 14.), .UNSPECIFIED.);
#1449 = EDGE_CURVE ('', #1443, #1445, #1448, .T.);
#1450 = ORIENTED_EDGE ('', *, *, #1449, .T.);
#1451 = CARTESIAN_POINT ('', (-116.5, 55., 3.5));
#1452 = VERTEX_POINT ('', #1451);
#1453 = CARTESIAN_POINT ('', (-116., 55.5000000000001, 3.5));
#1454 = CARTESIAN_POINT ('', (-116.5, 55.5000000000002, 3.5));
#1455 = CARTESIAN_POINT ('', (-116.5, 55., 3.5));
#1456 = (
   BOUNDED_CURVE ()
   B_SPLINE_CURVE (2, (#1453, #1454, #1455), .UNSPECIFIED., .F., .U.)
   B_SPLINE_CURVE_WITH_KNOTS ((3, 3), (14., 15.), .UNSPECIFIED.)
   CURVE ()
   GEOMETRIC_REPRESENTATION_ITEM ()
   RATIONAL_B_SPLINE_CURVE ((1., 0.707106781186281, 1.))
   REPRESENTATION_ITEM ('')
);
#1457 = EDGE_CURVE ('', #1445, #1452, #1456, .T.);
#1458 = ORIENTED_EDGE ('', *, *, #1457, .T.);
#1459 = CARTESIAN_POINT ('', (-116.5, 42., 3.5));
#1460 = VERTEX_POINT ('', #1459);
#1461 = CARTESIAN_POINT ('', (-116.5, 55., 3.5));
#1462 = CARTESIAN_POINT ('', (-116.5, 42., 3.5));
#1463 = B_SPLINE_CURVE_WITH_KNOTS ('', 1, (#1461, #1462), .UNSPECIFIED., .F., .U., (2, 2), (15., 28.), .UNSPECIFIED.);
#1464 = EDGE_CURVE ('', #1452, #1460, #1463, .T.);
#1465 = ORIENTED_EDGE ('', *, *, #1464, .T.);
#1466 = CARTESIAN_POINT ('', (-116., 41.5, 3.5));
#1467 = VERTEX_POINT ('', #1466);
#1468 = CARTESIAN_POINT ('', (-116.5, 42., 3.5));
#1469 = CARTESIAN_POINT ('', (-116.5, 41.4999999999999, 3.5));
#1470 = CARTESIAN_POINT ('', (-116., 41.5000000000001, 3.5));
#1471 = (
   BOUNDED_CURVE ()
   B_SPLINE_CURVE (2, (#1468, #1469, #1470), .UNSPECIFIED., .F., .U.)
   B_SPLINE_CURVE_WITH_KNOTS ((3, 3), (28., 29.), .UNSPECIFIED.)
   CURVE ()
   GEOMETRIC_REPRESENTATION_ITEM ()
   RATIONAL_B_SPLINE_CURVE ((1., 0.707106781186387, 1.))
   REPRESENTATION_ITEM ('')
);
#1472 = EDGE_CURVE ('', #1460, #1467, #1471, .T.);
#1473 = ORIENTED_EDGE ('', *, *, #1472, .T.);
#1474 = CARTESIAN_POINT ('', (-103., 41.5, 3.5));
#1475 = VERTEX_POINT ('', #1474);
#1476 = CARTESIAN_POINT ('', (-116., 41.5, 3.5));
#1477 = CARTESIAN_POINT ('', (-103., 41.5, 3.5));
#1478 = B_SPLINE_CURVE_WITH_KNOTS ('', 1, (#1476, #1477), .UNSPECIFIED., .F., .U., (2, 2), (29., 42.), .UNSPECIFIED.);
#1479 = EDGE_CURVE ('', #1467, #1475, #1478, .T.);
#1480 = ORIENTED_EDGE ('', *, *, #1479, .T.);
#1481 = CARTESIAN_POINT ('', (-102.5, 42., 3.5));
#1482 = VERTEX_POINT ('', #1481);
#1483 = CARTESIAN_POINT ('', (-103., 41.5, 3.5));
#1484 = CARTESIAN_POINT ('', (-102.5, 41.5, 3.5));
#1485 = CARTESIAN_POINT ('', (-102.5, 42., 3.5));
#1486 = (
   BOUNDED_CURVE ()
   B_SPLINE_CURVE (2, (#1483, #1484, #1485), .UNSPECIFIED., .F., .U.)
   B_SPLINE_CURVE_WITH_KNOTS ((3, 3), (42., 43.), .UNSPECIFIED.)
   CURVE ()
   GEOMETRIC_REPRESENTATION_ITEM ()
   RATIONAL_B_SPLINE_CURVE ((1., 0.707106781186537, 1.))
   REPRESENTATION_ITEM ('')
);
#1487 = EDGE_CURVE ('', #1475, #1482, #1486, .T.);
#1488 = ORIENTED_EDGE ('', *, *, #1487, .T.);
#1489 = CARTESIAN_POINT ('', (-102.5, 55., 3.5));
#1490 = VERTEX_POINT ('', #1489);
#1491 = CARTESIAN_POINT ('', (-102.5, 42., 3.5));
#1492 = CARTESIAN_POINT ('', (-102.5, 55., 3.5));
#1493 = B_SPLINE_CURVE_WITH_KNOTS ('', 1, (#1491, #1492), .UNSPECIFIED., .F., .U., (2, 2), (43., 56.), .UNSPECIFIED.);
#1494 = EDGE_CURVE ('', #1482, #1490, #1493, .T.);
#1495 = ORIENTED_EDGE ('', *, *, #1494, .T.);
#1496 = CARTESIAN_POINT ('', (-102.5, 55., 3.5));
#1497 = CARTESIAN_POINT ('', (-102.5, 55.5, 3.5));
#1498 = CARTESIAN_POINT ('', (-103., 55.5000000000001, 3.5));
#1499 = (
   BOUNDED_CURVE ()
   B_SPLINE_CURVE (2, (#1496, #1497, #1498), .UNSPECIFIED., .F., .U.)
   B_SPLINE_CURVE_WITH_KNOTS ((3, 3), (0., 1.), .UNSPECIFIED.)
   CURVE ()
   GEOMETRIC_REPRESENTATION_ITEM ()
   RATIONAL_B_SPLINE_CURVE ((1., 0.707106781186618, 1.))
   REPRESENTATION_ITEM ('')
);
#1500 = EDGE_CURVE ('', #1490, #1443, #1499, .T.);
#1501 = ORIENTED_EDGE ('', *, *, #1500, .T.);
#1502 = EDGE_LOOP ('', (#1450, #1458, #1465, #1473, #1480, #1488, #1495, #1501));
#1503 = FACE_BOUND ('', #1502, .T.);
#1504 = CARTESIAN_POINT ('', (-131.5, 55.5, 3.5));
#1505 = VERTEX_POINT ('', #1504);
#1506 = CARTESIAN_POINT ('', (-144.5, 55.5, 3.5));
#1507 = VERTEX_POINT ('', #1506);
#1508 = CARTESIAN_POINT ('', (-131.5, 55.5, 3.5));
#1509 = CARTESIAN_POINT ('', (-144.5, 55.5, 3.5));
#1510 = B_SPLINE_CURVE_WITH_KNOTS ('', 1, (#1508, #1509), .UNSPECIFIED., .F., .U., (2, 2), (1., 14.), .UNSPECIFIED.);
#1511 = EDGE_CURVE ('', #1505, #1507, #1510, .T.);
#1512 = ORIENTED_EDGE ('', *, *, #1511, .T.);
#1513 = CARTESIAN_POINT ('', (-145., 55., 3.5));
#1514 = VERTEX_POINT ('', #1513);
#1515 = CARTESIAN_POINT ('', (-144.5, 55.5000000000001, 3.5));
#1516 = CARTESIAN_POINT ('', (-145., 55.5000000000001, 3.5));
#1517 = CARTESIAN_POINT ('', (-145., 55., 3.5));
#1518 = (
   BOUNDED_CURVE ()
   B_SPLINE_CURVE (2, (#1515, #1516, #1517), .UNSPECIFIED., .F., .U.)
   B_SPLINE_CURVE_WITH_KNOTS ((3, 3), (14., 15.), .UNSPECIFIED.)
   CURVE ()
   GEOMETRIC_REPRESENTATION_ITEM ()
   RATIONAL_B_SPLINE_CURVE ((1., 0.707106781186417, 1.))
   REPRESENTATION_ITEM ('')
);
#1519 = EDGE_CURVE ('', #1507, #1514, #1518, .T.);
#1520 = ORIENTED_EDGE ('', *, *, #1519, .T.);
#1521 = CARTESIAN_POINT ('', (-145., 42., 3.5));
#1522 = VERTEX_POINT ('', #1521);
#1523 = CARTESIAN_POINT ('', (-145., 55., 3.5));
#1524 = CARTESIAN_POINT ('', (-145., 42., 3.5));
#1525 = B_SPLINE_CURVE_WITH_KNOTS ('', 1, (#1523, #1524), .UNSPECIFIED., .F., .U., (2, 2), (15., 28.), .UNSPECIFIED.);
#1526 = EDGE_CURVE ('', #1514, #1522, #1525, .T.);
#1527 = ORIENTED_EDGE ('', *, *, #1526, .T.);
#1528 = CARTESIAN_POINT ('', (-144.5, 41.5, 3.5));
#1529 = VERTEX_POINT ('', #1528);
#1530 = CARTESIAN_POINT ('', (-145., 42., 3.5));
#1531 = CARTESIAN_POINT ('', (-145., 41.5000000000001, 3.5));
#1532 = CARTESIAN_POINT ('', (-144.5, 41.4999999999999, 3.5));
#1533 = (
   BOUNDED_CURVE ()
   B_SPLINE_CURVE (2, (#1530, #1531, #1532), .UNSPECIFIED., .F., .U.)
   B_SPLINE_CURVE_WITH_KNOTS ((3, 3), (28., 29.), .UNSPECIFIED.)
   CURVE ()
   GEOMETRIC_REPRESENTATION_ITEM ()
   RATIONAL_B_SPLINE_CURVE ((1., 0.707106781186774, 1.))
   REPRESENTATION_ITEM ('')
);
#1534 = EDGE_CURVE ('', #1522, #1529, #1533, .T.);
#1535 = ORIENTED_EDGE ('', *, *, #1534, .T.);
#1536 = CARTESIAN_POINT ('', (-131.5, 41.5, 3.5));
#1537 = VERTEX_POINT ('', #1536);
#1538 = CARTESIAN_POINT ('', (-144.5, 41.5, 3.5));
#1539 = CARTESIAN_POINT ('', (-131.5, 41.5, 3.5));
#1540 = B_SPLINE_CURVE_WITH_KNOTS ('', 1, (#1538, #1539), .UNSPECIFIED., .F., .U., (2, 2), (29., 42.), .UNSPECIFIED.);
#1541 = EDGE_CURVE ('', #1529, #1537, #1540, .T.);
#1542 = ORIENTED_EDGE ('', *, *, #1541, .T.);
#1543 = CARTESIAN_POINT ('', (-131., 42., 3.5));
#1544 = VERTEX_POINT ('', #1543);
#1545 = CARTESIAN_POINT ('', (-131.5, 41.5, 3.5));
#1546 = CARTESIAN_POINT ('', (-131., 41.4999999999999, 3.5));
#1547 = CARTESIAN_POINT ('', (-131., 42., 3.5));
#1548 = (
   BOUNDED_CURVE ()
   B_SPLINE_CURVE (2, (#1545, #1546, #1547), .UNSPECIFIED., .F., .U.)
   B_SPLINE_CURVE_WITH_KNOTS ((3, 3), (42., 43.), .UNSPECIFIED.)
   CURVE ()
   GEOMETRIC_REPRESENTATION_ITEM ()
   RATIONAL_B_SPLINE_CURVE ((1., 0.707106781186437, 1.))
   REPRESENTATION_ITEM ('')
);
#1549 = EDGE_CURVE ('', #1537, #1544, #1548, .T.);
#1550 = ORIENTED_EDGE ('', *, *, #1549, .T.);
#1551 = CARTESIAN_POINT ('', (-131., 55., 3.5));
#1552 = VERTEX_POINT ('', #1551);
#1553 = CARTESIAN_POINT ('', (-131., 42., 3.5));
#1554 = CARTESIAN_POINT ('', (-131., 55., 3.5));
#1555 = B_SPLINE_CURVE_WITH_KNOTS ('', 1, (#1553, #1554), .UNSPECIFIED., .F., .U., (2, 2), (43., 56.), .UNSPECIFIED.);
#1556 = EDGE_CURVE ('', #1544, #1552, #1555, .T.);
#1557 = ORIENTED_EDGE ('', *, *, #1556, .T.);
#1558 = CARTESIAN_POINT ('', (-131., 55., 3.5));
#1559 = CARTESIAN_POINT ('', (-131., 55.5000000000001, 3.5));
#1560 = CARTESIAN_POINT ('', (-131.5, 55.5, 3.5));
#1561 = (
   BOUNDED_CURVE ()
   B_SPLINE_CURVE (2, (#1558, #1559, #1560), .UNSPECIFIED., .F., .U.)
   B_SPLINE_CURVE_WITH_KNOTS ((3, 3), (0., 1.), .UNSPECIFIED.)
   CURVE ()
   GEOMETRIC_REPRESENTATION_ITEM ()
   RATIONAL_B_SPLINE_CURVE ((1., 0.707106781186437, 1.))
   REPRESENTATION_ITEM ('')
);
#1562 = EDGE_CURVE ('', #1552, #1505, #1561, .T.);
#1563 = ORIENTED_EDGE ('', *, *, #1562, .T.);
#1564 = EDGE_LOOP ('', (#1512, #1520, #1527, #1535, #1542, #1550, #1557, #1563));
#1565 = FACE_BOUND ('', #1564, .T.);
#1566 = CARTESIAN_POINT ('', (-168.25, 41.5, 3.5));
#1567 = VERTEX_POINT ('', #1566);
#1568 = CARTESIAN_POINT ('', (-155.25, 41.5, 3.5));
#1569 = VERTEX_POINT ('', #1568);
#1570 = CARTESIAN_POINT ('', (-168.25, 41.5, 3.5));
#1571 = CARTESIAN_POINT ('', (-155.25, 41.5, 3.5));
#1572 = B_SPLINE_CURVE_WITH_KNOTS ('', 1, (#1570, #1571), .UNSPECIFIED., .F., .U., (2, 2), (1., 14.), .UNSPECIFIED.);
#1573 = EDGE_CURVE ('', #1567, #1569, #1572, .T.);
#1574 = ORIENTED_EDGE ('', *, *, #1573, .T.);
#1575 = CARTESIAN_POINT ('', (-154.75, 42., 3.5));
#1576 = VERTEX_POINT ('', #1575);
#1577 = CARTESIAN_POINT ('', (-155.25, 41.5, 3.5));
#1578 = CARTESIAN_POINT ('', (-154.75, 41.4999999999999, 3.5));
#1579 = CARTESIAN_POINT ('', (-154.75, 42., 3.5));
#1580 = (
   BOUNDED_CURVE ()
   B_SPLINE_CURVE (2, (#1577, #1578, #1579), .UNSPECIFIED., .F., .U.)
   B_SPLINE_CURVE_WITH_KNOTS ((3, 3), (14., 15.), .UNSPECIFIED.)
   CURVE ()
   GEOMETRIC_REPRESENTATION_ITEM ()
   RATIONAL_B_SPLINE_CURVE ((1., 0.707106781186462, 1.))
   REPRESENTATION_ITEM ('')
);
#1581 = EDGE_CURVE ('', #1569, #1576, #1580, .T.);
#1582 = ORIENTED_EDGE ('', *, *, #1581, .T.);
#1583 = CARTESIAN_POINT ('', (-154.75, 55., 3.5));
#1584 = VERTEX_POINT ('', #1583);
#1585 = CARTESIAN_POINT ('', (-154.75, 42., 3.5));
#1586 = CARTESIAN_POINT ('', (-154.75, 55., 3.5));
#1587 = B_SPLINE_CURVE_WITH_KNOTS ('', 1, (#1585, #1586), .UNSPECIFIED., .F., .U., (2, 2), (15., 28.), .UNSPECIFIED.);
#1588 = EDGE_CURVE ('', #1576, #1584, #1587, .T.);
#1589 = ORIENTED_EDGE ('', *, *, #1588, .T.);
#1590 = CARTESIAN_POINT ('', (-155.25, 55.5, 3.5));
#1591 = VERTEX_POINT ('', #1590);
#1592 = CARTESIAN_POINT ('', (-154.75, 55., 3.5));
#1593 = CARTESIAN_POINT ('', (-154.75, 55.5000000000002, 3.5));
#1594 = CARTESIAN_POINT ('', (-155.25, 55.4999999999997, 3.5));
#1595 = (
   BOUNDED_CURVE ()
   B_SPLINE_CURVE (2, (#1592, #1593, #1594), .UNSPECIFIED., .F., .U.)
   B_SPLINE_CURVE_WITH_KNOTS ((3, 3), (28., 29.), .UNSPECIFIED.)
   CURVE ()
   GEOMETRIC_REPRESENTATION_ITEM ()
   RATIONAL_B_SPLINE_CURVE ((1., 0.707106781186095, 1.))
   REPRESENTATION_ITEM ('')
);
#1596 = EDGE_CURVE ('', #1584, #1591, #1595, .T.);
#1597 = ORIENTED_EDGE ('', *, *, #1596, .T.);
#1598 = CARTESIAN_POINT ('', (-168.25, 55.5, 3.5));
#1599 = VERTEX_POINT ('', #1598);
#1600 = CARTESIAN_POINT ('', (-155.25, 55.5, 3.5));
#1601 = CARTESIAN_POINT ('', (-168.25, 55.5, 3.5));
#1602 = B_SPLINE_CURVE_WITH_KNOTS ('', 1, (#1600, #1601), .UNSPECIFIED., .F., .U., (2, 2), (29., 42.), .UNSPECIFIED.);
#1603 = EDGE_CURVE ('', #1591, #1599, #1602, .T.);
#1604 = ORIENTED_EDGE ('', *, *, #1603, .T.);
#1605 = CARTESIAN_POINT ('', (-168.75, 55., 3.5));
#1606 = VERTEX_POINT ('', #1605);
#1607 = CARTESIAN_POINT ('', (-168.25, 55.5000000000001, 3.5));
#1608 = CARTESIAN_POINT ('', (-168.75, 55.5000000000001, 3.5));
#1609 = CARTESIAN_POINT ('', (-168.75, 55., 3.5));
#1610 = (
   BOUNDED_CURVE ()
   B_SPLINE_CURVE (2, (#1607, #1608, #1609), .UNSPECIFIED., .F., .U.)
   B_SPLINE_CURVE_WITH_KNOTS ((3, 3), (42., 43.), .UNSPECIFIED.)
   CURVE ()
   GEOMETRIC_REPRESENTATION_ITEM ()
   RATIONAL_B_SPLINE_CURVE ((1., 0.707106781186392, 1.))
   REPRESENTATION_ITEM ('')
);
#1611 = EDGE_CURVE ('', #1599, #1606, #1610, .T.);
#1612 = ORIENTED_EDGE ('', *, *, #1611, .T.);
#1613 = CARTESIAN_POINT ('', (-168.75, 42., 3.5));
#1614 = VERTEX_POINT ('', #1613);
#1615 = CARTESIAN_POINT ('', (-168.75, 55., 3.5));
#1616 = CARTESIAN_POINT ('', (-168.75, 42., 3.5));
#1617 = B_SPLINE_CURVE_WITH_KNOTS ('', 1, (#1615, #1616), .UNSPECIFIED., .F., .U., (2, 2), (43., 56.), .UNSPECIFIED.);
#1618 = EDGE_CURVE ('', #1606, #1614, #1617, .T.);
#1619 = ORIENTED_EDGE ('', *, *, #1618, .T.);
#1620 = CARTESIAN_POINT ('', (-168.75, 42., 3.5));
#1621 = CARTESIAN_POINT ('', (-168.75, 41.5000000000002, 3.5));
#1622 = CARTESIAN_POINT ('', (-168.25, 41.4999999999998, 3.5));
#1623 = (
   BOUNDED_CURVE ()
   B_SPLINE_CURVE (2, (#1620, #1621, #1622), .UNSPECIFIED., .F., .U.)
   B_SPLINE_CURVE_WITH_KNOTS ((3, 3), (0., 1.), .UNSPECIFIED.)
   CURVE ()
   GEOMETRIC_REPRESENTATION_ITEM ()
   RATIONAL_B_SPLINE_CURVE ((1., 0.707106781186864, 1.))
   REPRESENTATION_ITEM ('')
);
#1624 = EDGE_CURVE ('', #1614, #1567, #1623, .T.);
#1625 = ORIENTED_EDGE ('', *, *, #1624, .T.);
#1626 = EDGE_LOOP ('', (#1574, #1582, #1589, #1597, #1604, #1612, #1619, #1625));
#1627 = FACE_BOUND ('', #1626, .T.);
#1628 = CARTESIAN_POINT ('', (-55.2544302459539, 58.1802225570445, 3.5));
#1629 = VERTEX_POINT ('', #1628);
#1630 = CARTESIAN_POINT ('', (-42.3656470480944, 56.4833820581838, 3.5));
#1631 = VERTEX_POINT ('', #1630);
#1632 = CARTESIAN_POINT ('', (-55.2544302459539, 58.1802225570445, 3.5));
#1633 = CARTESIAN_POINT ('', (-42.3656470480944, 56.4833820581838, 3.5));
#1634 = B_SPLINE_CURVE_WITH_KNOTS ('', 1, (#1632, #1633), .UNSPECIFIED., .F., .U., (2, 2), (1., 14.), .UNSPECIFIED.);
#1635 = EDGE_CURVE ('', #1629, #1631, #1634, .T.);
#1636 = ORIENTED_EDGE ('', *, *, #1635, .T.);
#1637 = CARTESIAN_POINT ('', (-41.8046615212975, 56.9138413927607, 3.5));
#1638 = VERTEX_POINT ('', #1637);
#1639 = CARTESIAN_POINT ('', (-42.3656470480944, 56.4833820581837, 3.5));
#1640 = CARTESIAN_POINT ('', (-41.8699246174073, 56.4181189620736, 3.5));
#1641 = CARTESIAN_POINT ('', (-41.8046615212976, 56.9138413927607, 3.5));
#1642 = (
   BOUNDED_CURVE ()
   B_SPLINE_CURVE (2, (#1639, #1640, #1641), .UNSPECIFIED., .F., .U.)
   B_SPLINE_CURVE_WITH_KNOTS ((3, 3), (14., 15.), .UNSPECIFIED.)
   CURVE ()
   GEOMETRIC_REPRESENTATION_ITEM ()
   RATIONAL_B_SPLINE_CURVE ((1., 0.707106781186255, 1.))
   REPRESENTATION_ITEM ('')
);
#1643 = EDGE_CURVE ('', #1631, #1638, #1642, .T.);
#1644 = ORIENTED_EDGE ('', *, *, #1643, .T.);
#1645 = CARTESIAN_POINT ('', (-40.1078210224368, 69.8026245906202, 3.5));
#1646 = VERTEX_POINT ('', #1645);
#1647 = CARTESIAN_POINT ('', (-41.8046615212975, 56.9138413927607, 3.5));
#1648 = CARTESIAN_POINT ('', (-40.1078210224368, 69.8026245906202, 3.5));
#1649 = B_SPLINE_CURVE_WITH_KNOTS ('', 1, (#1647, #1648), .UNSPECIFIED., .F., .U., (2, 2), (15., 28.), .UNSPECIFIED.);
#1650 = EDGE_CURVE ('', #1638, #1646, #1649, .T.);
#1651 = ORIENTED_EDGE ('', *, *, #1650, .T.);
#1652 = CARTESIAN_POINT ('', (-40.5382803570137, 70.3636101174172, 3.5));
#1653 = VERTEX_POINT ('', #1652);
#1654 = CARTESIAN_POINT ('', (-40.1078210224369, 69.8026245906202, 3.5));
#1655 = CARTESIAN_POINT ('', (-40.0425579263269, 70.298347021307, 3.5));
#1656 = CARTESIAN_POINT ('', (-40.5382803570136, 70.3636101174173, 3.5));
#1657 = (
   BOUNDED_CURVE ()
   B_SPLINE_CURVE (2, (#1654, #1655, #1656), .UNSPECIFIED., .F., .U.)
   B_SPLINE_CURVE_WITH_KNOTS ((3, 3), (28., 29.), .UNSPECIFIED.)
   CURVE ()
   GEOMETRIC_REPRESENTATION_ITEM ()
   RATIONAL_B_SPLINE_CURVE ((1., 0.707106781186801, 1.))
   REPRESENTATION_ITEM ('')
);
#1658 = EDGE_CURVE ('', #1646, #1653, #1657, .T.);
#1659 = ORIENTED_EDGE ('', *, *, #1658, .T.);
#1660 = CARTESIAN_POINT ('', (-53.4270635548732, 72.0604506162778, 3.5));
#1661 = VERTEX_POINT ('', #1660);
#1662 = CARTESIAN_POINT ('', (-40.5382803570137, 70.3636101174172, 3.5));
#1663 = CARTESIAN_POINT ('', (-53.4270635548732, 72.0604506162778, 3.5));
#1664 = B_SPLINE_CURVE_WITH_KNOTS ('', 1, (#1662, #1663), .UNSPECIFIED., .F., .U., (2, 2), (29., 42.), .UNSPECIFIED.);
#1665 = EDGE_CURVE ('', #1653, #1661, #1664, .T.);
#1666 = ORIENTED_EDGE ('', *, *, #1665, .T.);
#1667 = CARTESIAN_POINT ('', (-53.9880490816701, 71.629991281701, 3.5));
#1668 = VERTEX_POINT ('', #1667);
#1669 = CARTESIAN_POINT ('', (-53.4270635548732, 72.0604506162778, 3.5));
#1670 = CARTESIAN_POINT ('', (-53.92278598556, 72.1257137123878, 3.5));
#1671 = CARTESIAN_POINT ('', (-53.9880490816702, 71.629991281701, 3.5));
#1672 = (
   BOUNDED_CURVE ()
   B_SPLINE_CURVE (2, (#1669, #1670, #1671), .UNSPECIFIED., .F., .U.)
   B_SPLINE_CURVE_WITH_KNOTS ((3, 3), (42., 43.), .UNSPECIFIED.)
   CURVE ()
   GEOMETRIC_REPRESENTATION_ITEM ()
   RATIONAL_B_SPLINE_CURVE ((1., 0.707106781186701, 1.))
   REPRESENTATION_ITEM ('')
);
#1673 = EDGE_CURVE ('', #1661, #1668, #1672, .T.);
#1674 = ORIENTED_EDGE ('', *, *, #1673, .T.);
#1675 = CARTESIAN_POINT ('', (-55.6848895805308, 58.7412080838414, 3.5));
#1676 = VERTEX_POINT ('', #1675);
#1677 = CARTESIAN_POINT ('', (-53.9880490816701, 71.629991281701, 3.5));
#1678 = CARTESIAN_POINT ('', (-55.6848895805308, 58.7412080838414, 3.5));
#1679 = B_SPLINE_CURVE_WITH_KNOTS ('', 1, (#1677, #1678), .UNSPECIFIED., .F., .U., (2, 2), (43., 56.), .UNSPECIFIED.);
#1680 = EDGE_CURVE ('', #1668, #1676, #1679, .T.);
#1681 = ORIENTED_EDGE ('', *, *, #1680, .T.);
#1682 = CARTESIAN_POINT ('', (-55.6848895805308, 58.7412080838415, 3.5));
#1683 = CARTESIAN_POINT ('', (-55.7501526766409, 58.2454856531545, 3.5));
#1684 = CARTESIAN_POINT ('', (-55.2544302459539, 58.1802225570446, 3.5));
#1685 = (
   BOUNDED_CURVE ()
   B_SPLINE_CURVE (2, (#1682, #1683, #1684), .UNSPECIFIED., .F., .U.)
   B_SPLINE_CURVE_WITH_KNOTS ((3, 3), (0., 1.), .UNSPECIFIED.)
   CURVE ()
   GEOMETRIC_REPRESENTATION_ITEM ()
   RATIONAL_B_SPLINE_CURVE ((1., 0.707106781186401, 1.))
   REPRESENTATION_ITEM ('')
);
#1686 = EDGE_CURVE ('', #1676, #1629, #1685, .T.);
#1687 = ORIENTED_EDGE ('', *, *, #1686, .T.);
#1688 = EDGE_LOOP ('', (#1636, #1644, #1651, #1659, #1666, #1674, #1681, #1687));
#1689 = FACE_BOUND ('', #1688, .T.);
#1690 = CARTESIAN_POINT ('', (-73.81497249436, 59.788839358835, 3.5));
#1691 = VERTEX_POINT ('', #1690);
#1692 = CARTESIAN_POINT ('', (-60.8550471558293, 58.768871114373, 3.5));
#1693 = VERTEX_POINT ('', #1692);
#1694 = CARTESIAN_POINT ('', (-73.81497249436, 59.788839358835, 3.5));
#1695 = CARTESIAN_POINT ('', (-60.8550471558293, 58.768871114373, 3.5));
#1696 = B_SPLINE_CURVE_WITH_KNOTS ('', 1, (#1694, #1695), .UNSPECIFIED., .F., .U., (2, 2), (1., 14.), .UNSPECIFIED.);
#1697 = EDGE_CURVE ('', #1691, #1693, #1696, .T.);
#1698 = ORIENTED_EDGE ('', *, *, #1697, .T.);
#1699 = CARTESIAN_POINT ('', (-60.3173589410988, 59.2281002333756, 3.5));
#1700 = VERTEX_POINT ('', #1699);
#1701 = CARTESIAN_POINT ('', (-60.8550471558293, 58.768871114373, 3.5));
#1702 = CARTESIAN_POINT ('', (-60.3565884889628, 58.7296415665091, 3.5));
#1703 = CARTESIAN_POINT ('', (-60.3173589410988, 59.2281002333756, 3.5));
#1704 = (
   BOUNDED_CURVE ()
   B_SPLINE_CURVE (2, (#1701, #1702, #1703), .UNSPECIFIED., .F., .U.)
   B_SPLINE_CURVE_WITH_KNOTS ((3, 3), (14., 15.), .UNSPECIFIED.)
   CURVE ()
   GEOMETRIC_REPRESENTATION_ITEM ()
   RATIONAL_B_SPLINE_CURVE ((1., 0.707106781186564, 1.))
   REPRESENTATION_ITEM ('')
);
#1705 = EDGE_CURVE ('', #1693, #1700, #1704, .T.);
#1706 = ORIENTED_EDGE ('', *, *, #1705, .T.);
#1707 = CARTESIAN_POINT ('', (-59.2973906966368, 72.1880255719063, 3.5));
#1708 = VERTEX_POINT ('', #1707);
#1709 = CARTESIAN_POINT ('', (-60.3173589410988, 59.2281002333756, 3.5));
#1710 = CARTESIAN_POINT ('', (-59.2973906966368, 72.1880255719063, 3.5));
#1711 = B_SPLINE_CURVE_WITH_KNOTS ('', 1, (#1709, #1710), .UNSPECIFIED., .F., .U., (2, 2), (15., 28.), .UNSPECIFIED.);
#1712 = EDGE_CURVE ('', #1700, #1708, #1711, .T.);
#1713 = ORIENTED_EDGE ('', *, *, #1712, .T.);
#1714 = CARTESIAN_POINT ('', (-59.7566198156395, 72.7257137866368, 3.5));
#1715 = VERTEX_POINT ('', #1714);
#1716 = CARTESIAN_POINT ('', (-59.2973906966368, 72.1880255719063, 3.5));
#1717 = CARTESIAN_POINT ('', (-59.2581611487729, 72.6864842387728, 3.5));
#1718 = CARTESIAN_POINT ('', (-59.7566198156395, 72.7257137866367, 3.5));
#1719 = (
   BOUNDED_CURVE ()
   B_SPLINE_CURVE (2, (#1716, #1717, #1718), .UNSPECIFIED., .F., .U.)
   B_SPLINE_CURVE_WITH_KNOTS ((3, 3), (28., 29.), .UNSPECIFIED.)
   CURVE ()
   GEOMETRIC_REPRESENTATION_ITEM ()
   RATIONAL_B_SPLINE_CURVE ((1., 0.707106781186541, 1.))
   REPRESENTATION_ITEM ('')
);
#1720 = EDGE_CURVE ('', #1708, #1715, #1719, .T.);
#1721 = ORIENTED_EDGE ('', *, *, #1720, .T.);
#1722 = CARTESIAN_POINT ('', (-72.7165451541701, 73.7456820310988, 3.5));
#1723 = VERTEX_POINT ('', #1722);
#1724 = CARTESIAN_POINT ('', (-59.7566198156395, 72.7257137866368, 3.5));
#1725 = CARTESIAN_POINT ('', (-72.7165451541701, 73.7456820310988, 3.5));
#1726 = B_SPLINE_CURVE_WITH_KNOTS ('', 1, (#1724, #1725), .UNSPECIFIED., .F., .U., (2, 2), (29., 42.), .UNSPECIFIED.);
#1727 = EDGE_CURVE ('', #1715, #1723, #1726, .T.);
#1728 = ORIENTED_EDGE ('', *, *, #1727, .T.);
#1729 = CARTESIAN_POINT ('', (-73.2542333689006, 73.2864529120961, 3.5));
#1730 = VERTEX_POINT ('', #1729);
#1731 = CARTESIAN_POINT ('', (-72.7165451541701, 73.7456820310987, 3.5));
#1732 = CARTESIAN_POINT ('', (-73.2150038210366, 73.7849115789626, 3.5));
#1733 = CARTESIAN_POINT ('', (-73.2542333689007, 73.2864529120962, 3.5));
#1734 = (
   BOUNDED_CURVE ()
   B_SPLINE_CURVE (2, (#1731, #1732, #1733), .UNSPECIFIED., .F., .U.)
   B_SPLINE_CURVE_WITH_KNOTS ((3, 3), (42., 43.), .UNSPECIFIED.)
   CURVE ()
   GEOMETRIC_REPRESENTATION_ITEM ()
   RATIONAL_B_SPLINE_CURVE ((1., 0.707106781186708, 1.))
   REPRESENTATION_ITEM ('')
);
#1735 = EDGE_CURVE ('', #1723, #1730, #1734, .T.);
#1736 = ORIENTED_EDGE ('', *, *, #1735, .T.);
#1737 = CARTESIAN_POINT ('', (-74.2742016133626, 60.3265275735655, 3.5));
#1738 = VERTEX_POINT ('', #1737);
#1739 = CARTESIAN_POINT ('', (-73.2542333689006, 73.2864529120961, 3.5));
#1740 = CARTESIAN_POINT ('', (-74.2742016133626, 60.3265275735655, 3.5));
#1741 = B_SPLINE_CURVE_WITH_KNOTS ('', 1, (#1739, #1740), .UNSPECIFIED., .F., .U., (2, 2), (43., 56.), .UNSPECIFIED.);
#1742 = EDGE_CURVE ('', #1730, #1738, #1741, .T.);
#1743 = ORIENTED_EDGE ('', *, *, #1742, .T.);
#1744 = CARTESIAN_POINT ('', (-74.2742016133627, 60.3265275735655, 3.5));
#1745 = CARTESIAN_POINT ('', (-74.3134311612268, 59.8280689066987, 3.5));
#1746 = CARTESIAN_POINT ('', (-73.8149724943599, 59.7888393588353, 3.5));
#1747 = (
   BOUNDED_CURVE ()
   B_SPLINE_CURVE (2, (#1744, #1745, #1746), .UNSPECIFIED., .F., .U.)
   B_SPLINE_CURVE_WITH_KNOTS ((3, 3), (0., 1.), .UNSPECIFIED.)
   CURVE ()
   GEOMETRIC_REPRESENTATION_ITEM ()
   RATIONAL_B_SPLINE_CURVE ((1., 0.707106781186101, 1.))
   REPRESENTATION_ITEM ('')
);
#1748 = EDGE_CURVE ('', #1738, #1691, #1747, .T.);
#1749 = ORIENTED_EDGE ('', *, *, #1748, .T.);
#1750 = EDGE_LOOP ('', (#1698, #1706, #1713, #1721, #1728, #1736, #1743, #1749));
#1751 = FACE_BOUND ('', #1750, .T.);
#1752 = CARTESIAN_POINT ('', (-92.4342666632285, 60.4238678802475, 3.5));
#1753 = VERTEX_POINT ('', #1752);
#1754 = CARTESIAN_POINT ('', (-79.4387214385462, 60.0835675522451, 3.5));
#1755 = VERTEX_POINT ('', #1754);
#1756 = CARTESIAN_POINT ('', (-92.4342666632285, 60.4238678802475, 3.5));
#1757 = CARTESIAN_POINT ('', (-79.4387214385462, 60.0835675522451, 3.5));
#1758 = B_SPLINE_CURVE_WITH_KNOTS ('', 1, (#1756, #1757), .UNSPECIFIED., .F., .U., (2, 2), (1., 14.), .UNSPECIFIED.);
#1759 = EDGE_CURVE ('', #1753, #1755, #1758, .T.);
#1760 = ORIENTED_EDGE ('', *, *, #1759, .T.);
#1761 = CARTESIAN_POINT ('', (-78.9258043019045, 60.570307740579, 3.5));
#1762 = VERTEX_POINT ('', #1761);
#1763 = CARTESIAN_POINT ('', (-79.4387214385462, 60.0835675522452, 3.5));
#1764 = CARTESIAN_POINT ('', (-78.9388927760586, 60.0704790780913, 3.5));
#1765 = CARTESIAN_POINT ('', (-78.9258043019043, 60.5703077405789, 3.5));
#1766 = (
   BOUNDED_CURVE ()
   B_SPLINE_CURVE (2, (#1763, #1764, #1765), .UNSPECIFIED., .F., .U.)
   B_SPLINE_CURVE_WITH_KNOTS ((3, 3), (14., 15.), .UNSPECIFIED.)
   CURVE ()
   GEOMETRIC_REPRESENTATION_ITEM ()
   RATIONAL_B_SPLINE_CURVE ((1., 0.707106781186798, 1.))
   REPRESENTATION_ITEM ('')
);
#1767 = EDGE_CURVE ('', #1755, #1762, #1766, .T.);
#1768 = ORIENTED_EDGE ('', *, *, #1767, .T.);
#1769 = CARTESIAN_POINT ('', (-78.5855039739021, 73.5658529652612, 3.5));
#1770 = VERTEX_POINT ('', #1769);
#1771 = CARTESIAN_POINT ('', (-78.9258043019045, 60.570307740579, 3.5));
#1772 = CARTESIAN_POINT ('', (-78.5855039739021, 73.5658529652612, 3.5));
#1773 = B_SPLINE_CURVE_WITH_KNOTS ('', 1, (#1771, #1772), .UNSPECIFIED., .F., .U., (2, 2), (15., 28.), .UNSPECIFIED.);
#1774 = EDGE_CURVE ('', #1762, #1770, #1773, .T.);
#1775 = ORIENTED_EDGE ('', *, *, #1774, .T.);
#1776 = CARTESIAN_POINT ('', (-79.072244162236, 74.0787701019029, 3.5));
#1777 = VERTEX_POINT ('', #1776);
#1778 = CARTESIAN_POINT ('', (-78.585503973902, 73.5658529652612, 3.5));
#1779 = CARTESIAN_POINT ('', (-78.572415499748, 74.0656816277492, 3.5));
#1780 = CARTESIAN_POINT ('', (-79.072244162236, 74.0787701019026, 3.5));
#1781 = (
   BOUNDED_CURVE ()
   B_SPLINE_CURVE (2, (#1778, #1779, #1780), .UNSPECIFIED., .F., .U.)
   B_SPLINE_CURVE_WITH_KNOTS ((3, 3), (28., 29.), .UNSPECIFIED.)
   CURVE ()
   GEOMETRIC_REPRESENTATION_ITEM ()
   RATIONAL_B_SPLINE_CURVE ((1., 0.707106781186097, 1.))
   REPRESENTATION_ITEM ('')
);
#1782 = EDGE_CURVE ('', #1770, #1777, #1781, .T.);
#1783 = ORIENTED_EDGE ('', *, *, #1782, .T.);
#1784 = CARTESIAN_POINT ('', (-92.0677893869182, 74.4190704299053, 3.5));
#1785 = VERTEX_POINT ('', #1784);
#1786 = CARTESIAN_POINT ('', (-79.072244162236, 74.0787701019029, 3.5));
#1787 = CARTESIAN_POINT ('', (-92.0677893869182, 74.4190704299053, 3.5));
#1788 = B_SPLINE_CURVE_WITH_KNOTS ('', 1, (#1786, #1787), .UNSPECIFIED., .F., .U., (2, 2), (29., 42.), .UNSPECIFIED.);
#1789 = EDGE_CURVE ('', #1777, #1785, #1788, .T.);
#1790 = ORIENTED_EDGE ('', *, *, #1789, .T.);
#1791 = CARTESIAN_POINT ('', (-92.5807065235599, 73.9323302415714, 3.5));
#1792 = VERTEX_POINT ('', #1791);
#1793 = CARTESIAN_POINT ('', (-92.0677893869182, 74.4190704299053, 3.5));
#1794 = CARTESIAN_POINT ('', (-92.5676180494061, 74.4321589040592, 3.5));
#1795 = CARTESIAN_POINT ('', (-92.5807065235599, 73.9323302415714, 3.5));
#1796 = (
   BOUNDED_CURVE ()
   B_SPLINE_CURVE (2, (#1793, #1794, #1795), .UNSPECIFIED., .F., .U.)
   B_SPLINE_CURVE_WITH_KNOTS ((3, 3), (42., 43.), .UNSPECIFIED.)
   CURVE ()
   GEOMETRIC_REPRESENTATION_ITEM ()
   RATIONAL_B_SPLINE_CURVE ((1., 0.707106781186476, 1.))
   REPRESENTATION_ITEM ('')
);
#1797 = EDGE_CURVE ('', #1785, #1792, #1796, .T.);
#1798 = ORIENTED_EDGE ('', *, *, #1797, .T.);
#1799 = CARTESIAN_POINT ('', (-92.9210068515623, 60.9367850168892, 3.5));
#1800 = VERTEX_POINT ('', #1799);
#1801 = CARTESIAN_POINT ('', (-92.5807065235599, 73.9323302415714, 3.5));
#1802 = CARTESIAN_POINT ('', (-92.9210068515623, 60.9367850168892, 3.5));
#1803 = B_SPLINE_CURVE_WITH_KNOTS ('', 1, (#1801, #1802), .UNSPECIFIED., .F., .U., (2, 2), (43., 56.0000000000001), .UNSPECIFIED.);
#1804 = EDGE_CURVE ('', #1792, #1800, #1803, .T.);
#1805 = ORIENTED_EDGE ('', *, *, #1804, .T.);
#1806 = CARTESIAN_POINT ('', (-92.9210068515624, 60.9367850168892, 3.5));
#1807 = CARTESIAN_POINT ('', (-92.9340953257165, 60.4369563544011, 3.5));
#1808 = CARTESIAN_POINT ('', (-92.4342666632284, 60.4238678802478, 3.5));
#1809 = (
   BOUNDED_CURVE ()
   B_SPLINE_CURVE (2, (#1806, #1807, #1808), .UNSPECIFIED., .F., .U.)
   B_SPLINE_CURVE_WITH_KNOTS ((3, 3), (0., 1.), .UNSPECIFIED.)
   CURVE ()
   GEOMETRIC_REPRESENTATION_ITEM ()
   RATIONAL_B_SPLINE_CURVE ((1., 0.707106781186026, 1.))
   REPRESENTATION_ITEM ('')
);
#1810 = EDGE_CURVE ('', #1800, #1753, #1809, .T.);
#1811 = ORIENTED_EDGE ('', *, *, #1810, .T.);
#1812 = EDGE_LOOP ('', (#1760, #1768, #1775, #1783, #1790, #1798, #1805, #1811));
#1813 = FACE_BOUND ('', #1812, .T.);
#1814 = CARTESIAN_POINT ('', (-111.25, 60.5, 3.5));
#1815 = VERTEX_POINT ('', #1814);
#1816 = CARTESIAN_POINT ('', (-98.25, 60.5, 3.5));
#1817 = VERTEX_POINT ('', #1816);
#1818 = CARTESIAN_POINT ('', (-111.25, 60.5, 3.5));
#1819 = CARTESIAN_POINT ('', (-98.25, 60.5, 3.5));
#1820 = B_SPLINE_CURVE_WITH_KNOTS ('', 1, (#1818, #1819), .UNSPECIFIED., .F., .U., (2, 2), (1., 14.), .UNSPECIFIED.);
#1821 = EDGE_CURVE ('', #1815, #1817, #1820, .T.);
#1822 = ORIENTED_EDGE ('', *, *, #1821, .T.);
#1823 = CARTESIAN_POINT ('', (-97.75, 61., 3.5));
#1824 = VERTEX_POINT ('', #1823);
#1825 = CARTESIAN_POINT ('', (-98.25, 60.5, 3.5));
#1826 = CARTESIAN_POINT ('', (-97.75, 60.5, 3.5));
#1827 = CARTESIAN_POINT ('', (-97.7499999999999, 61., 3.5));
#1828 = (
   BOUNDED_CURVE ()
   B_SPLINE_CURVE (2, (#1825, #1826, #1827), .UNSPECIFIED., .F., .U.)
   B_SPLINE_CURVE_WITH_KNOTS ((3, 3), (14., 15.), .UNSPECIFIED.)
   CURVE ()
   GEOMETRIC_REPRESENTATION_ITEM ()
   RATIONAL_B_SPLINE_CURVE ((1., 0.707106781186658, 1.))
   REPRESENTATION_ITEM ('')
);
#1829 = EDGE_CURVE ('', #1817, #1824, #1828, .T.);
#1830 = ORIENTED_EDGE ('', *, *, #1829, .T.);
#1831 = CARTESIAN_POINT ('', (-97.75, 74., 3.5));
#1832 = VERTEX_POINT ('', #1831);
#1833 = CARTESIAN_POINT ('', (-97.75, 61., 3.5));
#1834 = CARTESIAN_POINT ('', (-97.75, 74., 3.5));
#1835 = B_SPLINE_CURVE_WITH_KNOTS ('', 1, (#1833, #1834), .UNSPECIFIED., .F., .U., (2, 2), (15., 28.), .UNSPECIFIED.);
#1836 = EDGE_CURVE ('', #1824, #1832, #1835, .T.);
#1837 = ORIENTED_EDGE ('', *, *, #1836, .T.);
#1838 = CARTESIAN_POINT ('', (-98.25, 74.5, 3.5));
#1839 = VERTEX_POINT ('', #1838);
#1840 = CARTESIAN_POINT ('', (-97.7500000000001, 74., 3.5));
#1841 = CARTESIAN_POINT ('', (-97.7500000000002, 74.4999999999999, 3.5));
#1842 = CARTESIAN_POINT ('', (-98.25, 74.5000000000002, 3.5));
#1843 = (
   BOUNDED_CURVE ()
   B_SPLINE_CURVE (2, (#1840, #1841, #1842), .UNSPECIFIED., .F., .U.)
   B_SPLINE_CURVE_WITH_KNOTS ((3, 3), (28., 29.), .UNSPECIFIED.)
   CURVE ()
   GEOMETRIC_REPRESENTATION_ITEM ()
   RATIONAL_B_SPLINE_CURVE ((1., 0.707106781186819, 1.))
   REPRESENTATION_ITEM ('')
);
#1844 = EDGE_CURVE ('', #1832, #1839, #1843, .T.);
#1845 = ORIENTED_EDGE ('', *, *, #1844, .T.);
#1846 = CARTESIAN_POINT ('', (-111.25, 74.5, 3.5));
#1847 = VERTEX_POINT ('', #1846);
#1848 = CARTESIAN_POINT ('', (-98.25, 74.5, 3.5));
#1849 = CARTESIAN_POINT ('', (-111.25, 74.5, 3.5));
#1850 = B_SPLINE_CURVE_WITH_KNOTS ('', 1, (#1848, #1849), .UNSPECIFIED., .F., .U., (2, 2), (29., 42.), .UNSPECIFIED.);
#1851 = EDGE_CURVE ('', #1839, #1847, #1850, .T.);
#1852 = ORIENTED_EDGE ('', *, *, #1851, .T.);
#1853 = CARTESIAN_POINT ('', (-111.75, 74., 3.5));
#1854 = VERTEX_POINT ('', #1853);
#1855 = CARTESIAN_POINT ('', (-111.25, 74.5000000000003, 3.5));
#1856 = CARTESIAN_POINT ('', (-111.75, 74.5000000000005, 3.5));
#1857 = CARTESIAN_POINT ('', (-111.749999999999, 74., 3.5));
#1858 = (
   BOUNDED_CURVE ()
   B_SPLINE_CURVE (2, (#1855, #1856, #1857), .UNSPECIFIED., .F., .U.)
   B_SPLINE_CURVE_WITH_KNOTS ((3, 3), (42., 43.), .UNSPECIFIED.)
   CURVE ()
   GEOMETRIC_REPRESENTATION_ITEM ()
   RATIONAL_B_SPLINE_CURVE ((1., 0.707106781185643, 1.))
   REPRESENTATION_ITEM ('')
);
#1859 = EDGE_CURVE ('', #1847, #1854, #1858, .T.);
#1860 = ORIENTED_EDGE ('', *, *, #1859, .T.);
#1861 = CARTESIAN_POINT ('', (-111.75, 61., 3.5));
#1862 = VERTEX_POINT ('', #1861);
#1863 = CARTESIAN_POINT ('', (-111.75, 74., 3.5));
#1864 = CARTESIAN_POINT ('', (-111.75, 61., 3.5));
#1865 = B_SPLINE_CURVE_WITH_KNOTS ('', 1, (#1863, #1864), .UNSPECIFIED., .F., .U., (2, 2), (43., 56.), .UNSPECIFIED.);
#1866 = EDGE_CURVE ('', #1854, #1862, #1865, .T.);
#1867 = ORIENTED_EDGE ('', *, *, #1866, .T.);
#1868 = CARTESIAN_POINT ('', (-111.75, 61., 3.5));
#1869 = CARTESIAN_POINT ('', (-111.75, 60.5, 3.5));
#1870 = CARTESIAN_POINT ('', (-111.25, 60.5, 3.5));
#1871 = (
   BOUNDED_CURVE ()
   B_SPLINE_CURVE (2, (#1868, #1869, #1870), .UNSPECIFIED., .F., .U.)
   B_SPLINE_CURVE_WITH_KNOTS ((3, 3), (0., 1.), .UNSPECIFIED.)
   CURVE ()
   GEOMETRIC_REPRESENTATION_ITEM ()
   RATIONAL_B_SPLINE_CURVE ((1., 0.707106781186578, 1.))
   REPRESENTATION_ITEM ('')
);
#1872 = EDGE_CURVE ('', #1862, #1815, #1871, .T.);
#1873 = ORIENTED_EDGE ('', *, *, #1872, .T.);
#1874 = EDGE_LOOP ('', (#1822, #1830, #1837, #1845, #1852, #1860, #1867, #1873));
#1875 = FACE_BOUND ('', #1874, .T.);
#1876 = CARTESIAN_POINT ('', (-117.25, 74.5, 3.5));
#1877 = VERTEX_POINT ('', #1876);
#1878 = CARTESIAN_POINT ('', (-151.625, 74.5, 3.5));
#1879 = VERTEX_POINT ('', #1878);
#1880 = CARTESIAN_POINT ('', (-117.25, 74.5, 3.5));
#1881 = CARTESIAN_POINT ('', (-151.625, 74.5, 3.5));
#1882 = B_SPLINE_CURVE_WITH_KNOTS ('', 1, (#1880, #1881), .UNSPECIFIED., .F., .U., (2, 2), (54.2843915343915, 88.6593915343915), .UNSPECIFIED.);
#1883 = EDGE_CURVE ('', #1877, #1879, #1882, .T.);
#1884 = ORIENTED_EDGE ('', *, *, #1883, .T.);
#1885 = CARTESIAN_POINT ('', (-152.125, 74., 3.5));
#1886 = VERTEX_POINT ('', #1885);
#1887 = CARTESIAN_POINT ('', (-151.625, 74.4999999999998, 3.5));
#1888 = CARTESIAN_POINT ('', (-152.125, 74.4999999999997, 3.5));
#1889 = CARTESIAN_POINT ('', (-152.125, 74., 3.5));
#1890 = (
   BOUNDED_CURVE ()
   B_SPLINE_CURVE (2, (#1887, #1888, #1889), .UNSPECIFIED., .F., .U.)
   B_SPLINE_CURVE_WITH_KNOTS ((3, 3), (88.6593915343915, 89.6593915343915), .UNSPECIFIED.)
   CURVE ()
   GEOMETRIC_REPRESENTATION_ITEM ()
   RATIONAL_B_SPLINE_CURVE ((1., 0.70710678118713, 1.))
   REPRESENTATION_ITEM ('')
);
#1891 = EDGE_CURVE ('', #1879, #1886, #1890, .T.);
#1892 = ORIENTED_EDGE ('', *, *, #1891, .T.);
#1893 = CARTESIAN_POINT ('', (-152.125, 61., 3.5));
#1894 = VERTEX_POINT ('', #1893);
#1895 = CARTESIAN_POINT ('', (-152.125, 74., 3.5));
#1896 = CARTESIAN_POINT ('', (-152.125, 61., 3.5));
#1897 = B_SPLINE_CURVE_WITH_KNOTS ('', 1, (#1895, #1896), .UNSPECIFIED., .F., .U., (2, 2), (89.6593915343915, 102.659391534391), .UNSPECIFIED.);
#1898 = EDGE_CURVE ('', #1886, #1894, #1897, .T.);
#1899 = ORIENTED_EDGE ('', *, *, #1898, .T.);
#1900 = CARTESIAN_POINT ('', (-151.625, 60.5, 3.5));
#1901 = VERTEX_POINT ('', #1900);
#1902 = CARTESIAN_POINT ('', (-152.125, 61., 3.5));
#1903 = CARTESIAN_POINT ('', (-152.125, 60.4999999999997, 3.5));
#1904 = CARTESIAN_POINT ('', (-151.625, 60.5000000000004, 3.5));
#1905 = (
   BOUNDED_CURVE ()
   B_SPLINE_CURVE (2, (#1902, #1903, #1904), .UNSPECIFIED., .F., .U.)
   B_SPLINE_CURVE_WITH_KNOTS ((3, 3), (0., 1.), .UNSPECIFIED.)
   CURVE ()
   GEOMETRIC_REPRESENTATION_ITEM ()
   RATIONAL_B_SPLINE_CURVE ((1., 0.707106781185904, 1.))
   REPRESENTATION_ITEM ('')
);
#1906 = EDGE_CURVE ('', #1894, #1901, #1905, .T.);
#1907 = ORIENTED_EDGE ('', *, *, #1906, .T.);
#1908 = CARTESIAN_POINT ('', (-151.125, 60.5, 3.5));
#1909 = VERTEX_POINT ('', #1908);
#1910 = CARTESIAN_POINT ('', (-151.625, 60.5, 3.5));
#1911 = CARTESIAN_POINT ('', (-151.125, 60.5, 3.5));
#1912 = B_SPLINE_CURVE_WITH_KNOTS ('', 1, (#1910, #1911), .UNSPECIFIED., .F., .U., (2, 2), (1., 1.625), .UNSPECIFIED.);
#1913 = EDGE_CURVE ('', #1901, #1909, #1912, .T.);
#1914 = ORIENTED_EDGE ('', *, *, #1913, .T.);
#1915 = CARTESIAN_POINT ('', (-151.125, 60., 3.5));
#1916 = VERTEX_POINT ('', #1915);
#1917 = CARTESIAN_POINT ('', (-151.125, 60.5, 3.5));
#1918 = CARTESIAN_POINT ('', (-151.125, 60., 3.5));
#1919 = B_SPLINE_CURVE_WITH_KNOTS ('', 1, (#1917, #1918), .UNSPECIFIED., .F., .U., (2, 2), (1.625, 2.12500000000002), .UNSPECIFIED.);
#1920 = EDGE_CURVE ('', #1909, #1916, #1919, .T.);
#1921 = ORIENTED_EDGE ('', *, *, #1920, .T.);
#1922 = CARTESIAN_POINT ('', (-150.625, 59.5, 3.5));
#1923 = VERTEX_POINT ('', #1922);
#1924 = CARTESIAN_POINT ('', (-151.125, 60., 3.5));
#1925 = CARTESIAN_POINT ('', (-151.125, 59.4999999999999, 3.5));
#1926 = CARTESIAN_POINT ('', (-150.625, 59.5000000000001, 3.5));
#1927 = (
   BOUNDED_CURVE ()
   B_SPLINE_CURVE (2, (#1924, #1925, #1926), .UNSPECIFIED., .F., .U.)
   B_SPLINE_CURVE_WITH_KNOTS ((3, 3), (2.12500000000002, 3.12500000000002), .UNSPECIFIED.)
   CURVE ()
   GEOMETRIC_REPRESENTATION_ITEM ()
   RATIONAL_B_SPLINE_CURVE ((1., 0.707106781186372, 1.))
   REPRESENTATION_ITEM ('')
);
#1928 = EDGE_CURVE ('', #1916, #1923, #1927, .T.);
#1929 = ORIENTED_EDGE ('', *, *, #1928, .T.);
#1930 = CARTESIAN_POINT ('', (-144.625, 59.5000000000001, 3.5));
#1931 = VERTEX_POINT ('', #1930);
#1932 = CARTESIAN_POINT ('', (-150.625, 59.5, 3.5));
#1933 = CARTESIAN_POINT ('', (-144.625, 59.5000000000001, 3.5));
#1934 = B_SPLINE_CURVE_WITH_KNOTS ('', 1, (#1932, #1933), .UNSPECIFIED., .F., .U., (2, 2), (3.12500000000002, 8.91071428571433), .UNSPECIFIED.);
#1935 = EDGE_CURVE ('', #1923, #1931, #1934, .T.);
#1936 = ORIENTED_EDGE ('', *, *, #1935, .T.);
#1937 = CARTESIAN_POINT ('', (-144.125, 60.0000000000001, 3.5));
#1938 = VERTEX_POINT ('', #1937);
#1939 = CARTESIAN_POINT ('', (-144.625, 59.5000000000002, 3.5));
#1940 = CARTESIAN_POINT ('', (-144.125, 59.5000000000001, 3.5));
#1941 = CARTESIAN_POINT ('', (-144.125, 60.0000000000001, 3.5));
#1942 = (
   BOUNDED_CURVE ()
   B_SPLINE_CURVE (2, (#1939, #1940, #1941), .UNSPECIFIED., .F., .U.)
   B_SPLINE_CURVE_WITH_KNOTS ((3, 3), (8.91071428571433, 9.91071428571433), .UNSPECIFIED.)
   CURVE ()
   GEOMETRIC_REPRESENTATION_ITEM ()
   RATIONAL_B_SPLINE_CURVE ((1., 0.707106781186658, 1.))
   REPRESENTATION_ITEM ('')
);
#1943 = EDGE_CURVE ('', #1931, #1938, #1942, .T.);
#1944 = ORIENTED_EDGE ('', *, *, #1943, .T.);
#1945 = CARTESIAN_POINT ('', (-144.125, 60.5, 3.5));
#1946 = VERTEX_POINT ('', #1945);
#1947 = CARTESIAN_POINT ('', (-144.125, 60.0000000000001, 3.5));
#1948 = CARTESIAN_POINT ('', (-144.125, 60.5, 3.5));
#1949 = B_SPLINE_CURVE_WITH_KNOTS ('', 1, (#1947, #1948), .UNSPECIFIED., .F., .U., (2, 2), (9.91071428571433, 10.4107142857142), .UNSPECIFIED.);
#1950 = EDGE_CURVE ('', #1938, #1946, #1949, .T.);
#1951 = ORIENTED_EDGE ('', *, *, #1950, .T.);
#1952 = CARTESIAN_POINT ('', (-127.125, 60.5, 3.5));
#1953 = VERTEX_POINT ('', #1952);
#1954 = CARTESIAN_POINT ('', (-144.125, 60.5, 3.5));
#1955 = CARTESIAN_POINT ('', (-127.125, 60.5, 3.5));
#1956 = B_SPLINE_CURVE_WITH_KNOTS ('', 1, (#1954, #1955), .UNSPECIFIED., .F., .U., (2, 2), (10.4107142857142, 27.4107142857142), .UNSPECIFIED.);
#1957 = EDGE_CURVE ('', #1946, #1953, #1956, .T.);
#1958 = ORIENTED_EDGE ('', *, *, #1957, .T.);
#1959 = CARTESIAN_POINT ('', (-127.125, 60., 3.5));
#1960 = VERTEX_POINT ('', #1959);
#1961 = CARTESIAN_POINT ('', (-127.125, 60.5, 3.5));
#1962 = CARTESIAN_POINT ('', (-127.125, 60., 3.5));
#1963 = B_SPLINE_CURVE_WITH_KNOTS ('', 1, (#1961, #1962), .UNSPECIFIED., .F., .U., (2, 2), (27.4107142857142, 27.9107142857142), .UNSPECIFIED.);
#1964 = EDGE_CURVE ('', #1953, #1960, #1963, .T.);
#1965 = ORIENTED_EDGE ('', *, *, #1964, .T.);
#1966 = CARTESIAN_POINT ('', (-126.625, 59.5, 3.5));
#1967 = VERTEX_POINT ('', #1966);
#1968 = CARTESIAN_POINT ('', (-127.125, 60., 3.5));
#1969 = CARTESIAN_POINT ('', (-127.125, 59.5, 3.5));
#1970 = CARTESIAN_POINT ('', (-126.625, 59.5000000000001, 3.5));
#1971 = (
   BOUNDED_CURVE ()
   B_SPLINE_CURVE (2, (#1968, #1969, #1970), .UNSPECIFIED., .F., .U.)
   B_SPLINE_CURVE_WITH_KNOTS ((3, 3), (27.9107142857142, 28.9107142857142), .UNSPECIFIED.)
   CURVE ()
   GEOMETRIC_REPRESENTATION_ITEM ()
   RATIONAL_B_SPLINE_CURVE ((1., 0.707106781186482, 1.))
   REPRESENTATION_ITEM ('')
);
#1972 = EDGE_CURVE ('', #1960, #1967, #1971, .T.);
#1973 = ORIENTED_EDGE ('', *, *, #1972, .T.);
#1974 = CARTESIAN_POINT ('', (-120.625, 59.5, 3.5));
#1975 = VERTEX_POINT ('', #1974);
#1976 = CARTESIAN_POINT ('', (-126.625, 59.5, 3.5));
#1977 = CARTESIAN_POINT ('', (-120.625, 59.5, 3.5));
#1978 = B_SPLINE_CURVE_WITH_KNOTS ('', 1, (#1976, #1977), .UNSPECIFIED., .F., .U., (2, 2), (28.9107142857142, 34.6964285714284), .UNSPECIFIED.);
#1979 = EDGE_CURVE ('', #1967, #1975, #1978, .T.);
#1980 = ORIENTED_EDGE ('', *, *, #1979, .T.);
#1981 = CARTESIAN_POINT ('', (-120.125, 59.9999999999999, 3.5));
#1982 = VERTEX_POINT ('', #1981);
#1983 = CARTESIAN_POINT ('', (-120.625, 59.5, 3.5));
#1984 = CARTESIAN_POINT ('', (-120.125, 59.5000000000001, 3.5));
#1985 = CARTESIAN_POINT ('', (-120.125, 59.9999999999999, 3.5));
#1986 = (
   BOUNDED_CURVE ()
   B_SPLINE_CURVE (2, (#1983, #1984, #1985), .UNSPECIFIED., .F., .U.)
   B_SPLINE_CURVE_WITH_KNOTS ((3, 3), (34.6964285714284, 35.6964285714284), .UNSPECIFIED.)
   CURVE ()
   GEOMETRIC_REPRESENTATION_ITEM ()
   RATIONAL_B_SPLINE_CURVE ((1., 0.707106781186733, 1.))
   REPRESENTATION_ITEM ('')
);
#1987 = EDGE_CURVE ('', #1975, #1982, #1986, .T.);
#1988 = ORIENTED_EDGE ('', *, *, #1987, .T.);
#1989 = CARTESIAN_POINT ('', (-120.125, 60.5000000000001, 3.5));
#1990 = VERTEX_POINT ('', #1989);
#1991 = CARTESIAN_POINT ('', (-120.125, 59.9999999999999, 3.5));
#1992 = CARTESIAN_POINT ('', (-120.125, 60.5000000000001, 3.5));
#1993 = B_SPLINE_CURVE_WITH_KNOTS ('', 1, (#1991, #1992), .UNSPECIFIED., .F., .U., (2, 2), (35.6964285714284, 36.1964285714286), .UNSPECIFIED.);
#1994 = EDGE_CURVE ('', #1982, #1990, #1993, .T.);
#1995 = ORIENTED_EDGE ('', *, *, #1994, .T.);
#1996 = CARTESIAN_POINT ('', (-117.25, 60.5, 3.5));
#1997 = VERTEX_POINT ('', #1996);
#1998 = CARTESIAN_POINT ('', (-120.125, 60.5000000000001, 3.5));
#1999 = CARTESIAN_POINT ('', (-117.25, 60.5, 3.5));
#2000 = B_SPLINE_CURVE_WITH_KNOTS ('', 1, (#1998, #1999), .UNSPECIFIED., .F., .U., (2, 2), (36.1964285714286, 39.2843915343915), .UNSPECIFIED.);
#2001 = EDGE_CURVE ('', #1990, #1997, #2000, .T.);
#2002 = ORIENTED_EDGE ('', *, *, #2001, .T.);
#2003 = CARTESIAN_POINT ('', (-116.75, 61., 3.5));
#2004 = VERTEX_POINT ('', #2003);
#2005 = CARTESIAN_POINT ('', (-117.25, 60.5000000000002, 3.5));
#2006 = CARTESIAN_POINT ('', (-116.75, 60.5000000000003, 3.5));
#2007 = CARTESIAN_POINT ('', (-116.75, 61., 3.5));
#2008 = (
   BOUNDED_CURVE ()
   B_SPLINE_CURVE (2, (#2005, #2006, #2007), .UNSPECIFIED., .F., .U.)
   B_SPLINE_CURVE_WITH_KNOTS ((3, 3), (39.2843915343915, 40.2843915343915), .UNSPECIFIED.)
   CURVE ()
   GEOMETRIC_REPRESENTATION_ITEM ()
   RATIONAL_B_SPLINE_CURVE ((1., 0.707106781187191, 1.))
   REPRESENTATION_ITEM ('')
);
#2009 = EDGE_CURVE ('', #1997, #2004, #2008, .T.);
#2010 = ORIENTED_EDGE ('', *, *, #2009, .T.);
#2011 = CARTESIAN_POINT ('', (-116.75, 74., 3.5));
#2012 = VERTEX_POINT ('', #2011);
#2013 = CARTESIAN_POINT ('', (-116.75, 61., 3.5));
#2014 = CARTESIAN_POINT ('', (-116.75, 74., 3.5));
#2015 = B_SPLINE_CURVE_WITH_KNOTS ('', 1, (#2013, #2014), .UNSPECIFIED., .F., .U., (2, 2), (40.2843915343915, 53.2843915343915), .UNSPECIFIED.);
#2016 = EDGE_CURVE ('', #2004, #2012, #2015, .T.);
#2017 = ORIENTED_EDGE ('', *, *, #2016, .T.);
#2018 = CARTESIAN_POINT ('', (-116.75, 74., 3.5));
#2019 = CARTESIAN_POINT ('', (-116.75, 74.5000000000002, 3.5));
#2020 = CARTESIAN_POINT ('', (-117.25, 74.4999999999997, 3.5));
#2021 = (
   BOUNDED_CURVE ()
   B_SPLINE_CURVE (2, (#2018, #2019, #2020), .UNSPECIFIED., .F., .U.)
   B_SPLINE_CURVE_WITH_KNOTS ((3, 3), (53.2843915343915, 54.2843915343915), .UNSPECIFIED.)
   CURVE ()
   GEOMETRIC_REPRESENTATION_ITEM ()
   RATIONAL_B_SPLINE_CURVE ((1., 0.707106781186125, 1.))
   REPRESENTATION_ITEM ('')
);
#2022 = EDGE_CURVE ('', #2012, #1877, #2021, .T.);
#2023 = ORIENTED_EDGE ('', *, *, #2022, .T.);
#2024 = EDGE_LOOP ('', (#1884, #1892, #1899, #1907, #1914, #1921, #1929, #1936, #1944, #1951, #1958, #1965, #1973, #1980, #1988, #1995, #2002, #2010, #2017, #2023));
#2025 = FACE_BOUND ('', #2024, .T.);
#2026 = CARTESIAN_POINT ('', (-173., 60.5, 3.5));
#2027 = VERTEX_POINT ('', #2026);
#2028 = CARTESIAN_POINT ('', (-160., 60.5, 3.5));
#2029 = VERTEX_POINT ('', #2028);
#2030 = CARTESIAN_POINT ('', (-173., 60.5, 3.5));
#2031 = CARTESIAN_POINT ('', (-160., 60.5, 3.5));
#2032 = B_SPLINE_CURVE_WITH_KNOTS ('', 1, (#2030, #2031), .UNSPECIFIED., .F., .U., (2, 2), (1., 14.), .UNSPECIFIED.);
#2033 = EDGE_CURVE ('', #2027, #2029, #2032, .T.);
#2034 = ORIENTED_EDGE ('', *, *, #2033, .T.);
#2035 = CARTESIAN_POINT ('', (-159.5, 61., 3.5));
#2036 = VERTEX_POINT ('', #2035);
#2037 = CARTESIAN_POINT ('', (-160., 60.4999999999999, 3.5));
#2038 = CARTESIAN_POINT ('', (-159.5, 60.4999999999999, 3.5));
#2039 = CARTESIAN_POINT ('', (-159.5, 61., 3.5));
#2040 = (
   BOUNDED_CURVE ()
   B_SPLINE_CURVE (2, (#2037, #2038, #2039), .UNSPECIFIED., .F., .U.)
   B_SPLINE_CURVE_WITH_KNOTS ((3, 3), (14., 15.), .UNSPECIFIED.)
   CURVE ()
   GEOMETRIC_REPRESENTATION_ITEM ()
   RATIONAL_B_SPLINE_CURVE ((1., 0.707106781186296, 1.))
   REPRESENTATION_ITEM ('')
);
#2041 = EDGE_CURVE ('', #2029, #2036, #2040, .T.);
#2042 = ORIENTED_EDGE ('', *, *, #2041, .T.);
#2043 = CARTESIAN_POINT ('', (-159.5, 74., 3.5));
#2044 = VERTEX_POINT ('', #2043);
#2045 = CARTESIAN_POINT ('', (-159.5, 61., 3.5));
#2046 = CARTESIAN_POINT ('', (-159.5, 74., 3.5));
#2047 = B_SPLINE_CURVE_WITH_KNOTS ('', 1, (#2045, #2046), .UNSPECIFIED., .F., .U., (2, 2), (15., 28.), .UNSPECIFIED.);
#2048 = EDGE_CURVE ('', #2036, #2044, #2047, .T.);
#2049 = ORIENTED_EDGE ('', *, *, #2048, .T.);
#2050 = CARTESIAN_POINT ('', (-160., 74.5, 3.5));
#2051 = VERTEX_POINT ('', #2050);
#2052 = CARTESIAN_POINT ('', (-159.5, 74., 3.5));
#2053 = CARTESIAN_POINT ('', (-159.5, 74.5, 3.5));
#2054 = CARTESIAN_POINT ('', (-160., 74.5, 3.5));
#2055 = (
   BOUNDED_CURVE ()
   B_SPLINE_CURVE (2, (#2052, #2053, #2054), .UNSPECIFIED., .F., .U.)
   B_SPLINE_CURVE_WITH_KNOTS ((3, 3), (28., 29.), .UNSPECIFIED.)
   CURVE ()
   GEOMETRIC_REPRESENTATION_ITEM ()
   RATIONAL_B_SPLINE_CURVE ((1., 0.707106781186477, 1.))
   REPRESENTATION_ITEM ('')
);
#2056 = EDGE_CURVE ('', #2044, #2051, #2055, .T.);
#2057 = ORIENTED_EDGE ('', *, *, #2056, .T.);
#2058 = CARTESIAN_POINT ('', (-173., 74.5, 3.5));
#2059 = VERTEX_POINT ('', #2058);
#2060 = CARTESIAN_POINT ('', (-160., 74.5, 3.5));
#2061 = CARTESIAN_POINT ('', (-173., 74.5, 3.5));
#2062 = B_SPLINE_CURVE_WITH_KNOTS ('', 1, (#2060, #2061), .UNSPECIFIED., .F., .U., (2, 2), (29., 42.), .UNSPECIFIED.);
#2063 = EDGE_CURVE ('', #2051, #2059, #2062, .T.);
#2064 = ORIENTED_EDGE ('', *, *, #2063, .T.);
#2065 = CARTESIAN_POINT ('', (-173.5, 74., 3.5));
#2066 = VERTEX_POINT ('', #2065);
#2067 = CARTESIAN_POINT ('', (-173., 74.5, 3.5));
#2068 = CARTESIAN_POINT ('', (-173.5, 74.4999999999999, 3.5));
#2069 = CARTESIAN_POINT ('', (-173.5, 74., 3.5));
#2070 = (
   BOUNDED_CURVE ()
   B_SPLINE_CURVE (2, (#2067, #2068, #2069), .UNSPECIFIED., .F., .U.)
   B_SPLINE_CURVE_WITH_KNOTS ((3, 3), (42., 43.), .UNSPECIFIED.)
   CURVE ()
   GEOMETRIC_REPRESENTATION_ITEM ()
   RATIONAL_B_SPLINE_CURVE ((1., 0.707106781186678, 1.))
   REPRESENTATION_ITEM ('')
);
#2071 = EDGE_CURVE ('', #2059, #2066, #2070, .T.);
#2072 = ORIENTED_EDGE ('', *, *, #2071, .T.);
#2073 = CARTESIAN_POINT ('', (-173.5, 61., 3.5));
#2074 = VERTEX_POINT ('', #2073);
#2075 = CARTESIAN_POINT ('', (-173.5, 74., 3.5));
#2076 = CARTESIAN_POINT ('', (-173.5, 61., 3.5));
#2077 = B_SPLINE_CURVE_WITH_KNOTS ('', 1, (#2075, #2076), .UNSPECIFIED., .F., .U., (2, 2), (43., 56.), .UNSPECIFIED.);
#2078 = EDGE_CURVE ('', #2066, #2074, #2077, .T.);
#2079 = ORIENTED_EDGE ('', *, *, #2078, .T.);
#2080 = CARTESIAN_POINT ('', (-173.5, 61., 3.5));
#2081 = CARTESIAN_POINT ('', (-173.500000000001, 60.4999999999995, 3.5));
#2082 = CARTESIAN_POINT ('', (-173., 60.5000000000006, 3.5));
#2083 = (
   BOUNDED_CURVE ()
   B_SPLINE_CURVE (2, (#2080, #2081, #2082), .UNSPECIFIED., .F., .U.)
   B_SPLINE_CURVE_WITH_KNOTS ((3, 3), (0., 1.), .UNSPECIFIED.)
   CURVE ()
   GEOMETRIC_REPRESENTATION_ITEM ()
   RATIONAL_B_SPLINE_CURVE ((1., 0.707106781185523, 1.))
   REPRESENTATION_ITEM ('')
);
#2084 = EDGE_CURVE ('', #2074, #2027, #2083, .T.);
#2085 = ORIENTED_EDGE ('', *, *, #2084, .T.);
#2086 = EDGE_LOOP ('', (#2034, #2042, #2049, #2057, #2064, #2072, #2079, #2085));
#2087 = FACE_BOUND ('', #2086, .T.);
#2088 = CARTESIAN_POINT ('', (-173., 79.5, 3.5));
#2089 = VERTEX_POINT ('', #2088);
#2090 = CARTESIAN_POINT ('', (-160., 79.5, 3.5));
#2091 = VERTEX_POINT ('', #2090);
#2092 = CARTESIAN_POINT ('', (-173., 79.5, 3.5));
#2093 = CARTESIAN_POINT ('', (-160., 79.5, 3.5));
#2094 = B_SPLINE_CURVE_WITH_KNOTS ('', 1, (#2092, #2093), .UNSPECIFIED., .F., .U., (2, 2), (1., 14.), .UNSPECIFIED.);
#2095 = EDGE_CURVE ('', #2089, #2091, #2094, .T.);
#2096 = ORIENTED_EDGE ('', *, *, #2095, .T.);
#2097 = CARTESIAN_POINT ('', (-159.5, 80., 3.5));
#2098 = VERTEX_POINT ('', #2097);
#2099 = CARTESIAN_POINT ('', (-160., 79.5, 3.5));
#2100 = CARTESIAN_POINT ('', (-159.5, 79.4999999999999, 3.5));
#2101 = CARTESIAN_POINT ('', (-159.5, 80., 3.5));
#2102 = (
   BOUNDED_CURVE ()
   B_SPLINE_CURVE (2, (#2099, #2100, #2101), .UNSPECIFIED., .F., .U.)
   B_SPLINE_CURVE_WITH_KNOTS ((3, 3), (14., 15.), .UNSPECIFIED.)
   CURVE ()
   GEOMETRIC_REPRESENTATION_ITEM ()
   RATIONAL_B_SPLINE_CURVE ((1., 0.707106781186457, 1.))
   REPRESENTATION_ITEM ('')
);
#2103 = EDGE_CURVE ('', #2091, #2098, #2102, .T.);
#2104 = ORIENTED_EDGE ('', *, *, #2103, .T.);
#2105 = CARTESIAN_POINT ('', (-159.5, 93., 3.5));
#2106 = VERTEX_POINT ('', #2105);
#2107 = CARTESIAN_POINT ('', (-159.5, 80., 3.5));
#2108 = CARTESIAN_POINT ('', (-159.5, 93., 3.5));
#2109 = B_SPLINE_CURVE_WITH_KNOTS ('', 1, (#2107, #2108), .UNSPECIFIED., .F., .U., (2, 2), (15., 28.), .UNSPECIFIED.);
#2110 = EDGE_CURVE ('', #2098, #2106, #2109, .T.);
#2111 = ORIENTED_EDGE ('', *, *, #2110, .T.);
#2112 = CARTESIAN_POINT ('', (-160., 93.5, 3.5));
#2113 = VERTEX_POINT ('', #2112);
#2114 = CARTESIAN_POINT ('', (-159.5, 93., 3.5));
#2115 = CARTESIAN_POINT ('', (-159.5, 93.5, 3.5));
#2116 = CARTESIAN_POINT ('', (-160., 93.5, 3.5));
#2117 = (
   BOUNDED_CURVE ()
   B_SPLINE_CURVE (2, (#2114, #2115, #2116), .UNSPECIFIED., .F., .U.)
   B_SPLINE_CURVE_WITH_KNOTS ((3, 3), (28., 29.), .UNSPECIFIED.)
   CURVE ()
   GEOMETRIC_REPRESENTATION_ITEM ()
   RATIONAL_B_SPLINE_CURVE ((1., 0.707106781186558, 1.))
   REPRESENTATION_ITEM ('')
);
#2118 = EDGE_CURVE ('', #2106, #2113, #2117, .T.);
#2119 = ORIENTED_EDGE ('', *, *, #2118, .T.);
#2120 = CARTESIAN_POINT ('', (-173., 93.5, 3.5));
#2121 = VERTEX_POINT ('', #2120);
#2122 = CARTESIAN_POINT ('', (-160., 93.5, 3.5));
#2123 = CARTESIAN_POINT ('', (-173., 93.5, 3.5));
#2124 = B_SPLINE_CURVE_WITH_KNOTS ('', 1, (#2122, #2123), .UNSPECIFIED., .F., .U., (2, 2), (29., 42.), .UNSPECIFIED.);
#2125 = EDGE_CURVE ('', #2113, #2121, #2124, .T.);
#2126 = ORIENTED_EDGE ('', *, *, #2125, .T.);
#2127 = CARTESIAN_POINT ('', (-173.5, 93., 3.5));
#2128 = VERTEX_POINT ('', #2127);
#2129 = CARTESIAN_POINT ('', (-173., 93.5000000000001, 3.5));
#2130 = CARTESIAN_POINT ('', (-173.5, 93.5000000000002, 3.5));
#2131 = CARTESIAN_POINT ('', (-173.5, 93., 3.5));
#2132 = (
   BOUNDED_CURVE ()
   B_SPLINE_CURVE (2, (#2129, #2130, #2131), .UNSPECIFIED., .F., .U.)
   B_SPLINE_CURVE_WITH_KNOTS ((3, 3), (42., 43.), .UNSPECIFIED.)
   CURVE ()
   GEOMETRIC_REPRESENTATION_ITEM ()
   RATIONAL_B_SPLINE_CURVE ((1., 0.707106781186055, 1.))
   REPRESENTATION_ITEM ('')
);
#2133 = EDGE_CURVE ('', #2121, #2128, #2132, .T.);
#2134 = ORIENTED_EDGE ('', *, *, #2133, .T.);
#2135 = CARTESIAN_POINT ('', (-173.5, 80., 3.5));
#2136 = VERTEX_POINT ('', #2135);
#2137 = CARTESIAN_POINT ('', (-173.5, 93., 3.5));
#2138 = CARTESIAN_POINT ('', (-173.5, 80., 3.5));
#2139 = B_SPLINE_CURVE_WITH_KNOTS ('', 1, (#2137, #2138), .UNSPECIFIED., .F., .U., (2, 2), (43., 56.), .UNSPECIFIED.);
#2140 = EDGE_CURVE ('', #2128, #2136, #2139, .T.);
#2141 = ORIENTED_EDGE ('', *, *, #2140, .T.);
#2142 = CARTESIAN_POINT ('', (-173.5, 80., 3.5));
#2143 = CARTESIAN_POINT ('', (-173.500000000001, 79.4999999999995, 3.5));
#2144 = CARTESIAN_POINT ('', (-173., 79.5000000000006, 3.5));
#2145 = (
   BOUNDED_CURVE ()
   B_SPLINE_CURVE (2, (#2142, #2143, #2144), .UNSPECIFIED., .F., .U.)
   B_SPLINE_CURVE_WITH_KNOTS ((3, 3), (0., 1.), .UNSPECIFIED.)
   CURVE ()
   GEOMETRIC_REPRESENTATION_ITEM ()
   RATIONAL_B_SPLINE_CURVE ((1., 0.707106781185573, 1.))
   REPRESENTATION_ITEM ('')
);
#2146 = EDGE_CURVE ('', #2136, #2089, #2145, .T.);
#2147 = ORIENTED_EDGE ('', *, *, #2146, .T.);
#2148 = EDGE_LOOP ('', (#2096, #2104, #2111, #2119, #2126, #2134, #2141, #2147));
#2149 = FACE_BOUND ('', #2148, .T.);
#2150 = CARTESIAN_POINT ('', (-151.625, 79.5, 3.5));
#2151 = VERTEX_POINT ('', #2150);
#2152 = CARTESIAN_POINT ('', (-133.875, 79.5, 3.5));
#2153 = VERTEX_POINT ('', #2152);
#2154 = CARTESIAN_POINT ('', (-151.625, 79.5, 3.5));
#2155 = CARTESIAN_POINT ('', (-133.875, 79.5, 3.5));
#2156 = B_SPLINE_CURVE_WITH_KNOTS ('', 1, (#2154, #2155), .UNSPECIFIED., .F., .U., (2, 2), (1., 18.75), .UNSPECIFIED.);
#2157 = EDGE_CURVE ('', #2151, #2153, #2156, .T.);
#2158 = ORIENTED_EDGE ('', *, *, #2157, .T.);
#2159 = CARTESIAN_POINT ('', (-133.375, 80., 3.5));
#2160 = VERTEX_POINT ('', #2159);
#2161 = CARTESIAN_POINT ('', (-133.875, 79.5, 3.5));
#2162 = CARTESIAN_POINT ('', (-133.375, 79.5000000000001, 3.5));
#2163 = CARTESIAN_POINT ('', (-133.375, 80., 3.5));
#2164 = (
   BOUNDED_CURVE ()
   B_SPLINE_CURVE (2, (#2161, #2162, #2163), .UNSPECIFIED., .F., .U.)
   B_SPLINE_CURVE_WITH_KNOTS ((3, 3), (18.75, 19.75), .UNSPECIFIED.)
   CURVE ()
   GEOMETRIC_REPRESENTATION_ITEM ()
   RATIONAL_B_SPLINE_CURVE ((1., 0.707106781186728, 1.))
   REPRESENTATION_ITEM ('')
);
#2165 = EDGE_CURVE ('', #2153, #2160, #2164, .T.);
#2166 = ORIENTED_EDGE ('', *, *, #2165, .T.);
#2167 = CARTESIAN_POINT ('', (-133.375, 93., 3.5));
#2168 = VERTEX_POINT ('', #2167);
#2169 = CARTESIAN_POINT ('', (-133.375, 80., 3.5));
#2170 = CARTESIAN_POINT ('', (-133.375, 93., 3.5));
#2171 = B_SPLINE_CURVE_WITH_KNOTS ('', 1, (#2169, #2170), .UNSPECIFIED., .F., .U., (2, 2), (19.75, 32.75), .UNSPECIFIED.);
#2172 = EDGE_CURVE ('', #2160, #2168, #2171, .T.);
#2173 = ORIENTED_EDGE ('', *, *, #2172, .T.);
#2174 = CARTESIAN_POINT ('', (-133.875, 93.5, 3.5));
#2175 = VERTEX_POINT ('', #2174);
#2176 = CARTESIAN_POINT ('', (-133.375, 93., 3.5));
#2177 = CARTESIAN_POINT ('', (-133.375, 93.5000000000001, 3.5));
#2178 = CARTESIAN_POINT ('', (-133.875, 93.4999999999998, 3.5));
#2179 = (
   BOUNDED_CURVE ()
   B_SPLINE_CURVE (2, (#2176, #2177, #2178), .UNSPECIFIED., .F., .U.)
   B_SPLINE_CURVE_WITH_KNOTS ((3, 3), (32.75, 33.75), .UNSPECIFIED.)
   CURVE ()
   GEOMETRIC_REPRESENTATION_ITEM ()
   RATIONAL_B_SPLINE_CURVE ((1., 0.707106781186296, 1.))
   REPRESENTATION_ITEM ('')
);
#2180 = EDGE_CURVE ('', #2168, #2175, #2179, .T.);
#2181 = ORIENTED_EDGE ('', *, *, #2180, .T.);
#2182 = CARTESIAN_POINT ('', (-151.625, 93.5, 3.5));
#2183 = VERTEX_POINT ('', #2182);
#2184 = CARTESIAN_POINT ('', (-133.875, 93.5, 3.5));
#2185 = CARTESIAN_POINT ('', (-151.625, 93.5, 3.5));
#2186 = B_SPLINE_CURVE_WITH_KNOTS ('', 1, (#2184, #2185), .UNSPECIFIED., .F., .U., (2, 2), (33.75, 51.5), .UNSPECIFIED.);
#2187 = EDGE_CURVE ('', #2175, #2183, #2186, .T.);
#2188 = ORIENTED_EDGE ('', *, *, #2187, .T.);
#2189 = CARTESIAN_POINT ('', (-152.125, 93., 3.5));
#2190 = VERTEX_POINT ('', #2189);
#2191 = CARTESIAN_POINT ('', (-151.625, 93.4999999999999, 3.5));
#2192 = CARTESIAN_POINT ('', (-152.125, 93.4999999999998, 3.5));
#2193 = CARTESIAN_POINT ('', (-152.125, 93., 3.5));
#2194 = (
   BOUNDED_CURVE ()
   B_SPLINE_CURVE (2, (#2191, #2192, #2193), .UNSPECIFIED., .F., .U.)
   B_SPLINE_CURVE_WITH_KNOTS ((3, 3), (51.5, 52.5), .UNSPECIFIED.)
   CURVE ()
   GEOMETRIC_REPRESENTATION_ITEM ()
   RATIONAL_B_SPLINE_CURVE ((1., 0.707106781186839, 1.))
   REPRESENTATION_ITEM ('')
);
#2195 = EDGE_CURVE ('', #2183, #2190, #2194, .T.);
#2196 = ORIENTED_EDGE ('', *, *, #2195, .T.);
#2197 = CARTESIAN_POINT ('', (-152.125, 80., 3.5));
#2198 = VERTEX_POINT ('', #2197);
#2199 = CARTESIAN_POINT ('', (-152.125, 93., 3.5));
#2200 = CARTESIAN_POINT ('', (-152.125, 80., 3.5));
#2201 = B_SPLINE_CURVE_WITH_KNOTS ('', 1, (#2199, #2200), .UNSPECIFIED., .F., .U., (2, 2), (52.5, 65.5), .UNSPECIFIED.);
#2202 = EDGE_CURVE ('', #2190, #2198, #2201, .T.);
#2203 = ORIENTED_EDGE ('', *, *, #2202, .T.);
#2204 = CARTESIAN_POINT ('', (-152.125, 80., 3.5));
#2205 = CARTESIAN_POINT ('', (-152.125, 79.5000000000001, 3.5));
#2206 = CARTESIAN_POINT ('', (-151.625, 79.4999999999998, 3.5));
#2207 = (
   BOUNDED_CURVE ()
   B_SPLINE_CURVE (2, (#2204, #2205, #2206), .UNSPECIFIED., .F., .U.)
   B_SPLINE_CURVE_WITH_KNOTS ((3, 3), (0., 1.), .UNSPECIFIED.)
   CURVE ()
   GEOMETRIC_REPRESENTATION_ITEM ()
   RATIONAL_B_SPLINE_CURVE ((1., 0.707106781186738, 1.))
   REPRESENTATION_ITEM ('')
);
#2208 = EDGE_CURVE ('', #2198, #2151, #2207, .T.);
#2209 = ORIENTED_EDGE ('', *, *, #2208, .T.);
#2210 = EDGE_LOOP ('', (#2158, #2166, #2173, #2181, #2188, #2196, #2203, #2209));
#2211 = FACE_BOUND ('', #2210, .T.);
#2212 = CARTESIAN_POINT ('', (-120.75, 79.5, 3.5));
#2213 = VERTEX_POINT ('', #2212);
#2214 = CARTESIAN_POINT ('', (-107.75, 79.5, 3.5));
#2215 = VERTEX_POINT ('', #2214);
#2216 = CARTESIAN_POINT ('', (-120.75, 79.5, 3.5));
#2217 = CARTESIAN_POINT ('', (-107.75, 79.5, 3.5));
#2218 = B_SPLINE_CURVE_WITH_KNOTS ('', 1, (#2216, #2217), .UNSPECIFIED., .F., .U., (2, 2), (1., 14.), .UNSPECIFIED.);
#2219 = EDGE_CURVE ('', #2213, #2215, #2218, .T.);
#2220 = ORIENTED_EDGE ('', *, *, #2219, .T.);
#2221 = CARTESIAN_POINT ('', (-107.25, 80., 3.5));
#2222 = VERTEX_POINT ('', #2221);
#2223 = CARTESIAN_POINT ('', (-107.75, 79.5000000000002, 3.5));
#2224 = CARTESIAN_POINT ('', (-107.25, 79.5000000000004, 3.5));
#2225 = CARTESIAN_POINT ('', (-107.249999999999, 80., 3.5));
#2226 = (
   BOUNDED_CURVE ()
   B_SPLINE_CURVE (2, (#2223, #2224, #2225), .UNSPECIFIED., .F., .U.)
   B_SPLINE_CURVE_WITH_KNOTS ((3, 3), (14., 15.), .UNSPECIFIED.)
   CURVE ()
   GEOMETRIC_REPRESENTATION_ITEM ()
   RATIONAL_B_SPLINE_CURVE ((1., 0.707106781187291, 1.))
   REPRESENTATION_ITEM ('')
);
#2227 = EDGE_CURVE ('', #2215, #2222, #2226, .T.);
#2228 = ORIENTED_EDGE ('', *, *, #2227, .T.);
#2229 = CARTESIAN_POINT ('', (-107.25, 93., 3.5));
#2230 = VERTEX_POINT ('', #2229);
#2231 = CARTESIAN_POINT ('', (-107.25, 80., 3.5));
#2232 = CARTESIAN_POINT ('', (-107.25, 93., 3.5));
#2233 = B_SPLINE_CURVE_WITH_KNOTS ('', 1, (#2231, #2232), .UNSPECIFIED., .F., .U., (2, 2), (15., 28.), .UNSPECIFIED.);
#2234 = EDGE_CURVE ('', #2222, #2230, #2233, .T.);
#2235 = ORIENTED_EDGE ('', *, *, #2234, .T.);
#2236 = CARTESIAN_POINT ('', (-107.75, 93.5, 3.5));
#2237 = VERTEX_POINT ('', #2236);
#2238 = CARTESIAN_POINT ('', (-107.25, 93., 3.5));
#2239 = CARTESIAN_POINT ('', (-107.25, 93.5000000000001, 3.5));
#2240 = CARTESIAN_POINT ('', (-107.75, 93.4999999999999, 3.5));
#2241 = (
   BOUNDED_CURVE ()
   B_SPLINE_CURVE (2, (#2238, #2239, #2240), .UNSPECIFIED., .F., .U.)
   B_SPLINE_CURVE_WITH_KNOTS ((3, 3), (28., 29.), .UNSPECIFIED.)
   CURVE ()
   GEOMETRIC_REPRESENTATION_ITEM ()
   RATIONAL_B_SPLINE_CURVE ((1., 0.707106781186377, 1.))
   REPRESENTATION_ITEM ('')
);
#2242 = EDGE_CURVE ('', #2230, #2237, #2241, .T.);
#2243 = ORIENTED_EDGE ('', *, *, #2242, .T.);
#2244 = CARTESIAN_POINT ('', (-120.75, 93.5, 3.5));
#2245 = VERTEX_POINT ('', #2244);
#2246 = CARTESIAN_POINT ('', (-107.75, 93.5, 3.5));
#2247 = CARTESIAN_POINT ('', (-120.75, 93.5, 3.5));
#2248 = B_SPLINE_CURVE_WITH_KNOTS ('', 1, (#2246, #2247), .UNSPECIFIED., .F., .U., (2, 2), (29., 42.), .UNSPECIFIED.);
#2249 = EDGE_CURVE ('', #2237, #2245, #2248, .T.);
#2250 = ORIENTED_EDGE ('', *, *, #2249, .T.);
#2251 = CARTESIAN_POINT ('', (-121.25, 93., 3.5));
#2252 = VERTEX_POINT ('', #2251);
#2253 = CARTESIAN_POINT ('', (-120.75, 93.5, 3.5));
#2254 = CARTESIAN_POINT ('', (-121.25, 93.5, 3.5));
#2255 = CARTESIAN_POINT ('', (-121.25, 93., 3.5));
#2256 = (
   BOUNDED_CURVE ()
   B_SPLINE_CURVE (2, (#2253, #2254, #2255), .UNSPECIFIED., .F., .U.)
   B_SPLINE_CURVE_WITH_KNOTS ((3, 3), (42., 43.), .UNSPECIFIED.)
   CURVE ()
   GEOMETRIC_REPRESENTATION_ITEM ()
   RATIONAL_B_SPLINE_CURVE ((1., 0.707106781186477, 1.))
   REPRESENTATION_ITEM ('')
);
#2257 = EDGE_CURVE ('', #2245, #2252, #2256, .T.);
#2258 = ORIENTED_EDGE ('', *, *, #2257, .T.);
#2259 = CARTESIAN_POINT ('', (-121.25, 80., 3.5));
#2260 = VERTEX_POINT ('', #2259);
#2261 = CARTESIAN_POINT ('', (-121.25, 93., 3.5));
#2262 = CARTESIAN_POINT ('', (-121.25, 80., 3.5));
#2263 = B_SPLINE_CURVE_WITH_KNOTS ('', 1, (#2261, #2262), .UNSPECIFIED., .F., .U., (2, 2), (43., 56.), .UNSPECIFIED.);
#2264 = EDGE_CURVE ('', #2252, #2260, #2263, .T.);
#2265 = ORIENTED_EDGE ('', *, *, #2264, .T.);
#2266 = CARTESIAN_POINT ('', (-121.25, 80., 3.5));
#2267 = CARTESIAN_POINT ('', (-121.25, 79.4999999999997, 3.5));
#2268 = CARTESIAN_POINT ('', (-120.75, 79.5000000000004, 3.5));
#2269 = (
   BOUNDED_CURVE ()
   B_SPLINE_CURVE (2, (#2266, #2267, #2268), .UNSPECIFIED., .F., .U.)
   B_SPLINE_CURVE_WITH_KNOTS ((3, 3), (0., 1.), .UNSPECIFIED.)
   CURVE ()
   GEOMETRIC_REPRESENTATION_ITEM ()
   RATIONAL_B_SPLINE_CURVE ((1., 0.707106781185924, 1.))
   REPRESENTATION_ITEM ('')
);
#2270 = EDGE_CURVE ('', #2260, #2213, #2269, .T.);
#2271 = ORIENTED_EDGE ('', *, *, #2270, .T.);
#2272 = EDGE_LOOP ('', (#2220, #2228, #2235, #2243, #2250, #2258, #2265, #2271));
#2273 = FACE_BOUND ('', #2272, .T.);
#2274 = CARTESIAN_POINT ('', (-101.75, 79.5, 3.5));
#2275 = VERTEX_POINT ('', #2274);
#2276 = CARTESIAN_POINT ('', (-88.75, 79.5, 3.5));
#2277 = VERTEX_POINT ('', #2276);
#2278 = CARTESIAN_POINT ('', (-101.75, 79.5, 3.5));
#2279 = CARTESIAN_POINT ('', (-88.75, 79.5, 3.5));
#2280 = B_SPLINE_CURVE_WITH_KNOTS ('', 1, (#2278, #2279), .UNSPECIFIED., .F., .U., (2, 2), (1., 14.), .UNSPECIFIED.);
#2281 = EDGE_CURVE ('', #2275, #2277, #2280, .T.);
#2282 = ORIENTED_EDGE ('', *, *, #2281, .T.);
#2283 = CARTESIAN_POINT ('', (-88.25, 80., 3.5));
#2284 = VERTEX_POINT ('', #2283);
#2285 = CARTESIAN_POINT ('', (-88.75, 79.5000000000003, 3.5));
#2286 = CARTESIAN_POINT ('', (-88.2500000000004, 79.5000000000004, 3.5));
#2287 = CARTESIAN_POINT ('', (-88.2499999999994, 80., 3.5));
#2288 = (
   BOUNDED_CURVE ()
   B_SPLINE_CURVE (2, (#2285, #2286, #2287), .UNSPECIFIED., .F., .U.)
   B_SPLINE_CURVE_WITH_KNOTS ((3, 3), (14., 15.), .UNSPECIFIED.)
   CURVE ()
   GEOMETRIC_REPRESENTATION_ITEM ()
   RATIONAL_B_SPLINE_CURVE ((1., 0.707106781187392, 1.))
   REPRESENTATION_ITEM ('')
);
#2289 = EDGE_CURVE ('', #2277, #2284, #2288, .T.);
#2290 = ORIENTED_EDGE ('', *, *, #2289, .T.);
#2291 = CARTESIAN_POINT ('', (-88.25, 93., 3.5));
#2292 = VERTEX_POINT ('', #2291);
#2293 = CARTESIAN_POINT ('', (-88.25, 80., 3.5));
#2294 = CARTESIAN_POINT ('', (-88.25, 93., 3.5));
#2295 = B_SPLINE_CURVE_WITH_KNOTS ('', 1, (#2293, #2294), .UNSPECIFIED., .F., .U., (2, 2), (15., 28.), .UNSPECIFIED.);
#2296 = EDGE_CURVE ('', #2284, #2292, #2295, .T.);
#2297 = ORIENTED_EDGE ('', *, *, #2296, .T.);
#2298 = CARTESIAN_POINT ('', (-88.75, 93.5, 3.5));
#2299 = VERTEX_POINT ('', #2298);
#2300 = CARTESIAN_POINT ('', (-88.2499999999999, 93., 3.5));
#2301 = CARTESIAN_POINT ('', (-88.2499999999998, 93.5000000000002, 3.5));
#2302 = CARTESIAN_POINT ('', (-88.75, 93.4999999999997, 3.5));
#2303 = (
   BOUNDED_CURVE ()
   B_SPLINE_CURVE (2, (#2300, #2301, #2302), .UNSPECIFIED., .F., .U.)
   B_SPLINE_CURVE_WITH_KNOTS ((3, 3), (28., 29.), .UNSPECIFIED.)
   CURVE ()
   GEOMETRIC_REPRESENTATION_ITEM ()
   RATIONAL_B_SPLINE_CURVE ((1., 0.707106781186186, 1.))
   REPRESENTATION_ITEM ('')
);
#2304 = EDGE_CURVE ('', #2292, #2299, #2303, .T.);
#2305 = ORIENTED_EDGE ('', *, *, #2304, .T.);
#2306 = CARTESIAN_POINT ('', (-101.75, 93.5, 3.5));
#2307 = VERTEX_POINT ('', #2306);
#2308 = CARTESIAN_POINT ('', (-88.75, 93.5, 3.5));
#2309 = CARTESIAN_POINT ('', (-101.75, 93.5, 3.5));
#2310 = B_SPLINE_CURVE_WITH_KNOTS ('', 1, (#2308, #2309), .UNSPECIFIED., .F., .U., (2, 2), (29., 42.), .UNSPECIFIED.);
#2311 = EDGE_CURVE ('', #2299, #2307, #2310, .T.);
#2312 = ORIENTED_EDGE ('', *, *, #2311, .T.);
#2313 = CARTESIAN_POINT ('', (-102.25, 93., 3.5));
#2314 = VERTEX_POINT ('', #2313);
#2315 = CARTESIAN_POINT ('', (-101.75, 93.4999999999998, 3.5));
#2316 = CARTESIAN_POINT ('', (-102.25, 93.4999999999997, 3.5));
#2317 = CARTESIAN_POINT ('', (-102.25, 93., 3.5));
#2318 = (
   BOUNDED_CURVE ()
   B_SPLINE_CURVE (2, (#2315, #2316, #2317), .UNSPECIFIED., .F., .U.)
   B_SPLINE_CURVE_WITH_KNOTS ((3, 3), (42., 43.), .UNSPECIFIED.)
   CURVE ()
   GEOMETRIC_REPRESENTATION_ITEM ()
   RATIONAL_B_SPLINE_CURVE ((1., 0.70710678118704, 1.))
   REPRESENTATION_ITEM ('')
);
#2319 = EDGE_CURVE ('', #2307, #2314, #2318, .T.);
#2320 = ORIENTED_EDGE ('', *, *, #2319, .T.);
#2321 = CARTESIAN_POINT ('', (-102.25, 80., 3.5));
#2322 = VERTEX_POINT ('', #2321);
#2323 = CARTESIAN_POINT ('', (-102.25, 93., 3.5));
#2324 = CARTESIAN_POINT ('', (-102.25, 80., 3.5));
#2325 = B_SPLINE_CURVE_WITH_KNOTS ('', 1, (#2323, #2324), .UNSPECIFIED., .F., .U., (2, 2), (43., 56.), .UNSPECIFIED.);
#2326 = EDGE_CURVE ('', #2314, #2322, #2325, .T.);
#2327 = ORIENTED_EDGE ('', *, *, #2326, .T.);
#2328 = CARTESIAN_POINT ('', (-102.25, 80., 3.5));
#2329 = CARTESIAN_POINT ('', (-102.25, 79.4999999999998, 3.5));
#2330 = CARTESIAN_POINT ('', (-101.75, 79.5000000000002, 3.5));
#2331 = (
   BOUNDED_CURVE ()
   B_SPLINE_CURVE (2, (#2328, #2329, #2330), .UNSPECIFIED., .F., .U.)
   B_SPLINE_CURVE_WITH_KNOTS ((3, 3), (0., 1.), .UNSPECIFIED.)
   CURVE ()
   GEOMETRIC_REPRESENTATION_ITEM ()
   RATIONAL_B_SPLINE_CURVE ((1., 0.707106781186216, 1.))
   REPRESENTATION_ITEM ('')
);
#2332 = EDGE_CURVE ('', #2322, #2275, #2331, .T.);
#2333 = ORIENTED_EDGE ('', *, *, #2332, .T.);
#2334 = EDGE_LOOP ('', (#2282, #2290, #2297, #2305, #2312, #2320, #2327, #2333));
#2335 = FACE_BOUND ('', #2334, .T.);
#2336 = CARTESIAN_POINT ('', (-83.1204630894369, 79.3525853879891, 3.5));
#2337 = VERTEX_POINT ('', #2336);
#2338 = CARTESIAN_POINT ('', (-70.1382791376274, 78.6722179568309, 3.5));
#2339 = VERTEX_POINT ('', #2338);
#2340 = CARTESIAN_POINT ('', (-83.1204630894369, 79.3525853879891, 3.5));
#2341 = CARTESIAN_POINT ('', (-70.1382791376274, 78.6722179568309, 3.5));
#2342 = B_SPLINE_CURVE_WITH_KNOTS ('', 1, (#2340, #2341), .UNSPECIFIED., .F., .U., (2, 2), (1., 14.), .UNSPECIFIED.);
#2343 = EDGE_CURVE ('', #2337, #2339, #2342, .T.);
#2344 = ORIENTED_EDGE ('', *, *, #2343, .T.);
#2345 = CARTESIAN_POINT ('', (-69.6127963921287, 79.1453647460867, 3.5));
#2346 = VERTEX_POINT ('', #2345);
#2347 = CARTESIAN_POINT ('', (-70.1382791376274, 78.6722179568308, 3.5));
#2348 = CARTESIAN_POINT ('', (-69.6389643702501, 78.6460499787093, 3.5));
#2349 = CARTESIAN_POINT ('', (-69.6127963921288, 79.1453647460867, 3.5));
#2350 = (
   BOUNDED_CURVE ()
   B_SPLINE_CURVE (2, (#2347, #2348, #2349), .UNSPECIFIED., .F., .U.)
   B_SPLINE_CURVE_WITH_KNOTS ((3, 3), (14., 15.), .UNSPECIFIED.)
   CURVE ()
   GEOMETRIC_REPRESENTATION_ITEM ()
   RATIONAL_B_SPLINE_CURVE ((1., 0.707106781186329, 1.))
   REPRESENTATION_ITEM ('')
);
#2351 = EDGE_CURVE ('', #2339, #2346, #2350, .T.);
#2352 = ORIENTED_EDGE ('', *, *, #2351, .T.);
#2353 = CARTESIAN_POINT ('', (-68.9324289609704, 92.1275486978961, 3.5));
#2354 = VERTEX_POINT ('', #2353);
#2355 = CARTESIAN_POINT ('', (-69.6127963921287, 79.1453647460867, 3.5));
#2356 = CARTESIAN_POINT ('', (-68.9324289609704, 92.1275486978961, 3.5));
#2357 = B_SPLINE_CURVE_WITH_KNOTS ('', 1, (#2355, #2356), .UNSPECIFIED., .F., .U., (2, 2), (15., 28.), .UNSPECIFIED.);
#2358 = EDGE_CURVE ('', #2346, #2354, #2357, .T.);
#2359 = ORIENTED_EDGE ('', *, *, #2358, .T.);
#2360 = CARTESIAN_POINT ('', (-69.4055757502262, 92.6530314433949, 3.5));
#2361 = VERTEX_POINT ('', #2360);
#2362 = CARTESIAN_POINT ('', (-68.9324289609704, 92.1275486978961, 3.5));
#2363 = CARTESIAN_POINT ('', (-68.906260982849, 92.6268634652734, 3.5));
#2364 = CARTESIAN_POINT ('', (-69.4055757502262, 92.653031443395, 3.5));
#2365 = (
   BOUNDED_CURVE ()
   B_SPLINE_CURVE (2, (#2362, #2363, #2364), .UNSPECIFIED., .F., .U.)
   B_SPLINE_CURVE_WITH_KNOTS ((3, 3), (28., 29.), .UNSPECIFIED.)
   CURVE ()
   GEOMETRIC_REPRESENTATION_ITEM ()
   RATIONAL_B_SPLINE_CURVE ((1., 0.707106781186704, 1.))
   REPRESENTATION_ITEM ('')
);
#2366 = EDGE_CURVE ('', #2354, #2361, #2365, .T.);
#2367 = ORIENTED_EDGE ('', *, *, #2366, .T.);
#2368 = CARTESIAN_POINT ('', (-82.3877597020357, 93.3333988745532, 3.5));
#2369 = VERTEX_POINT ('', #2368);
#2370 = CARTESIAN_POINT ('', (-69.4055757502262, 92.6530314433949, 3.5));
#2371 = CARTESIAN_POINT ('', (-82.3877597020357, 93.3333988745532, 3.5));
#2372 = B_SPLINE_CURVE_WITH_KNOTS ('', 1, (#2370, #2371), .UNSPECIFIED., .F., .U., (2, 2), (29., 42.), .UNSPECIFIED.);
#2373 = EDGE_CURVE ('', #2361, #2369, #2372, .T.);
#2374 = ORIENTED_EDGE ('', *, *, #2373, .T.);
#2375 = CARTESIAN_POINT ('', (-82.9132424475344, 92.8602520852974, 3.5));
#2376 = VERTEX_POINT ('', #2375);
#2377 = CARTESIAN_POINT ('', (-82.3877597020357, 93.3333988745532, 3.5));
#2378 = CARTESIAN_POINT ('', (-82.887074469413, 93.3595668526747, 3.5));
#2379 = CARTESIAN_POINT ('', (-82.9132424475343, 92.8602520852973, 3.5));
#2380 = (
   BOUNDED_CURVE ()
   B_SPLINE_CURVE (2, (#2377, #2378, #2379), .UNSPECIFIED., .F., .U.)
   B_SPLINE_CURVE_WITH_KNOTS ((3, 3), (42., 43.), .UNSPECIFIED.)
   CURVE ()
   GEOMETRIC_REPRESENTATION_ITEM ()
   RATIONAL_B_SPLINE_CURVE ((1., 0.707106781186431, 1.))
   REPRESENTATION_ITEM ('')
);
#2381 = EDGE_CURVE ('', #2369, #2376, #2380, .T.);
#2382 = ORIENTED_EDGE ('', *, *, #2381, .T.);
#2383 = CARTESIAN_POINT ('', (-83.5936098786927, 79.8780681334879, 3.5));
#2384 = VERTEX_POINT ('', #2383);
#2385 = CARTESIAN_POINT ('', (-82.9132424475344, 92.8602520852974, 3.5));
#2386 = CARTESIAN_POINT ('', (-83.5936098786927, 79.8780681334879, 3.5));
#2387 = B_SPLINE_CURVE_WITH_KNOTS ('', 1, (#2385, #2386), .UNSPECIFIED., .F., .U., (2, 2), (43., 56.), .UNSPECIFIED.);
#2388 = EDGE_CURVE ('', #2376, #2384, #2387, .T.);
#2389 = ORIENTED_EDGE ('', *, *, #2388, .T.);
#2390 = CARTESIAN_POINT ('', (-83.5936098786928, 79.8780681334879, 3.5));
#2391 = CARTESIAN_POINT ('', (-83.6197778568143, 79.3787533661105, 3.5));
#2392 = CARTESIAN_POINT ('', (-83.1204630894369, 79.3525853879893, 3.5));
#2393 = (
   BOUNDED_CURVE ()
   B_SPLINE_CURVE (2, (#2390, #2391, #2392), .UNSPECIFIED., .F., .U.)
   B_SPLINE_CURVE_WITH_KNOTS ((3, 3), (0., 1.), .UNSPECIFIED.)
   CURVE ()
   GEOMETRIC_REPRESENTATION_ITEM ()
   RATIONAL_B_SPLINE_CURVE ((1., 0.707106781186359, 1.))
   REPRESENTATION_ITEM ('')
);
#2394 = EDGE_CURVE ('', #2384, #2337, #2393, .T.);
#2395 = ORIENTED_EDGE ('', *, *, #2394, .T.);
#2396 = EDGE_LOOP ('', (#2344, #2352, #2359, #2367, #2374, #2382, #2389, #2395));
#2397 = FACE_BOUND ('', #2396, .T.);
#2398 = CARTESIAN_POINT ('', (-64.5241723964319, 78.2303781740032, 3.5));
#2399 = VERTEX_POINT ('', #2398);
#2400 = CARTESIAN_POINT ('', (-51.5953877566443, 76.8715081515237, 3.5));
#2401 = VERTEX_POINT ('', #2400);
#2402 = CARTESIAN_POINT ('', (-64.5241723964319, 78.2303781740032, 3.5));
#2403 = CARTESIAN_POINT ('', (-51.5953877566443, 76.8715081515237, 3.5));
#2404 = B_SPLINE_CURVE_WITH_KNOTS ('', 1, (#2402, #2403), .UNSPECIFIED., .F., .U., (2, 2), (1., 14.), .UNSPECIFIED.);
#2405 = EDGE_CURVE ('', #2399, #2401, #2404, .T.);
#2406 = ORIENTED_EDGE ('', *, *, #2405, .T.);
#2407 = CARTESIAN_POINT ('', (-51.0458625773263, 77.316504867574, 3.5));
#2408 = VERTEX_POINT ('', #2407);
#2409 = CARTESIAN_POINT ('', (-51.5953877566443, 76.8715081515239, 3.5));
#2410 = CARTESIAN_POINT ('', (-51.0981268089604, 76.8192439198901, 3.5));
#2411 = CARTESIAN_POINT ('', (-51.045862577326, 77.316504867574, 3.5));
#2412 = (
   BOUNDED_CURVE ()
   B_SPLINE_CURVE (2, (#2409, #2410, #2411), .UNSPECIFIED., .F., .U.)
   B_SPLINE_CURVE_WITH_KNOTS ((3, 3), (14., 15.), .UNSPECIFIED.)
   CURVE ()
   GEOMETRIC_REPRESENTATION_ITEM ()
   RATIONAL_B_SPLINE_CURVE ((1., 0.707106781187001, 1.))
   REPRESENTATION_ITEM ('')
);
#2413 = EDGE_CURVE ('', #2401, #2408, #2412, .T.);
#2414 = ORIENTED_EDGE ('', *, *, #2413, .T.);
#2415 = CARTESIAN_POINT ('', (-49.6869925548468, 90.2452895073616, 3.5));
#2416 = VERTEX_POINT ('', #2415);
#2417 = CARTESIAN_POINT ('', (-51.0458625773263, 77.316504867574, 3.5));
#2418 = CARTESIAN_POINT ('', (-49.6869925548468, 90.2452895073616, 3.5));
#2419 = B_SPLINE_CURVE_WITH_KNOTS ('', 1, (#2417, #2418), .UNSPECIFIED., .F., .U., (2, 2), (15., 28.), .UNSPECIFIED.);
#2420 = EDGE_CURVE ('', #2408, #2416, #2419, .T.);
#2421 = ORIENTED_EDGE ('', *, *, #2420, .T.);
#2422 = CARTESIAN_POINT ('', (-50.1319892708972, 90.7948146866795, 3.5));
#2423 = VERTEX_POINT ('', #2422);
#2424 = CARTESIAN_POINT ('', (-49.6869925548468, 90.2452895073616, 3.5));
#2425 = CARTESIAN_POINT ('', (-49.634728323213, 90.7425504550457, 3.5));
#2426 = CARTESIAN_POINT ('', (-50.1319892708972, 90.7948146866795, 3.5));
#2427 = (
   BOUNDED_CURVE ()
   B_SPLINE_CURVE (2, (#2424, #2425, #2426), .UNSPECIFIED., .F., .U.)
   B_SPLINE_CURVE_WITH_KNOTS ((3, 3), (28., 29.), .UNSPECIFIED.)
   CURVE ()
   GEOMETRIC_REPRESENTATION_ITEM ()
   RATIONAL_B_SPLINE_CURVE ((1., 0.707106781186539, 1.))
   REPRESENTATION_ITEM ('')
);
#2428 = EDGE_CURVE ('', #2416, #2423, #2427, .T.);
#2429 = ORIENTED_EDGE ('', *, *, #2428, .T.);
#2430 = CARTESIAN_POINT ('', (-63.0607739106847, 92.153684709159, 3.5));
#2431 = VERTEX_POINT ('', #2430);
#2432 = CARTESIAN_POINT ('', (-50.1319892708972, 90.7948146866795, 3.5));
#2433 = CARTESIAN_POINT ('', (-63.0607739106847, 92.153684709159, 3.5));
#2434 = B_SPLINE_CURVE_WITH_KNOTS ('', 1, (#2432, #2433), .UNSPECIFIED., .F., .U., (2, 2), (29., 42.), .UNSPECIFIED.);
#2435 = EDGE_CURVE ('', #2423, #2431, #2434, .T.);
#2436 = ORIENTED_EDGE ('', *, *, #2435, .T.);
#2437 = CARTESIAN_POINT ('', (-63.6102990900027, 91.7086879931087, 3.5));
#2438 = VERTEX_POINT ('', #2437);
#2439 = CARTESIAN_POINT ('', (-63.0607739106847, 92.1536847091589, 3.5));
#2440 = CARTESIAN_POINT ('', (-63.5580348583687, 92.2059489407927, 3.5));
#2441 = CARTESIAN_POINT ('', (-63.6102990900029, 91.7086879931088, 3.5));
#2442 = (
   BOUNDED_CURVE ()
   B_SPLINE_CURVE (2, (#2439, #2440, #2441), .UNSPECIFIED., .F., .U.)
   B_SPLINE_CURVE_WITH_KNOTS ((3, 3), (42., 43.), .UNSPECIFIED.)
   CURVE ()
   GEOMETRIC_REPRESENTATION_ITEM ()
   RATIONAL_B_SPLINE_CURVE ((1., 0.70710678118687, 1.))
   REPRESENTATION_ITEM ('')
);
#2443 = EDGE_CURVE ('', #2431, #2438, #2442, .T.);
#2444 = ORIENTED_EDGE ('', *, *, #2443, .T.);
#2445 = CARTESIAN_POINT ('', (-64.9691691124822, 78.7799033533212, 3.5));
#2446 = VERTEX_POINT ('', #2445);
#2447 = CARTESIAN_POINT ('', (-63.6102990900027, 91.7086879931087, 3.5));
#2448 = CARTESIAN_POINT ('', (-64.9691691124822, 78.7799033533212, 3.5));
#2449 = B_SPLINE_CURVE_WITH_KNOTS ('', 1, (#2447, #2448), .UNSPECIFIED., .F., .U., (2, 2), (43., 56.), .UNSPECIFIED.);
#2450 = EDGE_CURVE ('', #2438, #2446, #2449, .T.);
#2451 = ORIENTED_EDGE ('', *, *, #2450, .T.);
#2452 = CARTESIAN_POINT ('', (-64.9691691124822, 78.7799033533212, 3.5));
#2453 = CARTESIAN_POINT ('', (-65.0214333441161, 78.2826424056369, 3.5));
#2454 = CARTESIAN_POINT ('', (-64.5241723964319, 78.2303781740033, 3.5));
#2455 = (
   BOUNDED_CURVE ()
   B_SPLINE_CURVE (2, (#2452, #2453, #2454), .UNSPECIFIED., .F., .U.)
   B_SPLINE_CURVE_WITH_KNOTS ((3, 3), (0., 1.), .UNSPECIFIED.)
   CURVE ()
   GEOMETRIC_REPRESENTATION_ITEM ()
   RATIONAL_B_SPLINE_CURVE ((1., 0.707106781186353, 1.))
   REPRESENTATION_ITEM ('')
);
#2456 = EDGE_CURVE ('', #2446, #2399, #2455, .T.);
#2457 = ORIENTED_EDGE ('', *, *, #2456, .T.);
#2458 = EDGE_LOOP ('', (#2406, #2414, #2421, #2429, #2436, #2444, #2451, #2457));
#2459 = FACE_BOUND ('', #2458, .T.);
#2460 = CARTESIAN_POINT ('', (-45.8194715890848, 76.1878834230218, 3.5));
#2461 = VERTEX_POINT ('', #2460);
#2462 = CARTESIAN_POINT ('', (-32.9306883912253, 74.4910429241612, 3.5));
#2463 = VERTEX_POINT ('', #2462);
#2464 = CARTESIAN_POINT ('', (-45.8194715890848, 76.1878834230218, 3.5));
#2465 = CARTESIAN_POINT ('', (-32.9306883912253, 74.4910429241612, 3.5));
#2466 = B_SPLINE_CURVE_WITH_KNOTS ('', 1, (#2464, #2465), .UNSPECIFIED., .F., .U., (2, 2), (1., 14.), .UNSPECIFIED.);
#2467 = EDGE_CURVE ('', #2461, #2463, #2466, .T.);
#2468 = ORIENTED_EDGE ('', *, *, #2467, .T.);
#2469 = CARTESIAN_POINT ('', (-32.3697028644284, 74.921502258738, 3.5));
#2470 = VERTEX_POINT ('', #2469);
#2471 = CARTESIAN_POINT ('', (-32.9306883912253, 74.4910429241611, 3.5));
#2472 = CARTESIAN_POINT ('', (-32.4349659605383, 74.425779828051, 3.5));
#2473 = CARTESIAN_POINT ('', (-32.3697028644286, 74.9215022587381, 3.5));
#2474 = (
   BOUNDED_CURVE ()
   B_SPLINE_CURVE (2, (#2471, #2472, #2473), .UNSPECIFIED., .F., .U.)
   B_SPLINE_CURVE_WITH_KNOTS ((3, 3), (14., 15.), .UNSPECIFIED.)
   CURVE ()
   GEOMETRIC_REPRESENTATION_ITEM ()
   RATIONAL_B_SPLINE_CURVE ((1., 0.707106781186265, 1.))
   REPRESENTATION_ITEM ('')
);
#2475 = EDGE_CURVE ('', #2463, #2470, #2474, .T.);
#2476 = ORIENTED_EDGE ('', *, *, #2475, .T.);
#2477 = CARTESIAN_POINT ('', (-30.6728623655677, 87.8102854565976, 3.5));
#2478 = VERTEX_POINT ('', #2477);
#2479 = CARTESIAN_POINT ('', (-32.3697028644284, 74.921502258738, 3.5));
#2480 = CARTESIAN_POINT ('', (-30.6728623655677, 87.8102854565976, 3.5));
#2481 = B_SPLINE_CURVE_WITH_KNOTS ('', 1, (#2479, #2480), .UNSPECIFIED., .F., .U., (2, 2), (15., 28.), .UNSPECIFIED.);
#2482 = EDGE_CURVE ('', #2470, #2478, #2481, .T.);
#2483 = ORIENTED_EDGE ('', *, *, #2482, .T.);
#2484 = CARTESIAN_POINT ('', (-31.1033217001446, 88.3712709833945, 3.5));
#2485 = VERTEX_POINT ('', #2484);
#2486 = CARTESIAN_POINT ('', (-30.6728623655678, 87.8102854565976, 3.5));
#2487 = CARTESIAN_POINT ('', (-30.6075992694578, 88.3060078872844, 3.5));
#2488 = CARTESIAN_POINT ('', (-31.1033217001446, 88.3712709833947, 3.5));
#2489 = (
   BOUNDED_CURVE ()
   B_SPLINE_CURVE (2, (#2486, #2487, #2488), .UNSPECIFIED., .F., .U.)
   B_SPLINE_CURVE_WITH_KNOTS ((3, 3), (28., 29.), .UNSPECIFIED.)
   CURVE ()
   GEOMETRIC_REPRESENTATION_ITEM ()
   RATIONAL_B_SPLINE_CURVE ((1., 0.707106781186804, 1.))
   REPRESENTATION_ITEM ('')
);
#2490 = EDGE_CURVE ('', #2478, #2485, #2489, .T.);
#2491 = ORIENTED_EDGE ('', *, *, #2490, .T.);
#2492 = CARTESIAN_POINT ('', (-43.9921048980041, 90.0681114822552, 3.5));
#2493 = VERTEX_POINT ('', #2492);
#2494 = CARTESIAN_POINT ('', (-31.1033217001446, 88.3712709833945, 3.5));
#2495 = CARTESIAN_POINT ('', (-43.9921048980041, 90.0681114822552, 3.5));
#2496 = B_SPLINE_CURVE_WITH_KNOTS ('', 1, (#2494, #2495), .UNSPECIFIED., .F., .U., (2, 2), (29., 42.), .UNSPECIFIED.);
#2497 = EDGE_CURVE ('', #2485, #2493, #2496, .T.);
#2498 = ORIENTED_EDGE ('', *, *, #2497, .T.);
#2499 = CARTESIAN_POINT ('', (-44.5530904248011, 89.6376521476783, 3.5));
#2500 = VERTEX_POINT ('', #2499);
#2501 = CARTESIAN_POINT ('', (-43.9921048980041, 90.0681114822552, 3.5));
#2502 = CARTESIAN_POINT ('', (-44.4878273286911, 90.1333745783652, 3.5));
#2503 = CARTESIAN_POINT ('', (-44.553090424801, 89.6376521476783, 3.5));
#2504 = (
   BOUNDED_CURVE ()
   B_SPLINE_CURVE (2, (#2501, #2502, #2503), .UNSPECIFIED., .F., .U.)
   B_SPLINE_CURVE_WITH_KNOTS ((3, 3), (42., 43.), .UNSPECIFIED.)
   CURVE ()
   GEOMETRIC_REPRESENTATION_ITEM ()
   RATIONAL_B_SPLINE_CURVE ((1., 0.707106781186515, 1.))
   REPRESENTATION_ITEM ('')
);
#2505 = EDGE_CURVE ('', #2493, #2500, #2504, .T.);
#2506 = ORIENTED_EDGE ('', *, *, #2505, .T.);
#2507 = CARTESIAN_POINT ('', (-46.2499309236617, 76.7488689498188, 3.5));
#2508 = VERTEX_POINT ('', #2507);
#2509 = CARTESIAN_POINT ('', (-44.5530904248011, 89.6376521476783, 3.5));
#2510 = CARTESIAN_POINT ('', (-46.2499309236617, 76.7488689498188, 3.5));
#2511 = B_SPLINE_CURVE_WITH_KNOTS ('', 1, (#2509, #2510), .UNSPECIFIED., .F., .U., (2, 2), (43., 56.), .UNSPECIFIED.);
#2512 = EDGE_CURVE ('', #2500, #2508, #2511, .T.);
#2513 = ORIENTED_EDGE ('', *, *, #2512, .T.);
#2514 = CARTESIAN_POINT ('', (-46.2499309236617, 76.7488689498188, 3.5));
#2515 = CARTESIAN_POINT ('', (-46.3151940197717, 76.2531465191319, 3.5));
#2516 = CARTESIAN_POINT ('', (-45.8194715890848, 76.1878834230218, 3.5));
#2517 = (
   BOUNDED_CURVE ()
   B_SPLINE_CURVE (2, (#2514, #2515, #2516), .UNSPECIFIED., .F., .U.)
   B_SPLINE_CURVE_WITH_KNOTS ((3, 3), (0., 1.), .UNSPECIFIED.)
   CURVE ()
   GEOMETRIC_REPRESENTATION_ITEM ()
   RATIONAL_B_SPLINE_CURVE ((1., 0.70710678118666, 1.))
   REPRESENTATION_ITEM ('')
);
#2518 = EDGE_CURVE ('', #2508, #2461, #2517, .T.);
#2519 = ORIENTED_EDGE ('', *, *, #2518, .T.);
#2520 = EDGE_LOOP ('', (#2468, #2476, #2483, #2491, #2498, #2506, #2513, #2519));
#2521 = FACE_BOUND ('', #2520, .T.);
#2522 = CARTESIAN_POINT ('', (-69.0649724943599, 97.788839358835, 3.5));
#2523 = VERTEX_POINT ('', #2522);
#2524 = CARTESIAN_POINT ('', (-56.1050471558293, 96.768871114373, 3.5));
#2525 = VERTEX_POINT ('', #2524);
#2526 = CARTESIAN_POINT ('', (-69.0649724943599, 97.788839358835, 3.5));
#2527 = CARTESIAN_POINT ('', (-56.1050471558293, 96.768871114373, 3.5));
#2528 = B_SPLINE_CURVE_WITH_KNOTS ('', 1, (#2526, #2527), .UNSPECIFIED., .F., .U., (2, 2), (1., 14.), .UNSPECIFIED.);
#2529 = EDGE_CURVE ('', #2523, #2525, #2528, .T.);
#2530 = ORIENTED_EDGE ('', *, *, #2529, .T.);
#2531 = CARTESIAN_POINT ('', (-55.5673589410988, 97.2281002333756, 3.5));
#2532 = VERTEX_POINT ('', #2531);
#2533 = CARTESIAN_POINT ('', (-56.1050471558293, 96.768871114373, 3.5));
#2534 = CARTESIAN_POINT ('', (-55.6065884889627, 96.729641566509, 3.5));
#2535 = CARTESIAN_POINT ('', (-55.5673589410989, 97.2281002333756, 3.5));
#2536 = (
   BOUNDED_CURVE ()
   B_SPLINE_CURVE (2, (#2533, #2534, #2535), .UNSPECIFIED., .F., .U.)
   B_SPLINE_CURVE_WITH_KNOTS ((3, 3), (14., 15.), .UNSPECIFIED.)
   CURVE ()
   GEOMETRIC_REPRESENTATION_ITEM ()
   RATIONAL_B_SPLINE_CURVE ((1., 0.707106781186487, 1.))
   REPRESENTATION_ITEM ('')
);
#2537 = EDGE_CURVE ('', #2525, #2532, #2536, .T.);
#2538 = ORIENTED_EDGE ('', *, *, #2537, .T.);
#2539 = CARTESIAN_POINT ('', (-54.5473906966368, 110.188025571906, 3.5));
#2540 = VERTEX_POINT ('', #2539);
#2541 = CARTESIAN_POINT ('', (-55.5673589410988, 97.2281002333756, 3.5));
#2542 = CARTESIAN_POINT ('', (-54.5473906966368, 110.188025571906, 3.5));
#2543 = B_SPLINE_CURVE_WITH_KNOTS ('', 1, (#2541, #2542), .UNSPECIFIED., .F., .U., (2, 2), (15., 28.), .UNSPECIFIED.);
#2544 = EDGE_CURVE ('', #2532, #2540, #2543, .T.);
#2545 = ORIENTED_EDGE ('', *, *, #2544, .T.);
#2546 = CARTESIAN_POINT ('', (-55.0066198156394, 110.725713786637, 3.5));
#2547 = VERTEX_POINT ('', #2546);
#2548 = CARTESIAN_POINT ('', (-54.5473906966369, 110.188025571906, 3.5));
#2549 = CARTESIAN_POINT ('', (-54.508161148773, 110.686484238773, 3.5));
#2550 = CARTESIAN_POINT ('', (-55.0066198156394, 110.725713786637, 3.5));
#2551 = (
   BOUNDED_CURVE ()
   B_SPLINE_CURVE (2, (#2548, #2549, #2550), .UNSPECIFIED., .F., .U.)
   B_SPLINE_CURVE_WITH_KNOTS ((3, 3), (28., 29.), .UNSPECIFIED.)
   CURVE ()
   GEOMETRIC_REPRESENTATION_ITEM ()
   RATIONAL_B_SPLINE_CURVE ((1., 0.707106781186833, 1.))
   REPRESENTATION_ITEM ('')
);
#2552 = EDGE_CURVE ('', #2540, #2547, #2551, .T.);
#2553 = ORIENTED_EDGE ('', *, *, #2552, .T.);
#2554 = CARTESIAN_POINT ('', (-67.9665451541701, 111.745682031099, 3.5));
#2555 = VERTEX_POINT ('', #2554);
#2556 = CARTESIAN_POINT ('', (-55.0066198156394, 110.725713786637, 3.5));
#2557 = CARTESIAN_POINT ('', (-67.9665451541701, 111.745682031099, 3.5));
#2558 = B_SPLINE_CURVE_WITH_KNOTS ('', 1, (#2556, #2557), .UNSPECIFIED., .F., .U., (2, 2), (29., 42.), .UNSPECIFIED.);
#2559 = EDGE_CURVE ('', #2547, #2555, #2558, .T.);
#2560 = ORIENTED_EDGE ('', *, *, #2559, .T.);
#2561 = CARTESIAN_POINT ('', (-68.5042333689006, 111.286452912096, 3.5));
#2562 = VERTEX_POINT ('', #2561);
#2563 = CARTESIAN_POINT ('', (-67.9665451541701, 111.745682031099, 3.5));
#2564 = CARTESIAN_POINT ('', (-68.4650038210368, 111.784911578963, 3.5));
#2565 = CARTESIAN_POINT ('', (-68.5042333689004, 111.286452912096, 3.5));
#2566 = (
   BOUNDED_CURVE ()
   B_SPLINE_CURVE (2, (#2563, #2564, #2565), .UNSPECIFIED., .F., .U.)
   B_SPLINE_CURVE_WITH_KNOTS ((3, 3), (42., 43.), .UNSPECIFIED.)
   CURVE ()
   GEOMETRIC_REPRESENTATION_ITEM ()
   RATIONAL_B_SPLINE_CURVE ((1., 0.70710678118625, 1.))
   REPRESENTATION_ITEM ('')
);
#2567 = EDGE_CURVE ('', #2555, #2562, #2566, .T.);
#2568 = ORIENTED_EDGE ('', *, *, #2567, .T.);
#2569 = CARTESIAN_POINT ('', (-69.5242016133626, 98.3265275735655, 3.5));
#2570 = VERTEX_POINT ('', #2569);
#2571 = CARTESIAN_POINT ('', (-68.5042333689006, 111.286452912096, 3.5));
#2572 = CARTESIAN_POINT ('', (-69.5242016133626, 98.3265275735655, 3.5));
#2573 = B_SPLINE_CURVE_WITH_KNOTS ('', 1, (#2571, #2572), .UNSPECIFIED., .F., .U., (2, 2), (43., 56.), .UNSPECIFIED.);
#2574 = EDGE_CURVE ('', #2562, #2570, #2573, .T.);
#2575 = ORIENTED_EDGE ('', *, *, #2574, .T.);
#2576 = CARTESIAN_POINT ('', (-69.5242016133627, 98.3265275735655, 3.5));
#2577 = CARTESIAN_POINT ('', (-69.5634311612268, 97.8280689066987, 3.5));
#2578 = CARTESIAN_POINT ('', (-69.0649724943599, 97.7888393588353, 3.5));
#2579 = (
   BOUNDED_CURVE ()
   B_SPLINE_CURVE (2, (#2576, #2577, #2578), .UNSPECIFIED., .F., .U.)
   B_SPLINE_CURVE_WITH_KNOTS ((3, 3), (0., 1.), .UNSPECIFIED.)
   CURVE ()
   GEOMETRIC_REPRESENTATION_ITEM ()
   RATIONAL_B_SPLINE_CURVE ((1., 0.707106781186058, 1.))
   REPRESENTATION_ITEM ('')
);
#2580 = EDGE_CURVE ('', #2570, #2523, #2579, .T.);
#2581 = ORIENTED_EDGE ('', *, *, #2580, .T.);
#2582 = EDGE_LOOP ('', (#2530, #2538, #2545, #2553, #2560, #2568, #2575, #2581));
#2583 = FACE_BOUND ('', #2582, .T.);
#2584 = CARTESIAN_POINT ('', (-87.6842666632284, 98.4238678802475, 3.5));
#2585 = VERTEX_POINT ('', #2584);
#2586 = CARTESIAN_POINT ('', (-74.6887214385462, 98.0835675522451, 3.5));
#2587 = VERTEX_POINT ('', #2586);
#2588 = CARTESIAN_POINT ('', (-87.6842666632284, 98.4238678802475, 3.5));
#2589 = CARTESIAN_POINT ('', (-74.6887214385462, 98.0835675522451, 3.5));
#2590 = B_SPLINE_CURVE_WITH_KNOTS ('', 1, (#2588, #2589), .UNSPECIFIED., .F., .U., (2, 2), (1., 14.), .UNSPECIFIED.);
#2591 = EDGE_CURVE ('', #2585, #2587, #2590, .T.);
#2592 = ORIENTED_EDGE ('', *, *, #2591, .T.);
#2593 = CARTESIAN_POINT ('', (-74.1758043019045, 98.570307740579, 3.5));
#2594 = VERTEX_POINT ('', #2593);
#2595 = CARTESIAN_POINT ('', (-74.6887214385462, 98.0835675522451, 3.5));
#2596 = CARTESIAN_POINT ('', (-74.1888927760584, 98.0704790780912, 3.5));
#2597 = CARTESIAN_POINT ('', (-74.1758043019045, 98.570307740579, 3.5));
#2598 = (
   BOUNDED_CURVE ()
   B_SPLINE_CURVE (2, (#2595, #2596, #2597), .UNSPECIFIED., .F., .U.)
   B_SPLINE_CURVE_WITH_KNOTS ((3, 3), (14., 15.), .UNSPECIFIED.)
   CURVE ()
   GEOMETRIC_REPRESENTATION_ITEM ()
   RATIONAL_B_SPLINE_CURVE ((1., 0.707106781186466, 1.))
   REPRESENTATION_ITEM ('')
);
#2599 = EDGE_CURVE ('', #2587, #2594, #2598, .T.);
#2600 = ORIENTED_EDGE ('', *, *, #2599, .T.);
#2601 = CARTESIAN_POINT ('', (-73.8355039739021, 111.565852965261, 3.5));
#2602 = VERTEX_POINT ('', #2601);
#2603 = CARTESIAN_POINT ('', (-74.1758043019045, 98.570307740579, 3.5));
#2604 = CARTESIAN_POINT ('', (-73.8355039739021, 111.565852965261, 3.5));
#2605 = B_SPLINE_CURVE_WITH_KNOTS ('', 1, (#2603, #2604), .UNSPECIFIED., .F., .U., (2, 2), (15., 28.), .UNSPECIFIED.);
#2606 = EDGE_CURVE ('', #2594, #2602, #2605, .T.);
#2607 = ORIENTED_EDGE ('', *, *, #2606, .T.);
#2608 = CARTESIAN_POINT ('', (-74.322244162236, 112.078770101903, 3.5));
#2609 = VERTEX_POINT ('', #2608);
#2610 = CARTESIAN_POINT ('', (-73.8355039739021, 111.565852965261, 3.5));
#2611 = CARTESIAN_POINT ('', (-73.8224154997482, 112.065681627749, 3.5));
#2612 = CARTESIAN_POINT ('', (-74.322244162236, 112.078770101903, 3.5));
#2613 = (
   BOUNDED_CURVE ()
   B_SPLINE_CURVE (2, (#2610, #2611, #2612), .UNSPECIFIED., .F., .U.)
   B_SPLINE_CURVE_WITH_KNOTS ((3, 3), (28., 29.), .UNSPECIFIED.)
   CURVE ()
   GEOMETRIC_REPRESENTATION_ITEM ()
   RATIONAL_B_SPLINE_CURVE ((1., 0.707106781186577, 1.))
   REPRESENTATION_ITEM ('')
);
#2614 = EDGE_CURVE ('', #2602, #2609, #2613, .T.);
#2615 = ORIENTED_EDGE ('', *, *, #2614, .T.);
#2616 = CARTESIAN_POINT ('', (-87.3177893869182, 112.419070429905, 3.5));
#2617 = VERTEX_POINT ('', #2616);
#2618 = CARTESIAN_POINT ('', (-74.322244162236, 112.078770101903, 3.5));
#2619 = CARTESIAN_POINT ('', (-87.3177893869182, 112.419070429905, 3.5));
#2620 = B_SPLINE_CURVE_WITH_KNOTS ('', 1, (#2618, #2619), .UNSPECIFIED., .F., .U., (2, 2), (29., 42.), .UNSPECIFIED.);
#2621 = EDGE_CURVE ('', #2609, #2617, #2620, .T.);
#2622 = ORIENTED_EDGE ('', *, *, #2621, .T.);
#2623 = CARTESIAN_POINT ('', (-87.8307065235599, 111.932330241571, 3.5));
#2624 = VERTEX_POINT ('', #2623);
#2625 = CARTESIAN_POINT ('', (-87.3177893869182, 112.419070429905, 3.5));
#2626 = CARTESIAN_POINT ('', (-87.817618049406, 112.432158904059, 3.5));
#2627 = CARTESIAN_POINT ('', (-87.8307065235598, 111.932330241571, 3.5));
#2628 = (
   BOUNDED_CURVE ()
   B_SPLINE_CURVE (2, (#2625, #2626, #2627), .UNSPECIFIED., .F., .U.)
   B_SPLINE_CURVE_WITH_KNOTS ((3, 3), (42., 43.), .UNSPECIFIED.)
   CURVE ()
   GEOMETRIC_REPRESENTATION_ITEM ()
   RATIONAL_B_SPLINE_CURVE ((1., 0.707106781186465, 1.))
   REPRESENTATION_ITEM ('')
);
#2629 = EDGE_CURVE ('', #2617, #2624, #2628, .T.);
#2630 = ORIENTED_EDGE ('', *, *, #2629, .T.);
#2631 = CARTESIAN_POINT ('', (-88.1710068515623, 98.9367850168892, 3.5));
#2632 = VERTEX_POINT ('', #2631);
#2633 = CARTESIAN_POINT ('', (-87.8307065235599, 111.932330241571, 3.5));
#2634 = CARTESIAN_POINT ('', (-88.1710068515623, 98.9367850168892, 3.5));
#2635 = B_SPLINE_CURVE_WITH_KNOTS ('', 1, (#2633, #2634), .UNSPECIFIED., .F., .U., (2, 2), (43., 56.), .UNSPECIFIED.);
#2636 = EDGE_CURVE ('', #2624, #2632, #2635, .T.);
#2637 = ORIENTED_EDGE ('', *, *, #2636, .T.);
#2638 = CARTESIAN_POINT ('', (-88.1710068515622, 98.9367850168892, 3.5));
#2639 = CARTESIAN_POINT ('', (-88.1840953257161, 98.4369563544015, 3.5));
#2640 = CARTESIAN_POINT ('', (-87.6842666632284, 98.4238678802474, 3.5));
#2641 = (
   BOUNDED_CURVE ()
   B_SPLINE_CURVE (2, (#2638, #2639, #2640), .UNSPECIFIED., .F., .U.)
   B_SPLINE_CURVE_WITH_KNOTS ((3, 3), (0., 1.), .UNSPECIFIED.)
   CURVE ()
   GEOMETRIC_REPRESENTATION_ITEM ()
   RATIONAL_B_SPLINE_CURVE ((1., 0.70710678118666, 1.))
   REPRESENTATION_ITEM ('')
);
#2642 = EDGE_CURVE ('', #2632, #2585, #2641, .T.);
#2643 = ORIENTED_EDGE ('', *, *, #2642, .T.);
#2644 = EDGE_LOOP ('', (#2592, #2600, #2607, #2615, #2622, #2630, #2637, #2643));
#2645 = FACE_BOUND ('', #2644, .T.);
#2646 = CARTESIAN_POINT ('', (-106.5, 98.5, 3.5));
#2647 = VERTEX_POINT ('', #2646);
#2648 = CARTESIAN_POINT ('', (-93.5, 98.5, 3.5));
#2649 = VERTEX_POINT ('', #2648);
#2650 = CARTESIAN_POINT ('', (-106.5, 98.5, 3.5));
#2651 = CARTESIAN_POINT ('', (-93.5, 98.5, 3.5));
#2652 = B_SPLINE_CURVE_WITH_KNOTS ('', 1, (#2650, #2651), .UNSPECIFIED., .F., .U., (2, 2), (1., 14.), .UNSPECIFIED.);
#2653 = EDGE_CURVE ('', #2647, #2649, #2652, .T.);
#2654 = ORIENTED_EDGE ('', *, *, #2653, .T.);
#2655 = CARTESIAN_POINT ('', (-93., 99., 3.5));
#2656 = VERTEX_POINT ('', #2655);
#2657 = CARTESIAN_POINT ('', (-93.5, 98.5000000000001, 3.5));
#2658 = CARTESIAN_POINT ('', (-93.0000000000002, 98.5000000000002, 3.5));
#2659 = CARTESIAN_POINT ('', (-92.9999999999997, 99., 3.5));
#2660 = (
   BOUNDED_CURVE ()
   B_SPLINE_CURVE (2, (#2657, #2658, #2659), .UNSPECIFIED., .F., .U.)
   B_SPLINE_CURVE_WITH_KNOTS ((3, 3), (14., 15.), .UNSPECIFIED.)
   CURVE ()
   GEOMETRIC_REPRESENTATION_ITEM ()
   RATIONAL_B_SPLINE_CURVE ((1., 0.707106781186939, 1.))
   REPRESENTATION_ITEM ('')
);
#2661 = EDGE_CURVE ('', #2649, #2656, #2660, .T.);
#2662 = ORIENTED_EDGE ('', *, *, #2661, .T.);
#2663 = CARTESIAN_POINT ('', (-93., 112., 3.5));
#2664 = VERTEX_POINT ('', #2663);
#2665 = CARTESIAN_POINT ('', (-93., 99., 3.5));
#2666 = CARTESIAN_POINT ('', (-93., 112., 3.5));
#2667 = B_SPLINE_CURVE_WITH_KNOTS ('', 1, (#2665, #2666), .UNSPECIFIED., .F., .U., (2, 2), (15., 28.), .UNSPECIFIED.);
#2668 = EDGE_CURVE ('', #2656, #2664, #2667, .T.);
#2669 = ORIENTED_EDGE ('', *, *, #2668, .T.);
#2670 = CARTESIAN_POINT ('', (-93.5, 112.5, 3.5));
#2671 = VERTEX_POINT ('', #2670);
#2672 = CARTESIAN_POINT ('', (-92.9999999999999, 112., 3.5));
#2673 = CARTESIAN_POINT ('', (-92.9999999999999, 112.5, 3.5));
#2674 = CARTESIAN_POINT ('', (-93.5, 112.5, 3.5));
#2675 = (
   BOUNDED_CURVE ()
   B_SPLINE_CURVE (2, (#2672, #2673, #2674), .UNSPECIFIED., .F., .U.)
   B_SPLINE_CURVE_WITH_KNOTS ((3, 3), (28., 29.), .UNSPECIFIED.)
   CURVE ()
   GEOMETRIC_REPRESENTATION_ITEM ()
   RATIONAL_B_SPLINE_CURVE ((1., 0.707106781186477, 1.))
   REPRESENTATION_ITEM ('')
);
#2676 = EDGE_CURVE ('', #2664, #2671, #2675, .T.);
#2677 = ORIENTED_EDGE ('', *, *, #2676, .T.);
#2678 = CARTESIAN_POINT ('', (-106.5, 112.5, 3.5));
#2679 = VERTEX_POINT ('', #2678);
#2680 = CARTESIAN_POINT ('', (-93.5, 112.5, 3.5));
#2681 = CARTESIAN_POINT ('', (-106.5, 112.5, 3.5));
#2682 = B_SPLINE_CURVE_WITH_KNOTS ('', 1, (#2680, #2681), .UNSPECIFIED., .F., .U., (2, 2), (29., 42.), .UNSPECIFIED.);
#2683 = EDGE_CURVE ('', #2671, #2679, #2682, .T.);
#2684 = ORIENTED_EDGE ('', *, *, #2683, .T.);
#2685 = CARTESIAN_POINT ('', (-107., 112., 3.5));
#2686 = VERTEX_POINT ('', #2685);
#2687 = CARTESIAN_POINT ('', (-106.5, 112.5, 3.5));
#2688 = CARTESIAN_POINT ('', (-107., 112.5, 3.5));
#2689 = CARTESIAN_POINT ('', (-107., 112., 3.5));
#2690 = (
   BOUNDED_CURVE ()
   B_SPLINE_CURVE (2, (#2687, #2688, #2689), .UNSPECIFIED., .F., .U.)
   B_SPLINE_CURVE_WITH_KNOTS ((3, 3), (42., 43.), .UNSPECIFIED.)
   CURVE ()
   GEOMETRIC_REPRESENTATION_ITEM ()
   RATIONAL_B_SPLINE_CURVE ((1., 0.707106781186397, 1.))
   REPRESENTATION_ITEM ('')
);
#2691 = EDGE_CURVE ('', #2679, #2686, #2690, .T.);
#2692 = ORIENTED_EDGE ('', *, *, #2691, .T.);
#2693 = CARTESIAN_POINT ('', (-107., 99., 3.5));
#2694 = VERTEX_POINT ('', #2693);
#2695 = CARTESIAN_POINT ('', (-107., 112., 3.5));
#2696 = CARTESIAN_POINT ('', (-107., 99., 3.5));
#2697 = B_SPLINE_CURVE_WITH_KNOTS ('', 1, (#2695, #2696), .UNSPECIFIED., .F., .U., (2, 2), (43., 56.), .UNSPECIFIED.);
#2698 = EDGE_CURVE ('', #2686, #2694, #2697, .T.);
#2699 = ORIENTED_EDGE ('', *, *, #2698, .T.);
#2700 = CARTESIAN_POINT ('', (-107., 99., 3.5));
#2701 = CARTESIAN_POINT ('', (-107., 98.5000000000002, 3.5));
#2702 = CARTESIAN_POINT ('', (-106.5, 98.4999999999997, 3.5));
#2703 = (
   BOUNDED_CURVE ()
   B_SPLINE_CURVE (2, (#2700, #2701, #2702), .UNSPECIFIED., .F., .U.)
   B_SPLINE_CURVE_WITH_KNOTS ((3, 3), (0., 1.), .UNSPECIFIED.)
   CURVE ()
   GEOMETRIC_REPRESENTATION_ITEM ()
   RATIONAL_B_SPLINE_CURVE ((1., 0.70710678118696, 1.))
   REPRESENTATION_ITEM ('')
);
#2704 = EDGE_CURVE ('', #2694, #2647, #2703, .T.);
#2705 = ORIENTED_EDGE ('', *, *, #2704, .T.);
#2706 = EDGE_LOOP ('', (#2654, #2662, #2669, #2677, #2684, #2692, #2699, #2705));
#2707 = FACE_BOUND ('', #2706, .T.);
#2708 = CARTESIAN_POINT ('', (-125.5, 98.5, 3.5));
#2709 = VERTEX_POINT ('', #2708);
#2710 = CARTESIAN_POINT ('', (-112.5, 98.5, 3.5));
#2711 = VERTEX_POINT ('', #2710);
#2712 = CARTESIAN_POINT ('', (-125.5, 98.5, 3.5));
#2713 = CARTESIAN_POINT ('', (-112.5, 98.5, 3.5));
#2714 = B_SPLINE_CURVE_WITH_KNOTS ('', 1, (#2712, #2713), .UNSPECIFIED., .F., .U., (2, 2), (1., 14.), .UNSPECIFIED.);
#2715 = EDGE_CURVE ('', #2709, #2711, #2714, .T.);
#2716 = ORIENTED_EDGE ('', *, *, #2715, .T.);
#2717 = CARTESIAN_POINT ('', (-112., 99., 3.5));
#2718 = VERTEX_POINT ('', #2717);
#2719 = CARTESIAN_POINT ('', (-112.5, 98.5000000000001, 3.5));
#2720 = CARTESIAN_POINT ('', (-112., 98.5000000000001, 3.5));
#2721 = CARTESIAN_POINT ('', (-112., 99., 3.5));
#2722 = (
   BOUNDED_CURVE ()
   B_SPLINE_CURVE (2, (#2719, #2720, #2721), .UNSPECIFIED., .F., .U.)
   B_SPLINE_CURVE_WITH_KNOTS ((3, 3), (14., 15.), .UNSPECIFIED.)
   CURVE ()
   GEOMETRIC_REPRESENTATION_ITEM ()
   RATIONAL_B_SPLINE_CURVE ((1., 0.707106781186749, 1.))
   REPRESENTATION_ITEM ('')
);
#2723 = EDGE_CURVE ('', #2711, #2718, #2722, .T.);
#2724 = ORIENTED_EDGE ('', *, *, #2723, .T.);
#2725 = CARTESIAN_POINT ('', (-112., 112., 3.5));
#2726 = VERTEX_POINT ('', #2725);
#2727 = CARTESIAN_POINT ('', (-112., 99., 3.5));
#2728 = CARTESIAN_POINT ('', (-112., 112., 3.5));
#2729 = B_SPLINE_CURVE_WITH_KNOTS ('', 1, (#2727, #2728), .UNSPECIFIED., .F., .U., (2, 2), (15., 28.), .UNSPECIFIED.);
#2730 = EDGE_CURVE ('', #2718, #2726, #2729, .T.);
#2731 = ORIENTED_EDGE ('', *, *, #2730, .T.);
#2732 = CARTESIAN_POINT ('', (-112.5, 112.5, 3.5));
#2733 = VERTEX_POINT ('', #2732);
#2734 = CARTESIAN_POINT ('', (-112., 112., 3.5));
#2735 = CARTESIAN_POINT ('', (-112., 112.5, 3.5));
#2736 = CARTESIAN_POINT ('', (-112.5, 112.5, 3.5));
#2737 = (
   BOUNDED_CURVE ()
   B_SPLINE_CURVE (2, (#2734, #2735, #2736), .UNSPECIFIED., .F., .U.)
   B_SPLINE_CURVE_WITH_KNOTS ((3, 3), (28., 29.), .UNSPECIFIED.)
   CURVE ()
   GEOMETRIC_REPRESENTATION_ITEM ()
   RATIONAL_B_SPLINE_CURVE ((1., 0.7071067811871, 1.))
   REPRESENTATION_ITEM ('')
);
#2738 = EDGE_CURVE ('', #2726, #2733, #2737, .T.);
#2739 = ORIENTED_EDGE ('', *, *, #2738, .T.);
#2740 = CARTESIAN_POINT ('', (-125.5, 112.5, 3.5));
#2741 = VERTEX_POINT ('', #2740);
#2742 = CARTESIAN_POINT ('', (-112.5, 112.5, 3.5));
#2743 = CARTESIAN_POINT ('', (-125.5, 112.5, 3.5));
#2744 = B_SPLINE_CURVE_WITH_KNOTS ('', 1, (#2742, #2743), .UNSPECIFIED., .F., .U., (2, 2), (29., 42.), .UNSPECIFIED.);
#2745 = EDGE_CURVE ('', #2733, #2741, #2744, .T.);
#2746 = ORIENTED_EDGE ('', *, *, #2745, .T.);
#2747 = CARTESIAN_POINT ('', (-126., 112., 3.5));
#2748 = VERTEX_POINT ('', #2747);
#2749 = CARTESIAN_POINT ('', (-125.5, 112.5, 3.5));
#2750 = CARTESIAN_POINT ('', (-126., 112.5, 3.5));
#2751 = CARTESIAN_POINT ('', (-126., 112., 3.5));
#2752 = (
   BOUNDED_CURVE ()
   B_SPLINE_CURVE (2, (#2749, #2750, #2751), .UNSPECIFIED., .F., .U.)
   B_SPLINE_CURVE_WITH_KNOTS ((3, 3), (42., 43.), .UNSPECIFIED.)
   CURVE ()
   GEOMETRIC_REPRESENTATION_ITEM ()
   RATIONAL_B_SPLINE_CURVE ((1., 0.707106781186397, 1.))
   REPRESENTATION_ITEM ('')
);
#2753 = EDGE_CURVE ('', #2741, #2748, #2752, .T.);
#2754 = ORIENTED_EDGE ('', *, *, #2753, .T.);
#2755 = CARTESIAN_POINT ('', (-126., 99., 3.5));
#2756 = VERTEX_POINT ('', #2755);
#2757 = CARTESIAN_POINT ('', (-126., 112., 3.5));
#2758 = CARTESIAN_POINT ('', (-126., 99., 3.5));
#2759 = B_SPLINE_CURVE_WITH_KNOTS ('', 1, (#2757, #2758), .UNSPECIFIED., .F., .U., (2, 2), (43., 56.), .UNSPECIFIED.);
#2760 = EDGE_CURVE ('', #2748, #2756, #2759, .T.);
#2761 = ORIENTED_EDGE ('', *, *, #2760, .T.);
#2762 = CARTESIAN_POINT ('', (-126., 99., 3.5));
#2763 = CARTESIAN_POINT ('', (-126., 98.5, 3.5));
#2764 = CARTESIAN_POINT ('', (-125.5, 98.5, 3.5));
#2765 = (
   BOUNDED_CURVE ()
   B_SPLINE_CURVE (2, (#2762, #2763, #2764), .UNSPECIFIED., .F., .U.)
   B_SPLINE_CURVE_WITH_KNOTS ((3, 3), (0., 1.), .UNSPECIFIED.)
   CURVE ()
   GEOMETRIC_REPRESENTATION_ITEM ()
   RATIONAL_B_SPLINE_CURVE ((1., 0.707106781186497, 1.))
   REPRESENTATION_ITEM ('')
);
#2766 = EDGE_CURVE ('', #2756, #2709, #2765, .T.);
#2767 = ORIENTED_EDGE ('', *, *, #2766, .T.);
#2768 = EDGE_LOOP ('', (#2716, #2724, #2731, #2739, #2746, #2754, #2761, #2767));
#2769 = FACE_BOUND ('', #2768, .T.);
#2770 = CARTESIAN_POINT ('', (-149.25, 98.5, 3.5));
#2771 = VERTEX_POINT ('', #2770);
#2772 = CARTESIAN_POINT ('', (-136.25, 98.5, 3.5));
#2773 = VERTEX_POINT ('', #2772);
#2774 = CARTESIAN_POINT ('', (-149.25, 98.5, 3.5));
#2775 = CARTESIAN_POINT ('', (-136.25, 98.5, 3.5));
#2776 = B_SPLINE_CURVE_WITH_KNOTS ('', 1, (#2774, #2775), .UNSPECIFIED., .F., .U., (2, 2), (1., 14.), .UNSPECIFIED.);
#2777 = EDGE_CURVE ('', #2771, #2773, #2776, .T.);
#2778 = ORIENTED_EDGE ('', *, *, #2777, .T.);
#2779 = CARTESIAN_POINT ('', (-135.75, 99., 3.5));
#2780 = VERTEX_POINT ('', #2779);
#2781 = CARTESIAN_POINT ('', (-136.25, 98.5, 3.5));
#2782 = CARTESIAN_POINT ('', (-135.75, 98.5000000000001, 3.5));
#2783 = CARTESIAN_POINT ('', (-135.75, 99., 3.5));
#2784 = (
   BOUNDED_CURVE ()
   B_SPLINE_CURVE (2, (#2781, #2782, #2783), .UNSPECIFIED., .F., .U.)
   B_SPLINE_CURVE_WITH_KNOTS ((3, 3), (14., 15.), .UNSPECIFIED.)
   CURVE ()
   GEOMETRIC_REPRESENTATION_ITEM ()
   RATIONAL_B_SPLINE_CURVE ((1., 0.707106781186668, 1.))
   REPRESENTATION_ITEM ('')
);
#2785 = EDGE_CURVE ('', #2773, #2780, #2784, .T.);
#2786 = ORIENTED_EDGE ('', *, *, #2785, .T.);
#2787 = CARTESIAN_POINT ('', (-135.75, 112., 3.5));
#2788 = VERTEX_POINT ('', #2787);
#2789 = CARTESIAN_POINT ('', (-135.75, 99., 3.5));
#2790 = CARTESIAN_POINT ('', (-135.75, 112., 3.5));
#2791 = B_SPLINE_CURVE_WITH_KNOTS ('', 1, (#2789, #2790), .UNSPECIFIED., .F., .U., (2, 2), (15., 28.), .UNSPECIFIED.);
#2792 = EDGE_CURVE ('', #2780, #2788, #2791, .T.);
#2793 = ORIENTED_EDGE ('', *, *, #2792, .T.);
#2794 = CARTESIAN_POINT ('', (-136.25, 112.5, 3.5));
#2795 = VERTEX_POINT ('', #2794);
#2796 = CARTESIAN_POINT ('', (-135.75, 112., 3.5));
#2797 = CARTESIAN_POINT ('', (-135.75, 112.5, 3.5));
#2798 = CARTESIAN_POINT ('', (-136.25, 112.5, 3.5));
#2799 = (
   BOUNDED_CURVE ()
   B_SPLINE_CURVE (2, (#2796, #2797, #2798), .UNSPECIFIED., .F., .U.)
   B_SPLINE_CURVE_WITH_KNOTS ((3, 3), (28., 29.), .UNSPECIFIED.)
   CURVE ()
   GEOMETRIC_REPRESENTATION_ITEM ()
   RATIONAL_B_SPLINE_CURVE ((1., 0.707106781186558, 1.))
   REPRESENTATION_ITEM ('')
);
#2800 = EDGE_CURVE ('', #2788, #2795, #2799, .T.);
#2801 = ORIENTED_EDGE ('', *, *, #2800, .T.);
#2802 = CARTESIAN_POINT ('', (-149.25, 112.5, 3.5));
#2803 = VERTEX_POINT ('', #2802);
#2804 = CARTESIAN_POINT ('', (-136.25, 112.5, 3.5));
#2805 = CARTESIAN_POINT ('', (-149.25, 112.5, 3.5));
#2806 = B_SPLINE_CURVE_WITH_KNOTS ('', 1, (#2804, #2805), .UNSPECIFIED., .F., .U., (2, 2), (29., 42.), .UNSPECIFIED.);
#2807 = EDGE_CURVE ('', #2795, #2803, #2806, .T.);
#2808 = ORIENTED_EDGE ('', *, *, #2807, .T.);
#2809 = CARTESIAN_POINT ('', (-149.75, 112., 3.5));
#2810 = VERTEX_POINT ('', #2809);
#2811 = CARTESIAN_POINT ('', (-149.25, 112.5, 3.5));
#2812 = CARTESIAN_POINT ('', (-149.75, 112.5, 3.5));
#2813 = CARTESIAN_POINT ('', (-149.75, 112., 3.5));
#2814 = (
   BOUNDED_CURVE ()
   B_SPLINE_CURVE (2, (#2811, #2812, #2813), .UNSPECIFIED., .F., .U.)
   B_SPLINE_CURVE_WITH_KNOTS ((3, 3), (42., 43.), .UNSPECIFIED.)
   CURVE ()
   GEOMETRIC_REPRESENTATION_ITEM ()
   RATIONAL_B_SPLINE_CURVE ((1., 0.707106781186678, 1.))
   REPRESENTATION_ITEM ('')
);
#2815 = EDGE_CURVE ('', #2803, #2810, #2814, .T.);
#2816 = ORIENTED_EDGE ('', *, *, #2815, .T.);
#2817 = CARTESIAN_POINT ('', (-149.75, 99., 3.5));
#2818 = VERTEX_POINT ('', #2817);
#2819 = CARTESIAN_POINT ('', (-149.75, 112., 3.5));
#2820 = CARTESIAN_POINT ('', (-149.75, 99., 3.5));
#2821 = B_SPLINE_CURVE_WITH_KNOTS ('', 1, (#2819, #2820), .UNSPECIFIED., .F., .U., (2, 2), (43., 56.), .UNSPECIFIED.);
#2822 = EDGE_CURVE ('', #2810, #2818, #2821, .T.);
#2823 = ORIENTED_EDGE ('', *, *, #2822, .T.);
#2824 = CARTESIAN_POINT ('', (-149.75, 99., 3.5));
#2825 = CARTESIAN_POINT ('', (-149.750000000001, 98.4999999999995, 3.5));
#2826 = CARTESIAN_POINT ('', (-149.25, 98.5000000000006, 3.5));
#2827 = (
   BOUNDED_CURVE ()
   B_SPLINE_CURVE (2, (#2824, #2825, #2826), .UNSPECIFIED., .F., .U.)
   B_SPLINE_CURVE_WITH_KNOTS ((3, 3), (0., 1.), .UNSPECIFIED.)
   CURVE ()
   GEOMETRIC_REPRESENTATION_ITEM ()
   RATIONAL_B_SPLINE_CURVE ((1., 0.707106781185573, 1.))
   REPRESENTATION_ITEM ('')
);
#2828 = EDGE_CURVE ('', #2818, #2771, #2827, .T.);
#2829 = ORIENTED_EDGE ('', *, *, #2828, .T.);
#2830 = EDGE_LOOP ('', (#2778, #2786, #2793, #2801, #2808, #2816, #2823, #2829));
#2831 = FACE_BOUND ('', #2830, .T.);
#2832 = CARTESIAN_POINT ('', (-85.5845360348785, 45.2529154715571, 3.5));
#2833 = VERTEX_POINT ('', #2832);
#2834 = CARTESIAN_POINT ('', (-81.5473561917714, 52.2506938662761, 3.5));
#2835 = VERTEX_POINT ('', #2834);
#2836 = CARTESIAN_POINT ('', (-85.5845360348785, 45.2529154715571, 3.5));
#2837 = CARTESIAN_POINT ('', (-81.5473561917714, 52.2506938662761, 3.5));
#2838 = B_SPLINE_CURVE_WITH_KNOTS ('', 1, (#2836, #2837), .UNSPECIFIED., .F., .U., (2, 2), (0., 1.), .UNSPECIFIED.);
#2839 = EDGE_CURVE ('', #2833, #2835, #2838, .T.);
#2840 = ORIENTED_EDGE ('', *, *, #2839, .T.);
#2841 = CARTESIAN_POINT ('', (-83.7128201568929, 56., 3.5));
#2842 = VERTEX_POINT ('', #2841);
#2843 = CARTESIAN_POINT ('', (-81.5473561917714, 52.2506938662761, 3.5));
#2844 = CARTESIAN_POINT ('', (-81.5006662712979, 52.3316230617635, 3.5));
#2845 = CARTESIAN_POINT ('', (-81.4584542400748, 52.4153047448962, 3.5));
#2846 = CARTESIAN_POINT ('', (-81.4211171309188, 52.5009518326222, 3.5));
#2847 = CARTESIAN_POINT ('', (-81.3838424939728, 52.5864556161939, 3.5));
#2848 = CARTESIAN_POINT ('', (-81.3513098584145, 52.6741856105971, 3.5));
#2849 = CARTESIAN_POINT ('', (-81.3238241950588, 52.7633194081963, 3.5));
#2850 = CARTESIAN_POINT ('', (-81.2963831631809, 52.8523084694994, 3.5));
#2851 = CARTESIAN_POINT ('', (-81.2738871379535, 52.9429741546489, 3.5));
#2852 = CARTESIAN_POINT ('', (-81.2565463212364, 53.0344692875126, 3.5));
#2853 = CARTESIAN_POINT ('', (-81.2392330147122, 53.1258192686916, 3.5));
#2854 = CARTESIAN_POINT ('', (-81.2270047259384, 53.2182799033211, 3.5));
#2855 = CARTESIAN_POINT ('', (-81.219975354097, 53.3109899759979, 3.5));
#2856 = CARTESIAN_POINT ('', (-81.2129569482751, 53.4035554183306, 3.5));
#2857 = CARTESIAN_POINT ('', (-81.2110994613701, 53.4966562405611, 3.5));
#2858 = CARTESIAN_POINT ('', (-81.2144201409454, 53.5894279615847, 3.5));
#2859 = CARTESIAN_POINT ('', (-81.2177356939505, 53.6820564586904, 3.5));
#2860 = CARTESIAN_POINT ('', (-81.2262236262572, 53.7746429048751, 3.5));
#2861 = CARTESIAN_POINT ('', (-81.2398053663713, 53.8663302415321, 3.5));
#2862 = CARTESIAN_POINT ('', (-81.2533662260157, 53.9578766187373, 3.5));
#2863 = CARTESIAN_POINT ('', (-81.272046941669, 54.0488084801996, 3.5));
#2864 = CARTESIAN_POINT ('', (-81.2956751188683, 54.1382866637748, 3.5));
#2865 = CARTESIAN_POINT ('', (-81.3192668967289, 54.2276270057096, 3.5));
#2866 = CARTESIAN_POINT ('', (-81.3478632615834, 54.3157923461321, 3.5));
#2867 = CARTESIAN_POINT ('', (-81.3812011232645, 54.4019715527784, 3.5));
#2868 = CARTESIAN_POINT ('', (-81.4144872044811, 54.4880169056285, 3.5));
#2869 = CARTESIAN_POINT ('', (-81.4526018598536, 54.5723455672862, 3.5));
#2870 = CARTESIAN_POINT ('', (-81.4951955156908, 54.6541841060823, 3.5));
#2871 = CARTESIAN_POINT ('', (-81.5078551906131, 54.6785081345535, 3.5));
#2872 = CARTESIAN_POINT ('', (-81.5209168843366, 54.7026271115716, 3.5));
#2873 = CARTESIAN_POINT ('', (-81.5343699918767, 54.7265214545783, 3.5));
#2874 = CARTESIAN_POINT ('', (-81.5433504433411, 54.7424718204699, 3.5));
#2875 = CARTESIAN_POINT ('', (-81.5525066376748, 54.7583245055882, 3.5));
#2876 = CARTESIAN_POINT ('', (-81.5618352618465, 54.7740737738774, 3.5));
#2877 = CARTESIAN_POINT ('', (-81.6094428852589, 54.8544484593537, 3.5));
#2878 = CARTESIAN_POINT ('', (-81.6616442531837, 54.9322723162566, 3.5));
#2879 = CARTESIAN_POINT ('', (-81.7179485394567, 55.0068136015935, 3.5));
#2880 = CARTESIAN_POINT ('', (-81.7741589220747, 55.0812305678137, 3.5));
#2881 = CARTESIAN_POINT ('', (-81.8346342373675, 55.1526085875584, 3.5));
#2882 = CARTESIAN_POINT ('', (-81.8988077536012, 55.2202787566856, 3.5));
#2883 = CARTESIAN_POINT ('', (-81.9628773319271, 55.2878393245907, 3.5));
#2884 = CARTESIAN_POINT ('', (-82.0308327541292, 55.3519146087621, 3.5));
#2885 = CARTESIAN_POINT ('', (-82.1020392466082, 55.411906080084, 3.5));
#2886 = CARTESIAN_POINT ('', (-82.1731329917937, 55.4718025618089, 3.5));
#2887 = CARTESIAN_POINT ('', (-82.2476883230835, 55.527814246593, 3.5));
#2888 = CARTESIAN_POINT ('', (-82.3250110154732, 55.5794195793518, 3.5));
#2889 = CARTESIAN_POINT ('', (-82.4022132390918, 55.6309445109913, 3.5));
#2890 = CARTESIAN_POINT ('', (-82.4824132423192, 55.6782364027995, 3.5));
#2891 = CARTESIAN_POINT ('', (-82.5648665593364, 55.7208562623135, 3.5));
#2892 = CARTESIAN_POINT ('', (-82.6471926694223, 55.7634103689658, 3.5));
#2893 = CARTESIAN_POINT ('', (-82.7320192664459, 55.8014382576322, 3.5));
#2894 = CARTESIAN_POINT ('', (-82.8185613598093, 55.8345880158688, 3.5));
#2895 = CARTESIAN_POINT ('', (-82.9049704140007, 55.8676868137437, 3.5));
#2896 = CARTESIAN_POINT ('', (-82.9933556057265, 55.8960243768964, 3.5));
#2897 = CARTESIAN_POINT ('', (-83.0829015199526, 55.919339271544, 3.5));
#2898 = CARTESIAN_POINT ('', (-83.1723094149814, 55.942618230403, 3.5));
#2899 = CARTESIAN_POINT ('', (-83.263148757979, 55.9609614614247, 3.5));
#2900 = CARTESIAN_POINT ('', (-83.354584068162, 55.9742002555837, 3.5));
#2901 = CARTESIAN_POINT ('', (-83.4458771991806, 55.987418463815, 3.5));
#2902 = CARTESIAN_POINT ('', (-83.5380436690997, 55.995588575089, 3.5));
#2903 = CARTESIAN_POINT ('', (-83.6302384192619, 55.9986356790476, 3.5));
#2904 = CARTESIAN_POINT ('', (-83.6577543970582, 55.9995451022493, 3.5));
#2905 = CARTESIAN_POINT ('', (-83.6852891546473, 56., 3.5));
#2906 = CARTESIAN_POINT ('', (-83.7128201568929, 56., 3.5));
#2907 = B_SPLINE_CURVE_WITH_KNOTS ('', 3, (#2843, #2844, #2845, #2846, #2847, #2848, #2849, #2850, #2851, #2852, #2853, #2854, #2855, #2856, #2857, #2858, #2859, #2860, #2861, #2862, #2863, #2864, #2865, #2866, #2867, #2868, #2869, #2870, #2871, #2872, #2873, #2874, #2875, #2876, #2877, #2878, #2879, #2880, #2881, #2882, #2883, #2884, #2885, #2886, #2887, #2888, #2889, #2890, #2891, #2892, #2893, #2894, #2895, #2896, #2897, #2898, #2899, #2900, #2901, #2902, #2903, #2904, #2905, #2906), .UNSPECIFIED., .F., .U., (4, 3, 3, 3, 3, 3, 3, 3, 3, 3, 3, 3, 3, 3, 3, 3, 3, 3, 3, 3, 3, 4), (0., 0.280295112702037, 0.560121237431074, 0.839492977876141, 1.11842151137161, 1.3969149084402, 1.67497835859141, 1.95261431599449, 2.22982257365787, 2.50660027064368, 2.5888640632372, 2.64377821555911, 2.92402664615506, 3.20380768157291, 3.4831355728095, 3.76202118044768, 4.04047228425071, 4.31849380060105, 4.59608792086142, 4.87325417885719, 5.14998945163639, 5.23258245837311), .UNSPECIFIED.);
#2908 = EDGE_CURVE ('', #2835, #2842, #2907, .T.);
#2909 = ORIENTED_EDGE ('', *, *, #2908, .T.);
#2910 = CARTESIAN_POINT ('', (-91.787179843107, 55.9999999999997, 3.5));
#2911 = VERTEX_POINT ('', #2910);
#2912 = CARTESIAN_POINT ('', (-83.7128201568929, 56., 3.5));
#2913 = CARTESIAN_POINT ('', (-91.787179843107, 55.9999999999997, 3.5));
#2914 = B_SPLINE_CURVE_WITH_KNOTS ('', 1, (#2912, #2913), .UNSPECIFIED., .F., .U., (2, 2), (0., 1.), .UNSPECIFIED.);
#2915 = EDGE_CURVE ('', #2842, #2911, #2914, .T.);
#2916 = ORIENTED_EDGE ('', *, *, #2915, .T.);
#2917 = CARTESIAN_POINT ('', (-93.9526438082286, 52.250693866276, 3.5));
#2918 = VERTEX_POINT ('', #2917);
#2919 = CARTESIAN_POINT ('', (-91.787179843107, 55.9999999999997, 3.5));
#2920 = CARTESIAN_POINT ('', (-91.880611547341, 55.9999999999997, 3.5));
#2921 = CARTESIAN_POINT ('', (-91.9741897148964, 55.9947458369959, 3.5));
#2922 = CARTESIAN_POINT ('', (-92.0670341795654, 55.9842869299588, 3.5));
#2923 = CARTESIAN_POINT ('', (-92.1597232974754, 55.9738455226976, 3.5));
#2924 = CARTESIAN_POINT ('', (-92.2519710425513, 55.9581841746465, 3.5));
#2925 = CARTESIAN_POINT ('', (-92.3429126563893, 55.9374497000431, 3.5));
#2926 = CARTESIAN_POINT ('', (-92.4337065983824, 55.9167488942739, 3.5));
#2927 = CARTESIAN_POINT ('', (-92.5234816769286, 55.8909269484391, 3.5));
#2928 = CARTESIAN_POINT ('', (-92.611399037684, 55.8602251416528, 3.5));
#2929 = CARTESIAN_POINT ('', (-92.6991769226814, 55.8295720414899, 3.5));
#2930 = CARTESIAN_POINT ('', (-92.7853757421424, 55.7939593537795, 3.5));
#2931 = CARTESIAN_POINT ('', (-92.8691926057196, 55.7537187893663, 3.5));
#2932 = CARTESIAN_POINT ('', (-92.9528787126114, 55.7135410013755, 3.5));
#2933 = CARTESIAN_POINT ('', (-93.0344495307902, 55.668625358452, 3.5));
#2934 = CARTESIAN_POINT ('', (-93.1131476401892, 55.6193889216236, 3.5));
#2935 = CARTESIAN_POINT ('', (-93.191724252957, 55.5702284975642, 3.5));
#2936 = CARTESIAN_POINT ('', (-93.2676796877484, 55.5166088468973, 3.5));
#2937 = CARTESIAN_POINT ('', (-93.3403108366914, 55.459026318549, 3.5));
#2938 = CARTESIAN_POINT ('', (-93.4128303230285, 55.4015323171655, 3.5));
#2939 = CARTESIAN_POINT ('', (-93.4822590176806, 55.3399106576192, 3.5));
#2940 = CARTESIAN_POINT ('', (-93.5479561998777, 55.2747300136746, 3.5));
#2941 = CARTESIAN_POINT ('', (-93.6135521751996, 55.2096497808752, 3.5));
#2942 = CARTESIAN_POINT ('', (-93.6756294766567, 55.1408218215962, 3.5));
#2943 = CARTESIAN_POINT ('', (-93.7336169852374, 55.0688793617533, 3.5));
#2944 = CARTESIAN_POINT ('', (-93.7915144274501, 54.9970486431498, 3.5));
#2945 = CARTESIAN_POINT ('', (-93.8455119495721, 54.9218933523459, 3.5));
#2946 = CARTESIAN_POINT ('', (-93.8951143060625, 54.8441027862054, 3.5));
#2947 = CARTESIAN_POINT ('', (-93.9098571051064, 54.8209818950772, 3.5));
#2948 = CARTESIAN_POINT ('', (-93.9242213937155, 54.7976152498734, 3.5));
#2949 = CARTESIAN_POINT ('', (-93.9381955093089, 54.7740218223228, 3.5));
#2950 = CARTESIAN_POINT ('', (-93.9475237530973, 54.7582723287307, 3.5));
#2951 = CARTESIAN_POINT ('', (-93.9566795645498, 54.7424194224741, 3.5));
#2952 = CARTESIAN_POINT ('', (-93.9656596307739, 54.7264688396887, 3.5));
#2953 = CARTESIAN_POINT ('', (-94.0114884264403, 54.6450667674783, 3.5));
#2954 = CARTESIAN_POINT ('', (-94.0528121338853, 54.5609603662982, 3.5));
#2955 = CARTESIAN_POINT ('', (-94.0892422047314, 54.474940451101, 3.5));
#2956 = CARTESIAN_POINT ('', (-94.1256115179154, 54.3890639989501, 3.5));
#2957 = CARTESIAN_POINT ('', (-94.1572172568453, 54.3010119533797, 3.5));
#2958 = CARTESIAN_POINT ('', (-94.1837632349673, 54.2116094756677, 3.5));
#2959 = CARTESIAN_POINT ('', (-94.210266218197, 54.122351797665, 3.5));
#2960 = CARTESIAN_POINT ('', (-94.2318084554574, 54.0314699322455, 3.5));
#2961 = CARTESIAN_POINT ('', (-94.2481887200763, 53.9398128095897, 3.5));
#2962 = CARTESIAN_POINT ('', (-94.2645430484296, 53.8483008154489, 3.5));
#2963 = CARTESIAN_POINT ('', (-94.275802589367, 53.7557317655781, 3.5));
#2964 = CARTESIAN_POINT ('', (-94.2818624992146, 53.6629676204564, 3.5));
#2965 = CARTESIAN_POINT ('', (-94.2879129677213, 53.5703480018922, 3.5));
#2966 = CARTESIAN_POINT ('', (-94.2887987803599, 53.4772470948911, 3.5));
#2967 = CARTESIAN_POINT ('', (-94.2845117144721, 53.3845291194052, 3.5));
#2968 = CARTESIAN_POINT ('', (-94.2802312625631, 53.2919541869109, 3.5));
#2969 = CARTESIAN_POINT ('', (-94.270780716408, 53.1994752214302, 3.5));
#2970 = CARTESIAN_POINT ('', (-94.2562475319479, 53.1079480290538, 3.5));
#2971 = CARTESIAN_POINT ('', (-94.2417366890184, 53.0165615393275, 3.5));
#2972 = CARTESIAN_POINT ('', (-94.2221142129037, 52.9258426436498, 3.5));
#2973 = CARTESIAN_POINT ('', (-94.1975611346306, 52.8366282871015, 3.5));
#2974 = CARTESIAN_POINT ('', (-94.1730459005874, 52.7475514387129, 3.5));
#2975 = CARTESIAN_POINT ('', (-94.1435400835438, 52.6597011847511, 3.5));
#2976 = CARTESIAN_POINT ('', (-94.1093150586808, 52.5738855143163, 3.5));
#2977 = CARTESIAN_POINT ('', (-94.0751432527047, 52.4882032846748, 3.5));
#2978 = CARTESIAN_POINT ('', (-94.0361624308493, 52.4042872288628, 3.5));
#2979 = CARTESIAN_POINT ('', (-93.9927300016275, 52.3229067588966, 3.5));
#2980 = CARTESIAN_POINT ('', (-93.9797673789618, 52.2986183563498, 3.5));
#2981 = CARTESIAN_POINT ('', (-93.9664016682179, 52.2745408235906, 3.5));
#2982 = CARTESIAN_POINT ('', (-93.9526438082286, 52.250693866276, 3.5));
#2983 = B_SPLINE_CURVE_WITH_KNOTS ('', 3, (#2919, #2920, #2921, #2922, #2923, #2924, #2925, #2926, #2927, #2928, #2929, #2930, #2931, #2932, #2933, #2934, #2935, #2936, #2937, #2938, #2939, #2940, #2941, #2942, #2943, #2944, #2945, #2946, #2947, #2948, #2949, #2950, #2951, #2952, #2953, #2954, #2955, #2956, #2957, #2958, #2959, #2960, #2961, #2962, #2963, #2964, #2965, #2966, #2967, #2968, #2969, #2970, #2971, #2972, #2973, #2974, #2975, #2976, #2977, #2978, #2979, #2980, #2981, #2982), .UNSPECIFIED., .F., .U., (4, 3, 3, 3, 3, 3, 3, 3, 3, 3, 3, 3, 3, 3, 3, 3, 3, 3, 3, 3, 3, 4), (0., 0.280295112702056, 0.560121237431124, 0.839492977876192, 1.11842151137162, 1.39691490844022, 1.67497835859147, 1.95261431599454, 2.22982257365794, 2.50660027064376, 2.58886406323727, 2.64377821555919, 2.92402664615515, 3.20380768157305, 3.4831355728096, 3.76202118044774, 4.0404722842508, 4.31849380060112, 4.59608792086154, 4.87325417885728, 5.14998945163649, 5.23258245837343), .UNSPECIFIED.);
#2984 = EDGE_CURVE ('', #2911, #2918, #2983, .T.);
#2985 = ORIENTED_EDGE ('', *, *, #2984, .T.);
#2986 = CARTESIAN_POINT ('', (-89.9154639651215, 45.2529154715571, 3.5));
#2987 = VERTEX_POINT ('', #2986);
#2988 = CARTESIAN_POINT ('', (-93.9526438082287, 52.250693866276, 3.5));
#2989 = CARTESIAN_POINT ('', (-89.9154639651215, 45.2529154715571, 3.5));
#2990 = B_SPLINE_CURVE_WITH_KNOTS ('', 1, (#2988, #2989), .UNSPECIFIED., .F., .U., (2, 2), (0., 1.), .UNSPECIFIED.);
#2991 = EDGE_CURVE ('', #2918, #2987, #2990, .T.);
#2992 = ORIENTED_EDGE ('', *, *, #2991, .T.);
#2993 = CARTESIAN_POINT ('', (-89.9154639651215, 45.2529154715571, 3.5));
#2994 = CARTESIAN_POINT ('', (-89.8687738743619, 45.171985980907, 3.5));
#2995 = CARTESIAN_POINT ('', (-89.8174594782303, 45.0935552668929, 3.5));
#2996 = CARTESIAN_POINT ('', (-89.7620034269785, 45.0183610290048, 3.5));
#2997 = CARTESIAN_POINT ('', (-89.7066401710642, 44.9432926146206, 3.5));
#2998 = CARTESIAN_POINT ('', (-89.6469760120798, 44.8712150551601, 3.5));
#2999 = CARTESIAN_POINT ('', (-89.5835702639249, 44.8028040323313, 3.5));
#3000 = CARTESIAN_POINT ('', (-89.5202674804792, 44.7345041022862, 3.5));
#3001 = CARTESIAN_POINT ('', (-89.4530379636425, 44.6696458722679, 3.5));
#3002 = CARTESIAN_POINT ('', (-89.3825099073373, 44.6088353788482, 3.5));
#3003 = CARTESIAN_POINT ('', (-89.3120937444685, 44.5481213618583, 3.5));
#3004 = CARTESIAN_POINT ('', (-89.2381707333816, 44.4912535557689, 3.5));
#3005 = CARTESIAN_POINT ('', (-89.1614294272512, 44.4387616536732, 3.5));
#3006 = CARTESIAN_POINT ('', (-89.0848078432214, 44.3863516428184, 3.5));
#3007 = CARTESIAN_POINT ('', (-89.0051394406906, 44.338141509536, 3.5));
#3008 = CARTESIAN_POINT ('', (-88.923163979882, 44.2945789085777, 3.5));
#3009 = CARTESIAN_POINT ('', (-88.8413150773616, 44.2510835619924, 3.5));
#3010 = CARTESIAN_POINT ('', (-88.7569135099327, 44.2120870521307, 3.5));
#3011 = CARTESIAN_POINT ('', (-88.6707405751685, 44.1779503661099, 3.5));
#3012 = CARTESIAN_POINT ('', (-88.5847001223603, 44.1438661617058, 3.5));
#3013 = CARTESIAN_POINT ('', (-88.4966288866206, 44.1145218757981, 3.5));
#3014 = CARTESIAN_POINT ('', (-88.4073396362307, 44.0901883130896, 3.5));
#3015 = CARTESIAN_POINT ('', (-88.3181879349244, 44.06589223596, 3.5));
#3016 = CARTESIAN_POINT ('', (-88.2275483701062, 44.0465168430145, 3.5));
#3017 = CARTESIAN_POINT ('', (-88.1362548427255, 44.0322403914919, 3.5));
#3018 = CARTESIAN_POINT ('', (-88.0451031092891, 44.0179861136594, 3.5));
#3019 = CARTESIAN_POINT ('', (-87.9530205655628, 44.0087712903753, 3.5));
#3020 = CARTESIAN_POINT ('', (-87.8608517646308, 44.0046804371963, 3.5));
#3021 = CARTESIAN_POINT ('', (-87.8334574419774, 44.0034645577362, 3.5));
#3022 = CARTESIAN_POINT ('', (-87.8060394023328, 44.0026993483962, 3.5));
#3023 = CARTESIAN_POINT ('', (-87.7786199068591, 44.0023854304625, 3.5));
#3024 = CARTESIAN_POINT ('', (-87.7603175158821, 44.0021758916414, 3.5));
#3025 = CARTESIAN_POINT ('', (-87.7420117198349, 44.0021673641091, 3.5));
#3026 = CARTESIAN_POINT ('', (-87.7237091415792, 44.0023598509508, 3.5));
#3027 = CARTESIAN_POINT ('', (-87.6302971480915, 44.0033422578744, 3.5));
#3028 = CARTESIAN_POINT ('', (-87.5367940049872, 44.0095784360045, 3.5));
#3029 = CARTESIAN_POINT ('', (-87.4440788996636, 44.0210097480692, 3.5));
#3030 = CARTESIAN_POINT ('', (-87.3515184559549, 44.0324219911248, 3.5));
#3031 = CARTESIAN_POINT ('', (-87.2594540358269, 44.0490476750298, 3.5));
#3032 = CARTESIAN_POINT ('', (-87.1687484198001, 44.0707309924028, 3.5));
#3033 = CARTESIAN_POINT ('', (-87.0781897385172, 44.0923791847987, 3.5));
#3034 = CARTESIAN_POINT ('', (-86.9887032492175, 44.1191360473882, 3.5));
#3035 = CARTESIAN_POINT ('', (-86.9011248649343, 44.1507516384163, 3.5));
#3036 = CARTESIAN_POINT ('', (-86.8136851681783, 44.1823171635728, 3.5));
#3037 = CARTESIAN_POINT ('', (-86.7278759040562, 44.2188240456261, 3.5));
#3038 = CARTESIAN_POINT ('', (-86.6444961050601, 44.2599323424355, 3.5));
#3039 = CARTESIAN_POINT ('', (-86.5612462226183, 44.3009765871802, 3.5));
#3040 = CARTESIAN_POINT ('', (-86.4801604232784, 44.3467349729067, 3.5));
#3041 = CARTESIAN_POINT ('', (-86.4019914102733, 44.3967827336861, 3.5));
#3042 = CARTESIAN_POINT ('', (-86.3239429996591, 44.4467532787074, 3.5));
#3043 = CARTESIAN_POINT ('', (-86.2485614129115, 44.5011541953794, 3.5));
#3044 = CARTESIAN_POINT ('', (-86.1765442496422, 44.5594820443348, 3.5));
#3045 = CARTESIAN_POINT ('', (-86.1046377970476, 44.6177202269493, 3.5));
#3046 = CARTESIAN_POINT ('', (-86.0358641002459, 44.6800524745434, 3.5));
#3047 = CARTESIAN_POINT ('', (-85.9708576570313, 44.7459037173531, 3.5));
#3048 = CARTESIAN_POINT ('', (-85.9059514060993, 44.8116534658185, 3.5));
#3049 = CARTESIAN_POINT ('', (-85.8446016270374, 44.8811130675377, 3.5));
#3050 = CARTESIAN_POINT ('', (-85.7873725860939, 44.9536436659497, 3.5));
#3051 = CARTESIAN_POINT ('', (-85.7302325278139, 45.0260614900476, 3.5));
#3052 = CARTESIAN_POINT ('', (-85.6770255919891, 45.1017622409155, 3.5));
#3053 = CARTESIAN_POINT ('', (-85.6282396337121, 45.1800518173757, 3.5));
#3054 = CARTESIAN_POINT ('', (-85.6132611450332, 45.2040886422347, 3.5));
#3055 = CARTESIAN_POINT ('', (-85.5986890717666, 45.2283835409512, 3.5));
#3056 = CARTESIAN_POINT ('', (-85.5845360348785, 45.2529154715571, 3.5));
#3057 = B_SPLINE_CURVE_WITH_KNOTS ('', 3, (#2993, #2994, #2995, #2996, #2997, #2998, #2999, #3000, #3001, #3002, #3003, #3004, #3005, #3006, #3007, #3008, #3009, #3010, #3011, #3012, #3013, #3014, #3015, #3016, #3017, #3018, #3019, #3020, #3021, #3022, #3023, #3024, #3025, #3026, #3027, #3028, #3029, #3030, #3031, #3032, #3033, #3034, #3035, #3036, #3037, #3038, #3039, #3040, #3041, #3042, #3043, #3044, #3045, #3046, #3047, #3048, #3049, #3050, #3051, #3052, #3053, #3054, #3055, #3056), .UNSPECIFIED., .F., .U., (4, 3, 3, 3, 3, 3, 3, 3, 3, 3, 3, 3, 3, 3, 3, 3, 3, 3, 3, 3, 3, 4), (0., 0.280296134986109, 0.560123246775156, 0.839495946810732, 1.11842541938405, 1.39691974139672, 1.67498410834319, 1.95262098014457, 2.22983015547473, 2.50660877911613, 2.58887265629497, 2.64378342753284, 2.92403490541709, 3.20381888508697, 3.48314964047813, 3.76203805279518, 4.0404919207502, 4.31851617854464, 4.59611303470626, 4.87328204000781, 5.15002008864927, 5.23498547366976), .UNSPECIFIED.);
#3058 = EDGE_CURVE ('', #2987, #2833, #3057, .T.);
#3059 = ORIENTED_EDGE ('', *, *, #3058, .T.);
#3060 = EDGE_LOOP ('', (#2840, #2909, #2916, #2985, #2992, #3059));
#3061 = FACE_BOUND ('', #3060, .T.);
#3062 = CARTESIAN_POINT ('', (-179., 11.0227652786216, 3.5));
#3063 = CARTESIAN_POINT ('', (-5.50000000000006, 11.0227652786216, 3.5));
#3064 = CARTESIAN_POINT ('', (-179., 137., 3.5));
#3065 = CARTESIAN_POINT ('', (-5.50000000000006, 137., 3.5));
#3066 = B_SPLINE_SURFACE_WITH_KNOTS ('', 1, 1, ((#3062, #3063), (#3064, #3065)), .UNSPECIFIED., .F., .F., .U., (2, 2), (2, 2), (0.341808984958867, 0.62159348499208), (0.303173895950627, 0.688502331386786), .UNSPECIFIED.);
#3067 = ADVANCED_FACE ('', (#393, #423, #485, #547, #609, #671, #733, #795, #857, #919, #981, #1043, #1105, #1167, #1317, #1379, #1441, #1503, #1565, #1627, #1689, #1751, #1813, #1875, #2025, #2087, #2149, #2211, #2273, #2335, #2397, #2459, #2521, #2583, #2645, #2707, #2769, #2831, #3061), #3066, .T.);
#3068 = CARTESIAN_POINT ('', (-85.5845360348785, 45.2529154715571, 5.));
#3069 = VERTEX_POINT ('', #3068);
#3070 = CARTESIAN_POINT ('', (-85.5845360348785, 45.2529154715571, 5.));
#3071 = CARTESIAN_POINT ('', (-85.5845360348785, 45.2529154715571, 3.5));
#3072 = B_SPLINE_CURVE_WITH_KNOTS ('', 1, (#3070, #3071), .UNSPECIFIED., .F., .U., (2, 2), (0.0833333333333335, 0.916666666666666), .UNSPECIFIED.);
#3073 = EDGE_CURVE ('', #3069, #2833, #3072, .T.);
#3074 = ORIENTED_EDGE ('', *, *, #3073, .F.);
#3075 = CARTESIAN_POINT ('', (-81.5473561917714, 52.2506938662761, 5.));
#3076 = VERTEX_POINT ('', #3075);
#3077 = CARTESIAN_POINT ('', (-85.5845360348785, 45.2529154715571, 5.));
#3078 = CARTESIAN_POINT ('', (-81.5473561917714, 52.2506938662761, 5.));
#3079 = B_SPLINE_CURVE_WITH_KNOTS ('', 1, (#3077, #3078), .UNSPECIFIED., .F., .U., (2, 2), (0., 1.), .UNSPECIFIED.);
#3080 = EDGE_CURVE ('', #3069, #3076, #3079, .T.);
#3081 = ORIENTED_EDGE ('', *, *, #3080, .T.);
#3082 = CARTESIAN_POINT ('', (-81.5473561917714, 52.2506938662761, 5.));
#3083 = CARTESIAN_POINT ('', (-81.5473561917714, 52.2506938662761, 3.5));
#3084 = B_SPLINE_CURVE_WITH_KNOTS ('', 1, (#3082, #3083), .UNSPECIFIED., .F., .U., (2, 2), (0.0833333333333335, 0.916666666666666), .UNSPECIFIED.);
#3085 = EDGE_CURVE ('', #3076, #2835, #3084, .T.);
#3086 = ORIENTED_EDGE ('', *, *, #3085, .T.);
#3087 = ORIENTED_EDGE ('', *, *, #2839, .F.);
#3088 = EDGE_LOOP ('', (#3074, #3081, #3086, #3087));
#3089 = FACE_OUTER_BOUND ('', #3088, .T.);
#3090 = CARTESIAN_POINT ('', (-81.5473561917714, 52.2506938662761, 5.));
#3091 = CARTESIAN_POINT ('', (-85.5845360348785, 45.2529154715571, 5.));
#3092 = CARTESIAN_POINT ('', (-81.5473561917714, 52.2506938662761, 3.5));
#3093 = CARTESIAN_POINT ('', (-85.5845360348785, 45.2529154715571, 3.5));
#3094 = B_SPLINE_SURFACE_WITH_KNOTS ('', 1, 1, ((#3090, #3091), (#3092, #3093)), .UNSPECIFIED., .F., .F., .U., (2, 2), (2, 2), (0.0833333333333334, 0.916666666666665), (37.3064077649163, 45.3852519611603), .UNSPECIFIED.);
#3095 = ADVANCED_FACE ('', (#3089), #3094, .T.);
#3096 = CARTESIAN_POINT ('', (-58.286095044398, 26.56806038876, 5.));
#3097 = VERTEX_POINT ('', #3096);
#3098 = CARTESIAN_POINT ('', (-58.7785606827727, 26.8523855576423, 5.));
#3099 = VERTEX_POINT ('', #3098);
#3100 = CARTESIAN_POINT ('', (-58.286095044398, 26.56806038876, 5.));
#3101 = CARTESIAN_POINT ('', (-58.7785606827727, 26.8523855576423, 5.));
#3102 = B_SPLINE_CURVE_WITH_KNOTS ('', 1, (#3100, #3101), .UNSPECIFIED., .F., .U., (2, 2), (133.742975150104, 134.311625487868), .UNSPECIFIED.);
#3103 = EDGE_CURVE ('', #3097, #3099, #3102, .T.);
#3104 = ORIENTED_EDGE ('', *, *, #3103, .F.);
#3105 = CARTESIAN_POINT ('', (-44.4099407048997, 15.9205126747014, 5.));
#3106 = VERTEX_POINT ('', #3105);
#3107 = CARTESIAN_POINT ('', (-44.4099407048997, 15.9205126747014, 5.));
#3108 = CARTESIAN_POINT ('', (-50.6471297497805, 22.1577017195822, 5.));
#3109 = CARTESIAN_POINT ('', (-58.286095044398, 26.56806038876, 5.));
#3110 = (
   BOUNDED_CURVE ()
   B_SPLINE_CURVE (2, (#3107, #3108, #3109), .UNSPECIFIED., .F., .U.)
   B_SPLINE_CURVE_WITH_KNOTS ((3, 3), (132.742975150104, 133.742975150104), .UNSPECIFIED.)
   CURVE ()
   GEOMETRIC_REPRESENTATION_ITEM ()
   RATIONAL_B_SPLINE_CURVE ((1., 0.991444861373811, 1.))
   REPRESENTATION_ITEM ('')
);
#3111 = EDGE_CURVE ('', #3106, #3097, #3110, .T.);
#3112 = ORIENTED_EDGE ('', *, *, #3111, .F.);
#3113 = CARTESIAN_POINT ('', (-42.4411254969544, 13.9516974667561, 5.));
#3114 = VERTEX_POINT ('', #3113);
#3115 = CARTESIAN_POINT ('', (-42.4411254969544, 13.9516974667561, 5.));
#3116 = CARTESIAN_POINT ('', (-44.4099407048997, 15.9205126747014, 5.));
#3117 = B_SPLINE_CURVE_WITH_KNOTS ('', 1, (#3115, #3116), .UNSPECIFIED., .F., .U., (2, 2), (129.958649981221, 132.742975150104), .UNSPECIFIED.);
#3118 = EDGE_CURVE ('', #3114, #3106, #3117, .T.);
#3119 = ORIENTED_EDGE ('', *, *, #3118, .F.);
#3120 = CARTESIAN_POINT ('', (-28.2989898732234, 13.9516974667561, 5.));
#3121 = VERTEX_POINT ('', #3120);
#3122 = CARTESIAN_POINT ('', (-28.2989898732234, 13.9516974667561, 5.));
#3123 = CARTESIAN_POINT ('', (-35.3700576850889, 6.88062965489067, 5.));
#3124 = CARTESIAN_POINT ('', (-42.4411254969544, 13.9516974667561, 5.));
#3125 = (
   BOUNDED_CURVE ()
   B_SPLINE_CURVE (2, (#3122, #3123, #3124), .UNSPECIFIED., .F., .U.)
   B_SPLINE_CURVE_WITH_KNOTS ((3, 3), (128.958649981221, 129.958649981221), .UNSPECIFIED.)
   CURVE ()
   GEOMETRIC_REPRESENTATION_ITEM ()
   RATIONAL_B_SPLINE_CURVE ((1., 0.707106781186549, 1.))
   REPRESENTATION_ITEM ('')
);
#3126 = EDGE_CURVE ('', #3121, #3114, #3125, .T.);
#3127 = ORIENTED_EDGE ('', *, *, #3126, .F.);
#3128 = CARTESIAN_POINT ('', (-11.3578643762691, 30.8928229637102, 5.));
#3129 = VERTEX_POINT ('', #3128);
#3130 = CARTESIAN_POINT ('', (-11.3578643762691, 30.8928229637102, 5.));
#3131 = CARTESIAN_POINT ('', (-28.2989898732234, 13.9516974667561, 5.));
#3132 = B_SPLINE_CURVE_WITH_KNOTS ('', 1, (#3130, #3131), .UNSPECIFIED., .F., .U., (2, 2), (105.000280541564, 128.958649981221), .UNSPECIFIED.);
#3133 = EDGE_CURVE ('', #3129, #3121, #3132, .T.);
#3134 = ORIENTED_EDGE ('', *, *, #3133, .F.);
#3135 = CARTESIAN_POINT ('', (-5.65686516701569, 42.5349585874404, 5.));
#3136 = VERTEX_POINT ('', #3135);
#3137 = CARTESIAN_POINT ('', (-5.65686516701569, 42.5349585874404, 5.));
#3138 = CARTESIAN_POINT ('', (-6.51327556682123, 35.7374117731581, 5.));
#3139 = CARTESIAN_POINT ('', (-11.3578643762691, 30.8928229637102, 5.));
#3140 = (
   BOUNDED_CURVE ()
   B_SPLINE_CURVE (2, (#3137, #3138, #3139), .UNSPECIFIED., .F., .U.)
   B_SPLINE_CURVE_WITH_KNOTS ((3, 3), (104.16222272046, 105.000280541564), .UNSPECIFIED.)
   CURVE ()
   GEOMETRIC_REPRESENTATION_ITEM ()
   RATIONAL_B_SPLINE_CURVE ((1., 0.94603094760913, 1.))
   REPRESENTATION_ITEM ('')
);
#3141 = EDGE_CURVE ('', #3136, #3129, #3140, .T.);
#3142 = ORIENTED_EDGE ('', *, *, #3141, .F.);
#3143 = CARTESIAN_POINT ('', (-8.49999999999724, 42.5349585874397, 5.));
#3144 = VERTEX_POINT ('', #3143);
#3145 = CARTESIAN_POINT ('', (-8.49999999999724, 42.5349585874397, 5.));
#3146 = CARTESIAN_POINT ('', (-5.65686516701569, 42.5349585874404, 5.));
#3147 = B_SPLINE_CURVE_WITH_KNOTS ('', 1, (#3145, #3146), .UNSPECIFIED., .F., .U., (2, 2), (101.319087887479, 104.16222272046), .UNSPECIFIED.);
#3148 = EDGE_CURVE ('', #3144, #3136, #3147, .T.);
#3149 = ORIENTED_EDGE ('', *, *, #3148, .F.);
#3150 = CARTESIAN_POINT ('', (-8.49999999999842, 47.5349585874396, 5.));
#3151 = VERTEX_POINT ('', #3150);
#3152 = CARTESIAN_POINT ('', (-8.49999999999842, 47.5349585874397, 5.));
#3153 = CARTESIAN_POINT ('', (-10.9999999999983, 47.5349585874392, 5.));
#3154 = CARTESIAN_POINT ('', (-10.9999999999978, 45.0349585874393, 5.));
#3155 = CARTESIAN_POINT ('', (-10.9999999999973, 42.5349585874394, 5.));
#3156 = CARTESIAN_POINT ('', (-8.49999999999741, 42.5349585874399, 5.));
#3157 = (
   BOUNDED_CURVE ()
   B_SPLINE_CURVE (2, (#3152, #3153, #3154, #3155, #3156), .UNSPECIFIED., .F., .U.)
   B_SPLINE_CURVE_WITH_KNOTS ((3, 2, 3), (100.819087887479, 101.069087887479, 101.319087887479), .UNSPECIFIED.)
   CURVE ()
   GEOMETRIC_REPRESENTATION_ITEM ()
   RATIONAL_B_SPLINE_CURVE ((1., 0.707106781186548, 1., 0.707106781186548, 1.))
   REPRESENTATION_ITEM ('')
);
#3158 = EDGE_CURVE ('', #3151, #3144, #3157, .T.);
#3159 = ORIENTED_EDGE ('', *, *, #3158, .F.);
#3160 = CARTESIAN_POINT ('', (-5.50000000000004, 47.5349585874404, 5.));
#3161 = VERTEX_POINT ('', #3160);
#3162 = CARTESIAN_POINT ('', (-5.50000000000004, 47.5349585874404, 5.));
#3163 = CARTESIAN_POINT ('', (-8.49999999999842, 47.5349585874396, 5.));
#3164 = B_SPLINE_CURVE_WITH_KNOTS ('', 1, (#3162, #3163), .UNSPECIFIED., .F., .U., (2, 2), (97.8190878874805, 100.819087887479), .UNSPECIFIED.);
#3165 = EDGE_CURVE ('', #3161, #3151, #3164, .T.);
#3166 = ORIENTED_EDGE ('', *, *, #3165, .F.);
#3167 = CARTESIAN_POINT ('', (-5.50000000000055, 119.946030732044, 5.));
#3168 = VERTEX_POINT ('', #3167);
#3169 = CARTESIAN_POINT ('', (-5.50000000000055, 119.946030732044, 5.));
#3170 = CARTESIAN_POINT ('', (-5.50000000000004, 47.5349585874404, 5.));
#3171 = B_SPLINE_CURVE_WITH_KNOTS ('', 1, (#3169, #3170), .UNSPECIFIED., .F., .U., (2, 2), (24.5454306270269, 97.8190878874805), .UNSPECIFIED.);
#3172 = EDGE_CURVE ('', #3168, #3161, #3171, .T.);
#3173 = ORIENTED_EDGE ('', *, *, #3172, .F.);
#3174 = CARTESIAN_POINT ('', (-13.412747603328, 129.725773951198, 5.));
#3175 = VERTEX_POINT ('', #3174);
#3176 = CARTESIAN_POINT ('', (-13.412747603328, 129.725773951198, 5.));
#3177 = CARTESIAN_POINT ('', (-5.50000000000002, 128.036987136534, 5.));
#3178 = CARTESIAN_POINT ('', (-5.50000000000088, 119.946030732044, 5.));
#3179 = (
   BOUNDED_CURVE ()
   B_SPLINE_CURVE (2, (#3176, #3177, #3178), .UNSPECIFIED., .F., .U.)
   B_SPLINE_CURVE_WITH_KNOTS ((3, 3), (23.5454306270269, 24.5454306270269), .UNSPECIFIED.)
   CURVE ()
   GEOMETRIC_REPRESENTATION_ITEM ()
   RATIONAL_B_SPLINE_CURVE ((1., 0.77740762784627, 1.))
   REPRESENTATION_ITEM ('')
);
#3180 = EDGE_CURVE ('', #3175, #3168, #3179, .T.);
#3181 = ORIENTED_EDGE ('', *, *, #3180, .F.);
#3182 = CARTESIAN_POINT ('', (-20.1894704466024, 131.053232827268, 5.));
#3183 = VERTEX_POINT ('', #3182);
#3184 = CARTESIAN_POINT ('', (-20.1894704466024, 131.053232827268, 5.));
#3185 = CARTESIAN_POINT ('', (-17.8235821459319, 130.626108329293, 5.));
#3186 = CARTESIAN_POINT ('', (-15.5547628937509, 130.182935908159, 5.));
#3187 = CARTESIAN_POINT ('', (-13.412747603328, 129.725773951198, 5.));
#3188 = B_SPLINE_CURVE_WITH_KNOTS ('', 3, (#3184, #3185, #3186, #3187), .UNSPECIFIED., .F., .U., (4, 4), (23.4464510447902, 23.5454306270269), .UNSPECIFIED.);
#3189 = EDGE_CURVE ('', #3183, #3175, #3188, .T.);
#3190 = ORIENTED_EDGE ('', *, *, #3189, .F.);
#3191 = CARTESIAN_POINT ('', (-20.5740594820385, 128.13198907962, 5.));
#3192 = VERTEX_POINT ('', #3191);
#3193 = CARTESIAN_POINT ('', (-20.5740594820385, 128.13198907962, 5.));
#3194 = CARTESIAN_POINT ('', (-20.1894704466024, 131.053232827268, 5.));
#3195 = B_SPLINE_CURVE_WITH_KNOTS ('', 1, (#3193, #3194), .UNSPECIFIED., .F., .U., (2, 2), (20.5000000000001, 23.4464510447902), .UNSPECIFIED.);
#3196 = EDGE_CURVE ('', #3192, #3183, #3195, .T.);
#3197 = ORIENTED_EDGE ('', *, *, #3196, .F.);
#3198 = CARTESIAN_POINT ('', (-25.5312837889078, 128.784620040717, 5.));
#3199 = VERTEX_POINT ('', #3198);
#3200 = CARTESIAN_POINT ('', (-25.5312837889079, 128.784620040717, 5.));
#3201 = CARTESIAN_POINT ('', (-25.8575992694563, 126.306007887283, 5.));
#3202 = CARTESIAN_POINT ('', (-23.3789871160216, 125.979692406734, 5.));
#3203 = CARTESIAN_POINT ('', (-20.9003749625869, 125.653376926186, 5.));
#3204 = CARTESIAN_POINT ('', (-20.5740594820385, 128.13198907962, 5.));
#3205 = (
   BOUNDED_CURVE ()
   B_SPLINE_CURVE (2, (#3200, #3201, #3202, #3203, #3204), .UNSPECIFIED., .F., .U.)
   B_SPLINE_CURVE_WITH_KNOTS ((3, 2, 3), (20.0000000000001, 20.2500000000001, 20.5000000000001), .UNSPECIFIED.)
   CURVE ()
   GEOMETRIC_REPRESENTATION_ITEM ()
   RATIONAL_B_SPLINE_CURVE ((1., 0.707106781186548, 1., 0.707106781186548, 1.))
   REPRESENTATION_ITEM ('')
);
#3206 = EDGE_CURVE ('', #3199, #3192, #3205, .T.);
#3207 = ORIENTED_EDGE ('', *, *, #3206, .F.);
#3208 = CARTESIAN_POINT ('', (-25.1213432911816, 131.898427262316, 5.));
#3209 = VERTEX_POINT ('', #3208);
#3210 = CARTESIAN_POINT ('', (-25.1213432911816, 131.898427262316, 5.));
#3211 = CARTESIAN_POINT ('', (-25.5312837889078, 128.784620040717, 5.));
#3212 = B_SPLINE_CURVE_WITH_KNOTS ('', 1, (#3210, #3211), .UNSPECIFIED., .F., .U., (2, 2), (16.8593238586323, 20.0000000000001), .UNSPECIFIED.);
#3213 = EDGE_CURVE ('', #3209, #3199, #3212, .T.);
#3214 = ORIENTED_EDGE ('', *, *, #3213, .F.);
#3215 = CARTESIAN_POINT ('', (-81.0000000000002, 137., 5.));
#3216 = VERTEX_POINT ('', #3215);
#3217 = CARTESIAN_POINT ('', (-81.0000000000002, 137., 5.));
#3218 = CARTESIAN_POINT ('', (-76.6003782699712, 137., 5.));
#3219 = CARTESIAN_POINT ('', (-71.4138543453416, 136.80400970051, 5.));
#3220 = CARTESIAN_POINT ('', (-65.7891654779601, 136.447166586383, 5.));
#3221 = CARTESIAN_POINT ('', (-60.1644766105773, 136.090323472256, 5.));
#3222 = CARTESIAN_POINT ('', (-54.1043407390069, 135.572168168843, 5.));
#3223 = CARTESIAN_POINT ('', (-47.9789970718515, 134.924519981891, 5.));
#3224 = CARTESIAN_POINT ('', (-41.8536534046962, 134.27687179494, 5.));
#3225 = CARTESIAN_POINT ('', (-35.66377135291, 133.499793992982, 5.));
#3226 = CARTESIAN_POINT ('', (-29.7804563594672, 132.623789244201, 5.));
#3227 = CARTESIAN_POINT ('', (-28.2029687096171, 132.388906924632, 5.));
#3228 = CARTESIAN_POINT ('', (-26.6476309848257, 132.146960378321, 5.));
#3229 = CARTESIAN_POINT ('', (-25.1213432911816, 131.898427262316, 5.));
#3230 = B_SPLINE_CURVE_WITH_KNOTS ('', 3, (#3217, #3218, #3219, #3220, #3221, #3222, #3223, #3224, #3225, #3226, #3227, #3228, #3229), .UNSPECIFIED., .F., .U., (4, 3, 3, 3, 4), (393.433426901337, 393.660273069235, 393.887119237133, 394.113965405032, 394.174789452134), .UNSPECIFIED.);
#3231 = EDGE_CURVE ('', #3216, #3209, #3230, .T.);
#3232 = ORIENTED_EDGE ('', *, *, #3231, .F.);
#3233 = CARTESIAN_POINT ('', (-135.5, 137., 5.));
#3234 = VERTEX_POINT ('', #3233);
#3235 = CARTESIAN_POINT ('', (-135.5, 137., 5.));
#3236 = CARTESIAN_POINT ('', (-81.0000000000002, 137., 5.));
#3237 = B_SPLINE_CURVE_WITH_KNOTS ('', 1, (#3235, #3236), .UNSPECIFIED., .F., .U., (2, 2), (338.933426901337, 393.433426901337), .UNSPECIFIED.);
#3238 = EDGE_CURVE ('', #3234, #3216, #3237, .T.);
#3239 = ORIENTED_EDGE ('', *, *, #3238, .F.);
#3240 = CARTESIAN_POINT ('', (-135.5, 134., 5.));
#3241 = VERTEX_POINT ('', #3240);
#3242 = CARTESIAN_POINT ('', (-135.5, 134., 5.));
#3243 = CARTESIAN_POINT ('', (-135.5, 137., 5.));
#3244 = B_SPLINE_CURVE_WITH_KNOTS ('', 1, (#3242, #3243), .UNSPECIFIED., .F., .U., (2, 2), (335.933426901337, 338.933426901337), .UNSPECIFIED.);
#3245 = EDGE_CURVE ('', #3241, #3234, #3244, .T.);
#3246 = ORIENTED_EDGE ('', *, *, #3245, .F.);
#3247 = CARTESIAN_POINT ('', (-140.5, 134., 5.));
#3248 = VERTEX_POINT ('', #3247);
#3249 = CARTESIAN_POINT ('', (-140.5, 134., 5.));
#3250 = CARTESIAN_POINT ('', (-140.5, 131.5, 5.));
#3251 = CARTESIAN_POINT ('', (-138., 131.5, 5.));
#3252 = CARTESIAN_POINT ('', (-135.5, 131.5, 5.));
#3253 = CARTESIAN_POINT ('', (-135.5, 134., 5.));
#3254 = (
   BOUNDED_CURVE ()
   B_SPLINE_CURVE (2, (#3249, #3250, #3251, #3252, #3253), .UNSPECIFIED., .F., .U.)
   B_SPLINE_CURVE_WITH_KNOTS ((3, 2, 3), (335.433426901337, 335.683426901337, 335.933426901337), .UNSPECIFIED.)
   CURVE ()
   GEOMETRIC_REPRESENTATION_ITEM ()
   RATIONAL_B_SPLINE_CURVE ((1., 0.707106781186548, 1., 0.707106781186548, 1.))
   REPRESENTATION_ITEM ('')
);
#3255 = EDGE_CURVE ('', #3248, #3241, #3254, .T.);
#3256 = ORIENTED_EDGE ('', *, *, #3255, .F.);
#3257 = CARTESIAN_POINT ('', (-140.5, 137., 5.));
#3258 = VERTEX_POINT ('', #3257);
#3259 = CARTESIAN_POINT ('', (-140.5, 137., 5.));
#3260 = CARTESIAN_POINT ('', (-140.5, 134., 5.));
#3261 = B_SPLINE_CURVE_WITH_KNOTS ('', 1, (#3259, #3260), .UNSPECIFIED., .F., .U., (2, 2), (332.433426901337, 335.433426901337), .UNSPECIFIED.);
#3262 = EDGE_CURVE ('', #3258, #3248, #3261, .T.);
#3263 = ORIENTED_EDGE ('', *, *, #3262, .F.);
#3264 = CARTESIAN_POINT ('', (-169., 137., 5.));
#3265 = VERTEX_POINT ('', #3264);
#3266 = CARTESIAN_POINT ('', (-169., 137., 5.));
#3267 = CARTESIAN_POINT ('', (-140.5, 137., 5.));
#3268 = B_SPLINE_CURVE_WITH_KNOTS ('', 1, (#3266, #3267), .UNSPECIFIED., .F., .U., (2, 2), (303.933426901337, 332.433426901337), .UNSPECIFIED.);
#3269 = EDGE_CURVE ('', #3265, #3258, #3268, .T.);
#3270 = ORIENTED_EDGE ('', *, *, #3269, .F.);
#3271 = CARTESIAN_POINT ('', (-179., 127., 5.));
#3272 = VERTEX_POINT ('', #3271);
#3273 = CARTESIAN_POINT ('', (-179., 127., 5.));
#3274 = CARTESIAN_POINT ('', (-179., 137., 5.));
#3275 = CARTESIAN_POINT ('', (-169., 137., 5.));
#3276 = (
   BOUNDED_CURVE ()
   B_SPLINE_CURVE (2, (#3273, #3274, #3275), .UNSPECIFIED., .F., .U.)
   B_SPLINE_CURVE_WITH_KNOTS ((3, 3), (302.933426901337, 303.933426901337), .UNSPECIFIED.)
   CURVE ()
   GEOMETRIC_REPRESENTATION_ITEM ()
   RATIONAL_B_SPLINE_CURVE ((1., 0.707106781186532, 1.))
   REPRESENTATION_ITEM ('')
);
#3277 = EDGE_CURVE ('', #3272, #3265, #3276, .T.);
#3278 = ORIENTED_EDGE ('', *, *, #3277, .F.);
#3279 = CARTESIAN_POINT ('', (-179., 60.5000000000004, 5.));
#3280 = VERTEX_POINT ('', #3279);
#3281 = CARTESIAN_POINT ('', (-179., 60.5000000000004, 5.));
#3282 = CARTESIAN_POINT ('', (-179., 127., 5.));
#3283 = B_SPLINE_CURVE_WITH_KNOTS ('', 1, (#3281, #3282), .UNSPECIFIED., .F., .U., (2, 2), (236.433426901338, 302.933426901337), .UNSPECIFIED.);
#3284 = EDGE_CURVE ('', #3280, #3272, #3283, .T.);
#3285 = ORIENTED_EDGE ('', *, *, #3284, .F.);
#3286 = CARTESIAN_POINT ('', (-175.999999999999, 60.5000000000005, 5.));
#3287 = VERTEX_POINT ('', #3286);
#3288 = CARTESIAN_POINT ('', (-175.999999999999, 60.5000000000005, 5.));
#3289 = CARTESIAN_POINT ('', (-179., 60.5000000000004, 5.));
#3290 = B_SPLINE_CURVE_WITH_KNOTS ('', 1, (#3288, #3289), .UNSPECIFIED., .F., .U., (2, 2), (233.433426901338, 236.433426901338), .UNSPECIFIED.);
#3291 = EDGE_CURVE ('', #3287, #3280, #3290, .T.);
#3292 = ORIENTED_EDGE ('', *, *, #3291, .F.);
#3293 = CARTESIAN_POINT ('', (-175.999999999999, 55.5000000000006, 5.));
#3294 = VERTEX_POINT ('', #3293);
#3295 = CARTESIAN_POINT ('', (-175.999999999999, 55.5000000000005, 5.));
#3296 = CARTESIAN_POINT ('', (-173.499999999999, 55.5000000000005, 5.));
#3297 = CARTESIAN_POINT ('', (-173.499999999999, 58.0000000000004, 5.));
#3298 = CARTESIAN_POINT ('', (-173.499999999999, 60.5000000000003, 5.));
#3299 = CARTESIAN_POINT ('', (-175.999999999999, 60.5000000000003, 5.));
#3300 = (
   BOUNDED_CURVE ()
   B_SPLINE_CURVE (2, (#3295, #3296, #3297, #3298, #3299), .UNSPECIFIED., .F., .U.)
   B_SPLINE_CURVE_WITH_KNOTS ((3, 2, 3), (232.933426901338, 233.183426901338, 233.433426901338), .UNSPECIFIED.)
   CURVE ()
   GEOMETRIC_REPRESENTATION_ITEM ()
   RATIONAL_B_SPLINE_CURVE ((1., 0.707106781186548, 1., 0.707106781186548, 1.))
   REPRESENTATION_ITEM ('')
);
#3301 = EDGE_CURVE ('', #3294, #3287, #3300, .T.);
#3302 = ORIENTED_EDGE ('', *, *, #3301, .F.);
#3303 = CARTESIAN_POINT ('', (-179., 55.5000000000005, 5.));
#3304 = VERTEX_POINT ('', #3303);
#3305 = CARTESIAN_POINT ('', (-179., 55.5000000000005, 5.));
#3306 = CARTESIAN_POINT ('', (-175.999999999999, 55.5000000000006, 5.));
#3307 = B_SPLINE_CURVE_WITH_KNOTS ('', 1, (#3305, #3306), .UNSPECIFIED., .F., .U., (2, 2), (229.933426901336, 232.933426901338), .UNSPECIFIED.);
#3308 = EDGE_CURVE ('', #3304, #3294, #3307, .T.);
#3309 = ORIENTED_EDGE ('', *, *, #3308, .F.);
#3310 = CARTESIAN_POINT ('', (-179., 45.9999999999996, 5.));
#3311 = VERTEX_POINT ('', #3310);
#3312 = CARTESIAN_POINT ('', (-179., 45.9999999999996, 5.));
#3313 = CARTESIAN_POINT ('', (-179., 55.5000000000005, 5.));
#3314 = B_SPLINE_CURVE_WITH_KNOTS ('', 1, (#3312, #3313), .UNSPECIFIED., .F., .U., (2, 2), (220.433426901335, 229.933426901336), .UNSPECIFIED.);
#3315 = EDGE_CURVE ('', #3311, #3304, #3314, .T.);
#3316 = ORIENTED_EDGE ('', *, *, #3315, .F.);
#3317 = CARTESIAN_POINT ('', (-169., 35.9999999999998, 5.));
#3318 = VERTEX_POINT ('', #3317);
#3319 = CARTESIAN_POINT ('', (-169., 35.9999999999998, 5.));
#3320 = CARTESIAN_POINT ('', (-179., 35.9999999999998, 5.));
#3321 = CARTESIAN_POINT ('', (-179., 45.9999999999996, 5.));
#3322 = (
   BOUNDED_CURVE ()
   B_SPLINE_CURVE (2, (#3319, #3320, #3321), .UNSPECIFIED., .F., .U.)
   B_SPLINE_CURVE_WITH_KNOTS ((3, 3), (219.433426901335, 220.433426901335), .UNSPECIFIED.)
   CURVE ()
   GEOMETRIC_REPRESENTATION_ITEM ()
   RATIONAL_B_SPLINE_CURVE ((1., 0.707106781186564, 1.))
   REPRESENTATION_ITEM ('')
);
#3323 = EDGE_CURVE ('', #3318, #3311, #3322, .T.);
#3324 = ORIENTED_EDGE ('', *, *, #3323, .F.);
#3325 = CARTESIAN_POINT ('', (-95.25, 36., 5.));
#3326 = VERTEX_POINT ('', #3325);
#3327 = CARTESIAN_POINT ('', (-95.25, 36., 5.));
#3328 = CARTESIAN_POINT ('', (-169., 35.9999999999998, 5.));
#3329 = B_SPLINE_CURVE_WITH_KNOTS ('', 1, (#3327, #3328), .UNSPECIFIED., .F., .U., (2, 2), (145.683426901335, 219.433426901335), .UNSPECIFIED.);
#3330 = EDGE_CURVE ('', #3326, #3318, #3329, .T.);
#3331 = ORIENTED_EDGE ('', *, *, #3330, .F.);
#3332 = CARTESIAN_POINT ('', (-92.9179225497028, 36.0000000000001, 5.));
#3333 = VERTEX_POINT ('', #3332);
#3334 = CARTESIAN_POINT ('', (-92.9179225497028, 36.0000000000001, 5.));
#3335 = CARTESIAN_POINT ('', (-95.25, 36., 5.));
#3336 = B_SPLINE_CURVE_WITH_KNOTS ('', 1, (#3334, #3335), .UNSPECIFIED., .F., .U., (2, 2), (143.333151090944, 145.683426901335), .UNSPECIFIED.);
#3337 = EDGE_CURVE ('', #3333, #3326, #3336, .T.);
#3338 = ORIENTED_EDGE ('', *, *, #3337, .F.);
#3339 = CARTESIAN_POINT ('', (-86.2666650909628, 35.6690390977518, 5.));
#3340 = VERTEX_POINT ('', #3339);
#3341 = CARTESIAN_POINT ('', (-86.2666650909627, 35.6690390977518, 5.));
#3342 = CARTESIAN_POINT ('', (-89.5840596541246, 36.0000000000001, 5.));
#3343 = CARTESIAN_POINT ('', (-92.9179225497028, 36.0000000000001, 5.));
#3344 = (
   BOUNDED_CURVE ()
   B_SPLINE_CURVE (2, (#3341, #3342, #3343), .UNSPECIFIED., .F., .U.)
   B_SPLINE_CURVE_WITH_KNOTS ((3, 3), (142.953170716342, 143.333151090944), .UNSPECIFIED.)
   CURVE ()
   GEOMETRIC_REPRESENTATION_ITEM ()
   RATIONAL_B_SPLINE_CURVE ((1., 0.998764307792652, 1.))
   REPRESENTATION_ITEM ('')
);
#3345 = EDGE_CURVE ('', #3340, #3333, #3344, .T.);
#3346 = ORIENTED_EDGE ('', *, *, #3345, .F.);
#3347 = CARTESIAN_POINT ('', (-86.2666650909631, 38.3992398151732, 5.));
#3348 = VERTEX_POINT ('', #3347);
#3349 = CARTESIAN_POINT ('', (-86.2666650909631, 38.3992398151732, 5.));
#3350 = CARTESIAN_POINT ('', (-86.2666650909628, 35.6690390977518, 5.));
#3351 = B_SPLINE_CURVE_WITH_KNOTS ('', 1, (#3349, #3350), .UNSPECIFIED., .F., .U., (2, 2), (140.22296999892, 142.953170716342), .UNSPECIFIED.);
#3352 = EDGE_CURVE ('', #3348, #3340, #3351, .T.);
#3353 = ORIENTED_EDGE ('', *, *, #3352, .F.);
#3354 = CARTESIAN_POINT ('', (-81.2666650909632, 38.3992398151732, 5.));
#3355 = VERTEX_POINT ('', #3354);
#3356 = CARTESIAN_POINT ('', (-81.2666650909633, 38.3992398151732, 5.));
#3357 = CARTESIAN_POINT ('', (-81.2666650909633, 40.8992398151732, 5.));
#3358 = CARTESIAN_POINT ('', (-83.7666650909633, 40.8992398151731, 5.));
#3359 = CARTESIAN_POINT ('', (-86.2666650909633, 40.899239815173, 5.));
#3360 = CARTESIAN_POINT ('', (-86.2666650909632, 38.3992398151731, 5.));
#3361 = (
   BOUNDED_CURVE ()
   B_SPLINE_CURVE (2, (#3356, #3357, #3358, #3359, #3360), .UNSPECIFIED., .F., .U.)
   B_SPLINE_CURVE_WITH_KNOTS ((3, 2, 3), (139.72296999892, 139.97296999892, 140.22296999892), .UNSPECIFIED.)
   CURVE ()
   GEOMETRIC_REPRESENTATION_ITEM ()
   RATIONAL_B_SPLINE_CURVE ((1., 0.707106781186548, 1., 0.707106781186548, 1.))
   REPRESENTATION_ITEM ('')
);
#3362 = EDGE_CURVE ('', #3355, #3348, #3361, .T.);
#3363 = ORIENTED_EDGE ('', *, *, #3362, .F.);
#3364 = CARTESIAN_POINT ('', (-81.2666650909629, 34.9791497340649, 5.));
#3365 = VERTEX_POINT ('', #3364);
#3366 = CARTESIAN_POINT ('', (-81.2666650909629, 34.9791497340649, 5.));
#3367 = CARTESIAN_POINT ('', (-81.2666650909632, 38.3992398151732, 5.));
#3368 = B_SPLINE_CURVE_WITH_KNOTS ('', 1, (#3366, #3367), .UNSPECIFIED., .F., .U., (2, 2), (136.302879917812, 139.72296999892), .UNSPECIFIED.);
#3369 = EDGE_CURVE ('', #3365, #3355, #3368, .T.);
#3370 = ORIENTED_EDGE ('', *, *, #3369, .F.);
#3371 = CARTESIAN_POINT ('', (-75.5770465278339, 33.7170303613676, 5.));
#3372 = VERTEX_POINT ('', #3371);
#3373 = CARTESIAN_POINT ('', (-75.5770465278339, 33.7170303613676, 5.));
#3374 = CARTESIAN_POINT ('', (-78.3943837830297, 34.4719336037034, 5.));
#3375 = CARTESIAN_POINT ('', (-81.2666650909628, 34.9791497340649, 5.));
#3376 = (
   BOUNDED_CURVE ()
   B_SPLINE_CURVE (2, (#3373, #3374, #3375), .UNSPECIFIED., .F., .U.)
   B_SPLINE_CURVE_WITH_KNOTS ((3, 3), (135.970308306588, 136.302879917812), .UNSPECIFIED.)
   CURVE ()
   GEOMETRIC_REPRESENTATION_ITEM ()
   RATIONAL_B_SPLINE_CURVE ((1., 0.9990537764142, 1.))
   REPRESENTATION_ITEM ('')
);
#3377 = EDGE_CURVE ('', #3372, #3365, #3376, .T.);
#3378 = ORIENTED_EDGE ('', *, *, #3377, .F.);
#3379 = CARTESIAN_POINT ('', (-74.9376846609043, 33.5457138654525, 5.));
#3380 = VERTEX_POINT ('', #3379);
#3381 = CARTESIAN_POINT ('', (-74.9376846609043, 33.5457138654525, 5.));
#3382 = CARTESIAN_POINT ('', (-75.5770465278339, 33.7170303613676, 5.));
#3383 = B_SPLINE_CURVE_WITH_KNOTS ('', 1, (#3381, #3382), .UNSPECIFIED., .F., .U., (2, 2), (135.311625487868, 135.970308306588), .UNSPECIFIED.);
#3384 = EDGE_CURVE ('', #3380, #3372, #3383, .T.);
#3385 = ORIENTED_EDGE ('', *, *, #3384, .F.);
#3386 = CARTESIAN_POINT ('', (-58.7785606827727, 26.8523855576423, 5.));
#3387 = CARTESIAN_POINT ('', (-66.4175259773906, 31.2627442268202, 5.));
#3388 = CARTESIAN_POINT ('', (-74.9376846609043, 33.5457138654525, 5.));
#3389 = (
   BOUNDED_CURVE ()
   B_SPLINE_CURVE (2, (#3386, #3387, #3388), .UNSPECIFIED., .F., .U.)
   B_SPLINE_CURVE_WITH_KNOTS ((3, 3), (134.311625487868, 135.311625487868), .UNSPECIFIED.)
   CURVE ()
   GEOMETRIC_REPRESENTATION_ITEM ()
   RATIONAL_B_SPLINE_CURVE ((1., 0.991444861373808, 1.))
   REPRESENTATION_ITEM ('')
);
#3390 = EDGE_CURVE ('', #3099, #3380, #3389, .T.);
#3391 = ORIENTED_EDGE ('', *, *, #3390, .F.);
#3392 = EDGE_LOOP ('', (#3104, #3112, #3119, #3127, #3134, #3142, #3149, #3159, #3166, #3173, #3181, #3190, #3197, #3207, #3214, #3232, #3239, #3246, #3256, #3263, #3270, #3278, #3285, #3292, #3302, #3309, #3316, #3324, #3331, #3338, #3346, #3353, #3363, #3370, #3378, #3385, #3391));
#3393 = FACE_OUTER_BOUND ('', #3392, .T.);
#3394 = CARTESIAN_POINT ('', (-159.5, 98.5, 5.));
#3395 = VERTEX_POINT ('', #3394);
#3396 = CARTESIAN_POINT ('', (-159.5, 112.5, 5.));
#3397 = VERTEX_POINT ('', #3396);
#3398 = CARTESIAN_POINT ('', (-159.5, 98.5, 5.));
#3399 = CARTESIAN_POINT ('', (-159.5, 112.5, 5.));
#3400 = B_SPLINE_CURVE_WITH_KNOTS ('', 1, (#3398, #3399), .UNSPECIFIED., .F., .U., (2, 2), (14., 28.), .UNSPECIFIED.);
#3401 = EDGE_CURVE ('', #3395, #3397, #3400, .T.);
#3402 = ORIENTED_EDGE ('', *, *, #3401, .F.);
#3403 = CARTESIAN_POINT ('', (-173.5, 98.5, 5.));
#3404 = VERTEX_POINT ('', #3403);
#3405 = CARTESIAN_POINT ('', (-173.5, 98.5, 5.));
#3406 = CARTESIAN_POINT ('', (-159.5, 98.5, 5.));
#3407 = B_SPLINE_CURVE_WITH_KNOTS ('', 1, (#3405, #3406), .UNSPECIFIED., .F., .U., (2, 2), (0., 14.), .UNSPECIFIED.);
#3408 = EDGE_CURVE ('', #3404, #3395, #3407, .T.);
#3409 = ORIENTED_EDGE ('', *, *, #3408, .F.);
#3410 = CARTESIAN_POINT ('', (-173.5, 112.5, 5.));
#3411 = VERTEX_POINT ('', #3410);
#3412 = CARTESIAN_POINT ('', (-173.5, 112.5, 5.));
#3413 = CARTESIAN_POINT ('', (-173.5, 98.5, 5.));
#3414 = B_SPLINE_CURVE_WITH_KNOTS ('', 1, (#3412, #3413), .UNSPECIFIED., .F., .U., (2, 2), (42., 56.), .UNSPECIFIED.);
#3415 = EDGE_CURVE ('', #3411, #3404, #3414, .T.);
#3416 = ORIENTED_EDGE ('', *, *, #3415, .F.);
#3417 = CARTESIAN_POINT ('', (-159.5, 112.5, 5.));
#3418 = CARTESIAN_POINT ('', (-173.5, 112.5, 5.));
#3419 = B_SPLINE_CURVE_WITH_KNOTS ('', 1, (#3417, #3418), .UNSPECIFIED., .F., .U., (2, 2), (28., 42.), .UNSPECIFIED.);
#3420 = EDGE_CURVE ('', #3397, #3411, #3419, .T.);
#3421 = ORIENTED_EDGE ('', *, *, #3420, .F.);
#3422 = EDGE_LOOP ('', (#3402, #3409, #3416, #3421));
#3423 = FACE_BOUND ('', #3422, .T.);
#3424 = CARTESIAN_POINT ('', (-173., 117.5, 5.));
#3425 = VERTEX_POINT ('', #3424);
#3426 = CARTESIAN_POINT ('', (-160., 117.5, 5.));
#3427 = VERTEX_POINT ('', #3426);
#3428 = CARTESIAN_POINT ('', (-173., 117.5, 5.));
#3429 = CARTESIAN_POINT ('', (-160., 117.5, 5.));
#3430 = B_SPLINE_CURVE_WITH_KNOTS ('', 1, (#3428, #3429), .UNSPECIFIED., .F., .U., (2, 2), (1., 14.), .UNSPECIFIED.);
#3431 = EDGE_CURVE ('', #3425, #3427, #3430, .T.);
#3432 = ORIENTED_EDGE ('', *, *, #3431, .F.);
#3433 = CARTESIAN_POINT ('', (-173.5, 118., 5.));
#3434 = VERTEX_POINT ('', #3433);
#3435 = CARTESIAN_POINT ('', (-173.5, 118., 5.));
#3436 = CARTESIAN_POINT ('', (-173.500000000001, 117.499999999999, 5.));
#3437 = CARTESIAN_POINT ('', (-173., 117.500000000001, 5.));
#3438 = (
   BOUNDED_CURVE ()
   B_SPLINE_CURVE (2, (#3435, #3436, #3437), .UNSPECIFIED., .F., .U.)
   B_SPLINE_CURVE_WITH_KNOTS ((3, 3), (0., 1.), .UNSPECIFIED.)
   CURVE ()
   GEOMETRIC_REPRESENTATION_ITEM ()
   RATIONAL_B_SPLINE_CURVE ((1., 0.707106781185482, 1.))
   REPRESENTATION_ITEM ('')
);
#3439 = EDGE_CURVE ('', #3434, #3425, #3438, .T.);
#3440 = ORIENTED_EDGE ('', *, *, #3439, .F.);
#3441 = CARTESIAN_POINT ('', (-173.5, 131., 5.));
#3442 = VERTEX_POINT ('', #3441);
#3443 = CARTESIAN_POINT ('', (-173.5, 131., 5.));
#3444 = CARTESIAN_POINT ('', (-173.5, 118., 5.));
#3445 = B_SPLINE_CURVE_WITH_KNOTS ('', 1, (#3443, #3444), .UNSPECIFIED., .F., .U., (2, 2), (43., 56.), .UNSPECIFIED.);
#3446 = EDGE_CURVE ('', #3442, #3434, #3445, .T.);
#3447 = ORIENTED_EDGE ('', *, *, #3446, .F.);
#3448 = CARTESIAN_POINT ('', (-173., 131.5, 5.));
#3449 = VERTEX_POINT ('', #3448);
#3450 = CARTESIAN_POINT ('', (-173., 131.5, 5.));
#3451 = CARTESIAN_POINT ('', (-173.5, 131.5, 5.));
#3452 = CARTESIAN_POINT ('', (-173.5, 131., 5.));
#3453 = (
   BOUNDED_CURVE ()
   B_SPLINE_CURVE (2, (#3450, #3451, #3452), .UNSPECIFIED., .F., .U.)
   B_SPLINE_CURVE_WITH_KNOTS ((3, 3), (42., 43.), .UNSPECIFIED.)
   CURVE ()
   GEOMETRIC_REPRESENTATION_ITEM ()
   RATIONAL_B_SPLINE_CURVE ((1., 0.707106781186869, 1.))
   REPRESENTATION_ITEM ('')
);
#3454 = EDGE_CURVE ('', #3449, #3442, #3453, .T.);
#3455 = ORIENTED_EDGE ('', *, *, #3454, .F.);
#3456 = CARTESIAN_POINT ('', (-160., 131.5, 5.));
#3457 = VERTEX_POINT ('', #3456);
#3458 = CARTESIAN_POINT ('', (-160., 131.5, 5.));
#3459 = CARTESIAN_POINT ('', (-173., 131.5, 5.));
#3460 = B_SPLINE_CURVE_WITH_KNOTS ('', 1, (#3458, #3459), .UNSPECIFIED., .F., .U., (2, 2), (29., 42.), .UNSPECIFIED.);
#3461 = EDGE_CURVE ('', #3457, #3449, #3460, .T.);
#3462 = ORIENTED_EDGE ('', *, *, #3461, .F.);
#3463 = CARTESIAN_POINT ('', (-159.5, 131., 5.));
#3464 = VERTEX_POINT ('', #3463);
#3465 = CARTESIAN_POINT ('', (-159.5, 131., 5.));
#3466 = CARTESIAN_POINT ('', (-159.5, 131.5, 5.));
#3467 = CARTESIAN_POINT ('', (-160., 131.5, 5.));
#3468 = (
   BOUNDED_CURVE ()
   B_SPLINE_CURVE (2, (#3465, #3466, #3467), .UNSPECIFIED., .F., .U.)
   B_SPLINE_CURVE_WITH_KNOTS ((3, 3), (28., 29.), .UNSPECIFIED.)
   CURVE ()
   GEOMETRIC_REPRESENTATION_ITEM ()
   RATIONAL_B_SPLINE_CURVE ((1., 0.707106781186487, 1.))
   REPRESENTATION_ITEM ('')
);
#3469 = EDGE_CURVE ('', #3464, #3457, #3468, .T.);
#3470 = ORIENTED_EDGE ('', *, *, #3469, .F.);
#3471 = CARTESIAN_POINT ('', (-159.5, 118., 5.));
#3472 = VERTEX_POINT ('', #3471);
#3473 = CARTESIAN_POINT ('', (-159.5, 118., 5.));
#3474 = CARTESIAN_POINT ('', (-159.5, 131., 5.));
#3475 = B_SPLINE_CURVE_WITH_KNOTS ('', 1, (#3473, #3474), .UNSPECIFIED., .F., .U., (2, 2), (15., 28.), .UNSPECIFIED.);
#3476 = EDGE_CURVE ('', #3472, #3464, #3475, .T.);
#3477 = ORIENTED_EDGE ('', *, *, #3476, .F.);
#3478 = CARTESIAN_POINT ('', (-160., 117.5, 5.));
#3479 = CARTESIAN_POINT ('', (-159.5, 117.5, 5.));
#3480 = CARTESIAN_POINT ('', (-159.5, 118., 5.));
#3481 = (
   BOUNDED_CURVE ()
   B_SPLINE_CURVE (2, (#3478, #3479, #3480), .UNSPECIFIED., .F., .U.)
   B_SPLINE_CURVE_WITH_KNOTS ((3, 3), (14., 15.), .UNSPECIFIED.)
   CURVE ()
   GEOMETRIC_REPRESENTATION_ITEM ()
   RATIONAL_B_SPLINE_CURVE ((1., 0.707106781186266, 1.))
   REPRESENTATION_ITEM ('')
);
#3482 = EDGE_CURVE ('', #3427, #3472, #3481, .T.);
#3483 = ORIENTED_EDGE ('', *, *, #3482, .F.);
#3484 = EDGE_LOOP ('', (#3432, #3440, #3447, #3455, #3462, #3470, #3477, #3483));
#3485 = FACE_BOUND ('', #3484, .T.);
#3486 = CARTESIAN_POINT ('', (-154., 117.5, 5.));
#3487 = VERTEX_POINT ('', #3486);
#3488 = CARTESIAN_POINT ('', (-141., 117.5, 5.));
#3489 = VERTEX_POINT ('', #3488);
#3490 = CARTESIAN_POINT ('', (-154., 117.5, 5.));
#3491 = CARTESIAN_POINT ('', (-141., 117.5, 5.));
#3492 = B_SPLINE_CURVE_WITH_KNOTS ('', 1, (#3490, #3491), .UNSPECIFIED., .F., .U., (2, 2), (1., 14.), .UNSPECIFIED.);
#3493 = EDGE_CURVE ('', #3487, #3489, #3492, .T.);
#3494 = ORIENTED_EDGE ('', *, *, #3493, .F.);
#3495 = CARTESIAN_POINT ('', (-154.5, 118., 5.));
#3496 = VERTEX_POINT ('', #3495);
#3497 = CARTESIAN_POINT ('', (-154.5, 118., 5.));
#3498 = CARTESIAN_POINT ('', (-154.500000000001, 117.499999999999, 5.));
#3499 = CARTESIAN_POINT ('', (-154., 117.500000000001, 5.));
#3500 = (
   BOUNDED_CURVE ()
   B_SPLINE_CURVE (2, (#3497, #3498, #3499), .UNSPECIFIED., .F., .U.)
   B_SPLINE_CURVE_WITH_KNOTS ((3, 3), (0., 1.), .UNSPECIFIED.)
   CURVE ()
   GEOMETRIC_REPRESENTATION_ITEM ()
   RATIONAL_B_SPLINE_CURVE ((1., 0.707106781185503, 1.))
   REPRESENTATION_ITEM ('')
);
#3501 = EDGE_CURVE ('', #3496, #3487, #3500, .T.);
#3502 = ORIENTED_EDGE ('', *, *, #3501, .F.);
#3503 = CARTESIAN_POINT ('', (-154.5, 131., 5.));
#3504 = VERTEX_POINT ('', #3503);
#3505 = CARTESIAN_POINT ('', (-154.5, 131., 5.));
#3506 = CARTESIAN_POINT ('', (-154.5, 118., 5.));
#3507 = B_SPLINE_CURVE_WITH_KNOTS ('', 1, (#3505, #3506), .UNSPECIFIED., .F., .U., (2, 2), (43., 56.), .UNSPECIFIED.);
#3508 = EDGE_CURVE ('', #3504, #3496, #3507, .T.);
#3509 = ORIENTED_EDGE ('', *, *, #3508, .F.);
#3510 = CARTESIAN_POINT ('', (-154., 131.5, 5.));
#3511 = VERTEX_POINT ('', #3510);
#3512 = CARTESIAN_POINT ('', (-154., 131.5, 5.));
#3513 = CARTESIAN_POINT ('', (-154.5, 131.5, 5.));
#3514 = CARTESIAN_POINT ('', (-154.5, 131., 5.));
#3515 = (
   BOUNDED_CURVE ()
   B_SPLINE_CURVE (2, (#3512, #3513, #3514), .UNSPECIFIED., .F., .U.)
   B_SPLINE_CURVE_WITH_KNOTS ((3, 3), (42., 43.), .UNSPECIFIED.)
   CURVE ()
   GEOMETRIC_REPRESENTATION_ITEM ()
   RATIONAL_B_SPLINE_CURVE ((1., 0.707106781186849, 1.))
   REPRESENTATION_ITEM ('')
);
#3516 = EDGE_CURVE ('', #3511, #3504, #3515, .T.);
#3517 = ORIENTED_EDGE ('', *, *, #3516, .F.);
#3518 = CARTESIAN_POINT ('', (-141., 131.5, 5.));
#3519 = VERTEX_POINT ('', #3518);
#3520 = CARTESIAN_POINT ('', (-141., 131.5, 5.));
#3521 = CARTESIAN_POINT ('', (-154., 131.5, 5.));
#3522 = B_SPLINE_CURVE_WITH_KNOTS ('', 1, (#3520, #3521), .UNSPECIFIED., .F., .U., (2, 2), (29., 42.), .UNSPECIFIED.);
#3523 = EDGE_CURVE ('', #3519, #3511, #3522, .T.);
#3524 = ORIENTED_EDGE ('', *, *, #3523, .F.);
#3525 = CARTESIAN_POINT ('', (-140.5, 131., 5.));
#3526 = VERTEX_POINT ('', #3525);
#3527 = CARTESIAN_POINT ('', (-140.5, 131., 5.));
#3528 = CARTESIAN_POINT ('', (-140.500000000001, 131.499999999999, 5.));
#3529 = CARTESIAN_POINT ('', (-141., 131.500000000001, 5.));
#3530 = (
   BOUNDED_CURVE ()
   B_SPLINE_CURVE (2, (#3527, #3528, #3529), .UNSPECIFIED., .F., .U.)
   B_SPLINE_CURVE_WITH_KNOTS ((3, 3), (28., 29.), .UNSPECIFIED.)
   CURVE ()
   GEOMETRIC_REPRESENTATION_ITEM ()
   RATIONAL_B_SPLINE_CURVE ((1., 0.707106781187552, 1.))
   REPRESENTATION_ITEM ('')
);
#3531 = EDGE_CURVE ('', #3526, #3519, #3530, .T.);
#3532 = ORIENTED_EDGE ('', *, *, #3531, .F.);
#3533 = CARTESIAN_POINT ('', (-140.5, 118., 5.));
#3534 = VERTEX_POINT ('', #3533);
#3535 = CARTESIAN_POINT ('', (-140.5, 118., 5.));
#3536 = CARTESIAN_POINT ('', (-140.5, 131., 5.));
#3537 = B_SPLINE_CURVE_WITH_KNOTS ('', 1, (#3535, #3536), .UNSPECIFIED., .F., .U., (2, 2), (15., 28.), .UNSPECIFIED.);
#3538 = EDGE_CURVE ('', #3534, #3526, #3537, .T.);
#3539 = ORIENTED_EDGE ('', *, *, #3538, .F.);
#3540 = CARTESIAN_POINT ('', (-141., 117.5, 5.));
#3541 = CARTESIAN_POINT ('', (-140.5, 117.5, 5.));
#3542 = CARTESIAN_POINT ('', (-140.5, 118., 5.));
#3543 = (
   BOUNDED_CURVE ()
   B_SPLINE_CURVE (2, (#3540, #3541, #3542), .UNSPECIFIED., .F., .U.)
   B_SPLINE_CURVE_WITH_KNOTS ((3, 3), (14., 15.), .UNSPECIFIED.)
   CURVE ()
   GEOMETRIC_REPRESENTATION_ITEM ()
   RATIONAL_B_SPLINE_CURVE ((1., 0.707106781186578, 1.))
   REPRESENTATION_ITEM ('')
);
#3544 = EDGE_CURVE ('', #3489, #3534, #3543, .T.);
#3545 = ORIENTED_EDGE ('', *, *, #3544, .F.);
#3546 = EDGE_LOOP ('', (#3494, #3502, #3509, #3517, #3524, #3532, #3539, #3545));
#3547 = FACE_BOUND ('', #3546, .T.);
#3548 = CARTESIAN_POINT ('', (-135., 117.5, 5.));
#3549 = VERTEX_POINT ('', #3548);
#3550 = CARTESIAN_POINT ('', (-122., 117.5, 5.));
#3551 = VERTEX_POINT ('', #3550);
#3552 = CARTESIAN_POINT ('', (-135., 117.5, 5.));
#3553 = CARTESIAN_POINT ('', (-122., 117.5, 5.));
#3554 = B_SPLINE_CURVE_WITH_KNOTS ('', 1, (#3552, #3553), .UNSPECIFIED., .F., .U., (2, 2), (1., 14.), .UNSPECIFIED.);
#3555 = EDGE_CURVE ('', #3549, #3551, #3554, .T.);
#3556 = ORIENTED_EDGE ('', *, *, #3555, .F.);
#3557 = CARTESIAN_POINT ('', (-135.5, 118., 5.));
#3558 = VERTEX_POINT ('', #3557);
#3559 = CARTESIAN_POINT ('', (-135.5, 118., 5.));
#3560 = CARTESIAN_POINT ('', (-135.5, 117.5, 5.));
#3561 = CARTESIAN_POINT ('', (-135., 117.5, 5.));
#3562 = (
   BOUNDED_CURVE ()
   B_SPLINE_CURVE (2, (#3559, #3560, #3561), .UNSPECIFIED., .F., .U.)
   B_SPLINE_CURVE_WITH_KNOTS ((3, 3), (0., 1.), .UNSPECIFIED.)
   CURVE ()
   GEOMETRIC_REPRESENTATION_ITEM ()
   RATIONAL_B_SPLINE_CURVE ((1., 0.707106781186769, 1.))
   REPRESENTATION_ITEM ('')
);
#3563 = EDGE_CURVE ('', #3558, #3549, #3562, .T.);
#3564 = ORIENTED_EDGE ('', *, *, #3563, .F.);
#3565 = CARTESIAN_POINT ('', (-135.5, 131., 5.));
#3566 = VERTEX_POINT ('', #3565);
#3567 = CARTESIAN_POINT ('', (-135.5, 131., 5.));
#3568 = CARTESIAN_POINT ('', (-135.5, 118., 5.));
#3569 = B_SPLINE_CURVE_WITH_KNOTS ('', 1, (#3567, #3568), .UNSPECIFIED., .F., .U., (2, 2), (43., 56.), .UNSPECIFIED.);
#3570 = EDGE_CURVE ('', #3566, #3558, #3569, .T.);
#3571 = ORIENTED_EDGE ('', *, *, #3570, .F.);
#3572 = CARTESIAN_POINT ('', (-135., 131.5, 5.));
#3573 = VERTEX_POINT ('', #3572);
#3574 = CARTESIAN_POINT ('', (-135., 131.5, 5.));
#3575 = CARTESIAN_POINT ('', (-135.5, 131.5, 5.));
#3576 = CARTESIAN_POINT ('', (-135.5, 131., 5.));
#3577 = (
   BOUNDED_CURVE ()
   B_SPLINE_CURVE (2, (#3574, #3575, #3576), .UNSPECIFIED., .F., .U.)
   B_SPLINE_CURVE_WITH_KNOTS ((3, 3), (42., 43.), .UNSPECIFIED.)
   CURVE ()
   GEOMETRIC_REPRESENTATION_ITEM ()
   RATIONAL_B_SPLINE_CURVE ((1., 0.707106781186668, 1.))
   REPRESENTATION_ITEM ('')
);
#3578 = EDGE_CURVE ('', #3573, #3566, #3577, .T.);
#3579 = ORIENTED_EDGE ('', *, *, #3578, .F.);
#3580 = CARTESIAN_POINT ('', (-122., 131.5, 5.));
#3581 = VERTEX_POINT ('', #3580);
#3582 = CARTESIAN_POINT ('', (-122., 131.5, 5.));
#3583 = CARTESIAN_POINT ('', (-135., 131.5, 5.));
#3584 = B_SPLINE_CURVE_WITH_KNOTS ('', 1, (#3582, #3583), .UNSPECIFIED., .F., .U., (2, 2), (29., 42.), .UNSPECIFIED.);
#3585 = EDGE_CURVE ('', #3581, #3573, #3584, .T.);
#3586 = ORIENTED_EDGE ('', *, *, #3585, .F.);
#3587 = CARTESIAN_POINT ('', (-121.5, 131., 5.));
#3588 = VERTEX_POINT ('', #3587);
#3589 = CARTESIAN_POINT ('', (-121.5, 131., 5.));
#3590 = CARTESIAN_POINT ('', (-121.5, 131.5, 5.));
#3591 = CARTESIAN_POINT ('', (-122., 131.5, 5.));
#3592 = (
   BOUNDED_CURVE ()
   B_SPLINE_CURVE (2, (#3589, #3590, #3591), .UNSPECIFIED., .F., .U.)
   B_SPLINE_CURVE_WITH_KNOTS ((3, 3), (28., 29.), .UNSPECIFIED.)
   CURVE ()
   GEOMETRIC_REPRESENTATION_ITEM ()
   RATIONAL_B_SPLINE_CURVE ((1., 0.70710678118711, 1.))
   REPRESENTATION_ITEM ('')
);
#3593 = EDGE_CURVE ('', #3588, #3581, #3592, .T.);
#3594 = ORIENTED_EDGE ('', *, *, #3593, .F.);
#3595 = CARTESIAN_POINT ('', (-121.5, 118., 5.));
#3596 = VERTEX_POINT ('', #3595);
#3597 = CARTESIAN_POINT ('', (-121.5, 118., 5.));
#3598 = CARTESIAN_POINT ('', (-121.5, 131., 5.));
#3599 = B_SPLINE_CURVE_WITH_KNOTS ('', 1, (#3597, #3598), .UNSPECIFIED., .F., .U., (2, 2), (15., 28.), .UNSPECIFIED.);
#3600 = EDGE_CURVE ('', #3596, #3588, #3599, .T.);
#3601 = ORIENTED_EDGE ('', *, *, #3600, .F.);
#3602 = CARTESIAN_POINT ('', (-122., 117.5, 5.));
#3603 = CARTESIAN_POINT ('', (-121.5, 117.5, 5.));
#3604 = CARTESIAN_POINT ('', (-121.5, 118., 5.));
#3605 = (
   BOUNDED_CURVE ()
   B_SPLINE_CURVE (2, (#3602, #3603, #3604), .UNSPECIFIED., .F., .U.)
   B_SPLINE_CURVE_WITH_KNOTS ((3, 3), (14., 15.), .UNSPECIFIED.)
   CURVE ()
   GEOMETRIC_REPRESENTATION_ITEM ()
   RATIONAL_B_SPLINE_CURVE ((1., 0.707106781186939, 1.))
   REPRESENTATION_ITEM ('')
);
#3606 = EDGE_CURVE ('', #3551, #3596, #3605, .T.);
#3607 = ORIENTED_EDGE ('', *, *, #3606, .F.);
#3608 = EDGE_LOOP ('', (#3556, #3564, #3571, #3579, #3586, #3594, #3601, #3607));
#3609 = FACE_BOUND ('', #3608, .T.);
#3610 = CARTESIAN_POINT ('', (-116., 117.5, 5.));
#3611 = VERTEX_POINT ('', #3610);
#3612 = CARTESIAN_POINT ('', (-103., 117.5, 5.));
#3613 = VERTEX_POINT ('', #3612);
#3614 = CARTESIAN_POINT ('', (-116., 117.5, 5.));
#3615 = CARTESIAN_POINT ('', (-103., 117.5, 5.));
#3616 = B_SPLINE_CURVE_WITH_KNOTS ('', 1, (#3614, #3615), .UNSPECIFIED., .F., .U., (2, 2), (1., 14.), .UNSPECIFIED.);
#3617 = EDGE_CURVE ('', #3611, #3613, #3616, .T.);
#3618 = ORIENTED_EDGE ('', *, *, #3617, .F.);
#3619 = CARTESIAN_POINT ('', (-116.5, 118., 5.));
#3620 = VERTEX_POINT ('', #3619);
#3621 = CARTESIAN_POINT ('', (-116.5, 118., 5.));
#3622 = CARTESIAN_POINT ('', (-116.5, 117.5, 5.));
#3623 = CARTESIAN_POINT ('', (-116., 117.5, 5.));
#3624 = (
   BOUNDED_CURVE ()
   B_SPLINE_CURVE (2, (#3621, #3622, #3623), .UNSPECIFIED., .F., .U.)
   B_SPLINE_CURVE_WITH_KNOTS ((3, 3), (0., 1.), .UNSPECIFIED.)
   CURVE ()
   GEOMETRIC_REPRESENTATION_ITEM ()
   RATIONAL_B_SPLINE_CURVE ((1., 0.707106781186568, 1.))
   REPRESENTATION_ITEM ('')
);
#3625 = EDGE_CURVE ('', #3620, #3611, #3624, .T.);
#3626 = ORIENTED_EDGE ('', *, *, #3625, .F.);
#3627 = CARTESIAN_POINT ('', (-116.5, 131., 5.));
#3628 = VERTEX_POINT ('', #3627);
#3629 = CARTESIAN_POINT ('', (-116.5, 131., 5.));
#3630 = CARTESIAN_POINT ('', (-116.5, 118., 5.));
#3631 = B_SPLINE_CURVE_WITH_KNOTS ('', 1, (#3629, #3630), .UNSPECIFIED., .F., .U., (2, 2), (43., 56.), .UNSPECIFIED.);
#3632 = EDGE_CURVE ('', #3628, #3620, #3631, .T.);
#3633 = ORIENTED_EDGE ('', *, *, #3632, .F.);
#3634 = CARTESIAN_POINT ('', (-116., 131.5, 5.));
#3635 = VERTEX_POINT ('', #3634);
#3636 = CARTESIAN_POINT ('', (-116., 131.5, 5.));
#3637 = CARTESIAN_POINT ('', (-116.5, 131.5, 5.));
#3638 = CARTESIAN_POINT ('', (-116.5, 131., 5.));
#3639 = (
   BOUNDED_CURVE ()
   B_SPLINE_CURVE (2, (#3636, #3637, #3638), .UNSPECIFIED., .F., .U.)
   B_SPLINE_CURVE_WITH_KNOTS ((3, 3), (42., 43.), .UNSPECIFIED.)
   CURVE ()
   GEOMETRIC_REPRESENTATION_ITEM ()
   RATIONAL_B_SPLINE_CURVE ((1., 0.70710678118705, 1.))
   REPRESENTATION_ITEM ('')
);
#3640 = EDGE_CURVE ('', #3635, #3628, #3639, .T.);
#3641 = ORIENTED_EDGE ('', *, *, #3640, .F.);
#3642 = CARTESIAN_POINT ('', (-103., 131.5, 5.));
#3643 = VERTEX_POINT ('', #3642);
#3644 = CARTESIAN_POINT ('', (-103., 131.5, 5.));
#3645 = CARTESIAN_POINT ('', (-116., 131.5, 5.));
#3646 = B_SPLINE_CURVE_WITH_KNOTS ('', 1, (#3644, #3645), .UNSPECIFIED., .F., .U., (2, 2), (29., 42.), .UNSPECIFIED.);
#3647 = EDGE_CURVE ('', #3643, #3635, #3646, .T.);
#3648 = ORIENTED_EDGE ('', *, *, #3647, .F.);
#3649 = CARTESIAN_POINT ('', (-102.5, 131., 5.));
#3650 = VERTEX_POINT ('', #3649);
#3651 = CARTESIAN_POINT ('', (-102.5, 131., 5.));
#3652 = CARTESIAN_POINT ('', (-102.5, 131.5, 5.));
#3653 = CARTESIAN_POINT ('', (-103., 131.5, 5.));
#3654 = (
   BOUNDED_CURVE ()
   B_SPLINE_CURVE (2, (#3651, #3652, #3653), .UNSPECIFIED., .F., .U.)
   B_SPLINE_CURVE_WITH_KNOTS ((3, 3), (28., 29.), .UNSPECIFIED.)
   CURVE ()
   GEOMETRIC_REPRESENTATION_ITEM ()
   RATIONAL_B_SPLINE_CURVE ((1., 0.707106781186407, 1.))
   REPRESENTATION_ITEM ('')
);
#3655 = EDGE_CURVE ('', #3650, #3643, #3654, .T.);
#3656 = ORIENTED_EDGE ('', *, *, #3655, .F.);
#3657 = CARTESIAN_POINT ('', (-102.5, 118., 5.));
#3658 = VERTEX_POINT ('', #3657);
#3659 = CARTESIAN_POINT ('', (-102.5, 118., 5.));
#3660 = CARTESIAN_POINT ('', (-102.5, 131., 5.));
#3661 = B_SPLINE_CURVE_WITH_KNOTS ('', 1, (#3659, #3660), .UNSPECIFIED., .F., .U., (2, 2), (15., 28.), .UNSPECIFIED.);
#3662 = EDGE_CURVE ('', #3658, #3650, #3661, .T.);
#3663 = ORIENTED_EDGE ('', *, *, #3662, .F.);
#3664 = CARTESIAN_POINT ('', (-103., 117.5, 5.));
#3665 = CARTESIAN_POINT ('', (-102.5, 117.5, 5.));
#3666 = CARTESIAN_POINT ('', (-102.5, 118., 5.));
#3667 = (
   BOUNDED_CURVE ()
   B_SPLINE_CURVE (2, (#3664, #3665, #3666), .UNSPECIFIED., .F., .U.)
   B_SPLINE_CURVE_WITH_KNOTS ((3, 3), (14., 15.), .UNSPECIFIED.)
   CURVE ()
   GEOMETRIC_REPRESENTATION_ITEM ()
   RATIONAL_B_SPLINE_CURVE ((1., 0.707106781186377, 1.))
   REPRESENTATION_ITEM ('')
);
#3668 = EDGE_CURVE ('', #3613, #3658, #3667, .T.);
#3669 = ORIENTED_EDGE ('', *, *, #3668, .F.);
#3670 = EDGE_LOOP ('', (#3618, #3626, #3633, #3641, #3648, #3656, #3663, #3669));
#3671 = FACE_BOUND ('', #3670, .T.);
#3672 = CARTESIAN_POINT ('', (-97., 117.5, 5.));
#3673 = VERTEX_POINT ('', #3672);
#3674 = CARTESIAN_POINT ('', (-84., 117.5, 5.));
#3675 = VERTEX_POINT ('', #3674);
#3676 = CARTESIAN_POINT ('', (-97., 117.5, 5.));
#3677 = CARTESIAN_POINT ('', (-84., 117.5, 5.));
#3678 = B_SPLINE_CURVE_WITH_KNOTS ('', 1, (#3676, #3677), .UNSPECIFIED., .F., .U., (2, 2), (1., 14.), .UNSPECIFIED.);
#3679 = EDGE_CURVE ('', #3673, #3675, #3678, .T.);
#3680 = ORIENTED_EDGE ('', *, *, #3679, .F.);
#3681 = CARTESIAN_POINT ('', (-97.5, 118., 5.));
#3682 = VERTEX_POINT ('', #3681);
#3683 = CARTESIAN_POINT ('', (-97.5, 118., 5.));
#3684 = CARTESIAN_POINT ('', (-97.5000000000001, 117.5, 5.));
#3685 = CARTESIAN_POINT ('', (-97., 117.5, 5.));
#3686 = (
   BOUNDED_CURVE ()
   B_SPLINE_CURVE (2, (#3683, #3684, #3685), .UNSPECIFIED., .F., .U.)
   B_SPLINE_CURVE_WITH_KNOTS ((3, 3), (0., 1.), .UNSPECIFIED.)
   CURVE ()
   GEOMETRIC_REPRESENTATION_ITEM ()
   RATIONAL_B_SPLINE_CURVE ((1., 0.707106781186306, 1.))
   REPRESENTATION_ITEM ('')
);
#3687 = EDGE_CURVE ('', #3682, #3673, #3686, .T.);
#3688 = ORIENTED_EDGE ('', *, *, #3687, .F.);
#3689 = CARTESIAN_POINT ('', (-97.5, 131., 5.));
#3690 = VERTEX_POINT ('', #3689);
#3691 = CARTESIAN_POINT ('', (-97.5, 131., 5.));
#3692 = CARTESIAN_POINT ('', (-97.5, 118., 5.));
#3693 = B_SPLINE_CURVE_WITH_KNOTS ('', 1, (#3691, #3692), .UNSPECIFIED., .F., .U., (2, 2), (43., 56.), .UNSPECIFIED.);
#3694 = EDGE_CURVE ('', #3690, #3682, #3693, .T.);
#3695 = ORIENTED_EDGE ('', *, *, #3694, .F.);
#3696 = CARTESIAN_POINT ('', (-97., 131.5, 5.));
#3697 = VERTEX_POINT ('', #3696);
#3698 = CARTESIAN_POINT ('', (-97., 131.5, 5.));
#3699 = CARTESIAN_POINT ('', (-97.4999999999998, 131.5, 5.));
#3700 = CARTESIAN_POINT ('', (-97.5000000000002, 131., 5.));
#3701 = (
   BOUNDED_CURVE ()
   B_SPLINE_CURVE (2, (#3698, #3699, #3700), .UNSPECIFIED., .F., .U.)
   B_SPLINE_CURVE_WITH_KNOTS ((3, 3), (42., 43.), .UNSPECIFIED.)
   CURVE ()
   GEOMETRIC_REPRESENTATION_ITEM ()
   RATIONAL_B_SPLINE_CURVE ((1., 0.707106781186869, 1.))
   REPRESENTATION_ITEM ('')
);
#3702 = EDGE_CURVE ('', #3697, #3690, #3701, .T.);
#3703 = ORIENTED_EDGE ('', *, *, #3702, .F.);
#3704 = CARTESIAN_POINT ('', (-84., 131.5, 5.));
#3705 = VERTEX_POINT ('', #3704);
#3706 = CARTESIAN_POINT ('', (-84., 131.5, 5.));
#3707 = CARTESIAN_POINT ('', (-97., 131.5, 5.));
#3708 = B_SPLINE_CURVE_WITH_KNOTS ('', 1, (#3706, #3707), .UNSPECIFIED., .F., .U., (2, 2), (29., 42.), .UNSPECIFIED.);
#3709 = EDGE_CURVE ('', #3705, #3697, #3708, .T.);
#3710 = ORIENTED_EDGE ('', *, *, #3709, .F.);
#3711 = CARTESIAN_POINT ('', (-83.5, 131., 5.));
#3712 = VERTEX_POINT ('', #3711);
#3713 = CARTESIAN_POINT ('', (-83.5, 131., 5.));
#3714 = CARTESIAN_POINT ('', (-83.5000000000001, 131.5, 5.));
#3715 = CARTESIAN_POINT ('', (-84., 131.5, 5.));
#3716 = (
   BOUNDED_CURVE ()
   B_SPLINE_CURVE (2, (#3713, #3714, #3715), .UNSPECIFIED., .F., .U.)
   B_SPLINE_CURVE_WITH_KNOTS ((3, 3), (28., 29.), .UNSPECIFIED.)
   CURVE ()
   GEOMETRIC_REPRESENTATION_ITEM ()
   RATIONAL_B_SPLINE_CURVE ((1., 0.707106781186678, 1.))
   REPRESENTATION_ITEM ('')
);
#3717 = EDGE_CURVE ('', #3712, #3705, #3716, .T.);
#3718 = ORIENTED_EDGE ('', *, *, #3717, .F.);
#3719 = CARTESIAN_POINT ('', (-83.5, 118., 5.));
#3720 = VERTEX_POINT ('', #3719);
#3721 = CARTESIAN_POINT ('', (-83.5, 118., 5.));
#3722 = CARTESIAN_POINT ('', (-83.5, 131., 5.));
#3723 = B_SPLINE_CURVE_WITH_KNOTS ('', 1, (#3721, #3722), .UNSPECIFIED., .F., .U., (2, 2), (15., 28.), .UNSPECIFIED.);
#3724 = EDGE_CURVE ('', #3720, #3712, #3723, .T.);
#3725 = ORIENTED_EDGE ('', *, *, #3724, .F.);
#3726 = CARTESIAN_POINT ('', (-84., 117.5, 5.));
#3727 = CARTESIAN_POINT ('', (-83.5, 117.5, 5.));
#3728 = CARTESIAN_POINT ('', (-83.5000000000001, 118., 5.));
#3729 = (
   BOUNDED_CURVE ()
   B_SPLINE_CURVE (2, (#3726, #3727, #3728), .UNSPECIFIED., .F., .U.)
   B_SPLINE_CURVE_WITH_KNOTS ((3, 3), (14., 15.), .UNSPECIFIED.)
   CURVE ()
   GEOMETRIC_REPRESENTATION_ITEM ()
   RATIONAL_B_SPLINE_CURVE ((1., 0.707106781186467, 1.))
   REPRESENTATION_ITEM ('')
);
#3730 = EDGE_CURVE ('', #3675, #3720, #3729, .T.);
#3731 = ORIENTED_EDGE ('', *, *, #3730, .F.);
#3732 = EDGE_LOOP ('', (#3680, #3688, #3695, #3703, #3710, #3718, #3725, #3731));
#3733 = FACE_BOUND ('', #3732, .T.);
#3734 = CARTESIAN_POINT ('', (-78.3704630894369, 117.352585387989, 5.));
#3735 = VERTEX_POINT ('', #3734);
#3736 = CARTESIAN_POINT ('', (-65.3882791376274, 116.672217956831, 5.));
#3737 = VERTEX_POINT ('', #3736);
#3738 = CARTESIAN_POINT ('', (-78.3704630894369, 117.352585387989, 5.));
#3739 = CARTESIAN_POINT ('', (-65.3882791376274, 116.672217956831, 5.));
#3740 = B_SPLINE_CURVE_WITH_KNOTS ('', 1, (#3738, #3739), .UNSPECIFIED., .F., .U., (2, 2), (1., 14.), .UNSPECIFIED.);
#3741 = EDGE_CURVE ('', #3735, #3737, #3740, .T.);
#3742 = ORIENTED_EDGE ('', *, *, #3741, .F.);
#3743 = CARTESIAN_POINT ('', (-78.8436098786927, 117.878068133488, 5.));
#3744 = VERTEX_POINT ('', #3743);
#3745 = CARTESIAN_POINT ('', (-78.8436098786928, 117.878068133488, 5.));
#3746 = CARTESIAN_POINT ('', (-78.8697778568144, 117.37875336611, 5.));
#3747 = CARTESIAN_POINT ('', (-78.3704630894369, 117.352585387989, 5.));
#3748 = (
   BOUNDED_CURVE ()
   B_SPLINE_CURVE (2, (#3745, #3746, #3747), .UNSPECIFIED., .F., .U.)
   B_SPLINE_CURVE_WITH_KNOTS ((3, 3), (0., 1.), .UNSPECIFIED.)
   CURVE ()
   GEOMETRIC_REPRESENTATION_ITEM ()
   RATIONAL_B_SPLINE_CURVE ((1., 0.7071067811861, 1.))
   REPRESENTATION_ITEM ('')
);
#3749 = EDGE_CURVE ('', #3744, #3735, #3748, .T.);
#3750 = ORIENTED_EDGE ('', *, *, #3749, .F.);
#3751 = CARTESIAN_POINT ('', (-78.1632424475344, 130.860252085297, 5.));
#3752 = VERTEX_POINT ('', #3751);
#3753 = CARTESIAN_POINT ('', (-78.1632424475344, 130.860252085297, 5.));
#3754 = CARTESIAN_POINT ('', (-78.8436098786927, 117.878068133488, 5.));
#3755 = B_SPLINE_CURVE_WITH_KNOTS ('', 1, (#3753, #3754), .UNSPECIFIED., .F., .U., (2, 2), (43., 56.), .UNSPECIFIED.);
#3756 = EDGE_CURVE ('', #3752, #3744, #3755, .T.);
#3757 = ORIENTED_EDGE ('', *, *, #3756, .F.);
#3758 = CARTESIAN_POINT ('', (-77.6377597020357, 131.333398874553, 5.));
#3759 = VERTEX_POINT ('', #3758);
#3760 = CARTESIAN_POINT ('', (-77.6377597020357, 131.333398874553, 5.));
#3761 = CARTESIAN_POINT ('', (-78.1370744694133, 131.359566852675, 5.));
#3762 = CARTESIAN_POINT ('', (-78.163242447534, 130.860252085297, 5.));
#3763 = (
   BOUNDED_CURVE ()
   B_SPLINE_CURVE (2, (#3760, #3761, #3762), .UNSPECIFIED., .F., .U.)
   B_SPLINE_CURVE_WITH_KNOTS ((3, 3), (42., 43.), .UNSPECIFIED.)
   CURVE ()
   GEOMETRIC_REPRESENTATION_ITEM ()
   RATIONAL_B_SPLINE_CURVE ((1., 0.707106781185943, 1.))
   REPRESENTATION_ITEM ('')
);
#3764 = EDGE_CURVE ('', #3759, #3752, #3763, .T.);
#3765 = ORIENTED_EDGE ('', *, *, #3764, .F.);
#3766 = CARTESIAN_POINT ('', (-64.6555757502262, 130.653031443395, 5.));
#3767 = VERTEX_POINT ('', #3766);
#3768 = CARTESIAN_POINT ('', (-64.6555757502262, 130.653031443395, 5.));
#3769 = CARTESIAN_POINT ('', (-77.6377597020357, 131.333398874553, 5.));
#3770 = B_SPLINE_CURVE_WITH_KNOTS ('', 1, (#3768, #3769), .UNSPECIFIED., .F., .U., (2, 2), (29., 42.), .UNSPECIFIED.);
#3771 = EDGE_CURVE ('', #3767, #3759, #3770, .T.);
#3772 = ORIENTED_EDGE ('', *, *, #3771, .F.);
#3773 = CARTESIAN_POINT ('', (-64.1824289609704, 130.127548697896, 5.));
#3774 = VERTEX_POINT ('', #3773);
#3775 = CARTESIAN_POINT ('', (-64.1824289609703, 130.127548697896, 5.));
#3776 = CARTESIAN_POINT ('', (-64.1562609828488, 130.626863465274, 5.));
#3777 = CARTESIAN_POINT ('', (-64.6555757502262, 130.653031443395, 5.));
#3778 = (
   BOUNDED_CURVE ()
   B_SPLINE_CURVE (2, (#3775, #3776, #3777), .UNSPECIFIED., .F., .U.)
   B_SPLINE_CURVE_WITH_KNOTS ((3, 3), (28., 29.), .UNSPECIFIED.)
   CURVE ()
   GEOMETRIC_REPRESENTATION_ITEM ()
   RATIONAL_B_SPLINE_CURVE ((1., 0.707106781186359, 1.))
   REPRESENTATION_ITEM ('')
);
#3779 = EDGE_CURVE ('', #3774, #3767, #3778, .T.);
#3780 = ORIENTED_EDGE ('', *, *, #3779, .F.);
#3781 = CARTESIAN_POINT ('', (-64.8627963921287, 117.145364746087, 5.));
#3782 = VERTEX_POINT ('', #3781);
#3783 = CARTESIAN_POINT ('', (-64.8627963921287, 117.145364746087, 5.));
#3784 = CARTESIAN_POINT ('', (-64.1824289609704, 130.127548697896, 5.));
#3785 = B_SPLINE_CURVE_WITH_KNOTS ('', 1, (#3783, #3784), .UNSPECIFIED., .F., .U., (2, 2), (15., 28.), .UNSPECIFIED.);
#3786 = EDGE_CURVE ('', #3782, #3774, #3785, .T.);
#3787 = ORIENTED_EDGE ('', *, *, #3786, .F.);
#3788 = CARTESIAN_POINT ('', (-65.3882791376274, 116.672217956831, 5.));
#3789 = CARTESIAN_POINT ('', (-64.8889643702499, 116.646049978709, 5.));
#3790 = CARTESIAN_POINT ('', (-64.862796392129, 117.145364746087, 5.));
#3791 = (
   BOUNDED_CURVE ()
   B_SPLINE_CURVE (2, (#3788, #3789, #3790), .UNSPECIFIED., .F., .U.)
   B_SPLINE_CURVE_WITH_KNOTS ((3, 3), (14., 15.), .UNSPECIFIED.)
   CURVE ()
   GEOMETRIC_REPRESENTATION_ITEM ()
   RATIONAL_B_SPLINE_CURVE ((1., 0.707106781185975, 1.))
   REPRESENTATION_ITEM ('')
);
#3792 = EDGE_CURVE ('', #3737, #3782, #3791, .T.);
#3793 = ORIENTED_EDGE ('', *, *, #3792, .F.);
#3794 = EDGE_LOOP ('', (#3742, #3750, #3757, #3765, #3772, #3780, #3787, #3793));
#3795 = FACE_BOUND ('', #3794, .T.);
#3796 = CARTESIAN_POINT ('', (-59.7741723964319, 116.230378174003, 5.));
#3797 = VERTEX_POINT ('', #3796);
#3798 = CARTESIAN_POINT ('', (-46.8453877566443, 114.871508151524, 5.));
#3799 = VERTEX_POINT ('', #3798);
#3800 = CARTESIAN_POINT ('', (-59.7741723964319, 116.230378174003, 5.));
#3801 = CARTESIAN_POINT ('', (-46.8453877566443, 114.871508151524, 5.));
#3802 = B_SPLINE_CURVE_WITH_KNOTS ('', 1, (#3800, #3801), .UNSPECIFIED., .F., .U., (2, 2), (1., 14.), .UNSPECIFIED.);
#3803 = EDGE_CURVE ('', #3797, #3799, #3802, .T.);
#3804 = ORIENTED_EDGE ('', *, *, #3803, .F.);
#3805 = CARTESIAN_POINT ('', (-60.2191691124822, 116.779903353321, 5.));
#3806 = VERTEX_POINT ('', #3805);
#3807 = CARTESIAN_POINT ('', (-60.2191691124822, 116.779903353321, 5.));
#3808 = CARTESIAN_POINT ('', (-60.271433344116, 116.282642405637, 5.));
#3809 = CARTESIAN_POINT ('', (-59.7741723964318, 116.230378174003, 5.));
#3810 = (
   BOUNDED_CURVE ()
   B_SPLINE_CURVE (2, (#3807, #3808, #3809), .UNSPECIFIED., .F., .U.)
   B_SPLINE_CURVE_WITH_KNOTS ((3, 3), (0., 1.), .UNSPECIFIED.)
   CURVE ()
   GEOMETRIC_REPRESENTATION_ITEM ()
   RATIONAL_B_SPLINE_CURVE ((1., 0.707106781186472, 1.))
   REPRESENTATION_ITEM ('')
);
#3811 = EDGE_CURVE ('', #3806, #3797, #3810, .T.);
#3812 = ORIENTED_EDGE ('', *, *, #3811, .F.);
#3813 = CARTESIAN_POINT ('', (-58.8602990900027, 129.708687993109, 5.));
#3814 = VERTEX_POINT ('', #3813);
#3815 = CARTESIAN_POINT ('', (-58.8602990900027, 129.708687993109, 5.));
#3816 = CARTESIAN_POINT ('', (-60.2191691124822, 116.779903353321, 5.));
#3817 = B_SPLINE_CURVE_WITH_KNOTS ('', 1, (#3815, #3816), .UNSPECIFIED., .F., .U., (2, 2), (43., 55.9999999999999), .UNSPECIFIED.);
#3818 = EDGE_CURVE ('', #3814, #3806, #3817, .T.);
#3819 = ORIENTED_EDGE ('', *, *, #3818, .F.);
#3820 = CARTESIAN_POINT ('', (-58.3107739106847, 130.153684709159, 5.));
#3821 = VERTEX_POINT ('', #3820);
#3822 = CARTESIAN_POINT ('', (-58.3107739106847, 130.153684709159, 5.));
#3823 = CARTESIAN_POINT ('', (-58.808034858369, 130.205948940793, 5.));
#3824 = CARTESIAN_POINT ('', (-58.8602990900025, 129.708687993109, 5.));
#3825 = (
   BOUNDED_CURVE ()
   B_SPLINE_CURVE (2, (#3822, #3823, #3824), .UNSPECIFIED., .F., .U.)
   B_SPLINE_CURVE_WITH_KNOTS ((3, 3), (42., 43.), .UNSPECIFIED.)
   CURVE ()
   GEOMETRIC_REPRESENTATION_ITEM ()
   RATIONAL_B_SPLINE_CURVE ((1., 0.707106781186241, 1.))
   REPRESENTATION_ITEM ('')
);
#3826 = EDGE_CURVE ('', #3821, #3814, #3825, .T.);
#3827 = ORIENTED_EDGE ('', *, *, #3826, .F.);
#3828 = CARTESIAN_POINT ('', (-45.3819892708972, 128.79481468668, 5.));
#3829 = VERTEX_POINT ('', #3828);
#3830 = CARTESIAN_POINT ('', (-45.3819892708972, 128.79481468668, 5.));
#3831 = CARTESIAN_POINT ('', (-58.3107739106847, 130.153684709159, 5.));
#3832 = B_SPLINE_CURVE_WITH_KNOTS ('', 1, (#3830, #3831), .UNSPECIFIED., .F., .U., (2, 2), (29., 42.), .UNSPECIFIED.);
#3833 = EDGE_CURVE ('', #3829, #3821, #3832, .T.);
#3834 = ORIENTED_EDGE ('', *, *, #3833, .F.);
#3835 = CARTESIAN_POINT ('', (-44.9369925548468, 128.245289507362, 5.));
#3836 = VERTEX_POINT ('', #3835);
#3837 = CARTESIAN_POINT ('', (-44.9369925548469, 128.245289507362, 5.));
#3838 = CARTESIAN_POINT ('', (-44.8847283232131, 128.742550455046, 5.));
#3839 = CARTESIAN_POINT ('', (-45.3819892708971, 128.79481468668, 5.));
#3840 = (
   BOUNDED_CURVE ()
   B_SPLINE_CURVE (2, (#3837, #3838, #3839), .UNSPECIFIED., .F., .U.)
   B_SPLINE_CURVE_WITH_KNOTS ((3, 3), (28., 29.), .UNSPECIFIED.)
   CURVE ()
   GEOMETRIC_REPRESENTATION_ITEM ()
   RATIONAL_B_SPLINE_CURVE ((1., 0.707106781186758, 1.))
   REPRESENTATION_ITEM ('')
);
#3841 = EDGE_CURVE ('', #3836, #3829, #3840, .T.);
#3842 = ORIENTED_EDGE ('', *, *, #3841, .F.);
#3843 = CARTESIAN_POINT ('', (-46.2958625773263, 115.316504867574, 5.));
#3844 = VERTEX_POINT ('', #3843);
#3845 = CARTESIAN_POINT ('', (-46.2958625773263, 115.316504867574, 5.));
#3846 = CARTESIAN_POINT ('', (-44.9369925548468, 128.245289507362, 5.));
#3847 = B_SPLINE_CURVE_WITH_KNOTS ('', 1, (#3845, #3846), .UNSPECIFIED., .F., .U., (2, 2), (15., 28.), .UNSPECIFIED.);
#3848 = EDGE_CURVE ('', #3844, #3836, #3847, .T.);
#3849 = ORIENTED_EDGE ('', *, *, #3848, .F.);
#3850 = CARTESIAN_POINT ('', (-46.8453877566443, 114.871508151524, 5.));
#3851 = CARTESIAN_POINT ('', (-46.3481268089605, 114.81924391989, 5.));
#3852 = CARTESIAN_POINT ('', (-46.2958625773259, 115.316504867574, 5.));
#3853 = (
   BOUNDED_CURVE ()
   B_SPLINE_CURVE (2, (#3850, #3851, #3852), .UNSPECIFIED., .F., .U.)
   B_SPLINE_CURVE_WITH_KNOTS ((3, 3), (14., 15.), .UNSPECIFIED.)
   CURVE ()
   GEOMETRIC_REPRESENTATION_ITEM ()
   RATIONAL_B_SPLINE_CURVE ((1., 0.707106781187191, 1.))
   REPRESENTATION_ITEM ('')
);
#3854 = EDGE_CURVE ('', #3799, #3844, #3853, .T.);
#3855 = ORIENTED_EDGE ('', *, *, #3854, .F.);
#3856 = EDGE_LOOP ('', (#3804, #3812, #3819, #3827, #3834, #3842, #3849, #3855));
#3857 = FACE_BOUND ('', #3856, .T.);
#3858 = CARTESIAN_POINT ('', (-41.0694715890848, 114.187883423022, 5.));
#3859 = VERTEX_POINT ('', #3858);
#3860 = CARTESIAN_POINT ('', (-28.1806883912253, 112.491042924161, 5.));
#3861 = VERTEX_POINT ('', #3860);
#3862 = CARTESIAN_POINT ('', (-41.0694715890848, 114.187883423022, 5.));
#3863 = CARTESIAN_POINT ('', (-28.1806883912253, 112.491042924161, 5.));
#3864 = B_SPLINE_CURVE_WITH_KNOTS ('', 1, (#3862, #3863), .UNSPECIFIED., .F., .U., (2, 2), (1., 14.), .UNSPECIFIED.);
#3865 = EDGE_CURVE ('', #3859, #3861, #3864, .T.);
#3866 = ORIENTED_EDGE ('', *, *, #3865, .F.);
#3867 = CARTESIAN_POINT ('', (-41.4999309236617, 114.748868949819, 5.));
#3868 = VERTEX_POINT ('', #3867);
#3869 = CARTESIAN_POINT ('', (-41.4999309236617, 114.748868949819, 5.));
#3870 = CARTESIAN_POINT ('', (-41.5651940197718, 114.253146519132, 5.));
#3871 = CARTESIAN_POINT ('', (-41.0694715890848, 114.187883423022, 5.));
#3872 = (
   BOUNDED_CURVE ()
   B_SPLINE_CURVE (2, (#3869, #3870, #3871), .UNSPECIFIED., .F., .U.)
   B_SPLINE_CURVE_WITH_KNOTS ((3, 3), (0., 1.), .UNSPECIFIED.)
   CURVE ()
   GEOMETRIC_REPRESENTATION_ITEM ()
   RATIONAL_B_SPLINE_CURVE ((1., 0.707106781186434, 1.))
   REPRESENTATION_ITEM ('')
);
#3873 = EDGE_CURVE ('', #3868, #3859, #3872, .T.);
#3874 = ORIENTED_EDGE ('', *, *, #3873, .F.);
#3875 = CARTESIAN_POINT ('', (-39.8030904248011, 127.637652147678, 5.));
#3876 = VERTEX_POINT ('', #3875);
#3877 = CARTESIAN_POINT ('', (-39.8030904248011, 127.637652147678, 5.));
#3878 = CARTESIAN_POINT ('', (-41.4999309236617, 114.748868949819, 5.));
#3879 = B_SPLINE_CURVE_WITH_KNOTS ('', 1, (#3877, #3878), .UNSPECIFIED., .F., .U., (2, 2), (43., 56.), .UNSPECIFIED.);
#3880 = EDGE_CURVE ('', #3876, #3868, #3879, .T.);
#3881 = ORIENTED_EDGE ('', *, *, #3880, .F.);
#3882 = CARTESIAN_POINT ('', (-39.2421048980041, 128.068111482255, 5.));
#3883 = VERTEX_POINT ('', #3882);
#3884 = CARTESIAN_POINT ('', (-39.2421048980041, 128.068111482255, 5.));
#3885 = CARTESIAN_POINT ('', (-39.7378273286911, 128.133374578365, 5.));
#3886 = CARTESIAN_POINT ('', (-39.803090424801, 127.637652147678, 5.));
#3887 = (
   BOUNDED_CURVE ()
   B_SPLINE_CURVE (2, (#3884, #3885, #3886), .UNSPECIFIED., .F., .U.)
   B_SPLINE_CURVE_WITH_KNOTS ((3, 3), (42., 43.), .UNSPECIFIED.)
   CURVE ()
   GEOMETRIC_REPRESENTATION_ITEM ()
   RATIONAL_B_SPLINE_CURVE ((1., 0.707106781186463, 1.))
   REPRESENTATION_ITEM ('')
);
#3888 = EDGE_CURVE ('', #3883, #3876, #3887, .T.);
#3889 = ORIENTED_EDGE ('', *, *, #3888, .F.);
#3890 = CARTESIAN_POINT ('', (-26.3533217001446, 126.371270983395, 5.));
#3891 = VERTEX_POINT ('', #3890);
#3892 = CARTESIAN_POINT ('', (-26.3533217001446, 126.371270983395, 5.));
#3893 = CARTESIAN_POINT ('', (-39.2421048980041, 128.068111482255, 5.));
#3894 = B_SPLINE_CURVE_WITH_KNOTS ('', 1, (#3892, #3893), .UNSPECIFIED., .F., .U., (2, 2), (29., 42.), .UNSPECIFIED.);
#3895 = EDGE_CURVE ('', #3891, #3883, #3894, .T.);
#3896 = ORIENTED_EDGE ('', *, *, #3895, .F.);
#3897 = CARTESIAN_POINT ('', (-25.9228623655677, 125.810285456598, 5.));
#3898 = VERTEX_POINT ('', #3897);
#3899 = CARTESIAN_POINT ('', (-25.9228623655677, 125.810285456598, 5.));
#3900 = CARTESIAN_POINT ('', (-25.8575992694577, 126.306007887284, 5.));
#3901 = CARTESIAN_POINT ('', (-26.3533217001446, 126.371270983395, 5.));
#3902 = (
   BOUNDED_CURVE ()
   B_SPLINE_CURVE (2, (#3899, #3900, #3901), .UNSPECIFIED., .F., .U.)
   B_SPLINE_CURVE_WITH_KNOTS ((3, 3), (28., 29.), .UNSPECIFIED.)
   CURVE ()
   GEOMETRIC_REPRESENTATION_ITEM ()
   RATIONAL_B_SPLINE_CURVE ((1., 0.707106781186567, 1.))
   REPRESENTATION_ITEM ('')
);
#3903 = EDGE_CURVE ('', #3898, #3891, #3902, .T.);
#3904 = ORIENTED_EDGE ('', *, *, #3903, .F.);
#3905 = CARTESIAN_POINT ('', (-27.6197028644284, 112.921502258738, 5.));
#3906 = VERTEX_POINT ('', #3905);
#3907 = CARTESIAN_POINT ('', (-27.6197028644284, 112.921502258738, 5.));
#3908 = CARTESIAN_POINT ('', (-25.9228623655677, 125.810285456598, 5.));
#3909 = B_SPLINE_CURVE_WITH_KNOTS ('', 1, (#3907, #3908), .UNSPECIFIED., .F., .U., (2, 2), (15., 28.), .UNSPECIFIED.);
#3910 = EDGE_CURVE ('', #3906, #3898, #3909, .T.);
#3911 = ORIENTED_EDGE ('', *, *, #3910, .F.);
#3912 = CARTESIAN_POINT ('', (-28.1806883912253, 112.491042924161, 5.));
#3913 = CARTESIAN_POINT ('', (-27.6849659605386, 112.425779828051, 5.));
#3914 = CARTESIAN_POINT ('', (-27.6197028644281, 112.921502258738, 5.));
#3915 = (
   BOUNDED_CURVE ()
   B_SPLINE_CURVE (2, (#3912, #3913, #3914), .UNSPECIFIED., .F., .U.)
   B_SPLINE_CURVE_WITH_KNOTS ((3, 3), (14., 15.), .UNSPECIFIED.)
   CURVE ()
   GEOMETRIC_REPRESENTATION_ITEM ()
   RATIONAL_B_SPLINE_CURVE ((1., 0.707106781186949, 1.))
   REPRESENTATION_ITEM ('')
);
#3916 = EDGE_CURVE ('', #3861, #3906, #3915, .T.);
#3917 = ORIENTED_EDGE ('', *, *, #3916, .F.);
#3918 = EDGE_LOOP ('', (#3866, #3874, #3881, #3889, #3896, #3904, #3911, #3917));
#3919 = FACE_BOUND ('', #3918, .T.);
#3920 = CARTESIAN_POINT ('', (-31.6669778798515, 93.7002249048635, 5.));
#3921 = VERTEX_POINT ('', #3920);
#3922 = CARTESIAN_POINT ('', (-18.778194681992, 92.0033844060029, 5.));
#3923 = VERTEX_POINT ('', #3922);
#3924 = CARTESIAN_POINT ('', (-31.6669778798515, 93.7002249048635, 5.));
#3925 = CARTESIAN_POINT ('', (-18.778194681992, 92.0033844060029, 5.));
#3926 = B_SPLINE_CURVE_WITH_KNOTS ('', 1, (#3924, #3925), .UNSPECIFIED., .F., .U., (2, 2), (1., 14.), .UNSPECIFIED.);
#3927 = EDGE_CURVE ('', #3921, #3923, #3926, .T.);
#3928 = ORIENTED_EDGE ('', *, *, #3927, .F.);
#3929 = CARTESIAN_POINT ('', (-32.0974372144284, 94.2612104316605, 5.));
#3930 = VERTEX_POINT ('', #3929);
#3931 = CARTESIAN_POINT ('', (-32.0974372144284, 94.2612104316605, 5.));
#3932 = CARTESIAN_POINT ('', (-32.1627003105385, 93.7654880009735, 5.));
#3933 = CARTESIAN_POINT ('', (-31.6669778798515, 93.7002249048636, 5.));
#3934 = (
   BOUNDED_CURVE ()
   B_SPLINE_CURVE (2, (#3931, #3932, #3933), .UNSPECIFIED., .F., .U.)
   B_SPLINE_CURVE_WITH_KNOTS ((3, 3), (0., 1.), .UNSPECIFIED.)
   CURVE ()
   GEOMETRIC_REPRESENTATION_ITEM ()
   RATIONAL_B_SPLINE_CURVE ((1., 0.707106781186499, 1.))
   REPRESENTATION_ITEM ('')
);
#3935 = EDGE_CURVE ('', #3930, #3921, #3934, .T.);
#3936 = ORIENTED_EDGE ('', *, *, #3935, .F.);
#3937 = CARTESIAN_POINT ('', (-30.4005967155677, 107.14999362952, 5.));
#3938 = VERTEX_POINT ('', #3937);
#3939 = CARTESIAN_POINT ('', (-30.4005967155677, 107.14999362952, 5.));
#3940 = CARTESIAN_POINT ('', (-32.0974372144284, 94.2612104316605, 5.));
#3941 = B_SPLINE_CURVE_WITH_KNOTS ('', 1, (#3939, #3940), .UNSPECIFIED., .F., .U., (2, 2), (43., 56.), .UNSPECIFIED.);
#3942 = EDGE_CURVE ('', #3938, #3930, #3941, .T.);
#3943 = ORIENTED_EDGE ('', *, *, #3942, .F.);
#3944 = CARTESIAN_POINT ('', (-29.8396111887708, 107.580452964097, 5.));
#3945 = VERTEX_POINT ('', #3944);
#3946 = CARTESIAN_POINT ('', (-29.8396111887708, 107.580452964097, 5.));
#3947 = CARTESIAN_POINT ('', (-30.3353336194579, 107.645716060207, 5.));
#3948 = CARTESIAN_POINT ('', (-30.4005967155674, 107.14999362952, 5.));
#3949 = (
   BOUNDED_CURVE ()
   B_SPLINE_CURVE (2, (#3946, #3947, #3948), .UNSPECIFIED., .F., .U.)
   B_SPLINE_CURVE_WITH_KNOTS ((3, 3), (42., 43.), .UNSPECIFIED.)
   CURVE ()
   GEOMETRIC_REPRESENTATION_ITEM ()
   RATIONAL_B_SPLINE_CURVE ((1., 0.70710678118604, 1.))
   REPRESENTATION_ITEM ('')
);
#3950 = EDGE_CURVE ('', #3945, #3938, #3949, .T.);
#3951 = ORIENTED_EDGE ('', *, *, #3950, .F.);
#3952 = CARTESIAN_POINT ('', (-16.9508279909113, 105.883612465236, 5.));
#3953 = VERTEX_POINT ('', #3952);
#3954 = CARTESIAN_POINT ('', (-16.9508279909113, 105.883612465236, 5.));
#3955 = CARTESIAN_POINT ('', (-29.8396111887708, 107.580452964097, 5.));
#3956 = B_SPLINE_CURVE_WITH_KNOTS ('', 1, (#3954, #3955), .UNSPECIFIED., .F., .U., (2, 2), (29., 42.), .UNSPECIFIED.);
#3957 = EDGE_CURVE ('', #3953, #3945, #3956, .T.);
#3958 = ORIENTED_EDGE ('', *, *, #3957, .F.);
#3959 = CARTESIAN_POINT ('', (-16.5203686563344, 105.322626938439, 5.));
#3960 = VERTEX_POINT ('', #3959);
#3961 = CARTESIAN_POINT ('', (-16.5203686563344, 105.322626938439, 5.));
#3962 = CARTESIAN_POINT ('', (-16.4551055602245, 105.818349369126, 5.));
#3963 = CARTESIAN_POINT ('', (-16.9508279909112, 105.883612465236, 5.));
#3964 = (
   BOUNDED_CURVE ()
   B_SPLINE_CURVE (2, (#3961, #3962, #3963), .UNSPECIFIED., .F., .U.)
   B_SPLINE_CURVE_WITH_KNOTS ((3, 3), (28., 29.), .UNSPECIFIED.)
   CURVE ()
   GEOMETRIC_REPRESENTATION_ITEM ()
   RATIONAL_B_SPLINE_CURVE ((1., 0.707106781186778, 1.))
   REPRESENTATION_ITEM ('')
);
#3965 = EDGE_CURVE ('', #3960, #3953, #3964, .T.);
#3966 = ORIENTED_EDGE ('', *, *, #3965, .F.);
#3967 = CARTESIAN_POINT ('', (-18.217209155195, 92.4338437405797, 5.));
#3968 = VERTEX_POINT ('', #3967);
#3969 = CARTESIAN_POINT ('', (-18.217209155195, 92.4338437405797, 5.));
#3970 = CARTESIAN_POINT ('', (-16.5203686563344, 105.322626938439, 5.));
#3971 = B_SPLINE_CURVE_WITH_KNOTS ('', 1, (#3969, #3970), .UNSPECIFIED., .F., .U., (2, 2), (15., 28.), .UNSPECIFIED.);
#3972 = EDGE_CURVE ('', #3968, #3960, #3971, .T.);
#3973 = ORIENTED_EDGE ('', *, *, #3972, .F.);
#3974 = CARTESIAN_POINT ('', (-18.778194681992, 92.003384406003, 5.));
#3975 = CARTESIAN_POINT ('', (-18.2824722513054, 91.9381213098932, 5.));
#3976 = CARTESIAN_POINT ('', (-18.2172091551947, 92.4338437405797, 5.));
#3977 = (
   BOUNDED_CURVE ()
   B_SPLINE_CURVE (2, (#3974, #3975, #3976), .UNSPECIFIED., .F., .U.)
   B_SPLINE_CURVE_WITH_KNOTS ((3, 3), (14., 15.), .UNSPECIFIED.)
   CURVE ()
   GEOMETRIC_REPRESENTATION_ITEM ()
   RATIONAL_B_SPLINE_CURVE ((1., 0.707106781187196, 1.))
   REPRESENTATION_ITEM ('')
);
#3978 = EDGE_CURVE ('', #3923, #3968, #3977, .T.);
#3979 = ORIENTED_EDGE ('', *, *, #3978, .F.);
#3980 = EDGE_LOOP ('', (#3928, #3936, #3943, #3951, #3958, #3966, #3973, #3979));
#3981 = FACE_BOUND ('', #3980, .T.);
#3982 = CARTESIAN_POINT ('', (-50.5044302459539, 96.1802225570445, 5.));
#3983 = VERTEX_POINT ('', #3982);
#3984 = CARTESIAN_POINT ('', (-37.6156470480944, 94.4833820581839, 5.));
#3985 = VERTEX_POINT ('', #3984);
#3986 = CARTESIAN_POINT ('', (-50.5044302459539, 96.1802225570445, 5.));
#3987 = CARTESIAN_POINT ('', (-37.6156470480944, 94.4833820581839, 5.));
#3988 = B_SPLINE_CURVE_WITH_KNOTS ('', 1, (#3986, #3987), .UNSPECIFIED., .F., .U., (2, 2), (1., 14.), .UNSPECIFIED.);
#3989 = EDGE_CURVE ('', #3983, #3985, #3988, .T.);
#3990 = ORIENTED_EDGE ('', *, *, #3989, .F.);
#3991 = CARTESIAN_POINT ('', (-50.9348895805308, 96.7412080838415, 5.));
#3992 = VERTEX_POINT ('', #3991);
#3993 = CARTESIAN_POINT ('', (-50.9348895805307, 96.7412080838415, 5.));
#3994 = CARTESIAN_POINT ('', (-51.0001526766407, 96.2454856531546, 5.));
#3995 = CARTESIAN_POINT ('', (-50.5044302459539, 96.1802225570444, 5.));
#3996 = (
   BOUNDED_CURVE ()
   B_SPLINE_CURVE (2, (#3993, #3994, #3995), .UNSPECIFIED., .F., .U.)
   B_SPLINE_CURVE_WITH_KNOTS ((3, 3), (0., 1.), .UNSPECIFIED.)
   CURVE ()
   GEOMETRIC_REPRESENTATION_ITEM ()
   RATIONAL_B_SPLINE_CURVE ((1., 0.707106781186689, 1.))
   REPRESENTATION_ITEM ('')
);
#3997 = EDGE_CURVE ('', #3992, #3983, #3996, .T.);
#3998 = ORIENTED_EDGE ('', *, *, #3997, .F.);
#3999 = CARTESIAN_POINT ('', (-49.2380490816701, 109.629991281701, 5.));
#4000 = VERTEX_POINT ('', #3999);
#4001 = CARTESIAN_POINT ('', (-49.2380490816701, 109.629991281701, 5.));
#4002 = CARTESIAN_POINT ('', (-50.9348895805308, 96.7412080838415, 5.));
#4003 = B_SPLINE_CURVE_WITH_KNOTS ('', 1, (#4001, #4002), .UNSPECIFIED., .F., .U., (2, 2), (43., 56.), .UNSPECIFIED.);
#4004 = EDGE_CURVE ('', #4000, #3992, #4003, .T.);
#4005 = ORIENTED_EDGE ('', *, *, #4004, .F.);
#4006 = CARTESIAN_POINT ('', (-48.6770635548732, 110.060450616278, 5.));
#4007 = VERTEX_POINT ('', #4006);
#4008 = CARTESIAN_POINT ('', (-48.6770635548732, 110.060450616278, 5.));
#4009 = CARTESIAN_POINT ('', (-49.1727859855602, 110.125713712388, 5.));
#4010 = CARTESIAN_POINT ('', (-49.2380490816699, 109.629991281701, 5.));
#4011 = (
   BOUNDED_CURVE ()
   B_SPLINE_CURVE (2, (#4008, #4009, #4010), .UNSPECIFIED., .F., .U.)
   B_SPLINE_CURVE_WITH_KNOTS ((3, 3), (42., 43.), .UNSPECIFIED.)
   CURVE ()
   GEOMETRIC_REPRESENTATION_ITEM ()
   RATIONAL_B_SPLINE_CURVE ((1., 0.707106781186251, 1.))
   REPRESENTATION_ITEM ('')
);
#4012 = EDGE_CURVE ('', #4007, #4000, #4011, .T.);
#4013 = ORIENTED_EDGE ('', *, *, #4012, .F.);
#4014 = CARTESIAN_POINT ('', (-35.7882803570137, 108.363610117417, 5.));
#4015 = VERTEX_POINT ('', #4014);
#4016 = CARTESIAN_POINT ('', (-35.7882803570137, 108.363610117417, 5.));
#4017 = CARTESIAN_POINT ('', (-48.6770635548732, 110.060450616278, 5.));
#4018 = B_SPLINE_CURVE_WITH_KNOTS ('', 1, (#4016, #4017), .UNSPECIFIED., .F., .U., (2, 2), (29., 42.), .UNSPECIFIED.);
#4019 = EDGE_CURVE ('', #4015, #4007, #4018, .T.);
#4020 = ORIENTED_EDGE ('', *, *, #4019, .F.);
#4021 = CARTESIAN_POINT ('', (-35.3578210224368, 107.80262459062, 5.));
#4022 = VERTEX_POINT ('', #4021);
#4023 = CARTESIAN_POINT ('', (-35.3578210224367, 107.80262459062, 5.));
#4024 = CARTESIAN_POINT ('', (-35.2925579263266, 108.298347021307, 5.));
#4025 = CARTESIAN_POINT ('', (-35.7882803570137, 108.363610117417, 5.));
#4026 = (
   BOUNDED_CURVE ()
   B_SPLINE_CURVE (2, (#4023, #4024, #4025), .UNSPECIFIED., .F., .U.)
   B_SPLINE_CURVE_WITH_KNOTS ((3, 3), (28., 29.), .UNSPECIFIED.)
   CURVE ()
   GEOMETRIC_REPRESENTATION_ITEM ()
   RATIONAL_B_SPLINE_CURVE ((1., 0.707106781186347, 1.))
   REPRESENTATION_ITEM ('')
);
#4027 = EDGE_CURVE ('', #4022, #4015, #4026, .T.);
#4028 = ORIENTED_EDGE ('', *, *, #4027, .F.);
#4029 = CARTESIAN_POINT ('', (-37.0546615212974, 94.9138413927607, 5.));
#4030 = VERTEX_POINT ('', #4029);
#4031 = CARTESIAN_POINT ('', (-37.0546615212974, 94.9138413927607, 5.));
#4032 = CARTESIAN_POINT ('', (-35.3578210224368, 107.80262459062, 5.));
#4033 = B_SPLINE_CURVE_WITH_KNOTS ('', 1, (#4031, #4032), .UNSPECIFIED., .F., .U., (2, 2), (15., 28.), .UNSPECIFIED.);
#4034 = EDGE_CURVE ('', #4030, #4022, #4033, .T.);
#4035 = ORIENTED_EDGE ('', *, *, #4034, .F.);
#4036 = CARTESIAN_POINT ('', (-37.6156470480944, 94.4833820581839, 5.));
#4037 = CARTESIAN_POINT ('', (-37.1199246174076, 94.418118962074, 5.));
#4038 = CARTESIAN_POINT ('', (-37.0546615212973, 94.9138413927607, 5.));
#4039 = (
   BOUNDED_CURVE ()
   B_SPLINE_CURVE (2, (#4036, #4037, #4038), .UNSPECIFIED., .F., .U.)
   B_SPLINE_CURVE_WITH_KNOTS ((3, 3), (14., 15.), .UNSPECIFIED.)
   CURVE ()
   GEOMETRIC_REPRESENTATION_ITEM ()
   RATIONAL_B_SPLINE_CURVE ((1., 0.707106781186735, 1.))
   REPRESENTATION_ITEM ('')
);
#4040 = EDGE_CURVE ('', #3985, #4030, #4039, .T.);
#4041 = ORIENTED_EDGE ('', *, *, #4040, .F.);
#4042 = EDGE_LOOP ('', (#3990, #3998, #4005, #4013, #4020, #4028, #4035, #4041));
#4043 = FACE_BOUND ('', #4042, .T.);
#4044 = CARTESIAN_POINT ('', (-26.9820192229824, 73.7078857708409, 5.));
#4045 = VERTEX_POINT ('', #4044);
#4046 = CARTESIAN_POINT ('', (-14.0932360251229, 72.0110452719802, 5.));
#4047 = VERTEX_POINT ('', #4046);
#4048 = CARTESIAN_POINT ('', (-26.9820192229824, 73.7078857708409, 5.));
#4049 = CARTESIAN_POINT ('', (-14.0932360251229, 72.0110452719802, 5.));
#4050 = B_SPLINE_CURVE_WITH_KNOTS ('', 1, (#4048, #4049), .UNSPECIFIED., .F., .U., (2, 2), (1., 14.), .UNSPECIFIED.);
#4051 = EDGE_CURVE ('', #4045, #4047, #4050, .T.);
#4052 = ORIENTED_EDGE ('', *, *, #4051, .F.);
#4053 = CARTESIAN_POINT ('', (-27.4124785575593, 74.2688712976378, 5.));
#4054 = VERTEX_POINT ('', #4053);
#4055 = CARTESIAN_POINT ('', (-27.4124785575593, 74.2688712976378, 5.));
#4056 = CARTESIAN_POINT ('', (-27.4777416536694, 73.7731488669509, 5.));
#4057 = CARTESIAN_POINT ('', (-26.9820192229824, 73.7078857708409, 5.));
#4058 = (
   BOUNDED_CURVE ()
   B_SPLINE_CURVE (2, (#4055, #4056, #4057), .UNSPECIFIED., .F., .U.)
   B_SPLINE_CURVE_WITH_KNOTS ((3, 3), (0., 1.), .UNSPECIFIED.)
   CURVE ()
   GEOMETRIC_REPRESENTATION_ITEM ()
   RATIONAL_B_SPLINE_CURVE ((1., 0.707106781186463, 1.))
   REPRESENTATION_ITEM ('')
);
#4059 = EDGE_CURVE ('', #4054, #4045, #4058, .T.);
#4060 = ORIENTED_EDGE ('', *, *, #4059, .F.);
#4061 = CARTESIAN_POINT ('', (-25.7156380586987, 87.1576544954973, 5.));
#4062 = VERTEX_POINT ('', #4061);
#4063 = CARTESIAN_POINT ('', (-25.7156380586987, 87.1576544954973, 5.));
#4064 = CARTESIAN_POINT ('', (-27.4124785575593, 74.2688712976378, 5.));
#4065 = B_SPLINE_CURVE_WITH_KNOTS ('', 1, (#4063, #4064), .UNSPECIFIED., .F., .U., (2, 2), (43., 56.), .UNSPECIFIED.);
#4066 = EDGE_CURVE ('', #4062, #4054, #4065, .T.);
#4067 = ORIENTED_EDGE ('', *, *, #4066, .F.);
#4068 = CARTESIAN_POINT ('', (-25.1546525319017, 87.5881138300742, 5.));
#4069 = VERTEX_POINT ('', #4068);
#4070 = CARTESIAN_POINT ('', (-25.1546525319017, 87.5881138300743, 5.));
#4071 = CARTESIAN_POINT ('', (-25.6503749625887, 87.6533769261844, 5.));
#4072 = CARTESIAN_POINT ('', (-25.7156380586984, 87.1576544954973, 5.));
#4073 = (
   BOUNDED_CURVE ()
   B_SPLINE_CURVE (2, (#4070, #4071, #4072), .UNSPECIFIED., .F., .U.)
   B_SPLINE_CURVE_WITH_KNOTS ((3, 3), (42., 43.), .UNSPECIFIED.)
   CURVE ()
   GEOMETRIC_REPRESENTATION_ITEM ()
   RATIONAL_B_SPLINE_CURVE ((1., 0.707106781186314, 1.))
   REPRESENTATION_ITEM ('')
);
#4074 = EDGE_CURVE ('', #4069, #4062, #4073, .T.);
#4075 = ORIENTED_EDGE ('', *, *, #4074, .F.);
#4076 = CARTESIAN_POINT ('', (-12.2658693340422, 85.8912733312135, 5.));
#4077 = VERTEX_POINT ('', #4076);
#4078 = CARTESIAN_POINT ('', (-12.2658693340422, 85.8912733312135, 5.));
#4079 = CARTESIAN_POINT ('', (-25.1546525319017, 87.5881138300742, 5.));
#4080 = B_SPLINE_CURVE_WITH_KNOTS ('', 1, (#4078, #4079), .UNSPECIFIED., .F., .U., (2, 2), (29., 42.), .UNSPECIFIED.);
#4081 = EDGE_CURVE ('', #4077, #4069, #4080, .T.);
#4082 = ORIENTED_EDGE ('', *, *, #4081, .F.);
#4083 = CARTESIAN_POINT ('', (-11.8354099994653, 85.3302878044166, 5.));
#4084 = VERTEX_POINT ('', #4083);
#4085 = CARTESIAN_POINT ('', (-11.8354099994653, 85.3302878044166, 5.));
#4086 = CARTESIAN_POINT ('', (-11.7701469033553, 85.8260102351035, 5.));
#4087 = CARTESIAN_POINT ('', (-12.2658693340422, 85.8912733312135, 5.));
#4088 = (
   BOUNDED_CURVE ()
   B_SPLINE_CURVE (2, (#4085, #4086, #4087), .UNSPECIFIED., .F., .U.)
   B_SPLINE_CURVE_WITH_KNOTS ((3, 3), (28., 29.), .UNSPECIFIED.)
   CURVE ()
   GEOMETRIC_REPRESENTATION_ITEM ()
   RATIONAL_B_SPLINE_CURVE ((1., 0.707106781186502, 1.))
   REPRESENTATION_ITEM ('')
);
#4089 = EDGE_CURVE ('', #4084, #4077, #4088, .T.);
#4090 = ORIENTED_EDGE ('', *, *, #4089, .F.);
#4091 = CARTESIAN_POINT ('', (-13.532250498326, 72.4415046065571, 5.));
#4092 = VERTEX_POINT ('', #4091);
#4093 = CARTESIAN_POINT ('', (-13.532250498326, 72.4415046065571, 5.));
#4094 = CARTESIAN_POINT ('', (-11.8354099994653, 85.3302878044166, 5.));
#4095 = B_SPLINE_CURVE_WITH_KNOTS ('', 1, (#4093, #4094), .UNSPECIFIED., .F., .U., (2, 2), (15., 28.), .UNSPECIFIED.);
#4096 = EDGE_CURVE ('', #4092, #4084, #4095, .T.);
#4097 = ORIENTED_EDGE ('', *, *, #4096, .F.);
#4098 = CARTESIAN_POINT ('', (-14.0932360251229, 72.0110452719803, 5.));
#4099 = CARTESIAN_POINT ('', (-13.5975135944362, 71.9457821758704, 5.));
#4100 = CARTESIAN_POINT ('', (-13.5322504983257, 72.441504606557, 5.));
#4101 = (
   BOUNDED_CURVE ()
   B_SPLINE_CURVE (2, (#4098, #4099, #4100), .UNSPECIFIED., .F., .U.)
   B_SPLINE_CURVE_WITH_KNOTS ((3, 3), (14., 15.), .UNSPECIFIED.)
   CURVE ()
   GEOMETRIC_REPRESENTATION_ITEM ()
   RATIONAL_B_SPLINE_CURVE ((1., 0.707106781186924, 1.))
   REPRESENTATION_ITEM ('')
);
#4102 = EDGE_CURVE ('', #4047, #4092, #4101, .T.);
#4103 = ORIENTED_EDGE ('', *, *, #4102, .F.);
#4104 = EDGE_LOOP ('', (#4052, #4060, #4067, #4075, #4082, #4090, #4097, #4103));
#4105 = FACE_BOUND ('', #4104, .T.);
#4106 = CARTESIAN_POINT ('', (-36.4169778798516, 55.7002249048635, 5.));
#4107 = VERTEX_POINT ('', #4106);
#4108 = CARTESIAN_POINT ('', (-23.528194681992, 54.0033844060028, 5.));
#4109 = VERTEX_POINT ('', #4108);
#4110 = CARTESIAN_POINT ('', (-36.4169778798516, 55.7002249048635, 5.));
#4111 = CARTESIAN_POINT ('', (-23.528194681992, 54.0033844060028, 5.));
#4112 = B_SPLINE_CURVE_WITH_KNOTS ('', 1, (#4110, #4111), .UNSPECIFIED., .F., .U., (2, 2), (1., 14.), .UNSPECIFIED.);
#4113 = EDGE_CURVE ('', #4107, #4109, #4112, .T.);
#4114 = ORIENTED_EDGE ('', *, *, #4113, .F.);
#4115 = CARTESIAN_POINT ('', (-36.8474372144284, 56.2612104316604, 5.));
#4116 = VERTEX_POINT ('', #4115);
#4117 = CARTESIAN_POINT ('', (-36.8474372144285, 56.2612104316604, 5.));
#4118 = CARTESIAN_POINT ('', (-36.9127003105386, 55.7654880009734, 5.));
#4119 = CARTESIAN_POINT ('', (-36.4169778798515, 55.7002249048636, 5.));
#4120 = (
   BOUNDED_CURVE ()
   B_SPLINE_CURVE (2, (#4117, #4118, #4119), .UNSPECIFIED., .F., .U.)
   B_SPLINE_CURVE_WITH_KNOTS ((3, 3), (0., 1.), .UNSPECIFIED.)
   CURVE ()
   GEOMETRIC_REPRESENTATION_ITEM ()
   RATIONAL_B_SPLINE_CURVE ((1., 0.707106781186354, 1.))
   REPRESENTATION_ITEM ('')
);
#4121 = EDGE_CURVE ('', #4116, #4107, #4120, .T.);
#4122 = ORIENTED_EDGE ('', *, *, #4121, .F.);
#4123 = CARTESIAN_POINT ('', (-35.1505967155678, 69.14999362952, 5.));
#4124 = VERTEX_POINT ('', #4123);
#4125 = CARTESIAN_POINT ('', (-35.1505967155678, 69.14999362952, 5.));
#4126 = CARTESIAN_POINT ('', (-36.8474372144284, 56.2612104316604, 5.));
#4127 = B_SPLINE_CURVE_WITH_KNOTS ('', 1, (#4125, #4126), .UNSPECIFIED., .F., .U., (2, 2), (43., 56.), .UNSPECIFIED.);
#4128 = EDGE_CURVE ('', #4124, #4116, #4127, .T.);
#4129 = ORIENTED_EDGE ('', *, *, #4128, .F.);
#4130 = CARTESIAN_POINT ('', (-34.5896111887708, 69.5804529640968, 5.));
#4131 = VERTEX_POINT ('', #4130);
#4132 = CARTESIAN_POINT ('', (-34.5896111887708, 69.5804529640968, 5.));
#4133 = CARTESIAN_POINT ('', (-35.0853336194576, 69.6457160602068, 5.));
#4134 = CARTESIAN_POINT ('', (-35.1505967155678, 69.14999362952, 5.));
#4135 = (
   BOUNDED_CURVE ()
   B_SPLINE_CURVE (2, (#4132, #4133, #4134), .UNSPECIFIED., .F., .U.)
   B_SPLINE_CURVE_WITH_KNOTS ((3, 3), (42., 43.), .UNSPECIFIED.)
   CURVE ()
   GEOMETRIC_REPRESENTATION_ITEM ()
   RATIONAL_B_SPLINE_CURVE ((1., 0.707106781186711, 1.))
   REPRESENTATION_ITEM ('')
);
#4136 = EDGE_CURVE ('', #4131, #4124, #4135, .T.);
#4137 = ORIENTED_EDGE ('', *, *, #4136, .F.);
#4138 = CARTESIAN_POINT ('', (-21.7008279909113, 67.8836124652361, 5.));
#4139 = VERTEX_POINT ('', #4138);
#4140 = CARTESIAN_POINT ('', (-21.7008279909113, 67.8836124652361, 5.));
#4141 = CARTESIAN_POINT ('', (-34.5896111887708, 69.5804529640968, 5.));
#4142 = B_SPLINE_CURVE_WITH_KNOTS ('', 1, (#4140, #4141), .UNSPECIFIED., .F., .U., (2, 2), (29., 42.), .UNSPECIFIED.);
#4143 = EDGE_CURVE ('', #4139, #4131, #4142, .T.);
#4144 = ORIENTED_EDGE ('', *, *, #4143, .F.);
#4145 = CARTESIAN_POINT ('', (-21.2703686563344, 67.3226269384392, 5.));
#4146 = VERTEX_POINT ('', #4145);
#4147 = CARTESIAN_POINT ('', (-21.2703686563344, 67.3226269384392, 5.));
#4148 = CARTESIAN_POINT ('', (-21.2051055602244, 67.818349369126, 5.));
#4149 = CARTESIAN_POINT ('', (-21.7008279909113, 67.8836124652362, 5.));
#4150 = (
   BOUNDED_CURVE ()
   B_SPLINE_CURVE (2, (#4147, #4148, #4149), .UNSPECIFIED., .F., .U.)
   B_SPLINE_CURVE_WITH_KNOTS ((3, 3), (28., 29.), .UNSPECIFIED.)
   CURVE ()
   GEOMETRIC_REPRESENTATION_ITEM ()
   RATIONAL_B_SPLINE_CURVE ((1., 0.707106781186677, 1.))
   REPRESENTATION_ITEM ('')
);
#4151 = EDGE_CURVE ('', #4146, #4139, #4150, .T.);
#4152 = ORIENTED_EDGE ('', *, *, #4151, .F.);
#4153 = CARTESIAN_POINT ('', (-22.9672091551951, 54.4338437405797, 5.));
#4154 = VERTEX_POINT ('', #4153);
#4155 = CARTESIAN_POINT ('', (-22.9672091551951, 54.4338437405797, 5.));
#4156 = CARTESIAN_POINT ('', (-21.2703686563344, 67.3226269384392, 5.));
#4157 = B_SPLINE_CURVE_WITH_KNOTS ('', 1, (#4155, #4156), .UNSPECIFIED., .F., .U., (2, 2), (15., 28.), .UNSPECIFIED.);
#4158 = EDGE_CURVE ('', #4154, #4146, #4157, .T.);
#4159 = ORIENTED_EDGE ('', *, *, #4158, .F.);
#4160 = CARTESIAN_POINT ('', (-23.528194681992, 54.0033844060028, 5.));
#4161 = CARTESIAN_POINT ('', (-23.032472251305, 53.9381213098927, 5.));
#4162 = CARTESIAN_POINT ('', (-22.9672091551952, 54.4338437405797, 5.));
#4163 = (
   BOUNDED_CURVE ()
   B_SPLINE_CURVE (2, (#4160, #4161, #4162), .UNSPECIFIED., .F., .U.)
   B_SPLINE_CURVE_WITH_KNOTS ((3, 3), (14., 15.), .UNSPECIFIED.)
   CURVE ()
   GEOMETRIC_REPRESENTATION_ITEM ()
   RATIONAL_B_SPLINE_CURVE ((1., 0.707106781186361, 1.))
   REPRESENTATION_ITEM ('')
);
#4164 = EDGE_CURVE ('', #4109, #4154, #4163, .T.);
#4165 = ORIENTED_EDGE ('', *, *, #4164, .F.);
#4166 = EDGE_LOOP ('', (#4114, #4122, #4129, #4137, #4144, #4152, #4159, #4165));
#4167 = FACE_BOUND ('', #4166, .T.);
#4168 = CARTESIAN_POINT ('', (-12.5658639918226, 36.048784378836, 5.));
#4169 = VERTEX_POINT ('', #4168);
#4170 = CARTESIAN_POINT ('', (-12.5658639918226, 36.7558911600226, 5.));
#4171 = VERTEX_POINT ('', #4170);
#4172 = CARTESIAN_POINT ('', (-12.5658639918226, 36.0487843788361, 5.));
#4173 = CARTESIAN_POINT ('', (-12.2123106012293, 36.4023377694293, 5.));
#4174 = CARTESIAN_POINT ('', (-12.5658639918226, 36.7558911600226, 5.));
#4175 = (
   BOUNDED_CURVE ()
   B_SPLINE_CURVE (2, (#4172, #4173, #4174), .UNSPECIFIED., .F., .U.)
   B_SPLINE_CURVE_WITH_KNOTS ((3, 3), (95.7500000000011, 96.7500000000011), .UNSPECIFIED.)
   CURVE ()
   GEOMETRIC_REPRESENTATION_ITEM ()
   RATIONAL_B_SPLINE_CURVE ((1., 0.707106781186562, 1.))
   REPRESENTATION_ITEM ('')
);
#4176 = EDGE_CURVE ('', #4169, #4171, #4175, .T.);
#4177 = ORIENTED_EDGE ('', *, *, #4176, .F.);
#4178 = CARTESIAN_POINT ('', (-16.6317279836454, 31.9829203870133, 5.));
#4179 = VERTEX_POINT ('', #4178);
#4180 = CARTESIAN_POINT ('', (-16.6317279836454, 31.9829203870133, 5.));
#4181 = CARTESIAN_POINT ('', (-12.5658639918226, 36.048784378836, 5.));
#4182 = B_SPLINE_CURVE_WITH_KNOTS ('', 1, (#4180, #4181), .UNSPECIFIED., .F., .U., (2, 2), (90.0000000000009, 95.7500000000011), .UNSPECIFIED.);
#4183 = EDGE_CURVE ('', #4179, #4169, #4182, .T.);
#4184 = ORIENTED_EDGE ('', *, *, #4183, .F.);
#4185 = CARTESIAN_POINT ('', (-17.3388347648319, 31.9829203870133, 5.));
#4186 = VERTEX_POINT ('', #4185);
#4187 = CARTESIAN_POINT ('', (-17.3388347648319, 31.9829203870133, 5.));
#4188 = CARTESIAN_POINT ('', (-16.9852813742386, 31.62936699642, 5.));
#4189 = CARTESIAN_POINT ('', (-16.6317279836454, 31.9829203870133, 5.));
#4190 = (
   BOUNDED_CURVE ()
   B_SPLINE_CURVE (2, (#4187, #4188, #4189), .UNSPECIFIED., .F., .U.)
   B_SPLINE_CURVE_WITH_KNOTS ((3, 3), (89.0000000000009, 90.0000000000009), .UNSPECIFIED.)
   CURVE ()
   GEOMETRIC_REPRESENTATION_ITEM ()
   RATIONAL_B_SPLINE_CURVE ((1., 0.707106781186521, 1.))
   REPRESENTATION_ITEM ('')
);
#4191 = EDGE_CURVE ('', #4186, #4179, #4190, .T.);
#4192 = ORIENTED_EDGE ('', *, *, #4191, .F.);
#4193 = CARTESIAN_POINT ('', (-17.6923881554251, 32.3364737776066, 5.));
#4194 = VERTEX_POINT ('', #4193);
#4195 = CARTESIAN_POINT ('', (-17.6923881554251, 32.3364737776066, 5.));
#4196 = CARTESIAN_POINT ('', (-17.3388347648319, 31.9829203870133, 5.));
#4197 = B_SPLINE_CURVE_WITH_KNOTS ('', 1, (#4195, #4196), .UNSPECIFIED., .F., .U., (2, 2), (88.5000000000009, 89.0000000000009), .UNSPECIFIED.);
#4198 = EDGE_CURVE ('', #4194, #4186, #4197, .T.);
#4199 = ORIENTED_EDGE ('', *, *, #4198, .F.);
#4200 = CARTESIAN_POINT ('', (-29.7132034355964, 20.3156584974352, 5.));
#4201 = VERTEX_POINT ('', #4200);
#4202 = CARTESIAN_POINT ('', (-29.7132034355964, 20.3156584974352, 5.));
#4203 = CARTESIAN_POINT ('', (-17.6923881554251, 32.3364737776066, 5.));
#4204 = B_SPLINE_CURVE_WITH_KNOTS ('', 1, (#4202, #4203), .UNSPECIFIED., .F., .U., (2, 2), (71.5000000000009, 88.5000000000009), .UNSPECIFIED.);
#4205 = EDGE_CURVE ('', #4201, #4194, #4204, .T.);
#4206 = ORIENTED_EDGE ('', *, *, #4205, .F.);
#4207 = CARTESIAN_POINT ('', (-29.359650045003, 19.9621051068416, 5.));
#4208 = VERTEX_POINT ('', #4207);
#4209 = CARTESIAN_POINT ('', (-29.359650045003, 19.9621051068416, 5.));
#4210 = CARTESIAN_POINT ('', (-29.7132034355964, 20.3156584974352, 5.));
#4211 = B_SPLINE_CURVE_WITH_KNOTS ('', 1, (#4209, #4210), .UNSPECIFIED., .F., .U., (2, 2), (71.0000000000005, 71.5000000000009), .UNSPECIFIED.);
#4212 = EDGE_CURVE ('', #4208, #4201, #4211, .T.);
#4213 = ORIENTED_EDGE ('', *, *, #4212, .F.);
#4214 = CARTESIAN_POINT ('', (-29.359650045003, 19.254998325655, 5.));
#4215 = VERTEX_POINT ('', #4214);
#4216 = CARTESIAN_POINT ('', (-29.359650045003, 19.2549983256551, 5.));
#4217 = CARTESIAN_POINT ('', (-29.0060966544098, 19.6085517162483, 5.));
#4218 = CARTESIAN_POINT ('', (-29.359650045003, 19.9621051068416, 5.));
#4219 = (
   BOUNDED_CURVE ()
   B_SPLINE_CURVE (2, (#4216, #4217, #4218), .UNSPECIFIED., .F., .U.)
   B_SPLINE_CURVE_WITH_KNOTS ((3, 3), (70.0000000000005, 71.0000000000005), .UNSPECIFIED.)
   CURVE ()
   GEOMETRIC_REPRESENTATION_ITEM ()
   RATIONAL_B_SPLINE_CURVE ((1., 0.707106781186569, 1.))
   REPRESENTATION_ITEM ('')
);
#4220 = EDGE_CURVE ('', #4215, #4208, #4219, .T.);
#4221 = ORIENTED_EDGE ('', *, *, #4220, .F.);
#4222 = CARTESIAN_POINT ('', (-33.4255140368258, 15.1891343338324, 5.));
#4223 = VERTEX_POINT ('', #4222);
#4224 = CARTESIAN_POINT ('', (-33.4255140368258, 15.1891343338324, 5.));
#4225 = CARTESIAN_POINT ('', (-29.359650045003, 19.254998325655, 5.));
#4226 = B_SPLINE_CURVE_WITH_KNOTS ('', 1, (#4224, #4225), .UNSPECIFIED., .F., .U., (2, 2), (64.2500000000005, 70.0000000000005), .UNSPECIFIED.);
#4227 = EDGE_CURVE ('', #4223, #4215, #4226, .T.);
#4228 = ORIENTED_EDGE ('', *, *, #4227, .F.);
#4229 = CARTESIAN_POINT ('', (-34.1326208180123, 15.1891343338325, 5.));
#4230 = VERTEX_POINT ('', #4229);
#4231 = CARTESIAN_POINT ('', (-34.1326208180123, 15.1891343338325, 5.));
#4232 = CARTESIAN_POINT ('', (-33.7790674274191, 14.8355809432392, 5.));
#4233 = CARTESIAN_POINT ('', (-33.4255140368258, 15.1891343338324, 5.));
#4234 = (
   BOUNDED_CURVE ()
   B_SPLINE_CURVE (2, (#4231, #4232, #4233), .UNSPECIFIED., .F., .U.)
   B_SPLINE_CURVE_WITH_KNOTS ((3, 3), (63.2500000000005, 64.2500000000005), .UNSPECIFIED.)
   CURVE ()
   GEOMETRIC_REPRESENTATION_ITEM ()
   RATIONAL_B_SPLINE_CURVE ((1., 0.707106781186551, 1.))
   REPRESENTATION_ITEM ('')
);
#4235 = EDGE_CURVE ('', #4230, #4223, #4234, .T.);
#4236 = ORIENTED_EDGE ('', *, *, #4235, .F.);
#4237 = CARTESIAN_POINT ('', (-34.4861742086057, 15.542687724426, 5.));
#4238 = VERTEX_POINT ('', #4237);
#4239 = CARTESIAN_POINT ('', (-34.4861742086057, 15.542687724426, 5.));
#4240 = CARTESIAN_POINT ('', (-34.1326208180123, 15.1891343338325, 5.));
#4241 = B_SPLINE_CURVE_WITH_KNOTS ('', 1, (#4239, #4240), .UNSPECIFIED., .F., .U., (2, 2), (62.7500000000002, 63.2500000000005), .UNSPECIFIED.);
#4242 = EDGE_CURVE ('', #4238, #4230, #4241, .T.);
#4243 = ORIENTED_EDGE ('', *, *, #4242, .F.);
#4244 = CARTESIAN_POINT ('', (-35.0165042944957, 15.0123576385361, 5.));
#4245 = VERTEX_POINT ('', #4244);
#4246 = CARTESIAN_POINT ('', (-35.0165042944957, 15.0123576385361, 5.));
#4247 = CARTESIAN_POINT ('', (-34.4861742086057, 15.542687724426, 5.));
#4248 = B_SPLINE_CURVE_WITH_KNOTS ('', 1, (#4246, #4247), .UNSPECIFIED., .F., .U., (2, 2), (62., 62.7500000000002), .UNSPECIFIED.);
#4249 = EDGE_CURVE ('', #4245, #4238, #4248, .T.);
#4250 = ORIENTED_EDGE ('', *, *, #4249, .F.);
#4251 = CARTESIAN_POINT ('', (-35.7236110756823, 15.0123576385361, 5.));
#4252 = VERTEX_POINT ('', #4251);
#4253 = CARTESIAN_POINT ('', (-35.7236110756823, 15.0123576385361, 5.));
#4254 = CARTESIAN_POINT ('', (-35.370057685089, 14.6588042479428, 5.));
#4255 = CARTESIAN_POINT ('', (-35.0165042944957, 15.0123576385361, 5.));
#4256 = (
   BOUNDED_CURVE ()
   B_SPLINE_CURVE (2, (#4253, #4254, #4255), .UNSPECIFIED., .F., .U.)
   B_SPLINE_CURVE_WITH_KNOTS ((3, 3), (61., 62.), .UNSPECIFIED.)
   CURVE ()
   GEOMETRIC_REPRESENTATION_ITEM ()
   RATIONAL_B_SPLINE_CURVE ((1., 0.707106781186569, 1.))
   REPRESENTATION_ITEM ('')
);
#4257 = EDGE_CURVE ('', #4252, #4245, #4256, .T.);
#4258 = ORIENTED_EDGE ('', *, *, #4257, .F.);
#4259 = CARTESIAN_POINT ('', (-44.9159992311073, 24.2047457939611, 5.));
#4260 = VERTEX_POINT ('', #4259);
#4261 = CARTESIAN_POINT ('', (-44.9159992311073, 24.2047457939611, 5.));
#4262 = CARTESIAN_POINT ('', (-35.7236110756823, 15.0123576385361, 5.));
#4263 = B_SPLINE_CURVE_WITH_KNOTS ('', 1, (#4261, #4262), .UNSPECIFIED., .F., .U., (2, 2), (48.0000000000002, 61.), .UNSPECIFIED.);
#4264 = EDGE_CURVE ('', #4260, #4252, #4263, .T.);
#4265 = ORIENTED_EDGE ('', *, *, #4264, .F.);
#4266 = CARTESIAN_POINT ('', (-44.9159992311073, 24.9118525751476, 5.));
#4267 = VERTEX_POINT ('', #4266);
#4268 = CARTESIAN_POINT ('', (-44.9159992311074, 24.9118525751477, 5.));
#4269 = CARTESIAN_POINT ('', (-45.2695526217007, 24.5582991845544, 5.));
#4270 = CARTESIAN_POINT ('', (-44.9159992311073, 24.2047457939611, 5.));
#4271 = (
   BOUNDED_CURVE ()
   B_SPLINE_CURVE (2, (#4268, #4269, #4270), .UNSPECIFIED., .F., .U.)
   B_SPLINE_CURVE_WITH_KNOTS ((3, 3), (47.0000000000002, 48.0000000000002), .UNSPECIFIED.)
   CURVE ()
   GEOMETRIC_REPRESENTATION_ITEM ()
   RATIONAL_B_SPLINE_CURVE ((1., 0.707106781186432, 1.))
   REPRESENTATION_ITEM ('')
);
#4272 = EDGE_CURVE ('', #4267, #4260, #4271, .T.);
#4273 = ORIENTED_EDGE ('', *, *, #4272, .F.);
#4274 = CARTESIAN_POINT ('', (-22.2885822331379, 47.5392695731173, 5.));
#4275 = VERTEX_POINT ('', #4274);
#4276 = CARTESIAN_POINT ('', (-22.2885822331379, 47.5392695731173, 5.));
#4277 = CARTESIAN_POINT ('', (-44.9159992311073, 24.9118525751476, 5.));
#4278 = B_SPLINE_CURVE_WITH_KNOTS ('', 1, (#4276, #4277), .UNSPECIFIED., .F., .U., (2, 2), (15.0000000000002, 47.0000000000002), .UNSPECIFIED.);
#4279 = EDGE_CURVE ('', #4275, #4267, #4278, .T.);
#4280 = ORIENTED_EDGE ('', *, *, #4279, .F.);
#4281 = CARTESIAN_POINT ('', (-21.5814754519514, 47.5392695731173, 5.));
#4282 = VERTEX_POINT ('', #4281);
#4283 = CARTESIAN_POINT ('', (-21.5814754519514, 47.5392695731173, 5.));
#4284 = CARTESIAN_POINT ('', (-21.9350288425446, 47.8928229637105, 5.));
#4285 = CARTESIAN_POINT ('', (-22.2885822331379, 47.5392695731173, 5.));
#4286 = (
   BOUNDED_CURVE ()
   B_SPLINE_CURVE (2, (#4283, #4284, #4285), .UNSPECIFIED., .F., .U.)
   B_SPLINE_CURVE_WITH_KNOTS ((3, 3), (14.0000000000002, 15.0000000000002), .UNSPECIFIED.)
   CURVE ()
   GEOMETRIC_REPRESENTATION_ITEM ()
   RATIONAL_B_SPLINE_CURVE ((1., 0.707106781186619, 1.))
   REPRESENTATION_ITEM ('')
);
#4287 = EDGE_CURVE ('', #4282, #4275, #4286, .T.);
#4288 = ORIENTED_EDGE ('', *, *, #4287, .F.);
#4289 = CARTESIAN_POINT ('', (-12.3890872965261, 38.3468814176921, 5.));
#4290 = VERTEX_POINT ('', #4289);
#4291 = CARTESIAN_POINT ('', (-12.3890872965261, 38.3468814176921, 5.));
#4292 = CARTESIAN_POINT ('', (-21.5814754519514, 47.5392695731173, 5.));
#4293 = B_SPLINE_CURVE_WITH_KNOTS ('', 1, (#4291, #4292), .UNSPECIFIED., .F., .U., (2, 2), (1., 14.0000000000002), .UNSPECIFIED.);
#4294 = EDGE_CURVE ('', #4290, #4282, #4293, .T.);
#4295 = ORIENTED_EDGE ('', *, *, #4294, .F.);
#4296 = CARTESIAN_POINT ('', (-12.3890872965261, 37.6397746365056, 5.));
#4297 = VERTEX_POINT ('', #4296);
#4298 = CARTESIAN_POINT ('', (-12.3890872965261, 37.6397746365056, 5.));
#4299 = CARTESIAN_POINT ('', (-12.0355339059329, 37.9933280270988, 5.));
#4300 = CARTESIAN_POINT ('', (-12.389087296526, 38.3468814176922, 5.));
#4301 = (
   BOUNDED_CURVE ()
   B_SPLINE_CURVE (2, (#4298, #4299, #4300), .UNSPECIFIED., .F., .U.)
   B_SPLINE_CURVE_WITH_KNOTS ((3, 3), (0., 1.), .UNSPECIFIED.)
   CURVE ()
   GEOMETRIC_REPRESENTATION_ITEM ()
   RATIONAL_B_SPLINE_CURVE ((1., 0.707106781186686, 1.))
   REPRESENTATION_ITEM ('')
);
#4302 = EDGE_CURVE ('', #4297, #4290, #4301, .T.);
#4303 = ORIENTED_EDGE ('', *, *, #4302, .F.);
#4304 = CARTESIAN_POINT ('', (-12.9194173824166, 37.1094445506154, 5.));
#4305 = VERTEX_POINT ('', #4304);
#4306 = CARTESIAN_POINT ('', (-12.9194173824166, 37.1094445506154, 5.));
#4307 = CARTESIAN_POINT ('', (-12.3890872965261, 37.6397746365056, 5.));
#4308 = B_SPLINE_CURVE_WITH_KNOTS ('', 1, (#4306, #4307), .UNSPECIFIED., .F., .U., (2, 2), (97.2500000000015, 98.000000000003), .UNSPECIFIED.);
#4309 = EDGE_CURVE ('', #4305, #4297, #4308, .T.);
#4310 = ORIENTED_EDGE ('', *, *, #4309, .F.);
#4311 = CARTESIAN_POINT ('', (-12.5658639918226, 36.7558911600226, 5.));
#4312 = CARTESIAN_POINT ('', (-12.9194173824166, 37.1094445506154, 5.));
#4313 = B_SPLINE_CURVE_WITH_KNOTS ('', 1, (#4311, #4312), .UNSPECIFIED., .F., .U., (2, 2), (96.7500000000011, 97.2500000000015), .UNSPECIFIED.);
#4314 = EDGE_CURVE ('', #4171, #4305, #4313, .T.);
#4315 = ORIENTED_EDGE ('', *, *, #4314, .F.);
#4316 = EDGE_LOOP ('', (#4177, #4184, #4192, #4199, #4206, #4213, #4221, #4228, #4236, #4243, #4250, #4258, #4265, #4273, #4280, #4288, #4295, #4303, #4310, #4315));
#4317 = FACE_BOUND ('', #4316, .T.);
#4318 = CARTESIAN_POINT ('', (-48.2826500370944, 30.4631857298958, 5.));
#4319 = VERTEX_POINT ('', #4318);
#4320 = CARTESIAN_POINT ('', (-41.7826500370944, 41.7215159790935, 5.));
#4321 = VERTEX_POINT ('', #4320);
#4322 = CARTESIAN_POINT ('', (-48.2826500370944, 30.4631857298958, 5.));
#4323 = CARTESIAN_POINT ('', (-41.7826500370944, 41.7215159790935, 5.));
#4324 = B_SPLINE_CURVE_WITH_KNOTS ('', 1, (#4322, #4323), .UNSPECIFIED., .F., .U., (2, 2), (1., 14.), .UNSPECIFIED.);
#4325 = EDGE_CURVE ('', #4319, #4321, #4324, .T.);
#4326 = ORIENTED_EDGE ('', *, *, #4325, .F.);
#4327 = CARTESIAN_POINT ('', (-48.9656627389866, 30.2801730280036, 5.));
#4328 = VERTEX_POINT ('', #4327);
#4329 = CARTESIAN_POINT ('', (-48.9656627389866, 30.2801730280036, 5.));
#4330 = CARTESIAN_POINT ('', (-48.5326500370944, 30.0301730280036, 5.));
#4331 = CARTESIAN_POINT ('', (-48.2826500370944, 30.4631857298958, 5.));
#4332 = (
   BOUNDED_CURVE ()
   B_SPLINE_CURVE (2, (#4329, #4330, #4331), .UNSPECIFIED., .F., .U.)
   B_SPLINE_CURVE_WITH_KNOTS ((3, 3), (0., 1.), .UNSPECIFIED.)
   CURVE ()
   GEOMETRIC_REPRESENTATION_ITEM ()
   RATIONAL_B_SPLINE_CURVE ((1., 0.707106781186584, 1.))
   REPRESENTATION_ITEM ('')
);
#4333 = EDGE_CURVE ('', #4328, #4319, #4332, .T.);
#4334 = ORIENTED_EDGE ('', *, *, #4333, .F.);
#4335 = CARTESIAN_POINT ('', (-60.2239929881843, 36.7801730280035, 5.));
#4336 = VERTEX_POINT ('', #4335);
#4337 = CARTESIAN_POINT ('', (-60.2239929881843, 36.7801730280035, 5.));
#4338 = CARTESIAN_POINT ('', (-48.9656627389866, 30.2801730280036, 5.));
#4339 = B_SPLINE_CURVE_WITH_KNOTS ('', 1, (#4337, #4338), .UNSPECIFIED., .F., .U., (2, 2), (43., 56.), .UNSPECIFIED.);
#4340 = EDGE_CURVE ('', #4336, #4328, #4339, .T.);
#4341 = ORIENTED_EDGE ('', *, *, #4340, .F.);
#4342 = CARTESIAN_POINT ('', (-60.4070056900766, 37.4631857298957, 5.));
#4343 = VERTEX_POINT ('', #4342);
#4344 = CARTESIAN_POINT ('', (-60.4070056900766, 37.4631857298957, 5.));
#4345 = CARTESIAN_POINT ('', (-60.6570056900766, 37.0301730280035, 5.));
#4346 = CARTESIAN_POINT ('', (-60.2239929881843, 36.7801730280035, 5.));
#4347 = (
   BOUNDED_CURVE ()
   B_SPLINE_CURVE (2, (#4344, #4345, #4346), .UNSPECIFIED., .F., .U.)
   B_SPLINE_CURVE_WITH_KNOTS ((3, 3), (42., 43.), .UNSPECIFIED.)
   CURVE ()
   GEOMETRIC_REPRESENTATION_ITEM ()
   RATIONAL_B_SPLINE_CURVE ((1., 0.707106781186525, 1.))
   REPRESENTATION_ITEM ('')
);
#4348 = EDGE_CURVE ('', #4343, #4336, #4347, .T.);
#4349 = ORIENTED_EDGE ('', *, *, #4348, .F.);
#4350 = CARTESIAN_POINT ('', (-53.9070056900766, 48.7215159790935, 5.));
#4351 = VERTEX_POINT ('', #4350);
#4352 = CARTESIAN_POINT ('', (-53.9070056900766, 48.7215159790935, 5.));
#4353 = CARTESIAN_POINT ('', (-60.4070056900766, 37.4631857298957, 5.));
#4354 = B_SPLINE_CURVE_WITH_KNOTS ('', 1, (#4352, #4353), .UNSPECIFIED., .F., .U., (2, 2), (29., 42.), .UNSPECIFIED.);
#4355 = EDGE_CURVE ('', #4351, #4343, #4354, .T.);
#4356 = ORIENTED_EDGE ('', *, *, #4355, .F.);
#4357 = CARTESIAN_POINT ('', (-53.2239929881844, 48.9045286809857, 5.));
#4358 = VERTEX_POINT ('', #4357);
#4359 = CARTESIAN_POINT ('', (-53.2239929881843, 48.9045286809858, 5.));
#4360 = CARTESIAN_POINT ('', (-53.6570056900767, 49.1545286809859, 5.));
#4361 = CARTESIAN_POINT ('', (-53.9070056900764, 48.7215159790934, 5.));
#4362 = (
   BOUNDED_CURVE ()
   B_SPLINE_CURVE (2, (#4359, #4360, #4361), .UNSPECIFIED., .F., .U.)
   B_SPLINE_CURVE_WITH_KNOTS ((3, 3), (28., 29.), .UNSPECIFIED.)
   CURVE ()
   GEOMETRIC_REPRESENTATION_ITEM ()
   RATIONAL_B_SPLINE_CURVE ((1., 0.707106781186267, 1.))
   REPRESENTATION_ITEM ('')
);
#4363 = EDGE_CURVE ('', #4358, #4351, #4362, .T.);
#4364 = ORIENTED_EDGE ('', *, *, #4363, .F.);
#4365 = CARTESIAN_POINT ('', (-41.9656627389867, 42.4045286809858, 5.));
#4366 = VERTEX_POINT ('', #4365);
#4367 = CARTESIAN_POINT ('', (-41.9656627389867, 42.4045286809858, 5.));
#4368 = CARTESIAN_POINT ('', (-53.2239929881844, 48.9045286809857, 5.));
#4369 = B_SPLINE_CURVE_WITH_KNOTS ('', 1, (#4367, #4368), .UNSPECIFIED., .F., .U., (2, 2), (15., 28.), .UNSPECIFIED.);
#4370 = EDGE_CURVE ('', #4366, #4358, #4369, .T.);
#4371 = ORIENTED_EDGE ('', *, *, #4370, .F.);
#4372 = CARTESIAN_POINT ('', (-41.7826500370945, 41.7215159790936, 5.));
#4373 = CARTESIAN_POINT ('', (-41.5326500370946, 42.1545286809857, 5.));
#4374 = CARTESIAN_POINT ('', (-41.9656627389866, 42.4045286809858, 5.));
#4375 = (
   BOUNDED_CURVE ()
   B_SPLINE_CURVE (2, (#4372, #4373, #4374), .UNSPECIFIED., .F., .U.)
   B_SPLINE_CURVE_WITH_KNOTS ((3, 3), (14., 15.), .UNSPECIFIED.)
   CURVE ()
   GEOMETRIC_REPRESENTATION_ITEM ()
   RATIONAL_B_SPLINE_CURVE ((1., 0.707106781186704, 1.))
   REPRESENTATION_ITEM ('')
);
#4376 = EDGE_CURVE ('', #4321, #4366, #4375, .T.);
#4377 = ORIENTED_EDGE ('', *, *, #4376, .F.);
#4378 = EDGE_LOOP ('', (#4326, #4334, #4341, #4349, #4356, #4364, #4371, #4377));
#4379 = FACE_BOUND ('', #4378, .T.);
#4380 = CARTESIAN_POINT ('', (-80.0673348074065, 40.6142184719175, 5.));
#4381 = VERTEX_POINT ('', #4380);
#4382 = CARTESIAN_POINT ('', (-67.5102990656486, 37.2495708855847, 5.));
#4383 = VERTEX_POINT ('', #4382);
#4384 = CARTESIAN_POINT ('', (-80.0673348074065, 40.6142184719175, 5.));
#4385 = CARTESIAN_POINT ('', (-67.5102990656486, 37.2495708855847, 5.));
#4386 = B_SPLINE_CURVE_WITH_KNOTS ('', 1, (#4384, #4385), .UNSPECIFIED., .F., .U., (2, 2), (1., 14.), .UNSPECIFIED.);
#4387 = EDGE_CURVE ('', #4381, #4383, #4386, .T.);
#4388 = ORIENTED_EDGE ('', *, *, #4387, .F.);
#4389 = CARTESIAN_POINT ('', (-80.4208881979997, 41.2265909076133, 5.));
#4390 = VERTEX_POINT ('', #4389);
#4391 = CARTESIAN_POINT ('', (-80.4208881979997, 41.2265909076133, 5.));
#4392 = CARTESIAN_POINT ('', (-80.550297720551, 40.7436279944687, 5.));
#4393 = CARTESIAN_POINT ('', (-80.0673348074065, 40.6142184719175, 5.));
#4394 = (
   BOUNDED_CURVE ()
   B_SPLINE_CURVE (2, (#4391, #4392, #4393), .UNSPECIFIED., .F., .U.)
   B_SPLINE_CURVE_WITH_KNOTS ((3, 3), (0., 1.), .UNSPECIFIED.)
   CURVE ()
   GEOMETRIC_REPRESENTATION_ITEM ()
   RATIONAL_B_SPLINE_CURVE ((1., 0.707106781186479, 1.))
   REPRESENTATION_ITEM ('')
);
#4395 = EDGE_CURVE ('', #4390, #4381, #4394, .T.);
#4396 = ORIENTED_EDGE ('', *, *, #4395, .F.);
#4397 = CARTESIAN_POINT ('', (-77.056240611667, 53.7836266493711, 5.));
#4398 = VERTEX_POINT ('', #4397);
#4399 = CARTESIAN_POINT ('', (-77.056240611667, 53.7836266493711, 5.));
#4400 = CARTESIAN_POINT ('', (-80.4208881979997, 41.2265909076133, 5.));
#4401 = B_SPLINE_CURVE_WITH_KNOTS ('', 1, (#4399, #4400), .UNSPECIFIED., .F., .U., (2, 2), (43., 56.), .UNSPECIFIED.);
#4402 = EDGE_CURVE ('', #4398, #4390, #4401, .T.);
#4403 = ORIENTED_EDGE ('', *, *, #4402, .F.);
#4404 = CARTESIAN_POINT ('', (-76.4438681759712, 54.1371800399644, 5.));
#4405 = VERTEX_POINT ('', #4404);
#4406 = CARTESIAN_POINT ('', (-76.4438681759712, 54.1371800399644, 5.));
#4407 = CARTESIAN_POINT ('', (-76.9268310891158, 54.2665895625157, 5.));
#4408 = CARTESIAN_POINT ('', (-77.056240611667, 53.7836266493711, 5.));
#4409 = (
   BOUNDED_CURVE ()
   B_SPLINE_CURVE (2, (#4406, #4407, #4408), .UNSPECIFIED., .F., .U.)
   B_SPLINE_CURVE_WITH_KNOTS ((3, 3), (42., 43.), .UNSPECIFIED.)
   CURVE ()
   GEOMETRIC_REPRESENTATION_ITEM ()
   RATIONAL_B_SPLINE_CURVE ((1., 0.707106781186518, 1.))
   REPRESENTATION_ITEM ('')
);
#4410 = EDGE_CURVE ('', #4405, #4398, #4409, .T.);
#4411 = ORIENTED_EDGE ('', *, *, #4410, .F.);
#4412 = CARTESIAN_POINT ('', (-63.8868324342134, 50.7725324536317, 5.));
#4413 = VERTEX_POINT ('', #4412);
#4414 = CARTESIAN_POINT ('', (-63.8868324342134, 50.7725324536317, 5.));
#4415 = CARTESIAN_POINT ('', (-76.4438681759712, 54.1371800399644, 5.));
#4416 = B_SPLINE_CURVE_WITH_KNOTS ('', 1, (#4414, #4415), .UNSPECIFIED., .F., .U., (2, 2), (29., 42.), .UNSPECIFIED.);
#4417 = EDGE_CURVE ('', #4413, #4405, #4416, .T.);
#4418 = ORIENTED_EDGE ('', *, *, #4417, .F.);
#4419 = CARTESIAN_POINT ('', (-63.5332790436201, 50.1601600179359, 5.));
#4420 = VERTEX_POINT ('', #4419);
#4421 = CARTESIAN_POINT ('', (-63.5332790436201, 50.1601600179359, 5.));
#4422 = CARTESIAN_POINT ('', (-63.4038695210689, 50.6431229310804, 5.));
#4423 = CARTESIAN_POINT ('', (-63.8868324342133, 50.7725324536317, 5.));
#4424 = (
   BOUNDED_CURVE ()
   B_SPLINE_CURVE (2, (#4421, #4422, #4423), .UNSPECIFIED., .F., .U.)
   B_SPLINE_CURVE_WITH_KNOTS ((3, 3), (28., 29.), .UNSPECIFIED.)
   CURVE ()
   GEOMETRIC_REPRESENTATION_ITEM ()
   RATIONAL_B_SPLINE_CURVE ((1., 0.70710678118663, 1.))
   REPRESENTATION_ITEM ('')
);
#4425 = EDGE_CURVE ('', #4420, #4413, #4424, .T.);
#4426 = ORIENTED_EDGE ('', *, *, #4425, .F.);
#4427 = CARTESIAN_POINT ('', (-66.8979266299528, 37.603124276178, 5.));
#4428 = VERTEX_POINT ('', #4427);
#4429 = CARTESIAN_POINT ('', (-66.8979266299528, 37.603124276178, 5.));
#4430 = CARTESIAN_POINT ('', (-63.5332790436201, 50.1601600179359, 5.));
#4431 = B_SPLINE_CURVE_WITH_KNOTS ('', 1, (#4429, #4430), .UNSPECIFIED., .F., .U., (2, 2), (15., 28.), .UNSPECIFIED.);
#4432 = EDGE_CURVE ('', #4428, #4420, #4431, .T.);
#4433 = ORIENTED_EDGE ('', *, *, #4432, .F.);
#4434 = CARTESIAN_POINT ('', (-67.5102990656486, 37.2495708855848, 5.));
#4435 = CARTESIAN_POINT ('', (-67.0273361525041, 37.1201613630335, 5.));
#4436 = CARTESIAN_POINT ('', (-66.8979266299527, 37.603124276178, 5.));
#4437 = (
   BOUNDED_CURVE ()
   B_SPLINE_CURVE (2, (#4434, #4435, #4436), .UNSPECIFIED., .F., .U.)
   B_SPLINE_CURVE_WITH_KNOTS ((3, 3), (14., 15.), .UNSPECIFIED.)
   CURVE ()
   GEOMETRIC_REPRESENTATION_ITEM ()
   RATIONAL_B_SPLINE_CURVE ((1., 0.707106781186646, 1.))
   REPRESENTATION_ITEM ('')
);
#4438 = EDGE_CURVE ('', #4383, #4428, #4437, .T.);
#4439 = ORIENTED_EDGE ('', *, *, #4438, .F.);
#4440 = EDGE_LOOP ('', (#4388, #4396, #4403, #4411, #4418, #4426, #4433, #4439));
#4441 = FACE_BOUND ('', #4440, .T.);
#4442 = CARTESIAN_POINT ('', (-103., 55.5, 5.));
#4443 = VERTEX_POINT ('', #4442);
#4444 = CARTESIAN_POINT ('', (-116., 55.5, 5.));
#4445 = VERTEX_POINT ('', #4444);
#4446 = CARTESIAN_POINT ('', (-103., 55.5, 5.));
#4447 = CARTESIAN_POINT ('', (-116., 55.5, 5.));
#4448 = B_SPLINE_CURVE_WITH_KNOTS ('', 1, (#4446, #4447), .UNSPECIFIED., .F., .U., (2, 2), (1., 14.), .UNSPECIFIED.);
#4449 = EDGE_CURVE ('', #4443, #4445, #4448, .T.);
#4450 = ORIENTED_EDGE ('', *, *, #4449, .F.);
#4451 = CARTESIAN_POINT ('', (-102.5, 55., 5.));
#4452 = VERTEX_POINT ('', #4451);
#4453 = CARTESIAN_POINT ('', (-102.5, 55., 5.));
#4454 = CARTESIAN_POINT ('', (-102.5, 55.5, 5.));
#4455 = CARTESIAN_POINT ('', (-103., 55.5000000000001, 5.));
#4456 = (
   BOUNDED_CURVE ()
   B_SPLINE_CURVE (2, (#4453, #4454, #4455), .UNSPECIFIED., .F., .U.)
   B_SPLINE_CURVE_WITH_KNOTS ((3, 3), (0., 1.), .UNSPECIFIED.)
   CURVE ()
   GEOMETRIC_REPRESENTATION_ITEM ()
   RATIONAL_B_SPLINE_CURVE ((1., 0.707106781186618, 1.))
   REPRESENTATION_ITEM ('')
);
#4457 = EDGE_CURVE ('', #4452, #4443, #4456, .T.);
#4458 = ORIENTED_EDGE ('', *, *, #4457, .F.);
#4459 = CARTESIAN_POINT ('', (-102.5, 42., 5.));
#4460 = VERTEX_POINT ('', #4459);
#4461 = CARTESIAN_POINT ('', (-102.5, 42., 5.));
#4462 = CARTESIAN_POINT ('', (-102.5, 55., 5.));
#4463 = B_SPLINE_CURVE_WITH_KNOTS ('', 1, (#4461, #4462), .UNSPECIFIED., .F., .U., (2, 2), (43., 56.), .UNSPECIFIED.);
#4464 = EDGE_CURVE ('', #4460, #4452, #4463, .T.);
#4465 = ORIENTED_EDGE ('', *, *, #4464, .F.);
#4466 = CARTESIAN_POINT ('', (-103., 41.5, 5.));
#4467 = VERTEX_POINT ('', #4466);
#4468 = CARTESIAN_POINT ('', (-103., 41.5, 5.));
#4469 = CARTESIAN_POINT ('', (-102.5, 41.5, 5.));
#4470 = CARTESIAN_POINT ('', (-102.5, 42., 5.));
#4471 = (
   BOUNDED_CURVE ()
   B_SPLINE_CURVE (2, (#4468, #4469, #4470), .UNSPECIFIED., .F., .U.)
   B_SPLINE_CURVE_WITH_KNOTS ((3, 3), (42., 43.), .UNSPECIFIED.)
   CURVE ()
   GEOMETRIC_REPRESENTATION_ITEM ()
   RATIONAL_B_SPLINE_CURVE ((1., 0.707106781186537, 1.))
   REPRESENTATION_ITEM ('')
);
#4472 = EDGE_CURVE ('', #4467, #4460, #4471, .T.);
#4473 = ORIENTED_EDGE ('', *, *, #4472, .F.);
#4474 = CARTESIAN_POINT ('', (-116., 41.5, 5.));
#4475 = VERTEX_POINT ('', #4474);
#4476 = CARTESIAN_POINT ('', (-116., 41.5, 5.));
#4477 = CARTESIAN_POINT ('', (-103., 41.5, 5.));
#4478 = B_SPLINE_CURVE_WITH_KNOTS ('', 1, (#4476, #4477), .UNSPECIFIED., .F., .U., (2, 2), (29., 42.), .UNSPECIFIED.);
#4479 = EDGE_CURVE ('', #4475, #4467, #4478, .T.);
#4480 = ORIENTED_EDGE ('', *, *, #4479, .F.);
#4481 = CARTESIAN_POINT ('', (-116.5, 42., 5.));
#4482 = VERTEX_POINT ('', #4481);
#4483 = CARTESIAN_POINT ('', (-116.5, 42., 5.));
#4484 = CARTESIAN_POINT ('', (-116.5, 41.4999999999999, 5.));
#4485 = CARTESIAN_POINT ('', (-116., 41.5000000000001, 5.));
#4486 = (
   BOUNDED_CURVE ()
   B_SPLINE_CURVE (2, (#4483, #4484, #4485), .UNSPECIFIED., .F., .U.)
   B_SPLINE_CURVE_WITH_KNOTS ((3, 3), (28., 29.), .UNSPECIFIED.)
   CURVE ()
   GEOMETRIC_REPRESENTATION_ITEM ()
   RATIONAL_B_SPLINE_CURVE ((1., 0.707106781186387, 1.))
   REPRESENTATION_ITEM ('')
);
#4487 = EDGE_CURVE ('', #4482, #4475, #4486, .T.);
#4488 = ORIENTED_EDGE ('', *, *, #4487, .F.);
#4489 = CARTESIAN_POINT ('', (-116.5, 55., 5.));
#4490 = VERTEX_POINT ('', #4489);
#4491 = CARTESIAN_POINT ('', (-116.5, 55., 5.));
#4492 = CARTESIAN_POINT ('', (-116.5, 42., 5.));
#4493 = B_SPLINE_CURVE_WITH_KNOTS ('', 1, (#4491, #4492), .UNSPECIFIED., .F., .U., (2, 2), (15., 28.), .UNSPECIFIED.);
#4494 = EDGE_CURVE ('', #4490, #4482, #4493, .T.);
#4495 = ORIENTED_EDGE ('', *, *, #4494, .F.);
#4496 = CARTESIAN_POINT ('', (-116., 55.5000000000001, 5.));
#4497 = CARTESIAN_POINT ('', (-116.5, 55.5000000000002, 5.));
#4498 = CARTESIAN_POINT ('', (-116.5, 55., 5.));
#4499 = (
   BOUNDED_CURVE ()
   B_SPLINE_CURVE (2, (#4496, #4497, #4498), .UNSPECIFIED., .F., .U.)
   B_SPLINE_CURVE_WITH_KNOTS ((3, 3), (14., 15.), .UNSPECIFIED.)
   CURVE ()
   GEOMETRIC_REPRESENTATION_ITEM ()
   RATIONAL_B_SPLINE_CURVE ((1., 0.707106781186281, 1.))
   REPRESENTATION_ITEM ('')
);
#4500 = EDGE_CURVE ('', #4445, #4490, #4499, .T.);
#4501 = ORIENTED_EDGE ('', *, *, #4500, .F.);
#4502 = EDGE_LOOP ('', (#4450, #4458, #4465, #4473, #4480, #4488, #4495, #4501));
#4503 = FACE_BOUND ('', #4502, .T.);
#4504 = CARTESIAN_POINT ('', (-131.5, 55.5, 5.));
#4505 = VERTEX_POINT ('', #4504);
#4506 = CARTESIAN_POINT ('', (-144.5, 55.5, 5.));
#4507 = VERTEX_POINT ('', #4506);
#4508 = CARTESIAN_POINT ('', (-131.5, 55.5, 5.));
#4509 = CARTESIAN_POINT ('', (-144.5, 55.5, 5.));
#4510 = B_SPLINE_CURVE_WITH_KNOTS ('', 1, (#4508, #4509), .UNSPECIFIED., .F., .U., (2, 2), (1., 14.), .UNSPECIFIED.);
#4511 = EDGE_CURVE ('', #4505, #4507, #4510, .T.);
#4512 = ORIENTED_EDGE ('', *, *, #4511, .F.);
#4513 = CARTESIAN_POINT ('', (-131., 55., 5.));
#4514 = VERTEX_POINT ('', #4513);
#4515 = CARTESIAN_POINT ('', (-131., 55., 5.));
#4516 = CARTESIAN_POINT ('', (-131., 55.5000000000001, 5.));
#4517 = CARTESIAN_POINT ('', (-131.5, 55.5, 5.));
#4518 = (
   BOUNDED_CURVE ()
   B_SPLINE_CURVE (2, (#4515, #4516, #4517), .UNSPECIFIED., .F., .U.)
   B_SPLINE_CURVE_WITH_KNOTS ((3, 3), (0., 1.), .UNSPECIFIED.)
   CURVE ()
   GEOMETRIC_REPRESENTATION_ITEM ()
   RATIONAL_B_SPLINE_CURVE ((1., 0.707106781186437, 1.))
   REPRESENTATION_ITEM ('')
);
#4519 = EDGE_CURVE ('', #4514, #4505, #4518, .T.);
#4520 = ORIENTED_EDGE ('', *, *, #4519, .F.);
#4521 = CARTESIAN_POINT ('', (-131., 42., 5.));
#4522 = VERTEX_POINT ('', #4521);
#4523 = CARTESIAN_POINT ('', (-131., 42., 5.));
#4524 = CARTESIAN_POINT ('', (-131., 55., 5.));
#4525 = B_SPLINE_CURVE_WITH_KNOTS ('', 1, (#4523, #4524), .UNSPECIFIED., .F., .U., (2, 2), (43., 56.), .UNSPECIFIED.);
#4526 = EDGE_CURVE ('', #4522, #4514, #4525, .T.);
#4527 = ORIENTED_EDGE ('', *, *, #4526, .F.);
#4528 = CARTESIAN_POINT ('', (-131.5, 41.5, 5.));
#4529 = VERTEX_POINT ('', #4528);
#4530 = CARTESIAN_POINT ('', (-131.5, 41.5, 5.));
#4531 = CARTESIAN_POINT ('', (-131., 41.4999999999999, 5.));
#4532 = CARTESIAN_POINT ('', (-131., 42., 5.));
#4533 = (
   BOUNDED_CURVE ()
   B_SPLINE_CURVE (2, (#4530, #4531, #4532), .UNSPECIFIED., .F., .U.)
   B_SPLINE_CURVE_WITH_KNOTS ((3, 3), (42., 43.), .UNSPECIFIED.)
   CURVE ()
   GEOMETRIC_REPRESENTATION_ITEM ()
   RATIONAL_B_SPLINE_CURVE ((1., 0.707106781186437, 1.))
   REPRESENTATION_ITEM ('')
);
#4534 = EDGE_CURVE ('', #4529, #4522, #4533, .T.);
#4535 = ORIENTED_EDGE ('', *, *, #4534, .F.);
#4536 = CARTESIAN_POINT ('', (-144.5, 41.5, 5.));
#4537 = VERTEX_POINT ('', #4536);
#4538 = CARTESIAN_POINT ('', (-144.5, 41.5, 5.));
#4539 = CARTESIAN_POINT ('', (-131.5, 41.5, 5.));
#4540 = B_SPLINE_CURVE_WITH_KNOTS ('', 1, (#4538, #4539), .UNSPECIFIED., .F., .U., (2, 2), (29., 42.), .UNSPECIFIED.);
#4541 = EDGE_CURVE ('', #4537, #4529, #4540, .T.);
#4542 = ORIENTED_EDGE ('', *, *, #4541, .F.);
#4543 = CARTESIAN_POINT ('', (-145., 42., 5.));
#4544 = VERTEX_POINT ('', #4543);
#4545 = CARTESIAN_POINT ('', (-145., 42., 5.));
#4546 = CARTESIAN_POINT ('', (-145., 41.5000000000001, 5.));
#4547 = CARTESIAN_POINT ('', (-144.5, 41.4999999999999, 5.));
#4548 = (
   BOUNDED_CURVE ()
   B_SPLINE_CURVE (2, (#4545, #4546, #4547), .UNSPECIFIED., .F., .U.)
   B_SPLINE_CURVE_WITH_KNOTS ((3, 3), (28., 29.), .UNSPECIFIED.)
   CURVE ()
   GEOMETRIC_REPRESENTATION_ITEM ()
   RATIONAL_B_SPLINE_CURVE ((1., 0.707106781186774, 1.))
   REPRESENTATION_ITEM ('')
);
#4549 = EDGE_CURVE ('', #4544, #4537, #4548, .T.);
#4550 = ORIENTED_EDGE ('', *, *, #4549, .F.);
#4551 = CARTESIAN_POINT ('', (-145., 55., 5.));
#4552 = VERTEX_POINT ('', #4551);
#4553 = CARTESIAN_POINT ('', (-145., 55., 5.));
#4554 = CARTESIAN_POINT ('', (-145., 42., 5.));
#4555 = B_SPLINE_CURVE_WITH_KNOTS ('', 1, (#4553, #4554), .UNSPECIFIED., .F., .U., (2, 2), (15., 28.), .UNSPECIFIED.);
#4556 = EDGE_CURVE ('', #4552, #4544, #4555, .T.);
#4557 = ORIENTED_EDGE ('', *, *, #4556, .F.);
#4558 = CARTESIAN_POINT ('', (-144.5, 55.5000000000001, 5.));
#4559 = CARTESIAN_POINT ('', (-145., 55.5000000000001, 5.));
#4560 = CARTESIAN_POINT ('', (-145., 55., 5.));
#4561 = (
   BOUNDED_CURVE ()
   B_SPLINE_CURVE (2, (#4558, #4559, #4560), .UNSPECIFIED., .F., .U.)
   B_SPLINE_CURVE_WITH_KNOTS ((3, 3), (14., 15.), .UNSPECIFIED.)
   CURVE ()
   GEOMETRIC_REPRESENTATION_ITEM ()
   RATIONAL_B_SPLINE_CURVE ((1., 0.707106781186417, 1.))
   REPRESENTATION_ITEM ('')
);
#4562 = EDGE_CURVE ('', #4507, #4552, #4561, .T.);
#4563 = ORIENTED_EDGE ('', *, *, #4562, .F.);
#4564 = EDGE_LOOP ('', (#4512, #4520, #4527, #4535, #4542, #4550, #4557, #4563));
#4565 = FACE_BOUND ('', #4564, .T.);
#4566 = CARTESIAN_POINT ('', (-168.25, 41.5, 5.));
#4567 = VERTEX_POINT ('', #4566);
#4568 = CARTESIAN_POINT ('', (-155.25, 41.5, 5.));
#4569 = VERTEX_POINT ('', #4568);
#4570 = CARTESIAN_POINT ('', (-168.25, 41.5, 5.));
#4571 = CARTESIAN_POINT ('', (-155.25, 41.5, 5.));
#4572 = B_SPLINE_CURVE_WITH_KNOTS ('', 1, (#4570, #4571), .UNSPECIFIED., .F., .U., (2, 2), (1., 14.), .UNSPECIFIED.);
#4573 = EDGE_CURVE ('', #4567, #4569, #4572, .T.);
#4574 = ORIENTED_EDGE ('', *, *, #4573, .F.);
#4575 = CARTESIAN_POINT ('', (-168.75, 42., 5.));
#4576 = VERTEX_POINT ('', #4575);
#4577 = CARTESIAN_POINT ('', (-168.75, 42., 5.));
#4578 = CARTESIAN_POINT ('', (-168.75, 41.5000000000002, 5.));
#4579 = CARTESIAN_POINT ('', (-168.25, 41.4999999999998, 5.));
#4580 = (
   BOUNDED_CURVE ()
   B_SPLINE_CURVE (2, (#4577, #4578, #4579), .UNSPECIFIED., .F., .U.)
   B_SPLINE_CURVE_WITH_KNOTS ((3, 3), (0., 1.), .UNSPECIFIED.)
   CURVE ()
   GEOMETRIC_REPRESENTATION_ITEM ()
   RATIONAL_B_SPLINE_CURVE ((1., 0.707106781186864, 1.))
   REPRESENTATION_ITEM ('')
);
#4581 = EDGE_CURVE ('', #4576, #4567, #4580, .T.);
#4582 = ORIENTED_EDGE ('', *, *, #4581, .F.);
#4583 = CARTESIAN_POINT ('', (-168.75, 55., 5.));
#4584 = VERTEX_POINT ('', #4583);
#4585 = CARTESIAN_POINT ('', (-168.75, 55., 5.));
#4586 = CARTESIAN_POINT ('', (-168.75, 42., 5.));
#4587 = B_SPLINE_CURVE_WITH_KNOTS ('', 1, (#4585, #4586), .UNSPECIFIED., .F., .U., (2, 2), (43., 56.), .UNSPECIFIED.);
#4588 = EDGE_CURVE ('', #4584, #4576, #4587, .T.);
#4589 = ORIENTED_EDGE ('', *, *, #4588, .F.);
#4590 = CARTESIAN_POINT ('', (-168.25, 55.5, 5.));
#4591 = VERTEX_POINT ('', #4590);
#4592 = CARTESIAN_POINT ('', (-168.25, 55.5000000000001, 5.));
#4593 = CARTESIAN_POINT ('', (-168.75, 55.5000000000001, 5.));
#4594 = CARTESIAN_POINT ('', (-168.75, 55., 5.));
#4595 = (
   BOUNDED_CURVE ()
   B_SPLINE_CURVE (2, (#4592, #4593, #4594), .UNSPECIFIED., .F., .U.)
   B_SPLINE_CURVE_WITH_KNOTS ((3, 3), (42., 43.), .UNSPECIFIED.)
   CURVE ()
   GEOMETRIC_REPRESENTATION_ITEM ()
   RATIONAL_B_SPLINE_CURVE ((1., 0.707106781186392, 1.))
   REPRESENTATION_ITEM ('')
);
#4596 = EDGE_CURVE ('', #4591, #4584, #4595, .T.);
#4597 = ORIENTED_EDGE ('', *, *, #4596, .F.);
#4598 = CARTESIAN_POINT ('', (-155.25, 55.5, 5.));
#4599 = VERTEX_POINT ('', #4598);
#4600 = CARTESIAN_POINT ('', (-155.25, 55.5, 5.));
#4601 = CARTESIAN_POINT ('', (-168.25, 55.5, 5.));
#4602 = B_SPLINE_CURVE_WITH_KNOTS ('', 1, (#4600, #4601), .UNSPECIFIED., .F., .U., (2, 2), (29., 42.), .UNSPECIFIED.);
#4603 = EDGE_CURVE ('', #4599, #4591, #4602, .T.);
#4604 = ORIENTED_EDGE ('', *, *, #4603, .F.);
#4605 = CARTESIAN_POINT ('', (-154.75, 55., 5.));
#4606 = VERTEX_POINT ('', #4605);
#4607 = CARTESIAN_POINT ('', (-154.75, 55., 5.));
#4608 = CARTESIAN_POINT ('', (-154.75, 55.5000000000002, 5.));
#4609 = CARTESIAN_POINT ('', (-155.25, 55.4999999999997, 5.));
#4610 = (
   BOUNDED_CURVE ()
   B_SPLINE_CURVE (2, (#4607, #4608, #4609), .UNSPECIFIED., .F., .U.)
   B_SPLINE_CURVE_WITH_KNOTS ((3, 3), (28., 29.), .UNSPECIFIED.)
   CURVE ()
   GEOMETRIC_REPRESENTATION_ITEM ()
   RATIONAL_B_SPLINE_CURVE ((1., 0.707106781186095, 1.))
   REPRESENTATION_ITEM ('')
);
#4611 = EDGE_CURVE ('', #4606, #4599, #4610, .T.);
#4612 = ORIENTED_EDGE ('', *, *, #4611, .F.);
#4613 = CARTESIAN_POINT ('', (-154.75, 42., 5.));
#4614 = VERTEX_POINT ('', #4613);
#4615 = CARTESIAN_POINT ('', (-154.75, 42., 5.));
#4616 = CARTESIAN_POINT ('', (-154.75, 55., 5.));
#4617 = B_SPLINE_CURVE_WITH_KNOTS ('', 1, (#4615, #4616), .UNSPECIFIED., .F., .U., (2, 2), (15., 28.), .UNSPECIFIED.);
#4618 = EDGE_CURVE ('', #4614, #4606, #4617, .T.);
#4619 = ORIENTED_EDGE ('', *, *, #4618, .F.);
#4620 = CARTESIAN_POINT ('', (-155.25, 41.5, 5.));
#4621 = CARTESIAN_POINT ('', (-154.75, 41.4999999999999, 5.));
#4622 = CARTESIAN_POINT ('', (-154.75, 42., 5.));
#4623 = (
   BOUNDED_CURVE ()
   B_SPLINE_CURVE (2, (#4620, #4621, #4622), .UNSPECIFIED., .F., .U.)
   B_SPLINE_CURVE_WITH_KNOTS ((3, 3), (14., 15.), .UNSPECIFIED.)
   CURVE ()
   GEOMETRIC_REPRESENTATION_ITEM ()
   RATIONAL_B_SPLINE_CURVE ((1., 0.707106781186462, 1.))
   REPRESENTATION_ITEM ('')
);
#4624 = EDGE_CURVE ('', #4569, #4614, #4623, .T.);
#4625 = ORIENTED_EDGE ('', *, *, #4624, .F.);
#4626 = EDGE_LOOP ('', (#4574, #4582, #4589, #4597, #4604, #4612, #4619, #4625));
#4627 = FACE_BOUND ('', #4626, .T.);
#4628 = CARTESIAN_POINT ('', (-55.2544302459539, 58.1802225570445, 5.));
#4629 = VERTEX_POINT ('', #4628);
#4630 = CARTESIAN_POINT ('', (-42.3656470480944, 56.4833820581838, 5.));
#4631 = VERTEX_POINT ('', #4630);
#4632 = CARTESIAN_POINT ('', (-55.2544302459539, 58.1802225570445, 5.));
#4633 = CARTESIAN_POINT ('', (-42.3656470480944, 56.4833820581838, 5.));
#4634 = B_SPLINE_CURVE_WITH_KNOTS ('', 1, (#4632, #4633), .UNSPECIFIED., .F., .U., (2, 2), (1., 14.), .UNSPECIFIED.);
#4635 = EDGE_CURVE ('', #4629, #4631, #4634, .T.);
#4636 = ORIENTED_EDGE ('', *, *, #4635, .F.);
#4637 = CARTESIAN_POINT ('', (-55.6848895805308, 58.7412080838414, 5.));
#4638 = VERTEX_POINT ('', #4637);
#4639 = CARTESIAN_POINT ('', (-55.6848895805308, 58.7412080838415, 5.));
#4640 = CARTESIAN_POINT ('', (-55.7501526766409, 58.2454856531545, 5.));
#4641 = CARTESIAN_POINT ('', (-55.2544302459539, 58.1802225570446, 5.));
#4642 = (
   BOUNDED_CURVE ()
   B_SPLINE_CURVE (2, (#4639, #4640, #4641), .UNSPECIFIED., .F., .U.)
   B_SPLINE_CURVE_WITH_KNOTS ((3, 3), (0., 1.), .UNSPECIFIED.)
   CURVE ()
   GEOMETRIC_REPRESENTATION_ITEM ()
   RATIONAL_B_SPLINE_CURVE ((1., 0.707106781186401, 1.))
   REPRESENTATION_ITEM ('')
);
#4643 = EDGE_CURVE ('', #4638, #4629, #4642, .T.);
#4644 = ORIENTED_EDGE ('', *, *, #4643, .F.);
#4645 = CARTESIAN_POINT ('', (-53.9880490816701, 71.629991281701, 5.));
#4646 = VERTEX_POINT ('', #4645);
#4647 = CARTESIAN_POINT ('', (-53.9880490816701, 71.629991281701, 5.));
#4648 = CARTESIAN_POINT ('', (-55.6848895805308, 58.7412080838414, 5.));
#4649 = B_SPLINE_CURVE_WITH_KNOTS ('', 1, (#4647, #4648), .UNSPECIFIED., .F., .U., (2, 2), (43., 56.), .UNSPECIFIED.);
#4650 = EDGE_CURVE ('', #4646, #4638, #4649, .T.);
#4651 = ORIENTED_EDGE ('', *, *, #4650, .F.);
#4652 = CARTESIAN_POINT ('', (-53.4270635548732, 72.0604506162778, 5.));
#4653 = VERTEX_POINT ('', #4652);
#4654 = CARTESIAN_POINT ('', (-53.4270635548732, 72.0604506162778, 5.));
#4655 = CARTESIAN_POINT ('', (-53.92278598556, 72.1257137123878, 5.));
#4656 = CARTESIAN_POINT ('', (-53.9880490816702, 71.629991281701, 5.));
#4657 = (
   BOUNDED_CURVE ()
   B_SPLINE_CURVE (2, (#4654, #4655, #4656), .UNSPECIFIED., .F., .U.)
   B_SPLINE_CURVE_WITH_KNOTS ((3, 3), (42., 43.), .UNSPECIFIED.)
   CURVE ()
   GEOMETRIC_REPRESENTATION_ITEM ()
   RATIONAL_B_SPLINE_CURVE ((1., 0.707106781186701, 1.))
   REPRESENTATION_ITEM ('')
);
#4658 = EDGE_CURVE ('', #4653, #4646, #4657, .T.);
#4659 = ORIENTED_EDGE ('', *, *, #4658, .F.);
#4660 = CARTESIAN_POINT ('', (-40.5382803570137, 70.3636101174172, 5.));
#4661 = VERTEX_POINT ('', #4660);
#4662 = CARTESIAN_POINT ('', (-40.5382803570137, 70.3636101174172, 5.));
#4663 = CARTESIAN_POINT ('', (-53.4270635548732, 72.0604506162778, 5.));
#4664 = B_SPLINE_CURVE_WITH_KNOTS ('', 1, (#4662, #4663), .UNSPECIFIED., .F., .U., (2, 2), (29., 42.), .UNSPECIFIED.);
#4665 = EDGE_CURVE ('', #4661, #4653, #4664, .T.);
#4666 = ORIENTED_EDGE ('', *, *, #4665, .F.);
#4667 = CARTESIAN_POINT ('', (-40.1078210224368, 69.8026245906202, 5.));
#4668 = VERTEX_POINT ('', #4667);
#4669 = CARTESIAN_POINT ('', (-40.1078210224369, 69.8026245906202, 5.));
#4670 = CARTESIAN_POINT ('', (-40.0425579263269, 70.298347021307, 5.));
#4671 = CARTESIAN_POINT ('', (-40.5382803570136, 70.3636101174173, 5.));
#4672 = (
   BOUNDED_CURVE ()
   B_SPLINE_CURVE (2, (#4669, #4670, #4671), .UNSPECIFIED., .F., .U.)
   B_SPLINE_CURVE_WITH_KNOTS ((3, 3), (28., 29.), .UNSPECIFIED.)
   CURVE ()
   GEOMETRIC_REPRESENTATION_ITEM ()
   RATIONAL_B_SPLINE_CURVE ((1., 0.707106781186801, 1.))
   REPRESENTATION_ITEM ('')
);
#4673 = EDGE_CURVE ('', #4668, #4661, #4672, .T.);
#4674 = ORIENTED_EDGE ('', *, *, #4673, .F.);
#4675 = CARTESIAN_POINT ('', (-41.8046615212975, 56.9138413927607, 5.));
#4676 = VERTEX_POINT ('', #4675);
#4677 = CARTESIAN_POINT ('', (-41.8046615212975, 56.9138413927607, 5.));
#4678 = CARTESIAN_POINT ('', (-40.1078210224368, 69.8026245906202, 5.));
#4679 = B_SPLINE_CURVE_WITH_KNOTS ('', 1, (#4677, #4678), .UNSPECIFIED., .F., .U., (2, 2), (15., 28.), .UNSPECIFIED.);
#4680 = EDGE_CURVE ('', #4676, #4668, #4679, .T.);
#4681 = ORIENTED_EDGE ('', *, *, #4680, .F.);
#4682 = CARTESIAN_POINT ('', (-42.3656470480944, 56.4833820581837, 5.));
#4683 = CARTESIAN_POINT ('', (-41.8699246174073, 56.4181189620736, 5.));
#4684 = CARTESIAN_POINT ('', (-41.8046615212976, 56.9138413927607, 5.));
#4685 = (
   BOUNDED_CURVE ()
   B_SPLINE_CURVE (2, (#4682, #4683, #4684), .UNSPECIFIED., .F., .U.)
   B_SPLINE_CURVE_WITH_KNOTS ((3, 3), (14., 15.), .UNSPECIFIED.)
   CURVE ()
   GEOMETRIC_REPRESENTATION_ITEM ()
   RATIONAL_B_SPLINE_CURVE ((1., 0.707106781186255, 1.))
   REPRESENTATION_ITEM ('')
);
#4686 = EDGE_CURVE ('', #4631, #4676, #4685, .T.);
#4687 = ORIENTED_EDGE ('', *, *, #4686, .F.);
#4688 = EDGE_LOOP ('', (#4636, #4644, #4651, #4659, #4666, #4674, #4681, #4687));
#4689 = FACE_BOUND ('', #4688, .T.);
#4690 = CARTESIAN_POINT ('', (-73.81497249436, 59.788839358835, 5.));
#4691 = VERTEX_POINT ('', #4690);
#4692 = CARTESIAN_POINT ('', (-60.8550471558293, 58.768871114373, 5.));
#4693 = VERTEX_POINT ('', #4692);
#4694 = CARTESIAN_POINT ('', (-73.81497249436, 59.788839358835, 5.));
#4695 = CARTESIAN_POINT ('', (-60.8550471558293, 58.768871114373, 5.));
#4696 = B_SPLINE_CURVE_WITH_KNOTS ('', 1, (#4694, #4695), .UNSPECIFIED., .F., .U., (2, 2), (1., 14.), .UNSPECIFIED.);
#4697 = EDGE_CURVE ('', #4691, #4693, #4696, .T.);
#4698 = ORIENTED_EDGE ('', *, *, #4697, .F.);
#4699 = CARTESIAN_POINT ('', (-74.2742016133626, 60.3265275735655, 5.));
#4700 = VERTEX_POINT ('', #4699);
#4701 = CARTESIAN_POINT ('', (-74.2742016133627, 60.3265275735655, 5.));
#4702 = CARTESIAN_POINT ('', (-74.3134311612268, 59.8280689066987, 5.));
#4703 = CARTESIAN_POINT ('', (-73.8149724943599, 59.7888393588353, 5.));
#4704 = (
   BOUNDED_CURVE ()
   B_SPLINE_CURVE (2, (#4701, #4702, #4703), .UNSPECIFIED., .F., .U.)
   B_SPLINE_CURVE_WITH_KNOTS ((3, 3), (0., 1.), .UNSPECIFIED.)
   CURVE ()
   GEOMETRIC_REPRESENTATION_ITEM ()
   RATIONAL_B_SPLINE_CURVE ((1., 0.707106781186101, 1.))
   REPRESENTATION_ITEM ('')
);
#4705 = EDGE_CURVE ('', #4700, #4691, #4704, .T.);
#4706 = ORIENTED_EDGE ('', *, *, #4705, .F.);
#4707 = CARTESIAN_POINT ('', (-73.2542333689006, 73.2864529120961, 5.));
#4708 = VERTEX_POINT ('', #4707);
#4709 = CARTESIAN_POINT ('', (-73.2542333689006, 73.2864529120961, 5.));
#4710 = CARTESIAN_POINT ('', (-74.2742016133626, 60.3265275735655, 5.));
#4711 = B_SPLINE_CURVE_WITH_KNOTS ('', 1, (#4709, #4710), .UNSPECIFIED., .F., .U., (2, 2), (43., 56.), .UNSPECIFIED.);
#4712 = EDGE_CURVE ('', #4708, #4700, #4711, .T.);
#4713 = ORIENTED_EDGE ('', *, *, #4712, .F.);
#4714 = CARTESIAN_POINT ('', (-72.7165451541701, 73.7456820310988, 5.));
#4715 = VERTEX_POINT ('', #4714);
#4716 = CARTESIAN_POINT ('', (-72.7165451541701, 73.7456820310987, 5.));
#4717 = CARTESIAN_POINT ('', (-73.2150038210366, 73.7849115789626, 5.));
#4718 = CARTESIAN_POINT ('', (-73.2542333689007, 73.2864529120962, 5.));
#4719 = (
   BOUNDED_CURVE ()
   B_SPLINE_CURVE (2, (#4716, #4717, #4718), .UNSPECIFIED., .F., .U.)
   B_SPLINE_CURVE_WITH_KNOTS ((3, 3), (42., 43.), .UNSPECIFIED.)
   CURVE ()
   GEOMETRIC_REPRESENTATION_ITEM ()
   RATIONAL_B_SPLINE_CURVE ((1., 0.707106781186708, 1.))
   REPRESENTATION_ITEM ('')
);
#4720 = EDGE_CURVE ('', #4715, #4708, #4719, .T.);
#4721 = ORIENTED_EDGE ('', *, *, #4720, .F.);
#4722 = CARTESIAN_POINT ('', (-59.7566198156395, 72.7257137866368, 5.));
#4723 = VERTEX_POINT ('', #4722);
#4724 = CARTESIAN_POINT ('', (-59.7566198156395, 72.7257137866368, 5.));
#4725 = CARTESIAN_POINT ('', (-72.7165451541701, 73.7456820310988, 5.));
#4726 = B_SPLINE_CURVE_WITH_KNOTS ('', 1, (#4724, #4725), .UNSPECIFIED., .F., .U., (2, 2), (29., 42.), .UNSPECIFIED.);
#4727 = EDGE_CURVE ('', #4723, #4715, #4726, .T.);
#4728 = ORIENTED_EDGE ('', *, *, #4727, .F.);
#4729 = CARTESIAN_POINT ('', (-59.2973906966368, 72.1880255719063, 5.));
#4730 = VERTEX_POINT ('', #4729);
#4731 = CARTESIAN_POINT ('', (-59.2973906966368, 72.1880255719063, 5.));
#4732 = CARTESIAN_POINT ('', (-59.2581611487729, 72.6864842387728, 5.));
#4733 = CARTESIAN_POINT ('', (-59.7566198156395, 72.7257137866367, 5.));
#4734 = (
   BOUNDED_CURVE ()
   B_SPLINE_CURVE (2, (#4731, #4732, #4733), .UNSPECIFIED., .F., .U.)
   B_SPLINE_CURVE_WITH_KNOTS ((3, 3), (28., 29.), .UNSPECIFIED.)
   CURVE ()
   GEOMETRIC_REPRESENTATION_ITEM ()
   RATIONAL_B_SPLINE_CURVE ((1., 0.707106781186541, 1.))
   REPRESENTATION_ITEM ('')
);
#4735 = EDGE_CURVE ('', #4730, #4723, #4734, .T.);
#4736 = ORIENTED_EDGE ('', *, *, #4735, .F.);
#4737 = CARTESIAN_POINT ('', (-60.3173589410988, 59.2281002333756, 5.));
#4738 = VERTEX_POINT ('', #4737);
#4739 = CARTESIAN_POINT ('', (-60.3173589410988, 59.2281002333756, 5.));
#4740 = CARTESIAN_POINT ('', (-59.2973906966368, 72.1880255719063, 5.));
#4741 = B_SPLINE_CURVE_WITH_KNOTS ('', 1, (#4739, #4740), .UNSPECIFIED., .F., .U., (2, 2), (15., 28.), .UNSPECIFIED.);
#4742 = EDGE_CURVE ('', #4738, #4730, #4741, .T.);
#4743 = ORIENTED_EDGE ('', *, *, #4742, .F.);
#4744 = CARTESIAN_POINT ('', (-60.8550471558293, 58.768871114373, 5.));
#4745 = CARTESIAN_POINT ('', (-60.3565884889628, 58.7296415665091, 5.));
#4746 = CARTESIAN_POINT ('', (-60.3173589410988, 59.2281002333756, 5.));
#4747 = (
   BOUNDED_CURVE ()
   B_SPLINE_CURVE (2, (#4744, #4745, #4746), .UNSPECIFIED., .F., .U.)
   B_SPLINE_CURVE_WITH_KNOTS ((3, 3), (14., 15.), .UNSPECIFIED.)
   CURVE ()
   GEOMETRIC_REPRESENTATION_ITEM ()
   RATIONAL_B_SPLINE_CURVE ((1., 0.707106781186564, 1.))
   REPRESENTATION_ITEM ('')
);
#4748 = EDGE_CURVE ('', #4693, #4738, #4747, .T.);
#4749 = ORIENTED_EDGE ('', *, *, #4748, .F.);
#4750 = EDGE_LOOP ('', (#4698, #4706, #4713, #4721, #4728, #4736, #4743, #4749));
#4751 = FACE_BOUND ('', #4750, .T.);
#4752 = CARTESIAN_POINT ('', (-92.4342666632285, 60.4238678802475, 5.));
#4753 = VERTEX_POINT ('', #4752);
#4754 = CARTESIAN_POINT ('', (-79.4387214385462, 60.0835675522451, 5.));
#4755 = VERTEX_POINT ('', #4754);
#4756 = CARTESIAN_POINT ('', (-92.4342666632285, 60.4238678802475, 5.));
#4757 = CARTESIAN_POINT ('', (-79.4387214385462, 60.0835675522451, 5.));
#4758 = B_SPLINE_CURVE_WITH_KNOTS ('', 1, (#4756, #4757), .UNSPECIFIED., .F., .U., (2, 2), (1., 14.), .UNSPECIFIED.);
#4759 = EDGE_CURVE ('', #4753, #4755, #4758, .T.);
#4760 = ORIENTED_EDGE ('', *, *, #4759, .F.);
#4761 = CARTESIAN_POINT ('', (-92.9210068515623, 60.9367850168892, 5.));
#4762 = VERTEX_POINT ('', #4761);
#4763 = CARTESIAN_POINT ('', (-92.9210068515624, 60.9367850168892, 5.));
#4764 = CARTESIAN_POINT ('', (-92.9340953257165, 60.4369563544011, 5.));
#4765 = CARTESIAN_POINT ('', (-92.4342666632284, 60.4238678802478, 5.));
#4766 = (
   BOUNDED_CURVE ()
   B_SPLINE_CURVE (2, (#4763, #4764, #4765), .UNSPECIFIED., .F., .U.)
   B_SPLINE_CURVE_WITH_KNOTS ((3, 3), (0., 1.), .UNSPECIFIED.)
   CURVE ()
   GEOMETRIC_REPRESENTATION_ITEM ()
   RATIONAL_B_SPLINE_CURVE ((1., 0.707106781186026, 1.))
   REPRESENTATION_ITEM ('')
);
#4767 = EDGE_CURVE ('', #4762, #4753, #4766, .T.);
#4768 = ORIENTED_EDGE ('', *, *, #4767, .F.);
#4769 = CARTESIAN_POINT ('', (-92.5807065235599, 73.9323302415714, 5.));
#4770 = VERTEX_POINT ('', #4769);
#4771 = CARTESIAN_POINT ('', (-92.5807065235599, 73.9323302415714, 5.));
#4772 = CARTESIAN_POINT ('', (-92.9210068515623, 60.9367850168892, 5.));
#4773 = B_SPLINE_CURVE_WITH_KNOTS ('', 1, (#4771, #4772), .UNSPECIFIED., .F., .U., (2, 2), (43., 56.0000000000001), .UNSPECIFIED.);
#4774 = EDGE_CURVE ('', #4770, #4762, #4773, .T.);
#4775 = ORIENTED_EDGE ('', *, *, #4774, .F.);
#4776 = CARTESIAN_POINT ('', (-92.0677893869182, 74.4190704299053, 5.));
#4777 = VERTEX_POINT ('', #4776);
#4778 = CARTESIAN_POINT ('', (-92.0677893869182, 74.4190704299053, 5.));
#4779 = CARTESIAN_POINT ('', (-92.5676180494061, 74.4321589040592, 5.));
#4780 = CARTESIAN_POINT ('', (-92.5807065235599, 73.9323302415714, 5.));
#4781 = (
   BOUNDED_CURVE ()
   B_SPLINE_CURVE (2, (#4778, #4779, #4780), .UNSPECIFIED., .F., .U.)
   B_SPLINE_CURVE_WITH_KNOTS ((3, 3), (42., 43.), .UNSPECIFIED.)
   CURVE ()
   GEOMETRIC_REPRESENTATION_ITEM ()
   RATIONAL_B_SPLINE_CURVE ((1., 0.707106781186476, 1.))
   REPRESENTATION_ITEM ('')
);
#4782 = EDGE_CURVE ('', #4777, #4770, #4781, .T.);
#4783 = ORIENTED_EDGE ('', *, *, #4782, .F.);
#4784 = CARTESIAN_POINT ('', (-79.072244162236, 74.0787701019029, 5.));
#4785 = VERTEX_POINT ('', #4784);
#4786 = CARTESIAN_POINT ('', (-79.072244162236, 74.0787701019029, 5.));
#4787 = CARTESIAN_POINT ('', (-92.0677893869182, 74.4190704299053, 5.));
#4788 = B_SPLINE_CURVE_WITH_KNOTS ('', 1, (#4786, #4787), .UNSPECIFIED., .F., .U., (2, 2), (29., 42.), .UNSPECIFIED.);
#4789 = EDGE_CURVE ('', #4785, #4777, #4788, .T.);
#4790 = ORIENTED_EDGE ('', *, *, #4789, .F.);
#4791 = CARTESIAN_POINT ('', (-78.5855039739021, 73.5658529652612, 5.));
#4792 = VERTEX_POINT ('', #4791);
#4793 = CARTESIAN_POINT ('', (-78.585503973902, 73.5658529652612, 5.));
#4794 = CARTESIAN_POINT ('', (-78.572415499748, 74.0656816277492, 5.));
#4795 = CARTESIAN_POINT ('', (-79.072244162236, 74.0787701019026, 5.));
#4796 = (
   BOUNDED_CURVE ()
   B_SPLINE_CURVE (2, (#4793, #4794, #4795), .UNSPECIFIED., .F., .U.)
   B_SPLINE_CURVE_WITH_KNOTS ((3, 3), (28., 29.), .UNSPECIFIED.)
   CURVE ()
   GEOMETRIC_REPRESENTATION_ITEM ()
   RATIONAL_B_SPLINE_CURVE ((1., 0.707106781186097, 1.))
   REPRESENTATION_ITEM ('')
);
#4797 = EDGE_CURVE ('', #4792, #4785, #4796, .T.);
#4798 = ORIENTED_EDGE ('', *, *, #4797, .F.);
#4799 = CARTESIAN_POINT ('', (-78.9258043019045, 60.570307740579, 5.));
#4800 = VERTEX_POINT ('', #4799);
#4801 = CARTESIAN_POINT ('', (-78.9258043019045, 60.570307740579, 5.));
#4802 = CARTESIAN_POINT ('', (-78.5855039739021, 73.5658529652612, 5.));
#4803 = B_SPLINE_CURVE_WITH_KNOTS ('', 1, (#4801, #4802), .UNSPECIFIED., .F., .U., (2, 2), (15., 28.), .UNSPECIFIED.);
#4804 = EDGE_CURVE ('', #4800, #4792, #4803, .T.);
#4805 = ORIENTED_EDGE ('', *, *, #4804, .F.);
#4806 = CARTESIAN_POINT ('', (-79.4387214385462, 60.0835675522452, 5.));
#4807 = CARTESIAN_POINT ('', (-78.9388927760586, 60.0704790780913, 5.));
#4808 = CARTESIAN_POINT ('', (-78.9258043019043, 60.5703077405789, 5.));
#4809 = (
   BOUNDED_CURVE ()
   B_SPLINE_CURVE (2, (#4806, #4807, #4808), .UNSPECIFIED., .F., .U.)
   B_SPLINE_CURVE_WITH_KNOTS ((3, 3), (14., 15.), .UNSPECIFIED.)
   CURVE ()
   GEOMETRIC_REPRESENTATION_ITEM ()
   RATIONAL_B_SPLINE_CURVE ((1., 0.707106781186798, 1.))
   REPRESENTATION_ITEM ('')
);
#4810 = EDGE_CURVE ('', #4755, #4800, #4809, .T.);
#4811 = ORIENTED_EDGE ('', *, *, #4810, .F.);
#4812 = EDGE_LOOP ('', (#4760, #4768, #4775, #4783, #4790, #4798, #4805, #4811));
#4813 = FACE_BOUND ('', #4812, .T.);
#4814 = CARTESIAN_POINT ('', (-111.25, 60.5, 5.));
#4815 = VERTEX_POINT ('', #4814);
#4816 = CARTESIAN_POINT ('', (-98.25, 60.5, 5.));
#4817 = VERTEX_POINT ('', #4816);
#4818 = CARTESIAN_POINT ('', (-111.25, 60.5, 5.));
#4819 = CARTESIAN_POINT ('', (-98.25, 60.5, 5.));
#4820 = B_SPLINE_CURVE_WITH_KNOTS ('', 1, (#4818, #4819), .UNSPECIFIED., .F., .U., (2, 2), (1., 14.), .UNSPECIFIED.);
#4821 = EDGE_CURVE ('', #4815, #4817, #4820, .T.);
#4822 = ORIENTED_EDGE ('', *, *, #4821, .F.);
#4823 = CARTESIAN_POINT ('', (-111.75, 61., 5.));
#4824 = VERTEX_POINT ('', #4823);
#4825 = CARTESIAN_POINT ('', (-111.75, 61., 5.));
#4826 = CARTESIAN_POINT ('', (-111.75, 60.5, 5.));
#4827 = CARTESIAN_POINT ('', (-111.25, 60.5, 5.));
#4828 = (
   BOUNDED_CURVE ()
   B_SPLINE_CURVE (2, (#4825, #4826, #4827), .UNSPECIFIED., .F., .U.)
   B_SPLINE_CURVE_WITH_KNOTS ((3, 3), (0., 1.), .UNSPECIFIED.)
   CURVE ()
   GEOMETRIC_REPRESENTATION_ITEM ()
   RATIONAL_B_SPLINE_CURVE ((1., 0.707106781186578, 1.))
   REPRESENTATION_ITEM ('')
);
#4829 = EDGE_CURVE ('', #4824, #4815, #4828, .T.);
#4830 = ORIENTED_EDGE ('', *, *, #4829, .F.);
#4831 = CARTESIAN_POINT ('', (-111.75, 74., 5.));
#4832 = VERTEX_POINT ('', #4831);
#4833 = CARTESIAN_POINT ('', (-111.75, 74., 5.));
#4834 = CARTESIAN_POINT ('', (-111.75, 61., 5.));
#4835 = B_SPLINE_CURVE_WITH_KNOTS ('', 1, (#4833, #4834), .UNSPECIFIED., .F., .U., (2, 2), (43., 56.), .UNSPECIFIED.);
#4836 = EDGE_CURVE ('', #4832, #4824, #4835, .T.);
#4837 = ORIENTED_EDGE ('', *, *, #4836, .F.);
#4838 = CARTESIAN_POINT ('', (-111.25, 74.5, 5.));
#4839 = VERTEX_POINT ('', #4838);
#4840 = CARTESIAN_POINT ('', (-111.25, 74.5000000000003, 5.));
#4841 = CARTESIAN_POINT ('', (-111.75, 74.5000000000005, 5.));
#4842 = CARTESIAN_POINT ('', (-111.749999999999, 74., 5.));
#4843 = (
   BOUNDED_CURVE ()
   B_SPLINE_CURVE (2, (#4840, #4841, #4842), .UNSPECIFIED., .F., .U.)
   B_SPLINE_CURVE_WITH_KNOTS ((3, 3), (42., 43.), .UNSPECIFIED.)
   CURVE ()
   GEOMETRIC_REPRESENTATION_ITEM ()
   RATIONAL_B_SPLINE_CURVE ((1., 0.707106781185643, 1.))
   REPRESENTATION_ITEM ('')
);
#4844 = EDGE_CURVE ('', #4839, #4832, #4843, .T.);
#4845 = ORIENTED_EDGE ('', *, *, #4844, .F.);
#4846 = CARTESIAN_POINT ('', (-98.25, 74.5, 5.));
#4847 = VERTEX_POINT ('', #4846);
#4848 = CARTESIAN_POINT ('', (-98.25, 74.5, 5.));
#4849 = CARTESIAN_POINT ('', (-111.25, 74.5, 5.));
#4850 = B_SPLINE_CURVE_WITH_KNOTS ('', 1, (#4848, #4849), .UNSPECIFIED., .F., .U., (2, 2), (29., 42.), .UNSPECIFIED.);
#4851 = EDGE_CURVE ('', #4847, #4839, #4850, .T.);
#4852 = ORIENTED_EDGE ('', *, *, #4851, .F.);
#4853 = CARTESIAN_POINT ('', (-97.75, 74., 5.));
#4854 = VERTEX_POINT ('', #4853);
#4855 = CARTESIAN_POINT ('', (-97.7500000000001, 74., 5.));
#4856 = CARTESIAN_POINT ('', (-97.7500000000002, 74.4999999999999, 5.));
#4857 = CARTESIAN_POINT ('', (-98.25, 74.5000000000002, 5.));
#4858 = (
   BOUNDED_CURVE ()
   B_SPLINE_CURVE (2, (#4855, #4856, #4857), .UNSPECIFIED., .F., .U.)
   B_SPLINE_CURVE_WITH_KNOTS ((3, 3), (28., 29.), .UNSPECIFIED.)
   CURVE ()
   GEOMETRIC_REPRESENTATION_ITEM ()
   RATIONAL_B_SPLINE_CURVE ((1., 0.707106781186819, 1.))
   REPRESENTATION_ITEM ('')
);
#4859 = EDGE_CURVE ('', #4854, #4847, #4858, .T.);
#4860 = ORIENTED_EDGE ('', *, *, #4859, .F.);
#4861 = CARTESIAN_POINT ('', (-97.75, 61., 5.));
#4862 = VERTEX_POINT ('', #4861);
#4863 = CARTESIAN_POINT ('', (-97.75, 61., 5.));
#4864 = CARTESIAN_POINT ('', (-97.75, 74., 5.));
#4865 = B_SPLINE_CURVE_WITH_KNOTS ('', 1, (#4863, #4864), .UNSPECIFIED., .F., .U., (2, 2), (15., 28.), .UNSPECIFIED.);
#4866 = EDGE_CURVE ('', #4862, #4854, #4865, .T.);
#4867 = ORIENTED_EDGE ('', *, *, #4866, .F.);
#4868 = CARTESIAN_POINT ('', (-98.25, 60.5, 5.));
#4869 = CARTESIAN_POINT ('', (-97.75, 60.5, 5.));
#4870 = CARTESIAN_POINT ('', (-97.7499999999999, 61., 5.));
#4871 = (
   BOUNDED_CURVE ()
   B_SPLINE_CURVE (2, (#4868, #4869, #4870), .UNSPECIFIED., .F., .U.)
   B_SPLINE_CURVE_WITH_KNOTS ((3, 3), (14., 15.), .UNSPECIFIED.)
   CURVE ()
   GEOMETRIC_REPRESENTATION_ITEM ()
   RATIONAL_B_SPLINE_CURVE ((1., 0.707106781186658, 1.))
   REPRESENTATION_ITEM ('')
);
#4872 = EDGE_CURVE ('', #4817, #4862, #4871, .T.);
#4873 = ORIENTED_EDGE ('', *, *, #4872, .F.);
#4874 = EDGE_LOOP ('', (#4822, #4830, #4837, #4845, #4852, #4860, #4867, #4873));
#4875 = FACE_BOUND ('', #4874, .T.);
#4876 = CARTESIAN_POINT ('', (-117.25, 74.5, 5.));
#4877 = VERTEX_POINT ('', #4876);
#4878 = CARTESIAN_POINT ('', (-151.625, 74.5, 5.));
#4879 = VERTEX_POINT ('', #4878);
#4880 = CARTESIAN_POINT ('', (-117.25, 74.5, 5.));
#4881 = CARTESIAN_POINT ('', (-151.625, 74.5, 5.));
#4882 = B_SPLINE_CURVE_WITH_KNOTS ('', 1, (#4880, #4881), .UNSPECIFIED., .F., .U., (2, 2), (54.2843915343915, 88.6593915343915), .UNSPECIFIED.);
#4883 = EDGE_CURVE ('', #4877, #4879, #4882, .T.);
#4884 = ORIENTED_EDGE ('', *, *, #4883, .F.);
#4885 = CARTESIAN_POINT ('', (-116.75, 74., 5.));
#4886 = VERTEX_POINT ('', #4885);
#4887 = CARTESIAN_POINT ('', (-116.75, 74., 5.));
#4888 = CARTESIAN_POINT ('', (-116.75, 74.5000000000002, 5.));
#4889 = CARTESIAN_POINT ('', (-117.25, 74.4999999999997, 5.));
#4890 = (
   BOUNDED_CURVE ()
   B_SPLINE_CURVE (2, (#4887, #4888, #4889), .UNSPECIFIED., .F., .U.)
   B_SPLINE_CURVE_WITH_KNOTS ((3, 3), (53.2843915343915, 54.2843915343915), .UNSPECIFIED.)
   CURVE ()
   GEOMETRIC_REPRESENTATION_ITEM ()
   RATIONAL_B_SPLINE_CURVE ((1., 0.707106781186125, 1.))
   REPRESENTATION_ITEM ('')
);
#4891 = EDGE_CURVE ('', #4886, #4877, #4890, .T.);
#4892 = ORIENTED_EDGE ('', *, *, #4891, .F.);
#4893 = CARTESIAN_POINT ('', (-116.75, 61., 5.));
#4894 = VERTEX_POINT ('', #4893);
#4895 = CARTESIAN_POINT ('', (-116.75, 61., 5.));
#4896 = CARTESIAN_POINT ('', (-116.75, 74., 5.));
#4897 = B_SPLINE_CURVE_WITH_KNOTS ('', 1, (#4895, #4896), .UNSPECIFIED., .F., .U., (2, 2), (40.2843915343915, 53.2843915343915), .UNSPECIFIED.);
#4898 = EDGE_CURVE ('', #4894, #4886, #4897, .T.);
#4899 = ORIENTED_EDGE ('', *, *, #4898, .F.);
#4900 = CARTESIAN_POINT ('', (-117.25, 60.5, 5.));
#4901 = VERTEX_POINT ('', #4900);
#4902 = CARTESIAN_POINT ('', (-117.25, 60.5000000000002, 5.));
#4903 = CARTESIAN_POINT ('', (-116.75, 60.5000000000003, 5.));
#4904 = CARTESIAN_POINT ('', (-116.75, 61., 5.));
#4905 = (
   BOUNDED_CURVE ()
   B_SPLINE_CURVE (2, (#4902, #4903, #4904), .UNSPECIFIED., .F., .U.)
   B_SPLINE_CURVE_WITH_KNOTS ((3, 3), (39.2843915343915, 40.2843915343915), .UNSPECIFIED.)
   CURVE ()
   GEOMETRIC_REPRESENTATION_ITEM ()
   RATIONAL_B_SPLINE_CURVE ((1., 0.707106781187191, 1.))
   REPRESENTATION_ITEM ('')
);
#4906 = EDGE_CURVE ('', #4901, #4894, #4905, .T.);
#4907 = ORIENTED_EDGE ('', *, *, #4906, .F.);
#4908 = CARTESIAN_POINT ('', (-120.125, 60.5000000000001, 5.));
#4909 = VERTEX_POINT ('', #4908);
#4910 = CARTESIAN_POINT ('', (-120.125, 60.5000000000001, 5.));
#4911 = CARTESIAN_POINT ('', (-117.25, 60.5, 5.));
#4912 = B_SPLINE_CURVE_WITH_KNOTS ('', 1, (#4910, #4911), .UNSPECIFIED., .F., .U., (2, 2), (36.1964285714286, 39.2843915343915), .UNSPECIFIED.);
#4913 = EDGE_CURVE ('', #4909, #4901, #4912, .T.);
#4914 = ORIENTED_EDGE ('', *, *, #4913, .F.);
#4915 = CARTESIAN_POINT ('', (-120.125, 59.9999999999999, 5.));
#4916 = VERTEX_POINT ('', #4915);
#4917 = CARTESIAN_POINT ('', (-120.125, 59.9999999999999, 5.));
#4918 = CARTESIAN_POINT ('', (-120.125, 60.5000000000001, 5.));
#4919 = B_SPLINE_CURVE_WITH_KNOTS ('', 1, (#4917, #4918), .UNSPECIFIED., .F., .U., (2, 2), (35.6964285714284, 36.1964285714286), .UNSPECIFIED.);
#4920 = EDGE_CURVE ('', #4916, #4909, #4919, .T.);
#4921 = ORIENTED_EDGE ('', *, *, #4920, .F.);
#4922 = CARTESIAN_POINT ('', (-120.625, 59.5, 5.));
#4923 = VERTEX_POINT ('', #4922);
#4924 = CARTESIAN_POINT ('', (-120.625, 59.5, 5.));
#4925 = CARTESIAN_POINT ('', (-120.125, 59.5000000000001, 5.));
#4926 = CARTESIAN_POINT ('', (-120.125, 59.9999999999999, 5.));
#4927 = (
   BOUNDED_CURVE ()
   B_SPLINE_CURVE (2, (#4924, #4925, #4926), .UNSPECIFIED., .F., .U.)
   B_SPLINE_CURVE_WITH_KNOTS ((3, 3), (34.6964285714284, 35.6964285714284), .UNSPECIFIED.)
   CURVE ()
   GEOMETRIC_REPRESENTATION_ITEM ()
   RATIONAL_B_SPLINE_CURVE ((1., 0.707106781186733, 1.))
   REPRESENTATION_ITEM ('')
);
#4928 = EDGE_CURVE ('', #4923, #4916, #4927, .T.);
#4929 = ORIENTED_EDGE ('', *, *, #4928, .F.);
#4930 = CARTESIAN_POINT ('', (-126.625, 59.5, 5.));
#4931 = VERTEX_POINT ('', #4930);
#4932 = CARTESIAN_POINT ('', (-126.625, 59.5, 5.));
#4933 = CARTESIAN_POINT ('', (-120.625, 59.5, 5.));
#4934 = B_SPLINE_CURVE_WITH_KNOTS ('', 1, (#4932, #4933), .UNSPECIFIED., .F., .U., (2, 2), (28.9107142857142, 34.6964285714284), .UNSPECIFIED.);
#4935 = EDGE_CURVE ('', #4931, #4923, #4934, .T.);
#4936 = ORIENTED_EDGE ('', *, *, #4935, .F.);
#4937 = CARTESIAN_POINT ('', (-127.125, 60., 5.));
#4938 = VERTEX_POINT ('', #4937);
#4939 = CARTESIAN_POINT ('', (-127.125, 60., 5.));
#4940 = CARTESIAN_POINT ('', (-127.125, 59.5, 5.));
#4941 = CARTESIAN_POINT ('', (-126.625, 59.5000000000001, 5.));
#4942 = (
   BOUNDED_CURVE ()
   B_SPLINE_CURVE (2, (#4939, #4940, #4941), .UNSPECIFIED., .F., .U.)
   B_SPLINE_CURVE_WITH_KNOTS ((3, 3), (27.9107142857142, 28.9107142857142), .UNSPECIFIED.)
   CURVE ()
   GEOMETRIC_REPRESENTATION_ITEM ()
   RATIONAL_B_SPLINE_CURVE ((1., 0.707106781186482, 1.))
   REPRESENTATION_ITEM ('')
);
#4943 = EDGE_CURVE ('', #4938, #4931, #4942, .T.);
#4944 = ORIENTED_EDGE ('', *, *, #4943, .F.);
#4945 = CARTESIAN_POINT ('', (-127.125, 60.5, 5.));
#4946 = VERTEX_POINT ('', #4945);
#4947 = CARTESIAN_POINT ('', (-127.125, 60.5, 5.));
#4948 = CARTESIAN_POINT ('', (-127.125, 60., 5.));
#4949 = B_SPLINE_CURVE_WITH_KNOTS ('', 1, (#4947, #4948), .UNSPECIFIED., .F., .U., (2, 2), (27.4107142857142, 27.9107142857142), .UNSPECIFIED.);
#4950 = EDGE_CURVE ('', #4946, #4938, #4949, .T.);
#4951 = ORIENTED_EDGE ('', *, *, #4950, .F.);
#4952 = CARTESIAN_POINT ('', (-144.125, 60.5, 5.));
#4953 = VERTEX_POINT ('', #4952);
#4954 = CARTESIAN_POINT ('', (-144.125, 60.5, 5.));
#4955 = CARTESIAN_POINT ('', (-127.125, 60.5, 5.));
#4956 = B_SPLINE_CURVE_WITH_KNOTS ('', 1, (#4954, #4955), .UNSPECIFIED., .F., .U., (2, 2), (10.4107142857142, 27.4107142857142), .UNSPECIFIED.);
#4957 = EDGE_CURVE ('', #4953, #4946, #4956, .T.);
#4958 = ORIENTED_EDGE ('', *, *, #4957, .F.);
#4959 = CARTESIAN_POINT ('', (-144.125, 60.0000000000001, 5.));
#4960 = VERTEX_POINT ('', #4959);
#4961 = CARTESIAN_POINT ('', (-144.125, 60.0000000000001, 5.));
#4962 = CARTESIAN_POINT ('', (-144.125, 60.5, 5.));
#4963 = B_SPLINE_CURVE_WITH_KNOTS ('', 1, (#4961, #4962), .UNSPECIFIED., .F., .U., (2, 2), (9.91071428571433, 10.4107142857142), .UNSPECIFIED.);
#4964 = EDGE_CURVE ('', #4960, #4953, #4963, .T.);
#4965 = ORIENTED_EDGE ('', *, *, #4964, .F.);
#4966 = CARTESIAN_POINT ('', (-144.625, 59.5000000000001, 5.));
#4967 = VERTEX_POINT ('', #4966);
#4968 = CARTESIAN_POINT ('', (-144.625, 59.5000000000002, 5.));
#4969 = CARTESIAN_POINT ('', (-144.125, 59.5000000000001, 5.));
#4970 = CARTESIAN_POINT ('', (-144.125, 60.0000000000001, 5.));
#4971 = (
   BOUNDED_CURVE ()
   B_SPLINE_CURVE (2, (#4968, #4969, #4970), .UNSPECIFIED., .F., .U.)
   B_SPLINE_CURVE_WITH_KNOTS ((3, 3), (8.91071428571433, 9.91071428571433), .UNSPECIFIED.)
   CURVE ()
   GEOMETRIC_REPRESENTATION_ITEM ()
   RATIONAL_B_SPLINE_CURVE ((1., 0.707106781186658, 1.))
   REPRESENTATION_ITEM ('')
);
#4972 = EDGE_CURVE ('', #4967, #4960, #4971, .T.);
#4973 = ORIENTED_EDGE ('', *, *, #4972, .F.);
#4974 = CARTESIAN_POINT ('', (-150.625, 59.5, 5.));
#4975 = VERTEX_POINT ('', #4974);
#4976 = CARTESIAN_POINT ('', (-150.625, 59.5, 5.));
#4977 = CARTESIAN_POINT ('', (-144.625, 59.5000000000001, 5.));
#4978 = B_SPLINE_CURVE_WITH_KNOTS ('', 1, (#4976, #4977), .UNSPECIFIED., .F., .U., (2, 2), (3.12500000000002, 8.91071428571433), .UNSPECIFIED.);
#4979 = EDGE_CURVE ('', #4975, #4967, #4978, .T.);
#4980 = ORIENTED_EDGE ('', *, *, #4979, .F.);
#4981 = CARTESIAN_POINT ('', (-151.125, 60., 5.));
#4982 = VERTEX_POINT ('', #4981);
#4983 = CARTESIAN_POINT ('', (-151.125, 60., 5.));
#4984 = CARTESIAN_POINT ('', (-151.125, 59.4999999999999, 5.));
#4985 = CARTESIAN_POINT ('', (-150.625, 59.5000000000001, 5.));
#4986 = (
   BOUNDED_CURVE ()
   B_SPLINE_CURVE (2, (#4983, #4984, #4985), .UNSPECIFIED., .F., .U.)
   B_SPLINE_CURVE_WITH_KNOTS ((3, 3), (2.12500000000002, 3.12500000000002), .UNSPECIFIED.)
   CURVE ()
   GEOMETRIC_REPRESENTATION_ITEM ()
   RATIONAL_B_SPLINE_CURVE ((1., 0.707106781186372, 1.))
   REPRESENTATION_ITEM ('')
);
#4987 = EDGE_CURVE ('', #4982, #4975, #4986, .T.);
#4988 = ORIENTED_EDGE ('', *, *, #4987, .F.);
#4989 = CARTESIAN_POINT ('', (-151.125, 60.5, 5.));
#4990 = VERTEX_POINT ('', #4989);
#4991 = CARTESIAN_POINT ('', (-151.125, 60.5, 5.));
#4992 = CARTESIAN_POINT ('', (-151.125, 60., 5.));
#4993 = B_SPLINE_CURVE_WITH_KNOTS ('', 1, (#4991, #4992), .UNSPECIFIED., .F., .U., (2, 2), (1.625, 2.12500000000002), .UNSPECIFIED.);
#4994 = EDGE_CURVE ('', #4990, #4982, #4993, .T.);
#4995 = ORIENTED_EDGE ('', *, *, #4994, .F.);
#4996 = CARTESIAN_POINT ('', (-151.625, 60.5, 5.));
#4997 = VERTEX_POINT ('', #4996);
#4998 = CARTESIAN_POINT ('', (-151.625, 60.5, 5.));
#4999 = CARTESIAN_POINT ('', (-151.125, 60.5, 5.));
#5000 = B_SPLINE_CURVE_WITH_KNOTS ('', 1, (#4998, #4999), .UNSPECIFIED., .F., .U., (2, 2), (1., 1.625), .UNSPECIFIED.);
#5001 = EDGE_CURVE ('', #4997, #4990, #5000, .T.);
#5002 = ORIENTED_EDGE ('', *, *, #5001, .F.);
#5003 = CARTESIAN_POINT ('', (-152.125, 61., 5.));
#5004 = VERTEX_POINT ('', #5003);
#5005 = CARTESIAN_POINT ('', (-152.125, 61., 5.));
#5006 = CARTESIAN_POINT ('', (-152.125, 60.4999999999997, 5.));
#5007 = CARTESIAN_POINT ('', (-151.625, 60.5000000000004, 5.));
#5008 = (
   BOUNDED_CURVE ()
   B_SPLINE_CURVE (2, (#5005, #5006, #5007), .UNSPECIFIED., .F., .U.)
   B_SPLINE_CURVE_WITH_KNOTS ((3, 3), (0., 1.), .UNSPECIFIED.)
   CURVE ()
   GEOMETRIC_REPRESENTATION_ITEM ()
   RATIONAL_B_SPLINE_CURVE ((1., 0.707106781185904, 1.))
   REPRESENTATION_ITEM ('')
);
#5009 = EDGE_CURVE ('', #5004, #4997, #5008, .T.);
#5010 = ORIENTED_EDGE ('', *, *, #5009, .F.);
#5011 = CARTESIAN_POINT ('', (-152.125, 74., 5.));
#5012 = VERTEX_POINT ('', #5011);
#5013 = CARTESIAN_POINT ('', (-152.125, 74., 5.));
#5014 = CARTESIAN_POINT ('', (-152.125, 61., 5.));
#5015 = B_SPLINE_CURVE_WITH_KNOTS ('', 1, (#5013, #5014), .UNSPECIFIED., .F., .U., (2, 2), (89.6593915343915, 102.659391534391), .UNSPECIFIED.);
#5016 = EDGE_CURVE ('', #5012, #5004, #5015, .T.);
#5017 = ORIENTED_EDGE ('', *, *, #5016, .F.);
#5018 = CARTESIAN_POINT ('', (-151.625, 74.4999999999998, 5.));
#5019 = CARTESIAN_POINT ('', (-152.125, 74.4999999999997, 5.));
#5020 = CARTESIAN_POINT ('', (-152.125, 74., 5.));
#5021 = (
   BOUNDED_CURVE ()
   B_SPLINE_CURVE (2, (#5018, #5019, #5020), .UNSPECIFIED., .F., .U.)
   B_SPLINE_CURVE_WITH_KNOTS ((3, 3), (88.6593915343915, 89.6593915343915), .UNSPECIFIED.)
   CURVE ()
   GEOMETRIC_REPRESENTATION_ITEM ()
   RATIONAL_B_SPLINE_CURVE ((1., 0.70710678118713, 1.))
   REPRESENTATION_ITEM ('')
);
#5022 = EDGE_CURVE ('', #4879, #5012, #5021, .T.);
#5023 = ORIENTED_EDGE ('', *, *, #5022, .F.);
#5024 = EDGE_LOOP ('', (#4884, #4892, #4899, #4907, #4914, #4921, #4929, #4936, #4944, #4951, #4958, #4965, #4973, #4980, #4988, #4995, #5002, #5010, #5017, #5023));
#5025 = FACE_BOUND ('', #5024, .T.);
#5026 = CARTESIAN_POINT ('', (-173., 60.5, 5.));
#5027 = VERTEX_POINT ('', #5026);
#5028 = CARTESIAN_POINT ('', (-160., 60.5, 5.));
#5029 = VERTEX_POINT ('', #5028);
#5030 = CARTESIAN_POINT ('', (-173., 60.5, 5.));
#5031 = CARTESIAN_POINT ('', (-160., 60.5, 5.));
#5032 = B_SPLINE_CURVE_WITH_KNOTS ('', 1, (#5030, #5031), .UNSPECIFIED., .F., .U., (2, 2), (1., 14.), .UNSPECIFIED.);
#5033 = EDGE_CURVE ('', #5027, #5029, #5032, .T.);
#5034 = ORIENTED_EDGE ('', *, *, #5033, .F.);
#5035 = CARTESIAN_POINT ('', (-173.5, 61., 5.));
#5036 = VERTEX_POINT ('', #5035);
#5037 = CARTESIAN_POINT ('', (-173.5, 61., 5.));
#5038 = CARTESIAN_POINT ('', (-173.500000000001, 60.4999999999995, 5.));
#5039 = CARTESIAN_POINT ('', (-173., 60.5000000000006, 5.));
#5040 = (
   BOUNDED_CURVE ()
   B_SPLINE_CURVE (2, (#5037, #5038, #5039), .UNSPECIFIED., .F., .U.)
   B_SPLINE_CURVE_WITH_KNOTS ((3, 3), (0., 1.), .UNSPECIFIED.)
   CURVE ()
   GEOMETRIC_REPRESENTATION_ITEM ()
   RATIONAL_B_SPLINE_CURVE ((1., 0.707106781185523, 1.))
   REPRESENTATION_ITEM ('')
);
#5041 = EDGE_CURVE ('', #5036, #5027, #5040, .T.);
#5042 = ORIENTED_EDGE ('', *, *, #5041, .F.);
#5043 = CARTESIAN_POINT ('', (-173.5, 74., 5.));
#5044 = VERTEX_POINT ('', #5043);
#5045 = CARTESIAN_POINT ('', (-173.5, 74., 5.));
#5046 = CARTESIAN_POINT ('', (-173.5, 61., 5.));
#5047 = B_SPLINE_CURVE_WITH_KNOTS ('', 1, (#5045, #5046), .UNSPECIFIED., .F., .U., (2, 2), (43., 56.), .UNSPECIFIED.);
#5048 = EDGE_CURVE ('', #5044, #5036, #5047, .T.);
#5049 = ORIENTED_EDGE ('', *, *, #5048, .F.);
#5050 = CARTESIAN_POINT ('', (-173., 74.5, 5.));
#5051 = VERTEX_POINT ('', #5050);
#5052 = CARTESIAN_POINT ('', (-173., 74.5, 5.));
#5053 = CARTESIAN_POINT ('', (-173.5, 74.4999999999999, 5.));
#5054 = CARTESIAN_POINT ('', (-173.5, 74., 5.));
#5055 = (
   BOUNDED_CURVE ()
   B_SPLINE_CURVE (2, (#5052, #5053, #5054), .UNSPECIFIED., .F., .U.)
   B_SPLINE_CURVE_WITH_KNOTS ((3, 3), (42., 43.), .UNSPECIFIED.)
   CURVE ()
   GEOMETRIC_REPRESENTATION_ITEM ()
   RATIONAL_B_SPLINE_CURVE ((1., 0.707106781186678, 1.))
   REPRESENTATION_ITEM ('')
);
#5056 = EDGE_CURVE ('', #5051, #5044, #5055, .T.);
#5057 = ORIENTED_EDGE ('', *, *, #5056, .F.);
#5058 = CARTESIAN_POINT ('', (-160., 74.5, 5.));
#5059 = VERTEX_POINT ('', #5058);
#5060 = CARTESIAN_POINT ('', (-160., 74.5, 5.));
#5061 = CARTESIAN_POINT ('', (-173., 74.5, 5.));
#5062 = B_SPLINE_CURVE_WITH_KNOTS ('', 1, (#5060, #5061), .UNSPECIFIED., .F., .U., (2, 2), (29., 42.), .UNSPECIFIED.);
#5063 = EDGE_CURVE ('', #5059, #5051, #5062, .T.);
#5064 = ORIENTED_EDGE ('', *, *, #5063, .F.);
#5065 = CARTESIAN_POINT ('', (-159.5, 74., 5.));
#5066 = VERTEX_POINT ('', #5065);
#5067 = CARTESIAN_POINT ('', (-159.5, 74., 5.));
#5068 = CARTESIAN_POINT ('', (-159.5, 74.5, 5.));
#5069 = CARTESIAN_POINT ('', (-160., 74.5, 5.));
#5070 = (
   BOUNDED_CURVE ()
   B_SPLINE_CURVE (2, (#5067, #5068, #5069), .UNSPECIFIED., .F., .U.)
   B_SPLINE_CURVE_WITH_KNOTS ((3, 3), (28., 29.), .UNSPECIFIED.)
   CURVE ()
   GEOMETRIC_REPRESENTATION_ITEM ()
   RATIONAL_B_SPLINE_CURVE ((1., 0.707106781186477, 1.))
   REPRESENTATION_ITEM ('')
);
#5071 = EDGE_CURVE ('', #5066, #5059, #5070, .T.);
#5072 = ORIENTED_EDGE ('', *, *, #5071, .F.);
#5073 = CARTESIAN_POINT ('', (-159.5, 61., 5.));
#5074 = VERTEX_POINT ('', #5073);
#5075 = CARTESIAN_POINT ('', (-159.5, 61., 5.));
#5076 = CARTESIAN_POINT ('', (-159.5, 74., 5.));
#5077 = B_SPLINE_CURVE_WITH_KNOTS ('', 1, (#5075, #5076), .UNSPECIFIED., .F., .U., (2, 2), (15., 28.), .UNSPECIFIED.);
#5078 = EDGE_CURVE ('', #5074, #5066, #5077, .T.);
#5079 = ORIENTED_EDGE ('', *, *, #5078, .F.);
#5080 = CARTESIAN_POINT ('', (-160., 60.4999999999999, 5.));
#5081 = CARTESIAN_POINT ('', (-159.5, 60.4999999999999, 5.));
#5082 = CARTESIAN_POINT ('', (-159.5, 61., 5.));
#5083 = (
   BOUNDED_CURVE ()
   B_SPLINE_CURVE (2, (#5080, #5081, #5082), .UNSPECIFIED., .F., .U.)
   B_SPLINE_CURVE_WITH_KNOTS ((3, 3), (14., 15.), .UNSPECIFIED.)
   CURVE ()
   GEOMETRIC_REPRESENTATION_ITEM ()
   RATIONAL_B_SPLINE_CURVE ((1., 0.707106781186296, 1.))
   REPRESENTATION_ITEM ('')
);
#5084 = EDGE_CURVE ('', #5029, #5074, #5083, .T.);
#5085 = ORIENTED_EDGE ('', *, *, #5084, .F.);
#5086 = EDGE_LOOP ('', (#5034, #5042, #5049, #5057, #5064, #5072, #5079, #5085));
#5087 = FACE_BOUND ('', #5086, .T.);
#5088 = CARTESIAN_POINT ('', (-173., 79.5, 5.));
#5089 = VERTEX_POINT ('', #5088);
#5090 = CARTESIAN_POINT ('', (-160., 79.5, 5.));
#5091 = VERTEX_POINT ('', #5090);
#5092 = CARTESIAN_POINT ('', (-173., 79.5, 5.));
#5093 = CARTESIAN_POINT ('', (-160., 79.5, 5.));
#5094 = B_SPLINE_CURVE_WITH_KNOTS ('', 1, (#5092, #5093), .UNSPECIFIED., .F., .U., (2, 2), (1., 14.), .UNSPECIFIED.);
#5095 = EDGE_CURVE ('', #5089, #5091, #5094, .T.);
#5096 = ORIENTED_EDGE ('', *, *, #5095, .F.);
#5097 = CARTESIAN_POINT ('', (-173.5, 80., 5.));
#5098 = VERTEX_POINT ('', #5097);
#5099 = CARTESIAN_POINT ('', (-173.5, 80., 5.));
#5100 = CARTESIAN_POINT ('', (-173.500000000001, 79.4999999999995, 5.));
#5101 = CARTESIAN_POINT ('', (-173., 79.5000000000006, 5.));
#5102 = (
   BOUNDED_CURVE ()
   B_SPLINE_CURVE (2, (#5099, #5100, #5101), .UNSPECIFIED., .F., .U.)
   B_SPLINE_CURVE_WITH_KNOTS ((3, 3), (0., 1.), .UNSPECIFIED.)
   CURVE ()
   GEOMETRIC_REPRESENTATION_ITEM ()
   RATIONAL_B_SPLINE_CURVE ((1., 0.707106781185573, 1.))
   REPRESENTATION_ITEM ('')
);
#5103 = EDGE_CURVE ('', #5098, #5089, #5102, .T.);
#5104 = ORIENTED_EDGE ('', *, *, #5103, .F.);
#5105 = CARTESIAN_POINT ('', (-173.5, 93., 5.));
#5106 = VERTEX_POINT ('', #5105);
#5107 = CARTESIAN_POINT ('', (-173.5, 93., 5.));
#5108 = CARTESIAN_POINT ('', (-173.5, 80., 5.));
#5109 = B_SPLINE_CURVE_WITH_KNOTS ('', 1, (#5107, #5108), .UNSPECIFIED., .F., .U., (2, 2), (43., 56.), .UNSPECIFIED.);
#5110 = EDGE_CURVE ('', #5106, #5098, #5109, .T.);
#5111 = ORIENTED_EDGE ('', *, *, #5110, .F.);
#5112 = CARTESIAN_POINT ('', (-173., 93.5, 5.));
#5113 = VERTEX_POINT ('', #5112);
#5114 = CARTESIAN_POINT ('', (-173., 93.5000000000001, 5.));
#5115 = CARTESIAN_POINT ('', (-173.5, 93.5000000000002, 5.));
#5116 = CARTESIAN_POINT ('', (-173.5, 93., 5.));
#5117 = (
   BOUNDED_CURVE ()
   B_SPLINE_CURVE (2, (#5114, #5115, #5116), .UNSPECIFIED., .F., .U.)
   B_SPLINE_CURVE_WITH_KNOTS ((3, 3), (42., 43.), .UNSPECIFIED.)
   CURVE ()
   GEOMETRIC_REPRESENTATION_ITEM ()
   RATIONAL_B_SPLINE_CURVE ((1., 0.707106781186055, 1.))
   REPRESENTATION_ITEM ('')
);
#5118 = EDGE_CURVE ('', #5113, #5106, #5117, .T.);
#5119 = ORIENTED_EDGE ('', *, *, #5118, .F.);
#5120 = CARTESIAN_POINT ('', (-160., 93.5, 5.));
#5121 = VERTEX_POINT ('', #5120);
#5122 = CARTESIAN_POINT ('', (-160., 93.5, 5.));
#5123 = CARTESIAN_POINT ('', (-173., 93.5, 5.));
#5124 = B_SPLINE_CURVE_WITH_KNOTS ('', 1, (#5122, #5123), .UNSPECIFIED., .F., .U., (2, 2), (29., 42.), .UNSPECIFIED.);
#5125 = EDGE_CURVE ('', #5121, #5113, #5124, .T.);
#5126 = ORIENTED_EDGE ('', *, *, #5125, .F.);
#5127 = CARTESIAN_POINT ('', (-159.5, 93., 5.));
#5128 = VERTEX_POINT ('', #5127);
#5129 = CARTESIAN_POINT ('', (-159.5, 93., 5.));
#5130 = CARTESIAN_POINT ('', (-159.5, 93.5, 5.));
#5131 = CARTESIAN_POINT ('', (-160., 93.5, 5.));
#5132 = (
   BOUNDED_CURVE ()
   B_SPLINE_CURVE (2, (#5129, #5130, #5131), .UNSPECIFIED., .F., .U.)
   B_SPLINE_CURVE_WITH_KNOTS ((3, 3), (28., 29.), .UNSPECIFIED.)
   CURVE ()
   GEOMETRIC_REPRESENTATION_ITEM ()
   RATIONAL_B_SPLINE_CURVE ((1., 0.707106781186558, 1.))
   REPRESENTATION_ITEM ('')
);
#5133 = EDGE_CURVE ('', #5128, #5121, #5132, .T.);
#5134 = ORIENTED_EDGE ('', *, *, #5133, .F.);
#5135 = CARTESIAN_POINT ('', (-159.5, 80., 5.));
#5136 = VERTEX_POINT ('', #5135);
#5137 = CARTESIAN_POINT ('', (-159.5, 80., 5.));
#5138 = CARTESIAN_POINT ('', (-159.5, 93., 5.));
#5139 = B_SPLINE_CURVE_WITH_KNOTS ('', 1, (#5137, #5138), .UNSPECIFIED., .F., .U., (2, 2), (15., 28.), .UNSPECIFIED.);
#5140 = EDGE_CURVE ('', #5136, #5128, #5139, .T.);
#5141 = ORIENTED_EDGE ('', *, *, #5140, .F.);
#5142 = CARTESIAN_POINT ('', (-160., 79.5, 5.));
#5143 = CARTESIAN_POINT ('', (-159.5, 79.4999999999999, 5.));
#5144 = CARTESIAN_POINT ('', (-159.5, 80., 5.));
#5145 = (
   BOUNDED_CURVE ()
   B_SPLINE_CURVE (2, (#5142, #5143, #5144), .UNSPECIFIED., .F., .U.)
   B_SPLINE_CURVE_WITH_KNOTS ((3, 3), (14., 15.), .UNSPECIFIED.)
   CURVE ()
   GEOMETRIC_REPRESENTATION_ITEM ()
   RATIONAL_B_SPLINE_CURVE ((1., 0.707106781186457, 1.))
   REPRESENTATION_ITEM ('')
);
#5146 = EDGE_CURVE ('', #5091, #5136, #5145, .T.);
#5147 = ORIENTED_EDGE ('', *, *, #5146, .F.);
#5148 = EDGE_LOOP ('', (#5096, #5104, #5111, #5119, #5126, #5134, #5141, #5147));
#5149 = FACE_BOUND ('', #5148, .T.);
#5150 = CARTESIAN_POINT ('', (-151.625, 79.5, 5.));
#5151 = VERTEX_POINT ('', #5150);
#5152 = CARTESIAN_POINT ('', (-133.875, 79.5, 5.));
#5153 = VERTEX_POINT ('', #5152);
#5154 = CARTESIAN_POINT ('', (-151.625, 79.5, 5.));
#5155 = CARTESIAN_POINT ('', (-133.875, 79.5, 5.));
#5156 = B_SPLINE_CURVE_WITH_KNOTS ('', 1, (#5154, #5155), .UNSPECIFIED., .F., .U., (2, 2), (1., 18.75), .UNSPECIFIED.);
#5157 = EDGE_CURVE ('', #5151, #5153, #5156, .T.);
#5158 = ORIENTED_EDGE ('', *, *, #5157, .F.);
#5159 = CARTESIAN_POINT ('', (-152.125, 80., 5.));
#5160 = VERTEX_POINT ('', #5159);
#5161 = CARTESIAN_POINT ('', (-152.125, 80., 5.));
#5162 = CARTESIAN_POINT ('', (-152.125, 79.5000000000001, 5.));
#5163 = CARTESIAN_POINT ('', (-151.625, 79.4999999999998, 5.));
#5164 = (
   BOUNDED_CURVE ()
   B_SPLINE_CURVE (2, (#5161, #5162, #5163), .UNSPECIFIED., .F., .U.)
   B_SPLINE_CURVE_WITH_KNOTS ((3, 3), (0., 1.), .UNSPECIFIED.)
   CURVE ()
   GEOMETRIC_REPRESENTATION_ITEM ()
   RATIONAL_B_SPLINE_CURVE ((1., 0.707106781186738, 1.))
   REPRESENTATION_ITEM ('')
);
#5165 = EDGE_CURVE ('', #5160, #5151, #5164, .T.);
#5166 = ORIENTED_EDGE ('', *, *, #5165, .F.);
#5167 = CARTESIAN_POINT ('', (-152.125, 93., 5.));
#5168 = VERTEX_POINT ('', #5167);
#5169 = CARTESIAN_POINT ('', (-152.125, 93., 5.));
#5170 = CARTESIAN_POINT ('', (-152.125, 80., 5.));
#5171 = B_SPLINE_CURVE_WITH_KNOTS ('', 1, (#5169, #5170), .UNSPECIFIED., .F., .U., (2, 2), (52.5, 65.5), .UNSPECIFIED.);
#5172 = EDGE_CURVE ('', #5168, #5160, #5171, .T.);
#5173 = ORIENTED_EDGE ('', *, *, #5172, .F.);
#5174 = CARTESIAN_POINT ('', (-151.625, 93.5, 5.));
#5175 = VERTEX_POINT ('', #5174);
#5176 = CARTESIAN_POINT ('', (-151.625, 93.4999999999999, 5.));
#5177 = CARTESIAN_POINT ('', (-152.125, 93.4999999999998, 5.));
#5178 = CARTESIAN_POINT ('', (-152.125, 93., 5.));
#5179 = (
   BOUNDED_CURVE ()
   B_SPLINE_CURVE (2, (#5176, #5177, #5178), .UNSPECIFIED., .F., .U.)
   B_SPLINE_CURVE_WITH_KNOTS ((3, 3), (51.5, 52.5), .UNSPECIFIED.)
   CURVE ()
   GEOMETRIC_REPRESENTATION_ITEM ()
   RATIONAL_B_SPLINE_CURVE ((1., 0.707106781186839, 1.))
   REPRESENTATION_ITEM ('')
);
#5180 = EDGE_CURVE ('', #5175, #5168, #5179, .T.);
#5181 = ORIENTED_EDGE ('', *, *, #5180, .F.);
#5182 = CARTESIAN_POINT ('', (-133.875, 93.5, 5.));
#5183 = VERTEX_POINT ('', #5182);
#5184 = CARTESIAN_POINT ('', (-133.875, 93.5, 5.));
#5185 = CARTESIAN_POINT ('', (-151.625, 93.5, 5.));
#5186 = B_SPLINE_CURVE_WITH_KNOTS ('', 1, (#5184, #5185), .UNSPECIFIED., .F., .U., (2, 2), (33.75, 51.5), .UNSPECIFIED.);
#5187 = EDGE_CURVE ('', #5183, #5175, #5186, .T.);
#5188 = ORIENTED_EDGE ('', *, *, #5187, .F.);
#5189 = CARTESIAN_POINT ('', (-133.375, 93., 5.));
#5190 = VERTEX_POINT ('', #5189);
#5191 = CARTESIAN_POINT ('', (-133.375, 93., 5.));
#5192 = CARTESIAN_POINT ('', (-133.375, 93.5000000000001, 5.));
#5193 = CARTESIAN_POINT ('', (-133.875, 93.4999999999998, 5.));
#5194 = (
   BOUNDED_CURVE ()
   B_SPLINE_CURVE (2, (#5191, #5192, #5193), .UNSPECIFIED., .F., .U.)
   B_SPLINE_CURVE_WITH_KNOTS ((3, 3), (32.75, 33.75), .UNSPECIFIED.)
   CURVE ()
   GEOMETRIC_REPRESENTATION_ITEM ()
   RATIONAL_B_SPLINE_CURVE ((1., 0.707106781186296, 1.))
   REPRESENTATION_ITEM ('')
);
#5195 = EDGE_CURVE ('', #5190, #5183, #5194, .T.);
#5196 = ORIENTED_EDGE ('', *, *, #5195, .F.);
#5197 = CARTESIAN_POINT ('', (-133.375, 80., 5.));
#5198 = VERTEX_POINT ('', #5197);
#5199 = CARTESIAN_POINT ('', (-133.375, 80., 5.));
#5200 = CARTESIAN_POINT ('', (-133.375, 93., 5.));
#5201 = B_SPLINE_CURVE_WITH_KNOTS ('', 1, (#5199, #5200), .UNSPECIFIED., .F., .U., (2, 2), (19.75, 32.75), .UNSPECIFIED.);
#5202 = EDGE_CURVE ('', #5198, #5190, #5201, .T.);
#5203 = ORIENTED_EDGE ('', *, *, #5202, .F.);
#5204 = CARTESIAN_POINT ('', (-133.875, 79.5, 5.));
#5205 = CARTESIAN_POINT ('', (-133.375, 79.5000000000001, 5.));
#5206 = CARTESIAN_POINT ('', (-133.375, 80., 5.));
#5207 = (
   BOUNDED_CURVE ()
   B_SPLINE_CURVE (2, (#5204, #5205, #5206), .UNSPECIFIED., .F., .U.)
   B_SPLINE_CURVE_WITH_KNOTS ((3, 3), (18.75, 19.75), .UNSPECIFIED.)
   CURVE ()
   GEOMETRIC_REPRESENTATION_ITEM ()
   RATIONAL_B_SPLINE_CURVE ((1., 0.707106781186728, 1.))
   REPRESENTATION_ITEM ('')
);
#5208 = EDGE_CURVE ('', #5153, #5198, #5207, .T.);
#5209 = ORIENTED_EDGE ('', *, *, #5208, .F.);
#5210 = EDGE_LOOP ('', (#5158, #5166, #5173, #5181, #5188, #5196, #5203, #5209));
#5211 = FACE_BOUND ('', #5210, .T.);
#5212 = CARTESIAN_POINT ('', (-120.75, 79.5, 5.));
#5213 = VERTEX_POINT ('', #5212);
#5214 = CARTESIAN_POINT ('', (-107.75, 79.5, 5.));
#5215 = VERTEX_POINT ('', #5214);
#5216 = CARTESIAN_POINT ('', (-120.75, 79.5, 5.));
#5217 = CARTESIAN_POINT ('', (-107.75, 79.5, 5.));
#5218 = B_SPLINE_CURVE_WITH_KNOTS ('', 1, (#5216, #5217), .UNSPECIFIED., .F., .U., (2, 2), (1., 14.), .UNSPECIFIED.);
#5219 = EDGE_CURVE ('', #5213, #5215, #5218, .T.);
#5220 = ORIENTED_EDGE ('', *, *, #5219, .F.);
#5221 = CARTESIAN_POINT ('', (-121.25, 80., 5.));
#5222 = VERTEX_POINT ('', #5221);
#5223 = CARTESIAN_POINT ('', (-121.25, 80., 5.));
#5224 = CARTESIAN_POINT ('', (-121.25, 79.4999999999997, 5.));
#5225 = CARTESIAN_POINT ('', (-120.75, 79.5000000000004, 5.));
#5226 = (
   BOUNDED_CURVE ()
   B_SPLINE_CURVE (2, (#5223, #5224, #5225), .UNSPECIFIED., .F., .U.)
   B_SPLINE_CURVE_WITH_KNOTS ((3, 3), (0., 1.), .UNSPECIFIED.)
   CURVE ()
   GEOMETRIC_REPRESENTATION_ITEM ()
   RATIONAL_B_SPLINE_CURVE ((1., 0.707106781185924, 1.))
   REPRESENTATION_ITEM ('')
);
#5227 = EDGE_CURVE ('', #5222, #5213, #5226, .T.);
#5228 = ORIENTED_EDGE ('', *, *, #5227, .F.);
#5229 = CARTESIAN_POINT ('', (-121.25, 93., 5.));
#5230 = VERTEX_POINT ('', #5229);
#5231 = CARTESIAN_POINT ('', (-121.25, 93., 5.));
#5232 = CARTESIAN_POINT ('', (-121.25, 80., 5.));
#5233 = B_SPLINE_CURVE_WITH_KNOTS ('', 1, (#5231, #5232), .UNSPECIFIED., .F., .U., (2, 2), (43., 56.), .UNSPECIFIED.);
#5234 = EDGE_CURVE ('', #5230, #5222, #5233, .T.);
#5235 = ORIENTED_EDGE ('', *, *, #5234, .F.);
#5236 = CARTESIAN_POINT ('', (-120.75, 93.5, 5.));
#5237 = VERTEX_POINT ('', #5236);
#5238 = CARTESIAN_POINT ('', (-120.75, 93.5, 5.));
#5239 = CARTESIAN_POINT ('', (-121.25, 93.5, 5.));
#5240 = CARTESIAN_POINT ('', (-121.25, 93., 5.));
#5241 = (
   BOUNDED_CURVE ()
   B_SPLINE_CURVE (2, (#5238, #5239, #5240), .UNSPECIFIED., .F., .U.)
   B_SPLINE_CURVE_WITH_KNOTS ((3, 3), (42., 43.), .UNSPECIFIED.)
   CURVE ()
   GEOMETRIC_REPRESENTATION_ITEM ()
   RATIONAL_B_SPLINE_CURVE ((1., 0.707106781186477, 1.))
   REPRESENTATION_ITEM ('')
);
#5242 = EDGE_CURVE ('', #5237, #5230, #5241, .T.);
#5243 = ORIENTED_EDGE ('', *, *, #5242, .F.);
#5244 = CARTESIAN_POINT ('', (-107.75, 93.5, 5.));
#5245 = VERTEX_POINT ('', #5244);
#5246 = CARTESIAN_POINT ('', (-107.75, 93.5, 5.));
#5247 = CARTESIAN_POINT ('', (-120.75, 93.5, 5.));
#5248 = B_SPLINE_CURVE_WITH_KNOTS ('', 1, (#5246, #5247), .UNSPECIFIED., .F., .U., (2, 2), (29., 42.), .UNSPECIFIED.);
#5249 = EDGE_CURVE ('', #5245, #5237, #5248, .T.);
#5250 = ORIENTED_EDGE ('', *, *, #5249, .F.);
#5251 = CARTESIAN_POINT ('', (-107.25, 93., 5.));
#5252 = VERTEX_POINT ('', #5251);
#5253 = CARTESIAN_POINT ('', (-107.25, 93., 5.));
#5254 = CARTESIAN_POINT ('', (-107.25, 93.5000000000001, 5.));
#5255 = CARTESIAN_POINT ('', (-107.75, 93.4999999999999, 5.));
#5256 = (
   BOUNDED_CURVE ()
   B_SPLINE_CURVE (2, (#5253, #5254, #5255), .UNSPECIFIED., .F., .U.)
   B_SPLINE_CURVE_WITH_KNOTS ((3, 3), (28., 29.), .UNSPECIFIED.)
   CURVE ()
   GEOMETRIC_REPRESENTATION_ITEM ()
   RATIONAL_B_SPLINE_CURVE ((1., 0.707106781186377, 1.))
   REPRESENTATION_ITEM ('')
);
#5257 = EDGE_CURVE ('', #5252, #5245, #5256, .T.);
#5258 = ORIENTED_EDGE ('', *, *, #5257, .F.);
#5259 = CARTESIAN_POINT ('', (-107.25, 80., 5.));
#5260 = VERTEX_POINT ('', #5259);
#5261 = CARTESIAN_POINT ('', (-107.25, 80., 5.));
#5262 = CARTESIAN_POINT ('', (-107.25, 93., 5.));
#5263 = B_SPLINE_CURVE_WITH_KNOTS ('', 1, (#5261, #5262), .UNSPECIFIED., .F., .U., (2, 2), (15., 28.), .UNSPECIFIED.);
#5264 = EDGE_CURVE ('', #5260, #5252, #5263, .T.);
#5265 = ORIENTED_EDGE ('', *, *, #5264, .F.);
#5266 = CARTESIAN_POINT ('', (-107.75, 79.5000000000002, 5.));
#5267 = CARTESIAN_POINT ('', (-107.25, 79.5000000000004, 5.));
#5268 = CARTESIAN_POINT ('', (-107.249999999999, 80., 5.));
#5269 = (
   BOUNDED_CURVE ()
   B_SPLINE_CURVE (2, (#5266, #5267, #5268), .UNSPECIFIED., .F., .U.)
   B_SPLINE_CURVE_WITH_KNOTS ((3, 3), (14., 15.), .UNSPECIFIED.)
   CURVE ()
   GEOMETRIC_REPRESENTATION_ITEM ()
   RATIONAL_B_SPLINE_CURVE ((1., 0.707106781187291, 1.))
   REPRESENTATION_ITEM ('')
);
#5270 = EDGE_CURVE ('', #5215, #5260, #5269, .T.);
#5271 = ORIENTED_EDGE ('', *, *, #5270, .F.);
#5272 = EDGE_LOOP ('', (#5220, #5228, #5235, #5243, #5250, #5258, #5265, #5271));
#5273 = FACE_BOUND ('', #5272, .T.);
#5274 = CARTESIAN_POINT ('', (-101.75, 79.5, 5.));
#5275 = VERTEX_POINT ('', #5274);
#5276 = CARTESIAN_POINT ('', (-88.75, 79.5, 5.));
#5277 = VERTEX_POINT ('', #5276);
#5278 = CARTESIAN_POINT ('', (-101.75, 79.5, 5.));
#5279 = CARTESIAN_POINT ('', (-88.75, 79.5, 5.));
#5280 = B_SPLINE_CURVE_WITH_KNOTS ('', 1, (#5278, #5279), .UNSPECIFIED., .F., .U., (2, 2), (1., 14.), .UNSPECIFIED.);
#5281 = EDGE_CURVE ('', #5275, #5277, #5280, .T.);
#5282 = ORIENTED_EDGE ('', *, *, #5281, .F.);
#5283 = CARTESIAN_POINT ('', (-102.25, 80., 5.));
#5284 = VERTEX_POINT ('', #5283);
#5285 = CARTESIAN_POINT ('', (-102.25, 80., 5.));
#5286 = CARTESIAN_POINT ('', (-102.25, 79.4999999999998, 5.));
#5287 = CARTESIAN_POINT ('', (-101.75, 79.5000000000002, 5.));
#5288 = (
   BOUNDED_CURVE ()
   B_SPLINE_CURVE (2, (#5285, #5286, #5287), .UNSPECIFIED., .F., .U.)
   B_SPLINE_CURVE_WITH_KNOTS ((3, 3), (0., 1.), .UNSPECIFIED.)
   CURVE ()
   GEOMETRIC_REPRESENTATION_ITEM ()
   RATIONAL_B_SPLINE_CURVE ((1., 0.707106781186216, 1.))
   REPRESENTATION_ITEM ('')
);
#5289 = EDGE_CURVE ('', #5284, #5275, #5288, .T.);
#5290 = ORIENTED_EDGE ('', *, *, #5289, .F.);
#5291 = CARTESIAN_POINT ('', (-102.25, 93., 5.));
#5292 = VERTEX_POINT ('', #5291);
#5293 = CARTESIAN_POINT ('', (-102.25, 93., 5.));
#5294 = CARTESIAN_POINT ('', (-102.25, 80., 5.));
#5295 = B_SPLINE_CURVE_WITH_KNOTS ('', 1, (#5293, #5294), .UNSPECIFIED., .F., .U., (2, 2), (43., 56.), .UNSPECIFIED.);
#5296 = EDGE_CURVE ('', #5292, #5284, #5295, .T.);
#5297 = ORIENTED_EDGE ('', *, *, #5296, .F.);
#5298 = CARTESIAN_POINT ('', (-101.75, 93.5, 5.));
#5299 = VERTEX_POINT ('', #5298);
#5300 = CARTESIAN_POINT ('', (-101.75, 93.4999999999998, 5.));
#5301 = CARTESIAN_POINT ('', (-102.25, 93.4999999999997, 5.));
#5302 = CARTESIAN_POINT ('', (-102.25, 93., 5.));
#5303 = (
   BOUNDED_CURVE ()
   B_SPLINE_CURVE (2, (#5300, #5301, #5302), .UNSPECIFIED., .F., .U.)
   B_SPLINE_CURVE_WITH_KNOTS ((3, 3), (42., 43.), .UNSPECIFIED.)
   CURVE ()
   GEOMETRIC_REPRESENTATION_ITEM ()
   RATIONAL_B_SPLINE_CURVE ((1., 0.70710678118704, 1.))
   REPRESENTATION_ITEM ('')
);
#5304 = EDGE_CURVE ('', #5299, #5292, #5303, .T.);
#5305 = ORIENTED_EDGE ('', *, *, #5304, .F.);
#5306 = CARTESIAN_POINT ('', (-88.75, 93.5, 5.));
#5307 = VERTEX_POINT ('', #5306);
#5308 = CARTESIAN_POINT ('', (-88.75, 93.5, 5.));
#5309 = CARTESIAN_POINT ('', (-101.75, 93.5, 5.));
#5310 = B_SPLINE_CURVE_WITH_KNOTS ('', 1, (#5308, #5309), .UNSPECIFIED., .F., .U., (2, 2), (29., 42.), .UNSPECIFIED.);
#5311 = EDGE_CURVE ('', #5307, #5299, #5310, .T.);
#5312 = ORIENTED_EDGE ('', *, *, #5311, .F.);
#5313 = CARTESIAN_POINT ('', (-88.25, 93., 5.));
#5314 = VERTEX_POINT ('', #5313);
#5315 = CARTESIAN_POINT ('', (-88.2499999999999, 93., 5.));
#5316 = CARTESIAN_POINT ('', (-88.2499999999998, 93.5000000000002, 5.));
#5317 = CARTESIAN_POINT ('', (-88.75, 93.4999999999997, 5.));
#5318 = (
   BOUNDED_CURVE ()
   B_SPLINE_CURVE (2, (#5315, #5316, #5317), .UNSPECIFIED., .F., .U.)
   B_SPLINE_CURVE_WITH_KNOTS ((3, 3), (28., 29.), .UNSPECIFIED.)
   CURVE ()
   GEOMETRIC_REPRESENTATION_ITEM ()
   RATIONAL_B_SPLINE_CURVE ((1., 0.707106781186186, 1.))
   REPRESENTATION_ITEM ('')
);
#5319 = EDGE_CURVE ('', #5314, #5307, #5318, .T.);
#5320 = ORIENTED_EDGE ('', *, *, #5319, .F.);
#5321 = CARTESIAN_POINT ('', (-88.25, 80., 5.));
#5322 = VERTEX_POINT ('', #5321);
#5323 = CARTESIAN_POINT ('', (-88.25, 80., 5.));
#5324 = CARTESIAN_POINT ('', (-88.25, 93., 5.));
#5325 = B_SPLINE_CURVE_WITH_KNOTS ('', 1, (#5323, #5324), .UNSPECIFIED., .F., .U., (2, 2), (15., 28.), .UNSPECIFIED.);
#5326 = EDGE_CURVE ('', #5322, #5314, #5325, .T.);
#5327 = ORIENTED_EDGE ('', *, *, #5326, .F.);
#5328 = CARTESIAN_POINT ('', (-88.75, 79.5000000000003, 5.));
#5329 = CARTESIAN_POINT ('', (-88.2500000000004, 79.5000000000004, 5.));
#5330 = CARTESIAN_POINT ('', (-88.2499999999994, 80., 5.));
#5331 = (
   BOUNDED_CURVE ()
   B_SPLINE_CURVE (2, (#5328, #5329, #5330), .UNSPECIFIED., .F., .U.)
   B_SPLINE_CURVE_WITH_KNOTS ((3, 3), (14., 15.), .UNSPECIFIED.)
   CURVE ()
   GEOMETRIC_REPRESENTATION_ITEM ()
   RATIONAL_B_SPLINE_CURVE ((1., 0.707106781187392, 1.))
   REPRESENTATION_ITEM ('')
);
#5332 = EDGE_CURVE ('', #5277, #5322, #5331, .T.);
#5333 = ORIENTED_EDGE ('', *, *, #5332, .F.);
#5334 = EDGE_LOOP ('', (#5282, #5290, #5297, #5305, #5312, #5320, #5327, #5333));
#5335 = FACE_BOUND ('', #5334, .T.);
#5336 = CARTESIAN_POINT ('', (-83.1204630894369, 79.3525853879891, 5.));
#5337 = VERTEX_POINT ('', #5336);
#5338 = CARTESIAN_POINT ('', (-70.1382791376274, 78.6722179568309, 5.));
#5339 = VERTEX_POINT ('', #5338);
#5340 = CARTESIAN_POINT ('', (-83.1204630894369, 79.3525853879891, 5.));
#5341 = CARTESIAN_POINT ('', (-70.1382791376274, 78.6722179568309, 5.));
#5342 = B_SPLINE_CURVE_WITH_KNOTS ('', 1, (#5340, #5341), .UNSPECIFIED., .F., .U., (2, 2), (1., 14.), .UNSPECIFIED.);
#5343 = EDGE_CURVE ('', #5337, #5339, #5342, .T.);
#5344 = ORIENTED_EDGE ('', *, *, #5343, .F.);
#5345 = CARTESIAN_POINT ('', (-83.5936098786927, 79.8780681334879, 5.));
#5346 = VERTEX_POINT ('', #5345);
#5347 = CARTESIAN_POINT ('', (-83.5936098786928, 79.8780681334879, 5.));
#5348 = CARTESIAN_POINT ('', (-83.6197778568143, 79.3787533661105, 5.));
#5349 = CARTESIAN_POINT ('', (-83.1204630894369, 79.3525853879893, 5.));
#5350 = (
   BOUNDED_CURVE ()
   B_SPLINE_CURVE (2, (#5347, #5348, #5349), .UNSPECIFIED., .F., .U.)
   B_SPLINE_CURVE_WITH_KNOTS ((3, 3), (0., 1.), .UNSPECIFIED.)
   CURVE ()
   GEOMETRIC_REPRESENTATION_ITEM ()
   RATIONAL_B_SPLINE_CURVE ((1., 0.707106781186359, 1.))
   REPRESENTATION_ITEM ('')
);
#5351 = EDGE_CURVE ('', #5346, #5337, #5350, .T.);
#5352 = ORIENTED_EDGE ('', *, *, #5351, .F.);
#5353 = CARTESIAN_POINT ('', (-82.9132424475344, 92.8602520852974, 5.));
#5354 = VERTEX_POINT ('', #5353);
#5355 = CARTESIAN_POINT ('', (-82.9132424475344, 92.8602520852974, 5.));
#5356 = CARTESIAN_POINT ('', (-83.5936098786927, 79.8780681334879, 5.));
#5357 = B_SPLINE_CURVE_WITH_KNOTS ('', 1, (#5355, #5356), .UNSPECIFIED., .F., .U., (2, 2), (43., 56.), .UNSPECIFIED.);
#5358 = EDGE_CURVE ('', #5354, #5346, #5357, .T.);
#5359 = ORIENTED_EDGE ('', *, *, #5358, .F.);
#5360 = CARTESIAN_POINT ('', (-82.3877597020357, 93.3333988745532, 5.));
#5361 = VERTEX_POINT ('', #5360);
#5362 = CARTESIAN_POINT ('', (-82.3877597020357, 93.3333988745532, 5.));
#5363 = CARTESIAN_POINT ('', (-82.887074469413, 93.3595668526747, 5.));
#5364 = CARTESIAN_POINT ('', (-82.9132424475343, 92.8602520852973, 5.));
#5365 = (
   BOUNDED_CURVE ()
   B_SPLINE_CURVE (2, (#5362, #5363, #5364), .UNSPECIFIED., .F., .U.)
   B_SPLINE_CURVE_WITH_KNOTS ((3, 3), (42., 43.), .UNSPECIFIED.)
   CURVE ()
   GEOMETRIC_REPRESENTATION_ITEM ()
   RATIONAL_B_SPLINE_CURVE ((1., 0.707106781186431, 1.))
   REPRESENTATION_ITEM ('')
);
#5366 = EDGE_CURVE ('', #5361, #5354, #5365, .T.);
#5367 = ORIENTED_EDGE ('', *, *, #5366, .F.);
#5368 = CARTESIAN_POINT ('', (-69.4055757502262, 92.6530314433949, 5.));
#5369 = VERTEX_POINT ('', #5368);
#5370 = CARTESIAN_POINT ('', (-69.4055757502262, 92.6530314433949, 5.));
#5371 = CARTESIAN_POINT ('', (-82.3877597020357, 93.3333988745532, 5.));
#5372 = B_SPLINE_CURVE_WITH_KNOTS ('', 1, (#5370, #5371), .UNSPECIFIED., .F., .U., (2, 2), (29., 42.), .UNSPECIFIED.);
#5373 = EDGE_CURVE ('', #5369, #5361, #5372, .T.);
#5374 = ORIENTED_EDGE ('', *, *, #5373, .F.);
#5375 = CARTESIAN_POINT ('', (-68.9324289609704, 92.1275486978961, 5.));
#5376 = VERTEX_POINT ('', #5375);
#5377 = CARTESIAN_POINT ('', (-68.9324289609704, 92.1275486978961, 5.));
#5378 = CARTESIAN_POINT ('', (-68.906260982849, 92.6268634652734, 5.));
#5379 = CARTESIAN_POINT ('', (-69.4055757502262, 92.653031443395, 5.));
#5380 = (
   BOUNDED_CURVE ()
   B_SPLINE_CURVE (2, (#5377, #5378, #5379), .UNSPECIFIED., .F., .U.)
   B_SPLINE_CURVE_WITH_KNOTS ((3, 3), (28., 29.), .UNSPECIFIED.)
   CURVE ()
   GEOMETRIC_REPRESENTATION_ITEM ()
   RATIONAL_B_SPLINE_CURVE ((1., 0.707106781186704, 1.))
   REPRESENTATION_ITEM ('')
);
#5381 = EDGE_CURVE ('', #5376, #5369, #5380, .T.);
#5382 = ORIENTED_EDGE ('', *, *, #5381, .F.);
#5383 = CARTESIAN_POINT ('', (-69.6127963921287, 79.1453647460867, 5.));
#5384 = VERTEX_POINT ('', #5383);
#5385 = CARTESIAN_POINT ('', (-69.6127963921287, 79.1453647460867, 5.));
#5386 = CARTESIAN_POINT ('', (-68.9324289609704, 92.1275486978961, 5.));
#5387 = B_SPLINE_CURVE_WITH_KNOTS ('', 1, (#5385, #5386), .UNSPECIFIED., .F., .U., (2, 2), (15., 28.), .UNSPECIFIED.);
#5388 = EDGE_CURVE ('', #5384, #5376, #5387, .T.);
#5389 = ORIENTED_EDGE ('', *, *, #5388, .F.);
#5390 = CARTESIAN_POINT ('', (-70.1382791376274, 78.6722179568308, 5.));
#5391 = CARTESIAN_POINT ('', (-69.6389643702501, 78.6460499787093, 5.));
#5392 = CARTESIAN_POINT ('', (-69.6127963921288, 79.1453647460867, 5.));
#5393 = (
   BOUNDED_CURVE ()
   B_SPLINE_CURVE (2, (#5390, #5391, #5392), .UNSPECIFIED., .F., .U.)
   B_SPLINE_CURVE_WITH_KNOTS ((3, 3), (14., 15.), .UNSPECIFIED.)
   CURVE ()
   GEOMETRIC_REPRESENTATION_ITEM ()
   RATIONAL_B_SPLINE_CURVE ((1., 0.707106781186329, 1.))
   REPRESENTATION_ITEM ('')
);
#5394 = EDGE_CURVE ('', #5339, #5384, #5393, .T.);
#5395 = ORIENTED_EDGE ('', *, *, #5394, .F.);
#5396 = EDGE_LOOP ('', (#5344, #5352, #5359, #5367, #5374, #5382, #5389, #5395));
#5397 = FACE_BOUND ('', #5396, .T.);
#5398 = CARTESIAN_POINT ('', (-64.5241723964319, 78.2303781740032, 5.));
#5399 = VERTEX_POINT ('', #5398);
#5400 = CARTESIAN_POINT ('', (-51.5953877566443, 76.8715081515237, 5.));
#5401 = VERTEX_POINT ('', #5400);
#5402 = CARTESIAN_POINT ('', (-64.5241723964319, 78.2303781740032, 5.));
#5403 = CARTESIAN_POINT ('', (-51.5953877566443, 76.8715081515237, 5.));
#5404 = B_SPLINE_CURVE_WITH_KNOTS ('', 1, (#5402, #5403), .UNSPECIFIED., .F., .U., (2, 2), (1., 14.), .UNSPECIFIED.);
#5405 = EDGE_CURVE ('', #5399, #5401, #5404, .T.);
#5406 = ORIENTED_EDGE ('', *, *, #5405, .F.);
#5407 = CARTESIAN_POINT ('', (-64.9691691124822, 78.7799033533212, 5.));
#5408 = VERTEX_POINT ('', #5407);
#5409 = CARTESIAN_POINT ('', (-64.9691691124822, 78.7799033533212, 5.));
#5410 = CARTESIAN_POINT ('', (-65.0214333441161, 78.2826424056369, 5.));
#5411 = CARTESIAN_POINT ('', (-64.5241723964319, 78.2303781740033, 5.));
#5412 = (
   BOUNDED_CURVE ()
   B_SPLINE_CURVE (2, (#5409, #5410, #5411), .UNSPECIFIED., .F., .U.)
   B_SPLINE_CURVE_WITH_KNOTS ((3, 3), (0., 1.), .UNSPECIFIED.)
   CURVE ()
   GEOMETRIC_REPRESENTATION_ITEM ()
   RATIONAL_B_SPLINE_CURVE ((1., 0.707106781186353, 1.))
   REPRESENTATION_ITEM ('')
);
#5413 = EDGE_CURVE ('', #5408, #5399, #5412, .T.);
#5414 = ORIENTED_EDGE ('', *, *, #5413, .F.);
#5415 = CARTESIAN_POINT ('', (-63.6102990900027, 91.7086879931087, 5.));
#5416 = VERTEX_POINT ('', #5415);
#5417 = CARTESIAN_POINT ('', (-63.6102990900027, 91.7086879931087, 5.));
#5418 = CARTESIAN_POINT ('', (-64.9691691124822, 78.7799033533212, 5.));
#5419 = B_SPLINE_CURVE_WITH_KNOTS ('', 1, (#5417, #5418), .UNSPECIFIED., .F., .U., (2, 2), (43., 56.), .UNSPECIFIED.);
#5420 = EDGE_CURVE ('', #5416, #5408, #5419, .T.);
#5421 = ORIENTED_EDGE ('', *, *, #5420, .F.);
#5422 = CARTESIAN_POINT ('', (-63.0607739106847, 92.153684709159, 5.));
#5423 = VERTEX_POINT ('', #5422);
#5424 = CARTESIAN_POINT ('', (-63.0607739106847, 92.1536847091589, 5.));
#5425 = CARTESIAN_POINT ('', (-63.5580348583687, 92.2059489407927, 5.));
#5426 = CARTESIAN_POINT ('', (-63.6102990900029, 91.7086879931088, 5.));
#5427 = (
   BOUNDED_CURVE ()
   B_SPLINE_CURVE (2, (#5424, #5425, #5426), .UNSPECIFIED., .F., .U.)
   B_SPLINE_CURVE_WITH_KNOTS ((3, 3), (42., 43.), .UNSPECIFIED.)
   CURVE ()
   GEOMETRIC_REPRESENTATION_ITEM ()
   RATIONAL_B_SPLINE_CURVE ((1., 0.70710678118687, 1.))
   REPRESENTATION_ITEM ('')
);
#5428 = EDGE_CURVE ('', #5423, #5416, #5427, .T.);
#5429 = ORIENTED_EDGE ('', *, *, #5428, .F.);
#5430 = CARTESIAN_POINT ('', (-50.1319892708972, 90.7948146866795, 5.));
#5431 = VERTEX_POINT ('', #5430);
#5432 = CARTESIAN_POINT ('', (-50.1319892708972, 90.7948146866795, 5.));
#5433 = CARTESIAN_POINT ('', (-63.0607739106847, 92.153684709159, 5.));
#5434 = B_SPLINE_CURVE_WITH_KNOTS ('', 1, (#5432, #5433), .UNSPECIFIED., .F., .U., (2, 2), (29., 42.), .UNSPECIFIED.);
#5435 = EDGE_CURVE ('', #5431, #5423, #5434, .T.);
#5436 = ORIENTED_EDGE ('', *, *, #5435, .F.);
#5437 = CARTESIAN_POINT ('', (-49.6869925548468, 90.2452895073616, 5.));
#5438 = VERTEX_POINT ('', #5437);
#5439 = CARTESIAN_POINT ('', (-49.6869925548468, 90.2452895073616, 5.));
#5440 = CARTESIAN_POINT ('', (-49.634728323213, 90.7425504550457, 5.));
#5441 = CARTESIAN_POINT ('', (-50.1319892708972, 90.7948146866795, 5.));
#5442 = (
   BOUNDED_CURVE ()
   B_SPLINE_CURVE (2, (#5439, #5440, #5441), .UNSPECIFIED., .F., .U.)
   B_SPLINE_CURVE_WITH_KNOTS ((3, 3), (28., 29.), .UNSPECIFIED.)
   CURVE ()
   GEOMETRIC_REPRESENTATION_ITEM ()
   RATIONAL_B_SPLINE_CURVE ((1., 0.707106781186539, 1.))
   REPRESENTATION_ITEM ('')
);
#5443 = EDGE_CURVE ('', #5438, #5431, #5442, .T.);
#5444 = ORIENTED_EDGE ('', *, *, #5443, .F.);
#5445 = CARTESIAN_POINT ('', (-51.0458625773263, 77.316504867574, 5.));
#5446 = VERTEX_POINT ('', #5445);
#5447 = CARTESIAN_POINT ('', (-51.0458625773263, 77.316504867574, 5.));
#5448 = CARTESIAN_POINT ('', (-49.6869925548468, 90.2452895073616, 5.));
#5449 = B_SPLINE_CURVE_WITH_KNOTS ('', 1, (#5447, #5448), .UNSPECIFIED., .F., .U., (2, 2), (15., 28.), .UNSPECIFIED.);
#5450 = EDGE_CURVE ('', #5446, #5438, #5449, .T.);
#5451 = ORIENTED_EDGE ('', *, *, #5450, .F.);
#5452 = CARTESIAN_POINT ('', (-51.5953877566443, 76.8715081515239, 5.));
#5453 = CARTESIAN_POINT ('', (-51.0981268089604, 76.8192439198901, 5.));
#5454 = CARTESIAN_POINT ('', (-51.045862577326, 77.316504867574, 5.));
#5455 = (
   BOUNDED_CURVE ()
   B_SPLINE_CURVE (2, (#5452, #5453, #5454), .UNSPECIFIED., .F., .U.)
   B_SPLINE_CURVE_WITH_KNOTS ((3, 3), (14., 15.), .UNSPECIFIED.)
   CURVE ()
   GEOMETRIC_REPRESENTATION_ITEM ()
   RATIONAL_B_SPLINE_CURVE ((1., 0.707106781187001, 1.))
   REPRESENTATION_ITEM ('')
);
#5456 = EDGE_CURVE ('', #5401, #5446, #5455, .T.);
#5457 = ORIENTED_EDGE ('', *, *, #5456, .F.);
#5458 = EDGE_LOOP ('', (#5406, #5414, #5421, #5429, #5436, #5444, #5451, #5457));
#5459 = FACE_BOUND ('', #5458, .T.);
#5460 = CARTESIAN_POINT ('', (-45.8194715890848, 76.1878834230218, 5.));
#5461 = VERTEX_POINT ('', #5460);
#5462 = CARTESIAN_POINT ('', (-32.9306883912253, 74.4910429241612, 5.));
#5463 = VERTEX_POINT ('', #5462);
#5464 = CARTESIAN_POINT ('', (-45.8194715890848, 76.1878834230218, 5.));
#5465 = CARTESIAN_POINT ('', (-32.9306883912253, 74.4910429241612, 5.));
#5466 = B_SPLINE_CURVE_WITH_KNOTS ('', 1, (#5464, #5465), .UNSPECIFIED., .F., .U., (2, 2), (1., 14.), .UNSPECIFIED.);
#5467 = EDGE_CURVE ('', #5461, #5463, #5466, .T.);
#5468 = ORIENTED_EDGE ('', *, *, #5467, .F.);
#5469 = CARTESIAN_POINT ('', (-46.2499309236617, 76.7488689498188, 5.));
#5470 = VERTEX_POINT ('', #5469);
#5471 = CARTESIAN_POINT ('', (-46.2499309236617, 76.7488689498188, 5.));
#5472 = CARTESIAN_POINT ('', (-46.3151940197717, 76.2531465191319, 5.));
#5473 = CARTESIAN_POINT ('', (-45.8194715890848, 76.1878834230218, 5.));
#5474 = (
   BOUNDED_CURVE ()
   B_SPLINE_CURVE (2, (#5471, #5472, #5473), .UNSPECIFIED., .F., .U.)
   B_SPLINE_CURVE_WITH_KNOTS ((3, 3), (0., 1.), .UNSPECIFIED.)
   CURVE ()
   GEOMETRIC_REPRESENTATION_ITEM ()
   RATIONAL_B_SPLINE_CURVE ((1., 0.70710678118666, 1.))
   REPRESENTATION_ITEM ('')
);
#5475 = EDGE_CURVE ('', #5470, #5461, #5474, .T.);
#5476 = ORIENTED_EDGE ('', *, *, #5475, .F.);
#5477 = CARTESIAN_POINT ('', (-44.5530904248011, 89.6376521476783, 5.));
#5478 = VERTEX_POINT ('', #5477);
#5479 = CARTESIAN_POINT ('', (-44.5530904248011, 89.6376521476783, 5.));
#5480 = CARTESIAN_POINT ('', (-46.2499309236617, 76.7488689498188, 5.));
#5481 = B_SPLINE_CURVE_WITH_KNOTS ('', 1, (#5479, #5480), .UNSPECIFIED., .F., .U., (2, 2), (43., 56.), .UNSPECIFIED.);
#5482 = EDGE_CURVE ('', #5478, #5470, #5481, .T.);
#5483 = ORIENTED_EDGE ('', *, *, #5482, .F.);
#5484 = CARTESIAN_POINT ('', (-43.9921048980041, 90.0681114822552, 5.));
#5485 = VERTEX_POINT ('', #5484);
#5486 = CARTESIAN_POINT ('', (-43.9921048980041, 90.0681114822552, 5.));
#5487 = CARTESIAN_POINT ('', (-44.4878273286911, 90.1333745783652, 5.));
#5488 = CARTESIAN_POINT ('', (-44.553090424801, 89.6376521476783, 5.));
#5489 = (
   BOUNDED_CURVE ()
   B_SPLINE_CURVE (2, (#5486, #5487, #5488), .UNSPECIFIED., .F., .U.)
   B_SPLINE_CURVE_WITH_KNOTS ((3, 3), (42., 43.), .UNSPECIFIED.)
   CURVE ()
   GEOMETRIC_REPRESENTATION_ITEM ()
   RATIONAL_B_SPLINE_CURVE ((1., 0.707106781186515, 1.))
   REPRESENTATION_ITEM ('')
);
#5490 = EDGE_CURVE ('', #5485, #5478, #5489, .T.);
#5491 = ORIENTED_EDGE ('', *, *, #5490, .F.);
#5492 = CARTESIAN_POINT ('', (-31.1033217001446, 88.3712709833945, 5.));
#5493 = VERTEX_POINT ('', #5492);
#5494 = CARTESIAN_POINT ('', (-31.1033217001446, 88.3712709833945, 5.));
#5495 = CARTESIAN_POINT ('', (-43.9921048980041, 90.0681114822552, 5.));
#5496 = B_SPLINE_CURVE_WITH_KNOTS ('', 1, (#5494, #5495), .UNSPECIFIED., .F., .U., (2, 2), (29., 42.), .UNSPECIFIED.);
#5497 = EDGE_CURVE ('', #5493, #5485, #5496, .T.);
#5498 = ORIENTED_EDGE ('', *, *, #5497, .F.);
#5499 = CARTESIAN_POINT ('', (-30.6728623655677, 87.8102854565976, 5.));
#5500 = VERTEX_POINT ('', #5499);
#5501 = CARTESIAN_POINT ('', (-30.6728623655678, 87.8102854565976, 5.));
#5502 = CARTESIAN_POINT ('', (-30.6075992694578, 88.3060078872844, 5.));
#5503 = CARTESIAN_POINT ('', (-31.1033217001446, 88.3712709833947, 5.));
#5504 = (
   BOUNDED_CURVE ()
   B_SPLINE_CURVE (2, (#5501, #5502, #5503), .UNSPECIFIED., .F., .U.)
   B_SPLINE_CURVE_WITH_KNOTS ((3, 3), (28., 29.), .UNSPECIFIED.)
   CURVE ()
   GEOMETRIC_REPRESENTATION_ITEM ()
   RATIONAL_B_SPLINE_CURVE ((1., 0.707106781186804, 1.))
   REPRESENTATION_ITEM ('')
);
#5505 = EDGE_CURVE ('', #5500, #5493, #5504, .T.);
#5506 = ORIENTED_EDGE ('', *, *, #5505, .F.);
#5507 = CARTESIAN_POINT ('', (-32.3697028644284, 74.921502258738, 5.));
#5508 = VERTEX_POINT ('', #5507);
#5509 = CARTESIAN_POINT ('', (-32.3697028644284, 74.921502258738, 5.));
#5510 = CARTESIAN_POINT ('', (-30.6728623655677, 87.8102854565976, 5.));
#5511 = B_SPLINE_CURVE_WITH_KNOTS ('', 1, (#5509, #5510), .UNSPECIFIED., .F., .U., (2, 2), (15., 28.), .UNSPECIFIED.);
#5512 = EDGE_CURVE ('', #5508, #5500, #5511, .T.);
#5513 = ORIENTED_EDGE ('', *, *, #5512, .F.);
#5514 = CARTESIAN_POINT ('', (-32.9306883912253, 74.4910429241611, 5.));
#5515 = CARTESIAN_POINT ('', (-32.4349659605383, 74.425779828051, 5.));
#5516 = CARTESIAN_POINT ('', (-32.3697028644286, 74.9215022587381, 5.));
#5517 = (
   BOUNDED_CURVE ()
   B_SPLINE_CURVE (2, (#5514, #5515, #5516), .UNSPECIFIED., .F., .U.)
   B_SPLINE_CURVE_WITH_KNOTS ((3, 3), (14., 15.), .UNSPECIFIED.)
   CURVE ()
   GEOMETRIC_REPRESENTATION_ITEM ()
   RATIONAL_B_SPLINE_CURVE ((1., 0.707106781186265, 1.))
   REPRESENTATION_ITEM ('')
);
#5518 = EDGE_CURVE ('', #5463, #5508, #5517, .T.);
#5519 = ORIENTED_EDGE ('', *, *, #5518, .F.);
#5520 = EDGE_LOOP ('', (#5468, #5476, #5483, #5491, #5498, #5506, #5513, #5519));
#5521 = FACE_BOUND ('', #5520, .T.);
#5522 = CARTESIAN_POINT ('', (-69.0649724943599, 97.788839358835, 5.));
#5523 = VERTEX_POINT ('', #5522);
#5524 = CARTESIAN_POINT ('', (-56.1050471558293, 96.768871114373, 5.));
#5525 = VERTEX_POINT ('', #5524);
#5526 = CARTESIAN_POINT ('', (-69.0649724943599, 97.788839358835, 5.));
#5527 = CARTESIAN_POINT ('', (-56.1050471558293, 96.768871114373, 5.));
#5528 = B_SPLINE_CURVE_WITH_KNOTS ('', 1, (#5526, #5527), .UNSPECIFIED., .F., .U., (2, 2), (1., 14.), .UNSPECIFIED.);
#5529 = EDGE_CURVE ('', #5523, #5525, #5528, .T.);
#5530 = ORIENTED_EDGE ('', *, *, #5529, .F.);
#5531 = CARTESIAN_POINT ('', (-69.5242016133626, 98.3265275735655, 5.));
#5532 = VERTEX_POINT ('', #5531);
#5533 = CARTESIAN_POINT ('', (-69.5242016133627, 98.3265275735655, 5.));
#5534 = CARTESIAN_POINT ('', (-69.5634311612268, 97.8280689066987, 5.));
#5535 = CARTESIAN_POINT ('', (-69.0649724943599, 97.7888393588353, 5.));
#5536 = (
   BOUNDED_CURVE ()
   B_SPLINE_CURVE (2, (#5533, #5534, #5535), .UNSPECIFIED., .F., .U.)
   B_SPLINE_CURVE_WITH_KNOTS ((3, 3), (0., 1.), .UNSPECIFIED.)
   CURVE ()
   GEOMETRIC_REPRESENTATION_ITEM ()
   RATIONAL_B_SPLINE_CURVE ((1., 0.707106781186058, 1.))
   REPRESENTATION_ITEM ('')
);
#5537 = EDGE_CURVE ('', #5532, #5523, #5536, .T.);
#5538 = ORIENTED_EDGE ('', *, *, #5537, .F.);
#5539 = CARTESIAN_POINT ('', (-68.5042333689006, 111.286452912096, 5.));
#5540 = VERTEX_POINT ('', #5539);
#5541 = CARTESIAN_POINT ('', (-68.5042333689006, 111.286452912096, 5.));
#5542 = CARTESIAN_POINT ('', (-69.5242016133626, 98.3265275735655, 5.));
#5543 = B_SPLINE_CURVE_WITH_KNOTS ('', 1, (#5541, #5542), .UNSPECIFIED., .F., .U., (2, 2), (43., 56.), .UNSPECIFIED.);
#5544 = EDGE_CURVE ('', #5540, #5532, #5543, .T.);
#5545 = ORIENTED_EDGE ('', *, *, #5544, .F.);
#5546 = CARTESIAN_POINT ('', (-67.9665451541701, 111.745682031099, 5.));
#5547 = VERTEX_POINT ('', #5546);
#5548 = CARTESIAN_POINT ('', (-67.9665451541701, 111.745682031099, 5.));
#5549 = CARTESIAN_POINT ('', (-68.4650038210368, 111.784911578963, 5.));
#5550 = CARTESIAN_POINT ('', (-68.5042333689004, 111.286452912096, 5.));
#5551 = (
   BOUNDED_CURVE ()
   B_SPLINE_CURVE (2, (#5548, #5549, #5550), .UNSPECIFIED., .F., .U.)
   B_SPLINE_CURVE_WITH_KNOTS ((3, 3), (42., 43.), .UNSPECIFIED.)
   CURVE ()
   GEOMETRIC_REPRESENTATION_ITEM ()
   RATIONAL_B_SPLINE_CURVE ((1., 0.70710678118625, 1.))
   REPRESENTATION_ITEM ('')
);
#5552 = EDGE_CURVE ('', #5547, #5540, #5551, .T.);
#5553 = ORIENTED_EDGE ('', *, *, #5552, .F.);
#5554 = CARTESIAN_POINT ('', (-55.0066198156394, 110.725713786637, 5.));
#5555 = VERTEX_POINT ('', #5554);
#5556 = CARTESIAN_POINT ('', (-55.0066198156394, 110.725713786637, 5.));
#5557 = CARTESIAN_POINT ('', (-67.9665451541701, 111.745682031099, 5.));
#5558 = B_SPLINE_CURVE_WITH_KNOTS ('', 1, (#5556, #5557), .UNSPECIFIED., .F., .U., (2, 2), (29., 42.), .UNSPECIFIED.);
#5559 = EDGE_CURVE ('', #5555, #5547, #5558, .T.);
#5560 = ORIENTED_EDGE ('', *, *, #5559, .F.);
#5561 = CARTESIAN_POINT ('', (-54.5473906966368, 110.188025571906, 5.));
#5562 = VERTEX_POINT ('', #5561);
#5563 = CARTESIAN_POINT ('', (-54.5473906966369, 110.188025571906, 5.));
#5564 = CARTESIAN_POINT ('', (-54.508161148773, 110.686484238773, 5.));
#5565 = CARTESIAN_POINT ('', (-55.0066198156394, 110.725713786637, 5.));
#5566 = (
   BOUNDED_CURVE ()
   B_SPLINE_CURVE (2, (#5563, #5564, #5565), .UNSPECIFIED., .F., .U.)
   B_SPLINE_CURVE_WITH_KNOTS ((3, 3), (28., 29.), .UNSPECIFIED.)
   CURVE ()
   GEOMETRIC_REPRESENTATION_ITEM ()
   RATIONAL_B_SPLINE_CURVE ((1., 0.707106781186833, 1.))
   REPRESENTATION_ITEM ('')
);
#5567 = EDGE_CURVE ('', #5562, #5555, #5566, .T.);
#5568 = ORIENTED_EDGE ('', *, *, #5567, .F.);
#5569 = CARTESIAN_POINT ('', (-55.5673589410988, 97.2281002333756, 5.));
#5570 = VERTEX_POINT ('', #5569);
#5571 = CARTESIAN_POINT ('', (-55.5673589410988, 97.2281002333756, 5.));
#5572 = CARTESIAN_POINT ('', (-54.5473906966368, 110.188025571906, 5.));
#5573 = B_SPLINE_CURVE_WITH_KNOTS ('', 1, (#5571, #5572), .UNSPECIFIED., .F., .U., (2, 2), (15., 28.), .UNSPECIFIED.);
#5574 = EDGE_CURVE ('', #5570, #5562, #5573, .T.);
#5575 = ORIENTED_EDGE ('', *, *, #5574, .F.);
#5576 = CARTESIAN_POINT ('', (-56.1050471558293, 96.768871114373, 5.));
#5577 = CARTESIAN_POINT ('', (-55.6065884889627, 96.729641566509, 5.));
#5578 = CARTESIAN_POINT ('', (-55.5673589410989, 97.2281002333756, 5.));
#5579 = (
   BOUNDED_CURVE ()
   B_SPLINE_CURVE (2, (#5576, #5577, #5578), .UNSPECIFIED., .F., .U.)
   B_SPLINE_CURVE_WITH_KNOTS ((3, 3), (14., 15.), .UNSPECIFIED.)
   CURVE ()
   GEOMETRIC_REPRESENTATION_ITEM ()
   RATIONAL_B_SPLINE_CURVE ((1., 0.707106781186487, 1.))
   REPRESENTATION_ITEM ('')
);
#5580 = EDGE_CURVE ('', #5525, #5570, #5579, .T.);
#5581 = ORIENTED_EDGE ('', *, *, #5580, .F.);
#5582 = EDGE_LOOP ('', (#5530, #5538, #5545, #5553, #5560, #5568, #5575, #5581));
#5583 = FACE_BOUND ('', #5582, .T.);
#5584 = CARTESIAN_POINT ('', (-87.6842666632284, 98.4238678802475, 5.));
#5585 = VERTEX_POINT ('', #5584);
#5586 = CARTESIAN_POINT ('', (-74.6887214385462, 98.0835675522451, 5.));
#5587 = VERTEX_POINT ('', #5586);
#5588 = CARTESIAN_POINT ('', (-87.6842666632284, 98.4238678802475, 5.));
#5589 = CARTESIAN_POINT ('', (-74.6887214385462, 98.0835675522451, 5.));
#5590 = B_SPLINE_CURVE_WITH_KNOTS ('', 1, (#5588, #5589), .UNSPECIFIED., .F., .U., (2, 2), (1., 14.), .UNSPECIFIED.);
#5591 = EDGE_CURVE ('', #5585, #5587, #5590, .T.);
#5592 = ORIENTED_EDGE ('', *, *, #5591, .F.);
#5593 = CARTESIAN_POINT ('', (-88.1710068515623, 98.9367850168892, 5.));
#5594 = VERTEX_POINT ('', #5593);
#5595 = CARTESIAN_POINT ('', (-88.1710068515622, 98.9367850168892, 5.));
#5596 = CARTESIAN_POINT ('', (-88.1840953257161, 98.4369563544015, 5.));
#5597 = CARTESIAN_POINT ('', (-87.6842666632284, 98.4238678802474, 5.));
#5598 = (
   BOUNDED_CURVE ()
   B_SPLINE_CURVE (2, (#5595, #5596, #5597), .UNSPECIFIED., .F., .U.)
   B_SPLINE_CURVE_WITH_KNOTS ((3, 3), (0., 1.), .UNSPECIFIED.)
   CURVE ()
   GEOMETRIC_REPRESENTATION_ITEM ()
   RATIONAL_B_SPLINE_CURVE ((1., 0.70710678118666, 1.))
   REPRESENTATION_ITEM ('')
);
#5599 = EDGE_CURVE ('', #5594, #5585, #5598, .T.);
#5600 = ORIENTED_EDGE ('', *, *, #5599, .F.);
#5601 = CARTESIAN_POINT ('', (-87.8307065235599, 111.932330241571, 5.));
#5602 = VERTEX_POINT ('', #5601);
#5603 = CARTESIAN_POINT ('', (-87.8307065235599, 111.932330241571, 5.));
#5604 = CARTESIAN_POINT ('', (-88.1710068515623, 98.9367850168892, 5.));
#5605 = B_SPLINE_CURVE_WITH_KNOTS ('', 1, (#5603, #5604), .UNSPECIFIED., .F., .U., (2, 2), (43., 56.), .UNSPECIFIED.);
#5606 = EDGE_CURVE ('', #5602, #5594, #5605, .T.);
#5607 = ORIENTED_EDGE ('', *, *, #5606, .F.);
#5608 = CARTESIAN_POINT ('', (-87.3177893869182, 112.419070429905, 5.));
#5609 = VERTEX_POINT ('', #5608);
#5610 = CARTESIAN_POINT ('', (-87.3177893869182, 112.419070429905, 5.));
#5611 = CARTESIAN_POINT ('', (-87.817618049406, 112.432158904059, 5.));
#5612 = CARTESIAN_POINT ('', (-87.8307065235598, 111.932330241571, 5.));
#5613 = (
   BOUNDED_CURVE ()
   B_SPLINE_CURVE (2, (#5610, #5611, #5612), .UNSPECIFIED., .F., .U.)
   B_SPLINE_CURVE_WITH_KNOTS ((3, 3), (42., 43.), .UNSPECIFIED.)
   CURVE ()
   GEOMETRIC_REPRESENTATION_ITEM ()
   RATIONAL_B_SPLINE_CURVE ((1., 0.707106781186465, 1.))
   REPRESENTATION_ITEM ('')
);
#5614 = EDGE_CURVE ('', #5609, #5602, #5613, .T.);
#5615 = ORIENTED_EDGE ('', *, *, #5614, .F.);
#5616 = CARTESIAN_POINT ('', (-74.322244162236, 112.078770101903, 5.));
#5617 = VERTEX_POINT ('', #5616);
#5618 = CARTESIAN_POINT ('', (-74.322244162236, 112.078770101903, 5.));
#5619 = CARTESIAN_POINT ('', (-87.3177893869182, 112.419070429905, 5.));
#5620 = B_SPLINE_CURVE_WITH_KNOTS ('', 1, (#5618, #5619), .UNSPECIFIED., .F., .U., (2, 2), (29., 42.), .UNSPECIFIED.);
#5621 = EDGE_CURVE ('', #5617, #5609, #5620, .T.);
#5622 = ORIENTED_EDGE ('', *, *, #5621, .F.);
#5623 = CARTESIAN_POINT ('', (-73.8355039739021, 111.565852965261, 5.));
#5624 = VERTEX_POINT ('', #5623);
#5625 = CARTESIAN_POINT ('', (-73.8355039739021, 111.565852965261, 5.));
#5626 = CARTESIAN_POINT ('', (-73.8224154997482, 112.065681627749, 5.));
#5627 = CARTESIAN_POINT ('', (-74.322244162236, 112.078770101903, 5.));
#5628 = (
   BOUNDED_CURVE ()
   B_SPLINE_CURVE (2, (#5625, #5626, #5627), .UNSPECIFIED., .F., .U.)
   B_SPLINE_CURVE_WITH_KNOTS ((3, 3), (28., 29.), .UNSPECIFIED.)
   CURVE ()
   GEOMETRIC_REPRESENTATION_ITEM ()
   RATIONAL_B_SPLINE_CURVE ((1., 0.707106781186577, 1.))
   REPRESENTATION_ITEM ('')
);
#5629 = EDGE_CURVE ('', #5624, #5617, #5628, .T.);
#5630 = ORIENTED_EDGE ('', *, *, #5629, .F.);
#5631 = CARTESIAN_POINT ('', (-74.1758043019045, 98.570307740579, 5.));
#5632 = VERTEX_POINT ('', #5631);
#5633 = CARTESIAN_POINT ('', (-74.1758043019045, 98.570307740579, 5.));
#5634 = CARTESIAN_POINT ('', (-73.8355039739021, 111.565852965261, 5.));
#5635 = B_SPLINE_CURVE_WITH_KNOTS ('', 1, (#5633, #5634), .UNSPECIFIED., .F., .U., (2, 2), (15., 28.), .UNSPECIFIED.);
#5636 = EDGE_CURVE ('', #5632, #5624, #5635, .T.);
#5637 = ORIENTED_EDGE ('', *, *, #5636, .F.);
#5638 = CARTESIAN_POINT ('', (-74.6887214385462, 98.0835675522451, 5.));
#5639 = CARTESIAN_POINT ('', (-74.1888927760584, 98.0704790780912, 5.));
#5640 = CARTESIAN_POINT ('', (-74.1758043019045, 98.570307740579, 5.));
#5641 = (
   BOUNDED_CURVE ()
   B_SPLINE_CURVE (2, (#5638, #5639, #5640), .UNSPECIFIED., .F., .U.)
   B_SPLINE_CURVE_WITH_KNOTS ((3, 3), (14., 15.), .UNSPECIFIED.)
   CURVE ()
   GEOMETRIC_REPRESENTATION_ITEM ()
   RATIONAL_B_SPLINE_CURVE ((1., 0.707106781186466, 1.))
   REPRESENTATION_ITEM ('')
);
#5642 = EDGE_CURVE ('', #5587, #5632, #5641, .T.);
#5643 = ORIENTED_EDGE ('', *, *, #5642, .F.);
#5644 = EDGE_LOOP ('', (#5592, #5600, #5607, #5615, #5622, #5630, #5637, #5643));
#5645 = FACE_BOUND ('', #5644, .T.);
#5646 = CARTESIAN_POINT ('', (-106.5, 98.5, 5.));
#5647 = VERTEX_POINT ('', #5646);
#5648 = CARTESIAN_POINT ('', (-93.5, 98.5, 5.));
#5649 = VERTEX_POINT ('', #5648);
#5650 = CARTESIAN_POINT ('', (-106.5, 98.5, 5.));
#5651 = CARTESIAN_POINT ('', (-93.5, 98.5, 5.));
#5652 = B_SPLINE_CURVE_WITH_KNOTS ('', 1, (#5650, #5651), .UNSPECIFIED., .F., .U., (2, 2), (1., 14.), .UNSPECIFIED.);
#5653 = EDGE_CURVE ('', #5647, #5649, #5652, .T.);
#5654 = ORIENTED_EDGE ('', *, *, #5653, .F.);
#5655 = CARTESIAN_POINT ('', (-107., 99., 5.));
#5656 = VERTEX_POINT ('', #5655);
#5657 = CARTESIAN_POINT ('', (-107., 99., 5.));
#5658 = CARTESIAN_POINT ('', (-107., 98.5000000000002, 5.));
#5659 = CARTESIAN_POINT ('', (-106.5, 98.4999999999997, 5.));
#5660 = (
   BOUNDED_CURVE ()
   B_SPLINE_CURVE (2, (#5657, #5658, #5659), .UNSPECIFIED., .F., .U.)
   B_SPLINE_CURVE_WITH_KNOTS ((3, 3), (0., 1.), .UNSPECIFIED.)
   CURVE ()
   GEOMETRIC_REPRESENTATION_ITEM ()
   RATIONAL_B_SPLINE_CURVE ((1., 0.70710678118696, 1.))
   REPRESENTATION_ITEM ('')
);
#5661 = EDGE_CURVE ('', #5656, #5647, #5660, .T.);
#5662 = ORIENTED_EDGE ('', *, *, #5661, .F.);
#5663 = CARTESIAN_POINT ('', (-107., 112., 5.));
#5664 = VERTEX_POINT ('', #5663);
#5665 = CARTESIAN_POINT ('', (-107., 112., 5.));
#5666 = CARTESIAN_POINT ('', (-107., 99., 5.));
#5667 = B_SPLINE_CURVE_WITH_KNOTS ('', 1, (#5665, #5666), .UNSPECIFIED., .F., .U., (2, 2), (43., 56.), .UNSPECIFIED.);
#5668 = EDGE_CURVE ('', #5664, #5656, #5667, .T.);
#5669 = ORIENTED_EDGE ('', *, *, #5668, .F.);
#5670 = CARTESIAN_POINT ('', (-106.5, 112.5, 5.));
#5671 = VERTEX_POINT ('', #5670);
#5672 = CARTESIAN_POINT ('', (-106.5, 112.5, 5.));
#5673 = CARTESIAN_POINT ('', (-107., 112.5, 5.));
#5674 = CARTESIAN_POINT ('', (-107., 112., 5.));
#5675 = (
   BOUNDED_CURVE ()
   B_SPLINE_CURVE (2, (#5672, #5673, #5674), .UNSPECIFIED., .F., .U.)
   B_SPLINE_CURVE_WITH_KNOTS ((3, 3), (42., 43.), .UNSPECIFIED.)
   CURVE ()
   GEOMETRIC_REPRESENTATION_ITEM ()
   RATIONAL_B_SPLINE_CURVE ((1., 0.707106781186397, 1.))
   REPRESENTATION_ITEM ('')
);
#5676 = EDGE_CURVE ('', #5671, #5664, #5675, .T.);
#5677 = ORIENTED_EDGE ('', *, *, #5676, .F.);
#5678 = CARTESIAN_POINT ('', (-93.5, 112.5, 5.));
#5679 = VERTEX_POINT ('', #5678);
#5680 = CARTESIAN_POINT ('', (-93.5, 112.5, 5.));
#5681 = CARTESIAN_POINT ('', (-106.5, 112.5, 5.));
#5682 = B_SPLINE_CURVE_WITH_KNOTS ('', 1, (#5680, #5681), .UNSPECIFIED., .F., .U., (2, 2), (29., 42.), .UNSPECIFIED.);
#5683 = EDGE_CURVE ('', #5679, #5671, #5682, .T.);
#5684 = ORIENTED_EDGE ('', *, *, #5683, .F.);
#5685 = CARTESIAN_POINT ('', (-93., 112., 5.));
#5686 = VERTEX_POINT ('', #5685);
#5687 = CARTESIAN_POINT ('', (-92.9999999999999, 112., 5.));
#5688 = CARTESIAN_POINT ('', (-92.9999999999999, 112.5, 5.));
#5689 = CARTESIAN_POINT ('', (-93.5, 112.5, 5.));
#5690 = (
   BOUNDED_CURVE ()
   B_SPLINE_CURVE (2, (#5687, #5688, #5689), .UNSPECIFIED., .F., .U.)
   B_SPLINE_CURVE_WITH_KNOTS ((3, 3), (28., 29.), .UNSPECIFIED.)
   CURVE ()
   GEOMETRIC_REPRESENTATION_ITEM ()
   RATIONAL_B_SPLINE_CURVE ((1., 0.707106781186477, 1.))
   REPRESENTATION_ITEM ('')
);
#5691 = EDGE_CURVE ('', #5686, #5679, #5690, .T.);
#5692 = ORIENTED_EDGE ('', *, *, #5691, .F.);
#5693 = CARTESIAN_POINT ('', (-93., 99., 5.));
#5694 = VERTEX_POINT ('', #5693);
#5695 = CARTESIAN_POINT ('', (-93., 99., 5.));
#5696 = CARTESIAN_POINT ('', (-93., 112., 5.));
#5697 = B_SPLINE_CURVE_WITH_KNOTS ('', 1, (#5695, #5696), .UNSPECIFIED., .F., .U., (2, 2), (15., 28.), .UNSPECIFIED.);
#5698 = EDGE_CURVE ('', #5694, #5686, #5697, .T.);
#5699 = ORIENTED_EDGE ('', *, *, #5698, .F.);
#5700 = CARTESIAN_POINT ('', (-93.5, 98.5000000000001, 5.));
#5701 = CARTESIAN_POINT ('', (-93.0000000000002, 98.5000000000002, 5.));
#5702 = CARTESIAN_POINT ('', (-92.9999999999997, 99., 5.));
#5703 = (
   BOUNDED_CURVE ()
   B_SPLINE_CURVE (2, (#5700, #5701, #5702), .UNSPECIFIED., .F., .U.)
   B_SPLINE_CURVE_WITH_KNOTS ((3, 3), (14., 15.), .UNSPECIFIED.)
   CURVE ()
   GEOMETRIC_REPRESENTATION_ITEM ()
   RATIONAL_B_SPLINE_CURVE ((1., 0.707106781186939, 1.))
   REPRESENTATION_ITEM ('')
);
#5704 = EDGE_CURVE ('', #5649, #5694, #5703, .T.);
#5705 = ORIENTED_EDGE ('', *, *, #5704, .F.);
#5706 = EDGE_LOOP ('', (#5654, #5662, #5669, #5677, #5684, #5692, #5699, #5705));
#5707 = FACE_BOUND ('', #5706, .T.);
#5708 = CARTESIAN_POINT ('', (-125.5, 98.5, 5.));
#5709 = VERTEX_POINT ('', #5708);
#5710 = CARTESIAN_POINT ('', (-112.5, 98.5, 5.));
#5711 = VERTEX_POINT ('', #5710);
#5712 = CARTESIAN_POINT ('', (-125.5, 98.5, 5.));
#5713 = CARTESIAN_POINT ('', (-112.5, 98.5, 5.));
#5714 = B_SPLINE_CURVE_WITH_KNOTS ('', 1, (#5712, #5713), .UNSPECIFIED., .F., .U., (2, 2), (1., 14.), .UNSPECIFIED.);
#5715 = EDGE_CURVE ('', #5709, #5711, #5714, .T.);
#5716 = ORIENTED_EDGE ('', *, *, #5715, .F.);
#5717 = CARTESIAN_POINT ('', (-126., 99., 5.));
#5718 = VERTEX_POINT ('', #5717);
#5719 = CARTESIAN_POINT ('', (-126., 99., 5.));
#5720 = CARTESIAN_POINT ('', (-126., 98.5, 5.));
#5721 = CARTESIAN_POINT ('', (-125.5, 98.5, 5.));
#5722 = (
   BOUNDED_CURVE ()
   B_SPLINE_CURVE (2, (#5719, #5720, #5721), .UNSPECIFIED., .F., .U.)
   B_SPLINE_CURVE_WITH_KNOTS ((3, 3), (0., 1.), .UNSPECIFIED.)
   CURVE ()
   GEOMETRIC_REPRESENTATION_ITEM ()
   RATIONAL_B_SPLINE_CURVE ((1., 0.707106781186497, 1.))
   REPRESENTATION_ITEM ('')
);
#5723 = EDGE_CURVE ('', #5718, #5709, #5722, .T.);
#5724 = ORIENTED_EDGE ('', *, *, #5723, .F.);
#5725 = CARTESIAN_POINT ('', (-126., 112., 5.));
#5726 = VERTEX_POINT ('', #5725);
#5727 = CARTESIAN_POINT ('', (-126., 112., 5.));
#5728 = CARTESIAN_POINT ('', (-126., 99., 5.));
#5729 = B_SPLINE_CURVE_WITH_KNOTS ('', 1, (#5727, #5728), .UNSPECIFIED., .F., .U., (2, 2), (43., 56.), .UNSPECIFIED.);
#5730 = EDGE_CURVE ('', #5726, #5718, #5729, .T.);
#5731 = ORIENTED_EDGE ('', *, *, #5730, .F.);
#5732 = CARTESIAN_POINT ('', (-125.5, 112.5, 5.));
#5733 = VERTEX_POINT ('', #5732);
#5734 = CARTESIAN_POINT ('', (-125.5, 112.5, 5.));
#5735 = CARTESIAN_POINT ('', (-126., 112.5, 5.));
#5736 = CARTESIAN_POINT ('', (-126., 112., 5.));
#5737 = (
   BOUNDED_CURVE ()
   B_SPLINE_CURVE (2, (#5734, #5735, #5736), .UNSPECIFIED., .F., .U.)
   B_SPLINE_CURVE_WITH_KNOTS ((3, 3), (42., 43.), .UNSPECIFIED.)
   CURVE ()
   GEOMETRIC_REPRESENTATION_ITEM ()
   RATIONAL_B_SPLINE_CURVE ((1., 0.707106781186397, 1.))
   REPRESENTATION_ITEM ('')
);
#5738 = EDGE_CURVE ('', #5733, #5726, #5737, .T.);
#5739 = ORIENTED_EDGE ('', *, *, #5738, .F.);
#5740 = CARTESIAN_POINT ('', (-112.5, 112.5, 5.));
#5741 = VERTEX_POINT ('', #5740);
#5742 = CARTESIAN_POINT ('', (-112.5, 112.5, 5.));
#5743 = CARTESIAN_POINT ('', (-125.5, 112.5, 5.));
#5744 = B_SPLINE_CURVE_WITH_KNOTS ('', 1, (#5742, #5743), .UNSPECIFIED., .F., .U., (2, 2), (29., 42.), .UNSPECIFIED.);
#5745 = EDGE_CURVE ('', #5741, #5733, #5744, .T.);
#5746 = ORIENTED_EDGE ('', *, *, #5745, .F.);
#5747 = CARTESIAN_POINT ('', (-112., 112., 5.));
#5748 = VERTEX_POINT ('', #5747);
#5749 = CARTESIAN_POINT ('', (-112., 112., 5.));
#5750 = CARTESIAN_POINT ('', (-112., 112.5, 5.));
#5751 = CARTESIAN_POINT ('', (-112.5, 112.5, 5.));
#5752 = (
   BOUNDED_CURVE ()
   B_SPLINE_CURVE (2, (#5749, #5750, #5751), .UNSPECIFIED., .F., .U.)
   B_SPLINE_CURVE_WITH_KNOTS ((3, 3), (28., 29.), .UNSPECIFIED.)
   CURVE ()
   GEOMETRIC_REPRESENTATION_ITEM ()
   RATIONAL_B_SPLINE_CURVE ((1., 0.7071067811871, 1.))
   REPRESENTATION_ITEM ('')
);
#5753 = EDGE_CURVE ('', #5748, #5741, #5752, .T.);
#5754 = ORIENTED_EDGE ('', *, *, #5753, .F.);
#5755 = CARTESIAN_POINT ('', (-112., 99., 5.));
#5756 = VERTEX_POINT ('', #5755);
#5757 = CARTESIAN_POINT ('', (-112., 99., 5.));
#5758 = CARTESIAN_POINT ('', (-112., 112., 5.));
#5759 = B_SPLINE_CURVE_WITH_KNOTS ('', 1, (#5757, #5758), .UNSPECIFIED., .F., .U., (2, 2), (15., 28.), .UNSPECIFIED.);
#5760 = EDGE_CURVE ('', #5756, #5748, #5759, .T.);
#5761 = ORIENTED_EDGE ('', *, *, #5760, .F.);
#5762 = CARTESIAN_POINT ('', (-112.5, 98.5000000000001, 5.));
#5763 = CARTESIAN_POINT ('', (-112., 98.5000000000001, 5.));
#5764 = CARTESIAN_POINT ('', (-112., 99., 5.));
#5765 = (
   BOUNDED_CURVE ()
   B_SPLINE_CURVE (2, (#5762, #5763, #5764), .UNSPECIFIED., .F., .U.)
   B_SPLINE_CURVE_WITH_KNOTS ((3, 3), (14., 15.), .UNSPECIFIED.)
   CURVE ()
   GEOMETRIC_REPRESENTATION_ITEM ()
   RATIONAL_B_SPLINE_CURVE ((1., 0.707106781186749, 1.))
   REPRESENTATION_ITEM ('')
);
#5766 = EDGE_CURVE ('', #5711, #5756, #5765, .T.);
#5767 = ORIENTED_EDGE ('', *, *, #5766, .F.);
#5768 = EDGE_LOOP ('', (#5716, #5724, #5731, #5739, #5746, #5754, #5761, #5767));
#5769 = FACE_BOUND ('', #5768, .T.);
#5770 = CARTESIAN_POINT ('', (-149.25, 98.5, 5.));
#5771 = VERTEX_POINT ('', #5770);
#5772 = CARTESIAN_POINT ('', (-136.25, 98.5, 5.));
#5773 = VERTEX_POINT ('', #5772);
#5774 = CARTESIAN_POINT ('', (-149.25, 98.5, 5.));
#5775 = CARTESIAN_POINT ('', (-136.25, 98.5, 5.));
#5776 = B_SPLINE_CURVE_WITH_KNOTS ('', 1, (#5774, #5775), .UNSPECIFIED., .F., .U., (2, 2), (1., 14.), .UNSPECIFIED.);
#5777 = EDGE_CURVE ('', #5771, #5773, #5776, .T.);
#5778 = ORIENTED_EDGE ('', *, *, #5777, .F.);
#5779 = CARTESIAN_POINT ('', (-149.75, 99., 5.));
#5780 = VERTEX_POINT ('', #5779);
#5781 = CARTESIAN_POINT ('', (-149.75, 99., 5.));
#5782 = CARTESIAN_POINT ('', (-149.750000000001, 98.4999999999995, 5.));
#5783 = CARTESIAN_POINT ('', (-149.25, 98.5000000000006, 5.));
#5784 = (
   BOUNDED_CURVE ()
   B_SPLINE_CURVE (2, (#5781, #5782, #5783), .UNSPECIFIED., .F., .U.)
   B_SPLINE_CURVE_WITH_KNOTS ((3, 3), (0., 1.), .UNSPECIFIED.)
   CURVE ()
   GEOMETRIC_REPRESENTATION_ITEM ()
   RATIONAL_B_SPLINE_CURVE ((1., 0.707106781185573, 1.))
   REPRESENTATION_ITEM ('')
);
#5785 = EDGE_CURVE ('', #5780, #5771, #5784, .T.);
#5786 = ORIENTED_EDGE ('', *, *, #5785, .F.);
#5787 = CARTESIAN_POINT ('', (-149.75, 112., 5.));
#5788 = VERTEX_POINT ('', #5787);
#5789 = CARTESIAN_POINT ('', (-149.75, 112., 5.));
#5790 = CARTESIAN_POINT ('', (-149.75, 99., 5.));
#5791 = B_SPLINE_CURVE_WITH_KNOTS ('', 1, (#5789, #5790), .UNSPECIFIED., .F., .U., (2, 2), (43., 56.), .UNSPECIFIED.);
#5792 = EDGE_CURVE ('', #5788, #5780, #5791, .T.);
#5793 = ORIENTED_EDGE ('', *, *, #5792, .F.);
#5794 = CARTESIAN_POINT ('', (-149.25, 112.5, 5.));
#5795 = VERTEX_POINT ('', #5794);
#5796 = CARTESIAN_POINT ('', (-149.25, 112.5, 5.));
#5797 = CARTESIAN_POINT ('', (-149.75, 112.5, 5.));
#5798 = CARTESIAN_POINT ('', (-149.75, 112., 5.));
#5799 = (
   BOUNDED_CURVE ()
   B_SPLINE_CURVE (2, (#5796, #5797, #5798), .UNSPECIFIED., .F., .U.)
   B_SPLINE_CURVE_WITH_KNOTS ((3, 3), (42., 43.), .UNSPECIFIED.)
   CURVE ()
   GEOMETRIC_REPRESENTATION_ITEM ()
   RATIONAL_B_SPLINE_CURVE ((1., 0.707106781186678, 1.))
   REPRESENTATION_ITEM ('')
);
#5800 = EDGE_CURVE ('', #5795, #5788, #5799, .T.);
#5801 = ORIENTED_EDGE ('', *, *, #5800, .F.);
#5802 = CARTESIAN_POINT ('', (-136.25, 112.5, 5.));
#5803 = VERTEX_POINT ('', #5802);
#5804 = CARTESIAN_POINT ('', (-136.25, 112.5, 5.));
#5805 = CARTESIAN_POINT ('', (-149.25, 112.5, 5.));
#5806 = B_SPLINE_CURVE_WITH_KNOTS ('', 1, (#5804, #5805), .UNSPECIFIED., .F., .U., (2, 2), (29., 42.), .UNSPECIFIED.);
#5807 = EDGE_CURVE ('', #5803, #5795, #5806, .T.);
#5808 = ORIENTED_EDGE ('', *, *, #5807, .F.);
#5809 = CARTESIAN_POINT ('', (-135.75, 112., 5.));
#5810 = VERTEX_POINT ('', #5809);
#5811 = CARTESIAN_POINT ('', (-135.75, 112., 5.));
#5812 = CARTESIAN_POINT ('', (-135.75, 112.5, 5.));
#5813 = CARTESIAN_POINT ('', (-136.25, 112.5, 5.));
#5814 = (
   BOUNDED_CURVE ()
   B_SPLINE_CURVE (2, (#5811, #5812, #5813), .UNSPECIFIED., .F., .U.)
   B_SPLINE_CURVE_WITH_KNOTS ((3, 3), (28., 29.), .UNSPECIFIED.)
   CURVE ()
   GEOMETRIC_REPRESENTATION_ITEM ()
   RATIONAL_B_SPLINE_CURVE ((1., 0.707106781186558, 1.))
   REPRESENTATION_ITEM ('')
);
#5815 = EDGE_CURVE ('', #5810, #5803, #5814, .T.);
#5816 = ORIENTED_EDGE ('', *, *, #5815, .F.);
#5817 = CARTESIAN_POINT ('', (-135.75, 99., 5.));
#5818 = VERTEX_POINT ('', #5817);
#5819 = CARTESIAN_POINT ('', (-135.75, 99., 5.));
#5820 = CARTESIAN_POINT ('', (-135.75, 112., 5.));
#5821 = B_SPLINE_CURVE_WITH_KNOTS ('', 1, (#5819, #5820), .UNSPECIFIED., .F., .U., (2, 2), (15., 28.), .UNSPECIFIED.);
#5822 = EDGE_CURVE ('', #5818, #5810, #5821, .T.);
#5823 = ORIENTED_EDGE ('', *, *, #5822, .F.);
#5824 = CARTESIAN_POINT ('', (-136.25, 98.5, 5.));
#5825 = CARTESIAN_POINT ('', (-135.75, 98.5000000000001, 5.));
#5826 = CARTESIAN_POINT ('', (-135.75, 99., 5.));
#5827 = (
   BOUNDED_CURVE ()
   B_SPLINE_CURVE (2, (#5824, #5825, #5826), .UNSPECIFIED., .F., .U.)
   B_SPLINE_CURVE_WITH_KNOTS ((3, 3), (14., 15.), .UNSPECIFIED.)
   CURVE ()
   GEOMETRIC_REPRESENTATION_ITEM ()
   RATIONAL_B_SPLINE_CURVE ((1., 0.707106781186668, 1.))
   REPRESENTATION_ITEM ('')
);
#5828 = EDGE_CURVE ('', #5773, #5818, #5827, .T.);
#5829 = ORIENTED_EDGE ('', *, *, #5828, .F.);
#5830 = EDGE_LOOP ('', (#5778, #5786, #5793, #5801, #5808, #5816, #5823, #5829));
#5831 = FACE_BOUND ('', #5830, .T.);
#5832 = ORIENTED_EDGE ('', *, *, #3080, .F.);
#5833 = CARTESIAN_POINT ('', (-89.9154639651215, 45.2529154715571, 5.));
#5834 = VERTEX_POINT ('', #5833);
#5835 = CARTESIAN_POINT ('', (-89.9154639651215, 45.2529154715571, 5.));
#5836 = CARTESIAN_POINT ('', (-89.8687738743619, 45.171985980907, 5.));
#5837 = CARTESIAN_POINT ('', (-89.8174594782303, 45.0935552668929, 5.));
#5838 = CARTESIAN_POINT ('', (-89.7620034269785, 45.0183610290048, 5.));
#5839 = CARTESIAN_POINT ('', (-89.7066401710642, 44.9432926146206, 5.));
#5840 = CARTESIAN_POINT ('', (-89.6469760120798, 44.8712150551601, 5.));
#5841 = CARTESIAN_POINT ('', (-89.5835702639249, 44.8028040323312, 5.));
#5842 = CARTESIAN_POINT ('', (-89.5202674804791, 44.7345041022862, 5.));
#5843 = CARTESIAN_POINT ('', (-89.4530379636424, 44.6696458722679, 5.));
#5844 = CARTESIAN_POINT ('', (-89.3825099073373, 44.6088353788482, 5.));
#5845 = CARTESIAN_POINT ('', (-89.3120937444684, 44.5481213618583, 5.));
#5846 = CARTESIAN_POINT ('', (-89.2381707333816, 44.4912535557689, 5.));
#5847 = CARTESIAN_POINT ('', (-89.1614294272512, 44.4387616536732, 5.));
#5848 = CARTESIAN_POINT ('', (-89.0848078432214, 44.3863516428184, 5.));
#5849 = CARTESIAN_POINT ('', (-89.0051394406906, 44.338141509536, 5.));
#5850 = CARTESIAN_POINT ('', (-88.9231639798819, 44.2945789085777, 5.));
#5851 = CARTESIAN_POINT ('', (-88.8413150773616, 44.2510835619923, 5.));
#5852 = CARTESIAN_POINT ('', (-88.7569135099327, 44.2120870521306, 5.));
#5853 = CARTESIAN_POINT ('', (-88.6707405751684, 44.1779503661098, 5.));
#5854 = CARTESIAN_POINT ('', (-88.5847001223602, 44.1438661617058, 5.));
#5855 = CARTESIAN_POINT ('', (-88.4966288866206, 44.1145218757981, 5.));
#5856 = CARTESIAN_POINT ('', (-88.4073396362306, 44.0901883130895, 5.));
#5857 = CARTESIAN_POINT ('', (-88.3181879349243, 44.06589223596, 5.));
#5858 = CARTESIAN_POINT ('', (-88.2275483701061, 44.0465168430145, 5.));
#5859 = CARTESIAN_POINT ('', (-88.1362548427253, 44.0322403914919, 5.));
#5860 = CARTESIAN_POINT ('', (-88.045103109289, 44.0179861136593, 5.));
#5861 = CARTESIAN_POINT ('', (-87.9530205655627, 44.0087712903753, 5.));
#5862 = CARTESIAN_POINT ('', (-87.8608517646306, 44.0046804371963, 5.));
#5863 = CARTESIAN_POINT ('', (-87.8334574419773, 44.0034645577362, 5.));
#5864 = CARTESIAN_POINT ('', (-87.8060394023326, 44.0026993483962, 5.));
#5865 = CARTESIAN_POINT ('', (-87.778619906859, 44.0023854304625, 5.));
#5866 = CARTESIAN_POINT ('', (-87.760317515882, 44.0021758916414, 5.));
#5867 = CARTESIAN_POINT ('', (-87.7420117198348, 44.0021673641091, 5.));
#5868 = CARTESIAN_POINT ('', (-87.7237091415791, 44.0023598509508, 5.));
#5869 = CARTESIAN_POINT ('', (-87.6302971480914, 44.0033422578744, 5.));
#5870 = CARTESIAN_POINT ('', (-87.5367940049871, 44.0095784360045, 5.));
#5871 = CARTESIAN_POINT ('', (-87.4440788996635, 44.0210097480692, 5.));
#5872 = CARTESIAN_POINT ('', (-87.3515184559548, 44.0324219911248, 5.));
#5873 = CARTESIAN_POINT ('', (-87.2594540358268, 44.0490476750298, 5.));
#5874 = CARTESIAN_POINT ('', (-87.1687484198, 44.0707309924028, 5.));
#5875 = CARTESIAN_POINT ('', (-87.0781897385171, 44.0923791847988, 5.));
#5876 = CARTESIAN_POINT ('', (-86.9887032492174, 44.1191360473882, 5.));
#5877 = CARTESIAN_POINT ('', (-86.9011248649342, 44.1507516384163, 5.));
#5878 = CARTESIAN_POINT ('', (-86.8136851681782, 44.1823171635728, 5.));
#5879 = CARTESIAN_POINT ('', (-86.727875904056, 44.2188240456262, 5.));
#5880 = CARTESIAN_POINT ('', (-86.64449610506, 44.2599323424355, 5.));
#5881 = CARTESIAN_POINT ('', (-86.5612462226182, 44.3009765871803, 5.));
#5882 = CARTESIAN_POINT ('', (-86.4801604232783, 44.3467349729067, 5.));
#5883 = CARTESIAN_POINT ('', (-86.4019914102731, 44.3967827336862, 5.));
#5884 = CARTESIAN_POINT ('', (-86.3239429996589, 44.4467532787075, 5.));
#5885 = CARTESIAN_POINT ('', (-86.2485614129114, 44.5011541953794, 5.));
#5886 = CARTESIAN_POINT ('', (-86.1765442496421, 44.5594820443349, 5.));
#5887 = CARTESIAN_POINT ('', (-86.1046377970475, 44.6177202269494, 5.));
#5888 = CARTESIAN_POINT ('', (-86.0358641002458, 44.6800524745436, 5.));
#5889 = CARTESIAN_POINT ('', (-85.9708576570312, 44.7459037173532, 5.));
#5890 = CARTESIAN_POINT ('', (-85.9059514060992, 44.8116534658186, 5.));
#5891 = CARTESIAN_POINT ('', (-85.8446016270372, 44.8811130675378, 5.));
#5892 = CARTESIAN_POINT ('', (-85.7873725860937, 44.9536436659498, 5.));
#5893 = CARTESIAN_POINT ('', (-85.7302325278137, 45.0260614900478, 5.));
#5894 = CARTESIAN_POINT ('', (-85.677025591989, 45.1017622409157, 5.));
#5895 = CARTESIAN_POINT ('', (-85.628239633712, 45.1800518173759, 5.));
#5896 = CARTESIAN_POINT ('', (-85.6132611450331, 45.2040886422349, 5.));
#5897 = CARTESIAN_POINT ('', (-85.5986890717665, 45.2283835409513, 5.));
#5898 = CARTESIAN_POINT ('', (-85.5845360348785, 45.2529154715571, 5.));
#5899 = B_SPLINE_CURVE_WITH_KNOTS ('', 3, (#5835, #5836, #5837, #5838, #5839, #5840, #5841, #5842, #5843, #5844, #5845, #5846, #5847, #5848, #5849, #5850, #5851, #5852, #5853, #5854, #5855, #5856, #5857, #5858, #5859, #5860, #5861, #5862, #5863, #5864, #5865, #5866, #5867, #5868, #5869, #5870, #5871, #5872, #5873, #5874, #5875, #5876, #5877, #5878, #5879, #5880, #5881, #5882, #5883, #5884, #5885, #5886, #5887, #5888, #5889, #5890, #5891, #5892, #5893, #5894, #5895, #5896, #5897, #5898), .UNSPECIFIED., .F., .U., (4, 3, 3, 3, 3, 3, 3, 3, 3, 3, 3, 3, 3, 3, 3, 3, 3, 3, 3, 3, 3, 4), (0., 0.280296134986109, 0.560123246775207, 0.839495946810783, 1.11842541938407, 1.39691974139674, 1.67498410834327, 1.95262098014465, 2.22983015547486, 2.50660877911626, 2.58887265629505, 2.64378342753287, 2.92403490541718, 3.20381888508706, 3.48314964047826, 3.76203805279528, 4.04049192075034, 4.31851617854482, 4.59611303470646, 4.87328204000801, 5.15002008864947, 5.23498547366972), .UNSPECIFIED.);
#5900 = EDGE_CURVE ('', #5834, #3069, #5899, .T.);
#5901 = ORIENTED_EDGE ('', *, *, #5900, .F.);
#5902 = CARTESIAN_POINT ('', (-93.9526438082286, 52.250693866276, 5.));
#5903 = VERTEX_POINT ('', #5902);
#5904 = CARTESIAN_POINT ('', (-93.9526438082287, 52.250693866276, 5.));
#5905 = CARTESIAN_POINT ('', (-89.9154639651215, 45.2529154715571, 5.));
#5906 = B_SPLINE_CURVE_WITH_KNOTS ('', 1, (#5904, #5905), .UNSPECIFIED., .F., .U., (2, 2), (0., 1.), .UNSPECIFIED.);
#5907 = EDGE_CURVE ('', #5903, #5834, #5906, .T.);
#5908 = ORIENTED_EDGE ('', *, *, #5907, .F.);
#5909 = CARTESIAN_POINT ('', (-91.787179843107, 55.9999999999997, 5.));
#5910 = VERTEX_POINT ('', #5909);
#5911 = CARTESIAN_POINT ('', (-91.787179843107, 55.9999999999997, 5.));
#5912 = CARTESIAN_POINT ('', (-91.880611547341, 55.9999999999997, 5.));
#5913 = CARTESIAN_POINT ('', (-91.9741897148964, 55.9947458369959, 5.));
#5914 = CARTESIAN_POINT ('', (-92.0670341795654, 55.9842869299588, 5.));
#5915 = CARTESIAN_POINT ('', (-92.1597232974754, 55.9738455226976, 5.));
#5916 = CARTESIAN_POINT ('', (-92.2519710425513, 55.9581841746465, 5.));
#5917 = CARTESIAN_POINT ('', (-92.3429126563893, 55.9374497000431, 5.));
#5918 = CARTESIAN_POINT ('', (-92.4337065983824, 55.9167488942739, 5.));
#5919 = CARTESIAN_POINT ('', (-92.5234816769286, 55.8909269484391, 5.));
#5920 = CARTESIAN_POINT ('', (-92.611399037684, 55.8602251416528, 5.));
#5921 = CARTESIAN_POINT ('', (-92.6991769226814, 55.8295720414899, 5.));
#5922 = CARTESIAN_POINT ('', (-92.7853757421424, 55.7939593537795, 5.));
#5923 = CARTESIAN_POINT ('', (-92.8691926057196, 55.7537187893663, 5.));
#5924 = CARTESIAN_POINT ('', (-92.9528787126114, 55.7135410013755, 5.));
#5925 = CARTESIAN_POINT ('', (-93.0344495307901, 55.668625358452, 5.));
#5926 = CARTESIAN_POINT ('', (-93.1131476401891, 55.6193889216236, 5.));
#5927 = CARTESIAN_POINT ('', (-93.191724252957, 55.5702284975642, 5.));
#5928 = CARTESIAN_POINT ('', (-93.2676796877483, 55.5166088468974, 5.));
#5929 = CARTESIAN_POINT ('', (-93.3403108366914, 55.459026318549, 5.));
#5930 = CARTESIAN_POINT ('', (-93.4128303230285, 55.4015323171655, 5.));
#5931 = CARTESIAN_POINT ('', (-93.4822590176806, 55.3399106576193, 5.));
#5932 = CARTESIAN_POINT ('', (-93.5479561998777, 55.2747300136746, 5.));
#5933 = CARTESIAN_POINT ('', (-93.6135521751996, 55.2096497808753, 5.));
#5934 = CARTESIAN_POINT ('', (-93.6756294766566, 55.1408218215962, 5.));
#5935 = CARTESIAN_POINT ('', (-93.7336169852374, 55.0688793617534, 5.));
#5936 = CARTESIAN_POINT ('', (-93.79151442745, 54.9970486431499, 5.));
#5937 = CARTESIAN_POINT ('', (-93.8455119495721, 54.9218933523459, 5.));
#5938 = CARTESIAN_POINT ('', (-93.8951143060625, 54.8441027862054, 5.));
#5939 = CARTESIAN_POINT ('', (-93.9098571051063, 54.8209818950772, 5.));
#5940 = CARTESIAN_POINT ('', (-93.9242213937154, 54.7976152498734, 5.));
#5941 = CARTESIAN_POINT ('', (-93.9381955093089, 54.7740218223228, 5.));
#5942 = CARTESIAN_POINT ('', (-93.9475237530972, 54.7582723287307, 5.));
#5943 = CARTESIAN_POINT ('', (-93.9566795645498, 54.7424194224741, 5.));
#5944 = CARTESIAN_POINT ('', (-93.9656596307739, 54.7264688396888, 5.));
#5945 = CARTESIAN_POINT ('', (-94.0114884264403, 54.6450667674783, 5.));
#5946 = CARTESIAN_POINT ('', (-94.0528121338853, 54.5609603662983, 5.));
#5947 = CARTESIAN_POINT ('', (-94.0892422047314, 54.474940451101, 5.));
#5948 = CARTESIAN_POINT ('', (-94.1256115179154, 54.3890639989501, 5.));
#5949 = CARTESIAN_POINT ('', (-94.1572172568453, 54.3010119533798, 5.));
#5950 = CARTESIAN_POINT ('', (-94.1837632349673, 54.2116094756678, 5.));
#5951 = CARTESIAN_POINT ('', (-94.210266218197, 54.122351797665, 5.));
#5952 = CARTESIAN_POINT ('', (-94.2318084554575, 54.0314699322455, 5.));
#5953 = CARTESIAN_POINT ('', (-94.2481887200763, 53.9398128095897, 5.));
#5954 = CARTESIAN_POINT ('', (-94.2645430484296, 53.8483008154489, 5.));
#5955 = CARTESIAN_POINT ('', (-94.275802589367, 53.7557317655781, 5.));
#5956 = CARTESIAN_POINT ('', (-94.2818624992146, 53.6629676204564, 5.));
#5957 = CARTESIAN_POINT ('', (-94.2879129677213, 53.5703480018922, 5.));
#5958 = CARTESIAN_POINT ('', (-94.2887987803599, 53.4772470948911, 5.));
#5959 = CARTESIAN_POINT ('', (-94.2845117144721, 53.3845291194052, 5.));
#5960 = CARTESIAN_POINT ('', (-94.2802312625631, 53.291954186911, 5.));
#5961 = CARTESIAN_POINT ('', (-94.270780716408, 53.1994752214302, 5.));
#5962 = CARTESIAN_POINT ('', (-94.256247531948, 53.1079480290538, 5.));
#5963 = CARTESIAN_POINT ('', (-94.2417366890185, 53.0165615393275, 5.));
#5964 = CARTESIAN_POINT ('', (-94.2221142129037, 52.9258426436499, 5.));
#5965 = CARTESIAN_POINT ('', (-94.1975611346306, 52.8366282871015, 5.));
#5966 = CARTESIAN_POINT ('', (-94.1730459005874, 52.7475514387129, 5.));
#5967 = CARTESIAN_POINT ('', (-94.1435400835438, 52.6597011847512, 5.));
#5968 = CARTESIAN_POINT ('', (-94.1093150586808, 52.5738855143164, 5.));
#5969 = CARTESIAN_POINT ('', (-94.0751432527047, 52.4882032846748, 5.));
#5970 = CARTESIAN_POINT ('', (-94.0361624308493, 52.4042872288628, 5.));
#5971 = CARTESIAN_POINT ('', (-93.9927300016275, 52.3229067588967, 5.));
#5972 = CARTESIAN_POINT ('', (-93.9797673789618, 52.2986183563498, 5.));
#5973 = CARTESIAN_POINT ('', (-93.9664016682179, 52.2745408235906, 5.));
#5974 = CARTESIAN_POINT ('', (-93.9526438082286, 52.250693866276, 5.));
#5975 = B_SPLINE_CURVE_WITH_KNOTS ('', 3, (#5911, #5912, #5913, #5914, #5915, #5916, #5917, #5918, #5919, #5920, #5921, #5922, #5923, #5924, #5925, #5926, #5927, #5928, #5929, #5930, #5931, #5932, #5933, #5934, #5935, #5936, #5937, #5938, #5939, #5940, #5941, #5942, #5943, #5944, #5945, #5946, #5947, #5948, #5949, #5950, #5951, #5952, #5953, #5954, #5955, #5956, #5957, #5958, #5959, #5960, #5961, #5962, #5963, #5964, #5965, #5966, #5967, #5968, #5969, #5970, #5971, #5972, #5973, #5974), .UNSPECIFIED., .F., .U., (4, 3, 3, 3, 3, 3, 3, 3, 3, 3, 3, 3, 3, 3, 3, 3, 3, 3, 3, 3, 3, 4), (0., 0.280295112702056, 0.560121237431124, 0.839492977876192, 1.11842151137162, 1.39691490844019, 1.67497835859143, 1.95261431599447, 2.22982257365791, 2.50660027064373, 2.58886406323724, 2.64377821555916, 2.92402664615514, 3.20380768157303, 3.48313557280959, 3.76202118044776, 4.04047228425081, 4.31849380060111, 4.59608792086152, 4.87325417885724, 5.14998945163642, 5.23258245837342), .UNSPECIFIED.);
#5976 = EDGE_CURVE ('', #5910, #5903, #5975, .T.);
#5977 = ORIENTED_EDGE ('', *, *, #5976, .F.);
#5978 = CARTESIAN_POINT ('', (-83.7128201568929, 56., 5.));
#5979 = VERTEX_POINT ('', #5978);
#5980 = CARTESIAN_POINT ('', (-83.7128201568929, 56., 5.));
#5981 = CARTESIAN_POINT ('', (-91.787179843107, 55.9999999999997, 5.));
#5982 = B_SPLINE_CURVE_WITH_KNOTS ('', 1, (#5980, #5981), .UNSPECIFIED., .F., .U., (2, 2), (0., 1.), .UNSPECIFIED.);
#5983 = EDGE_CURVE ('', #5979, #5910, #5982, .T.);
#5984 = ORIENTED_EDGE ('', *, *, #5983, .F.);
#5985 = CARTESIAN_POINT ('', (-81.5473561917714, 52.2506938662761, 5.));
#5986 = CARTESIAN_POINT ('', (-81.5006662712979, 52.3316230617635, 5.));
#5987 = CARTESIAN_POINT ('', (-81.4584542400748, 52.4153047448962, 5.));
#5988 = CARTESIAN_POINT ('', (-81.4211171309188, 52.5009518326222, 5.));
#5989 = CARTESIAN_POINT ('', (-81.3838424939728, 52.586455616194, 5.));
#5990 = CARTESIAN_POINT ('', (-81.3513098584145, 52.6741856105972, 5.));
#5991 = CARTESIAN_POINT ('', (-81.3238241950588, 52.7633194081963, 5.));
#5992 = CARTESIAN_POINT ('', (-81.2963831631809, 52.8523084694994, 5.));
#5993 = CARTESIAN_POINT ('', (-81.2738871379535, 52.9429741546489, 5.));
#5994 = CARTESIAN_POINT ('', (-81.2565463212364, 53.0344692875125, 5.));
#5995 = CARTESIAN_POINT ('', (-81.2392330147122, 53.1258192686916, 5.));
#5996 = CARTESIAN_POINT ('', (-81.2270047259385, 53.2182799033212, 5.));
#5997 = CARTESIAN_POINT ('', (-81.219975354097, 53.3109899759979, 5.));
#5998 = CARTESIAN_POINT ('', (-81.2129569482751, 53.4035554183306, 5.));
#5999 = CARTESIAN_POINT ('', (-81.2110994613701, 53.4966562405611, 5.));
#6000 = CARTESIAN_POINT ('', (-81.2144201409454, 53.5894279615847, 5.));
#6001 = CARTESIAN_POINT ('', (-81.2177356939505, 53.6820564586904, 5.));
#6002 = CARTESIAN_POINT ('', (-81.2262236262572, 53.7746429048752, 5.));
#6003 = CARTESIAN_POINT ('', (-81.2398053663712, 53.8663302415321, 5.));
#6004 = CARTESIAN_POINT ('', (-81.2533662260157, 53.9578766187373, 5.));
#6005 = CARTESIAN_POINT ('', (-81.272046941669, 54.0488084801996, 5.));
#6006 = CARTESIAN_POINT ('', (-81.2956751188683, 54.1382866637748, 5.));
#6007 = CARTESIAN_POINT ('', (-81.3192668967289, 54.2276270057096, 5.));
#6008 = CARTESIAN_POINT ('', (-81.3478632615835, 54.3157923461321, 5.));
#6009 = CARTESIAN_POINT ('', (-81.3812011232645, 54.4019715527783, 5.));
#6010 = CARTESIAN_POINT ('', (-81.4144872044811, 54.4880169056285, 5.));
#6011 = CARTESIAN_POINT ('', (-81.4526018598536, 54.5723455672862, 5.));
#6012 = CARTESIAN_POINT ('', (-81.4951955156908, 54.6541841060823, 5.));
#6013 = CARTESIAN_POINT ('', (-81.5078551906131, 54.6785081345535, 5.));
#6014 = CARTESIAN_POINT ('', (-81.5209168843366, 54.7026271115716, 5.));
#6015 = CARTESIAN_POINT ('', (-81.5343699918767, 54.7265214545783, 5.));
#6016 = CARTESIAN_POINT ('', (-81.5433504433411, 54.74247182047, 5.));
#6017 = CARTESIAN_POINT ('', (-81.5525066376748, 54.7583245055882, 5.));
#6018 = CARTESIAN_POINT ('', (-81.5618352618465, 54.7740737738774, 5.));
#6019 = CARTESIAN_POINT ('', (-81.6094428852589, 54.8544484593537, 5.));
#6020 = CARTESIAN_POINT ('', (-81.6616442531837, 54.9322723162565, 5.));
#6021 = CARTESIAN_POINT ('', (-81.7179485394566, 55.0068136015934, 5.));
#6022 = CARTESIAN_POINT ('', (-81.7741589220747, 55.0812305678137, 5.));
#6023 = CARTESIAN_POINT ('', (-81.8346342373675, 55.1526085875584, 5.));
#6024 = CARTESIAN_POINT ('', (-81.8988077536012, 55.2202787566856, 5.));
#6025 = CARTESIAN_POINT ('', (-81.9628773319271, 55.2878393245907, 5.));
#6026 = CARTESIAN_POINT ('', (-82.0308327541292, 55.3519146087621, 5.));
#6027 = CARTESIAN_POINT ('', (-82.1020392466082, 55.411906080084, 5.));
#6028 = CARTESIAN_POINT ('', (-82.1731329917937, 55.4718025618089, 5.));
#6029 = CARTESIAN_POINT ('', (-82.2476883230835, 55.527814246593, 5.));
#6030 = CARTESIAN_POINT ('', (-82.3250110154731, 55.5794195793518, 5.));
#6031 = CARTESIAN_POINT ('', (-82.4022132390918, 55.6309445109913, 5.));
#6032 = CARTESIAN_POINT ('', (-82.4824132423192, 55.6782364027995, 5.));
#6033 = CARTESIAN_POINT ('', (-82.5648665593364, 55.7208562623134, 5.));
#6034 = CARTESIAN_POINT ('', (-82.6471926694223, 55.7634103689658, 5.));
#6035 = CARTESIAN_POINT ('', (-82.7320192664458, 55.8014382576322, 5.));
#6036 = CARTESIAN_POINT ('', (-82.8185613598092, 55.8345880158688, 5.));
#6037 = CARTESIAN_POINT ('', (-82.9049704140006, 55.8676868137437, 5.));
#6038 = CARTESIAN_POINT ('', (-82.9933556057265, 55.8960243768964, 5.));
#6039 = CARTESIAN_POINT ('', (-83.0829015199526, 55.919339271544, 5.));
#6040 = CARTESIAN_POINT ('', (-83.1723094149814, 55.942618230403, 5.));
#6041 = CARTESIAN_POINT ('', (-83.263148757979, 55.9609614614247, 5.));
#6042 = CARTESIAN_POINT ('', (-83.354584068162, 55.9742002555838, 5.));
#6043 = CARTESIAN_POINT ('', (-83.4458771991805, 55.987418463815, 5.));
#6044 = CARTESIAN_POINT ('', (-83.5380436690996, 55.995588575089, 5.));
#6045 = CARTESIAN_POINT ('', (-83.6302384192619, 55.9986356790476, 5.));
#6046 = CARTESIAN_POINT ('', (-83.6577543970582, 55.9995451022493, 5.));
#6047 = CARTESIAN_POINT ('', (-83.6852891546473, 56., 5.));
#6048 = CARTESIAN_POINT ('', (-83.7128201568929, 56., 5.));
#6049 = B_SPLINE_CURVE_WITH_KNOTS ('', 3, (#5985, #5986, #5987, #5988, #5989, #5990, #5991, #5992, #5993, #5994, #5995, #5996, #5997, #5998, #5999, #6000, #6001, #6002, #6003, #6004, #6005, #6006, #6007, #6008, #6009, #6010, #6011, #6012, #6013, #6014, #6015, #6016, #6017, #6018, #6019, #6020, #6021, #6022, #6023, #6024, #6025, #6026, #6027, #6028, #6029, #6030, #6031, #6032, #6033, #6034, #6035, #6036, #6037, #6038, #6039, #6040, #6041, #6042, #6043, #6044, #6045, #6046, #6047, #6048), .UNSPECIFIED., .F., .U., (4, 3, 3, 3, 3, 3, 3, 3, 3, 3, 3, 3, 3, 3, 3, 3, 3, 3, 3, 3, 3, 4), (0., 0.280295112702059, 0.560121237431102, 0.839492977876157, 1.11842151137161, 1.39691490844023, 1.67497835859142, 1.95261431599449, 2.22982257365789, 2.50660027064365, 2.5888640632372, 2.64377821555911, 2.92402664615504, 3.20380768157291, 3.48313557280946, 3.76202118044761, 4.04047228425066, 4.31849380060096, 4.59608792086136, 4.87325417885715, 5.14998945163629, 5.23258245837306), .UNSPECIFIED.);
#6050 = EDGE_CURVE ('', #3076, #5979, #6049, .T.);
#6051 = ORIENTED_EDGE ('', *, *, #6050, .F.);
#6052 = EDGE_LOOP ('', (#5832, #5901, #5908, #5977, #5984, #6051));
#6053 = FACE_BOUND ('', #6052, .T.);
#6054 = CARTESIAN_POINT ('', (-179., 11.0227652786216, 5.));
#6055 = CARTESIAN_POINT ('', (-179., 137., 5.));
#6056 = CARTESIAN_POINT ('', (-5.50000000000011, 11.0227652786216, 5.));
#6057 = CARTESIAN_POINT ('', (-5.50000000000011, 137., 5.));
#6058 = B_SPLINE_SURFACE_WITH_KNOTS ('', 1, 1, ((#6054, #6055), (#6056, #6057)), .UNSPECIFIED., .F., .F., .U., (2, 2), (2, 2), (0.303173895950627, 0.688502331386786), (0.341808984958867, 0.621593484992079), .UNSPECIFIED.);
#6059 = ADVANCED_FACE ('', (#3393, #3423, #3485, #3547, #3609, #3671, #3733, #3795, #3857, #3919, #3981, #4043, #4105, #4167, #4317, #4379, #4441, #4503, #4565, #4627, #4689, #4751, #4813, #4875, #5025, #5087, #5149, #5211, #5273, #5335, #5397, #5459, #5521, #5583, #5645, #5707, #5769, #5831, #6053), #6058, .T.);
#6060 = CARTESIAN_POINT ('', (-89.9154639651215, 45.2529154715571, 5.));
#6061 = CARTESIAN_POINT ('', (-89.9154639651215, 45.2529154715571, 3.5));
#6062 = B_SPLINE_CURVE_WITH_KNOTS ('', 1, (#6060, #6061), .UNSPECIFIED., .F., .U., (2, 2), (0.0833333333333335, 0.916666666666666), .UNSPECIFIED.);
#6063 = EDGE_CURVE ('', #5834, #2987, #6062, .T.);
#6064 = ORIENTED_EDGE ('', *, *, #6063, .F.);
#6065 = ORIENTED_EDGE ('', *, *, #5900, .T.);
#6066 = ORIENTED_EDGE ('', *, *, #3073, .T.);
#6067 = ORIENTED_EDGE ('', *, *, #3058, .F.);
#6068 = EDGE_LOOP ('', (#6064, #6065, #6066, #6067));
#6069 = FACE_OUTER_BOUND ('', #6068, .T.);
#6070 = CARTESIAN_POINT ('', (-85.5845360348785, 45.2529154715571, 5.));
#6071 = CARTESIAN_POINT ('', (-86.3060901884993, 44.0022216052811, 5.));
#6072 = CARTESIAN_POINT ('', (-87.75, 44.0022216052811, 5.));
#6073 = CARTESIAN_POINT ('', (-89.1939098115007, 44.002221605281, 5.));
#6074 = CARTESIAN_POINT ('', (-89.9154639651215, 45.2529154715571, 5.));
#6075 = CARTESIAN_POINT ('', (-85.5845360348785, 45.2529154715571, 3.5));
#6076 = CARTESIAN_POINT ('', (-86.3060901884993, 44.0022216052811, 3.5));
#6077 = CARTESIAN_POINT ('', (-87.75, 44.0022216052811, 3.5));
#6078 = CARTESIAN_POINT ('', (-89.1939098115007, 44.0022216052811, 3.5));
#6079 = CARTESIAN_POINT ('', (-89.9154639651215, 45.2529154715571, 3.5));
#6080 = (
   BOUNDED_SURFACE ()
   B_SPLINE_SURFACE (1, 2, ((#6070, #6071, #6072, #6073, #6074), (#6075, #6076, #6077, #6078, #6079)), .UNSPECIFIED., .F., .F., .U.)
   B_SPLINE_SURFACE_WITH_KNOTS ((2, 2), (3, 2, 3), (0.0833333333333322, 0.916666666666667), (45.3852519611603, 45.8852519611603, 46.3852519611603), .UNSPECIFIED.)
   GEOMETRIC_REPRESENTATION_ITEM ()
   RATIONAL_B_SPLINE_SURFACE (((1., 0.865945279301639, 1., 0.865945279301639, 1.), (1., 0.865945279301639, 1., 0.865945279301639, 1.)))
   REPRESENTATION_ITEM ('')
   SURFACE ()
);
#6081 = ADVANCED_FACE ('', (#6069), #6080, .T.);
#6082 = CARTESIAN_POINT ('', (-93.9526438082287, 52.250693866276, 5.));
#6083 = CARTESIAN_POINT ('', (-93.9526438082287, 52.250693866276, 3.5));
#6084 = B_SPLINE_CURVE_WITH_KNOTS ('', 1, (#6082, #6083), .UNSPECIFIED., .F., .U., (2, 2), (0.0833333333333335, 0.916666666666666), .UNSPECIFIED.);
#6085 = EDGE_CURVE ('', #5903, #2918, #6084, .T.);
#6086 = ORIENTED_EDGE ('', *, *, #6085, .F.);
#6087 = ORIENTED_EDGE ('', *, *, #5907, .T.);
#6088 = ORIENTED_EDGE ('', *, *, #6063, .T.);
#6089 = ORIENTED_EDGE ('', *, *, #2991, .F.);
#6090 = EDGE_LOOP ('', (#6086, #6087, #6088, #6089));
#6091 = FACE_OUTER_BOUND ('', #6090, .T.);
#6092 = CARTESIAN_POINT ('', (-89.9154639651215, 45.2529154715571, 5.));
#6093 = CARTESIAN_POINT ('', (-93.9526438082287, 52.250693866276, 5.));
#6094 = CARTESIAN_POINT ('', (-89.9154639651215, 45.2529154715571, 3.5));
#6095 = CARTESIAN_POINT ('', (-93.9526438082287, 52.250693866276, 3.5));
#6096 = B_SPLINE_SURFACE_WITH_KNOTS ('', 1, 1, ((#6092, #6093), (#6094, #6095)), .UNSPECIFIED., .F., .F., .U., (2, 2), (2, 2), (0.0833333333333334, 0.916666666666666), (19.1532038824581, 27.2320480787021), .UNSPECIFIED.);
#6097 = ADVANCED_FACE ('', (#6091), #6096, .T.);
#6098 = CARTESIAN_POINT ('', (-91.787179843107, 55.9999999999997, 5.));
#6099 = CARTESIAN_POINT ('', (-91.787179843107, 55.9999999999997, 3.5));
#6100 = B_SPLINE_CURVE_WITH_KNOTS ('', 1, (#6098, #6099), .UNSPECIFIED., .F., .U., (2, 2), (0.0833333333333335, 0.916666666666666), .UNSPECIFIED.);
#6101 = EDGE_CURVE ('', #5910, #2911, #6100, .T.);
#6102 = ORIENTED_EDGE ('', *, *, #6101, .F.);
#6103 = ORIENTED_EDGE ('', *, *, #5976, .T.);
#6104 = ORIENTED_EDGE ('', *, *, #6085, .T.);
#6105 = ORIENTED_EDGE ('', *, *, #2984, .F.);
#6106 = EDGE_LOOP ('', (#6102, #6103, #6104, #6105));
#6107 = FACE_OUTER_BOUND ('', #6106, .T.);
#6108 = CARTESIAN_POINT ('', (-93.9526438082287, 52.250693866276, 5.));
#6109 = CARTESIAN_POINT ('', (-94.6737975988461, 53.5006937700126, 5.00000000000001));
#6110 = CARTESIAN_POINT ('', (-93.9520430413613, 54.7503468850063, 5.));
#6111 = CARTESIAN_POINT ('', (-93.2302884838765, 56., 5.00000000000001));
#6112 = CARTESIAN_POINT ('', (-91.787179843107, 55.9999999999997, 5.));
#6113 = CARTESIAN_POINT ('', (-93.9526438082287, 52.250693866276, 3.5));
#6114 = CARTESIAN_POINT ('', (-94.6737975988461, 53.5006937700126, 3.5));
#6115 = CARTESIAN_POINT ('', (-93.9520430413613, 54.7503468850063, 3.5));
#6116 = CARTESIAN_POINT ('', (-93.2302884838765, 56., 3.5));
#6117 = CARTESIAN_POINT ('', (-91.787179843107, 55.9999999999997, 3.5));
#6118 = (
   BOUNDED_SURFACE ()
   B_SPLINE_SURFACE (1, 2, ((#6108, #6109, #6110, #6111, #6112), (#6113, #6114, #6115, #6116, #6117)), .UNSPECIFIED., .F., .F., .U.)
   B_SPLINE_SURFACE_WITH_KNOTS ((2, 2), (3, 2, 3), (0.0833333333333312, 0.916666666666667), (27.2320480787021, 27.7320480787021, 28.2320480787021), .UNSPECIFIED.)
   GEOMETRIC_REPRESENTATION_ITEM ()
   RATIONAL_B_SPLINE_SURFACE (((1., 0.86606545768851, 1., 0.86606545768851, 1.), (1., 0.86606545768851, 1., 0.86606545768851, 1.)))
   REPRESENTATION_ITEM ('')
   SURFACE ()
);
#6119 = ADVANCED_FACE ('', (#6107), #6118, .T.);
#6120 = CARTESIAN_POINT ('', (-83.7128201568929, 56., 5.));
#6121 = CARTESIAN_POINT ('', (-83.7128201568929, 56., 3.5));
#6122 = B_SPLINE_CURVE_WITH_KNOTS ('', 1, (#6120, #6121), .UNSPECIFIED., .F., .U., (2, 2), (0.0833333333333331, 0.916666666666666), .UNSPECIFIED.);
#6123 = EDGE_CURVE ('', #5979, #2842, #6122, .T.);
#6124 = ORIENTED_EDGE ('', *, *, #6123, .F.);
#6125 = ORIENTED_EDGE ('', *, *, #5983, .T.);
#6126 = ORIENTED_EDGE ('', *, *, #6101, .T.);
#6127 = ORIENTED_EDGE ('', *, *, #2915, .F.);
#6128 = EDGE_LOOP ('', (#6124, #6125, #6126, #6127));
#6129 = FACE_OUTER_BOUND ('', #6128, .T.);
#6130 = CARTESIAN_POINT ('', (-91.787179843107, 55.9999999999997, 5.));
#6131 = CARTESIAN_POINT ('', (-83.7128201568929, 56., 5.));
#6132 = CARTESIAN_POINT ('', (-91.787179843107, 55.9999999999997, 3.5));
#6133 = CARTESIAN_POINT ('', (-83.7128201568929, 56., 3.5));
#6134 = B_SPLINE_SURFACE_WITH_KNOTS ('', 1, 1, ((#6130, #6131), (#6132, #6133)), .UNSPECIFIED., .F., .F., .U., (2, 2), (2, 2), (0.0833333333333334, 0.916666666666667), (28.2320480787021, 36.3064077649163), .UNSPECIFIED.);
#6135 = ADVANCED_FACE ('', (#6129), #6134, .T.);
#6136 = ORIENTED_EDGE ('', *, *, #3085, .F.);
#6137 = ORIENTED_EDGE ('', *, *, #6050, .T.);
#6138 = ORIENTED_EDGE ('', *, *, #6123, .T.);
#6139 = ORIENTED_EDGE ('', *, *, #2908, .F.);
#6140 = EDGE_LOOP ('', (#6136, #6137, #6138, #6139));
#6141 = FACE_OUTER_BOUND ('', #6140, .T.);
#6142 = CARTESIAN_POINT ('', (-83.7128201568929, 56., 5.));
#6143 = CARTESIAN_POINT ('', (-82.2697115161235, 56., 5.));
#6144 = CARTESIAN_POINT ('', (-81.5479569586388, 54.7503468850063, 5.));
#6145 = CARTESIAN_POINT ('', (-80.8262024011541, 53.5006937700127, 5.));
#6146 = CARTESIAN_POINT ('', (-81.5473561917714, 52.2506938662761, 5.));
#6147 = CARTESIAN_POINT ('', (-83.7128201568929, 56., 3.49999999999999));
#6148 = CARTESIAN_POINT ('', (-82.2697115161235, 56., 3.49999999999999));
#6149 = CARTESIAN_POINT ('', (-81.5479569586388, 54.7503468850063, 3.49999999999999));
#6150 = CARTESIAN_POINT ('', (-80.8262024011542, 53.5006937700127, 3.49999999999999));
#6151 = CARTESIAN_POINT ('', (-81.5473561917714, 52.2506938662761, 3.49999999999999));
#6152 = (
   BOUNDED_SURFACE ()
   B_SPLINE_SURFACE (1, 2, ((#6142, #6143, #6144, #6145, #6146), (#6147, #6148, #6149, #6150, #6151)), .UNSPECIFIED., .F., .F., .U.)
   B_SPLINE_SURFACE_WITH_KNOTS ((2, 2), (3, 2, 3), (0.0833333333333323, 0.91666666666667), (36.3064077649163, 36.8064077649163, 37.3064077649163), .UNSPECIFIED.)
   GEOMETRIC_REPRESENTATION_ITEM ()
   RATIONAL_B_SPLINE_SURFACE (((1., 0.866065457688549, 1., 0.866065457688549, 1.), (1., 0.866065457688549, 1., 0.866065457688549, 1.)))
   REPRESENTATION_ITEM ('')
   SURFACE ()
);
#6153 = ADVANCED_FACE ('', (#6141), #6152, .T.);
#6154 = ORIENTED_EDGE ('', *, *, #5777, .T.);
#6155 = CARTESIAN_POINT ('', (-136.25, 98.5, 3.5));
#6156 = CARTESIAN_POINT ('', (-136.25, 98.5, 5.));
#6157 = B_SPLINE_CURVE_WITH_KNOTS ('', 1, (#6155, #6156), .UNSPECIFIED., .F., .U., (2, 2), (0., 1.), .UNSPECIFIED.);
#6158 = EDGE_CURVE ('', #2773, #5773, #6157, .T.);
#6159 = ORIENTED_EDGE ('', *, *, #6158, .F.);
#6160 = ORIENTED_EDGE ('', *, *, #2777, .F.);
#6161 = CARTESIAN_POINT ('', (-149.25, 98.5, 3.5));
#6162 = CARTESIAN_POINT ('', (-149.25, 98.5, 5.));
#6163 = B_SPLINE_CURVE_WITH_KNOTS ('', 1, (#6161, #6162), .UNSPECIFIED., .F., .U., (2, 2), (0., 1.), .UNSPECIFIED.);
#6164 = EDGE_CURVE ('', #2771, #5771, #6163, .T.);
#6165 = ORIENTED_EDGE ('', *, *, #6164, .T.);
#6166 = EDGE_LOOP ('', (#6154, #6159, #6160, #6165));
#6167 = FACE_OUTER_BOUND ('', #6166, .T.);
#6168 = CARTESIAN_POINT ('', (-149.25, 98.5, 3.5));
#6169 = CARTESIAN_POINT ('', (-136.25, 98.5, 3.5));
#6170 = CARTESIAN_POINT ('', (-149.25, 98.5, 5.));
#6171 = CARTESIAN_POINT ('', (-136.25, 98.5, 5.));
#6172 = B_SPLINE_SURFACE_WITH_KNOTS ('', 1, 1, ((#6168, #6169), (#6170, #6171)), .UNSPECIFIED., .F., .F., .U., (2, 2), (2, 2), (0., 1.), (1., 14.), .UNSPECIFIED.);
#6173 = ADVANCED_FACE ('', (#6167), #6172, .T.);
#6174 = ORIENTED_EDGE ('', *, *, #5785, .T.);
#6175 = ORIENTED_EDGE ('', *, *, #6164, .F.);
#6176 = ORIENTED_EDGE ('', *, *, #2828, .F.);
#6177 = CARTESIAN_POINT ('', (-149.75, 99., 3.5));
#6178 = CARTESIAN_POINT ('', (-149.75, 99., 5.));
#6179 = B_SPLINE_CURVE_WITH_KNOTS ('', 1, (#6177, #6178), .UNSPECIFIED., .F., .U., (2, 2), (0., 1.), .UNSPECIFIED.);
#6180 = EDGE_CURVE ('', #2818, #5780, #6179, .T.);
#6181 = ORIENTED_EDGE ('', *, *, #6180, .T.);
#6182 = EDGE_LOOP ('', (#6174, #6175, #6176, #6181));
#6183 = FACE_OUTER_BOUND ('', #6182, .T.);
#6184 = CARTESIAN_POINT ('', (-149.75, 99., 3.5));
#6185 = CARTESIAN_POINT ('', (-149.75, 98.5, 3.5));
#6186 = CARTESIAN_POINT ('', (-149.25, 98.5, 3.5));
#6187 = CARTESIAN_POINT ('', (-149.75, 99., 5.));
#6188 = CARTESIAN_POINT ('', (-149.75, 98.5, 5.));
#6189 = CARTESIAN_POINT ('', (-149.25, 98.5, 5.));
#6190 = (
   BOUNDED_SURFACE ()
   B_SPLINE_SURFACE (1, 2, ((#6184, #6185, #6186), (#6187, #6188, #6189)), .UNSPECIFIED., .F., .F., .U.)
   B_SPLINE_SURFACE_WITH_KNOTS ((2, 2), (3, 3), (0., 1.), (0., 1.), .UNSPECIFIED.)
   GEOMETRIC_REPRESENTATION_ITEM ()
   RATIONAL_B_SPLINE_SURFACE (((1., 0.707106781186537, 1.), (1., 0.707106781186537, 1.)))
   REPRESENTATION_ITEM ('')
   SURFACE ()
);
#6191 = ADVANCED_FACE ('', (#6183), #6190, .T.);
#6192 = ORIENTED_EDGE ('', *, *, #5792, .T.);
#6193 = ORIENTED_EDGE ('', *, *, #6180, .F.);
#6194 = ORIENTED_EDGE ('', *, *, #2822, .F.);
#6195 = CARTESIAN_POINT ('', (-149.75, 112., 3.5));
#6196 = CARTESIAN_POINT ('', (-149.75, 112., 5.));
#6197 = B_SPLINE_CURVE_WITH_KNOTS ('', 1, (#6195, #6196), .UNSPECIFIED., .F., .U., (2, 2), (0., 1.), .UNSPECIFIED.);
#6198 = EDGE_CURVE ('', #2810, #5788, #6197, .T.);
#6199 = ORIENTED_EDGE ('', *, *, #6198, .T.);
#6200 = EDGE_LOOP ('', (#6192, #6193, #6194, #6199));
#6201 = FACE_OUTER_BOUND ('', #6200, .T.);
#6202 = CARTESIAN_POINT ('', (-149.75, 112., 3.5));
#6203 = CARTESIAN_POINT ('', (-149.75, 99., 3.5));
#6204 = CARTESIAN_POINT ('', (-149.75, 112., 5.));
#6205 = CARTESIAN_POINT ('', (-149.75, 99., 5.));
#6206 = B_SPLINE_SURFACE_WITH_KNOTS ('', 1, 1, ((#6202, #6203), (#6204, #6205)), .UNSPECIFIED., .F., .F., .U., (2, 2), (2, 2), (0., 1.), (43., 56.), .UNSPECIFIED.);
#6207 = ADVANCED_FACE ('', (#6201), #6206, .T.);
#6208 = ORIENTED_EDGE ('', *, *, #5800, .T.);
#6209 = ORIENTED_EDGE ('', *, *, #6198, .F.);
#6210 = ORIENTED_EDGE ('', *, *, #2815, .F.);
#6211 = CARTESIAN_POINT ('', (-149.25, 112.5, 3.5));
#6212 = CARTESIAN_POINT ('', (-149.25, 112.5, 5.));
#6213 = B_SPLINE_CURVE_WITH_KNOTS ('', 1, (#6211, #6212), .UNSPECIFIED., .F., .U., (2, 2), (0., 1.), .UNSPECIFIED.);
#6214 = EDGE_CURVE ('', #2803, #5795, #6213, .T.);
#6215 = ORIENTED_EDGE ('', *, *, #6214, .T.);
#6216 = EDGE_LOOP ('', (#6208, #6209, #6210, #6215));
#6217 = FACE_OUTER_BOUND ('', #6216, .T.);
#6218 = CARTESIAN_POINT ('', (-149.25, 112.5, 3.5));
#6219 = CARTESIAN_POINT ('', (-149.75, 112.5, 3.5));
#6220 = CARTESIAN_POINT ('', (-149.75, 112., 3.5));
#6221 = CARTESIAN_POINT ('', (-149.25, 112.5, 5.));
#6222 = CARTESIAN_POINT ('', (-149.75, 112.5, 5.));
#6223 = CARTESIAN_POINT ('', (-149.75, 112., 5.));
#6224 = (
   BOUNDED_SURFACE ()
   B_SPLINE_SURFACE (1, 2, ((#6218, #6219, #6220), (#6221, #6222, #6223)), .UNSPECIFIED., .F., .F., .U.)
   B_SPLINE_SURFACE_WITH_KNOTS ((2, 2), (3, 3), (0., 1.), (42., 43.), .UNSPECIFIED.)
   GEOMETRIC_REPRESENTATION_ITEM ()
   RATIONAL_B_SPLINE_SURFACE (((1., 0.707106781186548, 1.), (1., 0.707106781186548, 1.)))
   REPRESENTATION_ITEM ('')
   SURFACE ()
);
#6225 = ADVANCED_FACE ('', (#6217), #6224, .T.);
#6226 = ORIENTED_EDGE ('', *, *, #5807, .T.);
#6227 = ORIENTED_EDGE ('', *, *, #6214, .F.);
#6228 = ORIENTED_EDGE ('', *, *, #2807, .F.);
#6229 = CARTESIAN_POINT ('', (-136.25, 112.5, 3.5));
#6230 = CARTESIAN_POINT ('', (-136.25, 112.5, 5.));
#6231 = B_SPLINE_CURVE_WITH_KNOTS ('', 1, (#6229, #6230), .UNSPECIFIED., .F., .U., (2, 2), (0., 1.), .UNSPECIFIED.);
#6232 = EDGE_CURVE ('', #2795, #5803, #6231, .T.);
#6233 = ORIENTED_EDGE ('', *, *, #6232, .T.);
#6234 = EDGE_LOOP ('', (#6226, #6227, #6228, #6233));
#6235 = FACE_OUTER_BOUND ('', #6234, .T.);
#6236 = CARTESIAN_POINT ('', (-136.25, 112.5, 3.5));
#6237 = CARTESIAN_POINT ('', (-149.25, 112.5, 3.5));
#6238 = CARTESIAN_POINT ('', (-136.25, 112.5, 5.));
#6239 = CARTESIAN_POINT ('', (-149.25, 112.5, 5.));
#6240 = B_SPLINE_SURFACE_WITH_KNOTS ('', 1, 1, ((#6236, #6237), (#6238, #6239)), .UNSPECIFIED., .F., .F., .U., (2, 2), (2, 2), (0., 1.), (29., 42.), .UNSPECIFIED.);
#6241 = ADVANCED_FACE ('', (#6235), #6240, .T.);
#6242 = ORIENTED_EDGE ('', *, *, #5815, .T.);
#6243 = ORIENTED_EDGE ('', *, *, #6232, .F.);
#6244 = ORIENTED_EDGE ('', *, *, #2800, .F.);
#6245 = CARTESIAN_POINT ('', (-135.75, 112., 3.5));
#6246 = CARTESIAN_POINT ('', (-135.75, 112., 5.));
#6247 = B_SPLINE_CURVE_WITH_KNOTS ('', 1, (#6245, #6246), .UNSPECIFIED., .F., .U., (2, 2), (0., 1.), .UNSPECIFIED.);
#6248 = EDGE_CURVE ('', #2788, #5810, #6247, .T.);
#6249 = ORIENTED_EDGE ('', *, *, #6248, .T.);
#6250 = EDGE_LOOP ('', (#6242, #6243, #6244, #6249));
#6251 = FACE_OUTER_BOUND ('', #6250, .T.);
#6252 = CARTESIAN_POINT ('', (-135.75, 112., 3.5));
#6253 = CARTESIAN_POINT ('', (-135.75, 112.5, 3.5));
#6254 = CARTESIAN_POINT ('', (-136.25, 112.5, 3.5));
#6255 = CARTESIAN_POINT ('', (-135.75, 112., 5.));
#6256 = CARTESIAN_POINT ('', (-135.75, 112.5, 5.));
#6257 = CARTESIAN_POINT ('', (-136.25, 112.5, 5.));
#6258 = (
   BOUNDED_SURFACE ()
   B_SPLINE_SURFACE (1, 2, ((#6252, #6253, #6254), (#6255, #6256, #6257)), .UNSPECIFIED., .F., .F., .U.)
   B_SPLINE_SURFACE_WITH_KNOTS ((2, 2), (3, 3), (0., 1.), (28., 29.), .UNSPECIFIED.)
   GEOMETRIC_REPRESENTATION_ITEM ()
   RATIONAL_B_SPLINE_SURFACE (((1., 0.707106781186558, 1.), (1., 0.707106781186558, 1.)))
   REPRESENTATION_ITEM ('')
   SURFACE ()
);
#6259 = ADVANCED_FACE ('', (#6251), #6258, .T.);
#6260 = ORIENTED_EDGE ('', *, *, #5822, .T.);
#6261 = ORIENTED_EDGE ('', *, *, #6248, .F.);
#6262 = ORIENTED_EDGE ('', *, *, #2792, .F.);
#6263 = CARTESIAN_POINT ('', (-135.75, 99., 3.5));
#6264 = CARTESIAN_POINT ('', (-135.75, 99., 5.));
#6265 = B_SPLINE_CURVE_WITH_KNOTS ('', 1, (#6263, #6264), .UNSPECIFIED., .F., .U., (2, 2), (0., 1.), .UNSPECIFIED.);
#6266 = EDGE_CURVE ('', #2780, #5818, #6265, .T.);
#6267 = ORIENTED_EDGE ('', *, *, #6266, .T.);
#6268 = EDGE_LOOP ('', (#6260, #6261, #6262, #6267));
#6269 = FACE_OUTER_BOUND ('', #6268, .T.);
#6270 = CARTESIAN_POINT ('', (-135.75, 99., 3.5));
#6271 = CARTESIAN_POINT ('', (-135.75, 112., 3.5));
#6272 = CARTESIAN_POINT ('', (-135.75, 99., 5.));
#6273 = CARTESIAN_POINT ('', (-135.75, 112., 5.));
#6274 = B_SPLINE_SURFACE_WITH_KNOTS ('', 1, 1, ((#6270, #6271), (#6272, #6273)), .UNSPECIFIED., .F., .F., .U., (2, 2), (2, 2), (0., 1.), (15., 28.), .UNSPECIFIED.);
#6275 = ADVANCED_FACE ('', (#6269), #6274, .T.);
#6276 = ORIENTED_EDGE ('', *, *, #5828, .T.);
#6277 = ORIENTED_EDGE ('', *, *, #6266, .F.);
#6278 = ORIENTED_EDGE ('', *, *, #2785, .F.);
#6279 = ORIENTED_EDGE ('', *, *, #6158, .T.);
#6280 = EDGE_LOOP ('', (#6276, #6277, #6278, #6279));
#6281 = FACE_OUTER_BOUND ('', #6280, .T.);
#6282 = CARTESIAN_POINT ('', (-136.25, 98.5, 3.5));
#6283 = CARTESIAN_POINT ('', (-135.75, 98.5, 3.5));
#6284 = CARTESIAN_POINT ('', (-135.75, 99., 3.5));
#6285 = CARTESIAN_POINT ('', (-136.25, 98.5, 5.));
#6286 = CARTESIAN_POINT ('', (-135.75, 98.5, 5.));
#6287 = CARTESIAN_POINT ('', (-135.75, 99., 5.));
#6288 = (
   BOUNDED_SURFACE ()
   B_SPLINE_SURFACE (1, 2, ((#6282, #6283, #6284), (#6285, #6286, #6287)), .UNSPECIFIED., .F., .F., .U.)
   B_SPLINE_SURFACE_WITH_KNOTS ((2, 2), (3, 3), (0., 1.), (14., 15.), .UNSPECIFIED.)
   GEOMETRIC_REPRESENTATION_ITEM ()
   RATIONAL_B_SPLINE_SURFACE (((1., 0.707106781186537, 1.), (1., 0.707106781186537, 1.)))
   REPRESENTATION_ITEM ('')
   SURFACE ()
);
#6289 = ADVANCED_FACE ('', (#6281), #6288, .T.);
#6290 = ORIENTED_EDGE ('', *, *, #5715, .T.);
#6291 = CARTESIAN_POINT ('', (-112.5, 98.5, 3.5));
#6292 = CARTESIAN_POINT ('', (-112.5, 98.5, 5.));
#6293 = B_SPLINE_CURVE_WITH_KNOTS ('', 1, (#6291, #6292), .UNSPECIFIED., .F., .U., (2, 2), (0., 1.), .UNSPECIFIED.);
#6294 = EDGE_CURVE ('', #2711, #5711, #6293, .T.);
#6295 = ORIENTED_EDGE ('', *, *, #6294, .F.);
#6296 = ORIENTED_EDGE ('', *, *, #2715, .F.);
#6297 = CARTESIAN_POINT ('', (-125.5, 98.5, 3.5));
#6298 = CARTESIAN_POINT ('', (-125.5, 98.5, 5.));
#6299 = B_SPLINE_CURVE_WITH_KNOTS ('', 1, (#6297, #6298), .UNSPECIFIED., .F., .U., (2, 2), (0., 1.), .UNSPECIFIED.);
#6300 = EDGE_CURVE ('', #2709, #5709, #6299, .T.);
#6301 = ORIENTED_EDGE ('', *, *, #6300, .T.);
#6302 = EDGE_LOOP ('', (#6290, #6295, #6296, #6301));
#6303 = FACE_OUTER_BOUND ('', #6302, .T.);
#6304 = CARTESIAN_POINT ('', (-125.5, 98.5, 3.5));
#6305 = CARTESIAN_POINT ('', (-112.5, 98.5, 3.5));
#6306 = CARTESIAN_POINT ('', (-125.5, 98.5, 5.));
#6307 = CARTESIAN_POINT ('', (-112.5, 98.5, 5.));
#6308 = B_SPLINE_SURFACE_WITH_KNOTS ('', 1, 1, ((#6304, #6305), (#6306, #6307)), .UNSPECIFIED., .F., .F., .U., (2, 2), (2, 2), (0., 1.), (1., 14.), .UNSPECIFIED.);
#6309 = ADVANCED_FACE ('', (#6303), #6308, .T.);
#6310 = ORIENTED_EDGE ('', *, *, #5723, .T.);
#6311 = ORIENTED_EDGE ('', *, *, #6300, .F.);
#6312 = ORIENTED_EDGE ('', *, *, #2766, .F.);
#6313 = CARTESIAN_POINT ('', (-126., 99., 3.5));
#6314 = CARTESIAN_POINT ('', (-126., 99., 5.));
#6315 = B_SPLINE_CURVE_WITH_KNOTS ('', 1, (#6313, #6314), .UNSPECIFIED., .F., .U., (2, 2), (0., 1.), .UNSPECIFIED.);
#6316 = EDGE_CURVE ('', #2756, #5718, #6315, .T.);
#6317 = ORIENTED_EDGE ('', *, *, #6316, .T.);
#6318 = EDGE_LOOP ('', (#6310, #6311, #6312, #6317));
#6319 = FACE_OUTER_BOUND ('', #6318, .T.);
#6320 = CARTESIAN_POINT ('', (-126., 99., 3.5));
#6321 = CARTESIAN_POINT ('', (-126., 98.5, 3.5));
#6322 = CARTESIAN_POINT ('', (-125.5, 98.5, 3.5));
#6323 = CARTESIAN_POINT ('', (-126., 99., 5.));
#6324 = CARTESIAN_POINT ('', (-126., 98.5, 5.));
#6325 = CARTESIAN_POINT ('', (-125.5, 98.5, 5.));
#6326 = (
   BOUNDED_SURFACE ()
   B_SPLINE_SURFACE (1, 2, ((#6320, #6321, #6322), (#6323, #6324, #6325)), .UNSPECIFIED., .F., .F., .U.)
   B_SPLINE_SURFACE_WITH_KNOTS ((2, 2), (3, 3), (0., 1.), (0., 1.), .UNSPECIFIED.)
   GEOMETRIC_REPRESENTATION_ITEM ()
   RATIONAL_B_SPLINE_SURFACE (((1., 0.707106781186548, 1.), (1., 0.707106781186548, 1.)))
   REPRESENTATION_ITEM ('')
   SURFACE ()
);
#6327 = ADVANCED_FACE ('', (#6319), #6326, .T.);
#6328 = ORIENTED_EDGE ('', *, *, #5730, .T.);
#6329 = ORIENTED_EDGE ('', *, *, #6316, .F.);
#6330 = ORIENTED_EDGE ('', *, *, #2760, .F.);
#6331 = CARTESIAN_POINT ('', (-126., 112., 3.5));
#6332 = CARTESIAN_POINT ('', (-126., 112., 5.));
#6333 = B_SPLINE_CURVE_WITH_KNOTS ('', 1, (#6331, #6332), .UNSPECIFIED., .F., .U., (2, 2), (0., 1.), .UNSPECIFIED.);
#6334 = EDGE_CURVE ('', #2748, #5726, #6333, .T.);
#6335 = ORIENTED_EDGE ('', *, *, #6334, .T.);
#6336 = EDGE_LOOP ('', (#6328, #6329, #6330, #6335));
#6337 = FACE_OUTER_BOUND ('', #6336, .T.);
#6338 = CARTESIAN_POINT ('', (-126., 112., 3.5));
#6339 = CARTESIAN_POINT ('', (-126., 98.9999999999999, 3.5));
#6340 = CARTESIAN_POINT ('', (-126., 112., 5.));
#6341 = CARTESIAN_POINT ('', (-126., 98.9999999999999, 5.));
#6342 = B_SPLINE_SURFACE_WITH_KNOTS ('', 1, 1, ((#6338, #6339), (#6340, #6341)), .UNSPECIFIED., .F., .F., .U., (2, 2), (2, 2), (0., 1.), (43., 56.), .UNSPECIFIED.);
#6343 = ADVANCED_FACE ('', (#6337), #6342, .T.);
#6344 = ORIENTED_EDGE ('', *, *, #5738, .T.);
#6345 = ORIENTED_EDGE ('', *, *, #6334, .F.);
#6346 = ORIENTED_EDGE ('', *, *, #2753, .F.);
#6347 = CARTESIAN_POINT ('', (-125.5, 112.5, 3.5));
#6348 = CARTESIAN_POINT ('', (-125.5, 112.5, 5.));
#6349 = B_SPLINE_CURVE_WITH_KNOTS ('', 1, (#6347, #6348), .UNSPECIFIED., .F., .U., (2, 2), (0., 1.), .UNSPECIFIED.);
#6350 = EDGE_CURVE ('', #2741, #5733, #6349, .T.);
#6351 = ORIENTED_EDGE ('', *, *, #6350, .T.);
#6352 = EDGE_LOOP ('', (#6344, #6345, #6346, #6351));
#6353 = FACE_OUTER_BOUND ('', #6352, .T.);
#6354 = CARTESIAN_POINT ('', (-125.5, 112.5, 3.5));
#6355 = CARTESIAN_POINT ('', (-126., 112.5, 3.5));
#6356 = CARTESIAN_POINT ('', (-126., 112., 3.5));
#6357 = CARTESIAN_POINT ('', (-125.5, 112.5, 5.));
#6358 = CARTESIAN_POINT ('', (-126., 112.5, 5.));
#6359 = CARTESIAN_POINT ('', (-126., 112., 5.));
#6360 = (
   BOUNDED_SURFACE ()
   B_SPLINE_SURFACE (1, 2, ((#6354, #6355, #6356), (#6357, #6358, #6359)), .UNSPECIFIED., .F., .F., .U.)
   B_SPLINE_SURFACE_WITH_KNOTS ((2, 2), (3, 3), (0., 1.), (42., 43.), .UNSPECIFIED.)
   GEOMETRIC_REPRESENTATION_ITEM ()
   RATIONAL_B_SPLINE_SURFACE (((1., 0.707106781186568, 1.), (1., 0.707106781186568, 1.)))
   REPRESENTATION_ITEM ('')
   SURFACE ()
);
#6361 = ADVANCED_FACE ('', (#6353), #6360, .T.);
#6362 = ORIENTED_EDGE ('', *, *, #5745, .T.);
#6363 = ORIENTED_EDGE ('', *, *, #6350, .F.);
#6364 = ORIENTED_EDGE ('', *, *, #2745, .F.);
#6365 = CARTESIAN_POINT ('', (-112.5, 112.5, 3.5));
#6366 = CARTESIAN_POINT ('', (-112.5, 112.5, 5.));
#6367 = B_SPLINE_CURVE_WITH_KNOTS ('', 1, (#6365, #6366), .UNSPECIFIED., .F., .U., (2, 2), (0., 1.), .UNSPECIFIED.);
#6368 = EDGE_CURVE ('', #2733, #5741, #6367, .T.);
#6369 = ORIENTED_EDGE ('', *, *, #6368, .T.);
#6370 = EDGE_LOOP ('', (#6362, #6363, #6364, #6369));
#6371 = FACE_OUTER_BOUND ('', #6370, .T.);
#6372 = CARTESIAN_POINT ('', (-112.5, 112.5, 3.5));
#6373 = CARTESIAN_POINT ('', (-125.5, 112.5, 3.5));
#6374 = CARTESIAN_POINT ('', (-112.5, 112.5, 5.));
#6375 = CARTESIAN_POINT ('', (-125.5, 112.5, 5.));
#6376 = B_SPLINE_SURFACE_WITH_KNOTS ('', 1, 1, ((#6372, #6373), (#6374, #6375)), .UNSPECIFIED., .F., .F., .U., (2, 2), (2, 2), (0., 1.), (29., 42.), .UNSPECIFIED.);
#6377 = ADVANCED_FACE ('', (#6371), #6376, .T.);
#6378 = ORIENTED_EDGE ('', *, *, #5753, .T.);
#6379 = ORIENTED_EDGE ('', *, *, #6368, .F.);
#6380 = ORIENTED_EDGE ('', *, *, #2738, .F.);
#6381 = CARTESIAN_POINT ('', (-112., 112., 3.5));
#6382 = CARTESIAN_POINT ('', (-112., 112., 5.));
#6383 = B_SPLINE_CURVE_WITH_KNOTS ('', 1, (#6381, #6382), .UNSPECIFIED., .F., .U., (2, 2), (0., 1.), .UNSPECIFIED.);
#6384 = EDGE_CURVE ('', #2726, #5748, #6383, .T.);
#6385 = ORIENTED_EDGE ('', *, *, #6384, .T.);
#6386 = EDGE_LOOP ('', (#6378, #6379, #6380, #6385));
#6387 = FACE_OUTER_BOUND ('', #6386, .T.);
#6388 = CARTESIAN_POINT ('', (-112., 112., 3.5));
#6389 = CARTESIAN_POINT ('', (-112., 112.5, 3.5));
#6390 = CARTESIAN_POINT ('', (-112.5, 112.5, 3.5));
#6391 = CARTESIAN_POINT ('', (-112., 112., 5.));
#6392 = CARTESIAN_POINT ('', (-112., 112.5, 5.));
#6393 = CARTESIAN_POINT ('', (-112.5, 112.5, 5.));
#6394 = (
   BOUNDED_SURFACE ()
   B_SPLINE_SURFACE (1, 2, ((#6388, #6389, #6390), (#6391, #6392, #6393)), .UNSPECIFIED., .F., .F., .U.)
   B_SPLINE_SURFACE_WITH_KNOTS ((2, 2), (3, 3), (0., 1.), (28., 29.), .UNSPECIFIED.)
   GEOMETRIC_REPRESENTATION_ITEM ()
   RATIONAL_B_SPLINE_SURFACE (((1., 0.707106781186548, 1.), (1., 0.707106781186548, 1.)))
   REPRESENTATION_ITEM ('')
   SURFACE ()
);
#6395 = ADVANCED_FACE ('', (#6387), #6394, .T.);
#6396 = ORIENTED_EDGE ('', *, *, #5760, .T.);
#6397 = ORIENTED_EDGE ('', *, *, #6384, .F.);
#6398 = ORIENTED_EDGE ('', *, *, #2730, .F.);
#6399 = CARTESIAN_POINT ('', (-112., 99., 3.5));
#6400 = CARTESIAN_POINT ('', (-112., 99., 5.));
#6401 = B_SPLINE_CURVE_WITH_KNOTS ('', 1, (#6399, #6400), .UNSPECIFIED., .F., .U., (2, 2), (0., 1.), .UNSPECIFIED.);
#6402 = EDGE_CURVE ('', #2718, #5756, #6401, .T.);
#6403 = ORIENTED_EDGE ('', *, *, #6402, .T.);
#6404 = EDGE_LOOP ('', (#6396, #6397, #6398, #6403));
#6405 = FACE_OUTER_BOUND ('', #6404, .T.);
#6406 = CARTESIAN_POINT ('', (-112., 99., 3.5));
#6407 = CARTESIAN_POINT ('', (-112., 112., 3.5));
#6408 = CARTESIAN_POINT ('', (-112., 99., 5.));
#6409 = CARTESIAN_POINT ('', (-112., 112., 5.));
#6410 = B_SPLINE_SURFACE_WITH_KNOTS ('', 1, 1, ((#6406, #6407), (#6408, #6409)), .UNSPECIFIED., .F., .F., .U., (2, 2), (2, 2), (0., 1.), (15., 28.), .UNSPECIFIED.);
#6411 = ADVANCED_FACE ('', (#6405), #6410, .T.);
#6412 = ORIENTED_EDGE ('', *, *, #5766, .T.);
#6413 = ORIENTED_EDGE ('', *, *, #6402, .F.);
#6414 = ORIENTED_EDGE ('', *, *, #2723, .F.);
#6415 = ORIENTED_EDGE ('', *, *, #6294, .T.);
#6416 = EDGE_LOOP ('', (#6412, #6413, #6414, #6415));
#6417 = FACE_OUTER_BOUND ('', #6416, .T.);
#6418 = CARTESIAN_POINT ('', (-112.5, 98.5, 3.5));
#6419 = CARTESIAN_POINT ('', (-112., 98.5, 3.5));
#6420 = CARTESIAN_POINT ('', (-112., 99., 3.5));
#6421 = CARTESIAN_POINT ('', (-112.5, 98.5, 5.));
#6422 = CARTESIAN_POINT ('', (-112., 98.5, 5.));
#6423 = CARTESIAN_POINT ('', (-112., 99., 5.));
#6424 = (
   BOUNDED_SURFACE ()
   B_SPLINE_SURFACE (1, 2, ((#6418, #6419, #6420), (#6421, #6422, #6423)), .UNSPECIFIED., .F., .F., .U.)
   B_SPLINE_SURFACE_WITH_KNOTS ((2, 2), (3, 3), (0., 1.), (14., 15.), .UNSPECIFIED.)
   GEOMETRIC_REPRESENTATION_ITEM ()
   RATIONAL_B_SPLINE_SURFACE (((1., 0.707106781186527, 1.), (1., 0.707106781186527, 1.)))
   REPRESENTATION_ITEM ('')
   SURFACE ()
);
#6425 = ADVANCED_FACE ('', (#6417), #6424, .T.);
#6426 = ORIENTED_EDGE ('', *, *, #5653, .T.);
#6427 = CARTESIAN_POINT ('', (-93.5, 98.5, 3.5));
#6428 = CARTESIAN_POINT ('', (-93.5, 98.5, 5.));
#6429 = B_SPLINE_CURVE_WITH_KNOTS ('', 1, (#6427, #6428), .UNSPECIFIED., .F., .U., (2, 2), (0., 1.), .UNSPECIFIED.);
#6430 = EDGE_CURVE ('', #2649, #5649, #6429, .T.);
#6431 = ORIENTED_EDGE ('', *, *, #6430, .F.);
#6432 = ORIENTED_EDGE ('', *, *, #2653, .F.);
#6433 = CARTESIAN_POINT ('', (-106.5, 98.5, 3.5));
#6434 = CARTESIAN_POINT ('', (-106.5, 98.5, 5.));
#6435 = B_SPLINE_CURVE_WITH_KNOTS ('', 1, (#6433, #6434), .UNSPECIFIED., .F., .U., (2, 2), (0., 1.), .UNSPECIFIED.);
#6436 = EDGE_CURVE ('', #2647, #5647, #6435, .T.);
#6437 = ORIENTED_EDGE ('', *, *, #6436, .T.);
#6438 = EDGE_LOOP ('', (#6426, #6431, #6432, #6437));
#6439 = FACE_OUTER_BOUND ('', #6438, .T.);
#6440 = CARTESIAN_POINT ('', (-106.5, 98.5, 3.5));
#6441 = CARTESIAN_POINT ('', (-93.5, 98.5, 3.5));
#6442 = CARTESIAN_POINT ('', (-106.5, 98.5, 5.));
#6443 = CARTESIAN_POINT ('', (-93.5, 98.5, 5.));
#6444 = B_SPLINE_SURFACE_WITH_KNOTS ('', 1, 1, ((#6440, #6441), (#6442, #6443)), .UNSPECIFIED., .F., .F., .U., (2, 2), (2, 2), (0., 1.), (1., 14.), .UNSPECIFIED.);
#6445 = ADVANCED_FACE ('', (#6439), #6444, .T.);
#6446 = ORIENTED_EDGE ('', *, *, #5661, .T.);
#6447 = ORIENTED_EDGE ('', *, *, #6436, .F.);
#6448 = ORIENTED_EDGE ('', *, *, #2704, .F.);
#6449 = CARTESIAN_POINT ('', (-107., 99., 3.5));
#6450 = CARTESIAN_POINT ('', (-107., 99., 5.));
#6451 = B_SPLINE_CURVE_WITH_KNOTS ('', 1, (#6449, #6450), .UNSPECIFIED., .F., .U., (2, 2), (0., 1.), .UNSPECIFIED.);
#6452 = EDGE_CURVE ('', #2694, #5656, #6451, .T.);
#6453 = ORIENTED_EDGE ('', *, *, #6452, .T.);
#6454 = EDGE_LOOP ('', (#6446, #6447, #6448, #6453));
#6455 = FACE_OUTER_BOUND ('', #6454, .T.);
#6456 = CARTESIAN_POINT ('', (-107., 99., 3.5));
#6457 = CARTESIAN_POINT ('', (-107., 98.5, 3.5));
#6458 = CARTESIAN_POINT ('', (-106.5, 98.5, 3.5));
#6459 = CARTESIAN_POINT ('', (-107., 99., 5.));
#6460 = CARTESIAN_POINT ('', (-107., 98.5, 5.));
#6461 = CARTESIAN_POINT ('', (-106.5, 98.5, 5.));
#6462 = (
   BOUNDED_SURFACE ()
   B_SPLINE_SURFACE (1, 2, ((#6456, #6457, #6458), (#6459, #6460, #6461)), .UNSPECIFIED., .F., .F., .U.)
   B_SPLINE_SURFACE_WITH_KNOTS ((2, 2), (3, 3), (0., 1.), (0., 1.), .UNSPECIFIED.)
   GEOMETRIC_REPRESENTATION_ITEM ()
   RATIONAL_B_SPLINE_SURFACE (((1., 0.707106781186548, 1.), (1., 0.707106781186548, 1.)))
   REPRESENTATION_ITEM ('')
   SURFACE ()
);
#6463 = ADVANCED_FACE ('', (#6455), #6462, .T.);
#6464 = ORIENTED_EDGE ('', *, *, #5668, .T.);
#6465 = ORIENTED_EDGE ('', *, *, #6452, .F.);
#6466 = ORIENTED_EDGE ('', *, *, #2698, .F.);
#6467 = CARTESIAN_POINT ('', (-107., 112., 3.5));
#6468 = CARTESIAN_POINT ('', (-107., 112., 5.));
#6469 = B_SPLINE_CURVE_WITH_KNOTS ('', 1, (#6467, #6468), .UNSPECIFIED., .F., .U., (2, 2), (0., 1.), .UNSPECIFIED.);
#6470 = EDGE_CURVE ('', #2686, #5664, #6469, .T.);
#6471 = ORIENTED_EDGE ('', *, *, #6470, .T.);
#6472 = EDGE_LOOP ('', (#6464, #6465, #6466, #6471));
#6473 = FACE_OUTER_BOUND ('', #6472, .T.);
#6474 = CARTESIAN_POINT ('', (-107., 112., 3.5));
#6475 = CARTESIAN_POINT ('', (-107., 98.9999999999999, 3.5));
#6476 = CARTESIAN_POINT ('', (-107., 112., 5.));
#6477 = CARTESIAN_POINT ('', (-107., 98.9999999999999, 5.));
#6478 = B_SPLINE_SURFACE_WITH_KNOTS ('', 1, 1, ((#6474, #6475), (#6476, #6477)), .UNSPECIFIED., .F., .F., .U., (2, 2), (2, 2), (0., 1.), (43., 56.), .UNSPECIFIED.);
#6479 = ADVANCED_FACE ('', (#6473), #6478, .T.);
#6480 = ORIENTED_EDGE ('', *, *, #5676, .T.);
#6481 = ORIENTED_EDGE ('', *, *, #6470, .F.);
#6482 = ORIENTED_EDGE ('', *, *, #2691, .F.);
#6483 = CARTESIAN_POINT ('', (-106.5, 112.5, 3.5));
#6484 = CARTESIAN_POINT ('', (-106.5, 112.5, 5.));
#6485 = B_SPLINE_CURVE_WITH_KNOTS ('', 1, (#6483, #6484), .UNSPECIFIED., .F., .U., (2, 2), (0., 1.), .UNSPECIFIED.);
#6486 = EDGE_CURVE ('', #2679, #5671, #6485, .T.);
#6487 = ORIENTED_EDGE ('', *, *, #6486, .T.);
#6488 = EDGE_LOOP ('', (#6480, #6481, #6482, #6487));
#6489 = FACE_OUTER_BOUND ('', #6488, .T.);
#6490 = CARTESIAN_POINT ('', (-106.5, 112.5, 3.5));
#6491 = CARTESIAN_POINT ('', (-107., 112.5, 3.5));
#6492 = CARTESIAN_POINT ('', (-107., 112., 3.5));
#6493 = CARTESIAN_POINT ('', (-106.5, 112.5, 5.));
#6494 = CARTESIAN_POINT ('', (-107., 112.5, 5.));
#6495 = CARTESIAN_POINT ('', (-107., 112., 5.));
#6496 = (
   BOUNDED_SURFACE ()
   B_SPLINE_SURFACE (1, 2, ((#6490, #6491, #6492), (#6493, #6494, #6495)), .UNSPECIFIED., .F., .F., .U.)
   B_SPLINE_SURFACE_WITH_KNOTS ((2, 2), (3, 3), (0., 1.), (42., 43.), .UNSPECIFIED.)
   GEOMETRIC_REPRESENTATION_ITEM ()
   RATIONAL_B_SPLINE_SURFACE (((1., 0.707106781186568, 1.), (1., 0.707106781186568, 1.)))
   REPRESENTATION_ITEM ('')
   SURFACE ()
);
#6497 = ADVANCED_FACE ('', (#6489), #6496, .T.);
#6498 = ORIENTED_EDGE ('', *, *, #5683, .T.);
#6499 = ORIENTED_EDGE ('', *, *, #6486, .F.);
#6500 = ORIENTED_EDGE ('', *, *, #2683, .F.);
#6501 = CARTESIAN_POINT ('', (-93.5, 112.5, 3.5));
#6502 = CARTESIAN_POINT ('', (-93.5, 112.5, 5.));
#6503 = B_SPLINE_CURVE_WITH_KNOTS ('', 1, (#6501, #6502), .UNSPECIFIED., .F., .U., (2, 2), (0., 1.), .UNSPECIFIED.);
#6504 = EDGE_CURVE ('', #2671, #5679, #6503, .T.);
#6505 = ORIENTED_EDGE ('', *, *, #6504, .T.);
#6506 = EDGE_LOOP ('', (#6498, #6499, #6500, #6505));
#6507 = FACE_OUTER_BOUND ('', #6506, .T.);
#6508 = CARTESIAN_POINT ('', (-93.5, 112.5, 3.5));
#6509 = CARTESIAN_POINT ('', (-106.5, 112.5, 3.5));
#6510 = CARTESIAN_POINT ('', (-93.5, 112.5, 5.));
#6511 = CARTESIAN_POINT ('', (-106.5, 112.5, 5.));
#6512 = B_SPLINE_SURFACE_WITH_KNOTS ('', 1, 1, ((#6508, #6509), (#6510, #6511)), .UNSPECIFIED., .F., .F., .U., (2, 2), (2, 2), (0., 1.), (29., 42.), .UNSPECIFIED.);
#6513 = ADVANCED_FACE ('', (#6507), #6512, .T.);
#6514 = ORIENTED_EDGE ('', *, *, #5691, .T.);
#6515 = ORIENTED_EDGE ('', *, *, #6504, .F.);
#6516 = ORIENTED_EDGE ('', *, *, #2676, .F.);
#6517 = CARTESIAN_POINT ('', (-93., 112., 3.5));
#6518 = CARTESIAN_POINT ('', (-93., 112., 5.));
#6519 = B_SPLINE_CURVE_WITH_KNOTS ('', 1, (#6517, #6518), .UNSPECIFIED., .F., .U., (2, 2), (0., 1.), .UNSPECIFIED.);
#6520 = EDGE_CURVE ('', #2664, #5686, #6519, .T.);
#6521 = ORIENTED_EDGE ('', *, *, #6520, .T.);
#6522 = EDGE_LOOP ('', (#6514, #6515, #6516, #6521));
#6523 = FACE_OUTER_BOUND ('', #6522, .T.);
#6524 = CARTESIAN_POINT ('', (-93., 112., 3.5));
#6525 = CARTESIAN_POINT ('', (-93., 112.5, 3.5));
#6526 = CARTESIAN_POINT ('', (-93.5, 112.5, 3.5));
#6527 = CARTESIAN_POINT ('', (-93., 112., 5.));
#6528 = CARTESIAN_POINT ('', (-93., 112.5, 5.));
#6529 = CARTESIAN_POINT ('', (-93.5, 112.5, 5.));
#6530 = (
   BOUNDED_SURFACE ()
   B_SPLINE_SURFACE (1, 2, ((#6524, #6525, #6526), (#6527, #6528, #6529)), .UNSPECIFIED., .F., .F., .U.)
   B_SPLINE_SURFACE_WITH_KNOTS ((2, 2), (3, 3), (0., 1.), (28., 29.), .UNSPECIFIED.)
   GEOMETRIC_REPRESENTATION_ITEM ()
   RATIONAL_B_SPLINE_SURFACE (((1., 0.707106781186548, 1.), (1., 0.707106781186548, 1.)))
   REPRESENTATION_ITEM ('')
   SURFACE ()
);
#6531 = ADVANCED_FACE ('', (#6523), #6530, .T.);
#6532 = ORIENTED_EDGE ('', *, *, #5698, .T.);
#6533 = ORIENTED_EDGE ('', *, *, #6520, .F.);
#6534 = ORIENTED_EDGE ('', *, *, #2668, .F.);
#6535 = CARTESIAN_POINT ('', (-93., 99., 3.5));
#6536 = CARTESIAN_POINT ('', (-93., 99., 5.));
#6537 = B_SPLINE_CURVE_WITH_KNOTS ('', 1, (#6535, #6536), .UNSPECIFIED., .F., .U., (2, 2), (0., 1.), .UNSPECIFIED.);
#6538 = EDGE_CURVE ('', #2656, #5694, #6537, .T.);
#6539 = ORIENTED_EDGE ('', *, *, #6538, .T.);
#6540 = EDGE_LOOP ('', (#6532, #6533, #6534, #6539));
#6541 = FACE_OUTER_BOUND ('', #6540, .T.);
#6542 = CARTESIAN_POINT ('', (-93., 99., 3.5));
#6543 = CARTESIAN_POINT ('', (-93., 112., 3.5));
#6544 = CARTESIAN_POINT ('', (-93., 99., 5.));
#6545 = CARTESIAN_POINT ('', (-93., 112., 5.));
#6546 = B_SPLINE_SURFACE_WITH_KNOTS ('', 1, 1, ((#6542, #6543), (#6544, #6545)), .UNSPECIFIED., .F., .F., .U., (2, 2), (2, 2), (0., 1.), (15., 28.), .UNSPECIFIED.);
#6547 = ADVANCED_FACE ('', (#6541), #6546, .T.);
#6548 = ORIENTED_EDGE ('', *, *, #5704, .T.);
#6549 = ORIENTED_EDGE ('', *, *, #6538, .F.);
#6550 = ORIENTED_EDGE ('', *, *, #2661, .F.);
#6551 = ORIENTED_EDGE ('', *, *, #6430, .T.);
#6552 = EDGE_LOOP ('', (#6548, #6549, #6550, #6551));
#6553 = FACE_OUTER_BOUND ('', #6552, .T.);
#6554 = CARTESIAN_POINT ('', (-93.5, 98.5, 3.5));
#6555 = CARTESIAN_POINT ('', (-93., 98.5, 3.5));
#6556 = CARTESIAN_POINT ('', (-93., 99., 3.5));
#6557 = CARTESIAN_POINT ('', (-93.5, 98.5, 5.));
#6558 = CARTESIAN_POINT ('', (-93., 98.5, 5.));
#6559 = CARTESIAN_POINT ('', (-93., 99., 5.));
#6560 = (
   BOUNDED_SURFACE ()
   B_SPLINE_SURFACE (1, 2, ((#6554, #6555, #6556), (#6557, #6558, #6559)), .UNSPECIFIED., .F., .F., .U.)
   B_SPLINE_SURFACE_WITH_KNOTS ((2, 2), (3, 3), (0., 1.), (14., 15.), .UNSPECIFIED.)
   GEOMETRIC_REPRESENTATION_ITEM ()
   RATIONAL_B_SPLINE_SURFACE (((1., 0.707106781186527, 1.), (1., 0.707106781186527, 1.)))
   REPRESENTATION_ITEM ('')
   SURFACE ()
);
#6561 = ADVANCED_FACE ('', (#6553), #6560, .T.);
#6562 = ORIENTED_EDGE ('', *, *, #5591, .T.);
#6563 = CARTESIAN_POINT ('', (-74.6887214385462, 98.0835675522451, 3.5));
#6564 = CARTESIAN_POINT ('', (-74.6887214385462, 98.0835675522451, 5.));
#6565 = B_SPLINE_CURVE_WITH_KNOTS ('', 1, (#6563, #6564), .UNSPECIFIED., .F., .U., (2, 2), (0., 1.), .UNSPECIFIED.);
#6566 = EDGE_CURVE ('', #2587, #5587, #6565, .T.);
#6567 = ORIENTED_EDGE ('', *, *, #6566, .F.);
#6568 = ORIENTED_EDGE ('', *, *, #2591, .F.);
#6569 = CARTESIAN_POINT ('', (-87.6842666632284, 98.4238678802475, 3.5));
#6570 = CARTESIAN_POINT ('', (-87.6842666632284, 98.4238678802475, 5.));
#6571 = B_SPLINE_CURVE_WITH_KNOTS ('', 1, (#6569, #6570), .UNSPECIFIED., .F., .U., (2, 2), (0., 1.), .UNSPECIFIED.);
#6572 = EDGE_CURVE ('', #2585, #5585, #6571, .T.);
#6573 = ORIENTED_EDGE ('', *, *, #6572, .T.);
#6574 = EDGE_LOOP ('', (#6562, #6567, #6568, #6573));
#6575 = FACE_OUTER_BOUND ('', #6574, .T.);
#6576 = CARTESIAN_POINT ('', (-87.6842666632284, 98.4238678802475, 3.5));
#6577 = CARTESIAN_POINT ('', (-74.6887214385462, 98.0835675522451, 3.5));
#6578 = CARTESIAN_POINT ('', (-87.6842666632284, 98.4238678802475, 5.));
#6579 = CARTESIAN_POINT ('', (-74.6887214385462, 98.0835675522451, 5.));
#6580 = B_SPLINE_SURFACE_WITH_KNOTS ('', 1, 1, ((#6576, #6577), (#6578, #6579)), .UNSPECIFIED., .F., .F., .U., (2, 2), (2, 2), (0., 1.), (1., 14.), .UNSPECIFIED.);
#6581 = ADVANCED_FACE ('', (#6575), #6580, .T.);
#6582 = ORIENTED_EDGE ('', *, *, #5599, .T.);
#6583 = ORIENTED_EDGE ('', *, *, #6572, .F.);
#6584 = ORIENTED_EDGE ('', *, *, #2642, .F.);
#6585 = CARTESIAN_POINT ('', (-88.1710068515623, 98.9367850168892, 3.5));
#6586 = CARTESIAN_POINT ('', (-88.1710068515623, 98.9367850168892, 5.));
#6587 = B_SPLINE_CURVE_WITH_KNOTS ('', 1, (#6585, #6586), .UNSPECIFIED., .F., .U., (2, 2), (0., 1.), .UNSPECIFIED.);
#6588 = EDGE_CURVE ('', #2632, #5594, #6587, .T.);
#6589 = ORIENTED_EDGE ('', *, *, #6588, .T.);
#6590 = EDGE_LOOP ('', (#6582, #6583, #6584, #6589));
#6591 = FACE_OUTER_BOUND ('', #6590, .T.);
#6592 = CARTESIAN_POINT ('', (-88.1710068515623, 98.9367850168892, 3.5));
#6593 = CARTESIAN_POINT ('', (-88.1840953257162, 98.4369563544014, 3.5));
#6594 = CARTESIAN_POINT ('', (-87.6842666632284, 98.4238678802475, 3.5));
#6595 = CARTESIAN_POINT ('', (-88.1710068515623, 98.9367850168892, 5.));
#6596 = CARTESIAN_POINT ('', (-88.1840953257162, 98.4369563544014, 5.));
#6597 = CARTESIAN_POINT ('', (-87.6842666632284, 98.4238678802475, 5.));
#6598 = (
   BOUNDED_SURFACE ()
   B_SPLINE_SURFACE (1, 2, ((#6592, #6593, #6594), (#6595, #6596, #6597)), .UNSPECIFIED., .F., .F., .U.)
   B_SPLINE_SURFACE_WITH_KNOTS ((2, 2), (3, 3), (0., 1.), (0., 1.), .UNSPECIFIED.)
   GEOMETRIC_REPRESENTATION_ITEM ()
   RATIONAL_B_SPLINE_SURFACE (((1., 0.707106781186548, 1.), (1., 0.707106781186548, 1.)))
   REPRESENTATION_ITEM ('')
   SURFACE ()
);
#6599 = ADVANCED_FACE ('', (#6591), #6598, .T.);
#6600 = ORIENTED_EDGE ('', *, *, #5606, .T.);
#6601 = ORIENTED_EDGE ('', *, *, #6588, .F.);
#6602 = ORIENTED_EDGE ('', *, *, #2636, .F.);
#6603 = CARTESIAN_POINT ('', (-87.8307065235599, 111.932330241571, 3.5));
#6604 = CARTESIAN_POINT ('', (-87.8307065235599, 111.932330241571, 5.));
#6605 = B_SPLINE_CURVE_WITH_KNOTS ('', 1, (#6603, #6604), .UNSPECIFIED., .F., .U., (2, 2), (0., 1.), .UNSPECIFIED.);
#6606 = EDGE_CURVE ('', #2624, #5602, #6605, .T.);
#6607 = ORIENTED_EDGE ('', *, *, #6606, .T.);
#6608 = EDGE_LOOP ('', (#6600, #6601, #6602, #6607));
#6609 = FACE_OUTER_BOUND ('', #6608, .T.);
#6610 = CARTESIAN_POINT ('', (-87.8307065235599, 111.932330241571, 3.5));
#6611 = CARTESIAN_POINT ('', (-88.1710068515623, 98.9367850168892, 3.5));
#6612 = CARTESIAN_POINT ('', (-87.8307065235599, 111.932330241571, 5.));
#6613 = CARTESIAN_POINT ('', (-88.1710068515623, 98.9367850168892, 5.));
#6614 = B_SPLINE_SURFACE_WITH_KNOTS ('', 1, 1, ((#6610, #6611), (#6612, #6613)), .UNSPECIFIED., .F., .F., .U., (2, 2), (2, 2), (0., 1.), (43., 56.), .UNSPECIFIED.);
#6615 = ADVANCED_FACE ('', (#6609), #6614, .T.);
#6616 = ORIENTED_EDGE ('', *, *, #5614, .T.);
#6617 = ORIENTED_EDGE ('', *, *, #6606, .F.);
#6618 = ORIENTED_EDGE ('', *, *, #2629, .F.);
#6619 = CARTESIAN_POINT ('', (-87.3177893869182, 112.419070429905, 3.5));
#6620 = CARTESIAN_POINT ('', (-87.3177893869182, 112.419070429905, 5.));
#6621 = B_SPLINE_CURVE_WITH_KNOTS ('', 1, (#6619, #6620), .UNSPECIFIED., .F., .U., (2, 2), (0., 1.), .UNSPECIFIED.);
#6622 = EDGE_CURVE ('', #2617, #5609, #6621, .T.);
#6623 = ORIENTED_EDGE ('', *, *, #6622, .T.);
#6624 = EDGE_LOOP ('', (#6616, #6617, #6618, #6623));
#6625 = FACE_OUTER_BOUND ('', #6624, .T.);
#6626 = CARTESIAN_POINT ('', (-87.3177893869182, 112.419070429905, 3.5));
#6627 = CARTESIAN_POINT ('', (-87.817618049406, 112.432158904059, 3.5));
#6628 = CARTESIAN_POINT ('', (-87.8307065235599, 111.932330241571, 3.5));
#6629 = CARTESIAN_POINT ('', (-87.3177893869182, 112.419070429905, 5.));
#6630 = CARTESIAN_POINT ('', (-87.817618049406, 112.432158904059, 5.));
#6631 = CARTESIAN_POINT ('', (-87.8307065235599, 111.932330241571, 5.));
#6632 = (
   BOUNDED_SURFACE ()
   B_SPLINE_SURFACE (1, 2, ((#6626, #6627, #6628), (#6629, #6630, #6631)), .UNSPECIFIED., .F., .F., .U.)
   B_SPLINE_SURFACE_WITH_KNOTS ((2, 2), (3, 3), (0., 1.), (42., 43.), .UNSPECIFIED.)
   GEOMETRIC_REPRESENTATION_ITEM ()
   RATIONAL_B_SPLINE_SURFACE (((1., 0.707106781186548, 1.), (1., 0.707106781186548, 1.)))
   REPRESENTATION_ITEM ('')
   SURFACE ()
);
#6633 = ADVANCED_FACE ('', (#6625), #6632, .T.);
#6634 = ORIENTED_EDGE ('', *, *, #5621, .T.);
#6635 = ORIENTED_EDGE ('', *, *, #6622, .F.);
#6636 = ORIENTED_EDGE ('', *, *, #2621, .F.);
#6637 = CARTESIAN_POINT ('', (-74.322244162236, 112.078770101903, 3.5));
#6638 = CARTESIAN_POINT ('', (-74.322244162236, 112.078770101903, 5.));
#6639 = B_SPLINE_CURVE_WITH_KNOTS ('', 1, (#6637, #6638), .UNSPECIFIED., .F., .U., (2, 2), (0., 1.), .UNSPECIFIED.);
#6640 = EDGE_CURVE ('', #2609, #5617, #6639, .T.);
#6641 = ORIENTED_EDGE ('', *, *, #6640, .T.);
#6642 = EDGE_LOOP ('', (#6634, #6635, #6636, #6641));
#6643 = FACE_OUTER_BOUND ('', #6642, .T.);
#6644 = CARTESIAN_POINT ('', (-74.322244162236, 112.078770101903, 3.5));
#6645 = CARTESIAN_POINT ('', (-87.3177893869182, 112.419070429905, 3.5));
#6646 = CARTESIAN_POINT ('', (-74.322244162236, 112.078770101903, 5.));
#6647 = CARTESIAN_POINT ('', (-87.3177893869182, 112.419070429905, 5.));
#6648 = B_SPLINE_SURFACE_WITH_KNOTS ('', 1, 1, ((#6644, #6645), (#6646, #6647)), .UNSPECIFIED., .F., .F., .U., (2, 2), (2, 2), (0., 1.), (29., 42.), .UNSPECIFIED.);
#6649 = ADVANCED_FACE ('', (#6643), #6648, .T.);
#6650 = ORIENTED_EDGE ('', *, *, #5629, .T.);
#6651 = ORIENTED_EDGE ('', *, *, #6640, .F.);
#6652 = ORIENTED_EDGE ('', *, *, #2614, .F.);
#6653 = CARTESIAN_POINT ('', (-73.8355039739021, 111.565852965261, 3.5));
#6654 = CARTESIAN_POINT ('', (-73.8355039739021, 111.565852965261, 5.));
#6655 = B_SPLINE_CURVE_WITH_KNOTS ('', 1, (#6653, #6654), .UNSPECIFIED., .F., .U., (2, 2), (0., 1.), .UNSPECIFIED.);
#6656 = EDGE_CURVE ('', #2602, #5624, #6655, .T.);
#6657 = ORIENTED_EDGE ('', *, *, #6656, .T.);
#6658 = EDGE_LOOP ('', (#6650, #6651, #6652, #6657));
#6659 = FACE_OUTER_BOUND ('', #6658, .T.);
#6660 = CARTESIAN_POINT ('', (-73.8355039739021, 111.565852965261, 3.5));
#6661 = CARTESIAN_POINT ('', (-73.8224154997482, 112.065681627749, 3.5));
#6662 = CARTESIAN_POINT ('', (-74.322244162236, 112.078770101903, 3.5));
#6663 = CARTESIAN_POINT ('', (-73.8355039739021, 111.565852965261, 5.));
#6664 = CARTESIAN_POINT ('', (-73.8224154997482, 112.065681627749, 5.));
#6665 = CARTESIAN_POINT ('', (-74.322244162236, 112.078770101903, 5.));
#6666 = (
   BOUNDED_SURFACE ()
   B_SPLINE_SURFACE (1, 2, ((#6660, #6661, #6662), (#6663, #6664, #6665)), .UNSPECIFIED., .F., .F., .U.)
   B_SPLINE_SURFACE_WITH_KNOTS ((2, 2), (3, 3), (0., 1.), (28., 29.), .UNSPECIFIED.)
   GEOMETRIC_REPRESENTATION_ITEM ()
   RATIONAL_B_SPLINE_SURFACE (((1., 0.707106781186558, 1.), (1., 0.707106781186558, 1.)))
   REPRESENTATION_ITEM ('')
   SURFACE ()
);
#6667 = ADVANCED_FACE ('', (#6659), #6666, .T.);
#6668 = ORIENTED_EDGE ('', *, *, #5636, .T.);
#6669 = ORIENTED_EDGE ('', *, *, #6656, .F.);
#6670 = ORIENTED_EDGE ('', *, *, #2606, .F.);
#6671 = CARTESIAN_POINT ('', (-74.1758043019045, 98.570307740579, 3.5));
#6672 = CARTESIAN_POINT ('', (-74.1758043019045, 98.570307740579, 5.));
#6673 = B_SPLINE_CURVE_WITH_KNOTS ('', 1, (#6671, #6672), .UNSPECIFIED., .F., .U., (2, 2), (0., 1.), .UNSPECIFIED.);
#6674 = EDGE_CURVE ('', #2594, #5632, #6673, .T.);
#6675 = ORIENTED_EDGE ('', *, *, #6674, .T.);
#6676 = EDGE_LOOP ('', (#6668, #6669, #6670, #6675));
#6677 = FACE_OUTER_BOUND ('', #6676, .T.);
#6678 = CARTESIAN_POINT ('', (-74.1758043019045, 98.570307740579, 3.5));
#6679 = CARTESIAN_POINT ('', (-73.8355039739021, 111.565852965261, 3.5));
#6680 = CARTESIAN_POINT ('', (-74.1758043019045, 98.570307740579, 5.));
#6681 = CARTESIAN_POINT ('', (-73.8355039739021, 111.565852965261, 5.));
#6682 = B_SPLINE_SURFACE_WITH_KNOTS ('', 1, 1, ((#6678, #6679), (#6680, #6681)), .UNSPECIFIED., .F., .F., .U., (2, 2), (2, 2), (0., 1.), (15., 28.), .UNSPECIFIED.);
#6683 = ADVANCED_FACE ('', (#6677), #6682, .T.);
#6684 = ORIENTED_EDGE ('', *, *, #5642, .T.);
#6685 = ORIENTED_EDGE ('', *, *, #6674, .F.);
#6686 = ORIENTED_EDGE ('', *, *, #2599, .F.);
#6687 = ORIENTED_EDGE ('', *, *, #6566, .T.);
#6688 = EDGE_LOOP ('', (#6684, #6685, #6686, #6687));
#6689 = FACE_OUTER_BOUND ('', #6688, .T.);
#6690 = CARTESIAN_POINT ('', (-74.6887214385462, 98.0835675522451, 3.5));
#6691 = CARTESIAN_POINT ('', (-74.1888927760584, 98.0704790780912, 3.5));
#6692 = CARTESIAN_POINT ('', (-74.1758043019045, 98.570307740579, 3.5));
#6693 = CARTESIAN_POINT ('', (-74.6887214385462, 98.0835675522451, 5.));
#6694 = CARTESIAN_POINT ('', (-74.1888927760584, 98.0704790780912, 5.));
#6695 = CARTESIAN_POINT ('', (-74.1758043019045, 98.570307740579, 5.));
#6696 = (
   BOUNDED_SURFACE ()
   B_SPLINE_SURFACE (1, 2, ((#6690, #6691, #6692), (#6693, #6694, #6695)), .UNSPECIFIED., .F., .F., .U.)
   B_SPLINE_SURFACE_WITH_KNOTS ((2, 2), (3, 3), (0., 1.), (14., 15.), .UNSPECIFIED.)
   GEOMETRIC_REPRESENTATION_ITEM ()
   RATIONAL_B_SPLINE_SURFACE (((1., 0.707106781186538, 1.), (1., 0.707106781186538, 1.)))
   REPRESENTATION_ITEM ('')
   SURFACE ()
);
#6697 = ADVANCED_FACE ('', (#6689), #6696, .T.);
#6698 = ORIENTED_EDGE ('', *, *, #5529, .T.);
#6699 = CARTESIAN_POINT ('', (-56.1050471558293, 96.768871114373, 3.5));
#6700 = CARTESIAN_POINT ('', (-56.1050471558293, 96.768871114373, 5.));
#6701 = B_SPLINE_CURVE_WITH_KNOTS ('', 1, (#6699, #6700), .UNSPECIFIED., .F., .U., (2, 2), (0., 1.), .UNSPECIFIED.);
#6702 = EDGE_CURVE ('', #2525, #5525, #6701, .T.);
#6703 = ORIENTED_EDGE ('', *, *, #6702, .F.);
#6704 = ORIENTED_EDGE ('', *, *, #2529, .F.);
#6705 = CARTESIAN_POINT ('', (-69.0649724943599, 97.788839358835, 3.5));
#6706 = CARTESIAN_POINT ('', (-69.0649724943599, 97.788839358835, 5.));
#6707 = B_SPLINE_CURVE_WITH_KNOTS ('', 1, (#6705, #6706), .UNSPECIFIED., .F., .U., (2, 2), (0., 1.), .UNSPECIFIED.);
#6708 = EDGE_CURVE ('', #2523, #5523, #6707, .T.);
#6709 = ORIENTED_EDGE ('', *, *, #6708, .T.);
#6710 = EDGE_LOOP ('', (#6698, #6703, #6704, #6709));
#6711 = FACE_OUTER_BOUND ('', #6710, .T.);
#6712 = CARTESIAN_POINT ('', (-69.0649724943599, 97.788839358835, 3.5));
#6713 = CARTESIAN_POINT ('', (-56.1050471558293, 96.768871114373, 3.5));
#6714 = CARTESIAN_POINT ('', (-69.0649724943599, 97.788839358835, 5.));
#6715 = CARTESIAN_POINT ('', (-56.1050471558293, 96.768871114373, 5.));
#6716 = B_SPLINE_SURFACE_WITH_KNOTS ('', 1, 1, ((#6712, #6713), (#6714, #6715)), .UNSPECIFIED., .F., .F., .U., (2, 2), (2, 2), (0., 1.), (1., 14.), .UNSPECIFIED.);
#6717 = ADVANCED_FACE ('', (#6711), #6716, .T.);
#6718 = ORIENTED_EDGE ('', *, *, #5537, .T.);
#6719 = ORIENTED_EDGE ('', *, *, #6708, .F.);
#6720 = ORIENTED_EDGE ('', *, *, #2580, .F.);
#6721 = CARTESIAN_POINT ('', (-69.5242016133626, 98.3265275735655, 3.5));
#6722 = CARTESIAN_POINT ('', (-69.5242016133626, 98.3265275735655, 5.));
#6723 = B_SPLINE_CURVE_WITH_KNOTS ('', 1, (#6721, #6722), .UNSPECIFIED., .F., .U., (2, 2), (0., 1.), .UNSPECIFIED.);
#6724 = EDGE_CURVE ('', #2570, #5532, #6723, .T.);
#6725 = ORIENTED_EDGE ('', *, *, #6724, .T.);
#6726 = EDGE_LOOP ('', (#6718, #6719, #6720, #6725));
#6727 = FACE_OUTER_BOUND ('', #6726, .T.);
#6728 = CARTESIAN_POINT ('', (-69.5242016133626, 98.3265275735655, 3.5));
#6729 = CARTESIAN_POINT ('', (-69.5634311612265, 97.8280689066989, 3.5));
#6730 = CARTESIAN_POINT ('', (-69.0649724943599, 97.788839358835, 3.5));
#6731 = CARTESIAN_POINT ('', (-69.5242016133626, 98.3265275735655, 5.));
#6732 = CARTESIAN_POINT ('', (-69.5634311612265, 97.8280689066989, 5.));
#6733 = CARTESIAN_POINT ('', (-69.0649724943599, 97.788839358835, 5.));
#6734 = (
   BOUNDED_SURFACE ()
   B_SPLINE_SURFACE (1, 2, ((#6728, #6729, #6730), (#6731, #6732, #6733)), .UNSPECIFIED., .F., .F., .U.)
   B_SPLINE_SURFACE_WITH_KNOTS ((2, 2), (3, 3), (0., 1.), (0., 1.), .UNSPECIFIED.)
   GEOMETRIC_REPRESENTATION_ITEM ()
   RATIONAL_B_SPLINE_SURFACE (((1., 0.707106781186558, 1.), (1., 0.707106781186558, 1.)))
   REPRESENTATION_ITEM ('')
   SURFACE ()
);
#6735 = ADVANCED_FACE ('', (#6727), #6734, .T.);
#6736 = ORIENTED_EDGE ('', *, *, #5544, .T.);
#6737 = ORIENTED_EDGE ('', *, *, #6724, .F.);
#6738 = ORIENTED_EDGE ('', *, *, #2574, .F.);
#6739 = CARTESIAN_POINT ('', (-68.5042333689006, 111.286452912096, 3.5));
#6740 = CARTESIAN_POINT ('', (-68.5042333689006, 111.286452912096, 5.));
#6741 = B_SPLINE_CURVE_WITH_KNOTS ('', 1, (#6739, #6740), .UNSPECIFIED., .F., .U., (2, 2), (0., 1.), .UNSPECIFIED.);
#6742 = EDGE_CURVE ('', #2562, #5540, #6741, .T.);
#6743 = ORIENTED_EDGE ('', *, *, #6742, .T.);
#6744 = EDGE_LOOP ('', (#6736, #6737, #6738, #6743));
#6745 = FACE_OUTER_BOUND ('', #6744, .T.);
#6746 = CARTESIAN_POINT ('', (-68.5042333689006, 111.286452912096, 3.5));
#6747 = CARTESIAN_POINT ('', (-69.5242016133626, 98.3265275735654, 3.5));
#6748 = CARTESIAN_POINT ('', (-68.5042333689006, 111.286452912096, 5.));
#6749 = CARTESIAN_POINT ('', (-69.5242016133626, 98.3265275735654, 5.));
#6750 = B_SPLINE_SURFACE_WITH_KNOTS ('', 1, 1, ((#6746, #6747), (#6748, #6749)), .UNSPECIFIED., .F., .F., .U., (2, 2), (2, 2), (0., 1.), (43., 56.), .UNSPECIFIED.);
#6751 = ADVANCED_FACE ('', (#6745), #6750, .T.);
#6752 = ORIENTED_EDGE ('', *, *, #5552, .T.);
#6753 = ORIENTED_EDGE ('', *, *, #6742, .F.);
#6754 = ORIENTED_EDGE ('', *, *, #2567, .F.);
#6755 = CARTESIAN_POINT ('', (-67.9665451541701, 111.745682031099, 3.5));
#6756 = CARTESIAN_POINT ('', (-67.9665451541701, 111.745682031099, 5.));
#6757 = B_SPLINE_CURVE_WITH_KNOTS ('', 1, (#6755, #6756), .UNSPECIFIED., .F., .U., (2, 2), (0., 1.), .UNSPECIFIED.);
#6758 = EDGE_CURVE ('', #2555, #5547, #6757, .T.);
#6759 = ORIENTED_EDGE ('', *, *, #6758, .T.);
#6760 = EDGE_LOOP ('', (#6752, #6753, #6754, #6759));
#6761 = FACE_OUTER_BOUND ('', #6760, .T.);
#6762 = CARTESIAN_POINT ('', (-67.9665451541701, 111.745682031099, 3.5));
#6763 = CARTESIAN_POINT ('', (-68.4650038210366, 111.784911578963, 3.5));
#6764 = CARTESIAN_POINT ('', (-68.5042333689006, 111.286452912096, 3.5));
#6765 = CARTESIAN_POINT ('', (-67.9665451541701, 111.745682031099, 5.));
#6766 = CARTESIAN_POINT ('', (-68.4650038210366, 111.784911578963, 5.));
#6767 = CARTESIAN_POINT ('', (-68.5042333689006, 111.286452912096, 5.));
#6768 = (
   BOUNDED_SURFACE ()
   B_SPLINE_SURFACE (1, 2, ((#6762, #6763, #6764), (#6765, #6766, #6767)), .UNSPECIFIED., .F., .F., .U.)
   B_SPLINE_SURFACE_WITH_KNOTS ((2, 2), (3, 3), (0., 1.), (42., 43.), .UNSPECIFIED.)
   GEOMETRIC_REPRESENTATION_ITEM ()
   RATIONAL_B_SPLINE_SURFACE (((1., 0.707106781186557, 1.), (1., 0.707106781186557, 1.)))
   REPRESENTATION_ITEM ('')
   SURFACE ()
);
#6769 = ADVANCED_FACE ('', (#6761), #6768, .T.);
#6770 = ORIENTED_EDGE ('', *, *, #5559, .T.);
#6771 = ORIENTED_EDGE ('', *, *, #6758, .F.);
#6772 = ORIENTED_EDGE ('', *, *, #2559, .F.);
#6773 = CARTESIAN_POINT ('', (-55.0066198156394, 110.725713786637, 3.5));
#6774 = CARTESIAN_POINT ('', (-55.0066198156394, 110.725713786637, 5.));
#6775 = B_SPLINE_CURVE_WITH_KNOTS ('', 1, (#6773, #6774), .UNSPECIFIED., .F., .U., (2, 2), (0., 1.), .UNSPECIFIED.);
#6776 = EDGE_CURVE ('', #2547, #5555, #6775, .T.);
#6777 = ORIENTED_EDGE ('', *, *, #6776, .T.);
#6778 = EDGE_LOOP ('', (#6770, #6771, #6772, #6777));
#6779 = FACE_OUTER_BOUND ('', #6778, .T.);
#6780 = CARTESIAN_POINT ('', (-55.0066198156394, 110.725713786637, 3.5));
#6781 = CARTESIAN_POINT ('', (-67.9665451541701, 111.745682031099, 3.5));
#6782 = CARTESIAN_POINT ('', (-55.0066198156394, 110.725713786637, 5.));
#6783 = CARTESIAN_POINT ('', (-67.9665451541701, 111.745682031099, 5.));
#6784 = B_SPLINE_SURFACE_WITH_KNOTS ('', 1, 1, ((#6780, #6781), (#6782, #6783)), .UNSPECIFIED., .F., .F., .U., (2, 2), (2, 2), (0., 1.), (29., 42.), .UNSPECIFIED.);
#6785 = ADVANCED_FACE ('', (#6779), #6784, .T.);
#6786 = ORIENTED_EDGE ('', *, *, #5567, .T.);
#6787 = ORIENTED_EDGE ('', *, *, #6776, .F.);
#6788 = ORIENTED_EDGE ('', *, *, #2552, .F.);
#6789 = CARTESIAN_POINT ('', (-54.5473906966368, 110.188025571906, 3.5));
#6790 = CARTESIAN_POINT ('', (-54.5473906966368, 110.188025571906, 5.));
#6791 = B_SPLINE_CURVE_WITH_KNOTS ('', 1, (#6789, #6790), .UNSPECIFIED., .F., .U., (2, 2), (0., 1.), .UNSPECIFIED.);
#6792 = EDGE_CURVE ('', #2540, #5562, #6791, .T.);
#6793 = ORIENTED_EDGE ('', *, *, #6792, .T.);
#6794 = EDGE_LOOP ('', (#6786, #6787, #6788, #6793));
#6795 = FACE_OUTER_BOUND ('', #6794, .T.);
#6796 = CARTESIAN_POINT ('', (-54.5473906966368, 110.188025571906, 3.5));
#6797 = CARTESIAN_POINT ('', (-54.5081611487729, 110.686484238773, 3.5));
#6798 = CARTESIAN_POINT ('', (-55.0066198156394, 110.725713786637, 3.5));
#6799 = CARTESIAN_POINT ('', (-54.5473906966368, 110.188025571906, 5.));
#6800 = CARTESIAN_POINT ('', (-54.5081611487729, 110.686484238773, 5.));
#6801 = CARTESIAN_POINT ('', (-55.0066198156394, 110.725713786637, 5.));
#6802 = (
   BOUNDED_SURFACE ()
   B_SPLINE_SURFACE (1, 2, ((#6796, #6797, #6798), (#6799, #6800, #6801)), .UNSPECIFIED., .F., .F., .U.)
   B_SPLINE_SURFACE_WITH_KNOTS ((2, 2), (3, 3), (0., 1.), (28., 29.), .UNSPECIFIED.)
   GEOMETRIC_REPRESENTATION_ITEM ()
   RATIONAL_B_SPLINE_SURFACE (((1., 0.707106781186556, 1.), (1., 0.707106781186556, 1.)))
   REPRESENTATION_ITEM ('')
   SURFACE ()
);
#6803 = ADVANCED_FACE ('', (#6795), #6802, .T.);
#6804 = ORIENTED_EDGE ('', *, *, #5574, .T.);
#6805 = ORIENTED_EDGE ('', *, *, #6792, .F.);
#6806 = ORIENTED_EDGE ('', *, *, #2544, .F.);
#6807 = CARTESIAN_POINT ('', (-55.5673589410988, 97.2281002333756, 3.5));
#6808 = CARTESIAN_POINT ('', (-55.5673589410988, 97.2281002333756, 5.));
#6809 = B_SPLINE_CURVE_WITH_KNOTS ('', 1, (#6807, #6808), .UNSPECIFIED., .F., .U., (2, 2), (0., 1.), .UNSPECIFIED.);
#6810 = EDGE_CURVE ('', #2532, #5570, #6809, .T.);
#6811 = ORIENTED_EDGE ('', *, *, #6810, .T.);
#6812 = EDGE_LOOP ('', (#6804, #6805, #6806, #6811));
#6813 = FACE_OUTER_BOUND ('', #6812, .T.);
#6814 = CARTESIAN_POINT ('', (-55.5673589410988, 97.2281002333756, 3.5));
#6815 = CARTESIAN_POINT ('', (-54.5473906966368, 110.188025571906, 3.5));
#6816 = CARTESIAN_POINT ('', (-55.5673589410988, 97.2281002333756, 5.));
#6817 = CARTESIAN_POINT ('', (-54.5473906966368, 110.188025571906, 5.));
#6818 = B_SPLINE_SURFACE_WITH_KNOTS ('', 1, 1, ((#6814, #6815), (#6816, #6817)), .UNSPECIFIED., .F., .F., .U., (2, 2), (2, 2), (0., 1.), (15., 28.), .UNSPECIFIED.);
#6819 = ADVANCED_FACE ('', (#6813), #6818, .T.);
#6820 = ORIENTED_EDGE ('', *, *, #5580, .T.);
#6821 = ORIENTED_EDGE ('', *, *, #6810, .F.);
#6822 = ORIENTED_EDGE ('', *, *, #2537, .F.);
#6823 = ORIENTED_EDGE ('', *, *, #6702, .T.);
#6824 = EDGE_LOOP ('', (#6820, #6821, #6822, #6823));
#6825 = FACE_OUTER_BOUND ('', #6824, .T.);
#6826 = CARTESIAN_POINT ('', (-56.1050471558293, 96.768871114373, 3.5));
#6827 = CARTESIAN_POINT ('', (-55.6065884889627, 96.7296415665091, 3.5));
#6828 = CARTESIAN_POINT ('', (-55.5673589410988, 97.2281002333756, 3.5));
#6829 = CARTESIAN_POINT ('', (-56.1050471558293, 96.768871114373, 5.));
#6830 = CARTESIAN_POINT ('', (-55.6065884889627, 96.7296415665091, 5.));
#6831 = CARTESIAN_POINT ('', (-55.5673589410988, 97.2281002333756, 5.));
#6832 = (
   BOUNDED_SURFACE ()
   B_SPLINE_SURFACE (1, 2, ((#6826, #6827, #6828), (#6829, #6830, #6831)), .UNSPECIFIED., .F., .F., .U.)
   B_SPLINE_SURFACE_WITH_KNOTS ((2, 2), (3, 3), (0., 1.), (14., 15.), .UNSPECIFIED.)
   GEOMETRIC_REPRESENTATION_ITEM ()
   RATIONAL_B_SPLINE_SURFACE (((1., 0.707106781186558, 1.), (1., 0.707106781186558, 1.)))
   REPRESENTATION_ITEM ('')
   SURFACE ()
);
#6833 = ADVANCED_FACE ('', (#6825), #6832, .T.);
#6834 = ORIENTED_EDGE ('', *, *, #5467, .T.);
#6835 = CARTESIAN_POINT ('', (-32.9306883912253, 74.4910429241612, 3.5));
#6836 = CARTESIAN_POINT ('', (-32.9306883912253, 74.4910429241612, 5.));
#6837 = B_SPLINE_CURVE_WITH_KNOTS ('', 1, (#6835, #6836), .UNSPECIFIED., .F., .U., (2, 2), (0., 1.), .UNSPECIFIED.);
#6838 = EDGE_CURVE ('', #2463, #5463, #6837, .T.);
#6839 = ORIENTED_EDGE ('', *, *, #6838, .F.);
#6840 = ORIENTED_EDGE ('', *, *, #2467, .F.);
#6841 = CARTESIAN_POINT ('', (-45.8194715890848, 76.1878834230218, 3.5));
#6842 = CARTESIAN_POINT ('', (-45.8194715890848, 76.1878834230218, 5.));
#6843 = B_SPLINE_CURVE_WITH_KNOTS ('', 1, (#6841, #6842), .UNSPECIFIED., .F., .U., (2, 2), (0., 1.), .UNSPECIFIED.);
#6844 = EDGE_CURVE ('', #2461, #5461, #6843, .T.);
#6845 = ORIENTED_EDGE ('', *, *, #6844, .T.);
#6846 = EDGE_LOOP ('', (#6834, #6839, #6840, #6845));
#6847 = FACE_OUTER_BOUND ('', #6846, .T.);
#6848 = CARTESIAN_POINT ('', (-45.8194715890848, 76.1878834230218, 3.5));
#6849 = CARTESIAN_POINT ('', (-32.9306883912253, 74.4910429241612, 3.5));
#6850 = CARTESIAN_POINT ('', (-45.8194715890848, 76.1878834230218, 5.));
#6851 = CARTESIAN_POINT ('', (-32.9306883912253, 74.4910429241612, 5.));
#6852 = B_SPLINE_SURFACE_WITH_KNOTS ('', 1, 1, ((#6848, #6849), (#6850, #6851)), .UNSPECIFIED., .F., .F., .U., (2, 2), (2, 2), (0., 1.), (1., 14.), .UNSPECIFIED.);
#6853 = ADVANCED_FACE ('', (#6847), #6852, .T.);
#6854 = ORIENTED_EDGE ('', *, *, #5475, .T.);
#6855 = ORIENTED_EDGE ('', *, *, #6844, .F.);
#6856 = ORIENTED_EDGE ('', *, *, #2518, .F.);
#6857 = CARTESIAN_POINT ('', (-46.2499309236617, 76.7488689498188, 3.5));
#6858 = CARTESIAN_POINT ('', (-46.2499309236617, 76.7488689498188, 5.));
#6859 = B_SPLINE_CURVE_WITH_KNOTS ('', 1, (#6857, #6858), .UNSPECIFIED., .F., .U., (2, 2), (0., 1.), .UNSPECIFIED.);
#6860 = EDGE_CURVE ('', #2508, #5470, #6859, .T.);
#6861 = ORIENTED_EDGE ('', *, *, #6860, .T.);
#6862 = EDGE_LOOP ('', (#6854, #6855, #6856, #6861));
#6863 = FACE_OUTER_BOUND ('', #6862, .T.);
#6864 = CARTESIAN_POINT ('', (-46.2499309236617, 76.7488689498188, 3.5));
#6865 = CARTESIAN_POINT ('', (-46.3151940197718, 76.2531465191319, 3.5));
#6866 = CARTESIAN_POINT ('', (-45.8194715890848, 76.1878834230218, 3.5));
#6867 = CARTESIAN_POINT ('', (-46.2499309236617, 76.7488689498188, 5.));
#6868 = CARTESIAN_POINT ('', (-46.3151940197718, 76.2531465191319, 5.));
#6869 = CARTESIAN_POINT ('', (-45.8194715890848, 76.1878834230218, 5.));
#6870 = (
   BOUNDED_SURFACE ()
   B_SPLINE_SURFACE (1, 2, ((#6864, #6865, #6866), (#6867, #6868, #6869)), .UNSPECIFIED., .F., .F., .U.)
   B_SPLINE_SURFACE_WITH_KNOTS ((2, 2), (3, 3), (0., 1.), (0., 1.), .UNSPECIFIED.)
   GEOMETRIC_REPRESENTATION_ITEM ()
   RATIONAL_B_SPLINE_SURFACE (((1., 0.707106781186532, 1.), (1., 0.707106781186532, 1.)))
   REPRESENTATION_ITEM ('')
   SURFACE ()
);
#6871 = ADVANCED_FACE ('', (#6863), #6870, .T.);
#6872 = ORIENTED_EDGE ('', *, *, #5482, .T.);
#6873 = ORIENTED_EDGE ('', *, *, #6860, .F.);
#6874 = ORIENTED_EDGE ('', *, *, #2512, .F.);
#6875 = CARTESIAN_POINT ('', (-44.5530904248011, 89.6376521476783, 3.5));
#6876 = CARTESIAN_POINT ('', (-44.5530904248011, 89.6376521476783, 5.));
#6877 = B_SPLINE_CURVE_WITH_KNOTS ('', 1, (#6875, #6876), .UNSPECIFIED., .F., .U., (2, 2), (0., 1.), .UNSPECIFIED.);
#6878 = EDGE_CURVE ('', #2500, #5478, #6877, .T.);
#6879 = ORIENTED_EDGE ('', *, *, #6878, .T.);
#6880 = EDGE_LOOP ('', (#6872, #6873, #6874, #6879));
#6881 = FACE_OUTER_BOUND ('', #6880, .T.);
#6882 = CARTESIAN_POINT ('', (-44.5530904248011, 89.6376521476783, 3.5));
#6883 = CARTESIAN_POINT ('', (-46.2499309236617, 76.7488689498188, 3.5));
#6884 = CARTESIAN_POINT ('', (-44.5530904248011, 89.6376521476783, 5.));
#6885 = CARTESIAN_POINT ('', (-46.2499309236617, 76.7488689498188, 5.));
#6886 = B_SPLINE_SURFACE_WITH_KNOTS ('', 1, 1, ((#6882, #6883), (#6884, #6885)), .UNSPECIFIED., .F., .F., .U., (2, 2), (2, 2), (0., 1.), (43., 56.), .UNSPECIFIED.);
#6887 = ADVANCED_FACE ('', (#6881), #6886, .T.);
#6888 = ORIENTED_EDGE ('', *, *, #5490, .T.);
#6889 = ORIENTED_EDGE ('', *, *, #6878, .F.);
#6890 = ORIENTED_EDGE ('', *, *, #2505, .F.);
#6891 = CARTESIAN_POINT ('', (-43.9921048980041, 90.0681114822552, 3.5));
#6892 = CARTESIAN_POINT ('', (-43.9921048980041, 90.0681114822552, 5.));
#6893 = B_SPLINE_CURVE_WITH_KNOTS ('', 1, (#6891, #6892), .UNSPECIFIED., .F., .U., (2, 2), (0., 1.), .UNSPECIFIED.);
#6894 = EDGE_CURVE ('', #2493, #5485, #6893, .T.);
#6895 = ORIENTED_EDGE ('', *, *, #6894, .T.);
#6896 = EDGE_LOOP ('', (#6888, #6889, #6890, #6895));
#6897 = FACE_OUTER_BOUND ('', #6896, .T.);
#6898 = CARTESIAN_POINT ('', (-43.9921048980041, 90.0681114822552, 3.5));
#6899 = CARTESIAN_POINT ('', (-44.487827328691, 90.1333745783652, 3.5));
#6900 = CARTESIAN_POINT ('', (-44.5530904248011, 89.6376521476783, 3.5));
#6901 = CARTESIAN_POINT ('', (-43.9921048980041, 90.0681114822552, 5.));
#6902 = CARTESIAN_POINT ('', (-44.487827328691, 90.1333745783652, 5.));
#6903 = CARTESIAN_POINT ('', (-44.5530904248011, 89.6376521476783, 5.));
#6904 = (
   BOUNDED_SURFACE ()
   B_SPLINE_SURFACE (1, 2, ((#6898, #6899, #6900), (#6901, #6902, #6903)), .UNSPECIFIED., .F., .F., .U.)
   B_SPLINE_SURFACE_WITH_KNOTS ((2, 2), (3, 3), (0., 1.), (42., 43.), .UNSPECIFIED.)
   GEOMETRIC_REPRESENTATION_ITEM ()
   RATIONAL_B_SPLINE_SURFACE (((1., 0.707106781186537, 1.), (1., 0.707106781186537, 1.)))
   REPRESENTATION_ITEM ('')
   SURFACE ()
);
#6905 = ADVANCED_FACE ('', (#6897), #6904, .T.);
#6906 = ORIENTED_EDGE ('', *, *, #5497, .T.);
#6907 = ORIENTED_EDGE ('', *, *, #6894, .F.);
#6908 = ORIENTED_EDGE ('', *, *, #2497, .F.);
#6909 = CARTESIAN_POINT ('', (-31.1033217001446, 88.3712709833945, 3.5));
#6910 = CARTESIAN_POINT ('', (-31.1033217001446, 88.3712709833945, 5.));
#6911 = B_SPLINE_CURVE_WITH_KNOTS ('', 1, (#6909, #6910), .UNSPECIFIED., .F., .U., (2, 2), (0., 1.), .UNSPECIFIED.);
#6912 = EDGE_CURVE ('', #2485, #5493, #6911, .T.);
#6913 = ORIENTED_EDGE ('', *, *, #6912, .T.);
#6914 = EDGE_LOOP ('', (#6906, #6907, #6908, #6913));
#6915 = FACE_OUTER_BOUND ('', #6914, .T.);
#6916 = CARTESIAN_POINT ('', (-31.1033217001446, 88.3712709833945, 3.5));
#6917 = CARTESIAN_POINT ('', (-43.9921048980041, 90.0681114822552, 3.5));
#6918 = CARTESIAN_POINT ('', (-31.1033217001446, 88.3712709833945, 5.));
#6919 = CARTESIAN_POINT ('', (-43.9921048980041, 90.0681114822552, 5.));
#6920 = B_SPLINE_SURFACE_WITH_KNOTS ('', 1, 1, ((#6916, #6917), (#6918, #6919)), .UNSPECIFIED., .F., .F., .U., (2, 2), (2, 2), (0., 1.), (29., 42.), .UNSPECIFIED.);
#6921 = ADVANCED_FACE ('', (#6915), #6920, .T.);
#6922 = ORIENTED_EDGE ('', *, *, #5505, .T.);
#6923 = ORIENTED_EDGE ('', *, *, #6912, .F.);
#6924 = ORIENTED_EDGE ('', *, *, #2490, .F.);
#6925 = CARTESIAN_POINT ('', (-30.6728623655677, 87.8102854565976, 3.5));
#6926 = CARTESIAN_POINT ('', (-30.6728623655677, 87.8102854565976, 5.));
#6927 = B_SPLINE_CURVE_WITH_KNOTS ('', 1, (#6925, #6926), .UNSPECIFIED., .F., .U., (2, 2), (0., 1.), .UNSPECIFIED.);
#6928 = EDGE_CURVE ('', #2478, #5500, #6927, .T.);
#6929 = ORIENTED_EDGE ('', *, *, #6928, .T.);
#6930 = EDGE_LOOP ('', (#6922, #6923, #6924, #6929));
#6931 = FACE_OUTER_BOUND ('', #6930, .T.);
#6932 = CARTESIAN_POINT ('', (-30.6728623655677, 87.8102854565976, 3.5));
#6933 = CARTESIAN_POINT ('', (-30.6075992694577, 88.3060078872845, 3.5));
#6934 = CARTESIAN_POINT ('', (-31.1033217001446, 88.3712709833945, 3.5));
#6935 = CARTESIAN_POINT ('', (-30.6728623655677, 87.8102854565976, 5.));
#6936 = CARTESIAN_POINT ('', (-30.6075992694577, 88.3060078872845, 5.));
#6937 = CARTESIAN_POINT ('', (-31.1033217001446, 88.3712709833945, 5.));
#6938 = (
   BOUNDED_SURFACE ()
   B_SPLINE_SURFACE (1, 2, ((#6932, #6933, #6934), (#6935, #6936, #6937)), .UNSPECIFIED., .F., .F., .U.)
   B_SPLINE_SURFACE_WITH_KNOTS ((2, 2), (3, 3), (0., 1.), (28., 29.), .UNSPECIFIED.)
   GEOMETRIC_REPRESENTATION_ITEM ()
   RATIONAL_B_SPLINE_SURFACE (((1., 0.707106781186544, 1.), (1., 0.707106781186544, 1.)))
   REPRESENTATION_ITEM ('')
   SURFACE ()
);
#6939 = ADVANCED_FACE ('', (#6931), #6938, .T.);
#6940 = ORIENTED_EDGE ('', *, *, #5512, .T.);
#6941 = ORIENTED_EDGE ('', *, *, #6928, .F.);
#6942 = ORIENTED_EDGE ('', *, *, #2482, .F.);
#6943 = CARTESIAN_POINT ('', (-32.3697028644284, 74.921502258738, 3.5));
#6944 = CARTESIAN_POINT ('', (-32.3697028644284, 74.921502258738, 5.));
#6945 = B_SPLINE_CURVE_WITH_KNOTS ('', 1, (#6943, #6944), .UNSPECIFIED., .F., .U., (2, 2), (0., 1.), .UNSPECIFIED.);
#6946 = EDGE_CURVE ('', #2470, #5508, #6945, .T.);
#6947 = ORIENTED_EDGE ('', *, *, #6946, .T.);
#6948 = EDGE_LOOP ('', (#6940, #6941, #6942, #6947));
#6949 = FACE_OUTER_BOUND ('', #6948, .T.);
#6950 = CARTESIAN_POINT ('', (-32.3697028644284, 74.921502258738, 3.5));
#6951 = CARTESIAN_POINT ('', (-30.6728623655677, 87.8102854565976, 3.5));
#6952 = CARTESIAN_POINT ('', (-32.3697028644284, 74.921502258738, 5.));
#6953 = CARTESIAN_POINT ('', (-30.6728623655677, 87.8102854565976, 5.));
#6954 = B_SPLINE_SURFACE_WITH_KNOTS ('', 1, 1, ((#6950, #6951), (#6952, #6953)), .UNSPECIFIED., .F., .F., .U., (2, 2), (2, 2), (0., 1.), (15., 28.), .UNSPECIFIED.);
#6955 = ADVANCED_FACE ('', (#6949), #6954, .T.);
#6956 = ORIENTED_EDGE ('', *, *, #5518, .T.);
#6957 = ORIENTED_EDGE ('', *, *, #6946, .F.);
#6958 = ORIENTED_EDGE ('', *, *, #2475, .F.);
#6959 = ORIENTED_EDGE ('', *, *, #6838, .T.);
#6960 = EDGE_LOOP ('', (#6956, #6957, #6958, #6959));
#6961 = FACE_OUTER_BOUND ('', #6960, .T.);
#6962 = CARTESIAN_POINT ('', (-32.9306883912253, 74.4910429241612, 3.5));
#6963 = CARTESIAN_POINT ('', (-32.4349659605384, 74.4257798280511, 3.5));
#6964 = CARTESIAN_POINT ('', (-32.3697028644284, 74.921502258738, 3.5));
#6965 = CARTESIAN_POINT ('', (-32.9306883912253, 74.4910429241612, 5.));
#6966 = CARTESIAN_POINT ('', (-32.4349659605384, 74.4257798280511, 5.));
#6967 = CARTESIAN_POINT ('', (-32.3697028644284, 74.921502258738, 5.));
#6968 = (
   BOUNDED_SURFACE ()
   B_SPLINE_SURFACE (1, 2, ((#6962, #6963, #6964), (#6965, #6966, #6967)), .UNSPECIFIED., .F., .F., .U.)
   B_SPLINE_SURFACE_WITH_KNOTS ((2, 2), (3, 3), (0., 1.), (14., 15.), .UNSPECIFIED.)
   GEOMETRIC_REPRESENTATION_ITEM ()
   RATIONAL_B_SPLINE_SURFACE (((1., 0.707106781186553, 1.), (1., 0.707106781186553, 1.)))
   REPRESENTATION_ITEM ('')
   SURFACE ()
);
#6969 = ADVANCED_FACE ('', (#6961), #6968, .T.);
#6970 = ORIENTED_EDGE ('', *, *, #5405, .T.);
#6971 = CARTESIAN_POINT ('', (-51.5953877566443, 76.8715081515237, 3.5));
#6972 = CARTESIAN_POINT ('', (-51.5953877566443, 76.8715081515237, 5.));
#6973 = B_SPLINE_CURVE_WITH_KNOTS ('', 1, (#6971, #6972), .UNSPECIFIED., .F., .U., (2, 2), (0., 1.), .UNSPECIFIED.);
#6974 = EDGE_CURVE ('', #2401, #5401, #6973, .T.);
#6975 = ORIENTED_EDGE ('', *, *, #6974, .F.);
#6976 = ORIENTED_EDGE ('', *, *, #2405, .F.);
#6977 = CARTESIAN_POINT ('', (-64.5241723964319, 78.2303781740032, 3.5));
#6978 = CARTESIAN_POINT ('', (-64.5241723964319, 78.2303781740032, 5.));
#6979 = B_SPLINE_CURVE_WITH_KNOTS ('', 1, (#6977, #6978), .UNSPECIFIED., .F., .U., (2, 2), (0., 1.), .UNSPECIFIED.);
#6980 = EDGE_CURVE ('', #2399, #5399, #6979, .T.);
#6981 = ORIENTED_EDGE ('', *, *, #6980, .T.);
#6982 = EDGE_LOOP ('', (#6970, #6975, #6976, #6981));
#6983 = FACE_OUTER_BOUND ('', #6982, .T.);
#6984 = CARTESIAN_POINT ('', (-64.5241723964319, 78.2303781740032, 3.5));
#6985 = CARTESIAN_POINT ('', (-51.5953877566443, 76.8715081515237, 3.5));
#6986 = CARTESIAN_POINT ('', (-64.5241723964319, 78.2303781740032, 5.));
#6987 = CARTESIAN_POINT ('', (-51.5953877566443, 76.8715081515237, 5.));
#6988 = B_SPLINE_SURFACE_WITH_KNOTS ('', 1, 1, ((#6984, #6985), (#6986, #6987)), .UNSPECIFIED., .F., .F., .U., (2, 2), (2, 2), (0., 1.), (1., 14.), .UNSPECIFIED.);
#6989 = ADVANCED_FACE ('', (#6983), #6988, .T.);
#6990 = ORIENTED_EDGE ('', *, *, #5413, .T.);
#6991 = ORIENTED_EDGE ('', *, *, #6980, .F.);
#6992 = ORIENTED_EDGE ('', *, *, #2456, .F.);
#6993 = CARTESIAN_POINT ('', (-64.9691691124822, 78.7799033533212, 3.5));
#6994 = CARTESIAN_POINT ('', (-64.9691691124822, 78.7799033533212, 5.));
#6995 = B_SPLINE_CURVE_WITH_KNOTS ('', 1, (#6993, #6994), .UNSPECIFIED., .F., .U., (2, 2), (0., 1.), .UNSPECIFIED.);
#6996 = EDGE_CURVE ('', #2446, #5408, #6995, .T.);
#6997 = ORIENTED_EDGE ('', *, *, #6996, .T.);
#6998 = EDGE_LOOP ('', (#6990, #6991, #6992, #6997));
#6999 = FACE_OUTER_BOUND ('', #6998, .T.);
#7000 = CARTESIAN_POINT ('', (-64.9691691124822, 78.7799033533212, 3.5));
#7001 = CARTESIAN_POINT ('', (-65.021433344116, 78.282642405637, 3.5));
#7002 = CARTESIAN_POINT ('', (-64.5241723964319, 78.2303781740032, 3.5));
#7003 = CARTESIAN_POINT ('', (-64.9691691124822, 78.7799033533212, 5.));
#7004 = CARTESIAN_POINT ('', (-65.021433344116, 78.282642405637, 5.));
#7005 = CARTESIAN_POINT ('', (-64.5241723964319, 78.2303781740032, 5.));
#7006 = (
   BOUNDED_SURFACE ()
   B_SPLINE_SURFACE (1, 2, ((#7000, #7001, #7002), (#7003, #7004, #7005)), .UNSPECIFIED., .F., .F., .U.)
   B_SPLINE_SURFACE_WITH_KNOTS ((2, 2), (3, 3), (0., 1.), (0., 1.), .UNSPECIFIED.)
   GEOMETRIC_REPRESENTATION_ITEM ()
   RATIONAL_B_SPLINE_SURFACE (((1., 0.707106781186548, 1.), (1., 0.707106781186548, 1.)))
   REPRESENTATION_ITEM ('')
   SURFACE ()
);
#7007 = ADVANCED_FACE ('', (#6999), #7006, .T.);
#7008 = ORIENTED_EDGE ('', *, *, #5420, .T.);
#7009 = ORIENTED_EDGE ('', *, *, #6996, .F.);
#7010 = ORIENTED_EDGE ('', *, *, #2450, .F.);
#7011 = CARTESIAN_POINT ('', (-63.6102990900027, 91.7086879931087, 3.5));
#7012 = CARTESIAN_POINT ('', (-63.6102990900027, 91.7086879931087, 5.));
#7013 = B_SPLINE_CURVE_WITH_KNOTS ('', 1, (#7011, #7012), .UNSPECIFIED., .F., .U., (2, 2), (0., 1.), .UNSPECIFIED.);
#7014 = EDGE_CURVE ('', #2438, #5416, #7013, .T.);
#7015 = ORIENTED_EDGE ('', *, *, #7014, .T.);
#7016 = EDGE_LOOP ('', (#7008, #7009, #7010, #7015));
#7017 = FACE_OUTER_BOUND ('', #7016, .T.);
#7018 = CARTESIAN_POINT ('', (-63.6102990900027, 91.7086879931087, 3.5));
#7019 = CARTESIAN_POINT ('', (-64.9691691124822, 78.7799033533212, 3.5));
#7020 = CARTESIAN_POINT ('', (-63.6102990900027, 91.7086879931087, 5.));
#7021 = CARTESIAN_POINT ('', (-64.9691691124822, 78.7799033533212, 5.));
#7022 = B_SPLINE_SURFACE_WITH_KNOTS ('', 1, 1, ((#7018, #7019), (#7020, #7021)), .UNSPECIFIED., .F., .F., .U., (2, 2), (2, 2), (0., 1.), (43., 56.), .UNSPECIFIED.);
#7023 = ADVANCED_FACE ('', (#7017), #7022, .T.);
#7024 = ORIENTED_EDGE ('', *, *, #5428, .T.);
#7025 = ORIENTED_EDGE ('', *, *, #7014, .F.);
#7026 = ORIENTED_EDGE ('', *, *, #2443, .F.);
#7027 = CARTESIAN_POINT ('', (-63.0607739106847, 92.153684709159, 3.5));
#7028 = CARTESIAN_POINT ('', (-63.0607739106847, 92.153684709159, 5.));
#7029 = B_SPLINE_CURVE_WITH_KNOTS ('', 1, (#7027, #7028), .UNSPECIFIED., .F., .U., (2, 2), (0., 1.), .UNSPECIFIED.);
#7030 = EDGE_CURVE ('', #2431, #5423, #7029, .T.);
#7031 = ORIENTED_EDGE ('', *, *, #7030, .T.);
#7032 = EDGE_LOOP ('', (#7024, #7025, #7026, #7031));
#7033 = FACE_OUTER_BOUND ('', #7032, .T.);
#7034 = CARTESIAN_POINT ('', (-63.0607739106847, 92.153684709159, 3.5));
#7035 = CARTESIAN_POINT ('', (-63.5580348583688, 92.2059489407929, 3.5));
#7036 = CARTESIAN_POINT ('', (-63.6102990900027, 91.7086879931087, 3.5));
#7037 = CARTESIAN_POINT ('', (-63.0607739106847, 92.153684709159, 5.));
#7038 = CARTESIAN_POINT ('', (-63.5580348583688, 92.2059489407929, 5.));
#7039 = CARTESIAN_POINT ('', (-63.6102990900027, 91.7086879931087, 5.));
#7040 = (
   BOUNDED_SURFACE ()
   B_SPLINE_SURFACE (1, 2, ((#7034, #7035, #7036), (#7037, #7038, #7039)), .UNSPECIFIED., .F., .F., .U.)
   B_SPLINE_SURFACE_WITH_KNOTS ((2, 2), (3, 3), (0., 1.), (42., 43.), .UNSPECIFIED.)
   GEOMETRIC_REPRESENTATION_ITEM ()
   RATIONAL_B_SPLINE_SURFACE (((1., 0.707106781186547, 1.), (1., 0.707106781186547, 1.)))
   REPRESENTATION_ITEM ('')
   SURFACE ()
);
#7041 = ADVANCED_FACE ('', (#7033), #7040, .T.);
#7042 = ORIENTED_EDGE ('', *, *, #5435, .T.);
#7043 = ORIENTED_EDGE ('', *, *, #7030, .F.);
#7044 = ORIENTED_EDGE ('', *, *, #2435, .F.);
#7045 = CARTESIAN_POINT ('', (-50.1319892708972, 90.7948146866795, 3.5));
#7046 = CARTESIAN_POINT ('', (-50.1319892708972, 90.7948146866795, 5.));
#7047 = B_SPLINE_CURVE_WITH_KNOTS ('', 1, (#7045, #7046), .UNSPECIFIED., .F., .U., (2, 2), (0., 1.), .UNSPECIFIED.);
#7048 = EDGE_CURVE ('', #2423, #5431, #7047, .T.);
#7049 = ORIENTED_EDGE ('', *, *, #7048, .T.);
#7050 = EDGE_LOOP ('', (#7042, #7043, #7044, #7049));
#7051 = FACE_OUTER_BOUND ('', #7050, .T.);
#7052 = CARTESIAN_POINT ('', (-50.1319892708972, 90.7948146866795, 3.5));
#7053 = CARTESIAN_POINT ('', (-63.0607739106847, 92.153684709159, 3.5));
#7054 = CARTESIAN_POINT ('', (-50.1319892708972, 90.7948146866795, 5.));
#7055 = CARTESIAN_POINT ('', (-63.0607739106847, 92.153684709159, 5.));
#7056 = B_SPLINE_SURFACE_WITH_KNOTS ('', 1, 1, ((#7052, #7053), (#7054, #7055)), .UNSPECIFIED., .F., .F., .U., (2, 2), (2, 2), (0., 1.), (29., 42.), .UNSPECIFIED.);
#7057 = ADVANCED_FACE ('', (#7051), #7056, .T.);
#7058 = ORIENTED_EDGE ('', *, *, #5443, .T.);
#7059 = ORIENTED_EDGE ('', *, *, #7048, .F.);
#7060 = ORIENTED_EDGE ('', *, *, #2428, .F.);
#7061 = CARTESIAN_POINT ('', (-49.6869925548468, 90.2452895073616, 3.5));
#7062 = CARTESIAN_POINT ('', (-49.6869925548468, 90.2452895073616, 5.));
#7063 = B_SPLINE_CURVE_WITH_KNOTS ('', 1, (#7061, #7062), .UNSPECIFIED., .F., .U., (2, 2), (0., 1.), .UNSPECIFIED.);
#7064 = EDGE_CURVE ('', #2416, #5438, #7063, .T.);
#7065 = ORIENTED_EDGE ('', *, *, #7064, .T.);
#7066 = EDGE_LOOP ('', (#7058, #7059, #7060, #7065));
#7067 = FACE_OUTER_BOUND ('', #7066, .T.);
#7068 = CARTESIAN_POINT ('', (-49.6869925548468, 90.2452895073616, 3.5));
#7069 = CARTESIAN_POINT ('', (-49.634728323213, 90.7425504550457, 3.5));
#7070 = CARTESIAN_POINT ('', (-50.1319892708972, 90.7948146866795, 3.5));
#7071 = CARTESIAN_POINT ('', (-49.6869925548468, 90.2452895073616, 5.));
#7072 = CARTESIAN_POINT ('', (-49.634728323213, 90.7425504550457, 5.));
#7073 = CARTESIAN_POINT ('', (-50.1319892708972, 90.7948146866795, 5.));
#7074 = (
   BOUNDED_SURFACE ()
   B_SPLINE_SURFACE (1, 2, ((#7068, #7069, #7070), (#7071, #7072, #7073)), .UNSPECIFIED., .F., .F., .U.)
   B_SPLINE_SURFACE_WITH_KNOTS ((2, 2), (3, 3), (0., 1.), (28., 29.), .UNSPECIFIED.)
   GEOMETRIC_REPRESENTATION_ITEM ()
   RATIONAL_B_SPLINE_SURFACE (((1., 0.707106781186551, 1.), (1., 0.707106781186551, 1.)))
   REPRESENTATION_ITEM ('')
   SURFACE ()
);
#7075 = ADVANCED_FACE ('', (#7067), #7074, .T.);
#7076 = ORIENTED_EDGE ('', *, *, #5450, .T.);
#7077 = ORIENTED_EDGE ('', *, *, #7064, .F.);
#7078 = ORIENTED_EDGE ('', *, *, #2420, .F.);
#7079 = CARTESIAN_POINT ('', (-51.0458625773263, 77.316504867574, 3.5));
#7080 = CARTESIAN_POINT ('', (-51.0458625773263, 77.316504867574, 5.));
#7081 = B_SPLINE_CURVE_WITH_KNOTS ('', 1, (#7079, #7080), .UNSPECIFIED., .F., .U., (2, 2), (0., 1.), .UNSPECIFIED.);
#7082 = EDGE_CURVE ('', #2408, #5446, #7081, .T.);
#7083 = ORIENTED_EDGE ('', *, *, #7082, .T.);
#7084 = EDGE_LOOP ('', (#7076, #7077, #7078, #7083));
#7085 = FACE_OUTER_BOUND ('', #7084, .T.);
#7086 = CARTESIAN_POINT ('', (-51.0458625773263, 77.316504867574, 3.5));
#7087 = CARTESIAN_POINT ('', (-49.6869925548468, 90.2452895073616, 3.5));
#7088 = CARTESIAN_POINT ('', (-51.0458625773263, 77.316504867574, 5.));
#7089 = CARTESIAN_POINT ('', (-49.6869925548468, 90.2452895073616, 5.));
#7090 = B_SPLINE_SURFACE_WITH_KNOTS ('', 1, 1, ((#7086, #7087), (#7088, #7089)), .UNSPECIFIED., .F., .F., .U., (2, 2), (2, 2), (0., 1.), (15., 28.), .UNSPECIFIED.);
#7091 = ADVANCED_FACE ('', (#7085), #7090, .T.);
#7092 = ORIENTED_EDGE ('', *, *, #5456, .T.);
#7093 = ORIENTED_EDGE ('', *, *, #7082, .F.);
#7094 = ORIENTED_EDGE ('', *, *, #2413, .F.);
#7095 = ORIENTED_EDGE ('', *, *, #6974, .T.);
#7096 = EDGE_LOOP ('', (#7092, #7093, #7094, #7095));
#7097 = FACE_OUTER_BOUND ('', #7096, .T.);
#7098 = CARTESIAN_POINT ('', (-51.5953877566443, 76.8715081515237, 3.5));
#7099 = CARTESIAN_POINT ('', (-51.0981268089602, 76.8192439198899, 3.5));
#7100 = CARTESIAN_POINT ('', (-51.0458625773263, 77.316504867574, 3.5));
#7101 = CARTESIAN_POINT ('', (-51.5953877566443, 76.8715081515237, 5.));
#7102 = CARTESIAN_POINT ('', (-51.0981268089602, 76.8192439198899, 5.));
#7103 = CARTESIAN_POINT ('', (-51.0458625773263, 77.316504867574, 5.));
#7104 = (
   BOUNDED_SURFACE ()
   B_SPLINE_SURFACE (1, 2, ((#7098, #7099, #7100), (#7101, #7102, #7103)), .UNSPECIFIED., .F., .F., .U.)
   B_SPLINE_SURFACE_WITH_KNOTS ((2, 2), (3, 3), (0., 1.), (14., 15.), .UNSPECIFIED.)
   GEOMETRIC_REPRESENTATION_ITEM ()
   RATIONAL_B_SPLINE_SURFACE (((1., 0.707106781186548, 1.), (1., 0.707106781186548, 1.)))
   REPRESENTATION_ITEM ('')
   SURFACE ()
);
#7105 = ADVANCED_FACE ('', (#7097), #7104, .T.);
#7106 = ORIENTED_EDGE ('', *, *, #5343, .T.);
#7107 = CARTESIAN_POINT ('', (-70.1382791376274, 78.6722179568309, 3.5));
#7108 = CARTESIAN_POINT ('', (-70.1382791376274, 78.6722179568309, 5.));
#7109 = B_SPLINE_CURVE_WITH_KNOTS ('', 1, (#7107, #7108), .UNSPECIFIED., .F., .U., (2, 2), (0., 1.), .UNSPECIFIED.);
#7110 = EDGE_CURVE ('', #2339, #5339, #7109, .T.);
#7111 = ORIENTED_EDGE ('', *, *, #7110, .F.);
#7112 = ORIENTED_EDGE ('', *, *, #2343, .F.);
#7113 = CARTESIAN_POINT ('', (-83.1204630894369, 79.3525853879891, 3.5));
#7114 = CARTESIAN_POINT ('', (-83.1204630894369, 79.3525853879891, 5.));
#7115 = B_SPLINE_CURVE_WITH_KNOTS ('', 1, (#7113, #7114), .UNSPECIFIED., .F., .U., (2, 2), (0., 1.), .UNSPECIFIED.);
#7116 = EDGE_CURVE ('', #2337, #5337, #7115, .T.);
#7117 = ORIENTED_EDGE ('', *, *, #7116, .T.);
#7118 = EDGE_LOOP ('', (#7106, #7111, #7112, #7117));
#7119 = FACE_OUTER_BOUND ('', #7118, .T.);
#7120 = CARTESIAN_POINT ('', (-83.1204630894369, 79.3525853879891, 3.5));
#7121 = CARTESIAN_POINT ('', (-70.1382791376274, 78.6722179568309, 3.5));
#7122 = CARTESIAN_POINT ('', (-83.1204630894369, 79.3525853879891, 5.));
#7123 = CARTESIAN_POINT ('', (-70.1382791376274, 78.6722179568309, 5.));
#7124 = B_SPLINE_SURFACE_WITH_KNOTS ('', 1, 1, ((#7120, #7121), (#7122, #7123)), .UNSPECIFIED., .F., .F., .U., (2, 2), (2, 2), (0., 1.), (1., 14.), .UNSPECIFIED.);
#7125 = ADVANCED_FACE ('', (#7119), #7124, .T.);
#7126 = ORIENTED_EDGE ('', *, *, #5351, .T.);
#7127 = ORIENTED_EDGE ('', *, *, #7116, .F.);
#7128 = ORIENTED_EDGE ('', *, *, #2394, .F.);
#7129 = CARTESIAN_POINT ('', (-83.5936098786927, 79.8780681334879, 3.5));
#7130 = CARTESIAN_POINT ('', (-83.5936098786927, 79.8780681334879, 5.));
#7131 = B_SPLINE_CURVE_WITH_KNOTS ('', 1, (#7129, #7130), .UNSPECIFIED., .F., .U., (2, 2), (0., 1.), .UNSPECIFIED.);
#7132 = EDGE_CURVE ('', #2384, #5346, #7131, .T.);
#7133 = ORIENTED_EDGE ('', *, *, #7132, .T.);
#7134 = EDGE_LOOP ('', (#7126, #7127, #7128, #7133));
#7135 = FACE_OUTER_BOUND ('', #7134, .T.);
#7136 = CARTESIAN_POINT ('', (-83.5936098786927, 79.8780681334879, 3.5));
#7137 = CARTESIAN_POINT ('', (-83.6197778568142, 79.3787533661106, 3.5));
#7138 = CARTESIAN_POINT ('', (-83.1204630894369, 79.3525853879891, 3.5));
#7139 = CARTESIAN_POINT ('', (-83.5936098786927, 79.8780681334879, 5.));
#7140 = CARTESIAN_POINT ('', (-83.6197778568142, 79.3787533661106, 5.));
#7141 = CARTESIAN_POINT ('', (-83.1204630894369, 79.3525853879891, 5.));
#7142 = (
   BOUNDED_SURFACE ()
   B_SPLINE_SURFACE (1, 2, ((#7136, #7137, #7138), (#7139, #7140, #7141)), .UNSPECIFIED., .F., .F., .U.)
   B_SPLINE_SURFACE_WITH_KNOTS ((2, 2), (3, 3), (0., 1.), (0., 1.), .UNSPECIFIED.)
   GEOMETRIC_REPRESENTATION_ITEM ()
   RATIONAL_B_SPLINE_SURFACE (((1., 0.707106781186547, 1.), (1., 0.707106781186547, 1.)))
   REPRESENTATION_ITEM ('')
   SURFACE ()
);
#7143 = ADVANCED_FACE ('', (#7135), #7142, .T.);
#7144 = ORIENTED_EDGE ('', *, *, #5358, .T.);
#7145 = ORIENTED_EDGE ('', *, *, #7132, .F.);
#7146 = ORIENTED_EDGE ('', *, *, #2388, .F.);
#7147 = CARTESIAN_POINT ('', (-82.9132424475344, 92.8602520852974, 3.5));
#7148 = CARTESIAN_POINT ('', (-82.9132424475344, 92.8602520852974, 5.));
#7149 = B_SPLINE_CURVE_WITH_KNOTS ('', 1, (#7147, #7148), .UNSPECIFIED., .F., .U., (2, 2), (0., 1.), .UNSPECIFIED.);
#7150 = EDGE_CURVE ('', #2376, #5354, #7149, .T.);
#7151 = ORIENTED_EDGE ('', *, *, #7150, .T.);
#7152 = EDGE_LOOP ('', (#7144, #7145, #7146, #7151));
#7153 = FACE_OUTER_BOUND ('', #7152, .T.);
#7154 = CARTESIAN_POINT ('', (-82.9132424475344, 92.8602520852973, 3.5));
#7155 = CARTESIAN_POINT ('', (-83.5936098786927, 79.8780681334879, 3.5));
#7156 = CARTESIAN_POINT ('', (-82.9132424475344, 92.8602520852973, 5.));
#7157 = CARTESIAN_POINT ('', (-83.5936098786927, 79.8780681334879, 5.));
#7158 = B_SPLINE_SURFACE_WITH_KNOTS ('', 1, 1, ((#7154, #7155), (#7156, #7157)), .UNSPECIFIED., .F., .F., .U., (2, 2), (2, 2), (0., 1.), (43., 56.), .UNSPECIFIED.);
#7159 = ADVANCED_FACE ('', (#7153), #7158, .T.);
#7160 = ORIENTED_EDGE ('', *, *, #5366, .T.);
#7161 = ORIENTED_EDGE ('', *, *, #7150, .F.);
#7162 = ORIENTED_EDGE ('', *, *, #2381, .F.);
#7163 = CARTESIAN_POINT ('', (-82.3877597020357, 93.3333988745532, 3.5));
#7164 = CARTESIAN_POINT ('', (-82.3877597020357, 93.3333988745532, 5.));
#7165 = B_SPLINE_CURVE_WITH_KNOTS ('', 1, (#7163, #7164), .UNSPECIFIED., .F., .U., (2, 2), (0., 1.), .UNSPECIFIED.);
#7166 = EDGE_CURVE ('', #2369, #5361, #7165, .T.);
#7167 = ORIENTED_EDGE ('', *, *, #7166, .T.);
#7168 = EDGE_LOOP ('', (#7160, #7161, #7162, #7167));
#7169 = FACE_OUTER_BOUND ('', #7168, .T.);
#7170 = CARTESIAN_POINT ('', (-82.3877597020357, 93.3333988745532, 3.5));
#7171 = CARTESIAN_POINT ('', (-82.887074469413, 93.3595668526746, 3.5));
#7172 = CARTESIAN_POINT ('', (-82.9132424475344, 92.8602520852974, 3.5));
#7173 = CARTESIAN_POINT ('', (-82.3877597020357, 93.3333988745532, 5.));
#7174 = CARTESIAN_POINT ('', (-82.887074469413, 93.3595668526746, 5.));
#7175 = CARTESIAN_POINT ('', (-82.9132424475344, 92.8602520852974, 5.));
#7176 = (
   BOUNDED_SURFACE ()
   B_SPLINE_SURFACE (1, 2, ((#7170, #7171, #7172), (#7173, #7174, #7175)), .UNSPECIFIED., .F., .F., .U.)
   B_SPLINE_SURFACE_WITH_KNOTS ((2, 2), (3, 3), (0., 1.), (42., 43.), .UNSPECIFIED.)
   GEOMETRIC_REPRESENTATION_ITEM ()
   RATIONAL_B_SPLINE_SURFACE (((1., 0.707106781186547, 1.), (1., 0.707106781186547, 1.)))
   REPRESENTATION_ITEM ('')
   SURFACE ()
);
#7177 = ADVANCED_FACE ('', (#7169), #7176, .T.);
#7178 = ORIENTED_EDGE ('', *, *, #5373, .T.);
#7179 = ORIENTED_EDGE ('', *, *, #7166, .F.);
#7180 = ORIENTED_EDGE ('', *, *, #2373, .F.);
#7181 = CARTESIAN_POINT ('', (-69.4055757502262, 92.6530314433949, 3.5));
#7182 = CARTESIAN_POINT ('', (-69.4055757502262, 92.6530314433949, 5.));
#7183 = B_SPLINE_CURVE_WITH_KNOTS ('', 1, (#7181, #7182), .UNSPECIFIED., .F., .U., (2, 2), (0., 1.), .UNSPECIFIED.);
#7184 = EDGE_CURVE ('', #2361, #5369, #7183, .T.);
#7185 = ORIENTED_EDGE ('', *, *, #7184, .T.);
#7186 = EDGE_LOOP ('', (#7178, #7179, #7180, #7185));
#7187 = FACE_OUTER_BOUND ('', #7186, .T.);
#7188 = CARTESIAN_POINT ('', (-69.4055757502262, 92.6530314433949, 3.5));
#7189 = CARTESIAN_POINT ('', (-82.3877597020357, 93.3333988745532, 3.5));
#7190 = CARTESIAN_POINT ('', (-69.4055757502262, 92.6530314433949, 5.));
#7191 = CARTESIAN_POINT ('', (-82.3877597020357, 93.3333988745532, 5.));
#7192 = B_SPLINE_SURFACE_WITH_KNOTS ('', 1, 1, ((#7188, #7189), (#7190, #7191)), .UNSPECIFIED., .F., .F., .U., (2, 2), (2, 2), (0., 1.), (29., 42.), .UNSPECIFIED.);
#7193 = ADVANCED_FACE ('', (#7187), #7192, .T.);
#7194 = ORIENTED_EDGE ('', *, *, #5381, .T.);
#7195 = ORIENTED_EDGE ('', *, *, #7184, .F.);
#7196 = ORIENTED_EDGE ('', *, *, #2366, .F.);
#7197 = CARTESIAN_POINT ('', (-68.9324289609704, 92.1275486978961, 3.5));
#7198 = CARTESIAN_POINT ('', (-68.9324289609704, 92.1275486978961, 5.));
#7199 = B_SPLINE_CURVE_WITH_KNOTS ('', 1, (#7197, #7198), .UNSPECIFIED., .F., .U., (2, 2), (0., 1.), .UNSPECIFIED.);
#7200 = EDGE_CURVE ('', #2354, #5376, #7199, .T.);
#7201 = ORIENTED_EDGE ('', *, *, #7200, .T.);
#7202 = EDGE_LOOP ('', (#7194, #7195, #7196, #7201));
#7203 = FACE_OUTER_BOUND ('', #7202, .T.);
#7204 = CARTESIAN_POINT ('', (-68.9324289609704, 92.1275486978961, 3.5));
#7205 = CARTESIAN_POINT ('', (-68.9062609828489, 92.6268634652734, 3.5));
#7206 = CARTESIAN_POINT ('', (-69.4055757502262, 92.6530314433949, 3.5));
#7207 = CARTESIAN_POINT ('', (-68.9324289609704, 92.1275486978961, 5.));
#7208 = CARTESIAN_POINT ('', (-68.9062609828489, 92.6268634652734, 5.));
#7209 = CARTESIAN_POINT ('', (-69.4055757502262, 92.6530314433949, 5.));
#7210 = (
   BOUNDED_SURFACE ()
   B_SPLINE_SURFACE (1, 2, ((#7204, #7205, #7206), (#7207, #7208, #7209)), .UNSPECIFIED., .F., .F., .U.)
   B_SPLINE_SURFACE_WITH_KNOTS ((2, 2), (3, 3), (0., 1.), (28., 29.), .UNSPECIFIED.)
   GEOMETRIC_REPRESENTATION_ITEM ()
   RATIONAL_B_SPLINE_SURFACE (((1., 0.707106781186536, 1.), (1., 0.707106781186536, 1.)))
   REPRESENTATION_ITEM ('')
   SURFACE ()
);
#7211 = ADVANCED_FACE ('', (#7203), #7210, .T.);
#7212 = ORIENTED_EDGE ('', *, *, #5388, .T.);
#7213 = ORIENTED_EDGE ('', *, *, #7200, .F.);
#7214 = ORIENTED_EDGE ('', *, *, #2358, .F.);
#7215 = CARTESIAN_POINT ('', (-69.6127963921287, 79.1453647460867, 3.5));
#7216 = CARTESIAN_POINT ('', (-69.6127963921287, 79.1453647460867, 5.));
#7217 = B_SPLINE_CURVE_WITH_KNOTS ('', 1, (#7215, #7216), .UNSPECIFIED., .F., .U., (2, 2), (0., 1.), .UNSPECIFIED.);
#7218 = EDGE_CURVE ('', #2346, #5384, #7217, .T.);
#7219 = ORIENTED_EDGE ('', *, *, #7218, .T.);
#7220 = EDGE_LOOP ('', (#7212, #7213, #7214, #7219));
#7221 = FACE_OUTER_BOUND ('', #7220, .T.);
#7222 = CARTESIAN_POINT ('', (-69.6127963921286, 79.1453647460866, 3.5));
#7223 = CARTESIAN_POINT ('', (-68.9324289609704, 92.1275486978961, 3.5));
#7224 = CARTESIAN_POINT ('', (-69.6127963921286, 79.1453647460866, 5.));
#7225 = CARTESIAN_POINT ('', (-68.9324289609704, 92.1275486978961, 5.));
#7226 = B_SPLINE_SURFACE_WITH_KNOTS ('', 1, 1, ((#7222, #7223), (#7224, #7225)), .UNSPECIFIED., .F., .F., .U., (2, 2), (2, 2), (0., 1.), (15., 28.), .UNSPECIFIED.);
#7227 = ADVANCED_FACE ('', (#7221), #7226, .T.);
#7228 = ORIENTED_EDGE ('', *, *, #5394, .T.);
#7229 = ORIENTED_EDGE ('', *, *, #7218, .F.);
#7230 = ORIENTED_EDGE ('', *, *, #2351, .F.);
#7231 = ORIENTED_EDGE ('', *, *, #7110, .T.);
#7232 = EDGE_LOOP ('', (#7228, #7229, #7230, #7231));
#7233 = FACE_OUTER_BOUND ('', #7232, .T.);
#7234 = CARTESIAN_POINT ('', (-70.1382791376274, 78.6722179568309, 3.5));
#7235 = CARTESIAN_POINT ('', (-69.6389643702502, 78.6460499787094, 3.5));
#7236 = CARTESIAN_POINT ('', (-69.6127963921287, 79.1453647460867, 3.5));
#7237 = CARTESIAN_POINT ('', (-70.1382791376274, 78.6722179568309, 5.));
#7238 = CARTESIAN_POINT ('', (-69.6389643702502, 78.6460499787094, 5.));
#7239 = CARTESIAN_POINT ('', (-69.6127963921287, 79.1453647460867, 5.));
#7240 = (
   BOUNDED_SURFACE ()
   B_SPLINE_SURFACE (1, 2, ((#7234, #7235, #7236), (#7237, #7238, #7239)), .UNSPECIFIED., .F., .F., .U.)
   B_SPLINE_SURFACE_WITH_KNOTS ((2, 2), (3, 3), (0., 1.), (14., 15.), .UNSPECIFIED.)
   GEOMETRIC_REPRESENTATION_ITEM ()
   RATIONAL_B_SPLINE_SURFACE (((1., 0.707106781186537, 1.), (1., 0.707106781186537, 1.)))
   REPRESENTATION_ITEM ('')
   SURFACE ()
);
#7241 = ADVANCED_FACE ('', (#7233), #7240, .T.);
#7242 = ORIENTED_EDGE ('', *, *, #5281, .T.);
#7243 = CARTESIAN_POINT ('', (-88.75, 79.5, 3.5));
#7244 = CARTESIAN_POINT ('', (-88.75, 79.5, 5.));
#7245 = B_SPLINE_CURVE_WITH_KNOTS ('', 1, (#7243, #7244), .UNSPECIFIED., .F., .U., (2, 2), (0., 1.), .UNSPECIFIED.);
#7246 = EDGE_CURVE ('', #2277, #5277, #7245, .T.);
#7247 = ORIENTED_EDGE ('', *, *, #7246, .F.);
#7248 = ORIENTED_EDGE ('', *, *, #2281, .F.);
#7249 = CARTESIAN_POINT ('', (-101.75, 79.5, 3.5));
#7250 = CARTESIAN_POINT ('', (-101.75, 79.5, 5.));
#7251 = B_SPLINE_CURVE_WITH_KNOTS ('', 1, (#7249, #7250), .UNSPECIFIED., .F., .U., (2, 2), (0., 1.), .UNSPECIFIED.);
#7252 = EDGE_CURVE ('', #2275, #5275, #7251, .T.);
#7253 = ORIENTED_EDGE ('', *, *, #7252, .T.);
#7254 = EDGE_LOOP ('', (#7242, #7247, #7248, #7253));
#7255 = FACE_OUTER_BOUND ('', #7254, .T.);
#7256 = CARTESIAN_POINT ('', (-101.75, 79.5, 3.5));
#7257 = CARTESIAN_POINT ('', (-88.75, 79.5, 3.5));
#7258 = CARTESIAN_POINT ('', (-101.75, 79.5, 5.));
#7259 = CARTESIAN_POINT ('', (-88.75, 79.5, 5.));
#7260 = B_SPLINE_SURFACE_WITH_KNOTS ('', 1, 1, ((#7256, #7257), (#7258, #7259)), .UNSPECIFIED., .F., .F., .U., (2, 2), (2, 2), (0., 1.), (1., 14.), .UNSPECIFIED.);
#7261 = ADVANCED_FACE ('', (#7255), #7260, .T.);
#7262 = ORIENTED_EDGE ('', *, *, #5289, .T.);
#7263 = ORIENTED_EDGE ('', *, *, #7252, .F.);
#7264 = ORIENTED_EDGE ('', *, *, #2332, .F.);
#7265 = CARTESIAN_POINT ('', (-102.25, 80., 3.5));
#7266 = CARTESIAN_POINT ('', (-102.25, 80., 5.));
#7267 = B_SPLINE_CURVE_WITH_KNOTS ('', 1, (#7265, #7266), .UNSPECIFIED., .F., .U., (2, 2), (0., 1.), .UNSPECIFIED.);
#7268 = EDGE_CURVE ('', #2322, #5284, #7267, .T.);
#7269 = ORIENTED_EDGE ('', *, *, #7268, .T.);
#7270 = EDGE_LOOP ('', (#7262, #7263, #7264, #7269));
#7271 = FACE_OUTER_BOUND ('', #7270, .T.);
#7272 = CARTESIAN_POINT ('', (-102.25, 80., 3.5));
#7273 = CARTESIAN_POINT ('', (-102.25, 79.5, 3.5));
#7274 = CARTESIAN_POINT ('', (-101.75, 79.5, 3.5));
#7275 = CARTESIAN_POINT ('', (-102.25, 80., 5.));
#7276 = CARTESIAN_POINT ('', (-102.25, 79.5, 5.));
#7277 = CARTESIAN_POINT ('', (-101.75, 79.5, 5.));
#7278 = (
   BOUNDED_SURFACE ()
   B_SPLINE_SURFACE (1, 2, ((#7272, #7273, #7274), (#7275, #7276, #7277)), .UNSPECIFIED., .F., .F., .U.)
   B_SPLINE_SURFACE_WITH_KNOTS ((2, 2), (3, 3), (0., 1.), (0., 1.), .UNSPECIFIED.)
   GEOMETRIC_REPRESENTATION_ITEM ()
   RATIONAL_B_SPLINE_SURFACE (((1., 0.707106781186548, 1.), (1., 0.707106781186548, 1.)))
   REPRESENTATION_ITEM ('')
   SURFACE ()
);
#7279 = ADVANCED_FACE ('', (#7271), #7278, .T.);
#7280 = ORIENTED_EDGE ('', *, *, #5296, .T.);
#7281 = ORIENTED_EDGE ('', *, *, #7268, .F.);
#7282 = ORIENTED_EDGE ('', *, *, #2326, .F.);
#7283 = CARTESIAN_POINT ('', (-102.25, 93., 3.5));
#7284 = CARTESIAN_POINT ('', (-102.25, 93., 5.));
#7285 = B_SPLINE_CURVE_WITH_KNOTS ('', 1, (#7283, #7284), .UNSPECIFIED., .F., .U., (2, 2), (0., 1.), .UNSPECIFIED.);
#7286 = EDGE_CURVE ('', #2314, #5292, #7285, .T.);
#7287 = ORIENTED_EDGE ('', *, *, #7286, .T.);
#7288 = EDGE_LOOP ('', (#7280, #7281, #7282, #7287));
#7289 = FACE_OUTER_BOUND ('', #7288, .T.);
#7290 = CARTESIAN_POINT ('', (-102.25, 93., 3.5));
#7291 = CARTESIAN_POINT ('', (-102.25, 80., 3.5));
#7292 = CARTESIAN_POINT ('', (-102.25, 93., 5.));
#7293 = CARTESIAN_POINT ('', (-102.25, 80., 5.));
#7294 = B_SPLINE_SURFACE_WITH_KNOTS ('', 1, 1, ((#7290, #7291), (#7292, #7293)), .UNSPECIFIED., .F., .F., .U., (2, 2), (2, 2), (0., 1.), (43., 56.), .UNSPECIFIED.);
#7295 = ADVANCED_FACE ('', (#7289), #7294, .T.);
#7296 = ORIENTED_EDGE ('', *, *, #5304, .T.);
#7297 = ORIENTED_EDGE ('', *, *, #7286, .F.);
#7298 = ORIENTED_EDGE ('', *, *, #2319, .F.);
#7299 = CARTESIAN_POINT ('', (-101.75, 93.5, 3.5));
#7300 = CARTESIAN_POINT ('', (-101.75, 93.5, 5.));
#7301 = B_SPLINE_CURVE_WITH_KNOTS ('', 1, (#7299, #7300), .UNSPECIFIED., .F., .U., (2, 2), (0., 1.), .UNSPECIFIED.);
#7302 = EDGE_CURVE ('', #2307, #5299, #7301, .T.);
#7303 = ORIENTED_EDGE ('', *, *, #7302, .T.);
#7304 = EDGE_LOOP ('', (#7296, #7297, #7298, #7303));
#7305 = FACE_OUTER_BOUND ('', #7304, .T.);
#7306 = CARTESIAN_POINT ('', (-101.75, 93.5, 3.5));
#7307 = CARTESIAN_POINT ('', (-102.25, 93.5, 3.5));
#7308 = CARTESIAN_POINT ('', (-102.25, 93., 3.5));
#7309 = CARTESIAN_POINT ('', (-101.75, 93.5, 5.));
#7310 = CARTESIAN_POINT ('', (-102.25, 93.5, 5.));
#7311 = CARTESIAN_POINT ('', (-102.25, 93., 5.));
#7312 = (
   BOUNDED_SURFACE ()
   B_SPLINE_SURFACE (1, 2, ((#7306, #7307, #7308), (#7309, #7310, #7311)), .UNSPECIFIED., .F., .F., .U.)
   B_SPLINE_SURFACE_WITH_KNOTS ((2, 2), (3, 3), (0., 1.), (42., 43.), .UNSPECIFIED.)
   GEOMETRIC_REPRESENTATION_ITEM ()
   RATIONAL_B_SPLINE_SURFACE (((1., 0.707106781186568, 1.), (1., 0.707106781186568, 1.)))
   REPRESENTATION_ITEM ('')
   SURFACE ()
);
#7313 = ADVANCED_FACE ('', (#7305), #7312, .T.);
#7314 = ORIENTED_EDGE ('', *, *, #5311, .T.);
#7315 = ORIENTED_EDGE ('', *, *, #7302, .F.);
#7316 = ORIENTED_EDGE ('', *, *, #2311, .F.);
#7317 = CARTESIAN_POINT ('', (-88.75, 93.5, 3.5));
#7318 = CARTESIAN_POINT ('', (-88.75, 93.5, 5.));
#7319 = B_SPLINE_CURVE_WITH_KNOTS ('', 1, (#7317, #7318), .UNSPECIFIED., .F., .U., (2, 2), (0., 1.), .UNSPECIFIED.);
#7320 = EDGE_CURVE ('', #2299, #5307, #7319, .T.);
#7321 = ORIENTED_EDGE ('', *, *, #7320, .T.);
#7322 = EDGE_LOOP ('', (#7314, #7315, #7316, #7321));
#7323 = FACE_OUTER_BOUND ('', #7322, .T.);
#7324 = CARTESIAN_POINT ('', (-88.75, 93.5, 3.5));
#7325 = CARTESIAN_POINT ('', (-101.75, 93.5, 3.5));
#7326 = CARTESIAN_POINT ('', (-88.75, 93.5, 5.));
#7327 = CARTESIAN_POINT ('', (-101.75, 93.5, 5.));
#7328 = B_SPLINE_SURFACE_WITH_KNOTS ('', 1, 1, ((#7324, #7325), (#7326, #7327)), .UNSPECIFIED., .F., .F., .U., (2, 2), (2, 2), (0., 1.), (29., 42.), .UNSPECIFIED.);
#7329 = ADVANCED_FACE ('', (#7323), #7328, .T.);
#7330 = ORIENTED_EDGE ('', *, *, #5319, .T.);
#7331 = ORIENTED_EDGE ('', *, *, #7320, .F.);
#7332 = ORIENTED_EDGE ('', *, *, #2304, .F.);
#7333 = CARTESIAN_POINT ('', (-88.25, 93., 3.5));
#7334 = CARTESIAN_POINT ('', (-88.25, 93., 5.));
#7335 = B_SPLINE_CURVE_WITH_KNOTS ('', 1, (#7333, #7334), .UNSPECIFIED., .F., .U., (2, 2), (0., 1.), .UNSPECIFIED.);
#7336 = EDGE_CURVE ('', #2292, #5314, #7335, .T.);
#7337 = ORIENTED_EDGE ('', *, *, #7336, .T.);
#7338 = EDGE_LOOP ('', (#7330, #7331, #7332, #7337));
#7339 = FACE_OUTER_BOUND ('', #7338, .T.);
#7340 = CARTESIAN_POINT ('', (-88.25, 93., 3.5));
#7341 = CARTESIAN_POINT ('', (-88.25, 93.5, 3.5));
#7342 = CARTESIAN_POINT ('', (-88.75, 93.5, 3.5));
#7343 = CARTESIAN_POINT ('', (-88.25, 93., 5.));
#7344 = CARTESIAN_POINT ('', (-88.25, 93.5, 5.));
#7345 = CARTESIAN_POINT ('', (-88.75, 93.5, 5.));
#7346 = (
   BOUNDED_SURFACE ()
   B_SPLINE_SURFACE (1, 2, ((#7340, #7341, #7342), (#7343, #7344, #7345)), .UNSPECIFIED., .F., .F., .U.)
   B_SPLINE_SURFACE_WITH_KNOTS ((2, 2), (3, 3), (0., 1.), (28., 29.), .UNSPECIFIED.)
   GEOMETRIC_REPRESENTATION_ITEM ()
   RATIONAL_B_SPLINE_SURFACE (((1., 0.707106781186548, 1.), (1., 0.707106781186548, 1.)))
   REPRESENTATION_ITEM ('')
   SURFACE ()
);
#7347 = ADVANCED_FACE ('', (#7339), #7346, .T.);
#7348 = ORIENTED_EDGE ('', *, *, #5326, .T.);
#7349 = ORIENTED_EDGE ('', *, *, #7336, .F.);
#7350 = ORIENTED_EDGE ('', *, *, #2296, .F.);
#7351 = CARTESIAN_POINT ('', (-88.25, 80., 3.5));
#7352 = CARTESIAN_POINT ('', (-88.25, 80., 5.));
#7353 = B_SPLINE_CURVE_WITH_KNOTS ('', 1, (#7351, #7352), .UNSPECIFIED., .F., .U., (2, 2), (0., 1.), .UNSPECIFIED.);
#7354 = EDGE_CURVE ('', #2284, #5322, #7353, .T.);
#7355 = ORIENTED_EDGE ('', *, *, #7354, .T.);
#7356 = EDGE_LOOP ('', (#7348, #7349, #7350, #7355));
#7357 = FACE_OUTER_BOUND ('', #7356, .T.);
#7358 = CARTESIAN_POINT ('', (-88.25, 80., 3.5));
#7359 = CARTESIAN_POINT ('', (-88.25, 93., 3.5));
#7360 = CARTESIAN_POINT ('', (-88.25, 80., 5.));
#7361 = CARTESIAN_POINT ('', (-88.25, 93., 5.));
#7362 = B_SPLINE_SURFACE_WITH_KNOTS ('', 1, 1, ((#7358, #7359), (#7360, #7361)), .UNSPECIFIED., .F., .F., .U., (2, 2), (2, 2), (0., 1.), (15., 28.), .UNSPECIFIED.);
#7363 = ADVANCED_FACE ('', (#7357), #7362, .T.);
#7364 = ORIENTED_EDGE ('', *, *, #5332, .T.);
#7365 = ORIENTED_EDGE ('', *, *, #7354, .F.);
#7366 = ORIENTED_EDGE ('', *, *, #2289, .F.);
#7367 = ORIENTED_EDGE ('', *, *, #7246, .T.);
#7368 = EDGE_LOOP ('', (#7364, #7365, #7366, #7367));
#7369 = FACE_OUTER_BOUND ('', #7368, .T.);
#7370 = CARTESIAN_POINT ('', (-88.75, 79.5, 3.5));
#7371 = CARTESIAN_POINT ('', (-88.25, 79.5, 3.5));
#7372 = CARTESIAN_POINT ('', (-88.25, 80., 3.5));
#7373 = CARTESIAN_POINT ('', (-88.75, 79.5, 5.));
#7374 = CARTESIAN_POINT ('', (-88.25, 79.5, 5.));
#7375 = CARTESIAN_POINT ('', (-88.25, 80., 5.));
#7376 = (
   BOUNDED_SURFACE ()
   B_SPLINE_SURFACE (1, 2, ((#7370, #7371, #7372), (#7373, #7374, #7375)), .UNSPECIFIED., .F., .F., .U.)
   B_SPLINE_SURFACE_WITH_KNOTS ((2, 2), (3, 3), (0., 1.), (14., 15.), .UNSPECIFIED.)
   GEOMETRIC_REPRESENTATION_ITEM ()
   RATIONAL_B_SPLINE_SURFACE (((1., 0.707106781186527, 1.), (1., 0.707106781186527, 1.)))
   REPRESENTATION_ITEM ('')
   SURFACE ()
);
#7377 = ADVANCED_FACE ('', (#7369), #7376, .T.);
#7378 = ORIENTED_EDGE ('', *, *, #5219, .T.);
#7379 = CARTESIAN_POINT ('', (-107.75, 79.5, 3.5));
#7380 = CARTESIAN_POINT ('', (-107.75, 79.5, 5.));
#7381 = B_SPLINE_CURVE_WITH_KNOTS ('', 1, (#7379, #7380), .UNSPECIFIED., .F., .U., (2, 2), (0., 1.), .UNSPECIFIED.);
#7382 = EDGE_CURVE ('', #2215, #5215, #7381, .T.);
#7383 = ORIENTED_EDGE ('', *, *, #7382, .F.);
#7384 = ORIENTED_EDGE ('', *, *, #2219, .F.);
#7385 = CARTESIAN_POINT ('', (-120.75, 79.5, 3.5));
#7386 = CARTESIAN_POINT ('', (-120.75, 79.5, 5.));
#7387 = B_SPLINE_CURVE_WITH_KNOTS ('', 1, (#7385, #7386), .UNSPECIFIED., .F., .U., (2, 2), (0., 1.), .UNSPECIFIED.);
#7388 = EDGE_CURVE ('', #2213, #5213, #7387, .T.);
#7389 = ORIENTED_EDGE ('', *, *, #7388, .T.);
#7390 = EDGE_LOOP ('', (#7378, #7383, #7384, #7389));
#7391 = FACE_OUTER_BOUND ('', #7390, .T.);
#7392 = CARTESIAN_POINT ('', (-120.75, 79.5, 3.5));
#7393 = CARTESIAN_POINT ('', (-107.75, 79.5, 3.5));
#7394 = CARTESIAN_POINT ('', (-120.75, 79.5, 5.));
#7395 = CARTESIAN_POINT ('', (-107.75, 79.5, 5.));
#7396 = B_SPLINE_SURFACE_WITH_KNOTS ('', 1, 1, ((#7392, #7393), (#7394, #7395)), .UNSPECIFIED., .F., .F., .U., (2, 2), (2, 2), (0., 1.), (1., 14.), .UNSPECIFIED.);
#7397 = ADVANCED_FACE ('', (#7391), #7396, .T.);
#7398 = ORIENTED_EDGE ('', *, *, #5227, .T.);
#7399 = ORIENTED_EDGE ('', *, *, #7388, .F.);
#7400 = ORIENTED_EDGE ('', *, *, #2270, .F.);
#7401 = CARTESIAN_POINT ('', (-121.25, 80., 3.5));
#7402 = CARTESIAN_POINT ('', (-121.25, 80., 5.));
#7403 = B_SPLINE_CURVE_WITH_KNOTS ('', 1, (#7401, #7402), .UNSPECIFIED., .F., .U., (2, 2), (0., 1.), .UNSPECIFIED.);
#7404 = EDGE_CURVE ('', #2260, #5222, #7403, .T.);
#7405 = ORIENTED_EDGE ('', *, *, #7404, .T.);
#7406 = EDGE_LOOP ('', (#7398, #7399, #7400, #7405));
#7407 = FACE_OUTER_BOUND ('', #7406, .T.);
#7408 = CARTESIAN_POINT ('', (-121.25, 80., 3.5));
#7409 = CARTESIAN_POINT ('', (-121.25, 79.5, 3.5));
#7410 = CARTESIAN_POINT ('', (-120.75, 79.5, 3.5));
#7411 = CARTESIAN_POINT ('', (-121.25, 80., 5.));
#7412 = CARTESIAN_POINT ('', (-121.25, 79.5, 5.));
#7413 = CARTESIAN_POINT ('', (-120.75, 79.5, 5.));
#7414 = (
   BOUNDED_SURFACE ()
   B_SPLINE_SURFACE (1, 2, ((#7408, #7409, #7410), (#7411, #7412, #7413)), .UNSPECIFIED., .F., .F., .U.)
   B_SPLINE_SURFACE_WITH_KNOTS ((2, 2), (3, 3), (0., 1.), (0., 1.), .UNSPECIFIED.)
   GEOMETRIC_REPRESENTATION_ITEM ()
   RATIONAL_B_SPLINE_SURFACE (((1., 0.707106781186527, 1.), (1., 0.707106781186527, 1.)))
   REPRESENTATION_ITEM ('')
   SURFACE ()
);
#7415 = ADVANCED_FACE ('', (#7407), #7414, .T.);
#7416 = ORIENTED_EDGE ('', *, *, #5234, .T.);
#7417 = ORIENTED_EDGE ('', *, *, #7404, .F.);
#7418 = ORIENTED_EDGE ('', *, *, #2264, .F.);
#7419 = CARTESIAN_POINT ('', (-121.25, 93., 3.5));
#7420 = CARTESIAN_POINT ('', (-121.25, 93., 5.));
#7421 = B_SPLINE_CURVE_WITH_KNOTS ('', 1, (#7419, #7420), .UNSPECIFIED., .F., .U., (2, 2), (0., 1.), .UNSPECIFIED.);
#7422 = EDGE_CURVE ('', #2252, #5230, #7421, .T.);
#7423 = ORIENTED_EDGE ('', *, *, #7422, .T.);
#7424 = EDGE_LOOP ('', (#7416, #7417, #7418, #7423));
#7425 = FACE_OUTER_BOUND ('', #7424, .T.);
#7426 = CARTESIAN_POINT ('', (-121.25, 93., 3.5));
#7427 = CARTESIAN_POINT ('', (-121.25, 80., 3.5));
#7428 = CARTESIAN_POINT ('', (-121.25, 93., 5.));
#7429 = CARTESIAN_POINT ('', (-121.25, 80., 5.));
#7430 = B_SPLINE_SURFACE_WITH_KNOTS ('', 1, 1, ((#7426, #7427), (#7428, #7429)), .UNSPECIFIED., .F., .F., .U., (2, 2), (2, 2), (0., 1.), (43., 56.), .UNSPECIFIED.);
#7431 = ADVANCED_FACE ('', (#7425), #7430, .T.);
#7432 = ORIENTED_EDGE ('', *, *, #5242, .T.);
#7433 = ORIENTED_EDGE ('', *, *, #7422, .F.);
#7434 = ORIENTED_EDGE ('', *, *, #2257, .F.);
#7435 = CARTESIAN_POINT ('', (-120.75, 93.5, 3.5));
#7436 = CARTESIAN_POINT ('', (-120.75, 93.5, 5.));
#7437 = B_SPLINE_CURVE_WITH_KNOTS ('', 1, (#7435, #7436), .UNSPECIFIED., .F., .U., (2, 2), (0., 1.), .UNSPECIFIED.);
#7438 = EDGE_CURVE ('', #2245, #5237, #7437, .T.);
#7439 = ORIENTED_EDGE ('', *, *, #7438, .T.);
#7440 = EDGE_LOOP ('', (#7432, #7433, #7434, #7439));
#7441 = FACE_OUTER_BOUND ('', #7440, .T.);
#7442 = CARTESIAN_POINT ('', (-120.75, 93.5, 3.5));
#7443 = CARTESIAN_POINT ('', (-121.25, 93.5, 3.5));
#7444 = CARTESIAN_POINT ('', (-121.25, 93., 3.5));
#7445 = CARTESIAN_POINT ('', (-120.75, 93.5, 5.));
#7446 = CARTESIAN_POINT ('', (-121.25, 93.5, 5.));
#7447 = CARTESIAN_POINT ('', (-121.25, 93., 5.));
#7448 = (
   BOUNDED_SURFACE ()
   B_SPLINE_SURFACE (1, 2, ((#7442, #7443, #7444), (#7445, #7446, #7447)), .UNSPECIFIED., .F., .F., .U.)
   B_SPLINE_SURFACE_WITH_KNOTS ((2, 2), (3, 3), (0., 1.), (42., 43.), .UNSPECIFIED.)
   GEOMETRIC_REPRESENTATION_ITEM ()
   RATIONAL_B_SPLINE_SURFACE (((1., 0.707106781186548, 1.), (1., 0.707106781186548, 1.)))
   REPRESENTATION_ITEM ('')
   SURFACE ()
);
#7449 = ADVANCED_FACE ('', (#7441), #7448, .T.);
#7450 = ORIENTED_EDGE ('', *, *, #5249, .T.);
#7451 = ORIENTED_EDGE ('', *, *, #7438, .F.);
#7452 = ORIENTED_EDGE ('', *, *, #2249, .F.);
#7453 = CARTESIAN_POINT ('', (-107.75, 93.5, 3.5));
#7454 = CARTESIAN_POINT ('', (-107.75, 93.5, 5.));
#7455 = B_SPLINE_CURVE_WITH_KNOTS ('', 1, (#7453, #7454), .UNSPECIFIED., .F., .U., (2, 2), (0., 1.), .UNSPECIFIED.);
#7456 = EDGE_CURVE ('', #2237, #5245, #7455, .T.);
#7457 = ORIENTED_EDGE ('', *, *, #7456, .T.);
#7458 = EDGE_LOOP ('', (#7450, #7451, #7452, #7457));
#7459 = FACE_OUTER_BOUND ('', #7458, .T.);
#7460 = CARTESIAN_POINT ('', (-107.75, 93.5, 3.5));
#7461 = CARTESIAN_POINT ('', (-120.75, 93.5, 3.5));
#7462 = CARTESIAN_POINT ('', (-107.75, 93.5, 5.));
#7463 = CARTESIAN_POINT ('', (-120.75, 93.5, 5.));
#7464 = B_SPLINE_SURFACE_WITH_KNOTS ('', 1, 1, ((#7460, #7461), (#7462, #7463)), .UNSPECIFIED., .F., .F., .U., (2, 2), (2, 2), (0., 1.), (29., 42.), .UNSPECIFIED.);
#7465 = ADVANCED_FACE ('', (#7459), #7464, .T.);
#7466 = ORIENTED_EDGE ('', *, *, #5257, .T.);
#7467 = ORIENTED_EDGE ('', *, *, #7456, .F.);
#7468 = ORIENTED_EDGE ('', *, *, #2242, .F.);
#7469 = CARTESIAN_POINT ('', (-107.25, 93., 3.5));
#7470 = CARTESIAN_POINT ('', (-107.25, 93., 5.));
#7471 = B_SPLINE_CURVE_WITH_KNOTS ('', 1, (#7469, #7470), .UNSPECIFIED., .F., .U., (2, 2), (0., 1.), .UNSPECIFIED.);
#7472 = EDGE_CURVE ('', #2230, #5252, #7471, .T.);
#7473 = ORIENTED_EDGE ('', *, *, #7472, .T.);
#7474 = EDGE_LOOP ('', (#7466, #7467, #7468, #7473));
#7475 = FACE_OUTER_BOUND ('', #7474, .T.);
#7476 = CARTESIAN_POINT ('', (-107.25, 93., 3.5));
#7477 = CARTESIAN_POINT ('', (-107.25, 93.5, 3.5));
#7478 = CARTESIAN_POINT ('', (-107.75, 93.5, 3.5));
#7479 = CARTESIAN_POINT ('', (-107.25, 93., 5.));
#7480 = CARTESIAN_POINT ('', (-107.25, 93.5, 5.));
#7481 = CARTESIAN_POINT ('', (-107.75, 93.5, 5.));
#7482 = (
   BOUNDED_SURFACE ()
   B_SPLINE_SURFACE (1, 2, ((#7476, #7477, #7478), (#7479, #7480, #7481)), .UNSPECIFIED., .F., .F., .U.)
   B_SPLINE_SURFACE_WITH_KNOTS ((2, 2), (3, 3), (0., 1.), (28., 29.), .UNSPECIFIED.)
   GEOMETRIC_REPRESENTATION_ITEM ()
   RATIONAL_B_SPLINE_SURFACE (((1., 0.707106781186537, 1.), (1., 0.707106781186537, 1.)))
   REPRESENTATION_ITEM ('')
   SURFACE ()
);
#7483 = ADVANCED_FACE ('', (#7475), #7482, .T.);
#7484 = ORIENTED_EDGE ('', *, *, #5264, .T.);
#7485 = ORIENTED_EDGE ('', *, *, #7472, .F.);
#7486 = ORIENTED_EDGE ('', *, *, #2234, .F.);
#7487 = CARTESIAN_POINT ('', (-107.25, 80., 3.5));
#7488 = CARTESIAN_POINT ('', (-107.25, 80., 5.));
#7489 = B_SPLINE_CURVE_WITH_KNOTS ('', 1, (#7487, #7488), .UNSPECIFIED., .F., .U., (2, 2), (0., 1.), .UNSPECIFIED.);
#7490 = EDGE_CURVE ('', #2222, #5260, #7489, .T.);
#7491 = ORIENTED_EDGE ('', *, *, #7490, .T.);
#7492 = EDGE_LOOP ('', (#7484, #7485, #7486, #7491));
#7493 = FACE_OUTER_BOUND ('', #7492, .T.);
#7494 = CARTESIAN_POINT ('', (-107.25, 80., 3.5));
#7495 = CARTESIAN_POINT ('', (-107.25, 93., 3.5));
#7496 = CARTESIAN_POINT ('', (-107.25, 80., 5.));
#7497 = CARTESIAN_POINT ('', (-107.25, 93., 5.));
#7498 = B_SPLINE_SURFACE_WITH_KNOTS ('', 1, 1, ((#7494, #7495), (#7496, #7497)), .UNSPECIFIED., .F., .F., .U., (2, 2), (2, 2), (0., 1.), (15., 28.), .UNSPECIFIED.);
#7499 = ADVANCED_FACE ('', (#7493), #7498, .T.);
#7500 = ORIENTED_EDGE ('', *, *, #5270, .T.);
#7501 = ORIENTED_EDGE ('', *, *, #7490, .F.);
#7502 = ORIENTED_EDGE ('', *, *, #2227, .F.);
#7503 = ORIENTED_EDGE ('', *, *, #7382, .T.);
#7504 = EDGE_LOOP ('', (#7500, #7501, #7502, #7503));
#7505 = FACE_OUTER_BOUND ('', #7504, .T.);
#7506 = CARTESIAN_POINT ('', (-107.75, 79.5, 3.5));
#7507 = CARTESIAN_POINT ('', (-107.25, 79.5, 3.5));
#7508 = CARTESIAN_POINT ('', (-107.25, 80., 3.5));
#7509 = CARTESIAN_POINT ('', (-107.75, 79.5, 5.));
#7510 = CARTESIAN_POINT ('', (-107.25, 79.5, 5.));
#7511 = CARTESIAN_POINT ('', (-107.25, 80., 5.));
#7512 = (
   BOUNDED_SURFACE ()
   B_SPLINE_SURFACE (1, 2, ((#7506, #7507, #7508), (#7509, #7510, #7511)), .UNSPECIFIED., .F., .F., .U.)
   B_SPLINE_SURFACE_WITH_KNOTS ((2, 2), (3, 3), (0., 1.), (14., 15.), .UNSPECIFIED.)
   GEOMETRIC_REPRESENTATION_ITEM ()
   RATIONAL_B_SPLINE_SURFACE (((1., 0.707106781186527, 1.), (1., 0.707106781186527, 1.)))
   REPRESENTATION_ITEM ('')
   SURFACE ()
);
#7513 = ADVANCED_FACE ('', (#7505), #7512, .T.);
#7514 = ORIENTED_EDGE ('', *, *, #5157, .T.);
#7515 = CARTESIAN_POINT ('', (-133.875, 79.5, 3.5));
#7516 = CARTESIAN_POINT ('', (-133.875, 79.5, 5.));
#7517 = B_SPLINE_CURVE_WITH_KNOTS ('', 1, (#7515, #7516), .UNSPECIFIED., .F., .U., (2, 2), (0., 1.), .UNSPECIFIED.);
#7518 = EDGE_CURVE ('', #2153, #5153, #7517, .T.);
#7519 = ORIENTED_EDGE ('', *, *, #7518, .F.);
#7520 = ORIENTED_EDGE ('', *, *, #2157, .F.);
#7521 = CARTESIAN_POINT ('', (-151.625, 79.5, 3.5));
#7522 = CARTESIAN_POINT ('', (-151.625, 79.5, 5.));
#7523 = B_SPLINE_CURVE_WITH_KNOTS ('', 1, (#7521, #7522), .UNSPECIFIED., .F., .U., (2, 2), (0., 1.), .UNSPECIFIED.);
#7524 = EDGE_CURVE ('', #2151, #5151, #7523, .T.);
#7525 = ORIENTED_EDGE ('', *, *, #7524, .T.);
#7526 = EDGE_LOOP ('', (#7514, #7519, #7520, #7525));
#7527 = FACE_OUTER_BOUND ('', #7526, .T.);
#7528 = CARTESIAN_POINT ('', (-151.625, 79.5, 3.5));
#7529 = CARTESIAN_POINT ('', (-133.875, 79.5, 3.5));
#7530 = CARTESIAN_POINT ('', (-151.625, 79.5, 5.));
#7531 = CARTESIAN_POINT ('', (-133.875, 79.5, 5.));
#7532 = B_SPLINE_SURFACE_WITH_KNOTS ('', 1, 1, ((#7528, #7529), (#7530, #7531)), .UNSPECIFIED., .F., .F., .U., (2, 2), (2, 2), (0., 1.), (1., 18.75), .UNSPECIFIED.);
#7533 = ADVANCED_FACE ('', (#7527), #7532, .T.);
#7534 = ORIENTED_EDGE ('', *, *, #5165, .T.);
#7535 = ORIENTED_EDGE ('', *, *, #7524, .F.);
#7536 = ORIENTED_EDGE ('', *, *, #2208, .F.);
#7537 = CARTESIAN_POINT ('', (-152.125, 80., 3.5));
#7538 = CARTESIAN_POINT ('', (-152.125, 80., 5.));
#7539 = B_SPLINE_CURVE_WITH_KNOTS ('', 1, (#7537, #7538), .UNSPECIFIED., .F., .U., (2, 2), (0., 1.), .UNSPECIFIED.);
#7540 = EDGE_CURVE ('', #2198, #5160, #7539, .T.);
#7541 = ORIENTED_EDGE ('', *, *, #7540, .T.);
#7542 = EDGE_LOOP ('', (#7534, #7535, #7536, #7541));
#7543 = FACE_OUTER_BOUND ('', #7542, .T.);
#7544 = CARTESIAN_POINT ('', (-152.125, 80., 3.5));
#7545 = CARTESIAN_POINT ('', (-152.125, 79.5, 3.5));
#7546 = CARTESIAN_POINT ('', (-151.625, 79.5, 3.5));
#7547 = CARTESIAN_POINT ('', (-152.125, 80., 5.));
#7548 = CARTESIAN_POINT ('', (-152.125, 79.5, 5.));
#7549 = CARTESIAN_POINT ('', (-151.625, 79.5, 5.));
#7550 = (
   BOUNDED_SURFACE ()
   B_SPLINE_SURFACE (1, 2, ((#7544, #7545, #7546), (#7547, #7548, #7549)), .UNSPECIFIED., .F., .F., .U.)
   B_SPLINE_SURFACE_WITH_KNOTS ((2, 2), (3, 3), (0., 1.), (0., 1.), .UNSPECIFIED.)
   GEOMETRIC_REPRESENTATION_ITEM ()
   RATIONAL_B_SPLINE_SURFACE (((1., 0.707106781186527, 1.), (1., 0.707106781186527, 1.)))
   REPRESENTATION_ITEM ('')
   SURFACE ()
);
#7551 = ADVANCED_FACE ('', (#7543), #7550, .T.);
#7552 = ORIENTED_EDGE ('', *, *, #5172, .T.);
#7553 = ORIENTED_EDGE ('', *, *, #7540, .F.);
#7554 = ORIENTED_EDGE ('', *, *, #2202, .F.);
#7555 = CARTESIAN_POINT ('', (-152.125, 93., 3.5));
#7556 = CARTESIAN_POINT ('', (-152.125, 93., 5.));
#7557 = B_SPLINE_CURVE_WITH_KNOTS ('', 1, (#7555, #7556), .UNSPECIFIED., .F., .U., (2, 2), (0., 1.), .UNSPECIFIED.);
#7558 = EDGE_CURVE ('', #2190, #5168, #7557, .T.);
#7559 = ORIENTED_EDGE ('', *, *, #7558, .T.);
#7560 = EDGE_LOOP ('', (#7552, #7553, #7554, #7559));
#7561 = FACE_OUTER_BOUND ('', #7560, .T.);
#7562 = CARTESIAN_POINT ('', (-152.125, 93., 3.5));
#7563 = CARTESIAN_POINT ('', (-152.125, 80., 3.5));
#7564 = CARTESIAN_POINT ('', (-152.125, 93., 5.));
#7565 = CARTESIAN_POINT ('', (-152.125, 80., 5.));
#7566 = B_SPLINE_SURFACE_WITH_KNOTS ('', 1, 1, ((#7562, #7563), (#7564, #7565)), .UNSPECIFIED., .F., .F., .U., (2, 2), (2, 2), (0., 1.), (52.5, 65.5), .UNSPECIFIED.);
#7567 = ADVANCED_FACE ('', (#7561), #7566, .T.);
#7568 = ORIENTED_EDGE ('', *, *, #5180, .T.);
#7569 = ORIENTED_EDGE ('', *, *, #7558, .F.);
#7570 = ORIENTED_EDGE ('', *, *, #2195, .F.);
#7571 = CARTESIAN_POINT ('', (-151.625, 93.5, 3.5));
#7572 = CARTESIAN_POINT ('', (-151.625, 93.5, 5.));
#7573 = B_SPLINE_CURVE_WITH_KNOTS ('', 1, (#7571, #7572), .UNSPECIFIED., .F., .U., (2, 2), (0., 1.), .UNSPECIFIED.);
#7574 = EDGE_CURVE ('', #2183, #5175, #7573, .T.);
#7575 = ORIENTED_EDGE ('', *, *, #7574, .T.);
#7576 = EDGE_LOOP ('', (#7568, #7569, #7570, #7575));
#7577 = FACE_OUTER_BOUND ('', #7576, .T.);
#7578 = CARTESIAN_POINT ('', (-151.625, 93.5, 3.5));
#7579 = CARTESIAN_POINT ('', (-152.125, 93.5, 3.5));
#7580 = CARTESIAN_POINT ('', (-152.125, 93., 3.5));
#7581 = CARTESIAN_POINT ('', (-151.625, 93.5, 5.));
#7582 = CARTESIAN_POINT ('', (-152.125, 93.5, 5.));
#7583 = CARTESIAN_POINT ('', (-152.125, 93., 5.));
#7584 = (
   BOUNDED_SURFACE ()
   B_SPLINE_SURFACE (1, 2, ((#7578, #7579, #7580), (#7581, #7582, #7583)), .UNSPECIFIED., .F., .F., .U.)
   B_SPLINE_SURFACE_WITH_KNOTS ((2, 2), (3, 3), (0., 1.), (51.5, 52.5), .UNSPECIFIED.)
   GEOMETRIC_REPRESENTATION_ITEM ()
   RATIONAL_B_SPLINE_SURFACE (((1., 0.707106781186527, 1.), (1., 0.707106781186527, 1.)))
   REPRESENTATION_ITEM ('')
   SURFACE ()
);
#7585 = ADVANCED_FACE ('', (#7577), #7584, .T.);
#7586 = ORIENTED_EDGE ('', *, *, #5187, .T.);
#7587 = ORIENTED_EDGE ('', *, *, #7574, .F.);
#7588 = ORIENTED_EDGE ('', *, *, #2187, .F.);
#7589 = CARTESIAN_POINT ('', (-133.875, 93.5, 3.5));
#7590 = CARTESIAN_POINT ('', (-133.875, 93.5, 5.));
#7591 = B_SPLINE_CURVE_WITH_KNOTS ('', 1, (#7589, #7590), .UNSPECIFIED., .F., .U., (2, 2), (0., 1.), .UNSPECIFIED.);
#7592 = EDGE_CURVE ('', #2175, #5183, #7591, .T.);
#7593 = ORIENTED_EDGE ('', *, *, #7592, .T.);
#7594 = EDGE_LOOP ('', (#7586, #7587, #7588, #7593));
#7595 = FACE_OUTER_BOUND ('', #7594, .T.);
#7596 = CARTESIAN_POINT ('', (-133.875, 93.5, 3.5));
#7597 = CARTESIAN_POINT ('', (-151.625, 93.5, 3.5));
#7598 = CARTESIAN_POINT ('', (-133.875, 93.5, 5.));
#7599 = CARTESIAN_POINT ('', (-151.625, 93.5, 5.));
#7600 = B_SPLINE_SURFACE_WITH_KNOTS ('', 1, 1, ((#7596, #7597), (#7598, #7599)), .UNSPECIFIED., .F., .F., .U., (2, 2), (2, 2), (0., 1.), (33.75, 51.5), .UNSPECIFIED.);
#7601 = ADVANCED_FACE ('', (#7595), #7600, .T.);
#7602 = ORIENTED_EDGE ('', *, *, #5195, .T.);
#7603 = ORIENTED_EDGE ('', *, *, #7592, .F.);
#7604 = ORIENTED_EDGE ('', *, *, #2180, .F.);
#7605 = CARTESIAN_POINT ('', (-133.375, 93., 3.5));
#7606 = CARTESIAN_POINT ('', (-133.375, 93., 5.));
#7607 = B_SPLINE_CURVE_WITH_KNOTS ('', 1, (#7605, #7606), .UNSPECIFIED., .F., .U., (2, 2), (0., 1.), .UNSPECIFIED.);
#7608 = EDGE_CURVE ('', #2168, #5190, #7607, .T.);
#7609 = ORIENTED_EDGE ('', *, *, #7608, .T.);
#7610 = EDGE_LOOP ('', (#7602, #7603, #7604, #7609));
#7611 = FACE_OUTER_BOUND ('', #7610, .T.);
#7612 = CARTESIAN_POINT ('', (-133.375, 93., 3.5));
#7613 = CARTESIAN_POINT ('', (-133.375, 93.5, 3.5));
#7614 = CARTESIAN_POINT ('', (-133.875, 93.5, 3.5));
#7615 = CARTESIAN_POINT ('', (-133.375, 93., 5.));
#7616 = CARTESIAN_POINT ('', (-133.375, 93.5, 5.));
#7617 = CARTESIAN_POINT ('', (-133.875, 93.5, 5.));
#7618 = (
   BOUNDED_SURFACE ()
   B_SPLINE_SURFACE (1, 2, ((#7612, #7613, #7614), (#7615, #7616, #7617)), .UNSPECIFIED., .F., .F., .U.)
   B_SPLINE_SURFACE_WITH_KNOTS ((2, 2), (3, 3), (0., 1.), (32.75, 33.75), .UNSPECIFIED.)
   GEOMETRIC_REPRESENTATION_ITEM ()
   RATIONAL_B_SPLINE_SURFACE (((1., 0.707106781186548, 1.), (1., 0.707106781186548, 1.)))
   REPRESENTATION_ITEM ('')
   SURFACE ()
);
#7619 = ADVANCED_FACE ('', (#7611), #7618, .T.);
#7620 = ORIENTED_EDGE ('', *, *, #5202, .T.);
#7621 = ORIENTED_EDGE ('', *, *, #7608, .F.);
#7622 = ORIENTED_EDGE ('', *, *, #2172, .F.);
#7623 = CARTESIAN_POINT ('', (-133.375, 80., 3.5));
#7624 = CARTESIAN_POINT ('', (-133.375, 80., 5.));
#7625 = B_SPLINE_CURVE_WITH_KNOTS ('', 1, (#7623, #7624), .UNSPECIFIED., .F., .U., (2, 2), (0., 1.), .UNSPECIFIED.);
#7626 = EDGE_CURVE ('', #2160, #5198, #7625, .T.);
#7627 = ORIENTED_EDGE ('', *, *, #7626, .T.);
#7628 = EDGE_LOOP ('', (#7620, #7621, #7622, #7627));
#7629 = FACE_OUTER_BOUND ('', #7628, .T.);
#7630 = CARTESIAN_POINT ('', (-133.375, 80., 3.5));
#7631 = CARTESIAN_POINT ('', (-133.375, 93., 3.5));
#7632 = CARTESIAN_POINT ('', (-133.375, 80., 5.));
#7633 = CARTESIAN_POINT ('', (-133.375, 93., 5.));
#7634 = B_SPLINE_SURFACE_WITH_KNOTS ('', 1, 1, ((#7630, #7631), (#7632, #7633)), .UNSPECIFIED., .F., .F., .U., (2, 2), (2, 2), (0., 1.), (19.75, 32.75), .UNSPECIFIED.);
#7635 = ADVANCED_FACE ('', (#7629), #7634, .T.);
#7636 = ORIENTED_EDGE ('', *, *, #5208, .T.);
#7637 = ORIENTED_EDGE ('', *, *, #7626, .F.);
#7638 = ORIENTED_EDGE ('', *, *, #2165, .F.);
#7639 = ORIENTED_EDGE ('', *, *, #7518, .T.);
#7640 = EDGE_LOOP ('', (#7636, #7637, #7638, #7639));
#7641 = FACE_OUTER_BOUND ('', #7640, .T.);
#7642 = CARTESIAN_POINT ('', (-133.875, 79.5, 3.5));
#7643 = CARTESIAN_POINT ('', (-133.375, 79.5, 3.5));
#7644 = CARTESIAN_POINT ('', (-133.375, 80., 3.5));
#7645 = CARTESIAN_POINT ('', (-133.875, 79.5, 5.));
#7646 = CARTESIAN_POINT ('', (-133.375, 79.5, 5.));
#7647 = CARTESIAN_POINT ('', (-133.375, 80., 5.));
#7648 = (
   BOUNDED_SURFACE ()
   B_SPLINE_SURFACE (1, 2, ((#7642, #7643, #7644), (#7645, #7646, #7647)), .UNSPECIFIED., .F., .F., .U.)
   B_SPLINE_SURFACE_WITH_KNOTS ((2, 2), (3, 3), (0., 1.), (18.75, 19.75), .UNSPECIFIED.)
   GEOMETRIC_REPRESENTATION_ITEM ()
   RATIONAL_B_SPLINE_SURFACE (((1., 0.707106781186537, 1.), (1., 0.707106781186537, 1.)))
   REPRESENTATION_ITEM ('')
   SURFACE ()
);
#7649 = ADVANCED_FACE ('', (#7641), #7648, .T.);
#7650 = ORIENTED_EDGE ('', *, *, #5095, .T.);
#7651 = CARTESIAN_POINT ('', (-160., 79.5, 3.5));
#7652 = CARTESIAN_POINT ('', (-160., 79.5, 5.));
#7653 = B_SPLINE_CURVE_WITH_KNOTS ('', 1, (#7651, #7652), .UNSPECIFIED., .F., .U., (2, 2), (0., 1.), .UNSPECIFIED.);
#7654 = EDGE_CURVE ('', #2091, #5091, #7653, .T.);
#7655 = ORIENTED_EDGE ('', *, *, #7654, .F.);
#7656 = ORIENTED_EDGE ('', *, *, #2095, .F.);
#7657 = CARTESIAN_POINT ('', (-173., 79.5, 3.5));
#7658 = CARTESIAN_POINT ('', (-173., 79.5, 5.));
#7659 = B_SPLINE_CURVE_WITH_KNOTS ('', 1, (#7657, #7658), .UNSPECIFIED., .F., .U., (2, 2), (0., 1.), .UNSPECIFIED.);
#7660 = EDGE_CURVE ('', #2089, #5089, #7659, .T.);
#7661 = ORIENTED_EDGE ('', *, *, #7660, .T.);
#7662 = EDGE_LOOP ('', (#7650, #7655, #7656, #7661));
#7663 = FACE_OUTER_BOUND ('', #7662, .T.);
#7664 = CARTESIAN_POINT ('', (-173., 79.5, 3.5));
#7665 = CARTESIAN_POINT ('', (-160., 79.5, 3.5));
#7666 = CARTESIAN_POINT ('', (-173., 79.5, 5.));
#7667 = CARTESIAN_POINT ('', (-160., 79.5, 5.));
#7668 = B_SPLINE_SURFACE_WITH_KNOTS ('', 1, 1, ((#7664, #7665), (#7666, #7667)), .UNSPECIFIED., .F., .F., .U., (2, 2), (2, 2), (0., 1.), (1., 14.), .UNSPECIFIED.);
#7669 = ADVANCED_FACE ('', (#7663), #7668, .T.);
#7670 = ORIENTED_EDGE ('', *, *, #5103, .T.);
#7671 = ORIENTED_EDGE ('', *, *, #7660, .F.);
#7672 = ORIENTED_EDGE ('', *, *, #2146, .F.);
#7673 = CARTESIAN_POINT ('', (-173.5, 80., 3.5));
#7674 = CARTESIAN_POINT ('', (-173.5, 80., 5.));
#7675 = B_SPLINE_CURVE_WITH_KNOTS ('', 1, (#7673, #7674), .UNSPECIFIED., .F., .U., (2, 2), (0., 1.), .UNSPECIFIED.);
#7676 = EDGE_CURVE ('', #2136, #5098, #7675, .T.);
#7677 = ORIENTED_EDGE ('', *, *, #7676, .T.);
#7678 = EDGE_LOOP ('', (#7670, #7671, #7672, #7677));
#7679 = FACE_OUTER_BOUND ('', #7678, .T.);
#7680 = CARTESIAN_POINT ('', (-173.5, 80., 3.5));
#7681 = CARTESIAN_POINT ('', (-173.5, 79.5, 3.5));
#7682 = CARTESIAN_POINT ('', (-173., 79.5, 3.5));
#7683 = CARTESIAN_POINT ('', (-173.5, 80., 5.));
#7684 = CARTESIAN_POINT ('', (-173.5, 79.5, 5.));
#7685 = CARTESIAN_POINT ('', (-173., 79.5, 5.));
#7686 = (
   BOUNDED_SURFACE ()
   B_SPLINE_SURFACE (1, 2, ((#7680, #7681, #7682), (#7683, #7684, #7685)), .UNSPECIFIED., .F., .F., .U.)
   B_SPLINE_SURFACE_WITH_KNOTS ((2, 2), (3, 3), (0., 1.), (0., 1.), .UNSPECIFIED.)
   GEOMETRIC_REPRESENTATION_ITEM ()
   RATIONAL_B_SPLINE_SURFACE (((1., 0.707106781186537, 1.), (1., 0.707106781186537, 1.)))
   REPRESENTATION_ITEM ('')
   SURFACE ()
);
#7687 = ADVANCED_FACE ('', (#7679), #7686, .T.);
#7688 = ORIENTED_EDGE ('', *, *, #5110, .T.);
#7689 = ORIENTED_EDGE ('', *, *, #7676, .F.);
#7690 = ORIENTED_EDGE ('', *, *, #2140, .F.);
#7691 = CARTESIAN_POINT ('', (-173.5, 93., 3.5));
#7692 = CARTESIAN_POINT ('', (-173.5, 93., 5.));
#7693 = B_SPLINE_CURVE_WITH_KNOTS ('', 1, (#7691, #7692), .UNSPECIFIED., .F., .U., (2, 2), (0., 1.), .UNSPECIFIED.);
#7694 = EDGE_CURVE ('', #2128, #5106, #7693, .T.);
#7695 = ORIENTED_EDGE ('', *, *, #7694, .T.);
#7696 = EDGE_LOOP ('', (#7688, #7689, #7690, #7695));
#7697 = FACE_OUTER_BOUND ('', #7696, .T.);
#7698 = CARTESIAN_POINT ('', (-173.5, 93., 3.5));
#7699 = CARTESIAN_POINT ('', (-173.5, 80., 3.5));
#7700 = CARTESIAN_POINT ('', (-173.5, 93., 5.));
#7701 = CARTESIAN_POINT ('', (-173.5, 80., 5.));
#7702 = B_SPLINE_SURFACE_WITH_KNOTS ('', 1, 1, ((#7698, #7699), (#7700, #7701)), .UNSPECIFIED., .F., .F., .U., (2, 2), (2, 2), (0., 1.), (43., 56.), .UNSPECIFIED.);
#7703 = ADVANCED_FACE ('', (#7697), #7702, .T.);
#7704 = ORIENTED_EDGE ('', *, *, #5118, .T.);
#7705 = ORIENTED_EDGE ('', *, *, #7694, .F.);
#7706 = ORIENTED_EDGE ('', *, *, #2133, .F.);
#7707 = CARTESIAN_POINT ('', (-173., 93.5, 3.5));
#7708 = CARTESIAN_POINT ('', (-173., 93.5, 5.));
#7709 = B_SPLINE_CURVE_WITH_KNOTS ('', 1, (#7707, #7708), .UNSPECIFIED., .F., .U., (2, 2), (0., 1.), .UNSPECIFIED.);
#7710 = EDGE_CURVE ('', #2121, #5113, #7709, .T.);
#7711 = ORIENTED_EDGE ('', *, *, #7710, .T.);
#7712 = EDGE_LOOP ('', (#7704, #7705, #7706, #7711));
#7713 = FACE_OUTER_BOUND ('', #7712, .T.);
#7714 = CARTESIAN_POINT ('', (-173., 93.5, 3.5));
#7715 = CARTESIAN_POINT ('', (-173.5, 93.5, 3.5));
#7716 = CARTESIAN_POINT ('', (-173.5, 93., 3.5));
#7717 = CARTESIAN_POINT ('', (-173., 93.5, 5.));
#7718 = CARTESIAN_POINT ('', (-173.5, 93.5, 5.));
#7719 = CARTESIAN_POINT ('', (-173.5, 93., 5.));
#7720 = (
   BOUNDED_SURFACE ()
   B_SPLINE_SURFACE (1, 2, ((#7714, #7715, #7716), (#7717, #7718, #7719)), .UNSPECIFIED., .F., .F., .U.)
   B_SPLINE_SURFACE_WITH_KNOTS ((2, 2), (3, 3), (0., 1.), (42., 43.), .UNSPECIFIED.)
   GEOMETRIC_REPRESENTATION_ITEM ()
   RATIONAL_B_SPLINE_SURFACE (((1., 0.707106781186558, 1.), (1., 0.707106781186558, 1.)))
   REPRESENTATION_ITEM ('')
   SURFACE ()
);
#7721 = ADVANCED_FACE ('', (#7713), #7720, .T.);
#7722 = ORIENTED_EDGE ('', *, *, #5125, .T.);
#7723 = ORIENTED_EDGE ('', *, *, #7710, .F.);
#7724 = ORIENTED_EDGE ('', *, *, #2125, .F.);
#7725 = CARTESIAN_POINT ('', (-160., 93.5, 3.5));
#7726 = CARTESIAN_POINT ('', (-160., 93.5, 5.));
#7727 = B_SPLINE_CURVE_WITH_KNOTS ('', 1, (#7725, #7726), .UNSPECIFIED., .F., .U., (2, 2), (0., 1.), .UNSPECIFIED.);
#7728 = EDGE_CURVE ('', #2113, #5121, #7727, .T.);
#7729 = ORIENTED_EDGE ('', *, *, #7728, .T.);
#7730 = EDGE_LOOP ('', (#7722, #7723, #7724, #7729));
#7731 = FACE_OUTER_BOUND ('', #7730, .T.);
#7732 = CARTESIAN_POINT ('', (-160., 93.5, 3.5));
#7733 = CARTESIAN_POINT ('', (-173., 93.5, 3.5));
#7734 = CARTESIAN_POINT ('', (-160., 93.5, 5.));
#7735 = CARTESIAN_POINT ('', (-173., 93.5, 5.));
#7736 = B_SPLINE_SURFACE_WITH_KNOTS ('', 1, 1, ((#7732, #7733), (#7734, #7735)), .UNSPECIFIED., .F., .F., .U., (2, 2), (2, 2), (0., 1.), (29., 42.), .UNSPECIFIED.);
#7737 = ADVANCED_FACE ('', (#7731), #7736, .T.);
#7738 = ORIENTED_EDGE ('', *, *, #5133, .T.);
#7739 = ORIENTED_EDGE ('', *, *, #7728, .F.);
#7740 = ORIENTED_EDGE ('', *, *, #2118, .F.);
#7741 = CARTESIAN_POINT ('', (-159.5, 93., 3.5));
#7742 = CARTESIAN_POINT ('', (-159.5, 93., 5.));
#7743 = B_SPLINE_CURVE_WITH_KNOTS ('', 1, (#7741, #7742), .UNSPECIFIED., .F., .U., (2, 2), (0., 1.), .UNSPECIFIED.);
#7744 = EDGE_CURVE ('', #2106, #5128, #7743, .T.);
#7745 = ORIENTED_EDGE ('', *, *, #7744, .T.);
#7746 = EDGE_LOOP ('', (#7738, #7739, #7740, #7745));
#7747 = FACE_OUTER_BOUND ('', #7746, .T.);
#7748 = CARTESIAN_POINT ('', (-159.5, 93., 3.5));
#7749 = CARTESIAN_POINT ('', (-159.5, 93.5, 3.5));
#7750 = CARTESIAN_POINT ('', (-160., 93.5, 3.5));
#7751 = CARTESIAN_POINT ('', (-159.5, 93., 5.));
#7752 = CARTESIAN_POINT ('', (-159.5, 93.5, 5.));
#7753 = CARTESIAN_POINT ('', (-160., 93.5, 5.));
#7754 = (
   BOUNDED_SURFACE ()
   B_SPLINE_SURFACE (1, 2, ((#7748, #7749, #7750), (#7751, #7752, #7753)), .UNSPECIFIED., .F., .F., .U.)
   B_SPLINE_SURFACE_WITH_KNOTS ((2, 2), (3, 3), (0., 1.), (28., 29.), .UNSPECIFIED.)
   GEOMETRIC_REPRESENTATION_ITEM ()
   RATIONAL_B_SPLINE_SURFACE (((1., 0.707106781186558, 1.), (1., 0.707106781186558, 1.)))
   REPRESENTATION_ITEM ('')
   SURFACE ()
);
#7755 = ADVANCED_FACE ('', (#7747), #7754, .T.);
#7756 = ORIENTED_EDGE ('', *, *, #5140, .T.);
#7757 = ORIENTED_EDGE ('', *, *, #7744, .F.);
#7758 = ORIENTED_EDGE ('', *, *, #2110, .F.);
#7759 = CARTESIAN_POINT ('', (-159.5, 80., 3.5));
#7760 = CARTESIAN_POINT ('', (-159.5, 80., 5.));
#7761 = B_SPLINE_CURVE_WITH_KNOTS ('', 1, (#7759, #7760), .UNSPECIFIED., .F., .U., (2, 2), (0., 1.), .UNSPECIFIED.);
#7762 = EDGE_CURVE ('', #2098, #5136, #7761, .T.);
#7763 = ORIENTED_EDGE ('', *, *, #7762, .T.);
#7764 = EDGE_LOOP ('', (#7756, #7757, #7758, #7763));
#7765 = FACE_OUTER_BOUND ('', #7764, .T.);
#7766 = CARTESIAN_POINT ('', (-159.5, 80., 3.5));
#7767 = CARTESIAN_POINT ('', (-159.5, 93., 3.5));
#7768 = CARTESIAN_POINT ('', (-159.5, 80., 5.));
#7769 = CARTESIAN_POINT ('', (-159.5, 93., 5.));
#7770 = B_SPLINE_SURFACE_WITH_KNOTS ('', 1, 1, ((#7766, #7767), (#7768, #7769)), .UNSPECIFIED., .F., .F., .U., (2, 2), (2, 2), (0., 1.), (15., 28.), .UNSPECIFIED.);
#7771 = ADVANCED_FACE ('', (#7765), #7770, .T.);
#7772 = ORIENTED_EDGE ('', *, *, #5146, .T.);
#7773 = ORIENTED_EDGE ('', *, *, #7762, .F.);
#7774 = ORIENTED_EDGE ('', *, *, #2103, .F.);
#7775 = ORIENTED_EDGE ('', *, *, #7654, .T.);
#7776 = EDGE_LOOP ('', (#7772, #7773, #7774, #7775));
#7777 = FACE_OUTER_BOUND ('', #7776, .T.);
#7778 = CARTESIAN_POINT ('', (-160., 79.5, 3.5));
#7779 = CARTESIAN_POINT ('', (-159.5, 79.5, 3.5));
#7780 = CARTESIAN_POINT ('', (-159.5, 80., 3.5));
#7781 = CARTESIAN_POINT ('', (-160., 79.5, 5.));
#7782 = CARTESIAN_POINT ('', (-159.5, 79.5, 5.));
#7783 = CARTESIAN_POINT ('', (-159.5, 80., 5.));
#7784 = (
   BOUNDED_SURFACE ()
   B_SPLINE_SURFACE (1, 2, ((#7778, #7779, #7780), (#7781, #7782, #7783)), .UNSPECIFIED., .F., .F., .U.)
   B_SPLINE_SURFACE_WITH_KNOTS ((2, 2), (3, 3), (0., 1.), (14., 15.), .UNSPECIFIED.)
   GEOMETRIC_REPRESENTATION_ITEM ()
   RATIONAL_B_SPLINE_SURFACE (((1., 0.707106781186537, 1.), (1., 0.707106781186537, 1.)))
   REPRESENTATION_ITEM ('')
   SURFACE ()
);
#7785 = ADVANCED_FACE ('', (#7777), #7784, .T.);
#7786 = ORIENTED_EDGE ('', *, *, #5033, .T.);
#7787 = CARTESIAN_POINT ('', (-160., 60.5, 3.5));
#7788 = CARTESIAN_POINT ('', (-160., 60.5, 5.));
#7789 = B_SPLINE_CURVE_WITH_KNOTS ('', 1, (#7787, #7788), .UNSPECIFIED., .F., .U., (2, 2), (0., 1.), .UNSPECIFIED.);
#7790 = EDGE_CURVE ('', #2029, #5029, #7789, .T.);
#7791 = ORIENTED_EDGE ('', *, *, #7790, .F.);
#7792 = ORIENTED_EDGE ('', *, *, #2033, .F.);
#7793 = CARTESIAN_POINT ('', (-173., 60.5, 3.5));
#7794 = CARTESIAN_POINT ('', (-173., 60.5, 5.));
#7795 = B_SPLINE_CURVE_WITH_KNOTS ('', 1, (#7793, #7794), .UNSPECIFIED., .F., .U., (2, 2), (0., 1.), .UNSPECIFIED.);
#7796 = EDGE_CURVE ('', #2027, #5027, #7795, .T.);
#7797 = ORIENTED_EDGE ('', *, *, #7796, .T.);
#7798 = EDGE_LOOP ('', (#7786, #7791, #7792, #7797));
#7799 = FACE_OUTER_BOUND ('', #7798, .T.);
#7800 = CARTESIAN_POINT ('', (-173., 60.5, 3.5));
#7801 = CARTESIAN_POINT ('', (-160., 60.5, 3.5));
#7802 = CARTESIAN_POINT ('', (-173., 60.5, 5.));
#7803 = CARTESIAN_POINT ('', (-160., 60.5, 5.));
#7804 = B_SPLINE_SURFACE_WITH_KNOTS ('', 1, 1, ((#7800, #7801), (#7802, #7803)), .UNSPECIFIED., .F., .F., .U., (2, 2), (2, 2), (0., 1.), (1., 14.), .UNSPECIFIED.);
#7805 = ADVANCED_FACE ('', (#7799), #7804, .T.);
#7806 = ORIENTED_EDGE ('', *, *, #5041, .T.);
#7807 = ORIENTED_EDGE ('', *, *, #7796, .F.);
#7808 = ORIENTED_EDGE ('', *, *, #2084, .F.);
#7809 = CARTESIAN_POINT ('', (-173.5, 61., 3.5));
#7810 = CARTESIAN_POINT ('', (-173.5, 61., 5.));
#7811 = B_SPLINE_CURVE_WITH_KNOTS ('', 1, (#7809, #7810), .UNSPECIFIED., .F., .U., (2, 2), (0., 1.), .UNSPECIFIED.);
#7812 = EDGE_CURVE ('', #2074, #5036, #7811, .T.);
#7813 = ORIENTED_EDGE ('', *, *, #7812, .T.);
#7814 = EDGE_LOOP ('', (#7806, #7807, #7808, #7813));
#7815 = FACE_OUTER_BOUND ('', #7814, .T.);
#7816 = CARTESIAN_POINT ('', (-173.5, 61., 3.5));
#7817 = CARTESIAN_POINT ('', (-173.5, 60.5, 3.5));
#7818 = CARTESIAN_POINT ('', (-173., 60.5, 3.5));
#7819 = CARTESIAN_POINT ('', (-173.5, 61., 5.));
#7820 = CARTESIAN_POINT ('', (-173.5, 60.5, 5.));
#7821 = CARTESIAN_POINT ('', (-173., 60.5, 5.));
#7822 = (
   BOUNDED_SURFACE ()
   B_SPLINE_SURFACE (1, 2, ((#7816, #7817, #7818), (#7819, #7820, #7821)), .UNSPECIFIED., .F., .F., .U.)
   B_SPLINE_SURFACE_WITH_KNOTS ((2, 2), (3, 3), (0., 1.), (0., 1.), .UNSPECIFIED.)
   GEOMETRIC_REPRESENTATION_ITEM ()
   RATIONAL_B_SPLINE_SURFACE (((1., 0.707106781186543, 1.), (1., 0.707106781186543, 1.)))
   REPRESENTATION_ITEM ('')
   SURFACE ()
);
#7823 = ADVANCED_FACE ('', (#7815), #7822, .T.);
#7824 = ORIENTED_EDGE ('', *, *, #5048, .T.);
#7825 = ORIENTED_EDGE ('', *, *, #7812, .F.);
#7826 = ORIENTED_EDGE ('', *, *, #2078, .F.);
#7827 = CARTESIAN_POINT ('', (-173.5, 74., 3.5));
#7828 = CARTESIAN_POINT ('', (-173.5, 74., 5.));
#7829 = B_SPLINE_CURVE_WITH_KNOTS ('', 1, (#7827, #7828), .UNSPECIFIED., .F., .U., (2, 2), (0., 1.), .UNSPECIFIED.);
#7830 = EDGE_CURVE ('', #2066, #5044, #7829, .T.);
#7831 = ORIENTED_EDGE ('', *, *, #7830, .T.);
#7832 = EDGE_LOOP ('', (#7824, #7825, #7826, #7831));
#7833 = FACE_OUTER_BOUND ('', #7832, .T.);
#7834 = CARTESIAN_POINT ('', (-173.5, 74., 3.5));
#7835 = CARTESIAN_POINT ('', (-173.5, 61., 3.5));
#7836 = CARTESIAN_POINT ('', (-173.5, 74., 5.));
#7837 = CARTESIAN_POINT ('', (-173.5, 61., 5.));
#7838 = B_SPLINE_SURFACE_WITH_KNOTS ('', 1, 1, ((#7834, #7835), (#7836, #7837)), .UNSPECIFIED., .F., .F., .U., (2, 2), (2, 2), (0., 1.), (43., 56.), .UNSPECIFIED.);
#7839 = ADVANCED_FACE ('', (#7833), #7838, .T.);
#7840 = ORIENTED_EDGE ('', *, *, #5056, .T.);
#7841 = ORIENTED_EDGE ('', *, *, #7830, .F.);
#7842 = ORIENTED_EDGE ('', *, *, #2071, .F.);
#7843 = CARTESIAN_POINT ('', (-173., 74.5, 3.5));
#7844 = CARTESIAN_POINT ('', (-173., 74.5, 5.));
#7845 = B_SPLINE_CURVE_WITH_KNOTS ('', 1, (#7843, #7844), .UNSPECIFIED., .F., .U., (2, 2), (0., 1.), .UNSPECIFIED.);
#7846 = EDGE_CURVE ('', #2059, #5051, #7845, .T.);
#7847 = ORIENTED_EDGE ('', *, *, #7846, .T.);
#7848 = EDGE_LOOP ('', (#7840, #7841, #7842, #7847));
#7849 = FACE_OUTER_BOUND ('', #7848, .T.);
#7850 = CARTESIAN_POINT ('', (-173., 74.5, 3.5));
#7851 = CARTESIAN_POINT ('', (-173.5, 74.5, 3.5));
#7852 = CARTESIAN_POINT ('', (-173.5, 74., 3.5));
#7853 = CARTESIAN_POINT ('', (-173., 74.5, 5.));
#7854 = CARTESIAN_POINT ('', (-173.5, 74.5, 5.));
#7855 = CARTESIAN_POINT ('', (-173.5, 74., 5.));
#7856 = (
   BOUNDED_SURFACE ()
   B_SPLINE_SURFACE (1, 2, ((#7850, #7851, #7852), (#7853, #7854, #7855)), .UNSPECIFIED., .F., .F., .U.)
   B_SPLINE_SURFACE_WITH_KNOTS ((2, 2), (3, 3), (0., 1.), (42., 43.), .UNSPECIFIED.)
   GEOMETRIC_REPRESENTATION_ITEM ()
   RATIONAL_B_SPLINE_SURFACE (((1., 0.707106781186548, 1.), (1., 0.707106781186548, 1.)))
   REPRESENTATION_ITEM ('')
   SURFACE ()
);
#7857 = ADVANCED_FACE ('', (#7849), #7856, .T.);
#7858 = ORIENTED_EDGE ('', *, *, #5063, .T.);
#7859 = ORIENTED_EDGE ('', *, *, #7846, .F.);
#7860 = ORIENTED_EDGE ('', *, *, #2063, .F.);
#7861 = CARTESIAN_POINT ('', (-160., 74.5, 3.5));
#7862 = CARTESIAN_POINT ('', (-160., 74.5, 5.));
#7863 = B_SPLINE_CURVE_WITH_KNOTS ('', 1, (#7861, #7862), .UNSPECIFIED., .F., .U., (2, 2), (0., 1.), .UNSPECIFIED.);
#7864 = EDGE_CURVE ('', #2051, #5059, #7863, .T.);
#7865 = ORIENTED_EDGE ('', *, *, #7864, .T.);
#7866 = EDGE_LOOP ('', (#7858, #7859, #7860, #7865));
#7867 = FACE_OUTER_BOUND ('', #7866, .T.);
#7868 = CARTESIAN_POINT ('', (-160., 74.5, 3.5));
#7869 = CARTESIAN_POINT ('', (-173., 74.5, 3.5));
#7870 = CARTESIAN_POINT ('', (-160., 74.5, 5.));
#7871 = CARTESIAN_POINT ('', (-173., 74.5, 5.));
#7872 = B_SPLINE_SURFACE_WITH_KNOTS ('', 1, 1, ((#7868, #7869), (#7870, #7871)), .UNSPECIFIED., .F., .F., .U., (2, 2), (2, 2), (0., 1.), (29., 42.), .UNSPECIFIED.);
#7873 = ADVANCED_FACE ('', (#7867), #7872, .T.);
#7874 = ORIENTED_EDGE ('', *, *, #5071, .T.);
#7875 = ORIENTED_EDGE ('', *, *, #7864, .F.);
#7876 = ORIENTED_EDGE ('', *, *, #2056, .F.);
#7877 = CARTESIAN_POINT ('', (-159.5, 74., 3.5));
#7878 = CARTESIAN_POINT ('', (-159.5, 74., 5.));
#7879 = B_SPLINE_CURVE_WITH_KNOTS ('', 1, (#7877, #7878), .UNSPECIFIED., .F., .U., (2, 2), (0., 1.), .UNSPECIFIED.);
#7880 = EDGE_CURVE ('', #2044, #5066, #7879, .T.);
#7881 = ORIENTED_EDGE ('', *, *, #7880, .T.);
#7882 = EDGE_LOOP ('', (#7874, #7875, #7876, #7881));
#7883 = FACE_OUTER_BOUND ('', #7882, .T.);
#7884 = CARTESIAN_POINT ('', (-159.5, 74., 3.5));
#7885 = CARTESIAN_POINT ('', (-159.5, 74.5, 3.5));
#7886 = CARTESIAN_POINT ('', (-160., 74.5, 3.5));
#7887 = CARTESIAN_POINT ('', (-159.5, 74., 5.));
#7888 = CARTESIAN_POINT ('', (-159.5, 74.5, 5.));
#7889 = CARTESIAN_POINT ('', (-160., 74.5, 5.));
#7890 = (
   BOUNDED_SURFACE ()
   B_SPLINE_SURFACE (1, 2, ((#7884, #7885, #7886), (#7887, #7888, #7889)), .UNSPECIFIED., .F., .F., .U.)
   B_SPLINE_SURFACE_WITH_KNOTS ((2, 2), (3, 3), (0., 1.), (28., 29.), .UNSPECIFIED.)
   GEOMETRIC_REPRESENTATION_ITEM ()
   RATIONAL_B_SPLINE_SURFACE (((1., 0.707106781186548, 1.), (1., 0.707106781186548, 1.)))
   REPRESENTATION_ITEM ('')
   SURFACE ()
);
#7891 = ADVANCED_FACE ('', (#7883), #7890, .T.);
#7892 = ORIENTED_EDGE ('', *, *, #5078, .T.);
#7893 = ORIENTED_EDGE ('', *, *, #7880, .F.);
#7894 = ORIENTED_EDGE ('', *, *, #2048, .F.);
#7895 = CARTESIAN_POINT ('', (-159.5, 61., 3.5));
#7896 = CARTESIAN_POINT ('', (-159.5, 61., 5.));
#7897 = B_SPLINE_CURVE_WITH_KNOTS ('', 1, (#7895, #7896), .UNSPECIFIED., .F., .U., (2, 2), (0., 1.), .UNSPECIFIED.);
#7898 = EDGE_CURVE ('', #2036, #5074, #7897, .T.);
#7899 = ORIENTED_EDGE ('', *, *, #7898, .T.);
#7900 = EDGE_LOOP ('', (#7892, #7893, #7894, #7899));
#7901 = FACE_OUTER_BOUND ('', #7900, .T.);
#7902 = CARTESIAN_POINT ('', (-159.5, 61., 3.5));
#7903 = CARTESIAN_POINT ('', (-159.5, 74., 3.5));
#7904 = CARTESIAN_POINT ('', (-159.5, 61., 5.));
#7905 = CARTESIAN_POINT ('', (-159.5, 74., 5.));
#7906 = B_SPLINE_SURFACE_WITH_KNOTS ('', 1, 1, ((#7902, #7903), (#7904, #7905)), .UNSPECIFIED., .F., .F., .U., (2, 2), (2, 2), (0., 1.), (15., 28.), .UNSPECIFIED.);
#7907 = ADVANCED_FACE ('', (#7901), #7906, .T.);
#7908 = ORIENTED_EDGE ('', *, *, #5084, .T.);
#7909 = ORIENTED_EDGE ('', *, *, #7898, .F.);
#7910 = ORIENTED_EDGE ('', *, *, #2041, .F.);
#7911 = ORIENTED_EDGE ('', *, *, #7790, .T.);
#7912 = EDGE_LOOP ('', (#7908, #7909, #7910, #7911));
#7913 = FACE_OUTER_BOUND ('', #7912, .T.);
#7914 = CARTESIAN_POINT ('', (-160., 60.5, 3.5));
#7915 = CARTESIAN_POINT ('', (-159.5, 60.5, 3.5));
#7916 = CARTESIAN_POINT ('', (-159.5, 61., 3.5));
#7917 = CARTESIAN_POINT ('', (-160., 60.5, 5.));
#7918 = CARTESIAN_POINT ('', (-159.5, 60.5, 5.));
#7919 = CARTESIAN_POINT ('', (-159.5, 61., 5.));
#7920 = (
   BOUNDED_SURFACE ()
   B_SPLINE_SURFACE (1, 2, ((#7914, #7915, #7916), (#7917, #7918, #7919)), .UNSPECIFIED., .F., .F., .U.)
   B_SPLINE_SURFACE_WITH_KNOTS ((2, 2), (3, 3), (0., 1.), (14., 15.), .UNSPECIFIED.)
   GEOMETRIC_REPRESENTATION_ITEM ()
   RATIONAL_B_SPLINE_SURFACE (((1., 0.707106781186543, 1.), (1., 0.707106781186543, 1.)))
   REPRESENTATION_ITEM ('')
   SURFACE ()
);
#7921 = ADVANCED_FACE ('', (#7913), #7920, .T.);
#7922 = ORIENTED_EDGE ('', *, *, #4883, .T.);
#7923 = CARTESIAN_POINT ('', (-151.625, 74.5, 3.5));
#7924 = CARTESIAN_POINT ('', (-151.625, 74.5, 5.));
#7925 = B_SPLINE_CURVE_WITH_KNOTS ('', 1, (#7923, #7924), .UNSPECIFIED., .F., .U., (2, 2), (0., 1.), .UNSPECIFIED.);
#7926 = EDGE_CURVE ('', #1879, #4879, #7925, .T.);
#7927 = ORIENTED_EDGE ('', *, *, #7926, .F.);
#7928 = ORIENTED_EDGE ('', *, *, #1883, .F.);
#7929 = CARTESIAN_POINT ('', (-117.25, 74.5, 3.5));
#7930 = CARTESIAN_POINT ('', (-117.25, 74.5, 5.));
#7931 = B_SPLINE_CURVE_WITH_KNOTS ('', 1, (#7929, #7930), .UNSPECIFIED., .F., .U., (2, 2), (0., 1.), .UNSPECIFIED.);
#7932 = EDGE_CURVE ('', #1877, #4877, #7931, .T.);
#7933 = ORIENTED_EDGE ('', *, *, #7932, .T.);
#7934 = EDGE_LOOP ('', (#7922, #7927, #7928, #7933));
#7935 = FACE_OUTER_BOUND ('', #7934, .T.);
#7936 = CARTESIAN_POINT ('', (-117.25, 74.5, 3.5));
#7937 = CARTESIAN_POINT ('', (-151.625, 74.5, 3.5));
#7938 = CARTESIAN_POINT ('', (-117.25, 74.5, 5.));
#7939 = CARTESIAN_POINT ('', (-151.625, 74.5, 5.));
#7940 = B_SPLINE_SURFACE_WITH_KNOTS ('', 1, 1, ((#7936, #7937), (#7938, #7939)), .UNSPECIFIED., .F., .F., .U., (2, 2), (2, 2), (0., 1.), (54.2843915343915, 88.6593915343915), .UNSPECIFIED.);
#7941 = ADVANCED_FACE ('', (#7935), #7940, .T.);
#7942 = ORIENTED_EDGE ('', *, *, #4891, .T.);
#7943 = ORIENTED_EDGE ('', *, *, #7932, .F.);
#7944 = ORIENTED_EDGE ('', *, *, #2022, .F.);
#7945 = CARTESIAN_POINT ('', (-116.75, 74., 3.5));
#7946 = CARTESIAN_POINT ('', (-116.75, 74., 5.));
#7947 = B_SPLINE_CURVE_WITH_KNOTS ('', 1, (#7945, #7946), .UNSPECIFIED., .F., .U., (2, 2), (0., 1.), .UNSPECIFIED.);
#7948 = EDGE_CURVE ('', #2012, #4886, #7947, .T.);
#7949 = ORIENTED_EDGE ('', *, *, #7948, .T.);
#7950 = EDGE_LOOP ('', (#7942, #7943, #7944, #7949));
#7951 = FACE_OUTER_BOUND ('', #7950, .T.);
#7952 = CARTESIAN_POINT ('', (-116.75, 74., 3.5));
#7953 = CARTESIAN_POINT ('', (-116.75, 74.5, 3.5));
#7954 = CARTESIAN_POINT ('', (-117.25, 74.5, 3.5));
#7955 = CARTESIAN_POINT ('', (-116.75, 74., 5.));
#7956 = CARTESIAN_POINT ('', (-116.75, 74.5, 5.));
#7957 = CARTESIAN_POINT ('', (-117.25, 74.5, 5.));
#7958 = (
   BOUNDED_SURFACE ()
   B_SPLINE_SURFACE (1, 2, ((#7952, #7953, #7954), (#7955, #7956, #7957)), .UNSPECIFIED., .F., .F., .U.)
   B_SPLINE_SURFACE_WITH_KNOTS ((2, 2), (3, 3), (0., 1.), (53.2843915343915, 54.2843915343915), .UNSPECIFIED.)
   GEOMETRIC_REPRESENTATION_ITEM ()
   RATIONAL_B_SPLINE_SURFACE (((1., 0.707106781186548, 1.), (1., 0.707106781186548, 1.)))
   REPRESENTATION_ITEM ('')
   SURFACE ()
);
#7959 = ADVANCED_FACE ('', (#7951), #7958, .T.);
#7960 = ORIENTED_EDGE ('', *, *, #4898, .T.);
#7961 = ORIENTED_EDGE ('', *, *, #7948, .F.);
#7962 = ORIENTED_EDGE ('', *, *, #2016, .F.);
#7963 = CARTESIAN_POINT ('', (-116.75, 61., 3.5));
#7964 = CARTESIAN_POINT ('', (-116.75, 61., 5.));
#7965 = B_SPLINE_CURVE_WITH_KNOTS ('', 1, (#7963, #7964), .UNSPECIFIED., .F., .U., (2, 2), (0., 1.), .UNSPECIFIED.);
#7966 = EDGE_CURVE ('', #2004, #4894, #7965, .T.);
#7967 = ORIENTED_EDGE ('', *, *, #7966, .T.);
#7968 = EDGE_LOOP ('', (#7960, #7961, #7962, #7967));
#7969 = FACE_OUTER_BOUND ('', #7968, .T.);
#7970 = CARTESIAN_POINT ('', (-116.75, 61., 3.5));
#7971 = CARTESIAN_POINT ('', (-116.75, 74., 3.5));
#7972 = CARTESIAN_POINT ('', (-116.75, 61., 5.));
#7973 = CARTESIAN_POINT ('', (-116.75, 74., 5.));
#7974 = B_SPLINE_SURFACE_WITH_KNOTS ('', 1, 1, ((#7970, #7971), (#7972, #7973)), .UNSPECIFIED., .F., .F., .U., (2, 2), (2, 2), (0., 1.), (40.2843915343915, 53.2843915343915), .UNSPECIFIED.);
#7975 = ADVANCED_FACE ('', (#7969), #7974, .T.);
#7976 = ORIENTED_EDGE ('', *, *, #4906, .T.);
#7977 = ORIENTED_EDGE ('', *, *, #7966, .F.);
#7978 = ORIENTED_EDGE ('', *, *, #2009, .F.);
#7979 = CARTESIAN_POINT ('', (-117.25, 60.5, 3.5));
#7980 = CARTESIAN_POINT ('', (-117.25, 60.5, 5.));
#7981 = B_SPLINE_CURVE_WITH_KNOTS ('', 1, (#7979, #7980), .UNSPECIFIED., .F., .U., (2, 2), (0., 1.), .UNSPECIFIED.);
#7982 = EDGE_CURVE ('', #1997, #4901, #7981, .T.);
#7983 = ORIENTED_EDGE ('', *, *, #7982, .T.);
#7984 = EDGE_LOOP ('', (#7976, #7977, #7978, #7983));
#7985 = FACE_OUTER_BOUND ('', #7984, .T.);
#7986 = CARTESIAN_POINT ('', (-117.25, 60.5, 3.5));
#7987 = CARTESIAN_POINT ('', (-116.75, 60.5, 3.5));
#7988 = CARTESIAN_POINT ('', (-116.75, 61., 3.5));
#7989 = CARTESIAN_POINT ('', (-117.25, 60.5, 5.));
#7990 = CARTESIAN_POINT ('', (-116.75, 60.5, 5.));
#7991 = CARTESIAN_POINT ('', (-116.75, 61., 5.));
#7992 = (
   BOUNDED_SURFACE ()
   B_SPLINE_SURFACE (1, 2, ((#7986, #7987, #7988), (#7989, #7990, #7991)), .UNSPECIFIED., .F., .F., .U.)
   B_SPLINE_SURFACE_WITH_KNOTS ((2, 2), (3, 3), (0., 1.), (39.2843915343915, 40.2843915343915), .UNSPECIFIED.)
   GEOMETRIC_REPRESENTATION_ITEM ()
   RATIONAL_B_SPLINE_SURFACE (((1., 0.707106781186537, 1.), (1., 0.707106781186537, 1.)))
   REPRESENTATION_ITEM ('')
   SURFACE ()
);
#7993 = ADVANCED_FACE ('', (#7985), #7992, .T.);
#7994 = ORIENTED_EDGE ('', *, *, #4913, .T.);
#7995 = ORIENTED_EDGE ('', *, *, #7982, .F.);
#7996 = ORIENTED_EDGE ('', *, *, #2001, .F.);
#7997 = CARTESIAN_POINT ('', (-120.125, 60.5000000000001, 3.5));
#7998 = CARTESIAN_POINT ('', (-120.125, 60.5000000000001, 5.));
#7999 = B_SPLINE_CURVE_WITH_KNOTS ('', 1, (#7997, #7998), .UNSPECIFIED., .F., .U., (2, 2), (0., 1.), .UNSPECIFIED.);
#8000 = EDGE_CURVE ('', #1990, #4909, #7999, .T.);
#8001 = ORIENTED_EDGE ('', *, *, #8000, .T.);
#8002 = EDGE_LOOP ('', (#7994, #7995, #7996, #8001));
#8003 = FACE_OUTER_BOUND ('', #8002, .T.);
#8004 = CARTESIAN_POINT ('', (-120.125, 60.5000000000001, 3.5));
#8005 = CARTESIAN_POINT ('', (-117.25, 60.5, 3.5));
#8006 = CARTESIAN_POINT ('', (-120.125, 60.5000000000001, 5.));
#8007 = CARTESIAN_POINT ('', (-117.25, 60.5, 5.));
#8008 = B_SPLINE_SURFACE_WITH_KNOTS ('', 1, 1, ((#8004, #8005), (#8006, #8007)), .UNSPECIFIED., .F., .F., .U., (2, 2), (2, 2), (0., 1.), (36.1964285714286, 39.2843915343915), .UNSPECIFIED.);
#8009 = ADVANCED_FACE ('', (#8003), #8008, .T.);
#8010 = ORIENTED_EDGE ('', *, *, #4920, .T.);
#8011 = ORIENTED_EDGE ('', *, *, #8000, .F.);
#8012 = ORIENTED_EDGE ('', *, *, #1994, .F.);
#8013 = CARTESIAN_POINT ('', (-120.125, 59.9999999999999, 3.5));
#8014 = CARTESIAN_POINT ('', (-120.125, 59.9999999999999, 5.));
#8015 = B_SPLINE_CURVE_WITH_KNOTS ('', 1, (#8013, #8014), .UNSPECIFIED., .F., .U., (2, 2), (0., 1.), .UNSPECIFIED.);
#8016 = EDGE_CURVE ('', #1982, #4916, #8015, .T.);
#8017 = ORIENTED_EDGE ('', *, *, #8016, .T.);
#8018 = EDGE_LOOP ('', (#8010, #8011, #8012, #8017));
#8019 = FACE_OUTER_BOUND ('', #8018, .T.);
#8020 = CARTESIAN_POINT ('', (-120.125, 59.9999999999999, 3.5));
#8021 = CARTESIAN_POINT ('', (-120.125, 60.5000000000001, 3.5));
#8022 = CARTESIAN_POINT ('', (-120.125, 59.9999999999999, 5.));
#8023 = CARTESIAN_POINT ('', (-120.125, 60.5000000000001, 5.));
#8024 = B_SPLINE_SURFACE_WITH_KNOTS ('', 1, 1, ((#8020, #8021), (#8022, #8023)), .UNSPECIFIED., .F., .F., .U., (2, 2), (2, 2), (0., 1.), (35.6964285714284, 36.1964285714286), .UNSPECIFIED.);
#8025 = ADVANCED_FACE ('', (#8019), #8024, .T.);
#8026 = ORIENTED_EDGE ('', *, *, #4928, .T.);
#8027 = ORIENTED_EDGE ('', *, *, #8016, .F.);
#8028 = ORIENTED_EDGE ('', *, *, #1987, .F.);
#8029 = CARTESIAN_POINT ('', (-120.625, 59.5, 3.5));
#8030 = CARTESIAN_POINT ('', (-120.625, 59.5, 5.));
#8031 = B_SPLINE_CURVE_WITH_KNOTS ('', 1, (#8029, #8030), .UNSPECIFIED., .F., .U., (2, 2), (0., 1.), .UNSPECIFIED.);
#8032 = EDGE_CURVE ('', #1975, #4923, #8031, .T.);
#8033 = ORIENTED_EDGE ('', *, *, #8032, .T.);
#8034 = EDGE_LOOP ('', (#8026, #8027, #8028, #8033));
#8035 = FACE_OUTER_BOUND ('', #8034, .T.);
#8036 = CARTESIAN_POINT ('', (-120.625, 59.5, 3.5));
#8037 = CARTESIAN_POINT ('', (-120.125, 59.5, 3.5));
#8038 = CARTESIAN_POINT ('', (-120.125, 59.9999999999999, 3.5));
#8039 = CARTESIAN_POINT ('', (-120.625, 59.5, 5.));
#8040 = CARTESIAN_POINT ('', (-120.125, 59.5, 5.));
#8041 = CARTESIAN_POINT ('', (-120.125, 59.9999999999999, 5.));
#8042 = (
   BOUNDED_SURFACE ()
   B_SPLINE_SURFACE (1, 2, ((#8036, #8037, #8038), (#8039, #8040, #8041)), .UNSPECIFIED., .F., .F., .U.)
   B_SPLINE_SURFACE_WITH_KNOTS ((2, 2), (3, 3), (0., 1.), (34.6964285714284, 35.6964285714284), .UNSPECIFIED.)
   GEOMETRIC_REPRESENTATION_ITEM ()
   RATIONAL_B_SPLINE_SURFACE (((1., 0.707106781186608, 1.), (1., 0.707106781186608, 1.)))
   REPRESENTATION_ITEM ('')
   SURFACE ()
);
#8043 = ADVANCED_FACE ('', (#8035), #8042, .T.);
#8044 = ORIENTED_EDGE ('', *, *, #4935, .T.);
#8045 = ORIENTED_EDGE ('', *, *, #8032, .F.);
#8046 = ORIENTED_EDGE ('', *, *, #1979, .F.);
#8047 = CARTESIAN_POINT ('', (-126.625, 59.5, 3.5));
#8048 = CARTESIAN_POINT ('', (-126.625, 59.5, 5.));
#8049 = B_SPLINE_CURVE_WITH_KNOTS ('', 1, (#8047, #8048), .UNSPECIFIED., .F., .U., (2, 2), (0., 1.), .UNSPECIFIED.);
#8050 = EDGE_CURVE ('', #1967, #4931, #8049, .T.);
#8051 = ORIENTED_EDGE ('', *, *, #8050, .T.);
#8052 = EDGE_LOOP ('', (#8044, #8045, #8046, #8051));
#8053 = FACE_OUTER_BOUND ('', #8052, .T.);
#8054 = CARTESIAN_POINT ('', (-126.625, 59.5, 3.5));
#8055 = CARTESIAN_POINT ('', (-120.625, 59.5, 3.5));
#8056 = CARTESIAN_POINT ('', (-126.625, 59.5, 5.));
#8057 = CARTESIAN_POINT ('', (-120.625, 59.5, 5.));
#8058 = B_SPLINE_SURFACE_WITH_KNOTS ('', 1, 1, ((#8054, #8055), (#8056, #8057)), .UNSPECIFIED., .F., .F., .U., (2, 2), (2, 2), (0., 1.), (28.9107142857142, 34.6964285714284), .UNSPECIFIED.);
#8059 = ADVANCED_FACE ('', (#8053), #8058, .T.);
#8060 = ORIENTED_EDGE ('', *, *, #4943, .T.);
#8061 = ORIENTED_EDGE ('', *, *, #8050, .F.);
#8062 = ORIENTED_EDGE ('', *, *, #1972, .F.);
#8063 = CARTESIAN_POINT ('', (-127.125, 60., 3.5));
#8064 = CARTESIAN_POINT ('', (-127.125, 60., 5.));
#8065 = B_SPLINE_CURVE_WITH_KNOTS ('', 1, (#8063, #8064), .UNSPECIFIED., .F., .U., (2, 2), (0., 1.), .UNSPECIFIED.);
#8066 = EDGE_CURVE ('', #1960, #4938, #8065, .T.);
#8067 = ORIENTED_EDGE ('', *, *, #8066, .T.);
#8068 = EDGE_LOOP ('', (#8060, #8061, #8062, #8067));
#8069 = FACE_OUTER_BOUND ('', #8068, .T.);
#8070 = CARTESIAN_POINT ('', (-127.125, 60., 3.5));
#8071 = CARTESIAN_POINT ('', (-127.125, 59.5, 3.5));
#8072 = CARTESIAN_POINT ('', (-126.625, 59.5, 3.5));
#8073 = CARTESIAN_POINT ('', (-127.125, 60., 5.));
#8074 = CARTESIAN_POINT ('', (-127.125, 59.5, 5.));
#8075 = CARTESIAN_POINT ('', (-126.625, 59.5, 5.));
#8076 = (
   BOUNDED_SURFACE ()
   B_SPLINE_SURFACE (1, 2, ((#8070, #8071, #8072), (#8073, #8074, #8075)), .UNSPECIFIED., .F., .F., .U.)
   B_SPLINE_SURFACE_WITH_KNOTS ((2, 2), (3, 3), (0., 1.), (27.9107142857142, 28.9107142857142), .UNSPECIFIED.)
   GEOMETRIC_REPRESENTATION_ITEM ()
   RATIONAL_B_SPLINE_SURFACE (((1., 0.707106781186548, 1.), (1., 0.707106781186548, 1.)))
   REPRESENTATION_ITEM ('')
   SURFACE ()
);
#8077 = ADVANCED_FACE ('', (#8069), #8076, .T.);
#8078 = ORIENTED_EDGE ('', *, *, #4950, .T.);
#8079 = ORIENTED_EDGE ('', *, *, #8066, .F.);
#8080 = ORIENTED_EDGE ('', *, *, #1964, .F.);
#8081 = CARTESIAN_POINT ('', (-127.125, 60.5, 3.5));
#8082 = CARTESIAN_POINT ('', (-127.125, 60.5, 5.));
#8083 = B_SPLINE_CURVE_WITH_KNOTS ('', 1, (#8081, #8082), .UNSPECIFIED., .F., .U., (2, 2), (0., 1.), .UNSPECIFIED.);
#8084 = EDGE_CURVE ('', #1953, #4946, #8083, .T.);
#8085 = ORIENTED_EDGE ('', *, *, #8084, .T.);
#8086 = EDGE_LOOP ('', (#8078, #8079, #8080, #8085));
#8087 = FACE_OUTER_BOUND ('', #8086, .T.);
#8088 = CARTESIAN_POINT ('', (-127.125, 60.5, 3.5));
#8089 = CARTESIAN_POINT ('', (-127.125, 60., 3.5));
#8090 = CARTESIAN_POINT ('', (-127.125, 60.5, 5.));
#8091 = CARTESIAN_POINT ('', (-127.125, 60., 5.));
#8092 = B_SPLINE_SURFACE_WITH_KNOTS ('', 1, 1, ((#8088, #8089), (#8090, #8091)), .UNSPECIFIED., .F., .F., .U., (2, 2), (2, 2), (0., 1.), (27.4107142857142, 27.9107142857142), .UNSPECIFIED.);
#8093 = ADVANCED_FACE ('', (#8087), #8092, .T.);
#8094 = ORIENTED_EDGE ('', *, *, #4957, .T.);
#8095 = ORIENTED_EDGE ('', *, *, #8084, .F.);
#8096 = ORIENTED_EDGE ('', *, *, #1957, .F.);
#8097 = CARTESIAN_POINT ('', (-144.125, 60.5, 3.5));
#8098 = CARTESIAN_POINT ('', (-144.125, 60.5, 5.));
#8099 = B_SPLINE_CURVE_WITH_KNOTS ('', 1, (#8097, #8098), .UNSPECIFIED., .F., .U., (2, 2), (0., 1.), .UNSPECIFIED.);
#8100 = EDGE_CURVE ('', #1946, #4953, #8099, .T.);
#8101 = ORIENTED_EDGE ('', *, *, #8100, .T.);
#8102 = EDGE_LOOP ('', (#8094, #8095, #8096, #8101));
#8103 = FACE_OUTER_BOUND ('', #8102, .T.);
#8104 = CARTESIAN_POINT ('', (-144.125, 60.5, 3.5));
#8105 = CARTESIAN_POINT ('', (-127.125, 60.5, 3.5));
#8106 = CARTESIAN_POINT ('', (-144.125, 60.5, 5.));
#8107 = CARTESIAN_POINT ('', (-127.125, 60.5, 5.));
#8108 = B_SPLINE_SURFACE_WITH_KNOTS ('', 1, 1, ((#8104, #8105), (#8106, #8107)), .UNSPECIFIED., .F., .F., .U., (2, 2), (2, 2), (0., 1.), (10.4107142857142, 27.4107142857142), .UNSPECIFIED.);
#8109 = ADVANCED_FACE ('', (#8103), #8108, .T.);
#8110 = ORIENTED_EDGE ('', *, *, #4964, .T.);
#8111 = ORIENTED_EDGE ('', *, *, #8100, .F.);
#8112 = ORIENTED_EDGE ('', *, *, #1950, .F.);
#8113 = CARTESIAN_POINT ('', (-144.125, 60.0000000000001, 3.5));
#8114 = CARTESIAN_POINT ('', (-144.125, 60.0000000000001, 5.));
#8115 = B_SPLINE_CURVE_WITH_KNOTS ('', 1, (#8113, #8114), .UNSPECIFIED., .F., .U., (2, 2), (0., 1.), .UNSPECIFIED.);
#8116 = EDGE_CURVE ('', #1938, #4960, #8115, .T.);
#8117 = ORIENTED_EDGE ('', *, *, #8116, .T.);
#8118 = EDGE_LOOP ('', (#8110, #8111, #8112, #8117));
#8119 = FACE_OUTER_BOUND ('', #8118, .T.);
#8120 = CARTESIAN_POINT ('', (-144.125, 60.0000000000001, 3.5));
#8121 = CARTESIAN_POINT ('', (-144.125, 60.5, 3.5));
#8122 = CARTESIAN_POINT ('', (-144.125, 60.0000000000001, 5.));
#8123 = CARTESIAN_POINT ('', (-144.125, 60.5, 5.));
#8124 = B_SPLINE_SURFACE_WITH_KNOTS ('', 1, 1, ((#8120, #8121), (#8122, #8123)), .UNSPECIFIED., .F., .F., .U., (2, 2), (2, 2), (0., 1.), (9.91071428571433, 10.4107142857142), .UNSPECIFIED.);
#8125 = ADVANCED_FACE ('', (#8119), #8124, .T.);
#8126 = ORIENTED_EDGE ('', *, *, #4972, .T.);
#8127 = ORIENTED_EDGE ('', *, *, #8116, .F.);
#8128 = ORIENTED_EDGE ('', *, *, #1943, .F.);
#8129 = CARTESIAN_POINT ('', (-144.625, 59.5000000000001, 3.5));
#8130 = CARTESIAN_POINT ('', (-144.625, 59.5000000000001, 5.));
#8131 = B_SPLINE_CURVE_WITH_KNOTS ('', 1, (#8129, #8130), .UNSPECIFIED., .F., .U., (2, 2), (0., 1.), .UNSPECIFIED.);
#8132 = EDGE_CURVE ('', #1931, #4967, #8131, .T.);
#8133 = ORIENTED_EDGE ('', *, *, #8132, .T.);
#8134 = EDGE_LOOP ('', (#8126, #8127, #8128, #8133));
#8135 = FACE_OUTER_BOUND ('', #8134, .T.);
#8136 = CARTESIAN_POINT ('', (-144.625, 59.5000000000001, 3.5));
#8137 = CARTESIAN_POINT ('', (-144.125, 59.5, 3.5));
#8138 = CARTESIAN_POINT ('', (-144.125, 60.0000000000001, 3.5));
#8139 = CARTESIAN_POINT ('', (-144.625, 59.5000000000001, 5.));
#8140 = CARTESIAN_POINT ('', (-144.125, 59.5, 5.));
#8141 = CARTESIAN_POINT ('', (-144.125, 60.0000000000001, 5.));
#8142 = (
   BOUNDED_SURFACE ()
   B_SPLINE_SURFACE (1, 2, ((#8136, #8137, #8138), (#8139, #8140, #8141)), .UNSPECIFIED., .F., .F., .U.)
   B_SPLINE_SURFACE_WITH_KNOTS ((2, 2), (3, 3), (0., 1.), (8.91071428571433, 9.91071428571433), .UNSPECIFIED.)
   GEOMETRIC_REPRESENTATION_ITEM ()
   RATIONAL_B_SPLINE_SURFACE (((1., 0.707106781186487, 1.), (1., 0.707106781186487, 1.)))
   REPRESENTATION_ITEM ('')
   SURFACE ()
);
#8143 = ADVANCED_FACE ('', (#8135), #8142, .T.);
#8144 = ORIENTED_EDGE ('', *, *, #4979, .T.);
#8145 = ORIENTED_EDGE ('', *, *, #8132, .F.);
#8146 = ORIENTED_EDGE ('', *, *, #1935, .F.);
#8147 = CARTESIAN_POINT ('', (-150.625, 59.5, 3.5));
#8148 = CARTESIAN_POINT ('', (-150.625, 59.5, 5.));
#8149 = B_SPLINE_CURVE_WITH_KNOTS ('', 1, (#8147, #8148), .UNSPECIFIED., .F., .U., (2, 2), (0., 1.), .UNSPECIFIED.);
#8150 = EDGE_CURVE ('', #1923, #4975, #8149, .T.);
#8151 = ORIENTED_EDGE ('', *, *, #8150, .T.);
#8152 = EDGE_LOOP ('', (#8144, #8145, #8146, #8151));
#8153 = FACE_OUTER_BOUND ('', #8152, .T.);
#8154 = CARTESIAN_POINT ('', (-150.625, 59.5, 3.5));
#8155 = CARTESIAN_POINT ('', (-144.625, 59.5000000000001, 3.5));
#8156 = CARTESIAN_POINT ('', (-150.625, 59.5, 5.));
#8157 = CARTESIAN_POINT ('', (-144.625, 59.5000000000001, 5.));
#8158 = B_SPLINE_SURFACE_WITH_KNOTS ('', 1, 1, ((#8154, #8155), (#8156, #8157)), .UNSPECIFIED., .F., .F., .U., (2, 2), (2, 2), (0., 1.), (3.12500000000002, 8.91071428571433), .UNSPECIFIED.);
#8159 = ADVANCED_FACE ('', (#8153), #8158, .T.);
#8160 = ORIENTED_EDGE ('', *, *, #4987, .T.);
#8161 = ORIENTED_EDGE ('', *, *, #8150, .F.);
#8162 = ORIENTED_EDGE ('', *, *, #1928, .F.);
#8163 = CARTESIAN_POINT ('', (-151.125, 60., 3.5));
#8164 = CARTESIAN_POINT ('', (-151.125, 60., 5.));
#8165 = B_SPLINE_CURVE_WITH_KNOTS ('', 1, (#8163, #8164), .UNSPECIFIED., .F., .U., (2, 2), (0., 1.), .UNSPECIFIED.);
#8166 = EDGE_CURVE ('', #1916, #4982, #8165, .T.);
#8167 = ORIENTED_EDGE ('', *, *, #8166, .T.);
#8168 = EDGE_LOOP ('', (#8160, #8161, #8162, #8167));
#8169 = FACE_OUTER_BOUND ('', #8168, .T.);
#8170 = CARTESIAN_POINT ('', (-151.125, 60., 3.5));
#8171 = CARTESIAN_POINT ('', (-151.125, 59.5, 3.5));
#8172 = CARTESIAN_POINT ('', (-150.625, 59.5, 3.5));
#8173 = CARTESIAN_POINT ('', (-151.125, 60., 5.));
#8174 = CARTESIAN_POINT ('', (-151.125, 59.5, 5.));
#8175 = CARTESIAN_POINT ('', (-150.625, 59.5, 5.));
#8176 = (
   BOUNDED_SURFACE ()
   B_SPLINE_SURFACE (1, 2, ((#8170, #8171, #8172), (#8173, #8174, #8175)), .UNSPECIFIED., .F., .F., .U.)
   B_SPLINE_SURFACE_WITH_KNOTS ((2, 2), (3, 3), (0., 1.), (2.12500000000002, 3.12500000000002), .UNSPECIFIED.)
   GEOMETRIC_REPRESENTATION_ITEM ()
   RATIONAL_B_SPLINE_SURFACE (((1., 0.707106781186563, 1.), (1., 0.707106781186563, 1.)))
   REPRESENTATION_ITEM ('')
   SURFACE ()
);
#8177 = ADVANCED_FACE ('', (#8169), #8176, .T.);
#8178 = ORIENTED_EDGE ('', *, *, #4994, .T.);
#8179 = ORIENTED_EDGE ('', *, *, #8166, .F.);
#8180 = ORIENTED_EDGE ('', *, *, #1920, .F.);
#8181 = CARTESIAN_POINT ('', (-151.125, 60.5, 3.5));
#8182 = CARTESIAN_POINT ('', (-151.125, 60.5, 5.));
#8183 = B_SPLINE_CURVE_WITH_KNOTS ('', 1, (#8181, #8182), .UNSPECIFIED., .F., .U., (2, 2), (0., 1.), .UNSPECIFIED.);
#8184 = EDGE_CURVE ('', #1909, #4990, #8183, .T.);
#8185 = ORIENTED_EDGE ('', *, *, #8184, .T.);
#8186 = EDGE_LOOP ('', (#8178, #8179, #8180, #8185));
#8187 = FACE_OUTER_BOUND ('', #8186, .T.);
#8188 = CARTESIAN_POINT ('', (-151.125, 60.5, 3.5));
#8189 = CARTESIAN_POINT ('', (-151.125, 60., 3.5));
#8190 = CARTESIAN_POINT ('', (-151.125, 60.5, 5.));
#8191 = CARTESIAN_POINT ('', (-151.125, 60., 5.));
#8192 = B_SPLINE_SURFACE_WITH_KNOTS ('', 1, 1, ((#8188, #8189), (#8190, #8191)), .UNSPECIFIED., .F., .F., .U., (2, 2), (2, 2), (0., 1.), (1.625, 2.12500000000002), .UNSPECIFIED.);
#8193 = ADVANCED_FACE ('', (#8187), #8192, .T.);
#8194 = ORIENTED_EDGE ('', *, *, #5001, .T.);
#8195 = ORIENTED_EDGE ('', *, *, #8184, .F.);
#8196 = ORIENTED_EDGE ('', *, *, #1913, .F.);
#8197 = CARTESIAN_POINT ('', (-151.625, 60.5, 3.5));
#8198 = CARTESIAN_POINT ('', (-151.625, 60.5, 5.));
#8199 = B_SPLINE_CURVE_WITH_KNOTS ('', 1, (#8197, #8198), .UNSPECIFIED., .F., .U., (2, 2), (0., 1.), .UNSPECIFIED.);
#8200 = EDGE_CURVE ('', #1901, #4997, #8199, .T.);
#8201 = ORIENTED_EDGE ('', *, *, #8200, .T.);
#8202 = EDGE_LOOP ('', (#8194, #8195, #8196, #8201));
#8203 = FACE_OUTER_BOUND ('', #8202, .T.);
#8204 = CARTESIAN_POINT ('', (-151.625, 60.5, 3.5));
#8205 = CARTESIAN_POINT ('', (-151.125, 60.5, 3.5));
#8206 = CARTESIAN_POINT ('', (-151.625, 60.5, 5.));
#8207 = CARTESIAN_POINT ('', (-151.125, 60.5, 5.));
#8208 = B_SPLINE_SURFACE_WITH_KNOTS ('', 1, 1, ((#8204, #8205), (#8206, #8207)), .UNSPECIFIED., .F., .F., .U., (2, 2), (2, 2), (0., 1.), (1., 1.625), .UNSPECIFIED.);
#8209 = ADVANCED_FACE ('', (#8203), #8208, .T.);
#8210 = ORIENTED_EDGE ('', *, *, #5009, .T.);
#8211 = ORIENTED_EDGE ('', *, *, #8200, .F.);
#8212 = ORIENTED_EDGE ('', *, *, #1906, .F.);
#8213 = CARTESIAN_POINT ('', (-152.125, 61., 3.5));
#8214 = CARTESIAN_POINT ('', (-152.125, 61., 5.));
#8215 = B_SPLINE_CURVE_WITH_KNOTS ('', 1, (#8213, #8214), .UNSPECIFIED., .F., .U., (2, 2), (0., 1.), .UNSPECIFIED.);
#8216 = EDGE_CURVE ('', #1894, #5004, #8215, .T.);
#8217 = ORIENTED_EDGE ('', *, *, #8216, .T.);
#8218 = EDGE_LOOP ('', (#8210, #8211, #8212, #8217));
#8219 = FACE_OUTER_BOUND ('', #8218, .T.);
#8220 = CARTESIAN_POINT ('', (-152.125, 61., 3.5));
#8221 = CARTESIAN_POINT ('', (-152.125, 60.5, 3.5));
#8222 = CARTESIAN_POINT ('', (-151.625, 60.5, 3.5));
#8223 = CARTESIAN_POINT ('', (-152.125, 61., 5.));
#8224 = CARTESIAN_POINT ('', (-152.125, 60.5, 5.));
#8225 = CARTESIAN_POINT ('', (-151.625, 60.5, 5.));
#8226 = (
   BOUNDED_SURFACE ()
   B_SPLINE_SURFACE (1, 2, ((#8220, #8221, #8222), (#8223, #8224, #8225)), .UNSPECIFIED., .F., .F., .U.)
   B_SPLINE_SURFACE_WITH_KNOTS ((2, 2), (3, 3), (0., 1.), (0., 1.), .UNSPECIFIED.)
   GEOMETRIC_REPRESENTATION_ITEM ()
   RATIONAL_B_SPLINE_SURFACE (((1., 0.707106781186548, 1.), (1., 0.707106781186548, 1.)))
   REPRESENTATION_ITEM ('')
   SURFACE ()
);
#8227 = ADVANCED_FACE ('', (#8219), #8226, .T.);
#8228 = ORIENTED_EDGE ('', *, *, #5016, .T.);
#8229 = ORIENTED_EDGE ('', *, *, #8216, .F.);
#8230 = ORIENTED_EDGE ('', *, *, #1898, .F.);
#8231 = CARTESIAN_POINT ('', (-152.125, 74., 3.5));
#8232 = CARTESIAN_POINT ('', (-152.125, 74., 5.));
#8233 = B_SPLINE_CURVE_WITH_KNOTS ('', 1, (#8231, #8232), .UNSPECIFIED., .F., .U., (2, 2), (0., 1.), .UNSPECIFIED.);
#8234 = EDGE_CURVE ('', #1886, #5012, #8233, .T.);
#8235 = ORIENTED_EDGE ('', *, *, #8234, .T.);
#8236 = EDGE_LOOP ('', (#8228, #8229, #8230, #8235));
#8237 = FACE_OUTER_BOUND ('', #8236, .T.);
#8238 = CARTESIAN_POINT ('', (-152.125, 74., 3.5));
#8239 = CARTESIAN_POINT ('', (-152.125, 61., 3.5));
#8240 = CARTESIAN_POINT ('', (-152.125, 74., 5.));
#8241 = CARTESIAN_POINT ('', (-152.125, 61., 5.));
#8242 = B_SPLINE_SURFACE_WITH_KNOTS ('', 1, 1, ((#8238, #8239), (#8240, #8241)), .UNSPECIFIED., .F., .F., .U., (2, 2), (2, 2), (0., 1.), (89.6593915343915, 102.659391534391), .UNSPECIFIED.);
#8243 = ADVANCED_FACE ('', (#8237), #8242, .T.);
#8244 = ORIENTED_EDGE ('', *, *, #5022, .T.);
#8245 = ORIENTED_EDGE ('', *, *, #8234, .F.);
#8246 = ORIENTED_EDGE ('', *, *, #1891, .F.);
#8247 = ORIENTED_EDGE ('', *, *, #7926, .T.);
#8248 = EDGE_LOOP ('', (#8244, #8245, #8246, #8247));
#8249 = FACE_OUTER_BOUND ('', #8248, .T.);
#8250 = CARTESIAN_POINT ('', (-151.625, 74.5, 3.5));
#8251 = CARTESIAN_POINT ('', (-152.125, 74.5, 3.5));
#8252 = CARTESIAN_POINT ('', (-152.125, 74., 3.5));
#8253 = CARTESIAN_POINT ('', (-151.625, 74.5, 5.));
#8254 = CARTESIAN_POINT ('', (-152.125, 74.5, 5.));
#8255 = CARTESIAN_POINT ('', (-152.125, 74., 5.));
#8256 = (
   BOUNDED_SURFACE ()
   B_SPLINE_SURFACE (1, 2, ((#8250, #8251, #8252), (#8253, #8254, #8255)), .UNSPECIFIED., .F., .F., .U.)
   B_SPLINE_SURFACE_WITH_KNOTS ((2, 2), (3, 3), (0., 1.), (88.6593915343915, 89.6593915343915), .UNSPECIFIED.)
   GEOMETRIC_REPRESENTATION_ITEM ()
   RATIONAL_B_SPLINE_SURFACE (((1., 0.707106781186548, 1.), (1., 0.707106781186548, 1.)))
   REPRESENTATION_ITEM ('')
   SURFACE ()
);
#8257 = ADVANCED_FACE ('', (#8249), #8256, .T.);
#8258 = ORIENTED_EDGE ('', *, *, #4821, .T.);
#8259 = CARTESIAN_POINT ('', (-98.25, 60.5, 3.5));
#8260 = CARTESIAN_POINT ('', (-98.25, 60.5, 5.));
#8261 = B_SPLINE_CURVE_WITH_KNOTS ('', 1, (#8259, #8260), .UNSPECIFIED., .F., .U., (2, 2), (0., 1.), .UNSPECIFIED.);
#8262 = EDGE_CURVE ('', #1817, #4817, #8261, .T.);
#8263 = ORIENTED_EDGE ('', *, *, #8262, .F.);
#8264 = ORIENTED_EDGE ('', *, *, #1821, .F.);
#8265 = CARTESIAN_POINT ('', (-111.25, 60.5, 3.5));
#8266 = CARTESIAN_POINT ('', (-111.25, 60.5, 5.));
#8267 = B_SPLINE_CURVE_WITH_KNOTS ('', 1, (#8265, #8266), .UNSPECIFIED., .F., .U., (2, 2), (0., 1.), .UNSPECIFIED.);
#8268 = EDGE_CURVE ('', #1815, #4815, #8267, .T.);
#8269 = ORIENTED_EDGE ('', *, *, #8268, .T.);
#8270 = EDGE_LOOP ('', (#8258, #8263, #8264, #8269));
#8271 = FACE_OUTER_BOUND ('', #8270, .T.);
#8272 = CARTESIAN_POINT ('', (-111.25, 60.5, 3.5));
#8273 = CARTESIAN_POINT ('', (-98.25, 60.5, 3.5));
#8274 = CARTESIAN_POINT ('', (-111.25, 60.5, 5.));
#8275 = CARTESIAN_POINT ('', (-98.25, 60.5, 5.));
#8276 = B_SPLINE_SURFACE_WITH_KNOTS ('', 1, 1, ((#8272, #8273), (#8274, #8275)), .UNSPECIFIED., .F., .F., .U., (2, 2), (2, 2), (0., 1.), (1., 14.), .UNSPECIFIED.);
#8277 = ADVANCED_FACE ('', (#8271), #8276, .T.);
#8278 = ORIENTED_EDGE ('', *, *, #4829, .T.);
#8279 = ORIENTED_EDGE ('', *, *, #8268, .F.);
#8280 = ORIENTED_EDGE ('', *, *, #1872, .F.);
#8281 = CARTESIAN_POINT ('', (-111.75, 61., 3.5));
#8282 = CARTESIAN_POINT ('', (-111.75, 61., 5.));
#8283 = B_SPLINE_CURVE_WITH_KNOTS ('', 1, (#8281, #8282), .UNSPECIFIED., .F., .U., (2, 2), (0., 1.), .UNSPECIFIED.);
#8284 = EDGE_CURVE ('', #1862, #4824, #8283, .T.);
#8285 = ORIENTED_EDGE ('', *, *, #8284, .T.);
#8286 = EDGE_LOOP ('', (#8278, #8279, #8280, #8285));
#8287 = FACE_OUTER_BOUND ('', #8286, .T.);
#8288 = CARTESIAN_POINT ('', (-111.75, 61., 3.5));
#8289 = CARTESIAN_POINT ('', (-111.75, 60.5, 3.5));
#8290 = CARTESIAN_POINT ('', (-111.25, 60.5, 3.5));
#8291 = CARTESIAN_POINT ('', (-111.75, 61., 5.));
#8292 = CARTESIAN_POINT ('', (-111.75, 60.5, 5.));
#8293 = CARTESIAN_POINT ('', (-111.25, 60.5, 5.));
#8294 = (
   BOUNDED_SURFACE ()
   B_SPLINE_SURFACE (1, 2, ((#8288, #8289, #8290), (#8291, #8292, #8293)), .UNSPECIFIED., .F., .F., .U.)
   B_SPLINE_SURFACE_WITH_KNOTS ((2, 2), (3, 3), (0., 1.), (0., 1.), .UNSPECIFIED.)
   GEOMETRIC_REPRESENTATION_ITEM ()
   RATIONAL_B_SPLINE_SURFACE (((1., 0.707106781186553, 1.), (1., 0.707106781186553, 1.)))
   REPRESENTATION_ITEM ('')
   SURFACE ()
);
#8295 = ADVANCED_FACE ('', (#8287), #8294, .T.);
#8296 = ORIENTED_EDGE ('', *, *, #4836, .T.);
#8297 = ORIENTED_EDGE ('', *, *, #8284, .F.);
#8298 = ORIENTED_EDGE ('', *, *, #1866, .F.);
#8299 = CARTESIAN_POINT ('', (-111.75, 74., 3.5));
#8300 = CARTESIAN_POINT ('', (-111.75, 74., 5.));
#8301 = B_SPLINE_CURVE_WITH_KNOTS ('', 1, (#8299, #8300), .UNSPECIFIED., .F., .U., (2, 2), (0., 1.), .UNSPECIFIED.);
#8302 = EDGE_CURVE ('', #1854, #4832, #8301, .T.);
#8303 = ORIENTED_EDGE ('', *, *, #8302, .T.);
#8304 = EDGE_LOOP ('', (#8296, #8297, #8298, #8303));
#8305 = FACE_OUTER_BOUND ('', #8304, .T.);
#8306 = CARTESIAN_POINT ('', (-111.75, 74., 3.5));
#8307 = CARTESIAN_POINT ('', (-111.75, 61., 3.5));
#8308 = CARTESIAN_POINT ('', (-111.75, 74., 5.));
#8309 = CARTESIAN_POINT ('', (-111.75, 61., 5.));
#8310 = B_SPLINE_SURFACE_WITH_KNOTS ('', 1, 1, ((#8306, #8307), (#8308, #8309)), .UNSPECIFIED., .F., .F., .U., (2, 2), (2, 2), (0., 1.), (43., 56.), .UNSPECIFIED.);
#8311 = ADVANCED_FACE ('', (#8305), #8310, .T.);
#8312 = ORIENTED_EDGE ('', *, *, #4844, .T.);
#8313 = ORIENTED_EDGE ('', *, *, #8302, .F.);
#8314 = ORIENTED_EDGE ('', *, *, #1859, .F.);
#8315 = CARTESIAN_POINT ('', (-111.25, 74.5, 3.5));
#8316 = CARTESIAN_POINT ('', (-111.25, 74.5, 5.));
#8317 = B_SPLINE_CURVE_WITH_KNOTS ('', 1, (#8315, #8316), .UNSPECIFIED., .F., .U., (2, 2), (0., 1.), .UNSPECIFIED.);
#8318 = EDGE_CURVE ('', #1847, #4839, #8317, .T.);
#8319 = ORIENTED_EDGE ('', *, *, #8318, .T.);
#8320 = EDGE_LOOP ('', (#8312, #8313, #8314, #8319));
#8321 = FACE_OUTER_BOUND ('', #8320, .T.);
#8322 = CARTESIAN_POINT ('', (-111.25, 74.5, 3.5));
#8323 = CARTESIAN_POINT ('', (-111.75, 74.5, 3.5));
#8324 = CARTESIAN_POINT ('', (-111.75, 74., 3.5));
#8325 = CARTESIAN_POINT ('', (-111.25, 74.5, 5.));
#8326 = CARTESIAN_POINT ('', (-111.75, 74.5, 5.));
#8327 = CARTESIAN_POINT ('', (-111.75, 74., 5.));
#8328 = (
   BOUNDED_SURFACE ()
   B_SPLINE_SURFACE (1, 2, ((#8322, #8323, #8324), (#8325, #8326, #8327)), .UNSPECIFIED., .F., .F., .U.)
   B_SPLINE_SURFACE_WITH_KNOTS ((2, 2), (3, 3), (0., 1.), (42., 43.), .UNSPECIFIED.)
   GEOMETRIC_REPRESENTATION_ITEM ()
   RATIONAL_B_SPLINE_SURFACE (((1., 0.707106781186558, 1.), (1., 0.707106781186558, 1.)))
   REPRESENTATION_ITEM ('')
   SURFACE ()
);
#8329 = ADVANCED_FACE ('', (#8321), #8328, .T.);
#8330 = ORIENTED_EDGE ('', *, *, #4851, .T.);
#8331 = ORIENTED_EDGE ('', *, *, #8318, .F.);
#8332 = ORIENTED_EDGE ('', *, *, #1851, .F.);
#8333 = CARTESIAN_POINT ('', (-98.25, 74.5, 3.5));
#8334 = CARTESIAN_POINT ('', (-98.25, 74.5, 5.));
#8335 = B_SPLINE_CURVE_WITH_KNOTS ('', 1, (#8333, #8334), .UNSPECIFIED., .F., .U., (2, 2), (0., 1.), .UNSPECIFIED.);
#8336 = EDGE_CURVE ('', #1839, #4847, #8335, .T.);
#8337 = ORIENTED_EDGE ('', *, *, #8336, .T.);
#8338 = EDGE_LOOP ('', (#8330, #8331, #8332, #8337));
#8339 = FACE_OUTER_BOUND ('', #8338, .T.);
#8340 = CARTESIAN_POINT ('', (-98.25, 74.5, 3.5));
#8341 = CARTESIAN_POINT ('', (-111.25, 74.5, 3.5));
#8342 = CARTESIAN_POINT ('', (-98.25, 74.5, 5.));
#8343 = CARTESIAN_POINT ('', (-111.25, 74.5, 5.));
#8344 = B_SPLINE_SURFACE_WITH_KNOTS ('', 1, 1, ((#8340, #8341), (#8342, #8343)), .UNSPECIFIED., .F., .F., .U., (2, 2), (2, 2), (0., 1.), (29., 42.), .UNSPECIFIED.);
#8345 = ADVANCED_FACE ('', (#8339), #8344, .T.);
#8346 = ORIENTED_EDGE ('', *, *, #4859, .T.);
#8347 = ORIENTED_EDGE ('', *, *, #8336, .F.);
#8348 = ORIENTED_EDGE ('', *, *, #1844, .F.);
#8349 = CARTESIAN_POINT ('', (-97.75, 74., 3.5));
#8350 = CARTESIAN_POINT ('', (-97.75, 74., 5.));
#8351 = B_SPLINE_CURVE_WITH_KNOTS ('', 1, (#8349, #8350), .UNSPECIFIED., .F., .U., (2, 2), (0., 1.), .UNSPECIFIED.);
#8352 = EDGE_CURVE ('', #1832, #4854, #8351, .T.);
#8353 = ORIENTED_EDGE ('', *, *, #8352, .T.);
#8354 = EDGE_LOOP ('', (#8346, #8347, #8348, #8353));
#8355 = FACE_OUTER_BOUND ('', #8354, .T.);
#8356 = CARTESIAN_POINT ('', (-97.75, 74., 3.5));
#8357 = CARTESIAN_POINT ('', (-97.75, 74.5, 3.5));
#8358 = CARTESIAN_POINT ('', (-98.25, 74.5, 3.5));
#8359 = CARTESIAN_POINT ('', (-97.75, 74., 5.));
#8360 = CARTESIAN_POINT ('', (-97.75, 74.5, 5.));
#8361 = CARTESIAN_POINT ('', (-98.25, 74.5, 5.));
#8362 = (
   BOUNDED_SURFACE ()
   B_SPLINE_SURFACE (1, 2, ((#8356, #8357, #8358), (#8359, #8360, #8361)), .UNSPECIFIED., .F., .F., .U.)
   B_SPLINE_SURFACE_WITH_KNOTS ((2, 2), (3, 3), (0., 1.), (28., 29.), .UNSPECIFIED.)
   GEOMETRIC_REPRESENTATION_ITEM ()
   RATIONAL_B_SPLINE_SURFACE (((1., 0.707106781186537, 1.), (1., 0.707106781186537, 1.)))
   REPRESENTATION_ITEM ('')
   SURFACE ()
);
#8363 = ADVANCED_FACE ('', (#8355), #8362, .T.);
#8364 = ORIENTED_EDGE ('', *, *, #4866, .T.);
#8365 = ORIENTED_EDGE ('', *, *, #8352, .F.);
#8366 = ORIENTED_EDGE ('', *, *, #1836, .F.);
#8367 = CARTESIAN_POINT ('', (-97.75, 61., 3.5));
#8368 = CARTESIAN_POINT ('', (-97.75, 61., 5.));
#8369 = B_SPLINE_CURVE_WITH_KNOTS ('', 1, (#8367, #8368), .UNSPECIFIED., .F., .U., (2, 2), (0., 1.), .UNSPECIFIED.);
#8370 = EDGE_CURVE ('', #1824, #4862, #8369, .T.);
#8371 = ORIENTED_EDGE ('', *, *, #8370, .T.);
#8372 = EDGE_LOOP ('', (#8364, #8365, #8366, #8371));
#8373 = FACE_OUTER_BOUND ('', #8372, .T.);
#8374 = CARTESIAN_POINT ('', (-97.75, 61., 3.5));
#8375 = CARTESIAN_POINT ('', (-97.75, 74., 3.5));
#8376 = CARTESIAN_POINT ('', (-97.75, 61., 5.));
#8377 = CARTESIAN_POINT ('', (-97.75, 74., 5.));
#8378 = B_SPLINE_SURFACE_WITH_KNOTS ('', 1, 1, ((#8374, #8375), (#8376, #8377)), .UNSPECIFIED., .F., .F., .U., (2, 2), (2, 2), (0., 1.), (15., 28.), .UNSPECIFIED.);
#8379 = ADVANCED_FACE ('', (#8373), #8378, .T.);
#8380 = ORIENTED_EDGE ('', *, *, #4872, .T.);
#8381 = ORIENTED_EDGE ('', *, *, #8370, .F.);
#8382 = ORIENTED_EDGE ('', *, *, #1829, .F.);
#8383 = ORIENTED_EDGE ('', *, *, #8262, .T.);
#8384 = EDGE_LOOP ('', (#8380, #8381, #8382, #8383));
#8385 = FACE_OUTER_BOUND ('', #8384, .T.);
#8386 = CARTESIAN_POINT ('', (-98.25, 60.5, 3.5));
#8387 = CARTESIAN_POINT ('', (-97.75, 60.5, 3.5));
#8388 = CARTESIAN_POINT ('', (-97.75, 61., 3.5));
#8389 = CARTESIAN_POINT ('', (-98.25, 60.5, 5.));
#8390 = CARTESIAN_POINT ('', (-97.75, 60.5, 5.));
#8391 = CARTESIAN_POINT ('', (-97.75, 61., 5.));
#8392 = (
   BOUNDED_SURFACE ()
   B_SPLINE_SURFACE (1, 2, ((#8386, #8387, #8388), (#8389, #8390, #8391)), .UNSPECIFIED., .F., .F., .U.)
   B_SPLINE_SURFACE_WITH_KNOTS ((2, 2), (3, 3), (0., 1.), (14., 15.), .UNSPECIFIED.)
   GEOMETRIC_REPRESENTATION_ITEM ()
   RATIONAL_B_SPLINE_SURFACE (((1., 0.707106781186532, 1.), (1., 0.707106781186532, 1.)))
   REPRESENTATION_ITEM ('')
   SURFACE ()
);
#8393 = ADVANCED_FACE ('', (#8385), #8392, .T.);
#8394 = ORIENTED_EDGE ('', *, *, #4759, .T.);
#8395 = CARTESIAN_POINT ('', (-79.4387214385462, 60.0835675522451, 3.5));
#8396 = CARTESIAN_POINT ('', (-79.4387214385462, 60.0835675522451, 5.));
#8397 = B_SPLINE_CURVE_WITH_KNOTS ('', 1, (#8395, #8396), .UNSPECIFIED., .F., .U., (2, 2), (0., 1.), .UNSPECIFIED.);
#8398 = EDGE_CURVE ('', #1755, #4755, #8397, .T.);
#8399 = ORIENTED_EDGE ('', *, *, #8398, .F.);
#8400 = ORIENTED_EDGE ('', *, *, #1759, .F.);
#8401 = CARTESIAN_POINT ('', (-92.4342666632285, 60.4238678802475, 3.5));
#8402 = CARTESIAN_POINT ('', (-92.4342666632285, 60.4238678802475, 5.));
#8403 = B_SPLINE_CURVE_WITH_KNOTS ('', 1, (#8401, #8402), .UNSPECIFIED., .F., .U., (2, 2), (0., 1.), .UNSPECIFIED.);
#8404 = EDGE_CURVE ('', #1753, #4753, #8403, .T.);
#8405 = ORIENTED_EDGE ('', *, *, #8404, .T.);
#8406 = EDGE_LOOP ('', (#8394, #8399, #8400, #8405));
#8407 = FACE_OUTER_BOUND ('', #8406, .T.);
#8408 = CARTESIAN_POINT ('', (-92.4342666632285, 60.4238678802475, 3.5));
#8409 = CARTESIAN_POINT ('', (-79.4387214385462, 60.0835675522451, 3.5));
#8410 = CARTESIAN_POINT ('', (-92.4342666632285, 60.4238678802475, 5.));
#8411 = CARTESIAN_POINT ('', (-79.4387214385462, 60.0835675522451, 5.));
#8412 = B_SPLINE_SURFACE_WITH_KNOTS ('', 1, 1, ((#8408, #8409), (#8410, #8411)), .UNSPECIFIED., .F., .F., .U., (2, 2), (2, 2), (0., 1.), (1., 14.), .UNSPECIFIED.);
#8413 = ADVANCED_FACE ('', (#8407), #8412, .T.);
#8414 = ORIENTED_EDGE ('', *, *, #4767, .T.);
#8415 = ORIENTED_EDGE ('', *, *, #8404, .F.);
#8416 = ORIENTED_EDGE ('', *, *, #1810, .F.);
#8417 = CARTESIAN_POINT ('', (-92.9210068515623, 60.9367850168892, 3.5));
#8418 = CARTESIAN_POINT ('', (-92.9210068515623, 60.9367850168892, 5.));
#8419 = B_SPLINE_CURVE_WITH_KNOTS ('', 1, (#8417, #8418), .UNSPECIFIED., .F., .U., (2, 2), (0., 1.), .UNSPECIFIED.);
#8420 = EDGE_CURVE ('', #1800, #4762, #8419, .T.);
#8421 = ORIENTED_EDGE ('', *, *, #8420, .T.);
#8422 = EDGE_LOOP ('', (#8414, #8415, #8416, #8421));
#8423 = FACE_OUTER_BOUND ('', #8422, .T.);
#8424 = CARTESIAN_POINT ('', (-92.9210068515623, 60.9367850168892, 3.5));
#8425 = CARTESIAN_POINT ('', (-92.9340953257162, 60.4369563544014, 3.5));
#8426 = CARTESIAN_POINT ('', (-92.4342666632285, 60.4238678802475, 3.5));
#8427 = CARTESIAN_POINT ('', (-92.9210068515623, 60.9367850168892, 5.));
#8428 = CARTESIAN_POINT ('', (-92.9340953257162, 60.4369563544014, 5.));
#8429 = CARTESIAN_POINT ('', (-92.4342666632285, 60.4238678802475, 5.));
#8430 = (
   BOUNDED_SURFACE ()
   B_SPLINE_SURFACE (1, 2, ((#8424, #8425, #8426), (#8427, #8428, #8429)), .UNSPECIFIED., .F., .F., .U.)
   B_SPLINE_SURFACE_WITH_KNOTS ((2, 2), (3, 3), (0., 1.), (0., 1.), .UNSPECIFIED.)
   GEOMETRIC_REPRESENTATION_ITEM ()
   RATIONAL_B_SPLINE_SURFACE (((1., 0.707106781186548, 1.), (1., 0.707106781186548, 1.)))
   REPRESENTATION_ITEM ('')
   SURFACE ()
);
#8431 = ADVANCED_FACE ('', (#8423), #8430, .T.);
#8432 = ORIENTED_EDGE ('', *, *, #4774, .T.);
#8433 = ORIENTED_EDGE ('', *, *, #8420, .F.);
#8434 = ORIENTED_EDGE ('', *, *, #1804, .F.);
#8435 = CARTESIAN_POINT ('', (-92.5807065235599, 73.9323302415714, 3.5));
#8436 = CARTESIAN_POINT ('', (-92.5807065235599, 73.9323302415714, 5.));
#8437 = B_SPLINE_CURVE_WITH_KNOTS ('', 1, (#8435, #8436), .UNSPECIFIED., .F., .U., (2, 2), (0., 1.), .UNSPECIFIED.);
#8438 = EDGE_CURVE ('', #1792, #4770, #8437, .T.);
#8439 = ORIENTED_EDGE ('', *, *, #8438, .T.);
#8440 = EDGE_LOOP ('', (#8432, #8433, #8434, #8439));
#8441 = FACE_OUTER_BOUND ('', #8440, .T.);
#8442 = CARTESIAN_POINT ('', (-92.5807065235599, 73.9323302415714, 3.5));
#8443 = CARTESIAN_POINT ('', (-92.9210068515623, 60.9367850168892, 3.5));
#8444 = CARTESIAN_POINT ('', (-92.5807065235599, 73.9323302415714, 5.));
#8445 = CARTESIAN_POINT ('', (-92.9210068515623, 60.9367850168892, 5.));
#8446 = B_SPLINE_SURFACE_WITH_KNOTS ('', 1, 1, ((#8442, #8443), (#8444, #8445)), .UNSPECIFIED., .F., .F., .U., (2, 2), (2, 2), (0., 1.), (43., 56.0000000000001), .UNSPECIFIED.);
#8447 = ADVANCED_FACE ('', (#8441), #8446, .T.);
#8448 = ORIENTED_EDGE ('', *, *, #4782, .T.);
#8449 = ORIENTED_EDGE ('', *, *, #8438, .F.);
#8450 = ORIENTED_EDGE ('', *, *, #1797, .F.);
#8451 = CARTESIAN_POINT ('', (-92.0677893869182, 74.4190704299053, 3.5));
#8452 = CARTESIAN_POINT ('', (-92.0677893869182, 74.4190704299053, 5.));
#8453 = B_SPLINE_CURVE_WITH_KNOTS ('', 1, (#8451, #8452), .UNSPECIFIED., .F., .U., (2, 2), (0., 1.), .UNSPECIFIED.);
#8454 = EDGE_CURVE ('', #1785, #4777, #8453, .T.);
#8455 = ORIENTED_EDGE ('', *, *, #8454, .T.);
#8456 = EDGE_LOOP ('', (#8448, #8449, #8450, #8455));
#8457 = FACE_OUTER_BOUND ('', #8456, .T.);
#8458 = CARTESIAN_POINT ('', (-92.0677893869182, 74.4190704299053, 3.5));
#8459 = CARTESIAN_POINT ('', (-92.567618049406, 74.4321589040592, 3.5));
#8460 = CARTESIAN_POINT ('', (-92.5807065235599, 73.9323302415714, 3.5));
#8461 = CARTESIAN_POINT ('', (-92.0677893869182, 74.4190704299053, 5.));
#8462 = CARTESIAN_POINT ('', (-92.567618049406, 74.4321589040592, 5.));
#8463 = CARTESIAN_POINT ('', (-92.5807065235599, 73.9323302415714, 5.));
#8464 = (
   BOUNDED_SURFACE ()
   B_SPLINE_SURFACE (1, 2, ((#8458, #8459, #8460), (#8461, #8462, #8463)), .UNSPECIFIED., .F., .F., .U.)
   B_SPLINE_SURFACE_WITH_KNOTS ((2, 2), (3, 3), (0., 1.), (42., 43.), .UNSPECIFIED.)
   GEOMETRIC_REPRESENTATION_ITEM ()
   RATIONAL_B_SPLINE_SURFACE (((1., 0.707106781186548, 1.), (1., 0.707106781186548, 1.)))
   REPRESENTATION_ITEM ('')
   SURFACE ()
);
#8465 = ADVANCED_FACE ('', (#8457), #8464, .T.);
#8466 = ORIENTED_EDGE ('', *, *, #4789, .T.);
#8467 = ORIENTED_EDGE ('', *, *, #8454, .F.);
#8468 = ORIENTED_EDGE ('', *, *, #1789, .F.);
#8469 = CARTESIAN_POINT ('', (-79.072244162236, 74.0787701019029, 3.5));
#8470 = CARTESIAN_POINT ('', (-79.072244162236, 74.0787701019029, 5.));
#8471 = B_SPLINE_CURVE_WITH_KNOTS ('', 1, (#8469, #8470), .UNSPECIFIED., .F., .U., (2, 2), (0., 1.), .UNSPECIFIED.);
#8472 = EDGE_CURVE ('', #1777, #4785, #8471, .T.);
#8473 = ORIENTED_EDGE ('', *, *, #8472, .T.);
#8474 = EDGE_LOOP ('', (#8466, #8467, #8468, #8473));
#8475 = FACE_OUTER_BOUND ('', #8474, .T.);
#8476 = CARTESIAN_POINT ('', (-79.072244162236, 74.0787701019029, 3.5));
#8477 = CARTESIAN_POINT ('', (-92.0677893869182, 74.4190704299053, 3.5));
#8478 = CARTESIAN_POINT ('', (-79.072244162236, 74.0787701019029, 5.));
#8479 = CARTESIAN_POINT ('', (-92.0677893869182, 74.4190704299053, 5.));
#8480 = B_SPLINE_SURFACE_WITH_KNOTS ('', 1, 1, ((#8476, #8477), (#8478, #8479)), .UNSPECIFIED., .F., .F., .U., (2, 2), (2, 2), (0., 1.), (29., 42.), .UNSPECIFIED.);
#8481 = ADVANCED_FACE ('', (#8475), #8480, .T.);
#8482 = ORIENTED_EDGE ('', *, *, #4797, .T.);
#8483 = ORIENTED_EDGE ('', *, *, #8472, .F.);
#8484 = ORIENTED_EDGE ('', *, *, #1782, .F.);
#8485 = CARTESIAN_POINT ('', (-78.5855039739021, 73.5658529652612, 3.5));
#8486 = CARTESIAN_POINT ('', (-78.5855039739021, 73.5658529652612, 5.));
#8487 = B_SPLINE_CURVE_WITH_KNOTS ('', 1, (#8485, #8486), .UNSPECIFIED., .F., .U., (2, 2), (0., 1.), .UNSPECIFIED.);
#8488 = EDGE_CURVE ('', #1770, #4792, #8487, .T.);
#8489 = ORIENTED_EDGE ('', *, *, #8488, .T.);
#8490 = EDGE_LOOP ('', (#8482, #8483, #8484, #8489));
#8491 = FACE_OUTER_BOUND ('', #8490, .T.);
#8492 = CARTESIAN_POINT ('', (-78.5855039739021, 73.5658529652612, 3.5));
#8493 = CARTESIAN_POINT ('', (-78.5724154997482, 74.065681627749, 3.5));
#8494 = CARTESIAN_POINT ('', (-79.072244162236, 74.0787701019029, 3.5));
#8495 = CARTESIAN_POINT ('', (-78.5855039739021, 73.5658529652612, 5.));
#8496 = CARTESIAN_POINT ('', (-78.5724154997482, 74.065681627749, 5.));
#8497 = CARTESIAN_POINT ('', (-79.072244162236, 74.0787701019029, 5.));
#8498 = (
   BOUNDED_SURFACE ()
   B_SPLINE_SURFACE (1, 2, ((#8492, #8493, #8494), (#8495, #8496, #8497)), .UNSPECIFIED., .F., .F., .U.)
   B_SPLINE_SURFACE_WITH_KNOTS ((2, 2), (3, 3), (0., 1.), (28., 29.), .UNSPECIFIED.)
   GEOMETRIC_REPRESENTATION_ITEM ()
   RATIONAL_B_SPLINE_SURFACE (((1., 0.707106781186537, 1.), (1., 0.707106781186537, 1.)))
   REPRESENTATION_ITEM ('')
   SURFACE ()
);
#8499 = ADVANCED_FACE ('', (#8491), #8498, .T.);
#8500 = ORIENTED_EDGE ('', *, *, #4804, .T.);
#8501 = ORIENTED_EDGE ('', *, *, #8488, .F.);
#8502 = ORIENTED_EDGE ('', *, *, #1774, .F.);
#8503 = CARTESIAN_POINT ('', (-78.9258043019045, 60.570307740579, 3.5));
#8504 = CARTESIAN_POINT ('', (-78.9258043019045, 60.570307740579, 5.));
#8505 = B_SPLINE_CURVE_WITH_KNOTS ('', 1, (#8503, #8504), .UNSPECIFIED., .F., .U., (2, 2), (0., 1.), .UNSPECIFIED.);
#8506 = EDGE_CURVE ('', #1762, #4800, #8505, .T.);
#8507 = ORIENTED_EDGE ('', *, *, #8506, .T.);
#8508 = EDGE_LOOP ('', (#8500, #8501, #8502, #8507));
#8509 = FACE_OUTER_BOUND ('', #8508, .T.);
#8510 = CARTESIAN_POINT ('', (-78.9258043019045, 60.570307740579, 3.5));
#8511 = CARTESIAN_POINT ('', (-78.5855039739021, 73.5658529652612, 3.5));
#8512 = CARTESIAN_POINT ('', (-78.9258043019045, 60.570307740579, 5.));
#8513 = CARTESIAN_POINT ('', (-78.5855039739021, 73.5658529652612, 5.));
#8514 = B_SPLINE_SURFACE_WITH_KNOTS ('', 1, 1, ((#8510, #8511), (#8512, #8513)), .UNSPECIFIED., .F., .F., .U., (2, 2), (2, 2), (0., 1.), (15., 28.), .UNSPECIFIED.);
#8515 = ADVANCED_FACE ('', (#8509), #8514, .T.);
#8516 = ORIENTED_EDGE ('', *, *, #4810, .T.);
#8517 = ORIENTED_EDGE ('', *, *, #8506, .F.);
#8518 = ORIENTED_EDGE ('', *, *, #1767, .F.);
#8519 = ORIENTED_EDGE ('', *, *, #8398, .T.);
#8520 = EDGE_LOOP ('', (#8516, #8517, #8518, #8519));
#8521 = FACE_OUTER_BOUND ('', #8520, .T.);
#8522 = CARTESIAN_POINT ('', (-79.4387214385462, 60.0835675522451, 3.5));
#8523 = CARTESIAN_POINT ('', (-78.9388927760584, 60.0704790780912, 3.5));
#8524 = CARTESIAN_POINT ('', (-78.9258043019045, 60.570307740579, 3.5));
#8525 = CARTESIAN_POINT ('', (-79.4387214385462, 60.0835675522451, 5.));
#8526 = CARTESIAN_POINT ('', (-78.9388927760584, 60.0704790780912, 5.));
#8527 = CARTESIAN_POINT ('', (-78.9258043019045, 60.570307740579, 5.));
#8528 = (
   BOUNDED_SURFACE ()
   B_SPLINE_SURFACE (1, 2, ((#8522, #8523, #8524), (#8525, #8526, #8527)), .UNSPECIFIED., .F., .F., .U.)
   B_SPLINE_SURFACE_WITH_KNOTS ((2, 2), (3, 3), (0., 1.), (14., 15.), .UNSPECIFIED.)
   GEOMETRIC_REPRESENTATION_ITEM ()
   RATIONAL_B_SPLINE_SURFACE (((1., 0.707106781186537, 1.), (1., 0.707106781186537, 1.)))
   REPRESENTATION_ITEM ('')
   SURFACE ()
);
#8529 = ADVANCED_FACE ('', (#8521), #8528, .T.);
#8530 = ORIENTED_EDGE ('', *, *, #4697, .T.);
#8531 = CARTESIAN_POINT ('', (-60.8550471558293, 58.768871114373, 3.5));
#8532 = CARTESIAN_POINT ('', (-60.8550471558293, 58.768871114373, 5.));
#8533 = B_SPLINE_CURVE_WITH_KNOTS ('', 1, (#8531, #8532), .UNSPECIFIED., .F., .U., (2, 2), (0., 1.), .UNSPECIFIED.);
#8534 = EDGE_CURVE ('', #1693, #4693, #8533, .T.);
#8535 = ORIENTED_EDGE ('', *, *, #8534, .F.);
#8536 = ORIENTED_EDGE ('', *, *, #1697, .F.);
#8537 = CARTESIAN_POINT ('', (-73.81497249436, 59.788839358835, 3.5));
#8538 = CARTESIAN_POINT ('', (-73.81497249436, 59.788839358835, 5.));
#8539 = B_SPLINE_CURVE_WITH_KNOTS ('', 1, (#8537, #8538), .UNSPECIFIED., .F., .U., (2, 2), (0., 1.), .UNSPECIFIED.);
#8540 = EDGE_CURVE ('', #1691, #4691, #8539, .T.);
#8541 = ORIENTED_EDGE ('', *, *, #8540, .T.);
#8542 = EDGE_LOOP ('', (#8530, #8535, #8536, #8541));
#8543 = FACE_OUTER_BOUND ('', #8542, .T.);
#8544 = CARTESIAN_POINT ('', (-73.81497249436, 59.788839358835, 3.5));
#8545 = CARTESIAN_POINT ('', (-60.8550471558293, 58.768871114373, 3.5));
#8546 = CARTESIAN_POINT ('', (-73.81497249436, 59.788839358835, 5.));
#8547 = CARTESIAN_POINT ('', (-60.8550471558293, 58.768871114373, 5.));
#8548 = B_SPLINE_SURFACE_WITH_KNOTS ('', 1, 1, ((#8544, #8545), (#8546, #8547)), .UNSPECIFIED., .F., .F., .U., (2, 2), (2, 2), (0., 1.), (1., 14.), .UNSPECIFIED.);
#8549 = ADVANCED_FACE ('', (#8543), #8548, .T.);
#8550 = ORIENTED_EDGE ('', *, *, #4705, .T.);
#8551 = ORIENTED_EDGE ('', *, *, #8540, .F.);
#8552 = ORIENTED_EDGE ('', *, *, #1748, .F.);
#8553 = CARTESIAN_POINT ('', (-74.2742016133626, 60.3265275735655, 3.5));
#8554 = CARTESIAN_POINT ('', (-74.2742016133626, 60.3265275735655, 5.));
#8555 = B_SPLINE_CURVE_WITH_KNOTS ('', 1, (#8553, #8554), .UNSPECIFIED., .F., .U., (2, 2), (0., 1.), .UNSPECIFIED.);
#8556 = EDGE_CURVE ('', #1738, #4700, #8555, .T.);
#8557 = ORIENTED_EDGE ('', *, *, #8556, .T.);
#8558 = EDGE_LOOP ('', (#8550, #8551, #8552, #8557));
#8559 = FACE_OUTER_BOUND ('', #8558, .T.);
#8560 = CARTESIAN_POINT ('', (-74.2742016133626, 60.3265275735655, 3.5));
#8561 = CARTESIAN_POINT ('', (-74.3134311612265, 59.8280689066989, 3.5));
#8562 = CARTESIAN_POINT ('', (-73.81497249436, 59.788839358835, 3.5));
#8563 = CARTESIAN_POINT ('', (-74.2742016133626, 60.3265275735655, 5.));
#8564 = CARTESIAN_POINT ('', (-74.3134311612265, 59.8280689066989, 5.));
#8565 = CARTESIAN_POINT ('', (-73.81497249436, 59.788839358835, 5.));
#8566 = (
   BOUNDED_SURFACE ()
   B_SPLINE_SURFACE (1, 2, ((#8560, #8561, #8562), (#8563, #8564, #8565)), .UNSPECIFIED., .F., .F., .U.)
   B_SPLINE_SURFACE_WITH_KNOTS ((2, 2), (3, 3), (0., 1.), (0., 1.), .UNSPECIFIED.)
   GEOMETRIC_REPRESENTATION_ITEM ()
   RATIONAL_B_SPLINE_SURFACE (((1., 0.707106781186554, 1.), (1., 0.707106781186554, 1.)))
   REPRESENTATION_ITEM ('')
   SURFACE ()
);
#8567 = ADVANCED_FACE ('', (#8559), #8566, .T.);
#8568 = ORIENTED_EDGE ('', *, *, #4712, .T.);
#8569 = ORIENTED_EDGE ('', *, *, #8556, .F.);
#8570 = ORIENTED_EDGE ('', *, *, #1742, .F.);
#8571 = CARTESIAN_POINT ('', (-73.2542333689006, 73.2864529120961, 3.5));
#8572 = CARTESIAN_POINT ('', (-73.2542333689006, 73.2864529120961, 5.));
#8573 = B_SPLINE_CURVE_WITH_KNOTS ('', 1, (#8571, #8572), .UNSPECIFIED., .F., .U., (2, 2), (0., 1.), .UNSPECIFIED.);
#8574 = EDGE_CURVE ('', #1730, #4708, #8573, .T.);
#8575 = ORIENTED_EDGE ('', *, *, #8574, .T.);
#8576 = EDGE_LOOP ('', (#8568, #8569, #8570, #8575));
#8577 = FACE_OUTER_BOUND ('', #8576, .T.);
#8578 = CARTESIAN_POINT ('', (-73.2542333689006, 73.2864529120961, 3.5));
#8579 = CARTESIAN_POINT ('', (-74.2742016133626, 60.3265275735655, 3.5));
#8580 = CARTESIAN_POINT ('', (-73.2542333689006, 73.2864529120961, 5.));
#8581 = CARTESIAN_POINT ('', (-74.2742016133626, 60.3265275735655, 5.));
#8582 = B_SPLINE_SURFACE_WITH_KNOTS ('', 1, 1, ((#8578, #8579), (#8580, #8581)), .UNSPECIFIED., .F., .F., .U., (2, 2), (2, 2), (0., 1.), (43., 56.), .UNSPECIFIED.);
#8583 = ADVANCED_FACE ('', (#8577), #8582, .T.);
#8584 = ORIENTED_EDGE ('', *, *, #4720, .T.);
#8585 = ORIENTED_EDGE ('', *, *, #8574, .F.);
#8586 = ORIENTED_EDGE ('', *, *, #1735, .F.);
#8587 = CARTESIAN_POINT ('', (-72.7165451541701, 73.7456820310988, 3.5));
#8588 = CARTESIAN_POINT ('', (-72.7165451541701, 73.7456820310988, 5.));
#8589 = B_SPLINE_CURVE_WITH_KNOTS ('', 1, (#8587, #8588), .UNSPECIFIED., .F., .U., (2, 2), (0., 1.), .UNSPECIFIED.);
#8590 = EDGE_CURVE ('', #1723, #4715, #8589, .T.);
#8591 = ORIENTED_EDGE ('', *, *, #8590, .T.);
#8592 = EDGE_LOOP ('', (#8584, #8585, #8586, #8591));
#8593 = FACE_OUTER_BOUND ('', #8592, .T.);
#8594 = CARTESIAN_POINT ('', (-72.7165451541701, 73.7456820310988, 3.5));
#8595 = CARTESIAN_POINT ('', (-73.2150038210367, 73.7849115789627, 3.5));
#8596 = CARTESIAN_POINT ('', (-73.2542333689006, 73.2864529120961, 3.5));
#8597 = CARTESIAN_POINT ('', (-72.7165451541701, 73.7456820310988, 5.));
#8598 = CARTESIAN_POINT ('', (-73.2150038210367, 73.7849115789627, 5.));
#8599 = CARTESIAN_POINT ('', (-73.2542333689006, 73.2864529120961, 5.));
#8600 = (
   BOUNDED_SURFACE ()
   B_SPLINE_SURFACE (1, 2, ((#8594, #8595, #8596), (#8597, #8598, #8599)), .UNSPECIFIED., .F., .F., .U.)
   B_SPLINE_SURFACE_WITH_KNOTS ((2, 2), (3, 3), (0., 1.), (42., 43.), .UNSPECIFIED.)
   GEOMETRIC_REPRESENTATION_ITEM ()
   RATIONAL_B_SPLINE_SURFACE (((1., 0.707106781186547, 1.), (1., 0.707106781186547, 1.)))
   REPRESENTATION_ITEM ('')
   SURFACE ()
);
#8601 = ADVANCED_FACE ('', (#8593), #8600, .T.);
#8602 = ORIENTED_EDGE ('', *, *, #4727, .T.);
#8603 = ORIENTED_EDGE ('', *, *, #8590, .F.);
#8604 = ORIENTED_EDGE ('', *, *, #1727, .F.);
#8605 = CARTESIAN_POINT ('', (-59.7566198156395, 72.7257137866368, 3.5));
#8606 = CARTESIAN_POINT ('', (-59.7566198156395, 72.7257137866368, 5.));
#8607 = B_SPLINE_CURVE_WITH_KNOTS ('', 1, (#8605, #8606), .UNSPECIFIED., .F., .U., (2, 2), (0., 1.), .UNSPECIFIED.);
#8608 = EDGE_CURVE ('', #1715, #4723, #8607, .T.);
#8609 = ORIENTED_EDGE ('', *, *, #8608, .T.);
#8610 = EDGE_LOOP ('', (#8602, #8603, #8604, #8609));
#8611 = FACE_OUTER_BOUND ('', #8610, .T.);
#8612 = CARTESIAN_POINT ('', (-59.7566198156395, 72.7257137866368, 3.5));
#8613 = CARTESIAN_POINT ('', (-72.7165451541701, 73.7456820310988, 3.5));
#8614 = CARTESIAN_POINT ('', (-59.7566198156395, 72.7257137866368, 5.));
#8615 = CARTESIAN_POINT ('', (-72.7165451541701, 73.7456820310988, 5.));
#8616 = B_SPLINE_SURFACE_WITH_KNOTS ('', 1, 1, ((#8612, #8613), (#8614, #8615)), .UNSPECIFIED., .F., .F., .U., (2, 2), (2, 2), (0., 1.), (29., 42.), .UNSPECIFIED.);
#8617 = ADVANCED_FACE ('', (#8611), #8616, .T.);
#8618 = ORIENTED_EDGE ('', *, *, #4735, .T.);
#8619 = ORIENTED_EDGE ('', *, *, #8608, .F.);
#8620 = ORIENTED_EDGE ('', *, *, #1720, .F.);
#8621 = CARTESIAN_POINT ('', (-59.2973906966368, 72.1880255719063, 3.5));
#8622 = CARTESIAN_POINT ('', (-59.2973906966368, 72.1880255719063, 5.));
#8623 = B_SPLINE_CURVE_WITH_KNOTS ('', 1, (#8621, #8622), .UNSPECIFIED., .F., .U., (2, 2), (0., 1.), .UNSPECIFIED.);
#8624 = EDGE_CURVE ('', #1708, #4730, #8623, .T.);
#8625 = ORIENTED_EDGE ('', *, *, #8624, .T.);
#8626 = EDGE_LOOP ('', (#8618, #8619, #8620, #8625));
#8627 = FACE_OUTER_BOUND ('', #8626, .T.);
#8628 = CARTESIAN_POINT ('', (-59.2973906966368, 72.1880255719063, 3.5));
#8629 = CARTESIAN_POINT ('', (-59.2581611487729, 72.6864842387728, 3.5));
#8630 = CARTESIAN_POINT ('', (-59.7566198156395, 72.7257137866368, 3.5));
#8631 = CARTESIAN_POINT ('', (-59.2973906966368, 72.1880255719063, 5.));
#8632 = CARTESIAN_POINT ('', (-59.2581611487729, 72.6864842387728, 5.));
#8633 = CARTESIAN_POINT ('', (-59.7566198156395, 72.7257137866368, 5.));
#8634 = (
   BOUNDED_SURFACE ()
   B_SPLINE_SURFACE (1, 2, ((#8628, #8629, #8630), (#8631, #8632, #8633)), .UNSPECIFIED., .F., .F., .U.)
   B_SPLINE_SURFACE_WITH_KNOTS ((2, 2), (3, 3), (0., 1.), (28., 29.), .UNSPECIFIED.)
   GEOMETRIC_REPRESENTATION_ITEM ()
   RATIONAL_B_SPLINE_SURFACE (((1., 0.707106781186556, 1.), (1., 0.707106781186556, 1.)))
   REPRESENTATION_ITEM ('')
   SURFACE ()
);
#8635 = ADVANCED_FACE ('', (#8627), #8634, .T.);
#8636 = ORIENTED_EDGE ('', *, *, #4742, .T.);
#8637 = ORIENTED_EDGE ('', *, *, #8624, .F.);
#8638 = ORIENTED_EDGE ('', *, *, #1712, .F.);
#8639 = CARTESIAN_POINT ('', (-60.3173589410988, 59.2281002333756, 3.5));
#8640 = CARTESIAN_POINT ('', (-60.3173589410988, 59.2281002333756, 5.));
#8641 = B_SPLINE_CURVE_WITH_KNOTS ('', 1, (#8639, #8640), .UNSPECIFIED., .F., .U., (2, 2), (0., 1.), .UNSPECIFIED.);
#8642 = EDGE_CURVE ('', #1700, #4738, #8641, .T.);
#8643 = ORIENTED_EDGE ('', *, *, #8642, .T.);
#8644 = EDGE_LOOP ('', (#8636, #8637, #8638, #8643));
#8645 = FACE_OUTER_BOUND ('', #8644, .T.);
#8646 = CARTESIAN_POINT ('', (-60.3173589410988, 59.2281002333756, 3.5));
#8647 = CARTESIAN_POINT ('', (-59.2973906966368, 72.1880255719063, 3.5));
#8648 = CARTESIAN_POINT ('', (-60.3173589410988, 59.2281002333756, 5.));
#8649 = CARTESIAN_POINT ('', (-59.2973906966368, 72.1880255719063, 5.));
#8650 = B_SPLINE_SURFACE_WITH_KNOTS ('', 1, 1, ((#8646, #8647), (#8648, #8649)), .UNSPECIFIED., .F., .F., .U., (2, 2), (2, 2), (0., 1.), (15., 28.), .UNSPECIFIED.);
#8651 = ADVANCED_FACE ('', (#8645), #8650, .T.);
#8652 = ORIENTED_EDGE ('', *, *, #4748, .T.);
#8653 = ORIENTED_EDGE ('', *, *, #8642, .F.);
#8654 = ORIENTED_EDGE ('', *, *, #1705, .F.);
#8655 = ORIENTED_EDGE ('', *, *, #8534, .T.);
#8656 = EDGE_LOOP ('', (#8652, #8653, #8654, #8655));
#8657 = FACE_OUTER_BOUND ('', #8656, .T.);
#8658 = CARTESIAN_POINT ('', (-60.8550471558293, 58.768871114373, 3.5));
#8659 = CARTESIAN_POINT ('', (-60.3565884889628, 58.7296415665091, 3.5));
#8660 = CARTESIAN_POINT ('', (-60.3173589410988, 59.2281002333756, 3.5));
#8661 = CARTESIAN_POINT ('', (-60.8550471558293, 58.768871114373, 5.));
#8662 = CARTESIAN_POINT ('', (-60.3565884889628, 58.7296415665091, 5.));
#8663 = CARTESIAN_POINT ('', (-60.3173589410988, 59.2281002333756, 5.));
#8664 = (
   BOUNDED_SURFACE ()
   B_SPLINE_SURFACE (1, 2, ((#8658, #8659, #8660), (#8661, #8662, #8663)), .UNSPECIFIED., .F., .F., .U.)
   B_SPLINE_SURFACE_WITH_KNOTS ((2, 2), (3, 3), (0., 1.), (14., 15.), .UNSPECIFIED.)
   GEOMETRIC_REPRESENTATION_ITEM ()
   RATIONAL_B_SPLINE_SURFACE (((1., 0.707106781186557, 1.), (1., 0.707106781186557, 1.)))
   REPRESENTATION_ITEM ('')
   SURFACE ()
);
#8665 = ADVANCED_FACE ('', (#8657), #8664, .T.);
#8666 = ORIENTED_EDGE ('', *, *, #4635, .T.);
#8667 = CARTESIAN_POINT ('', (-42.3656470480944, 56.4833820581838, 3.5));
#8668 = CARTESIAN_POINT ('', (-42.3656470480944, 56.4833820581838, 5.));
#8669 = B_SPLINE_CURVE_WITH_KNOTS ('', 1, (#8667, #8668), .UNSPECIFIED., .F., .U., (2, 2), (0., 1.), .UNSPECIFIED.);
#8670 = EDGE_CURVE ('', #1631, #4631, #8669, .T.);
#8671 = ORIENTED_EDGE ('', *, *, #8670, .F.);
#8672 = ORIENTED_EDGE ('', *, *, #1635, .F.);
#8673 = CARTESIAN_POINT ('', (-55.2544302459539, 58.1802225570445, 3.5));
#8674 = CARTESIAN_POINT ('', (-55.2544302459539, 58.1802225570445, 5.));
#8675 = B_SPLINE_CURVE_WITH_KNOTS ('', 1, (#8673, #8674), .UNSPECIFIED., .F., .U., (2, 2), (0., 1.), .UNSPECIFIED.);
#8676 = EDGE_CURVE ('', #1629, #4629, #8675, .T.);
#8677 = ORIENTED_EDGE ('', *, *, #8676, .T.);
#8678 = EDGE_LOOP ('', (#8666, #8671, #8672, #8677));
#8679 = FACE_OUTER_BOUND ('', #8678, .T.);
#8680 = CARTESIAN_POINT ('', (-55.2544302459539, 58.1802225570445, 3.5));
#8681 = CARTESIAN_POINT ('', (-42.3656470480944, 56.4833820581838, 3.5));
#8682 = CARTESIAN_POINT ('', (-55.2544302459539, 58.1802225570445, 5.));
#8683 = CARTESIAN_POINT ('', (-42.3656470480944, 56.4833820581838, 5.));
#8684 = B_SPLINE_SURFACE_WITH_KNOTS ('', 1, 1, ((#8680, #8681), (#8682, #8683)), .UNSPECIFIED., .F., .F., .U., (2, 2), (2, 2), (0., 1.), (1., 14.), .UNSPECIFIED.);
#8685 = ADVANCED_FACE ('', (#8679), #8684, .T.);
#8686 = ORIENTED_EDGE ('', *, *, #4643, .T.);
#8687 = ORIENTED_EDGE ('', *, *, #8676, .F.);
#8688 = ORIENTED_EDGE ('', *, *, #1686, .F.);
#8689 = CARTESIAN_POINT ('', (-55.6848895805308, 58.7412080838414, 3.5));
#8690 = CARTESIAN_POINT ('', (-55.6848895805308, 58.7412080838414, 5.));
#8691 = B_SPLINE_CURVE_WITH_KNOTS ('', 1, (#8689, #8690), .UNSPECIFIED., .F., .U., (2, 2), (0., 1.), .UNSPECIFIED.);
#8692 = EDGE_CURVE ('', #1676, #4638, #8691, .T.);
#8693 = ORIENTED_EDGE ('', *, *, #8692, .T.);
#8694 = EDGE_LOOP ('', (#8686, #8687, #8688, #8693));
#8695 = FACE_OUTER_BOUND ('', #8694, .T.);
#8696 = CARTESIAN_POINT ('', (-55.6848895805308, 58.7412080838414, 3.5));
#8697 = CARTESIAN_POINT ('', (-55.7501526766409, 58.2454856531545, 3.5));
#8698 = CARTESIAN_POINT ('', (-55.2544302459539, 58.1802225570445, 3.5));
#8699 = CARTESIAN_POINT ('', (-55.6848895805308, 58.7412080838414, 5.));
#8700 = CARTESIAN_POINT ('', (-55.7501526766409, 58.2454856531545, 5.));
#8701 = CARTESIAN_POINT ('', (-55.2544302459539, 58.1802225570445, 5.));
#8702 = (
   BOUNDED_SURFACE ()
   B_SPLINE_SURFACE (1, 2, ((#8696, #8697, #8698), (#8699, #8700, #8701)), .UNSPECIFIED., .F., .F., .U.)
   B_SPLINE_SURFACE_WITH_KNOTS ((2, 2), (3, 3), (0., 1.), (0., 1.), .UNSPECIFIED.)
   GEOMETRIC_REPRESENTATION_ITEM ()
   RATIONAL_B_SPLINE_SURFACE (((1., 0.707106781186538, 1.), (1., 0.707106781186538, 1.)))
   REPRESENTATION_ITEM ('')
   SURFACE ()
);
#8703 = ADVANCED_FACE ('', (#8695), #8702, .T.);
#8704 = ORIENTED_EDGE ('', *, *, #4650, .T.);
#8705 = ORIENTED_EDGE ('', *, *, #8692, .F.);
#8706 = ORIENTED_EDGE ('', *, *, #1680, .F.);
#8707 = CARTESIAN_POINT ('', (-53.9880490816701, 71.629991281701, 3.5));
#8708 = CARTESIAN_POINT ('', (-53.9880490816701, 71.629991281701, 5.));
#8709 = B_SPLINE_CURVE_WITH_KNOTS ('', 1, (#8707, #8708), .UNSPECIFIED., .F., .U., (2, 2), (0., 1.), .UNSPECIFIED.);
#8710 = EDGE_CURVE ('', #1668, #4646, #8709, .T.);
#8711 = ORIENTED_EDGE ('', *, *, #8710, .T.);
#8712 = EDGE_LOOP ('', (#8704, #8705, #8706, #8711));
#8713 = FACE_OUTER_BOUND ('', #8712, .T.);
#8714 = CARTESIAN_POINT ('', (-53.9880490816701, 71.629991281701, 3.5));
#8715 = CARTESIAN_POINT ('', (-55.6848895805308, 58.7412080838415, 3.5));
#8716 = CARTESIAN_POINT ('', (-53.9880490816701, 71.629991281701, 5.));
#8717 = CARTESIAN_POINT ('', (-55.6848895805308, 58.7412080838415, 5.));
#8718 = B_SPLINE_SURFACE_WITH_KNOTS ('', 1, 1, ((#8714, #8715), (#8716, #8717)), .UNSPECIFIED., .F., .F., .U., (2, 2), (2, 2), (0., 1.), (43., 56.), .UNSPECIFIED.);
#8719 = ADVANCED_FACE ('', (#8713), #8718, .T.);
#8720 = ORIENTED_EDGE ('', *, *, #4658, .T.);
#8721 = ORIENTED_EDGE ('', *, *, #8710, .F.);
#8722 = ORIENTED_EDGE ('', *, *, #1673, .F.);
#8723 = CARTESIAN_POINT ('', (-53.4270635548732, 72.0604506162778, 3.5));
#8724 = CARTESIAN_POINT ('', (-53.4270635548732, 72.0604506162778, 5.));
#8725 = B_SPLINE_CURVE_WITH_KNOTS ('', 1, (#8723, #8724), .UNSPECIFIED., .F., .U., (2, 2), (0., 1.), .UNSPECIFIED.);
#8726 = EDGE_CURVE ('', #1661, #4653, #8725, .T.);
#8727 = ORIENTED_EDGE ('', *, *, #8726, .T.);
#8728 = EDGE_LOOP ('', (#8720, #8721, #8722, #8727));
#8729 = FACE_OUTER_BOUND ('', #8728, .T.);
#8730 = CARTESIAN_POINT ('', (-53.4270635548732, 72.0604506162778, 3.5));
#8731 = CARTESIAN_POINT ('', (-53.9227859855601, 72.1257137123879, 3.5));
#8732 = CARTESIAN_POINT ('', (-53.9880490816701, 71.629991281701, 3.5));
#8733 = CARTESIAN_POINT ('', (-53.4270635548732, 72.0604506162778, 5.));
#8734 = CARTESIAN_POINT ('', (-53.9227859855601, 72.1257137123879, 5.));
#8735 = CARTESIAN_POINT ('', (-53.9880490816701, 71.629991281701, 5.));
#8736 = (
   BOUNDED_SURFACE ()
   B_SPLINE_SURFACE (1, 2, ((#8730, #8731, #8732), (#8733, #8734, #8735)), .UNSPECIFIED., .F., .F., .U.)
   B_SPLINE_SURFACE_WITH_KNOTS ((2, 2), (3, 3), (0., 1.), (42., 43.), .UNSPECIFIED.)
   GEOMETRIC_REPRESENTATION_ITEM ()
   RATIONAL_B_SPLINE_SURFACE (((1., 0.707106781186553, 1.), (1., 0.707106781186553, 1.)))
   REPRESENTATION_ITEM ('')
   SURFACE ()
);
#8737 = ADVANCED_FACE ('', (#8729), #8736, .T.);
#8738 = ORIENTED_EDGE ('', *, *, #4665, .T.);
#8739 = ORIENTED_EDGE ('', *, *, #8726, .F.);
#8740 = ORIENTED_EDGE ('', *, *, #1665, .F.);
#8741 = CARTESIAN_POINT ('', (-40.5382803570137, 70.3636101174172, 3.5));
#8742 = CARTESIAN_POINT ('', (-40.5382803570137, 70.3636101174172, 5.));
#8743 = B_SPLINE_CURVE_WITH_KNOTS ('', 1, (#8741, #8742), .UNSPECIFIED., .F., .U., (2, 2), (0., 1.), .UNSPECIFIED.);
#8744 = EDGE_CURVE ('', #1653, #4661, #8743, .T.);
#8745 = ORIENTED_EDGE ('', *, *, #8744, .T.);
#8746 = EDGE_LOOP ('', (#8738, #8739, #8740, #8745));
#8747 = FACE_OUTER_BOUND ('', #8746, .T.);
#8748 = CARTESIAN_POINT ('', (-40.5382803570137, 70.3636101174172, 3.5));
#8749 = CARTESIAN_POINT ('', (-53.4270635548732, 72.0604506162778, 3.5));
#8750 = CARTESIAN_POINT ('', (-40.5382803570137, 70.3636101174172, 5.));
#8751 = CARTESIAN_POINT ('', (-53.4270635548732, 72.0604506162778, 5.));
#8752 = B_SPLINE_SURFACE_WITH_KNOTS ('', 1, 1, ((#8748, #8749), (#8750, #8751)), .UNSPECIFIED., .F., .F., .U., (2, 2), (2, 2), (0., 1.), (29., 42.), .UNSPECIFIED.);
#8753 = ADVANCED_FACE ('', (#8747), #8752, .T.);
#8754 = ORIENTED_EDGE ('', *, *, #4673, .T.);
#8755 = ORIENTED_EDGE ('', *, *, #8744, .F.);
#8756 = ORIENTED_EDGE ('', *, *, #1658, .F.);
#8757 = CARTESIAN_POINT ('', (-40.1078210224368, 69.8026245906202, 3.5));
#8758 = CARTESIAN_POINT ('', (-40.1078210224368, 69.8026245906202, 5.));
#8759 = B_SPLINE_CURVE_WITH_KNOTS ('', 1, (#8757, #8758), .UNSPECIFIED., .F., .U., (2, 2), (0., 1.), .UNSPECIFIED.);
#8760 = EDGE_CURVE ('', #1646, #4668, #8759, .T.);
#8761 = ORIENTED_EDGE ('', *, *, #8760, .T.);
#8762 = EDGE_LOOP ('', (#8754, #8755, #8756, #8761));
#8763 = FACE_OUTER_BOUND ('', #8762, .T.);
#8764 = CARTESIAN_POINT ('', (-40.1078210224368, 69.8026245906202, 3.5));
#8765 = CARTESIAN_POINT ('', (-40.0425579263268, 70.2983470213071, 3.5));
#8766 = CARTESIAN_POINT ('', (-40.5382803570137, 70.3636101174172, 3.5));
#8767 = CARTESIAN_POINT ('', (-40.1078210224368, 69.8026245906202, 5.));
#8768 = CARTESIAN_POINT ('', (-40.0425579263268, 70.2983470213071, 5.));
#8769 = CARTESIAN_POINT ('', (-40.5382803570137, 70.3636101174172, 5.));
#8770 = (
   BOUNDED_SURFACE ()
   B_SPLINE_SURFACE (1, 2, ((#8764, #8765, #8766), (#8767, #8768, #8769)), .UNSPECIFIED., .F., .F., .U.)
   B_SPLINE_SURFACE_WITH_KNOTS ((2, 2), (3, 3), (0., 1.), (28., 29.), .UNSPECIFIED.)
   GEOMETRIC_REPRESENTATION_ITEM ()
   RATIONAL_B_SPLINE_SURFACE (((1., 0.707106781186547, 1.), (1., 0.707106781186547, 1.)))
   REPRESENTATION_ITEM ('')
   SURFACE ()
);
#8771 = ADVANCED_FACE ('', (#8763), #8770, .T.);
#8772 = ORIENTED_EDGE ('', *, *, #4680, .T.);
#8773 = ORIENTED_EDGE ('', *, *, #8760, .F.);
#8774 = ORIENTED_EDGE ('', *, *, #1650, .F.);
#8775 = CARTESIAN_POINT ('', (-41.8046615212975, 56.9138413927607, 3.5));
#8776 = CARTESIAN_POINT ('', (-41.8046615212975, 56.9138413927607, 5.));
#8777 = B_SPLINE_CURVE_WITH_KNOTS ('', 1, (#8775, #8776), .UNSPECIFIED., .F., .U., (2, 2), (0., 1.), .UNSPECIFIED.);
#8778 = EDGE_CURVE ('', #1638, #4676, #8777, .T.);
#8779 = ORIENTED_EDGE ('', *, *, #8778, .T.);
#8780 = EDGE_LOOP ('', (#8772, #8773, #8774, #8779));
#8781 = FACE_OUTER_BOUND ('', #8780, .T.);
#8782 = CARTESIAN_POINT ('', (-41.8046615212975, 56.9138413927607, 3.5));
#8783 = CARTESIAN_POINT ('', (-40.1078210224368, 69.8026245906203, 3.5));
#8784 = CARTESIAN_POINT ('', (-41.8046615212975, 56.9138413927607, 5.));
#8785 = CARTESIAN_POINT ('', (-40.1078210224368, 69.8026245906203, 5.));
#8786 = B_SPLINE_SURFACE_WITH_KNOTS ('', 1, 1, ((#8782, #8783), (#8784, #8785)), .UNSPECIFIED., .F., .F., .U., (2, 2), (2, 2), (0., 1.), (15., 28.), .UNSPECIFIED.);
#8787 = ADVANCED_FACE ('', (#8781), #8786, .T.);
#8788 = ORIENTED_EDGE ('', *, *, #4686, .T.);
#8789 = ORIENTED_EDGE ('', *, *, #8778, .F.);
#8790 = ORIENTED_EDGE ('', *, *, #1643, .F.);
#8791 = ORIENTED_EDGE ('', *, *, #8670, .T.);
#8792 = EDGE_LOOP ('', (#8788, #8789, #8790, #8791));
#8793 = FACE_OUTER_BOUND ('', #8792, .T.);
#8794 = CARTESIAN_POINT ('', (-42.3656470480944, 56.4833820581838, 3.5));
#8795 = CARTESIAN_POINT ('', (-41.8699246174075, 56.4181189620738, 3.5));
#8796 = CARTESIAN_POINT ('', (-41.8046615212975, 56.9138413927607, 3.5));
#8797 = CARTESIAN_POINT ('', (-42.3656470480944, 56.4833820581838, 5.));
#8798 = CARTESIAN_POINT ('', (-41.8699246174075, 56.4181189620738, 5.));
#8799 = CARTESIAN_POINT ('', (-41.8046615212975, 56.9138413927607, 5.));
#8800 = (
   BOUNDED_SURFACE ()
   B_SPLINE_SURFACE (1, 2, ((#8794, #8795, #8796), (#8797, #8798, #8799)), .UNSPECIFIED., .F., .F., .U.)
   B_SPLINE_SURFACE_WITH_KNOTS ((2, 2), (3, 3), (0., 1.), (14., 15.), .UNSPECIFIED.)
   GEOMETRIC_REPRESENTATION_ITEM ()
   RATIONAL_B_SPLINE_SURFACE (((1., 0.707106781186537, 1.), (1., 0.707106781186537, 1.)))
   REPRESENTATION_ITEM ('')
   SURFACE ()
);
#8801 = ADVANCED_FACE ('', (#8793), #8800, .T.);
#8802 = ORIENTED_EDGE ('', *, *, #4573, .T.);
#8803 = CARTESIAN_POINT ('', (-155.25, 41.5, 3.5));
#8804 = CARTESIAN_POINT ('', (-155.25, 41.5, 5.));
#8805 = B_SPLINE_CURVE_WITH_KNOTS ('', 1, (#8803, #8804), .UNSPECIFIED., .F., .U., (2, 2), (0., 1.), .UNSPECIFIED.);
#8806 = EDGE_CURVE ('', #1569, #4569, #8805, .T.);
#8807 = ORIENTED_EDGE ('', *, *, #8806, .F.);
#8808 = ORIENTED_EDGE ('', *, *, #1573, .F.);
#8809 = CARTESIAN_POINT ('', (-168.25, 41.5, 3.5));
#8810 = CARTESIAN_POINT ('', (-168.25, 41.5, 5.));
#8811 = B_SPLINE_CURVE_WITH_KNOTS ('', 1, (#8809, #8810), .UNSPECIFIED., .F., .U., (2, 2), (0., 1.), .UNSPECIFIED.);
#8812 = EDGE_CURVE ('', #1567, #4567, #8811, .T.);
#8813 = ORIENTED_EDGE ('', *, *, #8812, .T.);
#8814 = EDGE_LOOP ('', (#8802, #8807, #8808, #8813));
#8815 = FACE_OUTER_BOUND ('', #8814, .T.);
#8816 = CARTESIAN_POINT ('', (-168.25, 41.5, 3.5));
#8817 = CARTESIAN_POINT ('', (-155.25, 41.5, 3.5));
#8818 = CARTESIAN_POINT ('', (-168.25, 41.5, 5.));
#8819 = CARTESIAN_POINT ('', (-155.25, 41.5, 5.));
#8820 = B_SPLINE_SURFACE_WITH_KNOTS ('', 1, 1, ((#8816, #8817), (#8818, #8819)), .UNSPECIFIED., .F., .F., .U., (2, 2), (2, 2), (0., 1.), (1., 14.), .UNSPECIFIED.);
#8821 = ADVANCED_FACE ('', (#8815), #8820, .T.);
#8822 = ORIENTED_EDGE ('', *, *, #4581, .T.);
#8823 = ORIENTED_EDGE ('', *, *, #8812, .F.);
#8824 = ORIENTED_EDGE ('', *, *, #1624, .F.);
#8825 = CARTESIAN_POINT ('', (-168.75, 42., 3.5));
#8826 = CARTESIAN_POINT ('', (-168.75, 42., 5.));
#8827 = B_SPLINE_CURVE_WITH_KNOTS ('', 1, (#8825, #8826), .UNSPECIFIED., .F., .U., (2, 2), (0., 1.), .UNSPECIFIED.);
#8828 = EDGE_CURVE ('', #1614, #4576, #8827, .T.);
#8829 = ORIENTED_EDGE ('', *, *, #8828, .T.);
#8830 = EDGE_LOOP ('', (#8822, #8823, #8824, #8829));
#8831 = FACE_OUTER_BOUND ('', #8830, .T.);
#8832 = CARTESIAN_POINT ('', (-168.75, 42., 3.5));
#8833 = CARTESIAN_POINT ('', (-168.75, 41.5, 3.5));
#8834 = CARTESIAN_POINT ('', (-168.25, 41.5, 3.5));
#8835 = CARTESIAN_POINT ('', (-168.75, 42., 5.));
#8836 = CARTESIAN_POINT ('', (-168.75, 41.5, 5.));
#8837 = CARTESIAN_POINT ('', (-168.25, 41.5, 5.));
#8838 = (
   BOUNDED_SURFACE ()
   B_SPLINE_SURFACE (1, 2, ((#8832, #8833, #8834), (#8835, #8836, #8837)), .UNSPECIFIED., .F., .F., .U.)
   B_SPLINE_SURFACE_WITH_KNOTS ((2, 2), (3, 3), (0., 1.), (0., 1.), .UNSPECIFIED.)
   GEOMETRIC_REPRESENTATION_ITEM ()
   RATIONAL_B_SPLINE_SURFACE (((1., 0.707106781186543, 1.), (1., 0.707106781186543, 1.)))
   REPRESENTATION_ITEM ('')
   SURFACE ()
);
#8839 = ADVANCED_FACE ('', (#8831), #8838, .T.);
#8840 = ORIENTED_EDGE ('', *, *, #4588, .T.);
#8841 = ORIENTED_EDGE ('', *, *, #8828, .F.);
#8842 = ORIENTED_EDGE ('', *, *, #1618, .F.);
#8843 = CARTESIAN_POINT ('', (-168.75, 55., 3.5));
#8844 = CARTESIAN_POINT ('', (-168.75, 55., 5.));
#8845 = B_SPLINE_CURVE_WITH_KNOTS ('', 1, (#8843, #8844), .UNSPECIFIED., .F., .U., (2, 2), (0., 1.), .UNSPECIFIED.);
#8846 = EDGE_CURVE ('', #1606, #4584, #8845, .T.);
#8847 = ORIENTED_EDGE ('', *, *, #8846, .T.);
#8848 = EDGE_LOOP ('', (#8840, #8841, #8842, #8847));
#8849 = FACE_OUTER_BOUND ('', #8848, .T.);
#8850 = CARTESIAN_POINT ('', (-168.75, 55., 3.5));
#8851 = CARTESIAN_POINT ('', (-168.75, 42., 3.5));
#8852 = CARTESIAN_POINT ('', (-168.75, 55., 5.));
#8853 = CARTESIAN_POINT ('', (-168.75, 42., 5.));
#8854 = B_SPLINE_SURFACE_WITH_KNOTS ('', 1, 1, ((#8850, #8851), (#8852, #8853)), .UNSPECIFIED., .F., .F., .U., (2, 2), (2, 2), (0., 1.), (43., 56.), .UNSPECIFIED.);
#8855 = ADVANCED_FACE ('', (#8849), #8854, .T.);
#8856 = ORIENTED_EDGE ('', *, *, #4596, .T.);
#8857 = ORIENTED_EDGE ('', *, *, #8846, .F.);
#8858 = ORIENTED_EDGE ('', *, *, #1611, .F.);
#8859 = CARTESIAN_POINT ('', (-168.25, 55.5, 3.5));
#8860 = CARTESIAN_POINT ('', (-168.25, 55.5, 5.));
#8861 = B_SPLINE_CURVE_WITH_KNOTS ('', 1, (#8859, #8860), .UNSPECIFIED., .F., .U., (2, 2), (0., 1.), .UNSPECIFIED.);
#8862 = EDGE_CURVE ('', #1599, #4591, #8861, .T.);
#8863 = ORIENTED_EDGE ('', *, *, #8862, .T.);
#8864 = EDGE_LOOP ('', (#8856, #8857, #8858, #8863));
#8865 = FACE_OUTER_BOUND ('', #8864, .T.);
#8866 = CARTESIAN_POINT ('', (-168.25, 55.5, 3.5));
#8867 = CARTESIAN_POINT ('', (-168.75, 55.5, 3.5));
#8868 = CARTESIAN_POINT ('', (-168.75, 55., 3.5));
#8869 = CARTESIAN_POINT ('', (-168.25, 55.5, 5.));
#8870 = CARTESIAN_POINT ('', (-168.75, 55.5, 5.));
#8871 = CARTESIAN_POINT ('', (-168.75, 55., 5.));
#8872 = (
   BOUNDED_SURFACE ()
   B_SPLINE_SURFACE (1, 2, ((#8866, #8867, #8868), (#8869, #8870, #8871)), .UNSPECIFIED., .F., .F., .U.)
   B_SPLINE_SURFACE_WITH_KNOTS ((2, 2), (3, 3), (0., 1.), (42., 43.), .UNSPECIFIED.)
   GEOMETRIC_REPRESENTATION_ITEM ()
   RATIONAL_B_SPLINE_SURFACE (((1., 0.707106781186553, 1.), (1., 0.707106781186553, 1.)))
   REPRESENTATION_ITEM ('')
   SURFACE ()
);
#8873 = ADVANCED_FACE ('', (#8865), #8872, .T.);
#8874 = ORIENTED_EDGE ('', *, *, #4603, .T.);
#8875 = ORIENTED_EDGE ('', *, *, #8862, .F.);
#8876 = ORIENTED_EDGE ('', *, *, #1603, .F.);
#8877 = CARTESIAN_POINT ('', (-155.25, 55.5, 3.5));
#8878 = CARTESIAN_POINT ('', (-155.25, 55.5, 5.));
#8879 = B_SPLINE_CURVE_WITH_KNOTS ('', 1, (#8877, #8878), .UNSPECIFIED., .F., .U., (2, 2), (0., 1.), .UNSPECIFIED.);
#8880 = EDGE_CURVE ('', #1591, #4599, #8879, .T.);
#8881 = ORIENTED_EDGE ('', *, *, #8880, .T.);
#8882 = EDGE_LOOP ('', (#8874, #8875, #8876, #8881));
#8883 = FACE_OUTER_BOUND ('', #8882, .T.);
#8884 = CARTESIAN_POINT ('', (-155.25, 55.5, 3.5));
#8885 = CARTESIAN_POINT ('', (-168.25, 55.5, 3.5));
#8886 = CARTESIAN_POINT ('', (-155.25, 55.5, 5.));
#8887 = CARTESIAN_POINT ('', (-168.25, 55.5, 5.));
#8888 = B_SPLINE_SURFACE_WITH_KNOTS ('', 1, 1, ((#8884, #8885), (#8886, #8887)), .UNSPECIFIED., .F., .F., .U., (2, 2), (2, 2), (0., 1.), (29., 42.), .UNSPECIFIED.);
#8889 = ADVANCED_FACE ('', (#8883), #8888, .T.);
#8890 = ORIENTED_EDGE ('', *, *, #4611, .T.);
#8891 = ORIENTED_EDGE ('', *, *, #8880, .F.);
#8892 = ORIENTED_EDGE ('', *, *, #1596, .F.);
#8893 = CARTESIAN_POINT ('', (-154.75, 55., 3.5));
#8894 = CARTESIAN_POINT ('', (-154.75, 55., 5.));
#8895 = B_SPLINE_CURVE_WITH_KNOTS ('', 1, (#8893, #8894), .UNSPECIFIED., .F., .U., (2, 2), (0., 1.), .UNSPECIFIED.);
#8896 = EDGE_CURVE ('', #1584, #4606, #8895, .T.);
#8897 = ORIENTED_EDGE ('', *, *, #8896, .T.);
#8898 = EDGE_LOOP ('', (#8890, #8891, #8892, #8897));
#8899 = FACE_OUTER_BOUND ('', #8898, .T.);
#8900 = CARTESIAN_POINT ('', (-154.75, 55., 3.5));
#8901 = CARTESIAN_POINT ('', (-154.75, 55.5, 3.5));
#8902 = CARTESIAN_POINT ('', (-155.25, 55.5, 3.5));
#8903 = CARTESIAN_POINT ('', (-154.75, 55., 5.));
#8904 = CARTESIAN_POINT ('', (-154.75, 55.5, 5.));
#8905 = CARTESIAN_POINT ('', (-155.25, 55.5, 5.));
#8906 = (
   BOUNDED_SURFACE ()
   B_SPLINE_SURFACE (1, 2, ((#8900, #8901, #8902), (#8903, #8904, #8905)), .UNSPECIFIED., .F., .F., .U.)
   B_SPLINE_SURFACE_WITH_KNOTS ((2, 2), (3, 3), (0., 1.), (28., 29.), .UNSPECIFIED.)
   GEOMETRIC_REPRESENTATION_ITEM ()
   RATIONAL_B_SPLINE_SURFACE (((1., 0.707106781186532, 1.), (1., 0.707106781186532, 1.)))
   REPRESENTATION_ITEM ('')
   SURFACE ()
);
#8907 = ADVANCED_FACE ('', (#8899), #8906, .T.);
#8908 = ORIENTED_EDGE ('', *, *, #4618, .T.);
#8909 = ORIENTED_EDGE ('', *, *, #8896, .F.);
#8910 = ORIENTED_EDGE ('', *, *, #1588, .F.);
#8911 = CARTESIAN_POINT ('', (-154.75, 42., 3.5));
#8912 = CARTESIAN_POINT ('', (-154.75, 42., 5.));
#8913 = B_SPLINE_CURVE_WITH_KNOTS ('', 1, (#8911, #8912), .UNSPECIFIED., .F., .U., (2, 2), (0., 1.), .UNSPECIFIED.);
#8914 = EDGE_CURVE ('', #1576, #4614, #8913, .T.);
#8915 = ORIENTED_EDGE ('', *, *, #8914, .T.);
#8916 = EDGE_LOOP ('', (#8908, #8909, #8910, #8915));
#8917 = FACE_OUTER_BOUND ('', #8916, .T.);
#8918 = CARTESIAN_POINT ('', (-154.75, 42., 3.5));
#8919 = CARTESIAN_POINT ('', (-154.75, 55., 3.5));
#8920 = CARTESIAN_POINT ('', (-154.75, 42., 5.));
#8921 = CARTESIAN_POINT ('', (-154.75, 55., 5.));
#8922 = B_SPLINE_SURFACE_WITH_KNOTS ('', 1, 1, ((#8918, #8919), (#8920, #8921)), .UNSPECIFIED., .F., .F., .U., (2, 2), (2, 2), (0., 1.), (15., 28.), .UNSPECIFIED.);
#8923 = ADVANCED_FACE ('', (#8917), #8922, .T.);
#8924 = ORIENTED_EDGE ('', *, *, #4624, .T.);
#8925 = ORIENTED_EDGE ('', *, *, #8914, .F.);
#8926 = ORIENTED_EDGE ('', *, *, #1581, .F.);
#8927 = ORIENTED_EDGE ('', *, *, #8806, .T.);
#8928 = EDGE_LOOP ('', (#8924, #8925, #8926, #8927));
#8929 = FACE_OUTER_BOUND ('', #8928, .T.);
#8930 = CARTESIAN_POINT ('', (-155.25, 41.5, 3.5));
#8931 = CARTESIAN_POINT ('', (-154.75, 41.5, 3.5));
#8932 = CARTESIAN_POINT ('', (-154.75, 42., 3.5));
#8933 = CARTESIAN_POINT ('', (-155.25, 41.5, 5.));
#8934 = CARTESIAN_POINT ('', (-154.75, 41.5, 5.));
#8935 = CARTESIAN_POINT ('', (-154.75, 42., 5.));
#8936 = (
   BOUNDED_SURFACE ()
   B_SPLINE_SURFACE (1, 2, ((#8930, #8931, #8932), (#8933, #8934, #8935)), .UNSPECIFIED., .F., .F., .U.)
   B_SPLINE_SURFACE_WITH_KNOTS ((2, 2), (3, 3), (0., 1.), (14., 15.), .UNSPECIFIED.)
   GEOMETRIC_REPRESENTATION_ITEM ()
   RATIONAL_B_SPLINE_SURFACE (((1., 0.707106781186522, 1.), (1., 0.707106781186522, 1.)))
   REPRESENTATION_ITEM ('')
   SURFACE ()
);
#8937 = ADVANCED_FACE ('', (#8929), #8936, .T.);
#8938 = ORIENTED_EDGE ('', *, *, #4511, .T.);
#8939 = CARTESIAN_POINT ('', (-144.5, 55.5, 3.5));
#8940 = CARTESIAN_POINT ('', (-144.5, 55.5, 5.));
#8941 = B_SPLINE_CURVE_WITH_KNOTS ('', 1, (#8939, #8940), .UNSPECIFIED., .F., .U., (2, 2), (0., 1.), .UNSPECIFIED.);
#8942 = EDGE_CURVE ('', #1507, #4507, #8941, .T.);
#8943 = ORIENTED_EDGE ('', *, *, #8942, .F.);
#8944 = ORIENTED_EDGE ('', *, *, #1511, .F.);
#8945 = CARTESIAN_POINT ('', (-131.5, 55.5, 3.5));
#8946 = CARTESIAN_POINT ('', (-131.5, 55.5, 5.));
#8947 = B_SPLINE_CURVE_WITH_KNOTS ('', 1, (#8945, #8946), .UNSPECIFIED., .F., .U., (2, 2), (0., 1.), .UNSPECIFIED.);
#8948 = EDGE_CURVE ('', #1505, #4505, #8947, .T.);
#8949 = ORIENTED_EDGE ('', *, *, #8948, .T.);
#8950 = EDGE_LOOP ('', (#8938, #8943, #8944, #8949));
#8951 = FACE_OUTER_BOUND ('', #8950, .T.);
#8952 = CARTESIAN_POINT ('', (-131.5, 55.5, 3.5));
#8953 = CARTESIAN_POINT ('', (-144.5, 55.5, 3.5));
#8954 = CARTESIAN_POINT ('', (-131.5, 55.5, 5.));
#8955 = CARTESIAN_POINT ('', (-144.5, 55.5, 5.));
#8956 = B_SPLINE_SURFACE_WITH_KNOTS ('', 1, 1, ((#8952, #8953), (#8954, #8955)), .UNSPECIFIED., .F., .F., .U., (2, 2), (2, 2), (0., 1.), (1., 14.), .UNSPECIFIED.);
#8957 = ADVANCED_FACE ('', (#8951), #8956, .T.);
#8958 = ORIENTED_EDGE ('', *, *, #4519, .T.);
#8959 = ORIENTED_EDGE ('', *, *, #8948, .F.);
#8960 = ORIENTED_EDGE ('', *, *, #1562, .F.);
#8961 = CARTESIAN_POINT ('', (-131., 55., 3.5));
#8962 = CARTESIAN_POINT ('', (-131., 55., 5.));
#8963 = B_SPLINE_CURVE_WITH_KNOTS ('', 1, (#8961, #8962), .UNSPECIFIED., .F., .U., (2, 2), (0., 1.), .UNSPECIFIED.);
#8964 = EDGE_CURVE ('', #1552, #4514, #8963, .T.);
#8965 = ORIENTED_EDGE ('', *, *, #8964, .T.);
#8966 = EDGE_LOOP ('', (#8958, #8959, #8960, #8965));
#8967 = FACE_OUTER_BOUND ('', #8966, .T.);
#8968 = CARTESIAN_POINT ('', (-131., 55., 3.5));
#8969 = CARTESIAN_POINT ('', (-131., 55.5, 3.5));
#8970 = CARTESIAN_POINT ('', (-131.5, 55.5, 3.5));
#8971 = CARTESIAN_POINT ('', (-131., 55., 5.));
#8972 = CARTESIAN_POINT ('', (-131., 55.5, 5.));
#8973 = CARTESIAN_POINT ('', (-131.5, 55.5, 5.));
#8974 = (
   BOUNDED_SURFACE ()
   B_SPLINE_SURFACE (1, 2, ((#8968, #8969, #8970), (#8971, #8972, #8973)), .UNSPECIFIED., .F., .F., .U.)
   B_SPLINE_SURFACE_WITH_KNOTS ((2, 2), (3, 3), (0., 1.), (0., 1.), .UNSPECIFIED.)
   GEOMETRIC_REPRESENTATION_ITEM ()
   RATIONAL_B_SPLINE_SURFACE (((1., 0.707106781186527, 1.), (1., 0.707106781186527, 1.)))
   REPRESENTATION_ITEM ('')
   SURFACE ()
);
#8975 = ADVANCED_FACE ('', (#8967), #8974, .T.);
#8976 = ORIENTED_EDGE ('', *, *, #4526, .T.);
#8977 = ORIENTED_EDGE ('', *, *, #8964, .F.);
#8978 = ORIENTED_EDGE ('', *, *, #1556, .F.);
#8979 = CARTESIAN_POINT ('', (-131., 42., 3.5));
#8980 = CARTESIAN_POINT ('', (-131., 42., 5.));
#8981 = B_SPLINE_CURVE_WITH_KNOTS ('', 1, (#8979, #8980), .UNSPECIFIED., .F., .U., (2, 2), (0., 1.), .UNSPECIFIED.);
#8982 = EDGE_CURVE ('', #1544, #4522, #8981, .T.);
#8983 = ORIENTED_EDGE ('', *, *, #8982, .T.);
#8984 = EDGE_LOOP ('', (#8976, #8977, #8978, #8983));
#8985 = FACE_OUTER_BOUND ('', #8984, .T.);
#8986 = CARTESIAN_POINT ('', (-131., 42., 3.5));
#8987 = CARTESIAN_POINT ('', (-131., 55., 3.5));
#8988 = CARTESIAN_POINT ('', (-131., 42., 5.));
#8989 = CARTESIAN_POINT ('', (-131., 55., 5.));
#8990 = B_SPLINE_SURFACE_WITH_KNOTS ('', 1, 1, ((#8986, #8987), (#8988, #8989)), .UNSPECIFIED., .F., .F., .U., (2, 2), (2, 2), (0., 1.), (43., 56.), .UNSPECIFIED.);
#8991 = ADVANCED_FACE ('', (#8985), #8990, .T.);
#8992 = ORIENTED_EDGE ('', *, *, #4534, .T.);
#8993 = ORIENTED_EDGE ('', *, *, #8982, .F.);
#8994 = ORIENTED_EDGE ('', *, *, #1549, .F.);
#8995 = CARTESIAN_POINT ('', (-131.5, 41.5, 3.5));
#8996 = CARTESIAN_POINT ('', (-131.5, 41.5, 5.));
#8997 = B_SPLINE_CURVE_WITH_KNOTS ('', 1, (#8995, #8996), .UNSPECIFIED., .F., .U., (2, 2), (0., 1.), .UNSPECIFIED.);
#8998 = EDGE_CURVE ('', #1537, #4529, #8997, .T.);
#8999 = ORIENTED_EDGE ('', *, *, #8998, .T.);
#9000 = EDGE_LOOP ('', (#8992, #8993, #8994, #8999));
#9001 = FACE_OUTER_BOUND ('', #9000, .T.);
#9002 = CARTESIAN_POINT ('', (-131.5, 41.5, 3.5));
#9003 = CARTESIAN_POINT ('', (-131., 41.5, 3.5));
#9004 = CARTESIAN_POINT ('', (-131., 42., 3.5));
#9005 = CARTESIAN_POINT ('', (-131.5, 41.5, 5.));
#9006 = CARTESIAN_POINT ('', (-131., 41.5, 5.));
#9007 = CARTESIAN_POINT ('', (-131., 42., 5.));
#9008 = (
   BOUNDED_SURFACE ()
   B_SPLINE_SURFACE (1, 2, ((#9002, #9003, #9004), (#9005, #9006, #9007)), .UNSPECIFIED., .F., .F., .U.)
   B_SPLINE_SURFACE_WITH_KNOTS ((2, 2), (3, 3), (0., 1.), (42., 43.), .UNSPECIFIED.)
   GEOMETRIC_REPRESENTATION_ITEM ()
   RATIONAL_B_SPLINE_SURFACE (((1., 0.707106781186527, 1.), (1., 0.707106781186527, 1.)))
   REPRESENTATION_ITEM ('')
   SURFACE ()
);
#9009 = ADVANCED_FACE ('', (#9001), #9008, .T.);
#9010 = ORIENTED_EDGE ('', *, *, #4541, .T.);
#9011 = ORIENTED_EDGE ('', *, *, #8998, .F.);
#9012 = ORIENTED_EDGE ('', *, *, #1541, .F.);
#9013 = CARTESIAN_POINT ('', (-144.5, 41.5, 3.5));
#9014 = CARTESIAN_POINT ('', (-144.5, 41.5, 5.));
#9015 = B_SPLINE_CURVE_WITH_KNOTS ('', 1, (#9013, #9014), .UNSPECIFIED., .F., .U., (2, 2), (0., 1.), .UNSPECIFIED.);
#9016 = EDGE_CURVE ('', #1529, #4537, #9015, .T.);
#9017 = ORIENTED_EDGE ('', *, *, #9016, .T.);
#9018 = EDGE_LOOP ('', (#9010, #9011, #9012, #9017));
#9019 = FACE_OUTER_BOUND ('', #9018, .T.);
#9020 = CARTESIAN_POINT ('', (-144.5, 41.5, 3.5));
#9021 = CARTESIAN_POINT ('', (-131.5, 41.5, 3.5));
#9022 = CARTESIAN_POINT ('', (-144.5, 41.5, 5.));
#9023 = CARTESIAN_POINT ('', (-131.5, 41.5, 5.));
#9024 = B_SPLINE_SURFACE_WITH_KNOTS ('', 1, 1, ((#9020, #9021), (#9022, #9023)), .UNSPECIFIED., .F., .F., .U., (2, 2), (2, 2), (0., 1.), (29., 42.), .UNSPECIFIED.);
#9025 = ADVANCED_FACE ('', (#9019), #9024, .T.);
#9026 = ORIENTED_EDGE ('', *, *, #4549, .T.);
#9027 = ORIENTED_EDGE ('', *, *, #9016, .F.);
#9028 = ORIENTED_EDGE ('', *, *, #1534, .F.);
#9029 = CARTESIAN_POINT ('', (-145., 42., 3.5));
#9030 = CARTESIAN_POINT ('', (-145., 42., 5.));
#9031 = B_SPLINE_CURVE_WITH_KNOTS ('', 1, (#9029, #9030), .UNSPECIFIED., .F., .U., (2, 2), (0., 1.), .UNSPECIFIED.);
#9032 = EDGE_CURVE ('', #1522, #4544, #9031, .T.);
#9033 = ORIENTED_EDGE ('', *, *, #9032, .T.);
#9034 = EDGE_LOOP ('', (#9026, #9027, #9028, #9033));
#9035 = FACE_OUTER_BOUND ('', #9034, .T.);
#9036 = CARTESIAN_POINT ('', (-145., 42., 3.5));
#9037 = CARTESIAN_POINT ('', (-145., 41.5, 3.5));
#9038 = CARTESIAN_POINT ('', (-144.5, 41.5, 3.5));
#9039 = CARTESIAN_POINT ('', (-145., 42., 5.));
#9040 = CARTESIAN_POINT ('', (-145., 41.5, 5.));
#9041 = CARTESIAN_POINT ('', (-144.5, 41.5, 5.));
#9042 = (
   BOUNDED_SURFACE ()
   B_SPLINE_SURFACE (1, 2, ((#9036, #9037, #9038), (#9039, #9040, #9041)), .UNSPECIFIED., .F., .F., .U.)
   B_SPLINE_SURFACE_WITH_KNOTS ((2, 2), (3, 3), (0., 1.), (28., 29.), .UNSPECIFIED.)
   GEOMETRIC_REPRESENTATION_ITEM ()
   RATIONAL_B_SPLINE_SURFACE (((1., 0.707106781186568, 1.), (1., 0.707106781186568, 1.)))
   REPRESENTATION_ITEM ('')
   SURFACE ()
);
#9043 = ADVANCED_FACE ('', (#9035), #9042, .T.);
#9044 = ORIENTED_EDGE ('', *, *, #4556, .T.);
#9045 = ORIENTED_EDGE ('', *, *, #9032, .F.);
#9046 = ORIENTED_EDGE ('', *, *, #1526, .F.);
#9047 = CARTESIAN_POINT ('', (-145., 55., 3.5));
#9048 = CARTESIAN_POINT ('', (-145., 55., 5.));
#9049 = B_SPLINE_CURVE_WITH_KNOTS ('', 1, (#9047, #9048), .UNSPECIFIED., .F., .U., (2, 2), (0., 1.), .UNSPECIFIED.);
#9050 = EDGE_CURVE ('', #1514, #4552, #9049, .T.);
#9051 = ORIENTED_EDGE ('', *, *, #9050, .T.);
#9052 = EDGE_LOOP ('', (#9044, #9045, #9046, #9051));
#9053 = FACE_OUTER_BOUND ('', #9052, .T.);
#9054 = CARTESIAN_POINT ('', (-145., 55., 3.5));
#9055 = CARTESIAN_POINT ('', (-145., 42., 3.5));
#9056 = CARTESIAN_POINT ('', (-145., 55., 5.));
#9057 = CARTESIAN_POINT ('', (-145., 42., 5.));
#9058 = B_SPLINE_SURFACE_WITH_KNOTS ('', 1, 1, ((#9054, #9055), (#9056, #9057)), .UNSPECIFIED., .F., .F., .U., (2, 2), (2, 2), (0., 1.), (15., 28.), .UNSPECIFIED.);
#9059 = ADVANCED_FACE ('', (#9053), #9058, .T.);
#9060 = ORIENTED_EDGE ('', *, *, #4562, .T.);
#9061 = ORIENTED_EDGE ('', *, *, #9050, .F.);
#9062 = ORIENTED_EDGE ('', *, *, #1519, .F.);
#9063 = ORIENTED_EDGE ('', *, *, #8942, .T.);
#9064 = EDGE_LOOP ('', (#9060, #9061, #9062, #9063));
#9065 = FACE_OUTER_BOUND ('', #9064, .T.);
#9066 = CARTESIAN_POINT ('', (-144.5, 55.5, 3.5));
#9067 = CARTESIAN_POINT ('', (-145., 55.5, 3.5));
#9068 = CARTESIAN_POINT ('', (-145., 55., 3.5));
#9069 = CARTESIAN_POINT ('', (-144.5, 55.5, 5.));
#9070 = CARTESIAN_POINT ('', (-145., 55.5, 5.));
#9071 = CARTESIAN_POINT ('', (-145., 55., 5.));
#9072 = (
   BOUNDED_SURFACE ()
   B_SPLINE_SURFACE (1, 2, ((#9066, #9067, #9068), (#9069, #9070, #9071)), .UNSPECIFIED., .F., .F., .U.)
   B_SPLINE_SURFACE_WITH_KNOTS ((2, 2), (3, 3), (0., 1.), (14., 15.), .UNSPECIFIED.)
   GEOMETRIC_REPRESENTATION_ITEM ()
   RATIONAL_B_SPLINE_SURFACE (((1., 0.707106781186568, 1.), (1., 0.707106781186568, 1.)))
   REPRESENTATION_ITEM ('')
   SURFACE ()
);
#9073 = ADVANCED_FACE ('', (#9065), #9072, .T.);
#9074 = ORIENTED_EDGE ('', *, *, #4449, .T.);
#9075 = CARTESIAN_POINT ('', (-116., 55.5, 3.5));
#9076 = CARTESIAN_POINT ('', (-116., 55.5, 5.));
#9077 = B_SPLINE_CURVE_WITH_KNOTS ('', 1, (#9075, #9076), .UNSPECIFIED., .F., .U., (2, 2), (0., 1.), .UNSPECIFIED.);
#9078 = EDGE_CURVE ('', #1445, #4445, #9077, .T.);
#9079 = ORIENTED_EDGE ('', *, *, #9078, .F.);
#9080 = ORIENTED_EDGE ('', *, *, #1449, .F.);
#9081 = CARTESIAN_POINT ('', (-103., 55.5, 3.5));
#9082 = CARTESIAN_POINT ('', (-103., 55.5, 5.));
#9083 = B_SPLINE_CURVE_WITH_KNOTS ('', 1, (#9081, #9082), .UNSPECIFIED., .F., .U., (2, 2), (0., 1.), .UNSPECIFIED.);
#9084 = EDGE_CURVE ('', #1443, #4443, #9083, .T.);
#9085 = ORIENTED_EDGE ('', *, *, #9084, .T.);
#9086 = EDGE_LOOP ('', (#9074, #9079, #9080, #9085));
#9087 = FACE_OUTER_BOUND ('', #9086, .T.);
#9088 = CARTESIAN_POINT ('', (-103., 55.5, 3.5));
#9089 = CARTESIAN_POINT ('', (-116., 55.5, 3.5));
#9090 = CARTESIAN_POINT ('', (-103., 55.5, 5.));
#9091 = CARTESIAN_POINT ('', (-116., 55.5, 5.));
#9092 = B_SPLINE_SURFACE_WITH_KNOTS ('', 1, 1, ((#9088, #9089), (#9090, #9091)), .UNSPECIFIED., .F., .F., .U., (2, 2), (2, 2), (0., 1.), (1., 14.), .UNSPECIFIED.);
#9093 = ADVANCED_FACE ('', (#9087), #9092, .T.);
#9094 = ORIENTED_EDGE ('', *, *, #4457, .T.);
#9095 = ORIENTED_EDGE ('', *, *, #9084, .F.);
#9096 = ORIENTED_EDGE ('', *, *, #1500, .F.);
#9097 = CARTESIAN_POINT ('', (-102.5, 55., 3.5));
#9098 = CARTESIAN_POINT ('', (-102.5, 55., 5.));
#9099 = B_SPLINE_CURVE_WITH_KNOTS ('', 1, (#9097, #9098), .UNSPECIFIED., .F., .U., (2, 2), (0., 1.), .UNSPECIFIED.);
#9100 = EDGE_CURVE ('', #1490, #4452, #9099, .T.);
#9101 = ORIENTED_EDGE ('', *, *, #9100, .T.);
#9102 = EDGE_LOOP ('', (#9094, #9095, #9096, #9101));
#9103 = FACE_OUTER_BOUND ('', #9102, .T.);
#9104 = CARTESIAN_POINT ('', (-102.5, 55., 3.5));
#9105 = CARTESIAN_POINT ('', (-102.5, 55.5, 3.5));
#9106 = CARTESIAN_POINT ('', (-103., 55.5, 3.5));
#9107 = CARTESIAN_POINT ('', (-102.5, 55., 5.));
#9108 = CARTESIAN_POINT ('', (-102.5, 55.5, 5.));
#9109 = CARTESIAN_POINT ('', (-103., 55.5, 5.));
#9110 = (
   BOUNDED_SURFACE ()
   B_SPLINE_SURFACE (1, 2, ((#9104, #9105, #9106), (#9107, #9108, #9109)), .UNSPECIFIED., .F., .F., .U.)
   B_SPLINE_SURFACE_WITH_KNOTS ((2, 2), (3, 3), (0., 1.), (0., 1.), .UNSPECIFIED.)
   GEOMETRIC_REPRESENTATION_ITEM ()
   RATIONAL_B_SPLINE_SURFACE (((1., 0.707106781186548, 1.), (1., 0.707106781186548, 1.)))
   REPRESENTATION_ITEM ('')
   SURFACE ()
);
#9111 = ADVANCED_FACE ('', (#9103), #9110, .T.);
#9112 = ORIENTED_EDGE ('', *, *, #4464, .T.);
#9113 = ORIENTED_EDGE ('', *, *, #9100, .F.);
#9114 = ORIENTED_EDGE ('', *, *, #1494, .F.);
#9115 = CARTESIAN_POINT ('', (-102.5, 42., 3.5));
#9116 = CARTESIAN_POINT ('', (-102.5, 42., 5.));
#9117 = B_SPLINE_CURVE_WITH_KNOTS ('', 1, (#9115, #9116), .UNSPECIFIED., .F., .U., (2, 2), (0., 1.), .UNSPECIFIED.);
#9118 = EDGE_CURVE ('', #1482, #4460, #9117, .T.);
#9119 = ORIENTED_EDGE ('', *, *, #9118, .T.);
#9120 = EDGE_LOOP ('', (#9112, #9113, #9114, #9119));
#9121 = FACE_OUTER_BOUND ('', #9120, .T.);
#9122 = CARTESIAN_POINT ('', (-102.5, 42., 3.5));
#9123 = CARTESIAN_POINT ('', (-102.5, 55., 3.5));
#9124 = CARTESIAN_POINT ('', (-102.5, 42., 5.));
#9125 = CARTESIAN_POINT ('', (-102.5, 55., 5.));
#9126 = B_SPLINE_SURFACE_WITH_KNOTS ('', 1, 1, ((#9122, #9123), (#9124, #9125)), .UNSPECIFIED., .F., .F., .U., (2, 2), (2, 2), (0., 1.), (43., 56.), .UNSPECIFIED.);
#9127 = ADVANCED_FACE ('', (#9121), #9126, .T.);
#9128 = ORIENTED_EDGE ('', *, *, #4472, .T.);
#9129 = ORIENTED_EDGE ('', *, *, #9118, .F.);
#9130 = ORIENTED_EDGE ('', *, *, #1487, .F.);
#9131 = CARTESIAN_POINT ('', (-103., 41.5, 3.5));
#9132 = CARTESIAN_POINT ('', (-103., 41.5, 5.));
#9133 = B_SPLINE_CURVE_WITH_KNOTS ('', 1, (#9131, #9132), .UNSPECIFIED., .F., .U., (2, 2), (0., 1.), .UNSPECIFIED.);
#9134 = EDGE_CURVE ('', #1475, #4467, #9133, .T.);
#9135 = ORIENTED_EDGE ('', *, *, #9134, .T.);
#9136 = EDGE_LOOP ('', (#9128, #9129, #9130, #9135));
#9137 = FACE_OUTER_BOUND ('', #9136, .T.);
#9138 = CARTESIAN_POINT ('', (-103., 41.5, 3.5));
#9139 = CARTESIAN_POINT ('', (-102.5, 41.5, 3.5));
#9140 = CARTESIAN_POINT ('', (-102.5, 42., 3.5));
#9141 = CARTESIAN_POINT ('', (-103., 41.5, 5.));
#9142 = CARTESIAN_POINT ('', (-102.5, 41.5, 5.));
#9143 = CARTESIAN_POINT ('', (-102.5, 42., 5.));
#9144 = (
   BOUNDED_SURFACE ()
   B_SPLINE_SURFACE (1, 2, ((#9138, #9139, #9140), (#9141, #9142, #9143)), .UNSPECIFIED., .F., .F., .U.)
   B_SPLINE_SURFACE_WITH_KNOTS ((2, 2), (3, 3), (0., 1.), (42., 43.), .UNSPECIFIED.)
   GEOMETRIC_REPRESENTATION_ITEM ()
   RATIONAL_B_SPLINE_SURFACE (((1., 0.707106781186548, 1.), (1., 0.707106781186548, 1.)))
   REPRESENTATION_ITEM ('')
   SURFACE ()
);
#9145 = ADVANCED_FACE ('', (#9137), #9144, .T.);
#9146 = ORIENTED_EDGE ('', *, *, #4479, .T.);
#9147 = ORIENTED_EDGE ('', *, *, #9134, .F.);
#9148 = ORIENTED_EDGE ('', *, *, #1479, .F.);
#9149 = CARTESIAN_POINT ('', (-116., 41.5, 3.5));
#9150 = CARTESIAN_POINT ('', (-116., 41.5, 5.));
#9151 = B_SPLINE_CURVE_WITH_KNOTS ('', 1, (#9149, #9150), .UNSPECIFIED., .F., .U., (2, 2), (0., 1.), .UNSPECIFIED.);
#9152 = EDGE_CURVE ('', #1467, #4475, #9151, .T.);
#9153 = ORIENTED_EDGE ('', *, *, #9152, .T.);
#9154 = EDGE_LOOP ('', (#9146, #9147, #9148, #9153));
#9155 = FACE_OUTER_BOUND ('', #9154, .T.);
#9156 = CARTESIAN_POINT ('', (-116., 41.5, 3.5));
#9157 = CARTESIAN_POINT ('', (-103., 41.5, 3.5));
#9158 = CARTESIAN_POINT ('', (-116., 41.5, 5.));
#9159 = CARTESIAN_POINT ('', (-103., 41.5, 5.));
#9160 = B_SPLINE_SURFACE_WITH_KNOTS ('', 1, 1, ((#9156, #9157), (#9158, #9159)), .UNSPECIFIED., .F., .F., .U., (2, 2), (2, 2), (0., 1.), (29., 42.), .UNSPECIFIED.);
#9161 = ADVANCED_FACE ('', (#9155), #9160, .T.);
#9162 = ORIENTED_EDGE ('', *, *, #4487, .T.);
#9163 = ORIENTED_EDGE ('', *, *, #9152, .F.);
#9164 = ORIENTED_EDGE ('', *, *, #1472, .F.);
#9165 = CARTESIAN_POINT ('', (-116.5, 42., 3.5));
#9166 = CARTESIAN_POINT ('', (-116.5, 42., 5.));
#9167 = B_SPLINE_CURVE_WITH_KNOTS ('', 1, (#9165, #9166), .UNSPECIFIED., .F., .U., (2, 2), (0., 1.), .UNSPECIFIED.);
#9168 = EDGE_CURVE ('', #1460, #4482, #9167, .T.);
#9169 = ORIENTED_EDGE ('', *, *, #9168, .T.);
#9170 = EDGE_LOOP ('', (#9162, #9163, #9164, #9169));
#9171 = FACE_OUTER_BOUND ('', #9170, .T.);
#9172 = CARTESIAN_POINT ('', (-116.5, 42., 3.5));
#9173 = CARTESIAN_POINT ('', (-116.5, 41.5, 3.5));
#9174 = CARTESIAN_POINT ('', (-116., 41.5, 3.5));
#9175 = CARTESIAN_POINT ('', (-116.5, 42., 5.));
#9176 = CARTESIAN_POINT ('', (-116.5, 41.5, 5.));
#9177 = CARTESIAN_POINT ('', (-116., 41.5, 5.));
#9178 = (
   BOUNDED_SURFACE ()
   B_SPLINE_SURFACE (1, 2, ((#9172, #9173, #9174), (#9175, #9176, #9177)), .UNSPECIFIED., .F., .F., .U.)
   B_SPLINE_SURFACE_WITH_KNOTS ((2, 2), (3, 3), (0., 1.), (28., 29.), .UNSPECIFIED.)
   GEOMETRIC_REPRESENTATION_ITEM ()
   RATIONAL_B_SPLINE_SURFACE (((1., 0.707106781186548, 1.), (1., 0.707106781186548, 1.)))
   REPRESENTATION_ITEM ('')
   SURFACE ()
);
#9179 = ADVANCED_FACE ('', (#9171), #9178, .T.);
#9180 = ORIENTED_EDGE ('', *, *, #4494, .T.);
#9181 = ORIENTED_EDGE ('', *, *, #9168, .F.);
#9182 = ORIENTED_EDGE ('', *, *, #1464, .F.);
#9183 = CARTESIAN_POINT ('', (-116.5, 55., 3.5));
#9184 = CARTESIAN_POINT ('', (-116.5, 55., 5.));
#9185 = B_SPLINE_CURVE_WITH_KNOTS ('', 1, (#9183, #9184), .UNSPECIFIED., .F., .U., (2, 2), (0., 1.), .UNSPECIFIED.);
#9186 = EDGE_CURVE ('', #1452, #4490, #9185, .T.);
#9187 = ORIENTED_EDGE ('', *, *, #9186, .T.);
#9188 = EDGE_LOOP ('', (#9180, #9181, #9182, #9187));
#9189 = FACE_OUTER_BOUND ('', #9188, .T.);
#9190 = CARTESIAN_POINT ('', (-116.5, 55., 3.5));
#9191 = CARTESIAN_POINT ('', (-116.5, 42., 3.5));
#9192 = CARTESIAN_POINT ('', (-116.5, 55., 5.));
#9193 = CARTESIAN_POINT ('', (-116.5, 42., 5.));
#9194 = B_SPLINE_SURFACE_WITH_KNOTS ('', 1, 1, ((#9190, #9191), (#9192, #9193)), .UNSPECIFIED., .F., .F., .U., (2, 2), (2, 2), (0., 1.), (15., 28.), .UNSPECIFIED.);
#9195 = ADVANCED_FACE ('', (#9189), #9194, .T.);
#9196 = ORIENTED_EDGE ('', *, *, #4500, .T.);
#9197 = ORIENTED_EDGE ('', *, *, #9186, .F.);
#9198 = ORIENTED_EDGE ('', *, *, #1457, .F.);
#9199 = ORIENTED_EDGE ('', *, *, #9078, .T.);
#9200 = EDGE_LOOP ('', (#9196, #9197, #9198, #9199));
#9201 = FACE_OUTER_BOUND ('', #9200, .T.);
#9202 = CARTESIAN_POINT ('', (-116., 55.5, 3.5));
#9203 = CARTESIAN_POINT ('', (-116.5, 55.5, 3.5));
#9204 = CARTESIAN_POINT ('', (-116.5, 55., 3.5));
#9205 = CARTESIAN_POINT ('', (-116., 55.5, 5.));
#9206 = CARTESIAN_POINT ('', (-116.5, 55.5, 5.));
#9207 = CARTESIAN_POINT ('', (-116.5, 55., 5.));
#9208 = (
   BOUNDED_SURFACE ()
   B_SPLINE_SURFACE (1, 2, ((#9202, #9203, #9204), (#9205, #9206, #9207)), .UNSPECIFIED., .F., .F., .U.)
   B_SPLINE_SURFACE_WITH_KNOTS ((2, 2), (3, 3), (0., 1.), (14., 15.), .UNSPECIFIED.)
   GEOMETRIC_REPRESENTATION_ITEM ()
   RATIONAL_B_SPLINE_SURFACE (((1., 0.707106781186548, 1.), (1., 0.707106781186548, 1.)))
   REPRESENTATION_ITEM ('')
   SURFACE ()
);
#9209 = ADVANCED_FACE ('', (#9201), #9208, .T.);
#9210 = ORIENTED_EDGE ('', *, *, #4387, .T.);
#9211 = CARTESIAN_POINT ('', (-67.5102990656486, 37.2495708855847, 3.5));
#9212 = CARTESIAN_POINT ('', (-67.5102990656486, 37.2495708855847, 5.));
#9213 = B_SPLINE_CURVE_WITH_KNOTS ('', 1, (#9211, #9212), .UNSPECIFIED., .F., .U., (2, 2), (0., 1.), .UNSPECIFIED.);
#9214 = EDGE_CURVE ('', #1383, #4383, #9213, .T.);
#9215 = ORIENTED_EDGE ('', *, *, #9214, .F.);
#9216 = ORIENTED_EDGE ('', *, *, #1387, .F.);
#9217 = CARTESIAN_POINT ('', (-80.0673348074065, 40.6142184719175, 3.5));
#9218 = CARTESIAN_POINT ('', (-80.0673348074065, 40.6142184719175, 5.));
#9219 = B_SPLINE_CURVE_WITH_KNOTS ('', 1, (#9217, #9218), .UNSPECIFIED., .F., .U., (2, 2), (0., 1.), .UNSPECIFIED.);
#9220 = EDGE_CURVE ('', #1381, #4381, #9219, .T.);
#9221 = ORIENTED_EDGE ('', *, *, #9220, .T.);
#9222 = EDGE_LOOP ('', (#9210, #9215, #9216, #9221));
#9223 = FACE_OUTER_BOUND ('', #9222, .T.);
#9224 = CARTESIAN_POINT ('', (-80.0673348074065, 40.6142184719175, 3.5));
#9225 = CARTESIAN_POINT ('', (-67.5102990656486, 37.2495708855847, 3.5));
#9226 = CARTESIAN_POINT ('', (-80.0673348074065, 40.6142184719175, 5.));
#9227 = CARTESIAN_POINT ('', (-67.5102990656486, 37.2495708855847, 5.));
#9228 = B_SPLINE_SURFACE_WITH_KNOTS ('', 1, 1, ((#9224, #9225), (#9226, #9227)), .UNSPECIFIED., .F., .F., .U., (2, 2), (2, 2), (0., 1.), (1., 14.), .UNSPECIFIED.);
#9229 = ADVANCED_FACE ('', (#9223), #9228, .T.);
#9230 = ORIENTED_EDGE ('', *, *, #4395, .T.);
#9231 = ORIENTED_EDGE ('', *, *, #9220, .F.);
#9232 = ORIENTED_EDGE ('', *, *, #1438, .F.);
#9233 = CARTESIAN_POINT ('', (-80.4208881979997, 41.2265909076133, 3.5));
#9234 = CARTESIAN_POINT ('', (-80.4208881979997, 41.2265909076133, 5.));
#9235 = B_SPLINE_CURVE_WITH_KNOTS ('', 1, (#9233, #9234), .UNSPECIFIED., .F., .U., (2, 2), (0., 1.), .UNSPECIFIED.);
#9236 = EDGE_CURVE ('', #1428, #4390, #9235, .T.);
#9237 = ORIENTED_EDGE ('', *, *, #9236, .T.);
#9238 = EDGE_LOOP ('', (#9230, #9231, #9232, #9237));
#9239 = FACE_OUTER_BOUND ('', #9238, .T.);
#9240 = CARTESIAN_POINT ('', (-80.4208881979997, 41.2265909076133, 3.5));
#9241 = CARTESIAN_POINT ('', (-80.550297720551, 40.7436279944687, 3.5));
#9242 = CARTESIAN_POINT ('', (-80.0673348074065, 40.6142184719175, 3.5));
#9243 = CARTESIAN_POINT ('', (-80.4208881979997, 41.2265909076133, 5.));
#9244 = CARTESIAN_POINT ('', (-80.550297720551, 40.7436279944687, 5.));
#9245 = CARTESIAN_POINT ('', (-80.0673348074065, 40.6142184719175, 5.));
#9246 = (
   BOUNDED_SURFACE ()
   B_SPLINE_SURFACE (1, 2, ((#9240, #9241, #9242), (#9243, #9244, #9245)), .UNSPECIFIED., .F., .F., .U.)
   B_SPLINE_SURFACE_WITH_KNOTS ((2, 2), (3, 3), (0., 1.), (0., 1.), .UNSPECIFIED.)
   GEOMETRIC_REPRESENTATION_ITEM ()
   RATIONAL_B_SPLINE_SURFACE (((1., 0.707106781186552, 1.), (1., 0.707106781186552, 1.)))
   REPRESENTATION_ITEM ('')
   SURFACE ()
);
#9247 = ADVANCED_FACE ('', (#9239), #9246, .T.);
#9248 = ORIENTED_EDGE ('', *, *, #4402, .T.);
#9249 = ORIENTED_EDGE ('', *, *, #9236, .F.);
#9250 = ORIENTED_EDGE ('', *, *, #1432, .F.);
#9251 = CARTESIAN_POINT ('', (-77.056240611667, 53.7836266493711, 3.5));
#9252 = CARTESIAN_POINT ('', (-77.056240611667, 53.7836266493711, 5.));
#9253 = B_SPLINE_CURVE_WITH_KNOTS ('', 1, (#9251, #9252), .UNSPECIFIED., .F., .U., (2, 2), (0., 1.), .UNSPECIFIED.);
#9254 = EDGE_CURVE ('', #1420, #4398, #9253, .T.);
#9255 = ORIENTED_EDGE ('', *, *, #9254, .T.);
#9256 = EDGE_LOOP ('', (#9248, #9249, #9250, #9255));
#9257 = FACE_OUTER_BOUND ('', #9256, .T.);
#9258 = CARTESIAN_POINT ('', (-77.056240611667, 53.7836266493711, 3.5));
#9259 = CARTESIAN_POINT ('', (-80.4208881979997, 41.2265909076133, 3.5));
#9260 = CARTESIAN_POINT ('', (-77.056240611667, 53.7836266493711, 5.));
#9261 = CARTESIAN_POINT ('', (-80.4208881979997, 41.2265909076133, 5.));
#9262 = B_SPLINE_SURFACE_WITH_KNOTS ('', 1, 1, ((#9258, #9259), (#9260, #9261)), .UNSPECIFIED., .F., .F., .U., (2, 2), (2, 2), (0., 1.), (43., 56.), .UNSPECIFIED.);
#9263 = ADVANCED_FACE ('', (#9257), #9262, .T.);
#9264 = ORIENTED_EDGE ('', *, *, #4410, .T.);
#9265 = ORIENTED_EDGE ('', *, *, #9254, .F.);
#9266 = ORIENTED_EDGE ('', *, *, #1425, .F.);
#9267 = CARTESIAN_POINT ('', (-76.4438681759712, 54.1371800399644, 3.5));
#9268 = CARTESIAN_POINT ('', (-76.4438681759712, 54.1371800399644, 5.));
#9269 = B_SPLINE_CURVE_WITH_KNOTS ('', 1, (#9267, #9268), .UNSPECIFIED., .F., .U., (2, 2), (0., 1.), .UNSPECIFIED.);
#9270 = EDGE_CURVE ('', #1413, #4405, #9269, .T.);
#9271 = ORIENTED_EDGE ('', *, *, #9270, .T.);
#9272 = EDGE_LOOP ('', (#9264, #9265, #9266, #9271));
#9273 = FACE_OUTER_BOUND ('', #9272, .T.);
#9274 = CARTESIAN_POINT ('', (-76.4438681759712, 54.1371800399644, 3.5));
#9275 = CARTESIAN_POINT ('', (-76.9268310891158, 54.2665895625157, 3.5));
#9276 = CARTESIAN_POINT ('', (-77.056240611667, 53.7836266493711, 3.5));
#9277 = CARTESIAN_POINT ('', (-76.4438681759712, 54.1371800399644, 5.));
#9278 = CARTESIAN_POINT ('', (-76.9268310891158, 54.2665895625157, 5.));
#9279 = CARTESIAN_POINT ('', (-77.056240611667, 53.7836266493711, 5.));
#9280 = (
   BOUNDED_SURFACE ()
   B_SPLINE_SURFACE (1, 2, ((#9274, #9275, #9276), (#9277, #9278, #9279)), .UNSPECIFIED., .F., .F., .U.)
   B_SPLINE_SURFACE_WITH_KNOTS ((2, 2), (3, 3), (0., 1.), (42., 43.), .UNSPECIFIED.)
   GEOMETRIC_REPRESENTATION_ITEM ()
   RATIONAL_B_SPLINE_SURFACE (((1., 0.707106781186538, 1.), (1., 0.707106781186538, 1.)))
   REPRESENTATION_ITEM ('')
   SURFACE ()
);
#9281 = ADVANCED_FACE ('', (#9273), #9280, .T.);
#9282 = ORIENTED_EDGE ('', *, *, #4417, .T.);
#9283 = ORIENTED_EDGE ('', *, *, #9270, .F.);
#9284 = ORIENTED_EDGE ('', *, *, #1417, .F.);
#9285 = CARTESIAN_POINT ('', (-63.8868324342133, 50.7725324536317, 3.5));
#9286 = CARTESIAN_POINT ('', (-63.8868324342133, 50.7725324536317, 5.));
#9287 = B_SPLINE_CURVE_WITH_KNOTS ('', 1, (#9285, #9286), .UNSPECIFIED., .F., .U., (2, 2), (0., 1.), .UNSPECIFIED.);
#9288 = EDGE_CURVE ('', #1405, #4413, #9287, .T.);
#9289 = ORIENTED_EDGE ('', *, *, #9288, .T.);
#9290 = EDGE_LOOP ('', (#9282, #9283, #9284, #9289));
#9291 = FACE_OUTER_BOUND ('', #9290, .T.);
#9292 = CARTESIAN_POINT ('', (-63.8868324342133, 50.7725324536317, 3.5));
#9293 = CARTESIAN_POINT ('', (-76.4438681759712, 54.1371800399644, 3.5));
#9294 = CARTESIAN_POINT ('', (-63.8868324342133, 50.7725324536317, 5.));
#9295 = CARTESIAN_POINT ('', (-76.4438681759712, 54.1371800399644, 5.));
#9296 = B_SPLINE_SURFACE_WITH_KNOTS ('', 1, 1, ((#9292, #9293), (#9294, #9295)), .UNSPECIFIED., .F., .F., .U., (2, 2), (2, 2), (0., 1.), (29., 42.), .UNSPECIFIED.);
#9297 = ADVANCED_FACE ('', (#9291), #9296, .T.);
#9298 = ORIENTED_EDGE ('', *, *, #4425, .T.);
#9299 = ORIENTED_EDGE ('', *, *, #9288, .F.);
#9300 = ORIENTED_EDGE ('', *, *, #1410, .F.);
#9301 = CARTESIAN_POINT ('', (-63.5332790436201, 50.1601600179359, 3.5));
#9302 = CARTESIAN_POINT ('', (-63.5332790436201, 50.1601600179359, 5.));
#9303 = B_SPLINE_CURVE_WITH_KNOTS ('', 1, (#9301, #9302), .UNSPECIFIED., .F., .U., (2, 2), (0., 1.), .UNSPECIFIED.);
#9304 = EDGE_CURVE ('', #1398, #4420, #9303, .T.);
#9305 = ORIENTED_EDGE ('', *, *, #9304, .T.);
#9306 = EDGE_LOOP ('', (#9298, #9299, #9300, #9305));
#9307 = FACE_OUTER_BOUND ('', #9306, .T.);
#9308 = CARTESIAN_POINT ('', (-63.5332790436201, 50.1601600179359, 3.5));
#9309 = CARTESIAN_POINT ('', (-63.4038695210688, 50.6431229310804, 3.5));
#9310 = CARTESIAN_POINT ('', (-63.8868324342134, 50.7725324536317, 3.5));
#9311 = CARTESIAN_POINT ('', (-63.5332790436201, 50.1601600179359, 5.));
#9312 = CARTESIAN_POINT ('', (-63.4038695210688, 50.6431229310804, 5.));
#9313 = CARTESIAN_POINT ('', (-63.8868324342134, 50.7725324536317, 5.));
#9314 = (
   BOUNDED_SURFACE ()
   B_SPLINE_SURFACE (1, 2, ((#9308, #9309, #9310), (#9311, #9312, #9313)), .UNSPECIFIED., .F., .F., .U.)
   B_SPLINE_SURFACE_WITH_KNOTS ((2, 2), (3, 3), (0., 1.), (28., 29.), .UNSPECIFIED.)
   GEOMETRIC_REPRESENTATION_ITEM ()
   RATIONAL_B_SPLINE_SURFACE (((1., 0.707106781186551, 1.), (1., 0.707106781186551, 1.)))
   REPRESENTATION_ITEM ('')
   SURFACE ()
);
#9315 = ADVANCED_FACE ('', (#9307), #9314, .T.);
#9316 = ORIENTED_EDGE ('', *, *, #4432, .T.);
#9317 = ORIENTED_EDGE ('', *, *, #9304, .F.);
#9318 = ORIENTED_EDGE ('', *, *, #1402, .F.);
#9319 = CARTESIAN_POINT ('', (-66.8979266299528, 37.603124276178, 3.5));
#9320 = CARTESIAN_POINT ('', (-66.8979266299528, 37.603124276178, 5.));
#9321 = B_SPLINE_CURVE_WITH_KNOTS ('', 1, (#9319, #9320), .UNSPECIFIED., .F., .U., (2, 2), (0., 1.), .UNSPECIFIED.);
#9322 = EDGE_CURVE ('', #1390, #4428, #9321, .T.);
#9323 = ORIENTED_EDGE ('', *, *, #9322, .T.);
#9324 = EDGE_LOOP ('', (#9316, #9317, #9318, #9323));
#9325 = FACE_OUTER_BOUND ('', #9324, .T.);
#9326 = CARTESIAN_POINT ('', (-66.8979266299528, 37.603124276178, 3.5));
#9327 = CARTESIAN_POINT ('', (-63.5332790436201, 50.1601600179359, 3.5));
#9328 = CARTESIAN_POINT ('', (-66.8979266299528, 37.603124276178, 5.));
#9329 = CARTESIAN_POINT ('', (-63.5332790436201, 50.1601600179359, 5.));
#9330 = B_SPLINE_SURFACE_WITH_KNOTS ('', 1, 1, ((#9326, #9327), (#9328, #9329)), .UNSPECIFIED., .F., .F., .U., (2, 2), (2, 2), (0., 1.), (15., 28.), .UNSPECIFIED.);
#9331 = ADVANCED_FACE ('', (#9325), #9330, .T.);
#9332 = ORIENTED_EDGE ('', *, *, #4438, .T.);
#9333 = ORIENTED_EDGE ('', *, *, #9322, .F.);
#9334 = ORIENTED_EDGE ('', *, *, #1395, .F.);
#9335 = ORIENTED_EDGE ('', *, *, #9214, .T.);
#9336 = EDGE_LOOP ('', (#9332, #9333, #9334, #9335));
#9337 = FACE_OUTER_BOUND ('', #9336, .T.);
#9338 = CARTESIAN_POINT ('', (-67.5102990656486, 37.2495708855847, 3.5));
#9339 = CARTESIAN_POINT ('', (-67.027336152504, 37.1201613630335, 3.5));
#9340 = CARTESIAN_POINT ('', (-66.8979266299528, 37.603124276178, 3.5));
#9341 = CARTESIAN_POINT ('', (-67.5102990656486, 37.2495708855847, 5.));
#9342 = CARTESIAN_POINT ('', (-67.027336152504, 37.1201613630335, 5.));
#9343 = CARTESIAN_POINT ('', (-66.8979266299528, 37.603124276178, 5.));
#9344 = (
   BOUNDED_SURFACE ()
   B_SPLINE_SURFACE (1, 2, ((#9338, #9339, #9340), (#9341, #9342, #9343)), .UNSPECIFIED., .F., .F., .U.)
   B_SPLINE_SURFACE_WITH_KNOTS ((2, 2), (3, 3), (0., 1.), (14., 15.), .UNSPECIFIED.)
   GEOMETRIC_REPRESENTATION_ITEM ()
   RATIONAL_B_SPLINE_SURFACE (((1., 0.707106781186548, 1.), (1., 0.707106781186548, 1.)))
   REPRESENTATION_ITEM ('')
   SURFACE ()
);
#9345 = ADVANCED_FACE ('', (#9337), #9344, .T.);
#9346 = ORIENTED_EDGE ('', *, *, #4325, .T.);
#9347 = CARTESIAN_POINT ('', (-41.7826500370944, 41.7215159790935, 3.5));
#9348 = CARTESIAN_POINT ('', (-41.7826500370944, 41.7215159790935, 5.));
#9349 = B_SPLINE_CURVE_WITH_KNOTS ('', 1, (#9347, #9348), .UNSPECIFIED., .F., .U., (2, 2), (0., 1.), .UNSPECIFIED.);
#9350 = EDGE_CURVE ('', #1321, #4321, #9349, .T.);
#9351 = ORIENTED_EDGE ('', *, *, #9350, .F.);
#9352 = ORIENTED_EDGE ('', *, *, #1325, .F.);
#9353 = CARTESIAN_POINT ('', (-48.2826500370944, 30.4631857298958, 3.5));
#9354 = CARTESIAN_POINT ('', (-48.2826500370944, 30.4631857298958, 5.));
#9355 = B_SPLINE_CURVE_WITH_KNOTS ('', 1, (#9353, #9354), .UNSPECIFIED., .F., .U., (2, 2), (0., 1.), .UNSPECIFIED.);
#9356 = EDGE_CURVE ('', #1319, #4319, #9355, .T.);
#9357 = ORIENTED_EDGE ('', *, *, #9356, .T.);
#9358 = EDGE_LOOP ('', (#9346, #9351, #9352, #9357));
#9359 = FACE_OUTER_BOUND ('', #9358, .T.);
#9360 = CARTESIAN_POINT ('', (-48.2826500370944, 30.4631857298958, 3.5));
#9361 = CARTESIAN_POINT ('', (-41.7826500370944, 41.7215159790935, 3.5));
#9362 = CARTESIAN_POINT ('', (-48.2826500370944, 30.4631857298958, 5.));
#9363 = CARTESIAN_POINT ('', (-41.7826500370944, 41.7215159790935, 5.));
#9364 = B_SPLINE_SURFACE_WITH_KNOTS ('', 1, 1, ((#9360, #9361), (#9362, #9363)), .UNSPECIFIED., .F., .F., .U., (2, 2), (2, 2), (0., 1.), (1., 14.), .UNSPECIFIED.);
#9365 = ADVANCED_FACE ('', (#9359), #9364, .T.);
#9366 = ORIENTED_EDGE ('', *, *, #4333, .T.);
#9367 = ORIENTED_EDGE ('', *, *, #9356, .F.);
#9368 = ORIENTED_EDGE ('', *, *, #1376, .F.);
#9369 = CARTESIAN_POINT ('', (-48.9656627389866, 30.2801730280036, 3.5));
#9370 = CARTESIAN_POINT ('', (-48.9656627389866, 30.2801730280036, 5.));
#9371 = B_SPLINE_CURVE_WITH_KNOTS ('', 1, (#9369, #9370), .UNSPECIFIED., .F., .U., (2, 2), (0., 1.), .UNSPECIFIED.);
#9372 = EDGE_CURVE ('', #1366, #4328, #9371, .T.);
#9373 = ORIENTED_EDGE ('', *, *, #9372, .T.);
#9374 = EDGE_LOOP ('', (#9366, #9367, #9368, #9373));
#9375 = FACE_OUTER_BOUND ('', #9374, .T.);
#9376 = CARTESIAN_POINT ('', (-48.9656627389866, 30.2801730280036, 3.5));
#9377 = CARTESIAN_POINT ('', (-48.5326500370944, 30.0301730280036, 3.5));
#9378 = CARTESIAN_POINT ('', (-48.2826500370944, 30.4631857298958, 3.5));
#9379 = CARTESIAN_POINT ('', (-48.9656627389866, 30.2801730280036, 5.));
#9380 = CARTESIAN_POINT ('', (-48.5326500370944, 30.0301730280036, 5.));
#9381 = CARTESIAN_POINT ('', (-48.2826500370944, 30.4631857298958, 5.));
#9382 = (
   BOUNDED_SURFACE ()
   B_SPLINE_SURFACE (1, 2, ((#9376, #9377, #9378), (#9379, #9380, #9381)), .UNSPECIFIED., .F., .F., .U.)
   B_SPLINE_SURFACE_WITH_KNOTS ((2, 2), (3, 3), (0., 1.), (0., 1.), .UNSPECIFIED.)
   GEOMETRIC_REPRESENTATION_ITEM ()
   RATIONAL_B_SPLINE_SURFACE (((1., 0.707106781186544, 1.), (1., 0.707106781186544, 1.)))
   REPRESENTATION_ITEM ('')
   SURFACE ()
);
#9383 = ADVANCED_FACE ('', (#9375), #9382, .T.);
#9384 = ORIENTED_EDGE ('', *, *, #4340, .T.);
#9385 = ORIENTED_EDGE ('', *, *, #9372, .F.);
#9386 = ORIENTED_EDGE ('', *, *, #1370, .F.);
#9387 = CARTESIAN_POINT ('', (-60.2239929881843, 36.7801730280035, 3.5));
#9388 = CARTESIAN_POINT ('', (-60.2239929881843, 36.7801730280035, 5.));
#9389 = B_SPLINE_CURVE_WITH_KNOTS ('', 1, (#9387, #9388), .UNSPECIFIED., .F., .U., (2, 2), (0., 1.), .UNSPECIFIED.);
#9390 = EDGE_CURVE ('', #1358, #4336, #9389, .T.);
#9391 = ORIENTED_EDGE ('', *, *, #9390, .T.);
#9392 = EDGE_LOOP ('', (#9384, #9385, #9386, #9391));
#9393 = FACE_OUTER_BOUND ('', #9392, .T.);
#9394 = CARTESIAN_POINT ('', (-60.2239929881843, 36.7801730280035, 3.5));
#9395 = CARTESIAN_POINT ('', (-48.9656627389866, 30.2801730280036, 3.5));
#9396 = CARTESIAN_POINT ('', (-60.2239929881843, 36.7801730280035, 5.));
#9397 = CARTESIAN_POINT ('', (-48.9656627389866, 30.2801730280036, 5.));
#9398 = B_SPLINE_SURFACE_WITH_KNOTS ('', 1, 1, ((#9394, #9395), (#9396, #9397)), .UNSPECIFIED., .F., .F., .U., (2, 2), (2, 2), (0., 1.), (43., 56.), .UNSPECIFIED.);
#9399 = ADVANCED_FACE ('', (#9393), #9398, .T.);
#9400 = ORIENTED_EDGE ('', *, *, #4348, .T.);
#9401 = ORIENTED_EDGE ('', *, *, #9390, .F.);
#9402 = ORIENTED_EDGE ('', *, *, #1363, .F.);
#9403 = CARTESIAN_POINT ('', (-60.4070056900766, 37.4631857298957, 3.5));
#9404 = CARTESIAN_POINT ('', (-60.4070056900766, 37.4631857298957, 5.));
#9405 = B_SPLINE_CURVE_WITH_KNOTS ('', 1, (#9403, #9404), .UNSPECIFIED., .F., .U., (2, 2), (0., 1.), .UNSPECIFIED.);
#9406 = EDGE_CURVE ('', #1351, #4343, #9405, .T.);
#9407 = ORIENTED_EDGE ('', *, *, #9406, .T.);
#9408 = EDGE_LOOP ('', (#9400, #9401, #9402, #9407));
#9409 = FACE_OUTER_BOUND ('', #9408, .T.);
#9410 = CARTESIAN_POINT ('', (-60.4070056900766, 37.4631857298957, 3.5));
#9411 = CARTESIAN_POINT ('', (-60.6570056900766, 37.0301730280035, 3.5));
#9412 = CARTESIAN_POINT ('', (-60.2239929881843, 36.7801730280035, 3.5));
#9413 = CARTESIAN_POINT ('', (-60.4070056900766, 37.4631857298957, 5.));
#9414 = CARTESIAN_POINT ('', (-60.6570056900766, 37.0301730280035, 5.));
#9415 = CARTESIAN_POINT ('', (-60.2239929881843, 36.7801730280035, 5.));
#9416 = (
   BOUNDED_SURFACE ()
   B_SPLINE_SURFACE (1, 2, ((#9410, #9411, #9412), (#9413, #9414, #9415)), .UNSPECIFIED., .F., .F., .U.)
   B_SPLINE_SURFACE_WITH_KNOTS ((2, 2), (3, 3), (0., 1.), (42., 43.), .UNSPECIFIED.)
   GEOMETRIC_REPRESENTATION_ITEM ()
   RATIONAL_B_SPLINE_SURFACE (((1., 0.707106781186548, 1.), (1., 0.707106781186548, 1.)))
   REPRESENTATION_ITEM ('')
   SURFACE ()
);
#9417 = ADVANCED_FACE ('', (#9409), #9416, .T.);
#9418 = ORIENTED_EDGE ('', *, *, #4355, .T.);
#9419 = ORIENTED_EDGE ('', *, *, #9406, .F.);
#9420 = ORIENTED_EDGE ('', *, *, #1355, .F.);
#9421 = CARTESIAN_POINT ('', (-53.9070056900766, 48.7215159790935, 3.5));
#9422 = CARTESIAN_POINT ('', (-53.9070056900766, 48.7215159790935, 5.));
#9423 = B_SPLINE_CURVE_WITH_KNOTS ('', 1, (#9421, #9422), .UNSPECIFIED., .F., .U., (2, 2), (0., 1.), .UNSPECIFIED.);
#9424 = EDGE_CURVE ('', #1343, #4351, #9423, .T.);
#9425 = ORIENTED_EDGE ('', *, *, #9424, .T.);
#9426 = EDGE_LOOP ('', (#9418, #9419, #9420, #9425));
#9427 = FACE_OUTER_BOUND ('', #9426, .T.);
#9428 = CARTESIAN_POINT ('', (-53.9070056900766, 48.7215159790935, 3.5));
#9429 = CARTESIAN_POINT ('', (-60.4070056900765, 37.4631857298957, 3.5));
#9430 = CARTESIAN_POINT ('', (-53.9070056900766, 48.7215159790935, 5.));
#9431 = CARTESIAN_POINT ('', (-60.4070056900765, 37.4631857298957, 5.));
#9432 = B_SPLINE_SURFACE_WITH_KNOTS ('', 1, 1, ((#9428, #9429), (#9430, #9431)), .UNSPECIFIED., .F., .F., .U., (2, 2), (2, 2), (0., 1.), (29., 42.), .UNSPECIFIED.);
#9433 = ADVANCED_FACE ('', (#9427), #9432, .T.);
#9434 = ORIENTED_EDGE ('', *, *, #4363, .T.);
#9435 = ORIENTED_EDGE ('', *, *, #9424, .F.);
#9436 = ORIENTED_EDGE ('', *, *, #1348, .F.);
#9437 = CARTESIAN_POINT ('', (-53.2239929881844, 48.9045286809857, 3.5));
#9438 = CARTESIAN_POINT ('', (-53.2239929881844, 48.9045286809857, 5.));
#9439 = B_SPLINE_CURVE_WITH_KNOTS ('', 1, (#9437, #9438), .UNSPECIFIED., .F., .U., (2, 2), (0., 1.), .UNSPECIFIED.);
#9440 = EDGE_CURVE ('', #1336, #4358, #9439, .T.);
#9441 = ORIENTED_EDGE ('', *, *, #9440, .T.);
#9442 = EDGE_LOOP ('', (#9434, #9435, #9436, #9441));
#9443 = FACE_OUTER_BOUND ('', #9442, .T.);
#9444 = CARTESIAN_POINT ('', (-53.2239929881844, 48.9045286809857, 3.5));
#9445 = CARTESIAN_POINT ('', (-53.6570056900766, 49.1545286809857, 3.5));
#9446 = CARTESIAN_POINT ('', (-53.9070056900766, 48.7215159790935, 3.5));
#9447 = CARTESIAN_POINT ('', (-53.2239929881844, 48.9045286809857, 5.));
#9448 = CARTESIAN_POINT ('', (-53.6570056900766, 49.1545286809857, 5.));
#9449 = CARTESIAN_POINT ('', (-53.9070056900766, 48.7215159790935, 5.));
#9450 = (
   BOUNDED_SURFACE ()
   B_SPLINE_SURFACE (1, 2, ((#9444, #9445, #9446), (#9447, #9448, #9449)), .UNSPECIFIED., .F., .F., .U.)
   B_SPLINE_SURFACE_WITH_KNOTS ((2, 2), (3, 3), (0., 1.), (28., 29.), .UNSPECIFIED.)
   GEOMETRIC_REPRESENTATION_ITEM ()
   RATIONAL_B_SPLINE_SURFACE (((1., 0.707106781186538, 1.), (1., 0.707106781186538, 1.)))
   REPRESENTATION_ITEM ('')
   SURFACE ()
);
#9451 = ADVANCED_FACE ('', (#9443), #9450, .T.);
#9452 = ORIENTED_EDGE ('', *, *, #4370, .T.);
#9453 = ORIENTED_EDGE ('', *, *, #9440, .F.);
#9454 = ORIENTED_EDGE ('', *, *, #1340, .F.);
#9455 = CARTESIAN_POINT ('', (-41.9656627389867, 42.4045286809858, 3.5));
#9456 = CARTESIAN_POINT ('', (-41.9656627389867, 42.4045286809858, 5.));
#9457 = B_SPLINE_CURVE_WITH_KNOTS ('', 1, (#9455, #9456), .UNSPECIFIED., .F., .U., (2, 2), (0., 1.), .UNSPECIFIED.);
#9458 = EDGE_CURVE ('', #1328, #4366, #9457, .T.);
#9459 = ORIENTED_EDGE ('', *, *, #9458, .T.);
#9460 = EDGE_LOOP ('', (#9452, #9453, #9454, #9459));
#9461 = FACE_OUTER_BOUND ('', #9460, .T.);
#9462 = CARTESIAN_POINT ('', (-41.9656627389867, 42.4045286809857, 3.5));
#9463 = CARTESIAN_POINT ('', (-53.2239929881843, 48.9045286809857, 3.5));
#9464 = CARTESIAN_POINT ('', (-41.9656627389867, 42.4045286809857, 5.));
#9465 = CARTESIAN_POINT ('', (-53.2239929881843, 48.9045286809857, 5.));
#9466 = B_SPLINE_SURFACE_WITH_KNOTS ('', 1, 1, ((#9462, #9463), (#9464, #9465)), .UNSPECIFIED., .F., .F., .U., (2, 2), (2, 2), (0., 1.), (15., 28.), .UNSPECIFIED.);
#9467 = ADVANCED_FACE ('', (#9461), #9466, .T.);
#9468 = ORIENTED_EDGE ('', *, *, #4376, .T.);
#9469 = ORIENTED_EDGE ('', *, *, #9458, .F.);
#9470 = ORIENTED_EDGE ('', *, *, #1333, .F.);
#9471 = ORIENTED_EDGE ('', *, *, #9350, .T.);
#9472 = EDGE_LOOP ('', (#9468, #9469, #9470, #9471));
#9473 = FACE_OUTER_BOUND ('', #9472, .T.);
#9474 = CARTESIAN_POINT ('', (-41.7826500370944, 41.7215159790935, 3.5));
#9475 = CARTESIAN_POINT ('', (-41.5326500370944, 42.1545286809858, 3.5));
#9476 = CARTESIAN_POINT ('', (-41.9656627389867, 42.4045286809858, 3.5));
#9477 = CARTESIAN_POINT ('', (-41.7826500370944, 41.7215159790935, 5.));
#9478 = CARTESIAN_POINT ('', (-41.5326500370944, 42.1545286809858, 5.));
#9479 = CARTESIAN_POINT ('', (-41.9656627389867, 42.4045286809858, 5.));
#9480 = (
   BOUNDED_SURFACE ()
   B_SPLINE_SURFACE (1, 2, ((#9474, #9475, #9476), (#9477, #9478, #9479)), .UNSPECIFIED., .F., .F., .U.)
   B_SPLINE_SURFACE_WITH_KNOTS ((2, 2), (3, 3), (0., 1.), (14., 15.), .UNSPECIFIED.)
   GEOMETRIC_REPRESENTATION_ITEM ()
   RATIONAL_B_SPLINE_SURFACE (((1., 0.707106781186541, 1.), (1., 0.707106781186541, 1.)))
   REPRESENTATION_ITEM ('')
   SURFACE ()
);
#9481 = ADVANCED_FACE ('', (#9473), #9480, .T.);
#9482 = ORIENTED_EDGE ('', *, *, #4176, .T.);
#9483 = CARTESIAN_POINT ('', (-12.5658639918226, 36.7558911600226, 3.5));
#9484 = CARTESIAN_POINT ('', (-12.5658639918226, 36.7558911600226, 5.));
#9485 = B_SPLINE_CURVE_WITH_KNOTS ('', 1, (#9483, #9484), .UNSPECIFIED., .F., .U., (2, 2), (0., 1.), .UNSPECIFIED.);
#9486 = EDGE_CURVE ('', #1171, #4171, #9485, .T.);
#9487 = ORIENTED_EDGE ('', *, *, #9486, .F.);
#9488 = ORIENTED_EDGE ('', *, *, #1176, .F.);
#9489 = CARTESIAN_POINT ('', (-12.5658639918226, 36.048784378836, 3.5));
#9490 = CARTESIAN_POINT ('', (-12.5658639918226, 36.048784378836, 5.));
#9491 = B_SPLINE_CURVE_WITH_KNOTS ('', 1, (#9489, #9490), .UNSPECIFIED., .F., .U., (2, 2), (0., 1.), .UNSPECIFIED.);
#9492 = EDGE_CURVE ('', #1169, #4169, #9491, .T.);
#9493 = ORIENTED_EDGE ('', *, *, #9492, .T.);
#9494 = EDGE_LOOP ('', (#9482, #9487, #9488, #9493));
#9495 = FACE_OUTER_BOUND ('', #9494, .T.);
#9496 = CARTESIAN_POINT ('', (-12.5658639918226, 36.048784378836, 3.5));
#9497 = CARTESIAN_POINT ('', (-12.2123106012293, 36.4023377694293, 3.5));
#9498 = CARTESIAN_POINT ('', (-12.5658639918226, 36.7558911600226, 3.5));
#9499 = CARTESIAN_POINT ('', (-12.5658639918226, 36.048784378836, 5.));
#9500 = CARTESIAN_POINT ('', (-12.2123106012293, 36.4023377694293, 5.));
#9501 = CARTESIAN_POINT ('', (-12.5658639918226, 36.7558911600226, 5.));
#9502 = (
   BOUNDED_SURFACE ()
   B_SPLINE_SURFACE (1, 2, ((#9496, #9497, #9498), (#9499, #9500, #9501)), .UNSPECIFIED., .F., .F., .U.)
   B_SPLINE_SURFACE_WITH_KNOTS ((2, 2), (3, 3), (0., 1.), (95.7500000000011, 96.7500000000011), .UNSPECIFIED.)
   GEOMETRIC_REPRESENTATION_ITEM ()
   RATIONAL_B_SPLINE_SURFACE (((1., 0.707106781186549, 1.), (1., 0.707106781186549, 1.)))
   REPRESENTATION_ITEM ('')
   SURFACE ()
);
#9503 = ADVANCED_FACE ('', (#9495), #9502, .T.);
#9504 = ORIENTED_EDGE ('', *, *, #4183, .T.);
#9505 = ORIENTED_EDGE ('', *, *, #9492, .F.);
#9506 = ORIENTED_EDGE ('', *, *, #1314, .F.);
#9507 = CARTESIAN_POINT ('', (-16.6317279836454, 31.9829203870133, 3.5));
#9508 = CARTESIAN_POINT ('', (-16.6317279836454, 31.9829203870133, 5.));
#9509 = B_SPLINE_CURVE_WITH_KNOTS ('', 1, (#9507, #9508), .UNSPECIFIED., .F., .U., (2, 2), (0., 1.), .UNSPECIFIED.);
#9510 = EDGE_CURVE ('', #1304, #4179, #9509, .T.);
#9511 = ORIENTED_EDGE ('', *, *, #9510, .T.);
#9512 = EDGE_LOOP ('', (#9504, #9505, #9506, #9511));
#9513 = FACE_OUTER_BOUND ('', #9512, .T.);
#9514 = CARTESIAN_POINT ('', (-16.6317279836454, 31.9829203870133, 3.5));
#9515 = CARTESIAN_POINT ('', (-12.5658639918226, 36.048784378836, 3.5));
#9516 = CARTESIAN_POINT ('', (-16.6317279836454, 31.9829203870133, 5.));
#9517 = CARTESIAN_POINT ('', (-12.5658639918226, 36.048784378836, 5.));
#9518 = B_SPLINE_SURFACE_WITH_KNOTS ('', 1, 1, ((#9514, #9515), (#9516, #9517)), .UNSPECIFIED., .F., .F., .U., (2, 2), (2, 2), (0., 1.), (90.0000000000009, 95.7500000000011), .UNSPECIFIED.);
#9519 = ADVANCED_FACE ('', (#9513), #9518, .T.);
#9520 = ORIENTED_EDGE ('', *, *, #4191, .T.);
#9521 = ORIENTED_EDGE ('', *, *, #9510, .F.);
#9522 = ORIENTED_EDGE ('', *, *, #1309, .F.);
#9523 = CARTESIAN_POINT ('', (-17.3388347648319, 31.9829203870133, 3.5));
#9524 = CARTESIAN_POINT ('', (-17.3388347648319, 31.9829203870133, 5.));
#9525 = B_SPLINE_CURVE_WITH_KNOTS ('', 1, (#9523, #9524), .UNSPECIFIED., .F., .U., (2, 2), (0., 1.), .UNSPECIFIED.);
#9526 = EDGE_CURVE ('', #1297, #4186, #9525, .T.);
#9527 = ORIENTED_EDGE ('', *, *, #9526, .T.);
#9528 = EDGE_LOOP ('', (#9520, #9521, #9522, #9527));
#9529 = FACE_OUTER_BOUND ('', #9528, .T.);
#9530 = CARTESIAN_POINT ('', (-17.3388347648319, 31.9829203870133, 3.5));
#9531 = CARTESIAN_POINT ('', (-16.9852813742386, 31.62936699642, 3.5));
#9532 = CARTESIAN_POINT ('', (-16.6317279836454, 31.9829203870133, 3.5));
#9533 = CARTESIAN_POINT ('', (-17.3388347648319, 31.9829203870133, 5.));
#9534 = CARTESIAN_POINT ('', (-16.9852813742386, 31.62936699642, 5.));
#9535 = CARTESIAN_POINT ('', (-16.6317279836454, 31.9829203870133, 5.));
#9536 = (
   BOUNDED_SURFACE ()
   B_SPLINE_SURFACE (1, 2, ((#9530, #9531, #9532), (#9533, #9534, #9535)), .UNSPECIFIED., .F., .F., .U.)
   B_SPLINE_SURFACE_WITH_KNOTS ((2, 2), (3, 3), (0., 1.), (89.0000000000009, 90.0000000000009), .UNSPECIFIED.)
   GEOMETRIC_REPRESENTATION_ITEM ()
   RATIONAL_B_SPLINE_SURFACE (((1., 0.707106781186558, 1.), (1., 0.707106781186558, 1.)))
   REPRESENTATION_ITEM ('')
   SURFACE ()
);
#9537 = ADVANCED_FACE ('', (#9529), #9536, .T.);
#9538 = ORIENTED_EDGE ('', *, *, #4198, .T.);
#9539 = ORIENTED_EDGE ('', *, *, #9526, .F.);
#9540 = ORIENTED_EDGE ('', *, *, #1301, .F.);
#9541 = CARTESIAN_POINT ('', (-17.6923881554251, 32.3364737776066, 3.5));
#9542 = CARTESIAN_POINT ('', (-17.6923881554251, 32.3364737776066, 5.));
#9543 = B_SPLINE_CURVE_WITH_KNOTS ('', 1, (#9541, #9542), .UNSPECIFIED., .F., .U., (2, 2), (0., 1.), .UNSPECIFIED.);
#9544 = EDGE_CURVE ('', #1290, #4194, #9543, .T.);
#9545 = ORIENTED_EDGE ('', *, *, #9544, .T.);
#9546 = EDGE_LOOP ('', (#9538, #9539, #9540, #9545));
#9547 = FACE_OUTER_BOUND ('', #9546, .T.);
#9548 = CARTESIAN_POINT ('', (-17.6923881554251, 32.3364737776066, 3.5));
#9549 = CARTESIAN_POINT ('', (-17.3388347648319, 31.9829203870133, 3.5));
#9550 = CARTESIAN_POINT ('', (-17.6923881554251, 32.3364737776066, 5.));
#9551 = CARTESIAN_POINT ('', (-17.3388347648319, 31.9829203870133, 5.));
#9552 = B_SPLINE_SURFACE_WITH_KNOTS ('', 1, 1, ((#9548, #9549), (#9550, #9551)), .UNSPECIFIED., .F., .F., .U., (2, 2), (2, 2), (0., 1.), (88.5000000000009, 89.0000000000009), .UNSPECIFIED.);
#9553 = ADVANCED_FACE ('', (#9547), #9552, .T.);
#9554 = ORIENTED_EDGE ('', *, *, #4205, .T.);
#9555 = ORIENTED_EDGE ('', *, *, #9544, .F.);
#9556 = ORIENTED_EDGE ('', *, *, #1294, .F.);
#9557 = CARTESIAN_POINT ('', (-29.7132034355964, 20.3156584974352, 3.5));
#9558 = CARTESIAN_POINT ('', (-29.7132034355964, 20.3156584974352, 5.));
#9559 = B_SPLINE_CURVE_WITH_KNOTS ('', 1, (#9557, #9558), .UNSPECIFIED., .F., .U., (2, 2), (0., 1.), .UNSPECIFIED.);
#9560 = EDGE_CURVE ('', #1283, #4201, #9559, .T.);
#9561 = ORIENTED_EDGE ('', *, *, #9560, .T.);
#9562 = EDGE_LOOP ('', (#9554, #9555, #9556, #9561));
#9563 = FACE_OUTER_BOUND ('', #9562, .T.);
#9564 = CARTESIAN_POINT ('', (-29.7132034355964, 20.3156584974352, 3.5));
#9565 = CARTESIAN_POINT ('', (-17.6923881554251, 32.3364737776066, 3.5));
#9566 = CARTESIAN_POINT ('', (-29.7132034355964, 20.3156584974352, 5.));
#9567 = CARTESIAN_POINT ('', (-17.6923881554251, 32.3364737776066, 5.));
#9568 = B_SPLINE_SURFACE_WITH_KNOTS ('', 1, 1, ((#9564, #9565), (#9566, #9567)), .UNSPECIFIED., .F., .F., .U., (2, 2), (2, 2), (0., 1.), (71.5000000000009, 88.5000000000009), .UNSPECIFIED.);
#9569 = ADVANCED_FACE ('', (#9563), #9568, .T.);
#9570 = ORIENTED_EDGE ('', *, *, #4212, .T.);
#9571 = ORIENTED_EDGE ('', *, *, #9560, .F.);
#9572 = ORIENTED_EDGE ('', *, *, #1287, .F.);
#9573 = CARTESIAN_POINT ('', (-29.359650045003, 19.9621051068416, 3.5));
#9574 = CARTESIAN_POINT ('', (-29.359650045003, 19.9621051068416, 5.));
#9575 = B_SPLINE_CURVE_WITH_KNOTS ('', 1, (#9573, #9574), .UNSPECIFIED., .F., .U., (2, 2), (0., 1.), .UNSPECIFIED.);
#9576 = EDGE_CURVE ('', #1275, #4208, #9575, .T.);
#9577 = ORIENTED_EDGE ('', *, *, #9576, .T.);
#9578 = EDGE_LOOP ('', (#9570, #9571, #9572, #9577));
#9579 = FACE_OUTER_BOUND ('', #9578, .T.);
#9580 = CARTESIAN_POINT ('', (-29.359650045003, 19.9621051068416, 3.5));
#9581 = CARTESIAN_POINT ('', (-29.7132034355964, 20.3156584974352, 3.5));
#9582 = CARTESIAN_POINT ('', (-29.359650045003, 19.9621051068416, 5.));
#9583 = CARTESIAN_POINT ('', (-29.7132034355964, 20.3156584974352, 5.));
#9584 = B_SPLINE_SURFACE_WITH_KNOTS ('', 1, 1, ((#9580, #9581), (#9582, #9583)), .UNSPECIFIED., .F., .F., .U., (2, 2), (2, 2), (0., 1.), (71.0000000000005, 71.5000000000009), .UNSPECIFIED.);
#9585 = ADVANCED_FACE ('', (#9579), #9584, .T.);
#9586 = ORIENTED_EDGE ('', *, *, #4220, .T.);
#9587 = ORIENTED_EDGE ('', *, *, #9576, .F.);
#9588 = ORIENTED_EDGE ('', *, *, #1280, .F.);
#9589 = CARTESIAN_POINT ('', (-29.359650045003, 19.254998325655, 3.5));
#9590 = CARTESIAN_POINT ('', (-29.359650045003, 19.254998325655, 5.));
#9591 = B_SPLINE_CURVE_WITH_KNOTS ('', 1, (#9589, #9590), .UNSPECIFIED., .F., .U., (2, 2), (0., 1.), .UNSPECIFIED.);
#9592 = EDGE_CURVE ('', #1268, #4215, #9591, .T.);
#9593 = ORIENTED_EDGE ('', *, *, #9592, .T.);
#9594 = EDGE_LOOP ('', (#9586, #9587, #9588, #9593));
#9595 = FACE_OUTER_BOUND ('', #9594, .T.);
#9596 = CARTESIAN_POINT ('', (-29.359650045003, 19.254998325655, 3.5));
#9597 = CARTESIAN_POINT ('', (-29.0060966544098, 19.6085517162483, 3.5));
#9598 = CARTESIAN_POINT ('', (-29.359650045003, 19.9621051068416, 3.5));
#9599 = CARTESIAN_POINT ('', (-29.359650045003, 19.254998325655, 5.));
#9600 = CARTESIAN_POINT ('', (-29.0060966544098, 19.6085517162483, 5.));
#9601 = CARTESIAN_POINT ('', (-29.359650045003, 19.9621051068416, 5.));
#9602 = (
   BOUNDED_SURFACE ()
   B_SPLINE_SURFACE (1, 2, ((#9596, #9597, #9598), (#9599, #9600, #9601)), .UNSPECIFIED., .F., .F., .U.)
   B_SPLINE_SURFACE_WITH_KNOTS ((2, 2), (3, 3), (0., 1.), (70.0000000000005, 71.0000000000005), .UNSPECIFIED.)
   GEOMETRIC_REPRESENTATION_ITEM ()
   RATIONAL_B_SPLINE_SURFACE (((1., 0.707106781186565, 1.), (1., 0.707106781186565, 1.)))
   REPRESENTATION_ITEM ('')
   SURFACE ()
);
#9603 = ADVANCED_FACE ('', (#9595), #9602, .T.);
#9604 = ORIENTED_EDGE ('', *, *, #4227, .T.);
#9605 = ORIENTED_EDGE ('', *, *, #9592, .F.);
#9606 = ORIENTED_EDGE ('', *, *, #1272, .F.);
#9607 = CARTESIAN_POINT ('', (-33.4255140368258, 15.1891343338324, 3.5));
#9608 = CARTESIAN_POINT ('', (-33.4255140368258, 15.1891343338324, 5.));
#9609 = B_SPLINE_CURVE_WITH_KNOTS ('', 1, (#9607, #9608), .UNSPECIFIED., .F., .U., (2, 2), (0., 1.), .UNSPECIFIED.);
#9610 = EDGE_CURVE ('', #1260, #4223, #9609, .T.);
#9611 = ORIENTED_EDGE ('', *, *, #9610, .T.);
#9612 = EDGE_LOOP ('', (#9604, #9605, #9606, #9611));
#9613 = FACE_OUTER_BOUND ('', #9612, .T.);
#9614 = CARTESIAN_POINT ('', (-33.4255140368258, 15.1891343338324, 3.5));
#9615 = CARTESIAN_POINT ('', (-29.359650045003, 19.254998325655, 3.5));
#9616 = CARTESIAN_POINT ('', (-33.4255140368258, 15.1891343338324, 5.));
#9617 = CARTESIAN_POINT ('', (-29.359650045003, 19.254998325655, 5.));
#9618 = B_SPLINE_SURFACE_WITH_KNOTS ('', 1, 1, ((#9614, #9615), (#9616, #9617)), .UNSPECIFIED., .F., .F., .U., (2, 2), (2, 2), (0., 1.), (64.2500000000005, 70.0000000000005), .UNSPECIFIED.);
#9619 = ADVANCED_FACE ('', (#9613), #9618, .T.);
#9620 = ORIENTED_EDGE ('', *, *, #4235, .T.);
#9621 = ORIENTED_EDGE ('', *, *, #9610, .F.);
#9622 = ORIENTED_EDGE ('', *, *, #1265, .F.);
#9623 = CARTESIAN_POINT ('', (-34.1326208180123, 15.1891343338325, 3.5));
#9624 = CARTESIAN_POINT ('', (-34.1326208180123, 15.1891343338325, 5.));
#9625 = B_SPLINE_CURVE_WITH_KNOTS ('', 1, (#9623, #9624), .UNSPECIFIED., .F., .U., (2, 2), (0., 1.), .UNSPECIFIED.);
#9626 = EDGE_CURVE ('', #1253, #4230, #9625, .T.);
#9627 = ORIENTED_EDGE ('', *, *, #9626, .T.);
#9628 = EDGE_LOOP ('', (#9620, #9621, #9622, #9627));
#9629 = FACE_OUTER_BOUND ('', #9628, .T.);
#9630 = CARTESIAN_POINT ('', (-34.1326208180123, 15.1891343338325, 3.5));
#9631 = CARTESIAN_POINT ('', (-33.7790674274191, 14.8355809432391, 3.5));
#9632 = CARTESIAN_POINT ('', (-33.4255140368258, 15.1891343338324, 3.5));
#9633 = CARTESIAN_POINT ('', (-34.1326208180123, 15.1891343338325, 5.));
#9634 = CARTESIAN_POINT ('', (-33.7790674274191, 14.8355809432391, 5.));
#9635 = CARTESIAN_POINT ('', (-33.4255140368258, 15.1891343338324, 5.));
#9636 = (
   BOUNDED_SURFACE ()
   B_SPLINE_SURFACE (1, 2, ((#9630, #9631, #9632), (#9633, #9634, #9635)), .UNSPECIFIED., .F., .F., .U.)
   B_SPLINE_SURFACE_WITH_KNOTS ((2, 2), (3, 3), (0., 1.), (63.2500000000005, 64.2500000000005), .UNSPECIFIED.)
   GEOMETRIC_REPRESENTATION_ITEM ()
   RATIONAL_B_SPLINE_SURFACE (((1., 0.707106781186526, 1.), (1., 0.707106781186526, 1.)))
   REPRESENTATION_ITEM ('')
   SURFACE ()
);
#9637 = ADVANCED_FACE ('', (#9629), #9636, .T.);
#9638 = ORIENTED_EDGE ('', *, *, #4242, .T.);
#9639 = ORIENTED_EDGE ('', *, *, #9626, .F.);
#9640 = ORIENTED_EDGE ('', *, *, #1257, .F.);
#9641 = CARTESIAN_POINT ('', (-34.4861742086057, 15.542687724426, 3.5));
#9642 = CARTESIAN_POINT ('', (-34.4861742086057, 15.542687724426, 5.));
#9643 = B_SPLINE_CURVE_WITH_KNOTS ('', 1, (#9641, #9642), .UNSPECIFIED., .F., .U., (2, 2), (0., 1.), .UNSPECIFIED.);
#9644 = EDGE_CURVE ('', #1246, #4238, #9643, .T.);
#9645 = ORIENTED_EDGE ('', *, *, #9644, .T.);
#9646 = EDGE_LOOP ('', (#9638, #9639, #9640, #9645));
#9647 = FACE_OUTER_BOUND ('', #9646, .T.);
#9648 = CARTESIAN_POINT ('', (-34.4861742086057, 15.542687724426, 3.5));
#9649 = CARTESIAN_POINT ('', (-34.1326208180123, 15.1891343338324, 3.5));
#9650 = CARTESIAN_POINT ('', (-34.4861742086057, 15.542687724426, 5.));
#9651 = CARTESIAN_POINT ('', (-34.1326208180123, 15.1891343338324, 5.));
#9652 = B_SPLINE_SURFACE_WITH_KNOTS ('', 1, 1, ((#9648, #9649), (#9650, #9651)), .UNSPECIFIED., .F., .F., .U., (2, 2), (2, 2), (0., 1.), (62.7500000000002, 63.2500000000005), .UNSPECIFIED.);
#9653 = ADVANCED_FACE ('', (#9647), #9652, .T.);
#9654 = ORIENTED_EDGE ('', *, *, #4249, .T.);
#9655 = ORIENTED_EDGE ('', *, *, #9644, .F.);
#9656 = ORIENTED_EDGE ('', *, *, #1250, .F.);
#9657 = CARTESIAN_POINT ('', (-35.0165042944957, 15.0123576385361, 3.5));
#9658 = CARTESIAN_POINT ('', (-35.0165042944957, 15.0123576385361, 5.));
#9659 = B_SPLINE_CURVE_WITH_KNOTS ('', 1, (#9657, #9658), .UNSPECIFIED., .F., .U., (2, 2), (0., 1.), .UNSPECIFIED.);
#9660 = EDGE_CURVE ('', #1238, #4245, #9659, .T.);
#9661 = ORIENTED_EDGE ('', *, *, #9660, .T.);
#9662 = EDGE_LOOP ('', (#9654, #9655, #9656, #9661));
#9663 = FACE_OUTER_BOUND ('', #9662, .T.);
#9664 = CARTESIAN_POINT ('', (-35.0165042944957, 15.0123576385361, 3.5));
#9665 = CARTESIAN_POINT ('', (-34.4861742086057, 15.542687724426, 3.5));
#9666 = CARTESIAN_POINT ('', (-35.0165042944957, 15.0123576385361, 5.));
#9667 = CARTESIAN_POINT ('', (-34.4861742086057, 15.542687724426, 5.));
#9668 = B_SPLINE_SURFACE_WITH_KNOTS ('', 1, 1, ((#9664, #9665), (#9666, #9667)), .UNSPECIFIED., .F., .F., .U., (2, 2), (2, 2), (0., 1.), (62., 62.7500000000002), .UNSPECIFIED.);
#9669 = ADVANCED_FACE ('', (#9663), #9668, .T.);
#9670 = ORIENTED_EDGE ('', *, *, #4257, .T.);
#9671 = ORIENTED_EDGE ('', *, *, #9660, .F.);
#9672 = ORIENTED_EDGE ('', *, *, #1243, .F.);
#9673 = CARTESIAN_POINT ('', (-35.7236110756823, 15.0123576385361, 3.5));
#9674 = CARTESIAN_POINT ('', (-35.7236110756823, 15.0123576385361, 5.));
#9675 = B_SPLINE_CURVE_WITH_KNOTS ('', 1, (#9673, #9674), .UNSPECIFIED., .F., .U., (2, 2), (0., 1.), .UNSPECIFIED.);
#9676 = EDGE_CURVE ('', #1231, #4252, #9675, .T.);
#9677 = ORIENTED_EDGE ('', *, *, #9676, .T.);
#9678 = EDGE_LOOP ('', (#9670, #9671, #9672, #9677));
#9679 = FACE_OUTER_BOUND ('', #9678, .T.);
#9680 = CARTESIAN_POINT ('', (-35.7236110756823, 15.0123576385361, 3.5));
#9681 = CARTESIAN_POINT ('', (-35.370057685089, 14.6588042479428, 3.5));
#9682 = CARTESIAN_POINT ('', (-35.0165042944957, 15.0123576385361, 3.5));
#9683 = CARTESIAN_POINT ('', (-35.7236110756823, 15.0123576385361, 5.));
#9684 = CARTESIAN_POINT ('', (-35.370057685089, 14.6588042479428, 5.));
#9685 = CARTESIAN_POINT ('', (-35.0165042944957, 15.0123576385361, 5.));
#9686 = (
   BOUNDED_SURFACE ()
   B_SPLINE_SURFACE (1, 2, ((#9680, #9681, #9682), (#9683, #9684, #9685)), .UNSPECIFIED., .F., .F., .U.)
   B_SPLINE_SURFACE_WITH_KNOTS ((2, 2), (3, 3), (0., 1.), (61., 62.), .UNSPECIFIED.)
   GEOMETRIC_REPRESENTATION_ITEM ()
   RATIONAL_B_SPLINE_SURFACE (((1., 0.707106781186548, 1.), (1., 0.707106781186548, 1.)))
   REPRESENTATION_ITEM ('')
   SURFACE ()
);
#9687 = ADVANCED_FACE ('', (#9679), #9686, .T.);
#9688 = ORIENTED_EDGE ('', *, *, #4264, .T.);
#9689 = ORIENTED_EDGE ('', *, *, #9676, .F.);
#9690 = ORIENTED_EDGE ('', *, *, #1235, .F.);
#9691 = CARTESIAN_POINT ('', (-44.9159992311073, 24.2047457939611, 3.5));
#9692 = CARTESIAN_POINT ('', (-44.9159992311073, 24.2047457939611, 5.));
#9693 = B_SPLINE_CURVE_WITH_KNOTS ('', 1, (#9691, #9692), .UNSPECIFIED., .F., .U., (2, 2), (0., 1.), .UNSPECIFIED.);
#9694 = EDGE_CURVE ('', #1223, #4260, #9693, .T.);
#9695 = ORIENTED_EDGE ('', *, *, #9694, .T.);
#9696 = EDGE_LOOP ('', (#9688, #9689, #9690, #9695));
#9697 = FACE_OUTER_BOUND ('', #9696, .T.);
#9698 = CARTESIAN_POINT ('', (-44.9159992311073, 24.2047457939611, 3.5));
#9699 = CARTESIAN_POINT ('', (-35.7236110756823, 15.0123576385361, 3.5));
#9700 = CARTESIAN_POINT ('', (-44.9159992311073, 24.2047457939611, 5.));
#9701 = CARTESIAN_POINT ('', (-35.7236110756823, 15.0123576385361, 5.));
#9702 = B_SPLINE_SURFACE_WITH_KNOTS ('', 1, 1, ((#9698, #9699), (#9700, #9701)), .UNSPECIFIED., .F., .F., .U., (2, 2), (2, 2), (0., 1.), (48.0000000000002, 61.), .UNSPECIFIED.);
#9703 = ADVANCED_FACE ('', (#9697), #9702, .T.);
#9704 = ORIENTED_EDGE ('', *, *, #4272, .T.);
#9705 = ORIENTED_EDGE ('', *, *, #9694, .F.);
#9706 = ORIENTED_EDGE ('', *, *, #1228, .F.);
#9707 = CARTESIAN_POINT ('', (-44.9159992311073, 24.9118525751476, 3.5));
#9708 = CARTESIAN_POINT ('', (-44.9159992311073, 24.9118525751476, 5.));
#9709 = B_SPLINE_CURVE_WITH_KNOTS ('', 1, (#9707, #9708), .UNSPECIFIED., .F., .U., (2, 2), (0., 1.), .UNSPECIFIED.);
#9710 = EDGE_CURVE ('', #1216, #4267, #9709, .T.);
#9711 = ORIENTED_EDGE ('', *, *, #9710, .T.);
#9712 = EDGE_LOOP ('', (#9704, #9705, #9706, #9711));
#9713 = FACE_OUTER_BOUND ('', #9712, .T.);
#9714 = CARTESIAN_POINT ('', (-44.9159992311073, 24.9118525751476, 3.5));
#9715 = CARTESIAN_POINT ('', (-45.2695526217006, 24.5582991845544, 3.5));
#9716 = CARTESIAN_POINT ('', (-44.9159992311073, 24.2047457939611, 3.5));
#9717 = CARTESIAN_POINT ('', (-44.9159992311073, 24.9118525751476, 5.));
#9718 = CARTESIAN_POINT ('', (-45.2695526217006, 24.5582991845544, 5.));
#9719 = CARTESIAN_POINT ('', (-44.9159992311073, 24.2047457939611, 5.));
#9720 = (
   BOUNDED_SURFACE ()
   B_SPLINE_SURFACE (1, 2, ((#9714, #9715, #9716), (#9717, #9718, #9719)), .UNSPECIFIED., .F., .F., .U.)
   B_SPLINE_SURFACE_WITH_KNOTS ((2, 2), (3, 3), (0., 1.), (47.0000000000002, 48.0000000000002), .UNSPECIFIED.)
   GEOMETRIC_REPRESENTATION_ITEM ()
   RATIONAL_B_SPLINE_SURFACE (((1., 0.707106781186551, 1.), (1., 0.707106781186551, 1.)))
   REPRESENTATION_ITEM ('')
   SURFACE ()
);
#9721 = ADVANCED_FACE ('', (#9713), #9720, .T.);
#9722 = ORIENTED_EDGE ('', *, *, #4279, .T.);
#9723 = ORIENTED_EDGE ('', *, *, #9710, .F.);
#9724 = ORIENTED_EDGE ('', *, *, #1220, .F.);
#9725 = CARTESIAN_POINT ('', (-22.2885822331379, 47.5392695731173, 3.5));
#9726 = CARTESIAN_POINT ('', (-22.2885822331379, 47.5392695731173, 5.));
#9727 = B_SPLINE_CURVE_WITH_KNOTS ('', 1, (#9725, #9726), .UNSPECIFIED., .F., .U., (2, 2), (0., 1.), .UNSPECIFIED.);
#9728 = EDGE_CURVE ('', #1208, #4275, #9727, .T.);
#9729 = ORIENTED_EDGE ('', *, *, #9728, .T.);
#9730 = EDGE_LOOP ('', (#9722, #9723, #9724, #9729));
#9731 = FACE_OUTER_BOUND ('', #9730, .T.);
#9732 = CARTESIAN_POINT ('', (-22.2885822331379, 47.5392695731173, 3.5));
#9733 = CARTESIAN_POINT ('', (-44.9159992311073, 24.9118525751476, 3.5));
#9734 = CARTESIAN_POINT ('', (-22.2885822331379, 47.5392695731173, 5.));
#9735 = CARTESIAN_POINT ('', (-44.9159992311073, 24.9118525751476, 5.));
#9736 = B_SPLINE_SURFACE_WITH_KNOTS ('', 1, 1, ((#9732, #9733), (#9734, #9735)), .UNSPECIFIED., .F., .F., .U., (2, 2), (2, 2), (0., 1.), (15.0000000000002, 47.0000000000002), .UNSPECIFIED.);
#9737 = ADVANCED_FACE ('', (#9731), #9736, .T.);
#9738 = ORIENTED_EDGE ('', *, *, #4287, .T.);
#9739 = ORIENTED_EDGE ('', *, *, #9728, .F.);
#9740 = ORIENTED_EDGE ('', *, *, #1213, .F.);
#9741 = CARTESIAN_POINT ('', (-21.5814754519514, 47.5392695731173, 3.5));
#9742 = CARTESIAN_POINT ('', (-21.5814754519514, 47.5392695731173, 5.));
#9743 = B_SPLINE_CURVE_WITH_KNOTS ('', 1, (#9741, #9742), .UNSPECIFIED., .F., .U., (2, 2), (0., 1.), .UNSPECIFIED.);
#9744 = EDGE_CURVE ('', #1201, #4282, #9743, .T.);
#9745 = ORIENTED_EDGE ('', *, *, #9744, .T.);
#9746 = EDGE_LOOP ('', (#9738, #9739, #9740, #9745));
#9747 = FACE_OUTER_BOUND ('', #9746, .T.);
#9748 = CARTESIAN_POINT ('', (-21.5814754519514, 47.5392695731173, 3.5));
#9749 = CARTESIAN_POINT ('', (-21.9350288425446, 47.8928229637106, 3.5));
#9750 = CARTESIAN_POINT ('', (-22.2885822331379, 47.5392695731173, 3.5));
#9751 = CARTESIAN_POINT ('', (-21.5814754519514, 47.5392695731173, 5.));
#9752 = CARTESIAN_POINT ('', (-21.9350288425446, 47.8928229637106, 5.));
#9753 = CARTESIAN_POINT ('', (-22.2885822331379, 47.5392695731173, 5.));
#9754 = (
   BOUNDED_SURFACE ()
   B_SPLINE_SURFACE (1, 2, ((#9748, #9749, #9750), (#9751, #9752, #9753)), .UNSPECIFIED., .F., .F., .U.)
   B_SPLINE_SURFACE_WITH_KNOTS ((2, 2), (3, 3), (0., 1.), (14.0000000000002, 15.0000000000002), .UNSPECIFIED.)
   GEOMETRIC_REPRESENTATION_ITEM ()
   RATIONAL_B_SPLINE_SURFACE (((1., 0.707106781186537, 1.), (1., 0.707106781186537, 1.)))
   REPRESENTATION_ITEM ('')
   SURFACE ()
);
#9755 = ADVANCED_FACE ('', (#9747), #9754, .T.);
#9756 = ORIENTED_EDGE ('', *, *, #4294, .T.);
#9757 = ORIENTED_EDGE ('', *, *, #9744, .F.);
#9758 = ORIENTED_EDGE ('', *, *, #1205, .F.);
#9759 = CARTESIAN_POINT ('', (-12.3890872965261, 38.3468814176921, 3.5));
#9760 = CARTESIAN_POINT ('', (-12.3890872965261, 38.3468814176921, 5.));
#9761 = B_SPLINE_CURVE_WITH_KNOTS ('', 1, (#9759, #9760), .UNSPECIFIED., .F., .U., (2, 2), (0., 1.), .UNSPECIFIED.);
#9762 = EDGE_CURVE ('', #1193, #4290, #9761, .T.);
#9763 = ORIENTED_EDGE ('', *, *, #9762, .T.);
#9764 = EDGE_LOOP ('', (#9756, #9757, #9758, #9763));
#9765 = FACE_OUTER_BOUND ('', #9764, .T.);
#9766 = CARTESIAN_POINT ('', (-12.3890872965261, 38.3468814176921, 3.5));
#9767 = CARTESIAN_POINT ('', (-21.5814754519514, 47.5392695731173, 3.5));
#9768 = CARTESIAN_POINT ('', (-12.3890872965261, 38.3468814176921, 5.));
#9769 = CARTESIAN_POINT ('', (-21.5814754519514, 47.5392695731173, 5.));
#9770 = B_SPLINE_SURFACE_WITH_KNOTS ('', 1, 1, ((#9766, #9767), (#9768, #9769)), .UNSPECIFIED., .F., .F., .U., (2, 2), (2, 2), (0., 1.), (1., 14.0000000000002), .UNSPECIFIED.);
#9771 = ADVANCED_FACE ('', (#9765), #9770, .T.);
#9772 = ORIENTED_EDGE ('', *, *, #4302, .T.);
#9773 = ORIENTED_EDGE ('', *, *, #9762, .F.);
#9774 = ORIENTED_EDGE ('', *, *, #1198, .F.);
#9775 = CARTESIAN_POINT ('', (-12.3890872965261, 37.6397746365056, 3.5));
#9776 = CARTESIAN_POINT ('', (-12.3890872965261, 37.6397746365056, 5.));
#9777 = B_SPLINE_CURVE_WITH_KNOTS ('', 1, (#9775, #9776), .UNSPECIFIED., .F., .U., (2, 2), (0., 1.), .UNSPECIFIED.);
#9778 = EDGE_CURVE ('', #1186, #4297, #9777, .T.);
#9779 = ORIENTED_EDGE ('', *, *, #9778, .T.);
#9780 = EDGE_LOOP ('', (#9772, #9773, #9774, #9779));
#9781 = FACE_OUTER_BOUND ('', #9780, .T.);
#9782 = CARTESIAN_POINT ('', (-12.3890872965261, 37.6397746365056, 3.5));
#9783 = CARTESIAN_POINT ('', (-12.0355339059328, 37.9933280270988, 3.5));
#9784 = CARTESIAN_POINT ('', (-12.3890872965261, 38.3468814176921, 3.5));
#9785 = CARTESIAN_POINT ('', (-12.3890872965261, 37.6397746365056, 5.));
#9786 = CARTESIAN_POINT ('', (-12.0355339059328, 37.9933280270988, 5.));
#9787 = CARTESIAN_POINT ('', (-12.3890872965261, 38.3468814176921, 5.));
#9788 = (
   BOUNDED_SURFACE ()
   B_SPLINE_SURFACE (1, 2, ((#9782, #9783, #9784), (#9785, #9786, #9787)), .UNSPECIFIED., .F., .F., .U.)
   B_SPLINE_SURFACE_WITH_KNOTS ((2, 2), (3, 3), (0., 1.), (0., 1.), .UNSPECIFIED.)
   GEOMETRIC_REPRESENTATION_ITEM ()
   RATIONAL_B_SPLINE_SURFACE (((1., 0.707106781186554, 1.), (1., 0.707106781186554, 1.)))
   REPRESENTATION_ITEM ('')
   SURFACE ()
);
#9789 = ADVANCED_FACE ('', (#9781), #9788, .T.);
#9790 = ORIENTED_EDGE ('', *, *, #4309, .T.);
#9791 = ORIENTED_EDGE ('', *, *, #9778, .F.);
#9792 = ORIENTED_EDGE ('', *, *, #1190, .F.);
#9793 = CARTESIAN_POINT ('', (-12.9194173824166, 37.1094445506154, 3.5));
#9794 = CARTESIAN_POINT ('', (-12.9194173824166, 37.1094445506154, 5.));
#9795 = B_SPLINE_CURVE_WITH_KNOTS ('', 1, (#9793, #9794), .UNSPECIFIED., .F., .U., (2, 2), (0., 1.), .UNSPECIFIED.);
#9796 = EDGE_CURVE ('', #1179, #4305, #9795, .T.);
#9797 = ORIENTED_EDGE ('', *, *, #9796, .T.);
#9798 = EDGE_LOOP ('', (#9790, #9791, #9792, #9797));
#9799 = FACE_OUTER_BOUND ('', #9798, .T.);
#9800 = CARTESIAN_POINT ('', (-12.9194173824166, 37.1094445506154, 3.5));
#9801 = CARTESIAN_POINT ('', (-12.3890872965261, 37.6397746365056, 3.5));
#9802 = CARTESIAN_POINT ('', (-12.9194173824166, 37.1094445506154, 5.));
#9803 = CARTESIAN_POINT ('', (-12.3890872965261, 37.6397746365056, 5.));
#9804 = B_SPLINE_SURFACE_WITH_KNOTS ('', 1, 1, ((#9800, #9801), (#9802, #9803)), .UNSPECIFIED., .F., .F., .U., (2, 2), (2, 2), (0., 1.), (97.2500000000015, 98.000000000003), .UNSPECIFIED.);
#9805 = ADVANCED_FACE ('', (#9799), #9804, .T.);
#9806 = ORIENTED_EDGE ('', *, *, #4314, .T.);
#9807 = ORIENTED_EDGE ('', *, *, #9796, .F.);
#9808 = ORIENTED_EDGE ('', *, *, #1183, .F.);
#9809 = ORIENTED_EDGE ('', *, *, #9486, .T.);
#9810 = EDGE_LOOP ('', (#9806, #9807, #9808, #9809));
#9811 = FACE_OUTER_BOUND ('', #9810, .T.);
#9812 = CARTESIAN_POINT ('', (-12.5658639918226, 36.7558911600226, 3.5));
#9813 = CARTESIAN_POINT ('', (-12.9194173824166, 37.1094445506154, 3.5));
#9814 = CARTESIAN_POINT ('', (-12.5658639918226, 36.7558911600226, 5.));
#9815 = CARTESIAN_POINT ('', (-12.9194173824166, 37.1094445506154, 5.));
#9816 = B_SPLINE_SURFACE_WITH_KNOTS ('', 1, 1, ((#9812, #9813), (#9814, #9815)), .UNSPECIFIED., .F., .F., .U., (2, 2), (2, 2), (0., 1.), (96.7500000000011, 97.2500000000015), .UNSPECIFIED.);
#9817 = ADVANCED_FACE ('', (#9811), #9816, .T.);
#9818 = ORIENTED_EDGE ('', *, *, #4113, .T.);
#9819 = CARTESIAN_POINT ('', (-23.528194681992, 54.0033844060028, 3.5));
#9820 = CARTESIAN_POINT ('', (-23.528194681992, 54.0033844060028, 5.));
#9821 = B_SPLINE_CURVE_WITH_KNOTS ('', 1, (#9819, #9820), .UNSPECIFIED., .F., .U., (2, 2), (0., 1.), .UNSPECIFIED.);
#9822 = EDGE_CURVE ('', #1109, #4109, #9821, .T.);
#9823 = ORIENTED_EDGE ('', *, *, #9822, .F.);
#9824 = ORIENTED_EDGE ('', *, *, #1113, .F.);
#9825 = CARTESIAN_POINT ('', (-36.4169778798516, 55.7002249048635, 3.5));
#9826 = CARTESIAN_POINT ('', (-36.4169778798516, 55.7002249048635, 5.));
#9827 = B_SPLINE_CURVE_WITH_KNOTS ('', 1, (#9825, #9826), .UNSPECIFIED., .F., .U., (2, 2), (0., 1.), .UNSPECIFIED.);
#9828 = EDGE_CURVE ('', #1107, #4107, #9827, .T.);
#9829 = ORIENTED_EDGE ('', *, *, #9828, .T.);
#9830 = EDGE_LOOP ('', (#9818, #9823, #9824, #9829));
#9831 = FACE_OUTER_BOUND ('', #9830, .T.);
#9832 = CARTESIAN_POINT ('', (-36.4169778798516, 55.7002249048635, 3.5));
#9833 = CARTESIAN_POINT ('', (-23.528194681992, 54.0033844060028, 3.5));
#9834 = CARTESIAN_POINT ('', (-36.4169778798516, 55.7002249048635, 5.));
#9835 = CARTESIAN_POINT ('', (-23.528194681992, 54.0033844060028, 5.));
#9836 = B_SPLINE_SURFACE_WITH_KNOTS ('', 1, 1, ((#9832, #9833), (#9834, #9835)), .UNSPECIFIED., .F., .F., .U., (2, 2), (2, 2), (0., 1.), (1., 14.), .UNSPECIFIED.);
#9837 = ADVANCED_FACE ('', (#9831), #9836, .T.);
#9838 = ORIENTED_EDGE ('', *, *, #4121, .T.);
#9839 = ORIENTED_EDGE ('', *, *, #9828, .F.);
#9840 = ORIENTED_EDGE ('', *, *, #1164, .F.);
#9841 = CARTESIAN_POINT ('', (-36.8474372144284, 56.2612104316604, 3.5));
#9842 = CARTESIAN_POINT ('', (-36.8474372144284, 56.2612104316604, 5.));
#9843 = B_SPLINE_CURVE_WITH_KNOTS ('', 1, (#9841, #9842), .UNSPECIFIED., .F., .U., (2, 2), (0., 1.), .UNSPECIFIED.);
#9844 = EDGE_CURVE ('', #1154, #4116, #9843, .T.);
#9845 = ORIENTED_EDGE ('', *, *, #9844, .T.);
#9846 = EDGE_LOOP ('', (#9838, #9839, #9840, #9845));
#9847 = FACE_OUTER_BOUND ('', #9846, .T.);
#9848 = CARTESIAN_POINT ('', (-36.8474372144284, 56.2612104316604, 3.5));
#9849 = CARTESIAN_POINT ('', (-36.9127003105385, 55.7654880009735, 3.5));
#9850 = CARTESIAN_POINT ('', (-36.4169778798516, 55.7002249048635, 3.5));
#9851 = CARTESIAN_POINT ('', (-36.8474372144284, 56.2612104316604, 5.));
#9852 = CARTESIAN_POINT ('', (-36.9127003105385, 55.7654880009735, 5.));
#9853 = CARTESIAN_POINT ('', (-36.4169778798516, 55.7002249048635, 5.));
#9854 = (
   BOUNDED_SURFACE ()
   B_SPLINE_SURFACE (1, 2, ((#9848, #9849, #9850), (#9851, #9852, #9853)), .UNSPECIFIED., .F., .F., .U.)
   B_SPLINE_SURFACE_WITH_KNOTS ((2, 2), (3, 3), (0., 1.), (0., 1.), .UNSPECIFIED.)
   GEOMETRIC_REPRESENTATION_ITEM ()
   RATIONAL_B_SPLINE_SURFACE (((1., 0.707106781186549, 1.), (1., 0.707106781186549, 1.)))
   REPRESENTATION_ITEM ('')
   SURFACE ()
);
#9855 = ADVANCED_FACE ('', (#9847), #9854, .T.);
#9856 = ORIENTED_EDGE ('', *, *, #4128, .T.);
#9857 = ORIENTED_EDGE ('', *, *, #9844, .F.);
#9858 = ORIENTED_EDGE ('', *, *, #1158, .F.);
#9859 = CARTESIAN_POINT ('', (-35.1505967155678, 69.14999362952, 3.5));
#9860 = CARTESIAN_POINT ('', (-35.1505967155678, 69.14999362952, 5.));
#9861 = B_SPLINE_CURVE_WITH_KNOTS ('', 1, (#9859, #9860), .UNSPECIFIED., .F., .U., (2, 2), (0., 1.), .UNSPECIFIED.);
#9862 = EDGE_CURVE ('', #1146, #4124, #9861, .T.);
#9863 = ORIENTED_EDGE ('', *, *, #9862, .T.);
#9864 = EDGE_LOOP ('', (#9856, #9857, #9858, #9863));
#9865 = FACE_OUTER_BOUND ('', #9864, .T.);
#9866 = CARTESIAN_POINT ('', (-35.1505967155678, 69.14999362952, 3.5));
#9867 = CARTESIAN_POINT ('', (-36.8474372144284, 56.2612104316605, 3.5));
#9868 = CARTESIAN_POINT ('', (-35.1505967155678, 69.14999362952, 5.));
#9869 = CARTESIAN_POINT ('', (-36.8474372144284, 56.2612104316605, 5.));
#9870 = B_SPLINE_SURFACE_WITH_KNOTS ('', 1, 1, ((#9866, #9867), (#9868, #9869)), .UNSPECIFIED., .F., .F., .U., (2, 2), (2, 2), (0., 1.), (43., 56.), .UNSPECIFIED.);
#9871 = ADVANCED_FACE ('', (#9865), #9870, .T.);
#9872 = ORIENTED_EDGE ('', *, *, #4136, .T.);
#9873 = ORIENTED_EDGE ('', *, *, #9862, .F.);
#9874 = ORIENTED_EDGE ('', *, *, #1151, .F.);
#9875 = CARTESIAN_POINT ('', (-34.5896111887708, 69.5804529640968, 3.5));
#9876 = CARTESIAN_POINT ('', (-34.5896111887708, 69.5804529640968, 5.));
#9877 = B_SPLINE_CURVE_WITH_KNOTS ('', 1, (#9875, #9876), .UNSPECIFIED., .F., .U., (2, 2), (0., 1.), .UNSPECIFIED.);
#9878 = EDGE_CURVE ('', #1139, #4131, #9877, .T.);
#9879 = ORIENTED_EDGE ('', *, *, #9878, .T.);
#9880 = EDGE_LOOP ('', (#9872, #9873, #9874, #9879));
#9881 = FACE_OUTER_BOUND ('', #9880, .T.);
#9882 = CARTESIAN_POINT ('', (-34.5896111887708, 69.5804529640968, 3.5));
#9883 = CARTESIAN_POINT ('', (-35.0853336194577, 69.6457160602069, 3.5));
#9884 = CARTESIAN_POINT ('', (-35.1505967155678, 69.14999362952, 3.5));
#9885 = CARTESIAN_POINT ('', (-34.5896111887708, 69.5804529640968, 5.));
#9886 = CARTESIAN_POINT ('', (-35.0853336194577, 69.6457160602069, 5.));
#9887 = CARTESIAN_POINT ('', (-35.1505967155678, 69.14999362952, 5.));
#9888 = (
   BOUNDED_SURFACE ()
   B_SPLINE_SURFACE (1, 2, ((#9882, #9883, #9884), (#9885, #9886, #9887)), .UNSPECIFIED., .F., .F., .U.)
   B_SPLINE_SURFACE_WITH_KNOTS ((2, 2), (3, 3), (0., 1.), (42., 43.), .UNSPECIFIED.)
   GEOMETRIC_REPRESENTATION_ITEM ()
   RATIONAL_B_SPLINE_SURFACE (((1., 0.707106781186563, 1.), (1., 0.707106781186563, 1.)))
   REPRESENTATION_ITEM ('')
   SURFACE ()
);
#9889 = ADVANCED_FACE ('', (#9881), #9888, .T.);
#9890 = ORIENTED_EDGE ('', *, *, #4143, .T.);
#9891 = ORIENTED_EDGE ('', *, *, #9878, .F.);
#9892 = ORIENTED_EDGE ('', *, *, #1143, .F.);
#9893 = CARTESIAN_POINT ('', (-21.7008279909113, 67.8836124652361, 3.5));
#9894 = CARTESIAN_POINT ('', (-21.7008279909113, 67.8836124652361, 5.));
#9895 = B_SPLINE_CURVE_WITH_KNOTS ('', 1, (#9893, #9894), .UNSPECIFIED., .F., .U., (2, 2), (0., 1.), .UNSPECIFIED.);
#9896 = EDGE_CURVE ('', #1131, #4139, #9895, .T.);
#9897 = ORIENTED_EDGE ('', *, *, #9896, .T.);
#9898 = EDGE_LOOP ('', (#9890, #9891, #9892, #9897));
#9899 = FACE_OUTER_BOUND ('', #9898, .T.);
#9900 = CARTESIAN_POINT ('', (-21.7008279909113, 67.8836124652361, 3.5));
#9901 = CARTESIAN_POINT ('', (-34.5896111887708, 69.5804529640968, 3.5));
#9902 = CARTESIAN_POINT ('', (-21.7008279909113, 67.8836124652361, 5.));
#9903 = CARTESIAN_POINT ('', (-34.5896111887708, 69.5804529640968, 5.));
#9904 = B_SPLINE_SURFACE_WITH_KNOTS ('', 1, 1, ((#9900, #9901), (#9902, #9903)), .UNSPECIFIED., .F., .F., .U., (2, 2), (2, 2), (0., 1.), (29., 42.), .UNSPECIFIED.);
#9905 = ADVANCED_FACE ('', (#9899), #9904, .T.);
#9906 = ORIENTED_EDGE ('', *, *, #4151, .T.);
#9907 = ORIENTED_EDGE ('', *, *, #9896, .F.);
#9908 = ORIENTED_EDGE ('', *, *, #1136, .F.);
#9909 = CARTESIAN_POINT ('', (-21.2703686563344, 67.3226269384392, 3.5));
#9910 = CARTESIAN_POINT ('', (-21.2703686563344, 67.3226269384392, 5.));
#9911 = B_SPLINE_CURVE_WITH_KNOTS ('', 1, (#9909, #9910), .UNSPECIFIED., .F., .U., (2, 2), (0., 1.), .UNSPECIFIED.);
#9912 = EDGE_CURVE ('', #1124, #4146, #9911, .T.);
#9913 = ORIENTED_EDGE ('', *, *, #9912, .T.);
#9914 = EDGE_LOOP ('', (#9906, #9907, #9908, #9913));
#9915 = FACE_OUTER_BOUND ('', #9914, .T.);
#9916 = CARTESIAN_POINT ('', (-21.2703686563344, 67.3226269384392, 3.5));
#9917 = CARTESIAN_POINT ('', (-21.2051055602244, 67.8183493691261, 3.5));
#9918 = CARTESIAN_POINT ('', (-21.7008279909113, 67.8836124652361, 3.5));
#9919 = CARTESIAN_POINT ('', (-21.2703686563344, 67.3226269384392, 5.));
#9920 = CARTESIAN_POINT ('', (-21.2051055602244, 67.8183493691261, 5.));
#9921 = CARTESIAN_POINT ('', (-21.7008279909113, 67.8836124652361, 5.));
#9922 = (
   BOUNDED_SURFACE ()
   B_SPLINE_SURFACE (1, 2, ((#9916, #9917, #9918), (#9919, #9920, #9921)), .UNSPECIFIED., .F., .F., .U.)
   B_SPLINE_SURFACE_WITH_KNOTS ((2, 2), (3, 3), (0., 1.), (28., 29.), .UNSPECIFIED.)
   GEOMETRIC_REPRESENTATION_ITEM ()
   RATIONAL_B_SPLINE_SURFACE (((1., 0.707106781186543, 1.), (1., 0.707106781186543, 1.)))
   REPRESENTATION_ITEM ('')
   SURFACE ()
);
#9923 = ADVANCED_FACE ('', (#9915), #9922, .T.);
#9924 = ORIENTED_EDGE ('', *, *, #4158, .T.);
#9925 = ORIENTED_EDGE ('', *, *, #9912, .F.);
#9926 = ORIENTED_EDGE ('', *, *, #1128, .F.);
#9927 = CARTESIAN_POINT ('', (-22.9672091551951, 54.4338437405797, 3.5));
#9928 = CARTESIAN_POINT ('', (-22.9672091551951, 54.4338437405797, 5.));
#9929 = B_SPLINE_CURVE_WITH_KNOTS ('', 1, (#9927, #9928), .UNSPECIFIED., .F., .U., (2, 2), (0., 1.), .UNSPECIFIED.);
#9930 = EDGE_CURVE ('', #1116, #4154, #9929, .T.);
#9931 = ORIENTED_EDGE ('', *, *, #9930, .T.);
#9932 = EDGE_LOOP ('', (#9924, #9925, #9926, #9931));
#9933 = FACE_OUTER_BOUND ('', #9932, .T.);
#9934 = CARTESIAN_POINT ('', (-22.9672091551951, 54.4338437405797, 3.5));
#9935 = CARTESIAN_POINT ('', (-21.2703686563344, 67.3226269384392, 3.5));
#9936 = CARTESIAN_POINT ('', (-22.9672091551951, 54.4338437405797, 5.));
#9937 = CARTESIAN_POINT ('', (-21.2703686563344, 67.3226269384392, 5.));
#9938 = B_SPLINE_SURFACE_WITH_KNOTS ('', 1, 1, ((#9934, #9935), (#9936, #9937)), .UNSPECIFIED., .F., .F., .U., (2, 2), (2, 2), (0., 1.), (15., 28.), .UNSPECIFIED.);
#9939 = ADVANCED_FACE ('', (#9933), #9938, .T.);
#9940 = ORIENTED_EDGE ('', *, *, #4164, .T.);
#9941 = ORIENTED_EDGE ('', *, *, #9930, .F.);
#9942 = ORIENTED_EDGE ('', *, *, #1121, .F.);
#9943 = ORIENTED_EDGE ('', *, *, #9822, .T.);
#9944 = EDGE_LOOP ('', (#9940, #9941, #9942, #9943));
#9945 = FACE_OUTER_BOUND ('', #9944, .T.);
#9946 = CARTESIAN_POINT ('', (-23.528194681992, 54.0033844060028, 3.5));
#9947 = CARTESIAN_POINT ('', (-23.0324722513051, 53.9381213098928, 3.5));
#9948 = CARTESIAN_POINT ('', (-22.9672091551951, 54.4338437405797, 3.5));
#9949 = CARTESIAN_POINT ('', (-23.528194681992, 54.0033844060028, 5.));
#9950 = CARTESIAN_POINT ('', (-23.0324722513051, 53.9381213098928, 5.));
#9951 = CARTESIAN_POINT ('', (-22.9672091551951, 54.4338437405797, 5.));
#9952 = (
   BOUNDED_SURFACE ()
   B_SPLINE_SURFACE (1, 2, ((#9946, #9947, #9948), (#9949, #9950, #9951)), .UNSPECIFIED., .F., .F., .U.)
   B_SPLINE_SURFACE_WITH_KNOTS ((2, 2), (3, 3), (0., 1.), (14., 15.), .UNSPECIFIED.)
   GEOMETRIC_REPRESENTATION_ITEM ()
   RATIONAL_B_SPLINE_SURFACE (((1., 0.707106781186549, 1.), (1., 0.707106781186549, 1.)))
   REPRESENTATION_ITEM ('')
   SURFACE ()
);
#9953 = ADVANCED_FACE ('', (#9945), #9952, .T.);
#9954 = ORIENTED_EDGE ('', *, *, #4051, .T.);
#9955 = CARTESIAN_POINT ('', (-14.0932360251229, 72.0110452719802, 3.5));
#9956 = CARTESIAN_POINT ('', (-14.0932360251229, 72.0110452719802, 5.));
#9957 = B_SPLINE_CURVE_WITH_KNOTS ('', 1, (#9955, #9956), .UNSPECIFIED., .F., .U., (2, 2), (0., 1.), .UNSPECIFIED.);
#9958 = EDGE_CURVE ('', #1047, #4047, #9957, .T.);
#9959 = ORIENTED_EDGE ('', *, *, #9958, .F.);
#9960 = ORIENTED_EDGE ('', *, *, #1051, .F.);
#9961 = CARTESIAN_POINT ('', (-26.9820192229824, 73.7078857708409, 3.5));
#9962 = CARTESIAN_POINT ('', (-26.9820192229824, 73.7078857708409, 5.));
#9963 = B_SPLINE_CURVE_WITH_KNOTS ('', 1, (#9961, #9962), .UNSPECIFIED., .F., .U., (2, 2), (0., 1.), .UNSPECIFIED.);
#9964 = EDGE_CURVE ('', #1045, #4045, #9963, .T.);
#9965 = ORIENTED_EDGE ('', *, *, #9964, .T.);
#9966 = EDGE_LOOP ('', (#9954, #9959, #9960, #9965));
#9967 = FACE_OUTER_BOUND ('', #9966, .T.);
#9968 = CARTESIAN_POINT ('', (-26.9820192229824, 73.7078857708409, 3.5));
#9969 = CARTESIAN_POINT ('', (-14.0932360251229, 72.0110452719802, 3.5));
#9970 = CARTESIAN_POINT ('', (-26.9820192229824, 73.7078857708409, 5.));
#9971 = CARTESIAN_POINT ('', (-14.0932360251229, 72.0110452719802, 5.));
#9972 = B_SPLINE_SURFACE_WITH_KNOTS ('', 1, 1, ((#9968, #9969), (#9970, #9971)), .UNSPECIFIED., .F., .F., .U., (2, 2), (2, 2), (0., 1.), (1., 14.), .UNSPECIFIED.);
#9973 = ADVANCED_FACE ('', (#9967), #9972, .T.);
#9974 = ORIENTED_EDGE ('', *, *, #4059, .T.);
#9975 = ORIENTED_EDGE ('', *, *, #9964, .F.);
#9976 = ORIENTED_EDGE ('', *, *, #1102, .F.);
#9977 = CARTESIAN_POINT ('', (-27.4124785575593, 74.2688712976378, 3.5));
#9978 = CARTESIAN_POINT ('', (-27.4124785575593, 74.2688712976378, 5.));
#9979 = B_SPLINE_CURVE_WITH_KNOTS ('', 1, (#9977, #9978), .UNSPECIFIED., .F., .U., (2, 2), (0., 1.), .UNSPECIFIED.);
#9980 = EDGE_CURVE ('', #1092, #4054, #9979, .T.);
#9981 = ORIENTED_EDGE ('', *, *, #9980, .T.);
#9982 = EDGE_LOOP ('', (#9974, #9975, #9976, #9981));
#9983 = FACE_OUTER_BOUND ('', #9982, .T.);
#9984 = CARTESIAN_POINT ('', (-27.4124785575593, 74.2688712976378, 3.5));
#9985 = CARTESIAN_POINT ('', (-27.4777416536694, 73.7731488669509, 3.5));
#9986 = CARTESIAN_POINT ('', (-26.9820192229824, 73.7078857708409, 3.5));
#9987 = CARTESIAN_POINT ('', (-27.4124785575593, 74.2688712976378, 5.));
#9988 = CARTESIAN_POINT ('', (-27.4777416536694, 73.7731488669509, 5.));
#9989 = CARTESIAN_POINT ('', (-26.9820192229824, 73.7078857708409, 5.));
#9990 = (
   BOUNDED_SURFACE ()
   B_SPLINE_SURFACE (1, 2, ((#9984, #9985, #9986), (#9987, #9988, #9989)), .UNSPECIFIED., .F., .F., .U.)
   B_SPLINE_SURFACE_WITH_KNOTS ((2, 2), (3, 3), (0., 1.), (0., 1.), .UNSPECIFIED.)
   GEOMETRIC_REPRESENTATION_ITEM ()
   RATIONAL_B_SPLINE_SURFACE (((1., 0.707106781186532, 1.), (1., 0.707106781186532, 1.)))
   REPRESENTATION_ITEM ('')
   SURFACE ()
);
#9991 = ADVANCED_FACE ('', (#9983), #9990, .T.);
#9992 = ORIENTED_EDGE ('', *, *, #4066, .T.);
#9993 = ORIENTED_EDGE ('', *, *, #9980, .F.);
#9994 = ORIENTED_EDGE ('', *, *, #1096, .F.);
#9995 = CARTESIAN_POINT ('', (-25.7156380586987, 87.1576544954973, 3.5));
#9996 = CARTESIAN_POINT ('', (-25.7156380586987, 87.1576544954973, 5.));
#9997 = B_SPLINE_CURVE_WITH_KNOTS ('', 1, (#9995, #9996), .UNSPECIFIED., .F., .U., (2, 2), (0., 1.), .UNSPECIFIED.);
#9998 = EDGE_CURVE ('', #1084, #4062, #9997, .T.);
#9999 = ORIENTED_EDGE ('', *, *, #9998, .T.);
#10000 = EDGE_LOOP ('', (#9992, #9993, #9994, #9999));
#10001 = FACE_OUTER_BOUND ('', #10000, .T.);
#10002 = CARTESIAN_POINT ('', (-25.7156380586987, 87.1576544954973, 3.5));
#10003 = CARTESIAN_POINT ('', (-27.4124785575593, 74.2688712976378, 3.5));
#10004 = CARTESIAN_POINT ('', (-25.7156380586987, 87.1576544954973, 5.));
#10005 = CARTESIAN_POINT ('', (-27.4124785575593, 74.2688712976378, 5.));
#10006 = B_SPLINE_SURFACE_WITH_KNOTS ('', 1, 1, ((#10002, #10003), (#10004, #10005)), .UNSPECIFIED., .F., .F., .U., (2, 2), (2, 2), (0., 1.), (43., 56.), .UNSPECIFIED.);
#10007 = ADVANCED_FACE ('', (#10001), #10006, .T.);
#10008 = ORIENTED_EDGE ('', *, *, #4074, .T.);
#10009 = ORIENTED_EDGE ('', *, *, #9998, .F.);
#10010 = ORIENTED_EDGE ('', *, *, #1089, .F.);
#10011 = CARTESIAN_POINT ('', (-25.1546525319017, 87.5881138300742, 3.5));
#10012 = CARTESIAN_POINT ('', (-25.1546525319017, 87.5881138300742, 5.));
#10013 = B_SPLINE_CURVE_WITH_KNOTS ('', 1, (#10011, #10012), .UNSPECIFIED., .F., .U., (2, 2), (0., 1.), .UNSPECIFIED.);
#10014 = EDGE_CURVE ('', #1077, #4069, #10013, .T.);
#10015 = ORIENTED_EDGE ('', *, *, #10014, .T.);
#10016 = EDGE_LOOP ('', (#10008, #10009, #10010, #10015));
#10017 = FACE_OUTER_BOUND ('', #10016, .T.);
#10018 = CARTESIAN_POINT ('', (-25.1546525319017, 87.5881138300742, 3.5));
#10019 = CARTESIAN_POINT ('', (-25.6503749625886, 87.6533769261842, 3.5));
#10020 = CARTESIAN_POINT ('', (-25.7156380586987, 87.1576544954973, 3.5));
#10021 = CARTESIAN_POINT ('', (-25.1546525319017, 87.5881138300742, 5.));
#10022 = CARTESIAN_POINT ('', (-25.6503749625886, 87.6533769261842, 5.));
#10023 = CARTESIAN_POINT ('', (-25.7156380586987, 87.1576544954973, 5.));
#10024 = (
   BOUNDED_SURFACE ()
   B_SPLINE_SURFACE (1, 2, ((#10018, #10019, #10020), (#10021, #10022, #10023)), .UNSPECIFIED., .F., .F., .U.)
   B_SPLINE_SURFACE_WITH_KNOTS ((2, 2), (3, 3), (0., 1.), (42., 43.), .UNSPECIFIED.)
   GEOMETRIC_REPRESENTATION_ITEM ()
   RATIONAL_B_SPLINE_SURFACE (((1., 0.707106781186563, 1.), (1., 0.707106781186563, 1.)))
   REPRESENTATION_ITEM ('')
   SURFACE ()
);
#10025 = ADVANCED_FACE ('', (#10017), #10024, .T.);
#10026 = ORIENTED_EDGE ('', *, *, #4081, .T.);
#10027 = ORIENTED_EDGE ('', *, *, #10014, .F.);
#10028 = ORIENTED_EDGE ('', *, *, #1081, .F.);
#10029 = CARTESIAN_POINT ('', (-12.2658693340422, 85.8912733312135, 3.5));
#10030 = CARTESIAN_POINT ('', (-12.2658693340422, 85.8912733312135, 5.));
#10031 = B_SPLINE_CURVE_WITH_KNOTS ('', 1, (#10029, #10030), .UNSPECIFIED., .F., .U., (2, 2), (0., 1.), .UNSPECIFIED.);
#10032 = EDGE_CURVE ('', #1069, #4077, #10031, .T.);
#10033 = ORIENTED_EDGE ('', *, *, #10032, .T.);
#10034 = EDGE_LOOP ('', (#10026, #10027, #10028, #10033));
#10035 = FACE_OUTER_BOUND ('', #10034, .T.);
#10036 = CARTESIAN_POINT ('', (-12.2658693340422, 85.8912733312135, 3.5));
#10037 = CARTESIAN_POINT ('', (-25.1546525319017, 87.5881138300742, 3.5));
#10038 = CARTESIAN_POINT ('', (-12.2658693340422, 85.8912733312135, 5.));
#10039 = CARTESIAN_POINT ('', (-25.1546525319017, 87.5881138300742, 5.));
#10040 = B_SPLINE_SURFACE_WITH_KNOTS ('', 1, 1, ((#10036, #10037), (#10038, #10039)), .UNSPECIFIED., .F., .F., .U., (2, 2), (2, 2), (0., 1.), (29., 42.), .UNSPECIFIED.);
#10041 = ADVANCED_FACE ('', (#10035), #10040, .T.);
#10042 = ORIENTED_EDGE ('', *, *, #4089, .T.);
#10043 = ORIENTED_EDGE ('', *, *, #10032, .F.);
#10044 = ORIENTED_EDGE ('', *, *, #1074, .F.);
#10045 = CARTESIAN_POINT ('', (-11.8354099994653, 85.3302878044166, 3.5));
#10046 = CARTESIAN_POINT ('', (-11.8354099994653, 85.3302878044166, 5.));
#10047 = B_SPLINE_CURVE_WITH_KNOTS ('', 1, (#10045, #10046), .UNSPECIFIED., .F., .U., (2, 2), (0., 1.), .UNSPECIFIED.);
#10048 = EDGE_CURVE ('', #1062, #4084, #10047, .T.);
#10049 = ORIENTED_EDGE ('', *, *, #10048, .T.);
#10050 = EDGE_LOOP ('', (#10042, #10043, #10044, #10049));
#10051 = FACE_OUTER_BOUND ('', #10050, .T.);
#10052 = CARTESIAN_POINT ('', (-11.8354099994653, 85.3302878044166, 3.5));
#10053 = CARTESIAN_POINT ('', (-11.7701469033553, 85.8260102351035, 3.5));
#10054 = CARTESIAN_POINT ('', (-12.2658693340422, 85.8912733312135, 3.5));
#10055 = CARTESIAN_POINT ('', (-11.8354099994653, 85.3302878044166, 5.));
#10056 = CARTESIAN_POINT ('', (-11.7701469033553, 85.8260102351035, 5.));
#10057 = CARTESIAN_POINT ('', (-12.2658693340422, 85.8912733312135, 5.));
#10058 = (
   BOUNDED_SURFACE ()
   B_SPLINE_SURFACE (1, 2, ((#10052, #10053, #10054), (#10055, #10056, #10057)), .UNSPECIFIED., .F., .F., .U.)
   B_SPLINE_SURFACE_WITH_KNOTS ((2, 2), (3, 3), (0., 1.), (28., 29.), .UNSPECIFIED.)
   GEOMETRIC_REPRESENTATION_ITEM ()
   RATIONAL_B_SPLINE_SURFACE (((1., 0.707106781186544, 1.), (1., 0.707106781186544, 1.)))
   REPRESENTATION_ITEM ('')
   SURFACE ()
);
#10059 = ADVANCED_FACE ('', (#10051), #10058, .T.);
#10060 = ORIENTED_EDGE ('', *, *, #4096, .T.);
#10061 = ORIENTED_EDGE ('', *, *, #10048, .F.);
#10062 = ORIENTED_EDGE ('', *, *, #1066, .F.);
#10063 = CARTESIAN_POINT ('', (-13.532250498326, 72.4415046065571, 3.5));
#10064 = CARTESIAN_POINT ('', (-13.532250498326, 72.4415046065571, 5.));
#10065 = B_SPLINE_CURVE_WITH_KNOTS ('', 1, (#10063, #10064), .UNSPECIFIED., .F., .U., (2, 2), (0., 1.), .UNSPECIFIED.);
#10066 = EDGE_CURVE ('', #1054, #4092, #10065, .T.);
#10067 = ORIENTED_EDGE ('', *, *, #10066, .T.);
#10068 = EDGE_LOOP ('', (#10060, #10061, #10062, #10067));
#10069 = FACE_OUTER_BOUND ('', #10068, .T.);
#10070 = CARTESIAN_POINT ('', (-13.532250498326, 72.4415046065571, 3.5));
#10071 = CARTESIAN_POINT ('', (-11.8354099994653, 85.3302878044166, 3.5));
#10072 = CARTESIAN_POINT ('', (-13.532250498326, 72.4415046065571, 5.));
#10073 = CARTESIAN_POINT ('', (-11.8354099994653, 85.3302878044166, 5.));
#10074 = B_SPLINE_SURFACE_WITH_KNOTS ('', 1, 1, ((#10070, #10071), (#10072, #10073)), .UNSPECIFIED., .F., .F., .U., (2, 2), (2, 2), (0., 1.), (15., 28.), .UNSPECIFIED.);
#10075 = ADVANCED_FACE ('', (#10069), #10074, .T.);
#10076 = ORIENTED_EDGE ('', *, *, #4102, .T.);
#10077 = ORIENTED_EDGE ('', *, *, #10066, .F.);
#10078 = ORIENTED_EDGE ('', *, *, #1059, .F.);
#10079 = ORIENTED_EDGE ('', *, *, #9958, .T.);
#10080 = EDGE_LOOP ('', (#10076, #10077, #10078, #10079));
#10081 = FACE_OUTER_BOUND ('', #10080, .T.);
#10082 = CARTESIAN_POINT ('', (-14.0932360251229, 72.0110452719802, 3.5));
#10083 = CARTESIAN_POINT ('', (-13.597513594436, 71.9457821758701, 3.5));
#10084 = CARTESIAN_POINT ('', (-13.532250498326, 72.4415046065571, 3.5));
#10085 = CARTESIAN_POINT ('', (-14.0932360251229, 72.0110452719802, 5.));
#10086 = CARTESIAN_POINT ('', (-13.597513594436, 71.9457821758701, 5.));
#10087 = CARTESIAN_POINT ('', (-13.532250498326, 72.4415046065571, 5.));
#10088 = (
   BOUNDED_SURFACE ()
   B_SPLINE_SURFACE (1, 2, ((#10082, #10083, #10084), (#10085, #10086, #10087)), .UNSPECIFIED., .F., .F., .U.)
   B_SPLINE_SURFACE_WITH_KNOTS ((2, 2), (3, 3), (0., 1.), (14., 15.), .UNSPECIFIED.)
   GEOMETRIC_REPRESENTATION_ITEM ()
   RATIONAL_B_SPLINE_SURFACE (((1., 0.707106781186548, 1.), (1., 0.707106781186548, 1.)))
   REPRESENTATION_ITEM ('')
   SURFACE ()
);
#10089 = ADVANCED_FACE ('', (#10081), #10088, .T.);
#10090 = ORIENTED_EDGE ('', *, *, #3989, .T.);
#10091 = CARTESIAN_POINT ('', (-37.6156470480944, 94.4833820581839, 3.5));
#10092 = CARTESIAN_POINT ('', (-37.6156470480944, 94.4833820581839, 5.));
#10093 = B_SPLINE_CURVE_WITH_KNOTS ('', 1, (#10091, #10092), .UNSPECIFIED., .F., .U., (2, 2), (0., 1.), .UNSPECIFIED.);
#10094 = EDGE_CURVE ('', #985, #3985, #10093, .T.);
#10095 = ORIENTED_EDGE ('', *, *, #10094, .F.);
#10096 = ORIENTED_EDGE ('', *, *, #989, .F.);
#10097 = CARTESIAN_POINT ('', (-50.5044302459539, 96.1802225570445, 3.5));
#10098 = CARTESIAN_POINT ('', (-50.5044302459539, 96.1802225570445, 5.));
#10099 = B_SPLINE_CURVE_WITH_KNOTS ('', 1, (#10097, #10098), .UNSPECIFIED., .F., .U., (2, 2), (0., 1.), .UNSPECIFIED.);
#10100 = EDGE_CURVE ('', #983, #3983, #10099, .T.);
#10101 = ORIENTED_EDGE ('', *, *, #10100, .T.);
#10102 = EDGE_LOOP ('', (#10090, #10095, #10096, #10101));
#10103 = FACE_OUTER_BOUND ('', #10102, .T.);
#10104 = CARTESIAN_POINT ('', (-50.5044302459539, 96.1802225570445, 3.5));
#10105 = CARTESIAN_POINT ('', (-37.6156470480944, 94.4833820581839, 3.5));
#10106 = CARTESIAN_POINT ('', (-50.5044302459539, 96.1802225570445, 5.));
#10107 = CARTESIAN_POINT ('', (-37.6156470480944, 94.4833820581839, 5.));
#10108 = B_SPLINE_SURFACE_WITH_KNOTS ('', 1, 1, ((#10104, #10105), (#10106, #10107)), .UNSPECIFIED., .F., .F., .U., (2, 2), (2, 2), (0., 1.), (1., 14.), .UNSPECIFIED.);
#10109 = ADVANCED_FACE ('', (#10103), #10108, .T.);
#10110 = ORIENTED_EDGE ('', *, *, #3997, .T.);
#10111 = ORIENTED_EDGE ('', *, *, #10100, .F.);
#10112 = ORIENTED_EDGE ('', *, *, #1040, .F.);
#10113 = CARTESIAN_POINT ('', (-50.9348895805308, 96.7412080838415, 3.5));
#10114 = CARTESIAN_POINT ('', (-50.9348895805308, 96.7412080838415, 5.));
#10115 = B_SPLINE_CURVE_WITH_KNOTS ('', 1, (#10113, #10114), .UNSPECIFIED., .F., .U., (2, 2), (0., 1.), .UNSPECIFIED.);
#10116 = EDGE_CURVE ('', #1030, #3992, #10115, .T.);
#10117 = ORIENTED_EDGE ('', *, *, #10116, .T.);
#10118 = EDGE_LOOP ('', (#10110, #10111, #10112, #10117));
#10119 = FACE_OUTER_BOUND ('', #10118, .T.);
#10120 = CARTESIAN_POINT ('', (-50.9348895805308, 96.7412080838415, 3.5));
#10121 = CARTESIAN_POINT ('', (-51.0001526766408, 96.2454856531546, 3.5));
#10122 = CARTESIAN_POINT ('', (-50.5044302459539, 96.1802225570445, 3.5));
#10123 = CARTESIAN_POINT ('', (-50.9348895805308, 96.7412080838415, 5.));
#10124 = CARTESIAN_POINT ('', (-51.0001526766408, 96.2454856531546, 5.));
#10125 = CARTESIAN_POINT ('', (-50.5044302459539, 96.1802225570445, 5.));
#10126 = (
   BOUNDED_SURFACE ()
   B_SPLINE_SURFACE (1, 2, ((#10120, #10121, #10122), (#10123, #10124, #10125)), .UNSPECIFIED., .F., .F., .U.)
   B_SPLINE_SURFACE_WITH_KNOTS ((2, 2), (3, 3), (0., 1.), (0., 1.), .UNSPECIFIED.)
   GEOMETRIC_REPRESENTATION_ITEM ()
   RATIONAL_B_SPLINE_SURFACE (((1., 0.707106781186527, 1.), (1., 0.707106781186527, 1.)))
   REPRESENTATION_ITEM ('')
   SURFACE ()
);
#10127 = ADVANCED_FACE ('', (#10119), #10126, .T.);
#10128 = ORIENTED_EDGE ('', *, *, #4004, .T.);
#10129 = ORIENTED_EDGE ('', *, *, #10116, .F.);
#10130 = ORIENTED_EDGE ('', *, *, #1034, .F.);
#10131 = CARTESIAN_POINT ('', (-49.2380490816701, 109.629991281701, 3.5));
#10132 = CARTESIAN_POINT ('', (-49.2380490816701, 109.629991281701, 5.));
#10133 = B_SPLINE_CURVE_WITH_KNOTS ('', 1, (#10131, #10132), .UNSPECIFIED., .F., .U., (2, 2), (0., 1.), .UNSPECIFIED.);
#10134 = EDGE_CURVE ('', #1022, #4000, #10133, .T.);
#10135 = ORIENTED_EDGE ('', *, *, #10134, .T.);
#10136 = EDGE_LOOP ('', (#10128, #10129, #10130, #10135));
#10137 = FACE_OUTER_BOUND ('', #10136, .T.);
#10138 = CARTESIAN_POINT ('', (-49.2380490816701, 109.629991281701, 3.5));
#10139 = CARTESIAN_POINT ('', (-50.9348895805308, 96.7412080838415, 3.5));
#10140 = CARTESIAN_POINT ('', (-49.2380490816701, 109.629991281701, 5.));
#10141 = CARTESIAN_POINT ('', (-50.9348895805308, 96.7412080838415, 5.));
#10142 = B_SPLINE_SURFACE_WITH_KNOTS ('', 1, 1, ((#10138, #10139), (#10140, #10141)), .UNSPECIFIED., .F., .F., .U., (2, 2), (2, 2), (0., 1.), (43., 56.), .UNSPECIFIED.);
#10143 = ADVANCED_FACE ('', (#10137), #10142, .T.);
#10144 = ORIENTED_EDGE ('', *, *, #4012, .T.);
#10145 = ORIENTED_EDGE ('', *, *, #10134, .F.);
#10146 = ORIENTED_EDGE ('', *, *, #1027, .F.);
#10147 = CARTESIAN_POINT ('', (-48.6770635548732, 110.060450616278, 3.5));
#10148 = CARTESIAN_POINT ('', (-48.6770635548732, 110.060450616278, 5.));
#10149 = B_SPLINE_CURVE_WITH_KNOTS ('', 1, (#10147, #10148), .UNSPECIFIED., .F., .U., (2, 2), (0., 1.), .UNSPECIFIED.);
#10150 = EDGE_CURVE ('', #1015, #4007, #10149, .T.);
#10151 = ORIENTED_EDGE ('', *, *, #10150, .T.);
#10152 = EDGE_LOOP ('', (#10144, #10145, #10146, #10151));
#10153 = FACE_OUTER_BOUND ('', #10152, .T.);
#10154 = CARTESIAN_POINT ('', (-48.6770635548732, 110.060450616278, 3.5));
#10155 = CARTESIAN_POINT ('', (-49.1727859855601, 110.125713712388, 3.5));
#10156 = CARTESIAN_POINT ('', (-49.2380490816701, 109.629991281701, 3.5));
#10157 = CARTESIAN_POINT ('', (-48.6770635548732, 110.060450616278, 5.));
#10158 = CARTESIAN_POINT ('', (-49.1727859855601, 110.125713712388, 5.));
#10159 = CARTESIAN_POINT ('', (-49.2380490816701, 109.629991281701, 5.));
#10160 = (
   BOUNDED_SURFACE ()
   B_SPLINE_SURFACE (1, 2, ((#10154, #10155, #10156), (#10157, #10158, #10159)), .UNSPECIFIED., .F., .F., .U.)
   B_SPLINE_SURFACE_WITH_KNOTS ((2, 2), (3, 3), (0., 1.), (42., 43.), .UNSPECIFIED.)
   GEOMETRIC_REPRESENTATION_ITEM ()
   RATIONAL_B_SPLINE_SURFACE (((1., 0.707106781186552, 1.), (1., 0.707106781186552, 1.)))
   REPRESENTATION_ITEM ('')
   SURFACE ()
);
#10161 = ADVANCED_FACE ('', (#10153), #10160, .T.);
#10162 = ORIENTED_EDGE ('', *, *, #4019, .T.);
#10163 = ORIENTED_EDGE ('', *, *, #10150, .F.);
#10164 = ORIENTED_EDGE ('', *, *, #1019, .F.);
#10165 = CARTESIAN_POINT ('', (-35.7882803570137, 108.363610117417, 3.5));
#10166 = CARTESIAN_POINT ('', (-35.7882803570137, 108.363610117417, 5.));
#10167 = B_SPLINE_CURVE_WITH_KNOTS ('', 1, (#10165, #10166), .UNSPECIFIED., .F., .U., (2, 2), (0., 1.), .UNSPECIFIED.);
#10168 = EDGE_CURVE ('', #1007, #4015, #10167, .T.);
#10169 = ORIENTED_EDGE ('', *, *, #10168, .T.);
#10170 = EDGE_LOOP ('', (#10162, #10163, #10164, #10169));
#10171 = FACE_OUTER_BOUND ('', #10170, .T.);
#10172 = CARTESIAN_POINT ('', (-35.7882803570137, 108.363610117417, 3.5));
#10173 = CARTESIAN_POINT ('', (-48.6770635548732, 110.060450616278, 3.5));
#10174 = CARTESIAN_POINT ('', (-35.7882803570137, 108.363610117417, 5.));
#10175 = CARTESIAN_POINT ('', (-48.6770635548732, 110.060450616278, 5.));
#10176 = B_SPLINE_SURFACE_WITH_KNOTS ('', 1, 1, ((#10172, #10173), (#10174, #10175)), .UNSPECIFIED., .F., .F., .U., (2, 2), (2, 2), (0., 1.), (29., 42.), .UNSPECIFIED.);
#10177 = ADVANCED_FACE ('', (#10171), #10176, .T.);
#10178 = ORIENTED_EDGE ('', *, *, #4027, .T.);
#10179 = ORIENTED_EDGE ('', *, *, #10168, .F.);
#10180 = ORIENTED_EDGE ('', *, *, #1012, .F.);
#10181 = CARTESIAN_POINT ('', (-35.3578210224368, 107.80262459062, 3.5));
#10182 = CARTESIAN_POINT ('', (-35.3578210224368, 107.80262459062, 5.));
#10183 = B_SPLINE_CURVE_WITH_KNOTS ('', 1, (#10181, #10182), .UNSPECIFIED., .F., .U., (2, 2), (0., 1.), .UNSPECIFIED.);
#10184 = EDGE_CURVE ('', #1000, #4022, #10183, .T.);
#10185 = ORIENTED_EDGE ('', *, *, #10184, .T.);
#10186 = EDGE_LOOP ('', (#10178, #10179, #10180, #10185));
#10187 = FACE_OUTER_BOUND ('', #10186, .T.);
#10188 = CARTESIAN_POINT ('', (-35.3578210224368, 107.80262459062, 3.5));
#10189 = CARTESIAN_POINT ('', (-35.2925579263267, 108.298347021307, 3.5));
#10190 = CARTESIAN_POINT ('', (-35.7882803570137, 108.363610117417, 3.5));
#10191 = CARTESIAN_POINT ('', (-35.3578210224368, 107.80262459062, 5.));
#10192 = CARTESIAN_POINT ('', (-35.2925579263267, 108.298347021307, 5.));
#10193 = CARTESIAN_POINT ('', (-35.7882803570137, 108.363610117417, 5.));
#10194 = (
   BOUNDED_SURFACE ()
   B_SPLINE_SURFACE (1, 2, ((#10188, #10189, #10190), (#10191, #10192, #10193)), .UNSPECIFIED., .F., .F., .U.)
   B_SPLINE_SURFACE_WITH_KNOTS ((2, 2), (3, 3), (0., 1.), (28., 29.), .UNSPECIFIED.)
   GEOMETRIC_REPRESENTATION_ITEM ()
   RATIONAL_B_SPLINE_SURFACE (((1., 0.707106781186536, 1.), (1., 0.707106781186536, 1.)))
   REPRESENTATION_ITEM ('')
   SURFACE ()
);
#10195 = ADVANCED_FACE ('', (#10187), #10194, .T.);
#10196 = ORIENTED_EDGE ('', *, *, #4034, .T.);
#10197 = ORIENTED_EDGE ('', *, *, #10184, .F.);
#10198 = ORIENTED_EDGE ('', *, *, #1004, .F.);
#10199 = CARTESIAN_POINT ('', (-37.0546615212974, 94.9138413927607, 3.5));
#10200 = CARTESIAN_POINT ('', (-37.0546615212974, 94.9138413927607, 5.));
#10201 = B_SPLINE_CURVE_WITH_KNOTS ('', 1, (#10199, #10200), .UNSPECIFIED., .F., .U., (2, 2), (0., 1.), .UNSPECIFIED.);
#10202 = EDGE_CURVE ('', #992, #4030, #10201, .T.);
#10203 = ORIENTED_EDGE ('', *, *, #10202, .T.);
#10204 = EDGE_LOOP ('', (#10196, #10197, #10198, #10203));
#10205 = FACE_OUTER_BOUND ('', #10204, .T.);
#10206 = CARTESIAN_POINT ('', (-37.0546615212974, 94.9138413927607, 3.5));
#10207 = CARTESIAN_POINT ('', (-35.3578210224368, 107.80262459062, 3.5));
#10208 = CARTESIAN_POINT ('', (-37.0546615212974, 94.9138413927607, 5.));
#10209 = CARTESIAN_POINT ('', (-35.3578210224368, 107.80262459062, 5.));
#10210 = B_SPLINE_SURFACE_WITH_KNOTS ('', 1, 1, ((#10206, #10207), (#10208, #10209)), .UNSPECIFIED., .F., .F., .U., (2, 2), (2, 2), (0., 1.), (15., 28.), .UNSPECIFIED.);
#10211 = ADVANCED_FACE ('', (#10205), #10210, .T.);
#10212 = ORIENTED_EDGE ('', *, *, #4040, .T.);
#10213 = ORIENTED_EDGE ('', *, *, #10202, .F.);
#10214 = ORIENTED_EDGE ('', *, *, #997, .F.);
#10215 = ORIENTED_EDGE ('', *, *, #10094, .T.);
#10216 = EDGE_LOOP ('', (#10212, #10213, #10214, #10215));
#10217 = FACE_OUTER_BOUND ('', #10216, .T.);
#10218 = CARTESIAN_POINT ('', (-37.6156470480944, 94.4833820581839, 3.5));
#10219 = CARTESIAN_POINT ('', (-37.1199246174075, 94.4181189620738, 3.5));
#10220 = CARTESIAN_POINT ('', (-37.0546615212974, 94.9138413927607, 3.5));
#10221 = CARTESIAN_POINT ('', (-37.6156470480944, 94.4833820581839, 5.));
#10222 = CARTESIAN_POINT ('', (-37.1199246174075, 94.4181189620738, 5.));
#10223 = CARTESIAN_POINT ('', (-37.0546615212974, 94.9138413927607, 5.));
#10224 = (
   BOUNDED_SURFACE ()
   B_SPLINE_SURFACE (1, 2, ((#10218, #10219, #10220), (#10221, #10222, #10223)), .UNSPECIFIED., .F., .F., .U.)
   B_SPLINE_SURFACE_WITH_KNOTS ((2, 2), (3, 3), (0., 1.), (14., 15.), .UNSPECIFIED.)
   GEOMETRIC_REPRESENTATION_ITEM ()
   RATIONAL_B_SPLINE_SURFACE (((1., 0.707106781186549, 1.), (1., 0.707106781186549, 1.)))
   REPRESENTATION_ITEM ('')
   SURFACE ()
);
#10225 = ADVANCED_FACE ('', (#10217), #10224, .T.);
#10226 = ORIENTED_EDGE ('', *, *, #3927, .T.);
#10227 = CARTESIAN_POINT ('', (-18.778194681992, 92.0033844060029, 3.5));
#10228 = CARTESIAN_POINT ('', (-18.778194681992, 92.0033844060029, 5.));
#10229 = B_SPLINE_CURVE_WITH_KNOTS ('', 1, (#10227, #10228), .UNSPECIFIED., .F., .U., (2, 2), (0., 1.), .UNSPECIFIED.);
#10230 = EDGE_CURVE ('', #923, #3923, #10229, .T.);
#10231 = ORIENTED_EDGE ('', *, *, #10230, .F.);
#10232 = ORIENTED_EDGE ('', *, *, #927, .F.);
#10233 = CARTESIAN_POINT ('', (-31.6669778798515, 93.7002249048635, 3.5));
#10234 = CARTESIAN_POINT ('', (-31.6669778798515, 93.7002249048635, 5.));
#10235 = B_SPLINE_CURVE_WITH_KNOTS ('', 1, (#10233, #10234), .UNSPECIFIED., .F., .U., (2, 2), (0., 1.), .UNSPECIFIED.);
#10236 = EDGE_CURVE ('', #921, #3921, #10235, .T.);
#10237 = ORIENTED_EDGE ('', *, *, #10236, .T.);
#10238 = EDGE_LOOP ('', (#10226, #10231, #10232, #10237));
#10239 = FACE_OUTER_BOUND ('', #10238, .T.);
#10240 = CARTESIAN_POINT ('', (-31.6669778798515, 93.7002249048635, 3.5));
#10241 = CARTESIAN_POINT ('', (-18.778194681992, 92.0033844060029, 3.5));
#10242 = CARTESIAN_POINT ('', (-31.6669778798515, 93.7002249048635, 5.));
#10243 = CARTESIAN_POINT ('', (-18.778194681992, 92.0033844060029, 5.));
#10244 = B_SPLINE_SURFACE_WITH_KNOTS ('', 1, 1, ((#10240, #10241), (#10242, #10243)), .UNSPECIFIED., .F., .F., .U., (2, 2), (2, 2), (0., 1.), (1., 14.), .UNSPECIFIED.);
#10245 = ADVANCED_FACE ('', (#10239), #10244, .T.);
#10246 = ORIENTED_EDGE ('', *, *, #3935, .T.);
#10247 = ORIENTED_EDGE ('', *, *, #10236, .F.);
#10248 = ORIENTED_EDGE ('', *, *, #978, .F.);
#10249 = CARTESIAN_POINT ('', (-32.0974372144284, 94.2612104316605, 3.5));
#10250 = CARTESIAN_POINT ('', (-32.0974372144284, 94.2612104316605, 5.));
#10251 = B_SPLINE_CURVE_WITH_KNOTS ('', 1, (#10249, #10250), .UNSPECIFIED., .F., .U., (2, 2), (0., 1.), .UNSPECIFIED.);
#10252 = EDGE_CURVE ('', #968, #3930, #10251, .T.);
#10253 = ORIENTED_EDGE ('', *, *, #10252, .T.);
#10254 = EDGE_LOOP ('', (#10246, #10247, #10248, #10253));
#10255 = FACE_OUTER_BOUND ('', #10254, .T.);
#10256 = CARTESIAN_POINT ('', (-32.0974372144284, 94.2612104316605, 3.5));
#10257 = CARTESIAN_POINT ('', (-32.1627003105384, 93.7654880009736, 3.5));
#10258 = CARTESIAN_POINT ('', (-31.6669778798515, 93.7002249048635, 3.5));
#10259 = CARTESIAN_POINT ('', (-32.0974372144284, 94.2612104316605, 5.));
#10260 = CARTESIAN_POINT ('', (-32.1627003105384, 93.7654880009736, 5.));
#10261 = CARTESIAN_POINT ('', (-31.6669778798515, 93.7002249048635, 5.));
#10262 = (
   BOUNDED_SURFACE ()
   B_SPLINE_SURFACE (1, 2, ((#10256, #10257, #10258), (#10259, #10260, #10261)), .UNSPECIFIED., .F., .F., .U.)
   B_SPLINE_SURFACE_WITH_KNOTS ((2, 2), (3, 3), (0., 1.), (0., 1.), .UNSPECIFIED.)
   GEOMETRIC_REPRESENTATION_ITEM ()
   RATIONAL_B_SPLINE_SURFACE (((1., 0.707106781186547, 1.), (1., 0.707106781186547, 1.)))
   REPRESENTATION_ITEM ('')
   SURFACE ()
);
#10263 = ADVANCED_FACE ('', (#10255), #10262, .T.);
#10264 = ORIENTED_EDGE ('', *, *, #3942, .T.);
#10265 = ORIENTED_EDGE ('', *, *, #10252, .F.);
#10266 = ORIENTED_EDGE ('', *, *, #972, .F.);
#10267 = CARTESIAN_POINT ('', (-30.4005967155677, 107.14999362952, 3.5));
#10268 = CARTESIAN_POINT ('', (-30.4005967155677, 107.14999362952, 5.));
#10269 = B_SPLINE_CURVE_WITH_KNOTS ('', 1, (#10267, #10268), .UNSPECIFIED., .F., .U., (2, 2), (0., 1.), .UNSPECIFIED.);
#10270 = EDGE_CURVE ('', #960, #3938, #10269, .T.);
#10271 = ORIENTED_EDGE ('', *, *, #10270, .T.);
#10272 = EDGE_LOOP ('', (#10264, #10265, #10266, #10271));
#10273 = FACE_OUTER_BOUND ('', #10272, .T.);
#10274 = CARTESIAN_POINT ('', (-30.4005967155677, 107.14999362952, 3.5));
#10275 = CARTESIAN_POINT ('', (-32.0974372144284, 94.2612104316605, 3.5));
#10276 = CARTESIAN_POINT ('', (-30.4005967155677, 107.14999362952, 5.));
#10277 = CARTESIAN_POINT ('', (-32.0974372144284, 94.2612104316605, 5.));
#10278 = B_SPLINE_SURFACE_WITH_KNOTS ('', 1, 1, ((#10274, #10275), (#10276, #10277)), .UNSPECIFIED., .F., .F., .U., (2, 2), (2, 2), (0., 1.), (43., 56.), .UNSPECIFIED.);
#10279 = ADVANCED_FACE ('', (#10273), #10278, .T.);
#10280 = ORIENTED_EDGE ('', *, *, #3950, .T.);
#10281 = ORIENTED_EDGE ('', *, *, #10270, .F.);
#10282 = ORIENTED_EDGE ('', *, *, #965, .F.);
#10283 = CARTESIAN_POINT ('', (-29.8396111887708, 107.580452964097, 3.5));
#10284 = CARTESIAN_POINT ('', (-29.8396111887708, 107.580452964097, 5.));
#10285 = B_SPLINE_CURVE_WITH_KNOTS ('', 1, (#10283, #10284), .UNSPECIFIED., .F., .U., (2, 2), (0., 1.), .UNSPECIFIED.);
#10286 = EDGE_CURVE ('', #953, #3945, #10285, .T.);
#10287 = ORIENTED_EDGE ('', *, *, #10286, .T.);
#10288 = EDGE_LOOP ('', (#10280, #10281, #10282, #10287));
#10289 = FACE_OUTER_BOUND ('', #10288, .T.);
#10290 = CARTESIAN_POINT ('', (-29.8396111887708, 107.580452964097, 3.5));
#10291 = CARTESIAN_POINT ('', (-30.3353336194577, 107.645716060207, 3.5));
#10292 = CARTESIAN_POINT ('', (-30.4005967155677, 107.14999362952, 3.5));
#10293 = CARTESIAN_POINT ('', (-29.8396111887708, 107.580452964097, 5.));
#10294 = CARTESIAN_POINT ('', (-30.3353336194577, 107.645716060207, 5.));
#10295 = CARTESIAN_POINT ('', (-30.4005967155677, 107.14999362952, 5.));
#10296 = (
   BOUNDED_SURFACE ()
   B_SPLINE_SURFACE (1, 2, ((#10290, #10291, #10292), (#10293, #10294, #10295)), .UNSPECIFIED., .F., .F., .U.)
   B_SPLINE_SURFACE_WITH_KNOTS ((2, 2), (3, 3), (0., 1.), (42., 43.), .UNSPECIFIED.)
   GEOMETRIC_REPRESENTATION_ITEM ()
   RATIONAL_B_SPLINE_SURFACE (((1., 0.707106781186557, 1.), (1., 0.707106781186557, 1.)))
   REPRESENTATION_ITEM ('')
   SURFACE ()
);
#10297 = ADVANCED_FACE ('', (#10289), #10296, .T.);
#10298 = ORIENTED_EDGE ('', *, *, #3957, .T.);
#10299 = ORIENTED_EDGE ('', *, *, #10286, .F.);
#10300 = ORIENTED_EDGE ('', *, *, #957, .F.);
#10301 = CARTESIAN_POINT ('', (-16.9508279909113, 105.883612465236, 3.5));
#10302 = CARTESIAN_POINT ('', (-16.9508279909113, 105.883612465236, 5.));
#10303 = B_SPLINE_CURVE_WITH_KNOTS ('', 1, (#10301, #10302), .UNSPECIFIED., .F., .U., (2, 2), (0., 1.), .UNSPECIFIED.);
#10304 = EDGE_CURVE ('', #945, #3953, #10303, .T.);
#10305 = ORIENTED_EDGE ('', *, *, #10304, .T.);
#10306 = EDGE_LOOP ('', (#10298, #10299, #10300, #10305));
#10307 = FACE_OUTER_BOUND ('', #10306, .T.);
#10308 = CARTESIAN_POINT ('', (-16.9508279909113, 105.883612465236, 3.5));
#10309 = CARTESIAN_POINT ('', (-29.8396111887708, 107.580452964097, 3.5));
#10310 = CARTESIAN_POINT ('', (-16.9508279909113, 105.883612465236, 5.));
#10311 = CARTESIAN_POINT ('', (-29.8396111887708, 107.580452964097, 5.));
#10312 = B_SPLINE_SURFACE_WITH_KNOTS ('', 1, 1, ((#10308, #10309), (#10310, #10311)), .UNSPECIFIED., .F., .F., .U., (2, 2), (2, 2), (0., 1.), (29., 42.), .UNSPECIFIED.);
#10313 = ADVANCED_FACE ('', (#10307), #10312, .T.);
#10314 = ORIENTED_EDGE ('', *, *, #3965, .T.);
#10315 = ORIENTED_EDGE ('', *, *, #10304, .F.);
#10316 = ORIENTED_EDGE ('', *, *, #950, .F.);
#10317 = CARTESIAN_POINT ('', (-16.5203686563344, 105.322626938439, 3.5));
#10318 = CARTESIAN_POINT ('', (-16.5203686563344, 105.322626938439, 5.));
#10319 = B_SPLINE_CURVE_WITH_KNOTS ('', 1, (#10317, #10318), .UNSPECIFIED., .F., .U., (2, 2), (0., 1.), .UNSPECIFIED.);
#10320 = EDGE_CURVE ('', #938, #3960, #10319, .T.);
#10321 = ORIENTED_EDGE ('', *, *, #10320, .T.);
#10322 = EDGE_LOOP ('', (#10314, #10315, #10316, #10321));
#10323 = FACE_OUTER_BOUND ('', #10322, .T.);
#10324 = CARTESIAN_POINT ('', (-16.5203686563344, 105.322626938439, 3.5));
#10325 = CARTESIAN_POINT ('', (-16.4551055602243, 105.818349369126, 3.5));
#10326 = CARTESIAN_POINT ('', (-16.9508279909113, 105.883612465236, 3.5));
#10327 = CARTESIAN_POINT ('', (-16.5203686563344, 105.322626938439, 5.));
#10328 = CARTESIAN_POINT ('', (-16.4551055602243, 105.818349369126, 5.));
#10329 = CARTESIAN_POINT ('', (-16.9508279909113, 105.883612465236, 5.));
#10330 = (
   BOUNDED_SURFACE ()
   B_SPLINE_SURFACE (1, 2, ((#10324, #10325, #10326), (#10327, #10328, #10329)), .UNSPECIFIED., .F., .F., .U.)
   B_SPLINE_SURFACE_WITH_KNOTS ((2, 2), (3, 3), (0., 1.), (28., 29.), .UNSPECIFIED.)
   GEOMETRIC_REPRESENTATION_ITEM ()
   RATIONAL_B_SPLINE_SURFACE (((1., 0.707106781186547, 1.), (1., 0.707106781186547, 1.)))
   REPRESENTATION_ITEM ('')
   SURFACE ()
);
#10331 = ADVANCED_FACE ('', (#10323), #10330, .T.);
#10332 = ORIENTED_EDGE ('', *, *, #3972, .T.);
#10333 = ORIENTED_EDGE ('', *, *, #10320, .F.);
#10334 = ORIENTED_EDGE ('', *, *, #942, .F.);
#10335 = CARTESIAN_POINT ('', (-18.217209155195, 92.4338437405797, 3.5));
#10336 = CARTESIAN_POINT ('', (-18.217209155195, 92.4338437405797, 5.));
#10337 = B_SPLINE_CURVE_WITH_KNOTS ('', 1, (#10335, #10336), .UNSPECIFIED., .F., .U., (2, 2), (0., 1.), .UNSPECIFIED.);
#10338 = EDGE_CURVE ('', #930, #3968, #10337, .T.);
#10339 = ORIENTED_EDGE ('', *, *, #10338, .T.);
#10340 = EDGE_LOOP ('', (#10332, #10333, #10334, #10339));
#10341 = FACE_OUTER_BOUND ('', #10340, .T.);
#10342 = CARTESIAN_POINT ('', (-18.217209155195, 92.4338437405797, 3.5));
#10343 = CARTESIAN_POINT ('', (-16.5203686563344, 105.322626938439, 3.5));
#10344 = CARTESIAN_POINT ('', (-18.217209155195, 92.4338437405797, 5.));
#10345 = CARTESIAN_POINT ('', (-16.5203686563344, 105.322626938439, 5.));
#10346 = B_SPLINE_SURFACE_WITH_KNOTS ('', 1, 1, ((#10342, #10343), (#10344, #10345)), .UNSPECIFIED., .F., .F., .U., (2, 2), (2, 2), (0., 1.), (15., 28.), .UNSPECIFIED.);
#10347 = ADVANCED_FACE ('', (#10341), #10346, .T.);
#10348 = ORIENTED_EDGE ('', *, *, #3978, .T.);
#10349 = ORIENTED_EDGE ('', *, *, #10338, .F.);
#10350 = ORIENTED_EDGE ('', *, *, #935, .F.);
#10351 = ORIENTED_EDGE ('', *, *, #10230, .T.);
#10352 = EDGE_LOOP ('', (#10348, #10349, #10350, #10351));
#10353 = FACE_OUTER_BOUND ('', #10352, .T.);
#10354 = CARTESIAN_POINT ('', (-18.778194681992, 92.0033844060029, 3.5));
#10355 = CARTESIAN_POINT ('', (-18.2824722513051, 91.9381213098928, 3.5));
#10356 = CARTESIAN_POINT ('', (-18.217209155195, 92.4338437405797, 3.5));
#10357 = CARTESIAN_POINT ('', (-18.778194681992, 92.0033844060029, 5.));
#10358 = CARTESIAN_POINT ('', (-18.2824722513051, 91.9381213098928, 5.));
#10359 = CARTESIAN_POINT ('', (-18.217209155195, 92.4338437405797, 5.));
#10360 = (
   BOUNDED_SURFACE ()
   B_SPLINE_SURFACE (1, 2, ((#10354, #10355, #10356), (#10357, #10358, #10359)), .UNSPECIFIED., .F., .F., .U.)
   B_SPLINE_SURFACE_WITH_KNOTS ((2, 2), (3, 3), (0., 1.), (14., 15.), .UNSPECIFIED.)
   GEOMETRIC_REPRESENTATION_ITEM ()
   RATIONAL_B_SPLINE_SURFACE (((1., 0.70710678118655, 1.), (1., 0.70710678118655, 1.)))
   REPRESENTATION_ITEM ('')
   SURFACE ()
);
#10361 = ADVANCED_FACE ('', (#10353), #10360, .T.);
#10362 = ORIENTED_EDGE ('', *, *, #3865, .T.);
#10363 = CARTESIAN_POINT ('', (-28.1806883912253, 112.491042924161, 3.5));
#10364 = CARTESIAN_POINT ('', (-28.1806883912253, 112.491042924161, 5.));
#10365 = B_SPLINE_CURVE_WITH_KNOTS ('', 1, (#10363, #10364), .UNSPECIFIED., .F., .U., (2, 2), (0., 1.), .UNSPECIFIED.);
#10366 = EDGE_CURVE ('', #861, #3861, #10365, .T.);
#10367 = ORIENTED_EDGE ('', *, *, #10366, .F.);
#10368 = ORIENTED_EDGE ('', *, *, #865, .F.);
#10369 = CARTESIAN_POINT ('', (-41.0694715890848, 114.187883423022, 3.5));
#10370 = CARTESIAN_POINT ('', (-41.0694715890848, 114.187883423022, 5.));
#10371 = B_SPLINE_CURVE_WITH_KNOTS ('', 1, (#10369, #10370), .UNSPECIFIED., .F., .U., (2, 2), (0., 1.), .UNSPECIFIED.);
#10372 = EDGE_CURVE ('', #859, #3859, #10371, .T.);
#10373 = ORIENTED_EDGE ('', *, *, #10372, .T.);
#10374 = EDGE_LOOP ('', (#10362, #10367, #10368, #10373));
#10375 = FACE_OUTER_BOUND ('', #10374, .T.);
#10376 = CARTESIAN_POINT ('', (-41.0694715890848, 114.187883423022, 3.5));
#10377 = CARTESIAN_POINT ('', (-28.1806883912253, 112.491042924161, 3.5));
#10378 = CARTESIAN_POINT ('', (-41.0694715890848, 114.187883423022, 5.));
#10379 = CARTESIAN_POINT ('', (-28.1806883912253, 112.491042924161, 5.));
#10380 = B_SPLINE_SURFACE_WITH_KNOTS ('', 1, 1, ((#10376, #10377), (#10378, #10379)), .UNSPECIFIED., .F., .F., .U., (2, 2), (2, 2), (0., 1.), (1., 14.), .UNSPECIFIED.);
#10381 = ADVANCED_FACE ('', (#10375), #10380, .T.);
#10382 = ORIENTED_EDGE ('', *, *, #3873, .T.);
#10383 = ORIENTED_EDGE ('', *, *, #10372, .F.);
#10384 = ORIENTED_EDGE ('', *, *, #916, .F.);
#10385 = CARTESIAN_POINT ('', (-41.4999309236617, 114.748868949819, 3.5));
#10386 = CARTESIAN_POINT ('', (-41.4999309236617, 114.748868949819, 5.));
#10387 = B_SPLINE_CURVE_WITH_KNOTS ('', 1, (#10385, #10386), .UNSPECIFIED., .F., .U., (2, 2), (0., 1.), .UNSPECIFIED.);
#10388 = EDGE_CURVE ('', #906, #3868, #10387, .T.);
#10389 = ORIENTED_EDGE ('', *, *, #10388, .T.);
#10390 = EDGE_LOOP ('', (#10382, #10383, #10384, #10389));
#10391 = FACE_OUTER_BOUND ('', #10390, .T.);
#10392 = CARTESIAN_POINT ('', (-41.4999309236617, 114.748868949819, 3.5));
#10393 = CARTESIAN_POINT ('', (-41.5651940197718, 114.253146519132, 3.5));
#10394 = CARTESIAN_POINT ('', (-41.0694715890848, 114.187883423022, 3.5));
#10395 = CARTESIAN_POINT ('', (-41.4999309236617, 114.748868949819, 5.));
#10396 = CARTESIAN_POINT ('', (-41.5651940197718, 114.253146519132, 5.));
#10397 = CARTESIAN_POINT ('', (-41.0694715890848, 114.187883423022, 5.));
#10398 = (
   BOUNDED_SURFACE ()
   B_SPLINE_SURFACE (1, 2, ((#10392, #10393, #10394), (#10395, #10396, #10397)), .UNSPECIFIED., .F., .F., .U.)
   B_SPLINE_SURFACE_WITH_KNOTS ((2, 2), (3, 3), (0., 1.), (0., 1.), .UNSPECIFIED.)
   GEOMETRIC_REPRESENTATION_ITEM ()
   RATIONAL_B_SPLINE_SURFACE (((1., 0.707106781186532, 1.), (1., 0.707106781186532, 1.)))
   REPRESENTATION_ITEM ('')
   SURFACE ()
);
#10399 = ADVANCED_FACE ('', (#10391), #10398, .T.);
#10400 = ORIENTED_EDGE ('', *, *, #3880, .T.);
#10401 = ORIENTED_EDGE ('', *, *, #10388, .F.);
#10402 = ORIENTED_EDGE ('', *, *, #910, .F.);
#10403 = CARTESIAN_POINT ('', (-39.8030904248011, 127.637652147678, 3.5));
#10404 = CARTESIAN_POINT ('', (-39.8030904248011, 127.637652147678, 5.));
#10405 = B_SPLINE_CURVE_WITH_KNOTS ('', 1, (#10403, #10404), .UNSPECIFIED., .F., .U., (2, 2), (0., 1.), .UNSPECIFIED.);
#10406 = EDGE_CURVE ('', #898, #3876, #10405, .T.);
#10407 = ORIENTED_EDGE ('', *, *, #10406, .T.);
#10408 = EDGE_LOOP ('', (#10400, #10401, #10402, #10407));
#10409 = FACE_OUTER_BOUND ('', #10408, .T.);
#10410 = CARTESIAN_POINT ('', (-39.8030904248011, 127.637652147678, 3.5));
#10411 = CARTESIAN_POINT ('', (-41.4999309236617, 114.748868949819, 3.5));
#10412 = CARTESIAN_POINT ('', (-39.8030904248011, 127.637652147678, 5.));
#10413 = CARTESIAN_POINT ('', (-41.4999309236617, 114.748868949819, 5.));
#10414 = B_SPLINE_SURFACE_WITH_KNOTS ('', 1, 1, ((#10410, #10411), (#10412, #10413)), .UNSPECIFIED., .F., .F., .U., (2, 2), (2, 2), (0., 1.), (43., 56.), .UNSPECIFIED.);
#10415 = ADVANCED_FACE ('', (#10409), #10414, .T.);
#10416 = ORIENTED_EDGE ('', *, *, #3888, .T.);
#10417 = ORIENTED_EDGE ('', *, *, #10406, .F.);
#10418 = ORIENTED_EDGE ('', *, *, #903, .F.);
#10419 = CARTESIAN_POINT ('', (-39.2421048980041, 128.068111482255, 3.5));
#10420 = CARTESIAN_POINT ('', (-39.2421048980041, 128.068111482255, 5.));
#10421 = B_SPLINE_CURVE_WITH_KNOTS ('', 1, (#10419, #10420), .UNSPECIFIED., .F., .U., (2, 2), (0., 1.), .UNSPECIFIED.);
#10422 = EDGE_CURVE ('', #891, #3883, #10421, .T.);
#10423 = ORIENTED_EDGE ('', *, *, #10422, .T.);
#10424 = EDGE_LOOP ('', (#10416, #10417, #10418, #10423));
#10425 = FACE_OUTER_BOUND ('', #10424, .T.);
#10426 = CARTESIAN_POINT ('', (-39.2421048980041, 128.068111482255, 3.5));
#10427 = CARTESIAN_POINT ('', (-39.737827328691, 128.133374578365, 3.5));
#10428 = CARTESIAN_POINT ('', (-39.8030904248011, 127.637652147678, 3.5));
#10429 = CARTESIAN_POINT ('', (-39.2421048980041, 128.068111482255, 5.));
#10430 = CARTESIAN_POINT ('', (-39.737827328691, 128.133374578365, 5.));
#10431 = CARTESIAN_POINT ('', (-39.8030904248011, 127.637652147678, 5.));
#10432 = (
   BOUNDED_SURFACE ()
   B_SPLINE_SURFACE (1, 2, ((#10426, #10427, #10428), (#10429, #10430, #10431)), .UNSPECIFIED., .F., .F., .U.)
   B_SPLINE_SURFACE_WITH_KNOTS ((2, 2), (3, 3), (0., 1.), (42., 43.), .UNSPECIFIED.)
   GEOMETRIC_REPRESENTATION_ITEM ()
   RATIONAL_B_SPLINE_SURFACE (((1., 0.70710678118654, 1.), (1., 0.70710678118654, 1.)))
   REPRESENTATION_ITEM ('')
   SURFACE ()
);
#10433 = ADVANCED_FACE ('', (#10425), #10432, .T.);
#10434 = ORIENTED_EDGE ('', *, *, #3895, .T.);
#10435 = ORIENTED_EDGE ('', *, *, #10422, .F.);
#10436 = ORIENTED_EDGE ('', *, *, #895, .F.);
#10437 = CARTESIAN_POINT ('', (-26.3533217001446, 126.371270983395, 3.5));
#10438 = CARTESIAN_POINT ('', (-26.3533217001446, 126.371270983395, 5.));
#10439 = B_SPLINE_CURVE_WITH_KNOTS ('', 1, (#10437, #10438), .UNSPECIFIED., .F., .U., (2, 2), (0., 1.), .UNSPECIFIED.);
#10440 = EDGE_CURVE ('', #883, #3891, #10439, .T.);
#10441 = ORIENTED_EDGE ('', *, *, #10440, .T.);
#10442 = EDGE_LOOP ('', (#10434, #10435, #10436, #10441));
#10443 = FACE_OUTER_BOUND ('', #10442, .T.);
#10444 = CARTESIAN_POINT ('', (-26.3533217001446, 126.371270983395, 3.5));
#10445 = CARTESIAN_POINT ('', (-39.2421048980041, 128.068111482255, 3.5));
#10446 = CARTESIAN_POINT ('', (-26.3533217001446, 126.371270983395, 5.));
#10447 = CARTESIAN_POINT ('', (-39.2421048980041, 128.068111482255, 5.));
#10448 = B_SPLINE_SURFACE_WITH_KNOTS ('', 1, 1, ((#10444, #10445), (#10446, #10447)), .UNSPECIFIED., .F., .F., .U., (2, 2), (2, 2), (0., 1.), (29., 42.), .UNSPECIFIED.);
#10449 = ADVANCED_FACE ('', (#10443), #10448, .T.);
#10450 = ORIENTED_EDGE ('', *, *, #3903, .T.);
#10451 = ORIENTED_EDGE ('', *, *, #10440, .F.);
#10452 = ORIENTED_EDGE ('', *, *, #888, .F.);
#10453 = CARTESIAN_POINT ('', (-25.9228623655677, 125.810285456598, 3.5));
#10454 = CARTESIAN_POINT ('', (-25.9228623655677, 125.810285456598, 5.));
#10455 = B_SPLINE_CURVE_WITH_KNOTS ('', 1, (#10453, #10454), .UNSPECIFIED., .F., .U., (2, 2), (0., 1.), .UNSPECIFIED.);
#10456 = EDGE_CURVE ('', #876, #3898, #10455, .T.);
#10457 = ORIENTED_EDGE ('', *, *, #10456, .T.);
#10458 = EDGE_LOOP ('', (#10450, #10451, #10452, #10457));
#10459 = FACE_OUTER_BOUND ('', #10458, .T.);
#10460 = CARTESIAN_POINT ('', (-25.9228623655677, 125.810285456598, 3.5));
#10461 = CARTESIAN_POINT ('', (-25.8575992694577, 126.306007887284, 3.5));
#10462 = CARTESIAN_POINT ('', (-26.3533217001446, 126.371270983395, 3.5));
#10463 = CARTESIAN_POINT ('', (-25.9228623655677, 125.810285456598, 5.));
#10464 = CARTESIAN_POINT ('', (-25.8575992694577, 126.306007887284, 5.));
#10465 = CARTESIAN_POINT ('', (-26.3533217001446, 126.371270983395, 5.));
#10466 = (
   BOUNDED_SURFACE ()
   B_SPLINE_SURFACE (1, 2, ((#10460, #10461, #10462), (#10463, #10464, #10465)), .UNSPECIFIED., .F., .F., .U.)
   B_SPLINE_SURFACE_WITH_KNOTS ((2, 2), (3, 3), (0., 1.), (28., 29.), .UNSPECIFIED.)
   GEOMETRIC_REPRESENTATION_ITEM ()
   RATIONAL_B_SPLINE_SURFACE (((1., 0.707106781186543, 1.), (1., 0.707106781186543, 1.)))
   REPRESENTATION_ITEM ('')
   SURFACE ()
);
#10467 = ADVANCED_FACE ('', (#10459), #10466, .T.);
#10468 = ORIENTED_EDGE ('', *, *, #3910, .T.);
#10469 = ORIENTED_EDGE ('', *, *, #10456, .F.);
#10470 = ORIENTED_EDGE ('', *, *, #880, .F.);
#10471 = CARTESIAN_POINT ('', (-27.6197028644284, 112.921502258738, 3.5));
#10472 = CARTESIAN_POINT ('', (-27.6197028644284, 112.921502258738, 5.));
#10473 = B_SPLINE_CURVE_WITH_KNOTS ('', 1, (#10471, #10472), .UNSPECIFIED., .F., .U., (2, 2), (0., 1.), .UNSPECIFIED.);
#10474 = EDGE_CURVE ('', #868, #3906, #10473, .T.);
#10475 = ORIENTED_EDGE ('', *, *, #10474, .T.);
#10476 = EDGE_LOOP ('', (#10468, #10469, #10470, #10475));
#10477 = FACE_OUTER_BOUND ('', #10476, .T.);
#10478 = CARTESIAN_POINT ('', (-27.6197028644284, 112.921502258738, 3.5));
#10479 = CARTESIAN_POINT ('', (-25.9228623655677, 125.810285456598, 3.5));
#10480 = CARTESIAN_POINT ('', (-27.6197028644284, 112.921502258738, 5.));
#10481 = CARTESIAN_POINT ('', (-25.9228623655677, 125.810285456598, 5.));
#10482 = B_SPLINE_SURFACE_WITH_KNOTS ('', 1, 1, ((#10478, #10479), (#10480, #10481)), .UNSPECIFIED., .F., .F., .U., (2, 2), (2, 2), (0., 1.), (15., 28.), .UNSPECIFIED.);
#10483 = ADVANCED_FACE ('', (#10477), #10482, .T.);
#10484 = ORIENTED_EDGE ('', *, *, #3916, .T.);
#10485 = ORIENTED_EDGE ('', *, *, #10474, .F.);
#10486 = ORIENTED_EDGE ('', *, *, #873, .F.);
#10487 = ORIENTED_EDGE ('', *, *, #10366, .T.);
#10488 = EDGE_LOOP ('', (#10484, #10485, #10486, #10487));
#10489 = FACE_OUTER_BOUND ('', #10488, .T.);
#10490 = CARTESIAN_POINT ('', (-28.1806883912253, 112.491042924161, 3.5));
#10491 = CARTESIAN_POINT ('', (-27.6849659605384, 112.425779828051, 3.5));
#10492 = CARTESIAN_POINT ('', (-27.6197028644284, 112.921502258738, 3.5));
#10493 = CARTESIAN_POINT ('', (-28.1806883912253, 112.491042924161, 5.));
#10494 = CARTESIAN_POINT ('', (-27.6849659605384, 112.425779828051, 5.));
#10495 = CARTESIAN_POINT ('', (-27.6197028644284, 112.921502258738, 5.));
#10496 = (
   BOUNDED_SURFACE ()
   B_SPLINE_SURFACE (1, 2, ((#10490, #10491, #10492), (#10493, #10494, #10495)), .UNSPECIFIED., .F., .F., .U.)
   B_SPLINE_SURFACE_WITH_KNOTS ((2, 2), (3, 3), (0., 1.), (14., 15.), .UNSPECIFIED.)
   GEOMETRIC_REPRESENTATION_ITEM ()
   RATIONAL_B_SPLINE_SURFACE (((1., 0.70710678118655, 1.), (1., 0.70710678118655, 1.)))
   REPRESENTATION_ITEM ('')
   SURFACE ()
);
#10497 = ADVANCED_FACE ('', (#10489), #10496, .T.);
#10498 = ORIENTED_EDGE ('', *, *, #3803, .T.);
#10499 = CARTESIAN_POINT ('', (-46.8453877566443, 114.871508151524, 3.5));
#10500 = CARTESIAN_POINT ('', (-46.8453877566443, 114.871508151524, 5.));
#10501 = B_SPLINE_CURVE_WITH_KNOTS ('', 1, (#10499, #10500), .UNSPECIFIED., .F., .U., (2, 2), (0., 1.), .UNSPECIFIED.);
#10502 = EDGE_CURVE ('', #799, #3799, #10501, .T.);
#10503 = ORIENTED_EDGE ('', *, *, #10502, .F.);
#10504 = ORIENTED_EDGE ('', *, *, #803, .F.);
#10505 = CARTESIAN_POINT ('', (-59.7741723964319, 116.230378174003, 3.5));
#10506 = CARTESIAN_POINT ('', (-59.7741723964319, 116.230378174003, 5.));
#10507 = B_SPLINE_CURVE_WITH_KNOTS ('', 1, (#10505, #10506), .UNSPECIFIED., .F., .U., (2, 2), (0., 1.), .UNSPECIFIED.);
#10508 = EDGE_CURVE ('', #797, #3797, #10507, .T.);
#10509 = ORIENTED_EDGE ('', *, *, #10508, .T.);
#10510 = EDGE_LOOP ('', (#10498, #10503, #10504, #10509));
#10511 = FACE_OUTER_BOUND ('', #10510, .T.);
#10512 = CARTESIAN_POINT ('', (-59.7741723964319, 116.230378174003, 3.5));
#10513 = CARTESIAN_POINT ('', (-46.8453877566443, 114.871508151524, 3.5));
#10514 = CARTESIAN_POINT ('', (-59.7741723964319, 116.230378174003, 5.));
#10515 = CARTESIAN_POINT ('', (-46.8453877566443, 114.871508151524, 5.));
#10516 = B_SPLINE_SURFACE_WITH_KNOTS ('', 1, 1, ((#10512, #10513), (#10514, #10515)), .UNSPECIFIED., .F., .F., .U., (2, 2), (2, 2), (0., 1.), (1., 14.), .UNSPECIFIED.);
#10517 = ADVANCED_FACE ('', (#10511), #10516, .T.);
#10518 = ORIENTED_EDGE ('', *, *, #3811, .T.);
#10519 = ORIENTED_EDGE ('', *, *, #10508, .F.);
#10520 = ORIENTED_EDGE ('', *, *, #854, .F.);
#10521 = CARTESIAN_POINT ('', (-60.2191691124822, 116.779903353321, 3.5));
#10522 = CARTESIAN_POINT ('', (-60.2191691124822, 116.779903353321, 5.));
#10523 = B_SPLINE_CURVE_WITH_KNOTS ('', 1, (#10521, #10522), .UNSPECIFIED., .F., .U., (2, 2), (0., 1.), .UNSPECIFIED.);
#10524 = EDGE_CURVE ('', #844, #3806, #10523, .T.);
#10525 = ORIENTED_EDGE ('', *, *, #10524, .T.);
#10526 = EDGE_LOOP ('', (#10518, #10519, #10520, #10525));
#10527 = FACE_OUTER_BOUND ('', #10526, .T.);
#10528 = CARTESIAN_POINT ('', (-60.2191691124822, 116.779903353321, 3.5));
#10529 = CARTESIAN_POINT ('', (-60.271433344116, 116.282642405637, 3.5));
#10530 = CARTESIAN_POINT ('', (-59.7741723964319, 116.230378174003, 3.5));
#10531 = CARTESIAN_POINT ('', (-60.2191691124822, 116.779903353321, 5.));
#10532 = CARTESIAN_POINT ('', (-60.271433344116, 116.282642405637, 5.));
#10533 = CARTESIAN_POINT ('', (-59.7741723964319, 116.230378174003, 5.));
#10534 = (
   BOUNDED_SURFACE ()
   B_SPLINE_SURFACE (1, 2, ((#10528, #10529, #10530), (#10531, #10532, #10533)), .UNSPECIFIED., .F., .F., .U.)
   B_SPLINE_SURFACE_WITH_KNOTS ((2, 2), (3, 3), (0., 1.), (0., 1.), .UNSPECIFIED.)
   GEOMETRIC_REPRESENTATION_ITEM ()
   RATIONAL_B_SPLINE_SURFACE (((1., 0.707106781186548, 1.), (1., 0.707106781186548, 1.)))
   REPRESENTATION_ITEM ('')
   SURFACE ()
);
#10535 = ADVANCED_FACE ('', (#10527), #10534, .T.);
#10536 = ORIENTED_EDGE ('', *, *, #3818, .T.);
#10537 = ORIENTED_EDGE ('', *, *, #10524, .F.);
#10538 = ORIENTED_EDGE ('', *, *, #848, .F.);
#10539 = CARTESIAN_POINT ('', (-58.8602990900027, 129.708687993109, 3.5));
#10540 = CARTESIAN_POINT ('', (-58.8602990900027, 129.708687993109, 5.));
#10541 = B_SPLINE_CURVE_WITH_KNOTS ('', 1, (#10539, #10540), .UNSPECIFIED., .F., .U., (2, 2), (0., 1.), .UNSPECIFIED.);
#10542 = EDGE_CURVE ('', #836, #3814, #10541, .T.);
#10543 = ORIENTED_EDGE ('', *, *, #10542, .T.);
#10544 = EDGE_LOOP ('', (#10536, #10537, #10538, #10543));
#10545 = FACE_OUTER_BOUND ('', #10544, .T.);
#10546 = CARTESIAN_POINT ('', (-58.8602990900027, 129.708687993109, 3.5));
#10547 = CARTESIAN_POINT ('', (-60.2191691124822, 116.779903353321, 3.5));
#10548 = CARTESIAN_POINT ('', (-58.8602990900027, 129.708687993109, 5.));
#10549 = CARTESIAN_POINT ('', (-60.2191691124822, 116.779903353321, 5.));
#10550 = B_SPLINE_SURFACE_WITH_KNOTS ('', 1, 1, ((#10546, #10547), (#10548, #10549)), .UNSPECIFIED., .F., .F., .U., (2, 2), (2, 2), (0., 1.), (43., 55.9999999999999), .UNSPECIFIED.);
#10551 = ADVANCED_FACE ('', (#10545), #10550, .T.);
#10552 = ORIENTED_EDGE ('', *, *, #3826, .T.);
#10553 = ORIENTED_EDGE ('', *, *, #10542, .F.);
#10554 = ORIENTED_EDGE ('', *, *, #841, .F.);
#10555 = CARTESIAN_POINT ('', (-58.3107739106847, 130.153684709159, 3.5));
#10556 = CARTESIAN_POINT ('', (-58.3107739106847, 130.153684709159, 5.));
#10557 = B_SPLINE_CURVE_WITH_KNOTS ('', 1, (#10555, #10556), .UNSPECIFIED., .F., .U., (2, 2), (0., 1.), .UNSPECIFIED.);
#10558 = EDGE_CURVE ('', #829, #3821, #10557, .T.);
#10559 = ORIENTED_EDGE ('', *, *, #10558, .T.);
#10560 = EDGE_LOOP ('', (#10552, #10553, #10554, #10559));
#10561 = FACE_OUTER_BOUND ('', #10560, .T.);
#10562 = CARTESIAN_POINT ('', (-58.3107739106847, 130.153684709159, 3.5));
#10563 = CARTESIAN_POINT ('', (-58.8080348583689, 130.205948940793, 3.5));
#10564 = CARTESIAN_POINT ('', (-58.8602990900027, 129.708687993109, 3.5));
#10565 = CARTESIAN_POINT ('', (-58.3107739106847, 130.153684709159, 5.));
#10566 = CARTESIAN_POINT ('', (-58.8080348583689, 130.205948940793, 5.));
#10567 = CARTESIAN_POINT ('', (-58.8602990900027, 129.708687993109, 5.));
#10568 = (
   BOUNDED_SURFACE ()
   B_SPLINE_SURFACE (1, 2, ((#10562, #10563, #10564), (#10565, #10566, #10567)), .UNSPECIFIED., .F., .F., .U.)
   B_SPLINE_SURFACE_WITH_KNOTS ((2, 2), (3, 3), (0., 1.), (42., 43.), .UNSPECIFIED.)
   GEOMETRIC_REPRESENTATION_ITEM ()
   RATIONAL_B_SPLINE_SURFACE (((1., 0.707106781186537, 1.), (1., 0.707106781186537, 1.)))
   REPRESENTATION_ITEM ('')
   SURFACE ()
);
#10569 = ADVANCED_FACE ('', (#10561), #10568, .T.);
#10570 = ORIENTED_EDGE ('', *, *, #3833, .T.);
#10571 = ORIENTED_EDGE ('', *, *, #10558, .F.);
#10572 = ORIENTED_EDGE ('', *, *, #833, .F.);
#10573 = CARTESIAN_POINT ('', (-45.3819892708972, 128.79481468668, 3.5));
#10574 = CARTESIAN_POINT ('', (-45.3819892708972, 128.79481468668, 5.));
#10575 = B_SPLINE_CURVE_WITH_KNOTS ('', 1, (#10573, #10574), .UNSPECIFIED., .F., .U., (2, 2), (0., 1.), .UNSPECIFIED.);
#10576 = EDGE_CURVE ('', #821, #3829, #10575, .T.);
#10577 = ORIENTED_EDGE ('', *, *, #10576, .T.);
#10578 = EDGE_LOOP ('', (#10570, #10571, #10572, #10577));
#10579 = FACE_OUTER_BOUND ('', #10578, .T.);
#10580 = CARTESIAN_POINT ('', (-45.3819892708972, 128.79481468668, 3.5));
#10581 = CARTESIAN_POINT ('', (-58.3107739106847, 130.153684709159, 3.5));
#10582 = CARTESIAN_POINT ('', (-45.3819892708972, 128.79481468668, 5.));
#10583 = CARTESIAN_POINT ('', (-58.3107739106847, 130.153684709159, 5.));
#10584 = B_SPLINE_SURFACE_WITH_KNOTS ('', 1, 1, ((#10580, #10581), (#10582, #10583)), .UNSPECIFIED., .F., .F., .U., (2, 2), (2, 2), (0., 1.), (29., 42.), .UNSPECIFIED.);
#10585 = ADVANCED_FACE ('', (#10579), #10584, .T.);
#10586 = ORIENTED_EDGE ('', *, *, #3841, .T.);
#10587 = ORIENTED_EDGE ('', *, *, #10576, .F.);
#10588 = ORIENTED_EDGE ('', *, *, #826, .F.);
#10589 = CARTESIAN_POINT ('', (-44.9369925548468, 128.245289507362, 3.5));
#10590 = CARTESIAN_POINT ('', (-44.9369925548468, 128.245289507362, 5.));
#10591 = B_SPLINE_CURVE_WITH_KNOTS ('', 1, (#10589, #10590), .UNSPECIFIED., .F., .U., (2, 2), (0., 1.), .UNSPECIFIED.);
#10592 = EDGE_CURVE ('', #814, #3836, #10591, .T.);
#10593 = ORIENTED_EDGE ('', *, *, #10592, .T.);
#10594 = EDGE_LOOP ('', (#10586, #10587, #10588, #10593));
#10595 = FACE_OUTER_BOUND ('', #10594, .T.);
#10596 = CARTESIAN_POINT ('', (-44.9369925548468, 128.245289507362, 3.5));
#10597 = CARTESIAN_POINT ('', (-44.884728323213, 128.742550455046, 3.5));
#10598 = CARTESIAN_POINT ('', (-45.3819892708972, 128.79481468668, 3.5));
#10599 = CARTESIAN_POINT ('', (-44.9369925548468, 128.245289507362, 5.));
#10600 = CARTESIAN_POINT ('', (-44.884728323213, 128.742550455046, 5.));
#10601 = CARTESIAN_POINT ('', (-45.3819892708972, 128.79481468668, 5.));
#10602 = (
   BOUNDED_SURFACE ()
   B_SPLINE_SURFACE (1, 2, ((#10596, #10597, #10598), (#10599, #10600, #10601)), .UNSPECIFIED., .F., .F., .U.)
   B_SPLINE_SURFACE_WITH_KNOTS ((2, 2), (3, 3), (0., 1.), (28., 29.), .UNSPECIFIED.)
   GEOMETRIC_REPRESENTATION_ITEM ()
   RATIONAL_B_SPLINE_SURFACE (((1., 0.707106781186558, 1.), (1., 0.707106781186558, 1.)))
   REPRESENTATION_ITEM ('')
   SURFACE ()
);
#10603 = ADVANCED_FACE ('', (#10595), #10602, .T.);
#10604 = ORIENTED_EDGE ('', *, *, #3848, .T.);
#10605 = ORIENTED_EDGE ('', *, *, #10592, .F.);
#10606 = ORIENTED_EDGE ('', *, *, #818, .F.);
#10607 = CARTESIAN_POINT ('', (-46.2958625773263, 115.316504867574, 3.5));
#10608 = CARTESIAN_POINT ('', (-46.2958625773263, 115.316504867574, 5.));
#10609 = B_SPLINE_CURVE_WITH_KNOTS ('', 1, (#10607, #10608), .UNSPECIFIED., .F., .U., (2, 2), (0., 1.), .UNSPECIFIED.);
#10610 = EDGE_CURVE ('', #806, #3844, #10609, .T.);
#10611 = ORIENTED_EDGE ('', *, *, #10610, .T.);
#10612 = EDGE_LOOP ('', (#10604, #10605, #10606, #10611));
#10613 = FACE_OUTER_BOUND ('', #10612, .T.);
#10614 = CARTESIAN_POINT ('', (-46.2958625773263, 115.316504867574, 3.5));
#10615 = CARTESIAN_POINT ('', (-44.9369925548468, 128.245289507362, 3.5));
#10616 = CARTESIAN_POINT ('', (-46.2958625773263, 115.316504867574, 5.));
#10617 = CARTESIAN_POINT ('', (-44.9369925548468, 128.245289507362, 5.));
#10618 = B_SPLINE_SURFACE_WITH_KNOTS ('', 1, 1, ((#10614, #10615), (#10616, #10617)), .UNSPECIFIED., .F., .F., .U., (2, 2), (2, 2), (0., 1.), (15., 28.), .UNSPECIFIED.);
#10619 = ADVANCED_FACE ('', (#10613), #10618, .T.);
#10620 = ORIENTED_EDGE ('', *, *, #3854, .T.);
#10621 = ORIENTED_EDGE ('', *, *, #10610, .F.);
#10622 = ORIENTED_EDGE ('', *, *, #811, .F.);
#10623 = ORIENTED_EDGE ('', *, *, #10502, .T.);
#10624 = EDGE_LOOP ('', (#10620, #10621, #10622, #10623));
#10625 = FACE_OUTER_BOUND ('', #10624, .T.);
#10626 = CARTESIAN_POINT ('', (-46.8453877566443, 114.871508151524, 3.5));
#10627 = CARTESIAN_POINT ('', (-46.3481268089602, 114.81924391989, 3.5));
#10628 = CARTESIAN_POINT ('', (-46.2958625773263, 115.316504867574, 3.5));
#10629 = CARTESIAN_POINT ('', (-46.8453877566443, 114.871508151524, 5.));
#10630 = CARTESIAN_POINT ('', (-46.3481268089602, 114.81924391989, 5.));
#10631 = CARTESIAN_POINT ('', (-46.2958625773263, 115.316504867574, 5.));
#10632 = (
   BOUNDED_SURFACE ()
   B_SPLINE_SURFACE (1, 2, ((#10626, #10627, #10628), (#10629, #10630, #10631)), .UNSPECIFIED., .F., .F., .U.)
   B_SPLINE_SURFACE_WITH_KNOTS ((2, 2), (3, 3), (0., 1.), (14., 15.), .UNSPECIFIED.)
   GEOMETRIC_REPRESENTATION_ITEM ()
   RATIONAL_B_SPLINE_SURFACE (((1., 0.707106781186548, 1.), (1., 0.707106781186548, 1.)))
   REPRESENTATION_ITEM ('')
   SURFACE ()
);
#10633 = ADVANCED_FACE ('', (#10625), #10632, .T.);
#10634 = ORIENTED_EDGE ('', *, *, #3741, .T.);
#10635 = CARTESIAN_POINT ('', (-65.3882791376274, 116.672217956831, 3.5));
#10636 = CARTESIAN_POINT ('', (-65.3882791376274, 116.672217956831, 5.));
#10637 = B_SPLINE_CURVE_WITH_KNOTS ('', 1, (#10635, #10636), .UNSPECIFIED., .F., .U., (2, 2), (0., 1.), .UNSPECIFIED.);
#10638 = EDGE_CURVE ('', #737, #3737, #10637, .T.);
#10639 = ORIENTED_EDGE ('', *, *, #10638, .F.);
#10640 = ORIENTED_EDGE ('', *, *, #741, .F.);
#10641 = CARTESIAN_POINT ('', (-78.3704630894369, 117.352585387989, 3.5));
#10642 = CARTESIAN_POINT ('', (-78.3704630894369, 117.352585387989, 5.));
#10643 = B_SPLINE_CURVE_WITH_KNOTS ('', 1, (#10641, #10642), .UNSPECIFIED., .F., .U., (2, 2), (0., 1.), .UNSPECIFIED.);
#10644 = EDGE_CURVE ('', #735, #3735, #10643, .T.);
#10645 = ORIENTED_EDGE ('', *, *, #10644, .T.);
#10646 = EDGE_LOOP ('', (#10634, #10639, #10640, #10645));
#10647 = FACE_OUTER_BOUND ('', #10646, .T.);
#10648 = CARTESIAN_POINT ('', (-78.3704630894369, 117.352585387989, 3.5));
#10649 = CARTESIAN_POINT ('', (-65.3882791376274, 116.672217956831, 3.5));
#10650 = CARTESIAN_POINT ('', (-78.3704630894369, 117.352585387989, 5.));
#10651 = CARTESIAN_POINT ('', (-65.3882791376274, 116.672217956831, 5.));
#10652 = B_SPLINE_SURFACE_WITH_KNOTS ('', 1, 1, ((#10648, #10649), (#10650, #10651)), .UNSPECIFIED., .F., .F., .U., (2, 2), (2, 2), (0., 1.), (1., 14.), .UNSPECIFIED.);
#10653 = ADVANCED_FACE ('', (#10647), #10652, .T.);
#10654 = ORIENTED_EDGE ('', *, *, #3749, .T.);
#10655 = ORIENTED_EDGE ('', *, *, #10644, .F.);
#10656 = ORIENTED_EDGE ('', *, *, #792, .F.);
#10657 = CARTESIAN_POINT ('', (-78.8436098786927, 117.878068133488, 3.5));
#10658 = CARTESIAN_POINT ('', (-78.8436098786927, 117.878068133488, 5.));
#10659 = B_SPLINE_CURVE_WITH_KNOTS ('', 1, (#10657, #10658), .UNSPECIFIED., .F., .U., (2, 2), (0., 1.), .UNSPECIFIED.);
#10660 = EDGE_CURVE ('', #782, #3744, #10659, .T.);
#10661 = ORIENTED_EDGE ('', *, *, #10660, .T.);
#10662 = EDGE_LOOP ('', (#10654, #10655, #10656, #10661));
#10663 = FACE_OUTER_BOUND ('', #10662, .T.);
#10664 = CARTESIAN_POINT ('', (-78.8436098786927, 117.878068133488, 3.5));
#10665 = CARTESIAN_POINT ('', (-78.8697778568142, 117.378753366111, 3.5));
#10666 = CARTESIAN_POINT ('', (-78.3704630894369, 117.352585387989, 3.5));
#10667 = CARTESIAN_POINT ('', (-78.8436098786927, 117.878068133488, 5.));
#10668 = CARTESIAN_POINT ('', (-78.8697778568142, 117.378753366111, 5.));
#10669 = CARTESIAN_POINT ('', (-78.3704630894369, 117.352585387989, 5.));
#10670 = (
   BOUNDED_SURFACE ()
   B_SPLINE_SURFACE (1, 2, ((#10664, #10665, #10666), (#10667, #10668, #10669)), .UNSPECIFIED., .F., .F., .U.)
   B_SPLINE_SURFACE_WITH_KNOTS ((2, 2), (3, 3), (0., 1.), (0., 1.), .UNSPECIFIED.)
   GEOMETRIC_REPRESENTATION_ITEM ()
   RATIONAL_B_SPLINE_SURFACE (((1., 0.707106781186557, 1.), (1., 0.707106781186557, 1.)))
   REPRESENTATION_ITEM ('')
   SURFACE ()
);
#10671 = ADVANCED_FACE ('', (#10663), #10670, .T.);
#10672 = ORIENTED_EDGE ('', *, *, #3756, .T.);
#10673 = ORIENTED_EDGE ('', *, *, #10660, .F.);
#10674 = ORIENTED_EDGE ('', *, *, #786, .F.);
#10675 = CARTESIAN_POINT ('', (-78.1632424475344, 130.860252085297, 3.5));
#10676 = CARTESIAN_POINT ('', (-78.1632424475344, 130.860252085297, 5.));
#10677 = B_SPLINE_CURVE_WITH_KNOTS ('', 1, (#10675, #10676), .UNSPECIFIED., .F., .U., (2, 2), (0., 1.), .UNSPECIFIED.);
#10678 = EDGE_CURVE ('', #774, #3752, #10677, .T.);
#10679 = ORIENTED_EDGE ('', *, *, #10678, .T.);
#10680 = EDGE_LOOP ('', (#10672, #10673, #10674, #10679));
#10681 = FACE_OUTER_BOUND ('', #10680, .T.);
#10682 = CARTESIAN_POINT ('', (-78.1632424475344, 130.860252085297, 3.5));
#10683 = CARTESIAN_POINT ('', (-78.8436098786927, 117.878068133488, 3.5));
#10684 = CARTESIAN_POINT ('', (-78.1632424475344, 130.860252085297, 5.));
#10685 = CARTESIAN_POINT ('', (-78.8436098786927, 117.878068133488, 5.));
#10686 = B_SPLINE_SURFACE_WITH_KNOTS ('', 1, 1, ((#10682, #10683), (#10684, #10685)), .UNSPECIFIED., .F., .F., .U., (2, 2), (2, 2), (0., 1.), (43., 56.), .UNSPECIFIED.);
#10687 = ADVANCED_FACE ('', (#10681), #10686, .T.);
#10688 = ORIENTED_EDGE ('', *, *, #3764, .T.);
#10689 = ORIENTED_EDGE ('', *, *, #10678, .F.);
#10690 = ORIENTED_EDGE ('', *, *, #779, .F.);
#10691 = CARTESIAN_POINT ('', (-77.6377597020357, 131.333398874553, 3.5));
#10692 = CARTESIAN_POINT ('', (-77.6377597020357, 131.333398874553, 5.));
#10693 = B_SPLINE_CURVE_WITH_KNOTS ('', 1, (#10691, #10692), .UNSPECIFIED., .F., .U., (2, 2), (0., 1.), .UNSPECIFIED.);
#10694 = EDGE_CURVE ('', #767, #3759, #10693, .T.);
#10695 = ORIENTED_EDGE ('', *, *, #10694, .T.);
#10696 = EDGE_LOOP ('', (#10688, #10689, #10690, #10695));
#10697 = FACE_OUTER_BOUND ('', #10696, .T.);
#10698 = CARTESIAN_POINT ('', (-77.6377597020357, 131.333398874553, 3.5));
#10699 = CARTESIAN_POINT ('', (-78.137074469413, 131.359566852675, 3.5));
#10700 = CARTESIAN_POINT ('', (-78.1632424475344, 130.860252085297, 3.5));
#10701 = CARTESIAN_POINT ('', (-77.6377597020357, 131.333398874553, 5.));
#10702 = CARTESIAN_POINT ('', (-78.137074469413, 131.359566852675, 5.));
#10703 = CARTESIAN_POINT ('', (-78.1632424475344, 130.860252085297, 5.));
#10704 = (
   BOUNDED_SURFACE ()
   B_SPLINE_SURFACE (1, 2, ((#10698, #10699, #10700), (#10701, #10702, #10703)), .UNSPECIFIED., .F., .F., .U.)
   B_SPLINE_SURFACE_WITH_KNOTS ((2, 2), (3, 3), (0., 1.), (42., 43.), .UNSPECIFIED.)
   GEOMETRIC_REPRESENTATION_ITEM ()
   RATIONAL_B_SPLINE_SURFACE (((1., 0.707106781186539, 1.), (1., 0.707106781186539, 1.)))
   REPRESENTATION_ITEM ('')
   SURFACE ()
);
#10705 = ADVANCED_FACE ('', (#10697), #10704, .T.);
#10706 = ORIENTED_EDGE ('', *, *, #3771, .T.);
#10707 = ORIENTED_EDGE ('', *, *, #10694, .F.);
#10708 = ORIENTED_EDGE ('', *, *, #771, .F.);
#10709 = CARTESIAN_POINT ('', (-64.6555757502262, 130.653031443395, 3.5));
#10710 = CARTESIAN_POINT ('', (-64.6555757502262, 130.653031443395, 5.));
#10711 = B_SPLINE_CURVE_WITH_KNOTS ('', 1, (#10709, #10710), .UNSPECIFIED., .F., .U., (2, 2), (0., 1.), .UNSPECIFIED.);
#10712 = EDGE_CURVE ('', #759, #3767, #10711, .T.);
#10713 = ORIENTED_EDGE ('', *, *, #10712, .T.);
#10714 = EDGE_LOOP ('', (#10706, #10707, #10708, #10713));
#10715 = FACE_OUTER_BOUND ('', #10714, .T.);
#10716 = CARTESIAN_POINT ('', (-64.6555757502262, 130.653031443395, 3.5));
#10717 = CARTESIAN_POINT ('', (-77.6377597020357, 131.333398874553, 3.5));
#10718 = CARTESIAN_POINT ('', (-64.6555757502262, 130.653031443395, 5.));
#10719 = CARTESIAN_POINT ('', (-77.6377597020357, 131.333398874553, 5.));
#10720 = B_SPLINE_SURFACE_WITH_KNOTS ('', 1, 1, ((#10716, #10717), (#10718, #10719)), .UNSPECIFIED., .F., .F., .U., (2, 2), (2, 2), (0., 1.), (29., 42.), .UNSPECIFIED.);
#10721 = ADVANCED_FACE ('', (#10715), #10720, .T.);
#10722 = ORIENTED_EDGE ('', *, *, #3779, .T.);
#10723 = ORIENTED_EDGE ('', *, *, #10712, .F.);
#10724 = ORIENTED_EDGE ('', *, *, #764, .F.);
#10725 = CARTESIAN_POINT ('', (-64.1824289609704, 130.127548697896, 3.5));
#10726 = CARTESIAN_POINT ('', (-64.1824289609704, 130.127548697896, 5.));
#10727 = B_SPLINE_CURVE_WITH_KNOTS ('', 1, (#10725, #10726), .UNSPECIFIED., .F., .U., (2, 2), (0., 1.), .UNSPECIFIED.);
#10728 = EDGE_CURVE ('', #752, #3774, #10727, .T.);
#10729 = ORIENTED_EDGE ('', *, *, #10728, .T.);
#10730 = EDGE_LOOP ('', (#10722, #10723, #10724, #10729));
#10731 = FACE_OUTER_BOUND ('', #10730, .T.);
#10732 = CARTESIAN_POINT ('', (-64.1824289609704, 130.127548697896, 3.5));
#10733 = CARTESIAN_POINT ('', (-64.1562609828489, 130.626863465273, 3.5));
#10734 = CARTESIAN_POINT ('', (-64.6555757502262, 130.653031443395, 3.5));
#10735 = CARTESIAN_POINT ('', (-64.1824289609704, 130.127548697896, 5.));
#10736 = CARTESIAN_POINT ('', (-64.1562609828489, 130.626863465273, 5.));
#10737 = CARTESIAN_POINT ('', (-64.6555757502262, 130.653031443395, 5.));
#10738 = (
   BOUNDED_SURFACE ()
   B_SPLINE_SURFACE (1, 2, ((#10732, #10733, #10734), (#10735, #10736, #10737)), .UNSPECIFIED., .F., .F., .U.)
   B_SPLINE_SURFACE_WITH_KNOTS ((2, 2), (3, 3), (0., 1.), (28., 29.), .UNSPECIFIED.)
   GEOMETRIC_REPRESENTATION_ITEM ()
   RATIONAL_B_SPLINE_SURFACE (((1., 0.707106781186557, 1.), (1., 0.707106781186557, 1.)))
   REPRESENTATION_ITEM ('')
   SURFACE ()
);
#10739 = ADVANCED_FACE ('', (#10731), #10738, .T.);
#10740 = ORIENTED_EDGE ('', *, *, #3786, .T.);
#10741 = ORIENTED_EDGE ('', *, *, #10728, .F.);
#10742 = ORIENTED_EDGE ('', *, *, #756, .F.);
#10743 = CARTESIAN_POINT ('', (-64.8627963921287, 117.145364746087, 3.5));
#10744 = CARTESIAN_POINT ('', (-64.8627963921287, 117.145364746087, 5.));
#10745 = B_SPLINE_CURVE_WITH_KNOTS ('', 1, (#10743, #10744), .UNSPECIFIED., .F., .U., (2, 2), (0., 1.), .UNSPECIFIED.);
#10746 = EDGE_CURVE ('', #744, #3782, #10745, .T.);
#10747 = ORIENTED_EDGE ('', *, *, #10746, .T.);
#10748 = EDGE_LOOP ('', (#10740, #10741, #10742, #10747));
#10749 = FACE_OUTER_BOUND ('', #10748, .T.);
#10750 = CARTESIAN_POINT ('', (-64.8627963921287, 117.145364746087, 3.5));
#10751 = CARTESIAN_POINT ('', (-64.1824289609704, 130.127548697896, 3.5));
#10752 = CARTESIAN_POINT ('', (-64.8627963921287, 117.145364746087, 5.));
#10753 = CARTESIAN_POINT ('', (-64.1824289609704, 130.127548697896, 5.));
#10754 = B_SPLINE_SURFACE_WITH_KNOTS ('', 1, 1, ((#10750, #10751), (#10752, #10753)), .UNSPECIFIED., .F., .F., .U., (2, 2), (2, 2), (0., 1.), (15., 28.), .UNSPECIFIED.);
#10755 = ADVANCED_FACE ('', (#10749), #10754, .T.);
#10756 = ORIENTED_EDGE ('', *, *, #3792, .T.);
#10757 = ORIENTED_EDGE ('', *, *, #10746, .F.);
#10758 = ORIENTED_EDGE ('', *, *, #749, .F.);
#10759 = ORIENTED_EDGE ('', *, *, #10638, .T.);
#10760 = EDGE_LOOP ('', (#10756, #10757, #10758, #10759));
#10761 = FACE_OUTER_BOUND ('', #10760, .T.);
#10762 = CARTESIAN_POINT ('', (-65.3882791376274, 116.672217956831, 3.5));
#10763 = CARTESIAN_POINT ('', (-64.8889643702501, 116.646049978709, 3.5));
#10764 = CARTESIAN_POINT ('', (-64.8627963921287, 117.145364746087, 3.5));
#10765 = CARTESIAN_POINT ('', (-65.3882791376274, 116.672217956831, 5.));
#10766 = CARTESIAN_POINT ('', (-64.8889643702501, 116.646049978709, 5.));
#10767 = CARTESIAN_POINT ('', (-64.8627963921287, 117.145364746087, 5.));
#10768 = (
   BOUNDED_SURFACE ()
   B_SPLINE_SURFACE (1, 2, ((#10762, #10763, #10764), (#10765, #10766, #10767)), .UNSPECIFIED., .F., .F., .U.)
   B_SPLINE_SURFACE_WITH_KNOTS ((2, 2), (3, 3), (0., 1.), (14., 15.), .UNSPECIFIED.)
   GEOMETRIC_REPRESENTATION_ITEM ()
   RATIONAL_B_SPLINE_SURFACE (((1., 0.707106781186537, 1.), (1., 0.707106781186537, 1.)))
   REPRESENTATION_ITEM ('')
   SURFACE ()
);
#10769 = ADVANCED_FACE ('', (#10761), #10768, .T.);
#10770 = ORIENTED_EDGE ('', *, *, #3679, .T.);
#10771 = CARTESIAN_POINT ('', (-84., 117.5, 3.5));
#10772 = CARTESIAN_POINT ('', (-84., 117.5, 5.));
#10773 = B_SPLINE_CURVE_WITH_KNOTS ('', 1, (#10771, #10772), .UNSPECIFIED., .F., .U., (2, 2), (0., 1.), .UNSPECIFIED.);
#10774 = EDGE_CURVE ('', #675, #3675, #10773, .T.);
#10775 = ORIENTED_EDGE ('', *, *, #10774, .F.);
#10776 = ORIENTED_EDGE ('', *, *, #679, .F.);
#10777 = CARTESIAN_POINT ('', (-97., 117.5, 3.5));
#10778 = CARTESIAN_POINT ('', (-97., 117.5, 5.));
#10779 = B_SPLINE_CURVE_WITH_KNOTS ('', 1, (#10777, #10778), .UNSPECIFIED., .F., .U., (2, 2), (0., 1.), .UNSPECIFIED.);
#10780 = EDGE_CURVE ('', #673, #3673, #10779, .T.);
#10781 = ORIENTED_EDGE ('', *, *, #10780, .T.);
#10782 = EDGE_LOOP ('', (#10770, #10775, #10776, #10781));
#10783 = FACE_OUTER_BOUND ('', #10782, .T.);
#10784 = CARTESIAN_POINT ('', (-97., 117.5, 3.5));
#10785 = CARTESIAN_POINT ('', (-84., 117.5, 3.5));
#10786 = CARTESIAN_POINT ('', (-97., 117.5, 5.));
#10787 = CARTESIAN_POINT ('', (-84., 117.5, 5.));
#10788 = B_SPLINE_SURFACE_WITH_KNOTS ('', 1, 1, ((#10784, #10785), (#10786, #10787)), .UNSPECIFIED., .F., .F., .U., (2, 2), (2, 2), (0., 1.), (1., 14.), .UNSPECIFIED.);
#10789 = ADVANCED_FACE ('', (#10783), #10788, .T.);
#10790 = ORIENTED_EDGE ('', *, *, #3687, .T.);
#10791 = ORIENTED_EDGE ('', *, *, #10780, .F.);
#10792 = ORIENTED_EDGE ('', *, *, #730, .F.);
#10793 = CARTESIAN_POINT ('', (-97.5, 118., 3.5));
#10794 = CARTESIAN_POINT ('', (-97.5, 118., 5.));
#10795 = B_SPLINE_CURVE_WITH_KNOTS ('', 1, (#10793, #10794), .UNSPECIFIED., .F., .U., (2, 2), (0., 1.), .UNSPECIFIED.);
#10796 = EDGE_CURVE ('', #720, #3682, #10795, .T.);
#10797 = ORIENTED_EDGE ('', *, *, #10796, .T.);
#10798 = EDGE_LOOP ('', (#10790, #10791, #10792, #10797));
#10799 = FACE_OUTER_BOUND ('', #10798, .T.);
#10800 = CARTESIAN_POINT ('', (-97.5, 118., 3.5));
#10801 = CARTESIAN_POINT ('', (-97.5, 117.5, 3.5));
#10802 = CARTESIAN_POINT ('', (-97., 117.5, 3.5));
#10803 = CARTESIAN_POINT ('', (-97.5, 118., 5.));
#10804 = CARTESIAN_POINT ('', (-97.5, 117.5, 5.));
#10805 = CARTESIAN_POINT ('', (-97., 117.5, 5.));
#10806 = (
   BOUNDED_SURFACE ()
   B_SPLINE_SURFACE (1, 2, ((#10800, #10801, #10802), (#10803, #10804, #10805)), .UNSPECIFIED., .F., .F., .U.)
   B_SPLINE_SURFACE_WITH_KNOTS ((2, 2), (3, 3), (0., 1.), (0., 1.), .UNSPECIFIED.)
   GEOMETRIC_REPRESENTATION_ITEM ()
   RATIONAL_B_SPLINE_SURFACE (((1., 0.707106781186537, 1.), (1., 0.707106781186537, 1.)))
   REPRESENTATION_ITEM ('')
   SURFACE ()
);
#10807 = ADVANCED_FACE ('', (#10799), #10806, .T.);
#10808 = ORIENTED_EDGE ('', *, *, #3694, .T.);
#10809 = ORIENTED_EDGE ('', *, *, #10796, .F.);
#10810 = ORIENTED_EDGE ('', *, *, #724, .F.);
#10811 = CARTESIAN_POINT ('', (-97.5, 131., 3.5));
#10812 = CARTESIAN_POINT ('', (-97.5, 131., 5.));
#10813 = B_SPLINE_CURVE_WITH_KNOTS ('', 1, (#10811, #10812), .UNSPECIFIED., .F., .U., (2, 2), (0., 1.), .UNSPECIFIED.);
#10814 = EDGE_CURVE ('', #712, #3690, #10813, .T.);
#10815 = ORIENTED_EDGE ('', *, *, #10814, .T.);
#10816 = EDGE_LOOP ('', (#10808, #10809, #10810, #10815));
#10817 = FACE_OUTER_BOUND ('', #10816, .T.);
#10818 = CARTESIAN_POINT ('', (-97.5, 131., 3.5));
#10819 = CARTESIAN_POINT ('', (-97.5, 118., 3.5));
#10820 = CARTESIAN_POINT ('', (-97.5, 131., 5.));
#10821 = CARTESIAN_POINT ('', (-97.5, 118., 5.));
#10822 = B_SPLINE_SURFACE_WITH_KNOTS ('', 1, 1, ((#10818, #10819), (#10820, #10821)), .UNSPECIFIED., .F., .F., .U., (2, 2), (2, 2), (0., 1.), (43., 56.), .UNSPECIFIED.);
#10823 = ADVANCED_FACE ('', (#10817), #10822, .T.);
#10824 = ORIENTED_EDGE ('', *, *, #3702, .T.);
#10825 = ORIENTED_EDGE ('', *, *, #10814, .F.);
#10826 = ORIENTED_EDGE ('', *, *, #717, .F.);
#10827 = CARTESIAN_POINT ('', (-97., 131.5, 3.5));
#10828 = CARTESIAN_POINT ('', (-97., 131.5, 5.));
#10829 = B_SPLINE_CURVE_WITH_KNOTS ('', 1, (#10827, #10828), .UNSPECIFIED., .F., .U., (2, 2), (0., 1.), .UNSPECIFIED.);
#10830 = EDGE_CURVE ('', #705, #3697, #10829, .T.);
#10831 = ORIENTED_EDGE ('', *, *, #10830, .T.);
#10832 = EDGE_LOOP ('', (#10824, #10825, #10826, #10831));
#10833 = FACE_OUTER_BOUND ('', #10832, .T.);
#10834 = CARTESIAN_POINT ('', (-97., 131.5, 3.5));
#10835 = CARTESIAN_POINT ('', (-97.5, 131.5, 3.5));
#10836 = CARTESIAN_POINT ('', (-97.5, 131., 3.5));
#10837 = CARTESIAN_POINT ('', (-97., 131.5, 5.));
#10838 = CARTESIAN_POINT ('', (-97.5, 131.5, 5.));
#10839 = CARTESIAN_POINT ('', (-97.5, 131., 5.));
#10840 = (
   BOUNDED_SURFACE ()
   B_SPLINE_SURFACE (1, 2, ((#10834, #10835, #10836), (#10837, #10838, #10839)), .UNSPECIFIED., .F., .F., .U.)
   B_SPLINE_SURFACE_WITH_KNOTS ((2, 2), (3, 3), (0., 1.), (42., 43.), .UNSPECIFIED.)
   GEOMETRIC_REPRESENTATION_ITEM ()
   RATIONAL_B_SPLINE_SURFACE (((1., 0.707106781186548, 1.), (1., 0.707106781186548, 1.)))
   REPRESENTATION_ITEM ('')
   SURFACE ()
);
#10841 = ADVANCED_FACE ('', (#10833), #10840, .T.);
#10842 = ORIENTED_EDGE ('', *, *, #3709, .T.);
#10843 = ORIENTED_EDGE ('', *, *, #10830, .F.);
#10844 = ORIENTED_EDGE ('', *, *, #709, .F.);
#10845 = CARTESIAN_POINT ('', (-84., 131.5, 3.5));
#10846 = CARTESIAN_POINT ('', (-84., 131.5, 5.));
#10847 = B_SPLINE_CURVE_WITH_KNOTS ('', 1, (#10845, #10846), .UNSPECIFIED., .F., .U., (2, 2), (0., 1.), .UNSPECIFIED.);
#10848 = EDGE_CURVE ('', #697, #3705, #10847, .T.);
#10849 = ORIENTED_EDGE ('', *, *, #10848, .T.);
#10850 = EDGE_LOOP ('', (#10842, #10843, #10844, #10849));
#10851 = FACE_OUTER_BOUND ('', #10850, .T.);
#10852 = CARTESIAN_POINT ('', (-84., 131.5, 3.5));
#10853 = CARTESIAN_POINT ('', (-97., 131.5, 3.5));
#10854 = CARTESIAN_POINT ('', (-84., 131.5, 5.));
#10855 = CARTESIAN_POINT ('', (-97., 131.5, 5.));
#10856 = B_SPLINE_SURFACE_WITH_KNOTS ('', 1, 1, ((#10852, #10853), (#10854, #10855)), .UNSPECIFIED., .F., .F., .U., (2, 2), (2, 2), (0., 1.), (29., 42.), .UNSPECIFIED.);
#10857 = ADVANCED_FACE ('', (#10851), #10856, .T.);
#10858 = ORIENTED_EDGE ('', *, *, #3717, .T.);
#10859 = ORIENTED_EDGE ('', *, *, #10848, .F.);
#10860 = ORIENTED_EDGE ('', *, *, #702, .F.);
#10861 = CARTESIAN_POINT ('', (-83.5, 131., 3.5));
#10862 = CARTESIAN_POINT ('', (-83.5, 131., 5.));
#10863 = B_SPLINE_CURVE_WITH_KNOTS ('', 1, (#10861, #10862), .UNSPECIFIED., .F., .U., (2, 2), (0., 1.), .UNSPECIFIED.);
#10864 = EDGE_CURVE ('', #690, #3712, #10863, .T.);
#10865 = ORIENTED_EDGE ('', *, *, #10864, .T.);
#10866 = EDGE_LOOP ('', (#10858, #10859, #10860, #10865));
#10867 = FACE_OUTER_BOUND ('', #10866, .T.);
#10868 = CARTESIAN_POINT ('', (-83.5, 131., 3.5));
#10869 = CARTESIAN_POINT ('', (-83.5, 131.5, 3.5));
#10870 = CARTESIAN_POINT ('', (-84., 131.5, 3.5));
#10871 = CARTESIAN_POINT ('', (-83.5, 131., 5.));
#10872 = CARTESIAN_POINT ('', (-83.5, 131.5, 5.));
#10873 = CARTESIAN_POINT ('', (-84., 131.5, 5.));
#10874 = (
   BOUNDED_SURFACE ()
   B_SPLINE_SURFACE (1, 2, ((#10868, #10869, #10870), (#10871, #10872, #10873)), .UNSPECIFIED., .F., .F., .U.)
   B_SPLINE_SURFACE_WITH_KNOTS ((2, 2), (3, 3), (0., 1.), (28., 29.), .UNSPECIFIED.)
   GEOMETRIC_REPRESENTATION_ITEM ()
   RATIONAL_B_SPLINE_SURFACE (((1., 0.707106781186548, 1.), (1., 0.707106781186548, 1.)))
   REPRESENTATION_ITEM ('')
   SURFACE ()
);
#10875 = ADVANCED_FACE ('', (#10867), #10874, .T.);
#10876 = ORIENTED_EDGE ('', *, *, #3724, .T.);
#10877 = ORIENTED_EDGE ('', *, *, #10864, .F.);
#10878 = ORIENTED_EDGE ('', *, *, #694, .F.);
#10879 = CARTESIAN_POINT ('', (-83.5, 118., 3.5));
#10880 = CARTESIAN_POINT ('', (-83.5, 118., 5.));
#10881 = B_SPLINE_CURVE_WITH_KNOTS ('', 1, (#10879, #10880), .UNSPECIFIED., .F., .U., (2, 2), (0., 1.), .UNSPECIFIED.);
#10882 = EDGE_CURVE ('', #682, #3720, #10881, .T.);
#10883 = ORIENTED_EDGE ('', *, *, #10882, .T.);
#10884 = EDGE_LOOP ('', (#10876, #10877, #10878, #10883));
#10885 = FACE_OUTER_BOUND ('', #10884, .T.);
#10886 = CARTESIAN_POINT ('', (-83.5, 118., 3.5));
#10887 = CARTESIAN_POINT ('', (-83.5, 131., 3.5));
#10888 = CARTESIAN_POINT ('', (-83.5, 118., 5.));
#10889 = CARTESIAN_POINT ('', (-83.5, 131., 5.));
#10890 = B_SPLINE_SURFACE_WITH_KNOTS ('', 1, 1, ((#10886, #10887), (#10888, #10889)), .UNSPECIFIED., .F., .F., .U., (2, 2), (2, 2), (0., 1.), (15., 28.), .UNSPECIFIED.);
#10891 = ADVANCED_FACE ('', (#10885), #10890, .T.);
#10892 = ORIENTED_EDGE ('', *, *, #3730, .T.);
#10893 = ORIENTED_EDGE ('', *, *, #10882, .F.);
#10894 = ORIENTED_EDGE ('', *, *, #687, .F.);
#10895 = ORIENTED_EDGE ('', *, *, #10774, .T.);
#10896 = EDGE_LOOP ('', (#10892, #10893, #10894, #10895));
#10897 = FACE_OUTER_BOUND ('', #10896, .T.);
#10898 = CARTESIAN_POINT ('', (-84., 117.5, 3.5));
#10899 = CARTESIAN_POINT ('', (-83.5, 117.5, 3.5));
#10900 = CARTESIAN_POINT ('', (-83.5, 118., 3.5));
#10901 = CARTESIAN_POINT ('', (-84., 117.5, 5.));
#10902 = CARTESIAN_POINT ('', (-83.5, 117.5, 5.));
#10903 = CARTESIAN_POINT ('', (-83.5, 118., 5.));
#10904 = (
   BOUNDED_SURFACE ()
   B_SPLINE_SURFACE (1, 2, ((#10898, #10899, #10900), (#10901, #10902, #10903)), .UNSPECIFIED., .F., .F., .U.)
   B_SPLINE_SURFACE_WITH_KNOTS ((2, 2), (3, 3), (0., 1.), (14., 15.), .UNSPECIFIED.)
   GEOMETRIC_REPRESENTATION_ITEM ()
   RATIONAL_B_SPLINE_SURFACE (((1., 0.707106781186537, 1.), (1., 0.707106781186537, 1.)))
   REPRESENTATION_ITEM ('')
   SURFACE ()
);
#10905 = ADVANCED_FACE ('', (#10897), #10904, .T.);
#10906 = ORIENTED_EDGE ('', *, *, #3617, .T.);
#10907 = CARTESIAN_POINT ('', (-103., 117.5, 3.5));
#10908 = CARTESIAN_POINT ('', (-103., 117.5, 5.));
#10909 = B_SPLINE_CURVE_WITH_KNOTS ('', 1, (#10907, #10908), .UNSPECIFIED., .F., .U., (2, 2), (0., 1.), .UNSPECIFIED.);
#10910 = EDGE_CURVE ('', #613, #3613, #10909, .T.);
#10911 = ORIENTED_EDGE ('', *, *, #10910, .F.);
#10912 = ORIENTED_EDGE ('', *, *, #617, .F.);
#10913 = CARTESIAN_POINT ('', (-116., 117.5, 3.5));
#10914 = CARTESIAN_POINT ('', (-116., 117.5, 5.));
#10915 = B_SPLINE_CURVE_WITH_KNOTS ('', 1, (#10913, #10914), .UNSPECIFIED., .F., .U., (2, 2), (0., 1.), .UNSPECIFIED.);
#10916 = EDGE_CURVE ('', #611, #3611, #10915, .T.);
#10917 = ORIENTED_EDGE ('', *, *, #10916, .T.);
#10918 = EDGE_LOOP ('', (#10906, #10911, #10912, #10917));
#10919 = FACE_OUTER_BOUND ('', #10918, .T.);
#10920 = CARTESIAN_POINT ('', (-116., 117.5, 3.5));
#10921 = CARTESIAN_POINT ('', (-103., 117.5, 3.5));
#10922 = CARTESIAN_POINT ('', (-116., 117.5, 5.));
#10923 = CARTESIAN_POINT ('', (-103., 117.5, 5.));
#10924 = B_SPLINE_SURFACE_WITH_KNOTS ('', 1, 1, ((#10920, #10921), (#10922, #10923)), .UNSPECIFIED., .F., .F., .U., (2, 2), (2, 2), (0., 1.), (1., 14.), .UNSPECIFIED.);
#10925 = ADVANCED_FACE ('', (#10919), #10924, .T.);
#10926 = ORIENTED_EDGE ('', *, *, #3625, .T.);
#10927 = ORIENTED_EDGE ('', *, *, #10916, .F.);
#10928 = ORIENTED_EDGE ('', *, *, #668, .F.);
#10929 = CARTESIAN_POINT ('', (-116.5, 118., 3.5));
#10930 = CARTESIAN_POINT ('', (-116.5, 118., 5.));
#10931 = B_SPLINE_CURVE_WITH_KNOTS ('', 1, (#10929, #10930), .UNSPECIFIED., .F., .U., (2, 2), (0., 1.), .UNSPECIFIED.);
#10932 = EDGE_CURVE ('', #658, #3620, #10931, .T.);
#10933 = ORIENTED_EDGE ('', *, *, #10932, .T.);
#10934 = EDGE_LOOP ('', (#10926, #10927, #10928, #10933));
#10935 = FACE_OUTER_BOUND ('', #10934, .T.);
#10936 = CARTESIAN_POINT ('', (-116.5, 118., 3.5));
#10937 = CARTESIAN_POINT ('', (-116.5, 117.5, 3.5));
#10938 = CARTESIAN_POINT ('', (-116., 117.5, 3.5));
#10939 = CARTESIAN_POINT ('', (-116.5, 118., 5.));
#10940 = CARTESIAN_POINT ('', (-116.5, 117.5, 5.));
#10941 = CARTESIAN_POINT ('', (-116., 117.5, 5.));
#10942 = (
   BOUNDED_SURFACE ()
   B_SPLINE_SURFACE (1, 2, ((#10936, #10937, #10938), (#10939, #10940, #10941)), .UNSPECIFIED., .F., .F., .U.)
   B_SPLINE_SURFACE_WITH_KNOTS ((2, 2), (3, 3), (0., 1.), (0., 1.), .UNSPECIFIED.)
   GEOMETRIC_REPRESENTATION_ITEM ()
   RATIONAL_B_SPLINE_SURFACE (((1., 0.707106781186537, 1.), (1., 0.707106781186537, 1.)))
   REPRESENTATION_ITEM ('')
   SURFACE ()
);
#10943 = ADVANCED_FACE ('', (#10935), #10942, .T.);
#10944 = ORIENTED_EDGE ('', *, *, #3632, .T.);
#10945 = ORIENTED_EDGE ('', *, *, #10932, .F.);
#10946 = ORIENTED_EDGE ('', *, *, #662, .F.);
#10947 = CARTESIAN_POINT ('', (-116.5, 131., 3.5));
#10948 = CARTESIAN_POINT ('', (-116.5, 131., 5.));
#10949 = B_SPLINE_CURVE_WITH_KNOTS ('', 1, (#10947, #10948), .UNSPECIFIED., .F., .U., (2, 2), (0., 1.), .UNSPECIFIED.);
#10950 = EDGE_CURVE ('', #650, #3628, #10949, .T.);
#10951 = ORIENTED_EDGE ('', *, *, #10950, .T.);
#10952 = EDGE_LOOP ('', (#10944, #10945, #10946, #10951));
#10953 = FACE_OUTER_BOUND ('', #10952, .T.);
#10954 = CARTESIAN_POINT ('', (-116.5, 131., 3.5));
#10955 = CARTESIAN_POINT ('', (-116.5, 118., 3.5));
#10956 = CARTESIAN_POINT ('', (-116.5, 131., 5.));
#10957 = CARTESIAN_POINT ('', (-116.5, 118., 5.));
#10958 = B_SPLINE_SURFACE_WITH_KNOTS ('', 1, 1, ((#10954, #10955), (#10956, #10957)), .UNSPECIFIED., .F., .F., .U., (2, 2), (2, 2), (0., 1.), (43., 56.), .UNSPECIFIED.);
#10959 = ADVANCED_FACE ('', (#10953), #10958, .T.);
#10960 = ORIENTED_EDGE ('', *, *, #3640, .T.);
#10961 = ORIENTED_EDGE ('', *, *, #10950, .F.);
#10962 = ORIENTED_EDGE ('', *, *, #655, .F.);
#10963 = CARTESIAN_POINT ('', (-116., 131.5, 3.5));
#10964 = CARTESIAN_POINT ('', (-116., 131.5, 5.));
#10965 = B_SPLINE_CURVE_WITH_KNOTS ('', 1, (#10963, #10964), .UNSPECIFIED., .F., .U., (2, 2), (0., 1.), .UNSPECIFIED.);
#10966 = EDGE_CURVE ('', #643, #3635, #10965, .T.);
#10967 = ORIENTED_EDGE ('', *, *, #10966, .T.);
#10968 = EDGE_LOOP ('', (#10960, #10961, #10962, #10967));
#10969 = FACE_OUTER_BOUND ('', #10968, .T.);
#10970 = CARTESIAN_POINT ('', (-116., 131.5, 3.5));
#10971 = CARTESIAN_POINT ('', (-116.5, 131.5, 3.5));
#10972 = CARTESIAN_POINT ('', (-116.5, 131., 3.5));
#10973 = CARTESIAN_POINT ('', (-116., 131.5, 5.));
#10974 = CARTESIAN_POINT ('', (-116.5, 131.5, 5.));
#10975 = CARTESIAN_POINT ('', (-116.5, 131., 5.));
#10976 = (
   BOUNDED_SURFACE ()
   B_SPLINE_SURFACE (1, 2, ((#10970, #10971, #10972), (#10973, #10974, #10975)), .UNSPECIFIED., .F., .F., .U.)
   B_SPLINE_SURFACE_WITH_KNOTS ((2, 2), (3, 3), (0., 1.), (42., 43.), .UNSPECIFIED.)
   GEOMETRIC_REPRESENTATION_ITEM ()
   RATIONAL_B_SPLINE_SURFACE (((1., 0.707106781186548, 1.), (1., 0.707106781186548, 1.)))
   REPRESENTATION_ITEM ('')
   SURFACE ()
);
#10977 = ADVANCED_FACE ('', (#10969), #10976, .T.);
#10978 = ORIENTED_EDGE ('', *, *, #3647, .T.);
#10979 = ORIENTED_EDGE ('', *, *, #10966, .F.);
#10980 = ORIENTED_EDGE ('', *, *, #647, .F.);
#10981 = CARTESIAN_POINT ('', (-103., 131.5, 3.5));
#10982 = CARTESIAN_POINT ('', (-103., 131.5, 5.));
#10983 = B_SPLINE_CURVE_WITH_KNOTS ('', 1, (#10981, #10982), .UNSPECIFIED., .F., .U., (2, 2), (0., 1.), .UNSPECIFIED.);
#10984 = EDGE_CURVE ('', #635, #3643, #10983, .T.);
#10985 = ORIENTED_EDGE ('', *, *, #10984, .T.);
#10986 = EDGE_LOOP ('', (#10978, #10979, #10980, #10985));
#10987 = FACE_OUTER_BOUND ('', #10986, .T.);
#10988 = CARTESIAN_POINT ('', (-103., 131.5, 3.5));
#10989 = CARTESIAN_POINT ('', (-116., 131.5, 3.5));
#10990 = CARTESIAN_POINT ('', (-103., 131.5, 5.));
#10991 = CARTESIAN_POINT ('', (-116., 131.5, 5.));
#10992 = B_SPLINE_SURFACE_WITH_KNOTS ('', 1, 1, ((#10988, #10989), (#10990, #10991)), .UNSPECIFIED., .F., .F., .U., (2, 2), (2, 2), (0., 1.), (29., 42.), .UNSPECIFIED.);
#10993 = ADVANCED_FACE ('', (#10987), #10992, .T.);
#10994 = ORIENTED_EDGE ('', *, *, #3655, .T.);
#10995 = ORIENTED_EDGE ('', *, *, #10984, .F.);
#10996 = ORIENTED_EDGE ('', *, *, #640, .F.);
#10997 = CARTESIAN_POINT ('', (-102.5, 131., 3.5));
#10998 = CARTESIAN_POINT ('', (-102.5, 131., 5.));
#10999 = B_SPLINE_CURVE_WITH_KNOTS ('', 1, (#10997, #10998), .UNSPECIFIED., .F., .U., (2, 2), (0., 1.), .UNSPECIFIED.);
#11000 = EDGE_CURVE ('', #628, #3650, #10999, .T.);
#11001 = ORIENTED_EDGE ('', *, *, #11000, .T.);
#11002 = EDGE_LOOP ('', (#10994, #10995, #10996, #11001));
#11003 = FACE_OUTER_BOUND ('', #11002, .T.);
#11004 = CARTESIAN_POINT ('', (-102.5, 131., 3.5));
#11005 = CARTESIAN_POINT ('', (-102.5, 131.5, 3.5));
#11006 = CARTESIAN_POINT ('', (-103., 131.5, 3.5));
#11007 = CARTESIAN_POINT ('', (-102.5, 131., 5.));
#11008 = CARTESIAN_POINT ('', (-102.5, 131.5, 5.));
#11009 = CARTESIAN_POINT ('', (-103., 131.5, 5.));
#11010 = (
   BOUNDED_SURFACE ()
   B_SPLINE_SURFACE (1, 2, ((#11004, #11005, #11006), (#11007, #11008, #11009)), .UNSPECIFIED., .F., .F., .U.)
   B_SPLINE_SURFACE_WITH_KNOTS ((2, 2), (3, 3), (0., 1.), (28., 29.), .UNSPECIFIED.)
   GEOMETRIC_REPRESENTATION_ITEM ()
   RATIONAL_B_SPLINE_SURFACE (((1., 0.707106781186548, 1.), (1., 0.707106781186548, 1.)))
   REPRESENTATION_ITEM ('')
   SURFACE ()
);
#11011 = ADVANCED_FACE ('', (#11003), #11010, .T.);
#11012 = ORIENTED_EDGE ('', *, *, #3662, .T.);
#11013 = ORIENTED_EDGE ('', *, *, #11000, .F.);
#11014 = ORIENTED_EDGE ('', *, *, #632, .F.);
#11015 = CARTESIAN_POINT ('', (-102.5, 118., 3.5));
#11016 = CARTESIAN_POINT ('', (-102.5, 118., 5.));
#11017 = B_SPLINE_CURVE_WITH_KNOTS ('', 1, (#11015, #11016), .UNSPECIFIED., .F., .U., (2, 2), (0., 1.), .UNSPECIFIED.);
#11018 = EDGE_CURVE ('', #620, #3658, #11017, .T.);
#11019 = ORIENTED_EDGE ('', *, *, #11018, .T.);
#11020 = EDGE_LOOP ('', (#11012, #11013, #11014, #11019));
#11021 = FACE_OUTER_BOUND ('', #11020, .T.);
#11022 = CARTESIAN_POINT ('', (-102.5, 118., 3.5));
#11023 = CARTESIAN_POINT ('', (-102.5, 131., 3.5));
#11024 = CARTESIAN_POINT ('', (-102.5, 118., 5.));
#11025 = CARTESIAN_POINT ('', (-102.5, 131., 5.));
#11026 = B_SPLINE_SURFACE_WITH_KNOTS ('', 1, 1, ((#11022, #11023), (#11024, #11025)), .UNSPECIFIED., .F., .F., .U., (2, 2), (2, 2), (0., 1.), (15., 28.), .UNSPECIFIED.);
#11027 = ADVANCED_FACE ('', (#11021), #11026, .T.);
#11028 = ORIENTED_EDGE ('', *, *, #3668, .T.);
#11029 = ORIENTED_EDGE ('', *, *, #11018, .F.);
#11030 = ORIENTED_EDGE ('', *, *, #625, .F.);
#11031 = ORIENTED_EDGE ('', *, *, #10910, .T.);
#11032 = EDGE_LOOP ('', (#11028, #11029, #11030, #11031));
#11033 = FACE_OUTER_BOUND ('', #11032, .T.);
#11034 = CARTESIAN_POINT ('', (-103., 117.5, 3.5));
#11035 = CARTESIAN_POINT ('', (-102.5, 117.5, 3.5));
#11036 = CARTESIAN_POINT ('', (-102.5, 118., 3.5));
#11037 = CARTESIAN_POINT ('', (-103., 117.5, 5.));
#11038 = CARTESIAN_POINT ('', (-102.5, 117.5, 5.));
#11039 = CARTESIAN_POINT ('', (-102.5, 118., 5.));
#11040 = (
   BOUNDED_SURFACE ()
   B_SPLINE_SURFACE (1, 2, ((#11034, #11035, #11036), (#11037, #11038, #11039)), .UNSPECIFIED., .F., .F., .U.)
   B_SPLINE_SURFACE_WITH_KNOTS ((2, 2), (3, 3), (0., 1.), (14., 15.), .UNSPECIFIED.)
   GEOMETRIC_REPRESENTATION_ITEM ()
   RATIONAL_B_SPLINE_SURFACE (((1., 0.707106781186537, 1.), (1., 0.707106781186537, 1.)))
   REPRESENTATION_ITEM ('')
   SURFACE ()
);
#11041 = ADVANCED_FACE ('', (#11033), #11040, .T.);
#11042 = ORIENTED_EDGE ('', *, *, #3555, .T.);
#11043 = CARTESIAN_POINT ('', (-122., 117.5, 3.5));
#11044 = CARTESIAN_POINT ('', (-122., 117.5, 5.));
#11045 = B_SPLINE_CURVE_WITH_KNOTS ('', 1, (#11043, #11044), .UNSPECIFIED., .F., .U., (2, 2), (0., 1.), .UNSPECIFIED.);
#11046 = EDGE_CURVE ('', #551, #3551, #11045, .T.);
#11047 = ORIENTED_EDGE ('', *, *, #11046, .F.);
#11048 = ORIENTED_EDGE ('', *, *, #555, .F.);
#11049 = CARTESIAN_POINT ('', (-135., 117.5, 3.5));
#11050 = CARTESIAN_POINT ('', (-135., 117.5, 5.));
#11051 = B_SPLINE_CURVE_WITH_KNOTS ('', 1, (#11049, #11050), .UNSPECIFIED., .F., .U., (2, 2), (0., 1.), .UNSPECIFIED.);
#11052 = EDGE_CURVE ('', #549, #3549, #11051, .T.);
#11053 = ORIENTED_EDGE ('', *, *, #11052, .T.);
#11054 = EDGE_LOOP ('', (#11042, #11047, #11048, #11053));
#11055 = FACE_OUTER_BOUND ('', #11054, .T.);
#11056 = CARTESIAN_POINT ('', (-135., 117.5, 3.5));
#11057 = CARTESIAN_POINT ('', (-122., 117.5, 3.5));
#11058 = CARTESIAN_POINT ('', (-135., 117.5, 5.));
#11059 = CARTESIAN_POINT ('', (-122., 117.5, 5.));
#11060 = B_SPLINE_SURFACE_WITH_KNOTS ('', 1, 1, ((#11056, #11057), (#11058, #11059)), .UNSPECIFIED., .F., .F., .U., (2, 2), (2, 2), (0., 1.), (1., 14.), .UNSPECIFIED.);
#11061 = ADVANCED_FACE ('', (#11055), #11060, .T.);
#11062 = ORIENTED_EDGE ('', *, *, #3563, .T.);
#11063 = ORIENTED_EDGE ('', *, *, #11052, .F.);
#11064 = ORIENTED_EDGE ('', *, *, #606, .F.);
#11065 = CARTESIAN_POINT ('', (-135.5, 118., 3.5));
#11066 = CARTESIAN_POINT ('', (-135.5, 118., 5.));
#11067 = B_SPLINE_CURVE_WITH_KNOTS ('', 1, (#11065, #11066), .UNSPECIFIED., .F., .U., (2, 2), (0., 1.), .UNSPECIFIED.);
#11068 = EDGE_CURVE ('', #596, #3558, #11067, .T.);
#11069 = ORIENTED_EDGE ('', *, *, #11068, .T.);
#11070 = EDGE_LOOP ('', (#11062, #11063, #11064, #11069));
#11071 = FACE_OUTER_BOUND ('', #11070, .T.);
#11072 = CARTESIAN_POINT ('', (-135.5, 118., 3.5));
#11073 = CARTESIAN_POINT ('', (-135.5, 117.5, 3.5));
#11074 = CARTESIAN_POINT ('', (-135., 117.5, 3.5));
#11075 = CARTESIAN_POINT ('', (-135.5, 118., 5.));
#11076 = CARTESIAN_POINT ('', (-135.5, 117.5, 5.));
#11077 = CARTESIAN_POINT ('', (-135., 117.5, 5.));
#11078 = (
   BOUNDED_SURFACE ()
   B_SPLINE_SURFACE (1, 2, ((#11072, #11073, #11074), (#11075, #11076, #11077)), .UNSPECIFIED., .F., .F., .U.)
   B_SPLINE_SURFACE_WITH_KNOTS ((2, 2), (3, 3), (0., 1.), (0., 1.), .UNSPECIFIED.)
   GEOMETRIC_REPRESENTATION_ITEM ()
   RATIONAL_B_SPLINE_SURFACE (((1., 0.707106781186537, 1.), (1., 0.707106781186537, 1.)))
   REPRESENTATION_ITEM ('')
   SURFACE ()
);
#11079 = ADVANCED_FACE ('', (#11071), #11078, .T.);
#11080 = ORIENTED_EDGE ('', *, *, #3570, .T.);
#11081 = ORIENTED_EDGE ('', *, *, #11068, .F.);
#11082 = ORIENTED_EDGE ('', *, *, #600, .F.);
#11083 = CARTESIAN_POINT ('', (-135.5, 131., 3.5));
#11084 = CARTESIAN_POINT ('', (-135.5, 131., 5.));
#11085 = B_SPLINE_CURVE_WITH_KNOTS ('', 1, (#11083, #11084), .UNSPECIFIED., .F., .U., (2, 2), (0., 1.), .UNSPECIFIED.);
#11086 = EDGE_CURVE ('', #588, #3566, #11085, .T.);
#11087 = ORIENTED_EDGE ('', *, *, #11086, .T.);
#11088 = EDGE_LOOP ('', (#11080, #11081, #11082, #11087));
#11089 = FACE_OUTER_BOUND ('', #11088, .T.);
#11090 = CARTESIAN_POINT ('', (-135.5, 131., 3.5));
#11091 = CARTESIAN_POINT ('', (-135.5, 118., 3.5));
#11092 = CARTESIAN_POINT ('', (-135.5, 131., 5.));
#11093 = CARTESIAN_POINT ('', (-135.5, 118., 5.));
#11094 = B_SPLINE_SURFACE_WITH_KNOTS ('', 1, 1, ((#11090, #11091), (#11092, #11093)), .UNSPECIFIED., .F., .F., .U., (2, 2), (2, 2), (0., 1.), (43., 56.), .UNSPECIFIED.);
#11095 = ADVANCED_FACE ('', (#11089), #11094, .T.);
#11096 = ORIENTED_EDGE ('', *, *, #3578, .T.);
#11097 = ORIENTED_EDGE ('', *, *, #11086, .F.);
#11098 = ORIENTED_EDGE ('', *, *, #593, .F.);
#11099 = CARTESIAN_POINT ('', (-135., 131.5, 3.5));
#11100 = CARTESIAN_POINT ('', (-135., 131.5, 5.));
#11101 = B_SPLINE_CURVE_WITH_KNOTS ('', 1, (#11099, #11100), .UNSPECIFIED., .F., .U., (2, 2), (0., 1.), .UNSPECIFIED.);
#11102 = EDGE_CURVE ('', #581, #3573, #11101, .T.);
#11103 = ORIENTED_EDGE ('', *, *, #11102, .T.);
#11104 = EDGE_LOOP ('', (#11096, #11097, #11098, #11103));
#11105 = FACE_OUTER_BOUND ('', #11104, .T.);
#11106 = CARTESIAN_POINT ('', (-135., 131.5, 3.5));
#11107 = CARTESIAN_POINT ('', (-135.5, 131.5, 3.5));
#11108 = CARTESIAN_POINT ('', (-135.5, 131., 3.5));
#11109 = CARTESIAN_POINT ('', (-135., 131.5, 5.));
#11110 = CARTESIAN_POINT ('', (-135.5, 131.5, 5.));
#11111 = CARTESIAN_POINT ('', (-135.5, 131., 5.));
#11112 = (
   BOUNDED_SURFACE ()
   B_SPLINE_SURFACE (1, 2, ((#11106, #11107, #11108), (#11109, #11110, #11111)), .UNSPECIFIED., .F., .F., .U.)
   B_SPLINE_SURFACE_WITH_KNOTS ((2, 2), (3, 3), (0., 1.), (42., 43.), .UNSPECIFIED.)
   GEOMETRIC_REPRESENTATION_ITEM ()
   RATIONAL_B_SPLINE_SURFACE (((1., 0.707106781186548, 1.), (1., 0.707106781186548, 1.)))
   REPRESENTATION_ITEM ('')
   SURFACE ()
);
#11113 = ADVANCED_FACE ('', (#11105), #11112, .T.);
#11114 = ORIENTED_EDGE ('', *, *, #3585, .T.);
#11115 = ORIENTED_EDGE ('', *, *, #11102, .F.);
#11116 = ORIENTED_EDGE ('', *, *, #585, .F.);
#11117 = CARTESIAN_POINT ('', (-122., 131.5, 3.5));
#11118 = CARTESIAN_POINT ('', (-122., 131.5, 5.));
#11119 = B_SPLINE_CURVE_WITH_KNOTS ('', 1, (#11117, #11118), .UNSPECIFIED., .F., .U., (2, 2), (0., 1.), .UNSPECIFIED.);
#11120 = EDGE_CURVE ('', #573, #3581, #11119, .T.);
#11121 = ORIENTED_EDGE ('', *, *, #11120, .T.);
#11122 = EDGE_LOOP ('', (#11114, #11115, #11116, #11121));
#11123 = FACE_OUTER_BOUND ('', #11122, .T.);
#11124 = CARTESIAN_POINT ('', (-122., 131.5, 3.5));
#11125 = CARTESIAN_POINT ('', (-135., 131.5, 3.5));
#11126 = CARTESIAN_POINT ('', (-122., 131.5, 5.));
#11127 = CARTESIAN_POINT ('', (-135., 131.5, 5.));
#11128 = B_SPLINE_SURFACE_WITH_KNOTS ('', 1, 1, ((#11124, #11125), (#11126, #11127)), .UNSPECIFIED., .F., .F., .U., (2, 2), (2, 2), (0., 1.), (29., 42.), .UNSPECIFIED.);
#11129 = ADVANCED_FACE ('', (#11123), #11128, .T.);
#11130 = ORIENTED_EDGE ('', *, *, #3593, .T.);
#11131 = ORIENTED_EDGE ('', *, *, #11120, .F.);
#11132 = ORIENTED_EDGE ('', *, *, #578, .F.);
#11133 = CARTESIAN_POINT ('', (-121.5, 131., 3.5));
#11134 = CARTESIAN_POINT ('', (-121.5, 131., 5.));
#11135 = B_SPLINE_CURVE_WITH_KNOTS ('', 1, (#11133, #11134), .UNSPECIFIED., .F., .U., (2, 2), (0., 1.), .UNSPECIFIED.);
#11136 = EDGE_CURVE ('', #566, #3588, #11135, .T.);
#11137 = ORIENTED_EDGE ('', *, *, #11136, .T.);
#11138 = EDGE_LOOP ('', (#11130, #11131, #11132, #11137));
#11139 = FACE_OUTER_BOUND ('', #11138, .T.);
#11140 = CARTESIAN_POINT ('', (-121.5, 131., 3.5));
#11141 = CARTESIAN_POINT ('', (-121.5, 131.5, 3.5));
#11142 = CARTESIAN_POINT ('', (-122., 131.5, 3.5));
#11143 = CARTESIAN_POINT ('', (-121.5, 131., 5.));
#11144 = CARTESIAN_POINT ('', (-121.5, 131.5, 5.));
#11145 = CARTESIAN_POINT ('', (-122., 131.5, 5.));
#11146 = (
   BOUNDED_SURFACE ()
   B_SPLINE_SURFACE (1, 2, ((#11140, #11141, #11142), (#11143, #11144, #11145)), .UNSPECIFIED., .F., .F., .U.)
   B_SPLINE_SURFACE_WITH_KNOTS ((2, 2), (3, 3), (0., 1.), (28., 29.), .UNSPECIFIED.)
   GEOMETRIC_REPRESENTATION_ITEM ()
   RATIONAL_B_SPLINE_SURFACE (((1., 0.707106781186537, 1.), (1., 0.707106781186537, 1.)))
   REPRESENTATION_ITEM ('')
   SURFACE ()
);
#11147 = ADVANCED_FACE ('', (#11139), #11146, .T.);
#11148 = ORIENTED_EDGE ('', *, *, #3600, .T.);
#11149 = ORIENTED_EDGE ('', *, *, #11136, .F.);
#11150 = ORIENTED_EDGE ('', *, *, #570, .F.);
#11151 = CARTESIAN_POINT ('', (-121.5, 118., 3.5));
#11152 = CARTESIAN_POINT ('', (-121.5, 118., 5.));
#11153 = B_SPLINE_CURVE_WITH_KNOTS ('', 1, (#11151, #11152), .UNSPECIFIED., .F., .U., (2, 2), (0., 1.), .UNSPECIFIED.);
#11154 = EDGE_CURVE ('', #558, #3596, #11153, .T.);
#11155 = ORIENTED_EDGE ('', *, *, #11154, .T.);
#11156 = EDGE_LOOP ('', (#11148, #11149, #11150, #11155));
#11157 = FACE_OUTER_BOUND ('', #11156, .T.);
#11158 = CARTESIAN_POINT ('', (-121.5, 118., 3.5));
#11159 = CARTESIAN_POINT ('', (-121.5, 131., 3.5));
#11160 = CARTESIAN_POINT ('', (-121.5, 118., 5.));
#11161 = CARTESIAN_POINT ('', (-121.5, 131., 5.));
#11162 = B_SPLINE_SURFACE_WITH_KNOTS ('', 1, 1, ((#11158, #11159), (#11160, #11161)), .UNSPECIFIED., .F., .F., .U., (2, 2), (2, 2), (0., 1.), (15., 28.), .UNSPECIFIED.);
#11163 = ADVANCED_FACE ('', (#11157), #11162, .T.);
#11164 = ORIENTED_EDGE ('', *, *, #3606, .T.);
#11165 = ORIENTED_EDGE ('', *, *, #11154, .F.);
#11166 = ORIENTED_EDGE ('', *, *, #563, .F.);
#11167 = ORIENTED_EDGE ('', *, *, #11046, .T.);
#11168 = EDGE_LOOP ('', (#11164, #11165, #11166, #11167));
#11169 = FACE_OUTER_BOUND ('', #11168, .T.);
#11170 = CARTESIAN_POINT ('', (-122., 117.5, 3.5));
#11171 = CARTESIAN_POINT ('', (-121.5, 117.5, 3.5));
#11172 = CARTESIAN_POINT ('', (-121.5, 118., 3.5));
#11173 = CARTESIAN_POINT ('', (-122., 117.5, 5.));
#11174 = CARTESIAN_POINT ('', (-121.5, 117.5, 5.));
#11175 = CARTESIAN_POINT ('', (-121.5, 118., 5.));
#11176 = (
   BOUNDED_SURFACE ()
   B_SPLINE_SURFACE (1, 2, ((#11170, #11171, #11172), (#11173, #11174, #11175)), .UNSPECIFIED., .F., .F., .U.)
   B_SPLINE_SURFACE_WITH_KNOTS ((2, 2), (3, 3), (0., 1.), (14., 15.), .UNSPECIFIED.)
   GEOMETRIC_REPRESENTATION_ITEM ()
   RATIONAL_B_SPLINE_SURFACE (((1., 0.707106781186527, 1.), (1., 0.707106781186527, 1.)))
   REPRESENTATION_ITEM ('')
   SURFACE ()
);
#11177 = ADVANCED_FACE ('', (#11169), #11176, .T.);
#11178 = ORIENTED_EDGE ('', *, *, #3493, .T.);
#11179 = CARTESIAN_POINT ('', (-141., 117.5, 3.5));
#11180 = CARTESIAN_POINT ('', (-141., 117.5, 5.));
#11181 = B_SPLINE_CURVE_WITH_KNOTS ('', 1, (#11179, #11180), .UNSPECIFIED., .F., .U., (2, 2), (0., 1.), .UNSPECIFIED.);
#11182 = EDGE_CURVE ('', #489, #3489, #11181, .T.);
#11183 = ORIENTED_EDGE ('', *, *, #11182, .F.);
#11184 = ORIENTED_EDGE ('', *, *, #493, .F.);
#11185 = CARTESIAN_POINT ('', (-154., 117.5, 3.5));
#11186 = CARTESIAN_POINT ('', (-154., 117.5, 5.));
#11187 = B_SPLINE_CURVE_WITH_KNOTS ('', 1, (#11185, #11186), .UNSPECIFIED., .F., .U., (2, 2), (0., 1.), .UNSPECIFIED.);
#11188 = EDGE_CURVE ('', #487, #3487, #11187, .T.);
#11189 = ORIENTED_EDGE ('', *, *, #11188, .T.);
#11190 = EDGE_LOOP ('', (#11178, #11183, #11184, #11189));
#11191 = FACE_OUTER_BOUND ('', #11190, .T.);
#11192 = CARTESIAN_POINT ('', (-154., 117.5, 3.5));
#11193 = CARTESIAN_POINT ('', (-141., 117.5, 3.5));
#11194 = CARTESIAN_POINT ('', (-154., 117.5, 5.));
#11195 = CARTESIAN_POINT ('', (-141., 117.5, 5.));
#11196 = B_SPLINE_SURFACE_WITH_KNOTS ('', 1, 1, ((#11192, #11193), (#11194, #11195)), .UNSPECIFIED., .F., .F., .U., (2, 2), (2, 2), (0., 1.), (1., 14.), .UNSPECIFIED.);
#11197 = ADVANCED_FACE ('', (#11191), #11196, .T.);
#11198 = ORIENTED_EDGE ('', *, *, #3501, .T.);
#11199 = ORIENTED_EDGE ('', *, *, #11188, .F.);
#11200 = ORIENTED_EDGE ('', *, *, #544, .F.);
#11201 = CARTESIAN_POINT ('', (-154.5, 118., 3.5));
#11202 = CARTESIAN_POINT ('', (-154.5, 118., 5.));
#11203 = B_SPLINE_CURVE_WITH_KNOTS ('', 1, (#11201, #11202), .UNSPECIFIED., .F., .U., (2, 2), (0., 1.), .UNSPECIFIED.);
#11204 = EDGE_CURVE ('', #534, #3496, #11203, .T.);
#11205 = ORIENTED_EDGE ('', *, *, #11204, .T.);
#11206 = EDGE_LOOP ('', (#11198, #11199, #11200, #11205));
#11207 = FACE_OUTER_BOUND ('', #11206, .T.);
#11208 = CARTESIAN_POINT ('', (-154.5, 118., 3.5));
#11209 = CARTESIAN_POINT ('', (-154.5, 117.5, 3.5));
#11210 = CARTESIAN_POINT ('', (-154., 117.5, 3.5));
#11211 = CARTESIAN_POINT ('', (-154.5, 118., 5.));
#11212 = CARTESIAN_POINT ('', (-154.5, 117.5, 5.));
#11213 = CARTESIAN_POINT ('', (-154., 117.5, 5.));
#11214 = (
   BOUNDED_SURFACE ()
   B_SPLINE_SURFACE (1, 2, ((#11208, #11209, #11210), (#11211, #11212, #11213)), .UNSPECIFIED., .F., .F., .U.)
   B_SPLINE_SURFACE_WITH_KNOTS ((2, 2), (3, 3), (0., 1.), (0., 1.), .UNSPECIFIED.)
   GEOMETRIC_REPRESENTATION_ITEM ()
   RATIONAL_B_SPLINE_SURFACE (((1., 0.707106781186558, 1.), (1., 0.707106781186558, 1.)))
   REPRESENTATION_ITEM ('')
   SURFACE ()
);
#11215 = ADVANCED_FACE ('', (#11207), #11214, .T.);
#11216 = ORIENTED_EDGE ('', *, *, #3508, .T.);
#11217 = ORIENTED_EDGE ('', *, *, #11204, .F.);
#11218 = ORIENTED_EDGE ('', *, *, #538, .F.);
#11219 = CARTESIAN_POINT ('', (-154.5, 131., 3.5));
#11220 = CARTESIAN_POINT ('', (-154.5, 131., 5.));
#11221 = B_SPLINE_CURVE_WITH_KNOTS ('', 1, (#11219, #11220), .UNSPECIFIED., .F., .U., (2, 2), (0., 1.), .UNSPECIFIED.);
#11222 = EDGE_CURVE ('', #526, #3504, #11221, .T.);
#11223 = ORIENTED_EDGE ('', *, *, #11222, .T.);
#11224 = EDGE_LOOP ('', (#11216, #11217, #11218, #11223));
#11225 = FACE_OUTER_BOUND ('', #11224, .T.);
#11226 = CARTESIAN_POINT ('', (-154.5, 131., 3.5));
#11227 = CARTESIAN_POINT ('', (-154.5, 118., 3.5));
#11228 = CARTESIAN_POINT ('', (-154.5, 131., 5.));
#11229 = CARTESIAN_POINT ('', (-154.5, 118., 5.));
#11230 = B_SPLINE_SURFACE_WITH_KNOTS ('', 1, 1, ((#11226, #11227), (#11228, #11229)), .UNSPECIFIED., .F., .F., .U., (2, 2), (2, 2), (0., 1.), (43., 56.), .UNSPECIFIED.);
#11231 = ADVANCED_FACE ('', (#11225), #11230, .T.);
#11232 = ORIENTED_EDGE ('', *, *, #3516, .T.);
#11233 = ORIENTED_EDGE ('', *, *, #11222, .F.);
#11234 = ORIENTED_EDGE ('', *, *, #531, .F.);
#11235 = CARTESIAN_POINT ('', (-154., 131.5, 3.5));
#11236 = CARTESIAN_POINT ('', (-154., 131.5, 5.));
#11237 = B_SPLINE_CURVE_WITH_KNOTS ('', 1, (#11235, #11236), .UNSPECIFIED., .F., .U., (2, 2), (0., 1.), .UNSPECIFIED.);
#11238 = EDGE_CURVE ('', #519, #3511, #11237, .T.);
#11239 = ORIENTED_EDGE ('', *, *, #11238, .T.);
#11240 = EDGE_LOOP ('', (#11232, #11233, #11234, #11239));
#11241 = FACE_OUTER_BOUND ('', #11240, .T.);
#11242 = CARTESIAN_POINT ('', (-154., 131.5, 3.5));
#11243 = CARTESIAN_POINT ('', (-154.5, 131.5, 3.5));
#11244 = CARTESIAN_POINT ('', (-154.5, 131., 3.5));
#11245 = CARTESIAN_POINT ('', (-154., 131.5, 5.));
#11246 = CARTESIAN_POINT ('', (-154.5, 131.5, 5.));
#11247 = CARTESIAN_POINT ('', (-154.5, 131., 5.));
#11248 = (
   BOUNDED_SURFACE ()
   B_SPLINE_SURFACE (1, 2, ((#11242, #11243, #11244), (#11245, #11246, #11247)), .UNSPECIFIED., .F., .F., .U.)
   B_SPLINE_SURFACE_WITH_KNOTS ((2, 2), (3, 3), (0., 1.), (42., 43.), .UNSPECIFIED.)
   GEOMETRIC_REPRESENTATION_ITEM ()
   RATIONAL_B_SPLINE_SURFACE (((1., 0.707106781186568, 1.), (1., 0.707106781186568, 1.)))
   REPRESENTATION_ITEM ('')
   SURFACE ()
);
#11249 = ADVANCED_FACE ('', (#11241), #11248, .T.);
#11250 = ORIENTED_EDGE ('', *, *, #3523, .T.);
#11251 = ORIENTED_EDGE ('', *, *, #11238, .F.);
#11252 = ORIENTED_EDGE ('', *, *, #523, .F.);
#11253 = CARTESIAN_POINT ('', (-141., 131.5, 3.5));
#11254 = CARTESIAN_POINT ('', (-141., 131.5, 5.));
#11255 = B_SPLINE_CURVE_WITH_KNOTS ('', 1, (#11253, #11254), .UNSPECIFIED., .F., .U., (2, 2), (0., 1.), .UNSPECIFIED.);
#11256 = EDGE_CURVE ('', #511, #3519, #11255, .T.);
#11257 = ORIENTED_EDGE ('', *, *, #11256, .T.);
#11258 = EDGE_LOOP ('', (#11250, #11251, #11252, #11257));
#11259 = FACE_OUTER_BOUND ('', #11258, .T.);
#11260 = CARTESIAN_POINT ('', (-141., 131.5, 3.5));
#11261 = CARTESIAN_POINT ('', (-154., 131.5, 3.5));
#11262 = CARTESIAN_POINT ('', (-141., 131.5, 5.));
#11263 = CARTESIAN_POINT ('', (-154., 131.5, 5.));
#11264 = B_SPLINE_SURFACE_WITH_KNOTS ('', 1, 1, ((#11260, #11261), (#11262, #11263)), .UNSPECIFIED., .F., .F., .U., (2, 2), (2, 2), (0., 1.), (29., 42.), .UNSPECIFIED.);
#11265 = ADVANCED_FACE ('', (#11259), #11264, .T.);
#11266 = ORIENTED_EDGE ('', *, *, #3531, .T.);
#11267 = ORIENTED_EDGE ('', *, *, #11256, .F.);
#11268 = ORIENTED_EDGE ('', *, *, #516, .F.);
#11269 = CARTESIAN_POINT ('', (-140.5, 131., 3.5));
#11270 = CARTESIAN_POINT ('', (-140.5, 131., 5.));
#11271 = B_SPLINE_CURVE_WITH_KNOTS ('', 1, (#11269, #11270), .UNSPECIFIED., .F., .U., (2, 2), (0., 1.), .UNSPECIFIED.);
#11272 = EDGE_CURVE ('', #504, #3526, #11271, .T.);
#11273 = ORIENTED_EDGE ('', *, *, #11272, .T.);
#11274 = EDGE_LOOP ('', (#11266, #11267, #11268, #11273));
#11275 = FACE_OUTER_BOUND ('', #11274, .T.);
#11276 = CARTESIAN_POINT ('', (-140.5, 131., 3.5));
#11277 = CARTESIAN_POINT ('', (-140.5, 131.5, 3.5));
#11278 = CARTESIAN_POINT ('', (-141., 131.5, 3.5));
#11279 = CARTESIAN_POINT ('', (-140.5, 131., 5.));
#11280 = CARTESIAN_POINT ('', (-140.5, 131.5, 5.));
#11281 = CARTESIAN_POINT ('', (-141., 131.5, 5.));
#11282 = (
   BOUNDED_SURFACE ()
   B_SPLINE_SURFACE (1, 2, ((#11276, #11277, #11278), (#11279, #11280, #11281)), .UNSPECIFIED., .F., .F., .U.)
   B_SPLINE_SURFACE_WITH_KNOTS ((2, 2), (3, 3), (0., 1.), (28., 29.), .UNSPECIFIED.)
   GEOMETRIC_REPRESENTATION_ITEM ()
   RATIONAL_B_SPLINE_SURFACE (((1., 0.707106781186527, 1.), (1., 0.707106781186527, 1.)))
   REPRESENTATION_ITEM ('')
   SURFACE ()
);
#11283 = ADVANCED_FACE ('', (#11275), #11282, .T.);
#11284 = ORIENTED_EDGE ('', *, *, #3538, .T.);
#11285 = ORIENTED_EDGE ('', *, *, #11272, .F.);
#11286 = ORIENTED_EDGE ('', *, *, #508, .F.);
#11287 = CARTESIAN_POINT ('', (-140.5, 118., 3.5));
#11288 = CARTESIAN_POINT ('', (-140.5, 118., 5.));
#11289 = B_SPLINE_CURVE_WITH_KNOTS ('', 1, (#11287, #11288), .UNSPECIFIED., .F., .U., (2, 2), (0., 1.), .UNSPECIFIED.);
#11290 = EDGE_CURVE ('', #496, #3534, #11289, .T.);
#11291 = ORIENTED_EDGE ('', *, *, #11290, .T.);
#11292 = EDGE_LOOP ('', (#11284, #11285, #11286, #11291));
#11293 = FACE_OUTER_BOUND ('', #11292, .T.);
#11294 = CARTESIAN_POINT ('', (-140.5, 118., 3.5));
#11295 = CARTESIAN_POINT ('', (-140.5, 131., 3.5));
#11296 = CARTESIAN_POINT ('', (-140.5, 118., 5.));
#11297 = CARTESIAN_POINT ('', (-140.5, 131., 5.));
#11298 = B_SPLINE_SURFACE_WITH_KNOTS ('', 1, 1, ((#11294, #11295), (#11296, #11297)), .UNSPECIFIED., .F., .F., .U., (2, 2), (2, 2), (0., 1.), (15., 28.), .UNSPECIFIED.);
#11299 = ADVANCED_FACE ('', (#11293), #11298, .T.);
#11300 = ORIENTED_EDGE ('', *, *, #3544, .T.);
#11301 = ORIENTED_EDGE ('', *, *, #11290, .F.);
#11302 = ORIENTED_EDGE ('', *, *, #501, .F.);
#11303 = ORIENTED_EDGE ('', *, *, #11182, .T.);
#11304 = EDGE_LOOP ('', (#11300, #11301, #11302, #11303));
#11305 = FACE_OUTER_BOUND ('', #11304, .T.);
#11306 = CARTESIAN_POINT ('', (-141., 117.5, 3.5));
#11307 = CARTESIAN_POINT ('', (-140.5, 117.5, 3.5));
#11308 = CARTESIAN_POINT ('', (-140.5, 118., 3.5));
#11309 = CARTESIAN_POINT ('', (-141., 117.5, 5.));
#11310 = CARTESIAN_POINT ('', (-140.5, 117.5, 5.));
#11311 = CARTESIAN_POINT ('', (-140.5, 118., 5.));
#11312 = (
   BOUNDED_SURFACE ()
   B_SPLINE_SURFACE (1, 2, ((#11306, #11307, #11308), (#11309, #11310, #11311)), .UNSPECIFIED., .F., .F., .U.)
   B_SPLINE_SURFACE_WITH_KNOTS ((2, 2), (3, 3), (0., 1.), (14., 15.), .UNSPECIFIED.)
   GEOMETRIC_REPRESENTATION_ITEM ()
   RATIONAL_B_SPLINE_SURFACE (((1., 0.707106781186517, 1.), (1., 0.707106781186517, 1.)))
   REPRESENTATION_ITEM ('')
   SURFACE ()
);
#11313 = ADVANCED_FACE ('', (#11305), #11312, .T.);
#11314 = ORIENTED_EDGE ('', *, *, #3431, .T.);
#11315 = CARTESIAN_POINT ('', (-160., 117.5, 3.5));
#11316 = CARTESIAN_POINT ('', (-160., 117.5, 5.));
#11317 = B_SPLINE_CURVE_WITH_KNOTS ('', 1, (#11315, #11316), .UNSPECIFIED., .F., .U., (2, 2), (0., 1.), .UNSPECIFIED.);
#11318 = EDGE_CURVE ('', #427, #3427, #11317, .T.);
#11319 = ORIENTED_EDGE ('', *, *, #11318, .F.);
#11320 = ORIENTED_EDGE ('', *, *, #431, .F.);
#11321 = CARTESIAN_POINT ('', (-173., 117.5, 3.5));
#11322 = CARTESIAN_POINT ('', (-173., 117.5, 5.));
#11323 = B_SPLINE_CURVE_WITH_KNOTS ('', 1, (#11321, #11322), .UNSPECIFIED., .F., .U., (2, 2), (0., 1.), .UNSPECIFIED.);
#11324 = EDGE_CURVE ('', #425, #3425, #11323, .T.);
#11325 = ORIENTED_EDGE ('', *, *, #11324, .T.);
#11326 = EDGE_LOOP ('', (#11314, #11319, #11320, #11325));
#11327 = FACE_OUTER_BOUND ('', #11326, .T.);
#11328 = CARTESIAN_POINT ('', (-173., 117.5, 3.5));
#11329 = CARTESIAN_POINT ('', (-160., 117.5, 3.5));
#11330 = CARTESIAN_POINT ('', (-173., 117.5, 5.));
#11331 = CARTESIAN_POINT ('', (-160., 117.5, 5.));
#11332 = B_SPLINE_SURFACE_WITH_KNOTS ('', 1, 1, ((#11328, #11329), (#11330, #11331)), .UNSPECIFIED., .F., .F., .U., (2, 2), (2, 2), (0., 1.), (1., 14.), .UNSPECIFIED.);
#11333 = ADVANCED_FACE ('', (#11327), #11332, .T.);
#11334 = ORIENTED_EDGE ('', *, *, #3439, .T.);
#11335 = ORIENTED_EDGE ('', *, *, #11324, .F.);
#11336 = ORIENTED_EDGE ('', *, *, #482, .F.);
#11337 = CARTESIAN_POINT ('', (-173.5, 118., 3.5));
#11338 = CARTESIAN_POINT ('', (-173.5, 118., 5.));
#11339 = B_SPLINE_CURVE_WITH_KNOTS ('', 1, (#11337, #11338), .UNSPECIFIED., .F., .U., (2, 2), (0., 1.), .UNSPECIFIED.);
#11340 = EDGE_CURVE ('', #472, #3434, #11339, .T.);
#11341 = ORIENTED_EDGE ('', *, *, #11340, .T.);
#11342 = EDGE_LOOP ('', (#11334, #11335, #11336, #11341));
#11343 = FACE_OUTER_BOUND ('', #11342, .T.);
#11344 = CARTESIAN_POINT ('', (-173.5, 118., 3.5));
#11345 = CARTESIAN_POINT ('', (-173.5, 117.5, 3.5));
#11346 = CARTESIAN_POINT ('', (-173., 117.5, 3.5));
#11347 = CARTESIAN_POINT ('', (-173.5, 118., 5.));
#11348 = CARTESIAN_POINT ('', (-173.5, 117.5, 5.));
#11349 = CARTESIAN_POINT ('', (-173., 117.5, 5.));
#11350 = (
   BOUNDED_SURFACE ()
   B_SPLINE_SURFACE (1, 2, ((#11344, #11345, #11346), (#11347, #11348, #11349)), .UNSPECIFIED., .F., .F., .U.)
   B_SPLINE_SURFACE_WITH_KNOTS ((2, 2), (3, 3), (0., 1.), (0., 1.), .UNSPECIFIED.)
   GEOMETRIC_REPRESENTATION_ITEM ()
   RATIONAL_B_SPLINE_SURFACE (((1., 0.707106781186537, 1.), (1., 0.707106781186537, 1.)))
   REPRESENTATION_ITEM ('')
   SURFACE ()
);
#11351 = ADVANCED_FACE ('', (#11343), #11350, .T.);
#11352 = ORIENTED_EDGE ('', *, *, #3446, .T.);
#11353 = ORIENTED_EDGE ('', *, *, #11340, .F.);
#11354 = ORIENTED_EDGE ('', *, *, #476, .F.);
#11355 = CARTESIAN_POINT ('', (-173.5, 131., 3.5));
#11356 = CARTESIAN_POINT ('', (-173.5, 131., 5.));
#11357 = B_SPLINE_CURVE_WITH_KNOTS ('', 1, (#11355, #11356), .UNSPECIFIED., .F., .U., (2, 2), (0., 1.), .UNSPECIFIED.);
#11358 = EDGE_CURVE ('', #464, #3442, #11357, .T.);
#11359 = ORIENTED_EDGE ('', *, *, #11358, .T.);
#11360 = EDGE_LOOP ('', (#11352, #11353, #11354, #11359));
#11361 = FACE_OUTER_BOUND ('', #11360, .T.);
#11362 = CARTESIAN_POINT ('', (-173.5, 131., 3.5));
#11363 = CARTESIAN_POINT ('', (-173.5, 118., 3.5));
#11364 = CARTESIAN_POINT ('', (-173.5, 131., 5.));
#11365 = CARTESIAN_POINT ('', (-173.5, 118., 5.));
#11366 = B_SPLINE_SURFACE_WITH_KNOTS ('', 1, 1, ((#11362, #11363), (#11364, #11365)), .UNSPECIFIED., .F., .F., .U., (2, 2), (2, 2), (0., 1.), (43., 56.), .UNSPECIFIED.);
#11367 = ADVANCED_FACE ('', (#11361), #11366, .T.);
#11368 = ORIENTED_EDGE ('', *, *, #3454, .T.);
#11369 = ORIENTED_EDGE ('', *, *, #11358, .F.);
#11370 = ORIENTED_EDGE ('', *, *, #469, .F.);
#11371 = CARTESIAN_POINT ('', (-173., 131.5, 3.5));
#11372 = CARTESIAN_POINT ('', (-173., 131.5, 5.));
#11373 = B_SPLINE_CURVE_WITH_KNOTS ('', 1, (#11371, #11372), .UNSPECIFIED., .F., .U., (2, 2), (0., 1.), .UNSPECIFIED.);
#11374 = EDGE_CURVE ('', #457, #3449, #11373, .T.);
#11375 = ORIENTED_EDGE ('', *, *, #11374, .T.);
#11376 = EDGE_LOOP ('', (#11368, #11369, #11370, #11375));
#11377 = FACE_OUTER_BOUND ('', #11376, .T.);
#11378 = CARTESIAN_POINT ('', (-173., 131.5, 3.5));
#11379 = CARTESIAN_POINT ('', (-173.5, 131.5, 3.5));
#11380 = CARTESIAN_POINT ('', (-173.5, 131., 3.5));
#11381 = CARTESIAN_POINT ('', (-173., 131.5, 5.));
#11382 = CARTESIAN_POINT ('', (-173.5, 131.5, 5.));
#11383 = CARTESIAN_POINT ('', (-173.5, 131., 5.));
#11384 = (
   BOUNDED_SURFACE ()
   B_SPLINE_SURFACE (1, 2, ((#11378, #11379, #11380), (#11381, #11382, #11383)), .UNSPECIFIED., .F., .F., .U.)
   B_SPLINE_SURFACE_WITH_KNOTS ((2, 2), (3, 3), (0., 1.), (42., 43.), .UNSPECIFIED.)
   GEOMETRIC_REPRESENTATION_ITEM ()
   RATIONAL_B_SPLINE_SURFACE (((1., 0.707106781186548, 1.), (1., 0.707106781186548, 1.)))
   REPRESENTATION_ITEM ('')
   SURFACE ()
);
#11385 = ADVANCED_FACE ('', (#11377), #11384, .T.);
#11386 = ORIENTED_EDGE ('', *, *, #3461, .T.);
#11387 = ORIENTED_EDGE ('', *, *, #11374, .F.);
#11388 = ORIENTED_EDGE ('', *, *, #461, .F.);
#11389 = CARTESIAN_POINT ('', (-160., 131.5, 3.5));
#11390 = CARTESIAN_POINT ('', (-160., 131.5, 5.));
#11391 = B_SPLINE_CURVE_WITH_KNOTS ('', 1, (#11389, #11390), .UNSPECIFIED., .F., .U., (2, 2), (0., 1.), .UNSPECIFIED.);
#11392 = EDGE_CURVE ('', #449, #3457, #11391, .T.);
#11393 = ORIENTED_EDGE ('', *, *, #11392, .T.);
#11394 = EDGE_LOOP ('', (#11386, #11387, #11388, #11393));
#11395 = FACE_OUTER_BOUND ('', #11394, .T.);
#11396 = CARTESIAN_POINT ('', (-160., 131.5, 3.5));
#11397 = CARTESIAN_POINT ('', (-173., 131.5, 3.5));
#11398 = CARTESIAN_POINT ('', (-160., 131.5, 5.));
#11399 = CARTESIAN_POINT ('', (-173., 131.5, 5.));
#11400 = B_SPLINE_SURFACE_WITH_KNOTS ('', 1, 1, ((#11396, #11397), (#11398, #11399)), .UNSPECIFIED., .F., .F., .U., (2, 2), (2, 2), (0., 1.), (29., 42.), .UNSPECIFIED.);
#11401 = ADVANCED_FACE ('', (#11395), #11400, .T.);
#11402 = ORIENTED_EDGE ('', *, *, #3469, .T.);
#11403 = ORIENTED_EDGE ('', *, *, #11392, .F.);
#11404 = ORIENTED_EDGE ('', *, *, #454, .F.);
#11405 = CARTESIAN_POINT ('', (-159.5, 131., 3.5));
#11406 = CARTESIAN_POINT ('', (-159.5, 131., 5.));
#11407 = B_SPLINE_CURVE_WITH_KNOTS ('', 1, (#11405, #11406), .UNSPECIFIED., .F., .U., (2, 2), (0., 1.), .UNSPECIFIED.);
#11408 = EDGE_CURVE ('', #442, #3464, #11407, .T.);
#11409 = ORIENTED_EDGE ('', *, *, #11408, .T.);
#11410 = EDGE_LOOP ('', (#11402, #11403, #11404, #11409));
#11411 = FACE_OUTER_BOUND ('', #11410, .T.);
#11412 = CARTESIAN_POINT ('', (-159.5, 131., 3.5));
#11413 = CARTESIAN_POINT ('', (-159.5, 131.5, 3.5));
#11414 = CARTESIAN_POINT ('', (-160., 131.5, 3.5));
#11415 = CARTESIAN_POINT ('', (-159.5, 131., 5.));
#11416 = CARTESIAN_POINT ('', (-159.5, 131.5, 5.));
#11417 = CARTESIAN_POINT ('', (-160., 131.5, 5.));
#11418 = (
   BOUNDED_SURFACE ()
   B_SPLINE_SURFACE (1, 2, ((#11412, #11413, #11414), (#11415, #11416, #11417)), .UNSPECIFIED., .F., .F., .U.)
   B_SPLINE_SURFACE_WITH_KNOTS ((2, 2), (3, 3), (0., 1.), (28., 29.), .UNSPECIFIED.)
   GEOMETRIC_REPRESENTATION_ITEM ()
   RATIONAL_B_SPLINE_SURFACE (((1., 0.707106781186548, 1.), (1., 0.707106781186548, 1.)))
   REPRESENTATION_ITEM ('')
   SURFACE ()
);
#11419 = ADVANCED_FACE ('', (#11411), #11418, .T.);
#11420 = ORIENTED_EDGE ('', *, *, #3476, .T.);
#11421 = ORIENTED_EDGE ('', *, *, #11408, .F.);
#11422 = ORIENTED_EDGE ('', *, *, #446, .F.);
#11423 = CARTESIAN_POINT ('', (-159.5, 118., 3.5));
#11424 = CARTESIAN_POINT ('', (-159.5, 118., 5.));
#11425 = B_SPLINE_CURVE_WITH_KNOTS ('', 1, (#11423, #11424), .UNSPECIFIED., .F., .U., (2, 2), (0., 1.), .UNSPECIFIED.);
#11426 = EDGE_CURVE ('', #434, #3472, #11425, .T.);
#11427 = ORIENTED_EDGE ('', *, *, #11426, .T.);
#11428 = EDGE_LOOP ('', (#11420, #11421, #11422, #11427));
#11429 = FACE_OUTER_BOUND ('', #11428, .T.);
#11430 = CARTESIAN_POINT ('', (-159.5, 118., 3.5));
#11431 = CARTESIAN_POINT ('', (-159.5, 131., 3.5));
#11432 = CARTESIAN_POINT ('', (-159.5, 118., 5.));
#11433 = CARTESIAN_POINT ('', (-159.5, 131., 5.));
#11434 = B_SPLINE_SURFACE_WITH_KNOTS ('', 1, 1, ((#11430, #11431), (#11432, #11433)), .UNSPECIFIED., .F., .F., .U., (2, 2), (2, 2), (0., 1.), (15., 28.), .UNSPECIFIED.);
#11435 = ADVANCED_FACE ('', (#11429), #11434, .T.);
#11436 = ORIENTED_EDGE ('', *, *, #3482, .T.);
#11437 = ORIENTED_EDGE ('', *, *, #11426, .F.);
#11438 = ORIENTED_EDGE ('', *, *, #439, .F.);
#11439 = ORIENTED_EDGE ('', *, *, #11318, .T.);
#11440 = EDGE_LOOP ('', (#11436, #11437, #11438, #11439));
#11441 = FACE_OUTER_BOUND ('', #11440, .T.);
#11442 = CARTESIAN_POINT ('', (-160., 117.5, 3.5));
#11443 = CARTESIAN_POINT ('', (-159.5, 117.5, 3.5));
#11444 = CARTESIAN_POINT ('', (-159.5, 118., 3.5));
#11445 = CARTESIAN_POINT ('', (-160., 117.5, 5.));
#11446 = CARTESIAN_POINT ('', (-159.5, 117.5, 5.));
#11447 = CARTESIAN_POINT ('', (-159.5, 118., 5.));
#11448 = (
   BOUNDED_SURFACE ()
   B_SPLINE_SURFACE (1, 2, ((#11442, #11443, #11444), (#11445, #11446, #11447)), .UNSPECIFIED., .F., .F., .U.)
   B_SPLINE_SURFACE_WITH_KNOTS ((2, 2), (3, 3), (0., 1.), (14., 15.), .UNSPECIFIED.)
   GEOMETRIC_REPRESENTATION_ITEM ()
   RATIONAL_B_SPLINE_SURFACE (((1., 0.707106781186537, 1.), (1., 0.707106781186537, 1.)))
   REPRESENTATION_ITEM ('')
   SURFACE ()
);
#11449 = ADVANCED_FACE ('', (#11441), #11448, .T.);
#11450 = ORIENTED_EDGE ('', *, *, #3401, .T.);
#11451 = CARTESIAN_POINT ('', (-159.5, 112.5, 3.5));
#11452 = CARTESIAN_POINT ('', (-159.5, 112.5, 5.));
#11453 = B_SPLINE_CURVE_WITH_KNOTS ('', 1, (#11451, #11452), .UNSPECIFIED., .F., .U., (2, 2), (0., 1.), .UNSPECIFIED.);
#11454 = EDGE_CURVE ('', #397, #3397, #11453, .T.);
#11455 = ORIENTED_EDGE ('', *, *, #11454, .F.);
#11456 = ORIENTED_EDGE ('', *, *, #401, .F.);
#11457 = CARTESIAN_POINT ('', (-159.5, 98.5, 3.5));
#11458 = CARTESIAN_POINT ('', (-159.5, 98.5, 5.));
#11459 = B_SPLINE_CURVE_WITH_KNOTS ('', 1, (#11457, #11458), .UNSPECIFIED., .F., .U., (2, 2), (0., 1.), .UNSPECIFIED.);
#11460 = EDGE_CURVE ('', #395, #3395, #11459, .T.);
#11461 = ORIENTED_EDGE ('', *, *, #11460, .T.);
#11462 = EDGE_LOOP ('', (#11450, #11455, #11456, #11461));
#11463 = FACE_OUTER_BOUND ('', #11462, .T.);
#11464 = CARTESIAN_POINT ('', (-159.5, 98.5, 3.5));
#11465 = CARTESIAN_POINT ('', (-159.5, 112.5, 3.5));
#11466 = CARTESIAN_POINT ('', (-159.5, 98.5, 5.));
#11467 = CARTESIAN_POINT ('', (-159.5, 112.5, 5.));
#11468 = B_SPLINE_SURFACE_WITH_KNOTS ('', 1, 1, ((#11464, #11465), (#11466, #11467)), .UNSPECIFIED., .F., .F., .U., (2, 2), (2, 2), (0., 1.), (14., 28.), .UNSPECIFIED.);
#11469 = ADVANCED_FACE ('', (#11463), #11468, .T.);
#11470 = ORIENTED_EDGE ('', *, *, #3408, .T.);
#11471 = ORIENTED_EDGE ('', *, *, #11460, .F.);
#11472 = ORIENTED_EDGE ('', *, *, #420, .F.);
#11473 = CARTESIAN_POINT ('', (-173.5, 98.5, 3.5));
#11474 = CARTESIAN_POINT ('', (-173.5, 98.5, 5.));
#11475 = B_SPLINE_CURVE_WITH_KNOTS ('', 1, (#11473, #11474), .UNSPECIFIED., .F., .U., (2, 2), (0., 1.), .UNSPECIFIED.);
#11476 = EDGE_CURVE ('', #411, #3404, #11475, .T.);
#11477 = ORIENTED_EDGE ('', *, *, #11476, .T.);
#11478 = EDGE_LOOP ('', (#11470, #11471, #11472, #11477));
#11479 = FACE_OUTER_BOUND ('', #11478, .T.);
#11480 = CARTESIAN_POINT ('', (-173.5, 98.5, 3.5));
#11481 = CARTESIAN_POINT ('', (-159.5, 98.5, 3.5));
#11482 = CARTESIAN_POINT ('', (-173.5, 98.5, 5.));
#11483 = CARTESIAN_POINT ('', (-159.5, 98.5, 5.));
#11484 = B_SPLINE_SURFACE_WITH_KNOTS ('', 1, 1, ((#11480, #11481), (#11482, #11483)), .UNSPECIFIED., .F., .F., .U., (2, 2), (2, 2), (0., 1.), (0., 14.), .UNSPECIFIED.);
#11485 = ADVANCED_FACE ('', (#11479), #11484, .T.);
#11486 = ORIENTED_EDGE ('', *, *, #3415, .T.);
#11487 = ORIENTED_EDGE ('', *, *, #11476, .F.);
#11488 = ORIENTED_EDGE ('', *, *, #415, .F.);
#11489 = CARTESIAN_POINT ('', (-173.5, 112.5, 3.5));
#11490 = CARTESIAN_POINT ('', (-173.5, 112.5, 5.));
#11491 = B_SPLINE_CURVE_WITH_KNOTS ('', 1, (#11489, #11490), .UNSPECIFIED., .F., .U., (2, 2), (0., 1.), .UNSPECIFIED.);
#11492 = EDGE_CURVE ('', #404, #3411, #11491, .T.);
#11493 = ORIENTED_EDGE ('', *, *, #11492, .T.);
#11494 = EDGE_LOOP ('', (#11486, #11487, #11488, #11493));
#11495 = FACE_OUTER_BOUND ('', #11494, .T.);
#11496 = CARTESIAN_POINT ('', (-173.5, 112.5, 3.5));
#11497 = CARTESIAN_POINT ('', (-173.5, 98.5, 3.5));
#11498 = CARTESIAN_POINT ('', (-173.5, 112.5, 5.));
#11499 = CARTESIAN_POINT ('', (-173.5, 98.5, 5.));
#11500 = B_SPLINE_SURFACE_WITH_KNOTS ('', 1, 1, ((#11496, #11497), (#11498, #11499)), .UNSPECIFIED., .F., .F., .U., (2, 2), (2, 2), (0., 1.), (42., 56.), .UNSPECIFIED.);
#11501 = ADVANCED_FACE ('', (#11495), #11500, .T.);
#11502 = ORIENTED_EDGE ('', *, *, #3420, .T.);
#11503 = ORIENTED_EDGE ('', *, *, #11492, .F.);
#11504 = ORIENTED_EDGE ('', *, *, #408, .F.);
#11505 = ORIENTED_EDGE ('', *, *, #11454, .T.);
#11506 = EDGE_LOOP ('', (#11502, #11503, #11504, #11505));
#11507 = FACE_OUTER_BOUND ('', #11506, .T.);
#11508 = CARTESIAN_POINT ('', (-159.5, 112.5, 3.5));
#11509 = CARTESIAN_POINT ('', (-173.5, 112.5, 3.5));
#11510 = CARTESIAN_POINT ('', (-159.5, 112.5, 5.));
#11511 = CARTESIAN_POINT ('', (-173.5, 112.5, 5.));
#11512 = B_SPLINE_SURFACE_WITH_KNOTS ('', 1, 1, ((#11508, #11509), (#11510, #11511)), .UNSPECIFIED., .F., .F., .U., (2, 2), (2, 2), (0., 1.), (28., 42.), .UNSPECIFIED.);
#11513 = ADVANCED_FACE ('', (#11507), #11512, .T.);
#11514 = ORIENTED_EDGE ('', *, *, #3103, .T.);
#11515 = CARTESIAN_POINT ('', (-58.7785606827727, 26.8523855576423, 3.5));
#11516 = CARTESIAN_POINT ('', (-58.7785606827727, 26.8523855576423, 5.));
#11517 = B_SPLINE_CURVE_WITH_KNOTS ('', 1, (#11515, #11516), .UNSPECIFIED., .F., .U., (2, 2), (0., 1.), .UNSPECIFIED.);
#11518 = EDGE_CURVE ('', #99, #3099, #11517, .T.);
#11519 = ORIENTED_EDGE ('', *, *, #11518, .F.);
#11520 = ORIENTED_EDGE ('', *, *, #103, .F.);
#11521 = CARTESIAN_POINT ('', (-58.286095044398, 26.56806038876, 3.5));
#11522 = CARTESIAN_POINT ('', (-58.286095044398, 26.56806038876, 5.));
#11523 = B_SPLINE_CURVE_WITH_KNOTS ('', 1, (#11521, #11522), .UNSPECIFIED., .F., .U., (2, 2), (0., 1.), .UNSPECIFIED.);
#11524 = EDGE_CURVE ('', #97, #3097, #11523, .T.);
#11525 = ORIENTED_EDGE ('', *, *, #11524, .T.);
#11526 = EDGE_LOOP ('', (#11514, #11519, #11520, #11525));
#11527 = FACE_OUTER_BOUND ('', #11526, .T.);
#11528 = CARTESIAN_POINT ('', (-58.286095044398, 26.56806038876, 3.5));
#11529 = CARTESIAN_POINT ('', (-58.7785606827727, 26.8523855576423, 3.5));
#11530 = CARTESIAN_POINT ('', (-58.286095044398, 26.56806038876, 5.));
#11531 = CARTESIAN_POINT ('', (-58.7785606827727, 26.8523855576423, 5.));
#11532 = B_SPLINE_SURFACE_WITH_KNOTS ('', 1, 1, ((#11528, #11529), (#11530, #11531)), .UNSPECIFIED., .F., .F., .U., (2, 2), (2, 2), (0., 1.), (133.742975150104, 134.311625487868), .UNSPECIFIED.);
#11533 = ADVANCED_FACE ('', (#11527), #11532, .T.);
#11534 = ORIENTED_EDGE ('', *, *, #3111, .T.);
#11535 = ORIENTED_EDGE ('', *, *, #11524, .F.);
#11536 = ORIENTED_EDGE ('', *, *, #390, .F.);
#11537 = CARTESIAN_POINT ('', (-44.4099407048997, 15.9205126747014, 3.5));
#11538 = CARTESIAN_POINT ('', (-44.4099407048997, 15.9205126747014, 5.));
#11539 = B_SPLINE_CURVE_WITH_KNOTS ('', 1, (#11537, #11538), .UNSPECIFIED., .F., .U., (2, 2), (0., 1.), .UNSPECIFIED.);
#11540 = EDGE_CURVE ('', #380, #3106, #11539, .T.);
#11541 = ORIENTED_EDGE ('', *, *, #11540, .T.);
#11542 = EDGE_LOOP ('', (#11534, #11535, #11536, #11541));
#11543 = FACE_OUTER_BOUND ('', #11542, .T.);
#11544 = CARTESIAN_POINT ('', (-44.4099407048997, 15.9205126747014, 3.5));
#11545 = CARTESIAN_POINT ('', (-50.6471297497805, 22.1577017195822, 3.5));
#11546 = CARTESIAN_POINT ('', (-58.286095044398, 26.56806038876, 3.5));
#11547 = CARTESIAN_POINT ('', (-44.4099407048997, 15.9205126747014, 5.));
#11548 = CARTESIAN_POINT ('', (-50.6471297497805, 22.1577017195822, 5.));
#11549 = CARTESIAN_POINT ('', (-58.286095044398, 26.56806038876, 5.));
#11550 = (
   BOUNDED_SURFACE ()
   B_SPLINE_SURFACE (1, 2, ((#11544, #11545, #11546), (#11547, #11548, #11549)), .UNSPECIFIED., .F., .F., .U.)
   B_SPLINE_SURFACE_WITH_KNOTS ((2, 2), (3, 3), (0., 1.), (132.742975150104, 133.742975150104), .UNSPECIFIED.)
   GEOMETRIC_REPRESENTATION_ITEM ()
   RATIONAL_B_SPLINE_SURFACE (((1., 0.991444861373811, 1.), (1., 0.991444861373811, 1.)))
   REPRESENTATION_ITEM ('')
   SURFACE ()
);
#11551 = ADVANCED_FACE ('', (#11543), #11550, .T.);
#11552 = ORIENTED_EDGE ('', *, *, #3118, .T.);
#11553 = ORIENTED_EDGE ('', *, *, #11540, .F.);
#11554 = ORIENTED_EDGE ('', *, *, #384, .F.);
#11555 = CARTESIAN_POINT ('', (-42.4411254969544, 13.9516974667561, 3.5));
#11556 = CARTESIAN_POINT ('', (-42.4411254969544, 13.9516974667561, 5.));
#11557 = B_SPLINE_CURVE_WITH_KNOTS ('', 1, (#11555, #11556), .UNSPECIFIED., .F., .U., (2, 2), (0., 1.), .UNSPECIFIED.);
#11558 = EDGE_CURVE ('', #372, #3114, #11557, .T.);
#11559 = ORIENTED_EDGE ('', *, *, #11558, .T.);
#11560 = EDGE_LOOP ('', (#11552, #11553, #11554, #11559));
#11561 = FACE_OUTER_BOUND ('', #11560, .T.);
#11562 = CARTESIAN_POINT ('', (-42.4411254969544, 13.9516974667561, 3.5));
#11563 = CARTESIAN_POINT ('', (-44.4099407048996, 15.9205126747014, 3.5));
#11564 = CARTESIAN_POINT ('', (-42.4411254969544, 13.9516974667561, 5.));
#11565 = CARTESIAN_POINT ('', (-44.4099407048996, 15.9205126747014, 5.));
#11566 = B_SPLINE_SURFACE_WITH_KNOTS ('', 1, 1, ((#11562, #11563), (#11564, #11565)), .UNSPECIFIED., .F., .F., .U., (2, 2), (2, 2), (0., 1.), (129.958649981221, 132.742975150104), .UNSPECIFIED.);
#11567 = ADVANCED_FACE ('', (#11561), #11566, .T.);
#11568 = ORIENTED_EDGE ('', *, *, #3126, .T.);
#11569 = ORIENTED_EDGE ('', *, *, #11558, .F.);
#11570 = ORIENTED_EDGE ('', *, *, #377, .F.);
#11571 = CARTESIAN_POINT ('', (-28.2989898732234, 13.9516974667561, 3.5));
#11572 = CARTESIAN_POINT ('', (-28.2989898732234, 13.9516974667561, 5.));
#11573 = B_SPLINE_CURVE_WITH_KNOTS ('', 1, (#11571, #11572), .UNSPECIFIED., .F., .U., (2, 2), (0., 1.), .UNSPECIFIED.);
#11574 = EDGE_CURVE ('', #365, #3121, #11573, .T.);
#11575 = ORIENTED_EDGE ('', *, *, #11574, .T.);
#11576 = EDGE_LOOP ('', (#11568, #11569, #11570, #11575));
#11577 = FACE_OUTER_BOUND ('', #11576, .T.);
#11578 = CARTESIAN_POINT ('', (-28.2989898732234, 13.9516974667561, 3.5));
#11579 = CARTESIAN_POINT ('', (-35.3700576850889, 6.88062965489067, 3.5));
#11580 = CARTESIAN_POINT ('', (-42.4411254969544, 13.9516974667561, 3.5));
#11581 = CARTESIAN_POINT ('', (-28.2989898732234, 13.9516974667561, 5.));
#11582 = CARTESIAN_POINT ('', (-35.3700576850889, 6.88062965489067, 5.));
#11583 = CARTESIAN_POINT ('', (-42.4411254969544, 13.9516974667561, 5.));
#11584 = (
   BOUNDED_SURFACE ()
   B_SPLINE_SURFACE (1, 2, ((#11578, #11579, #11580), (#11581, #11582, #11583)), .UNSPECIFIED., .F., .F., .U.)
   B_SPLINE_SURFACE_WITH_KNOTS ((2, 2), (3, 3), (0., 1.), (128.958649981221, 129.958649981221), .UNSPECIFIED.)
   GEOMETRIC_REPRESENTATION_ITEM ()
   RATIONAL_B_SPLINE_SURFACE (((1., 0.707106781186549, 1.), (1., 0.707106781186549, 1.)))
   REPRESENTATION_ITEM ('')
   SURFACE ()
);
#11585 = ADVANCED_FACE ('', (#11577), #11584, .T.);
#11586 = ORIENTED_EDGE ('', *, *, #3133, .T.);
#11587 = ORIENTED_EDGE ('', *, *, #11574, .F.);
#11588 = ORIENTED_EDGE ('', *, *, #369, .F.);
#11589 = CARTESIAN_POINT ('', (-11.3578643762691, 30.8928229637102, 3.5));
#11590 = CARTESIAN_POINT ('', (-11.3578643762691, 30.8928229637102, 5.));
#11591 = B_SPLINE_CURVE_WITH_KNOTS ('', 1, (#11589, #11590), .UNSPECIFIED., .F., .U., (2, 2), (0., 1.), .UNSPECIFIED.);
#11592 = EDGE_CURVE ('', #357, #3129, #11591, .T.);
#11593 = ORIENTED_EDGE ('', *, *, #11592, .T.);
#11594 = EDGE_LOOP ('', (#11586, #11587, #11588, #11593));
#11595 = FACE_OUTER_BOUND ('', #11594, .T.);
#11596 = CARTESIAN_POINT ('', (-11.3578643762691, 30.8928229637102, 3.5));
#11597 = CARTESIAN_POINT ('', (-28.2989898732234, 13.9516974667561, 3.5));
#11598 = CARTESIAN_POINT ('', (-11.3578643762691, 30.8928229637102, 5.));
#11599 = CARTESIAN_POINT ('', (-28.2989898732234, 13.9516974667561, 5.));
#11600 = B_SPLINE_SURFACE_WITH_KNOTS ('', 1, 1, ((#11596, #11597), (#11598, #11599)), .UNSPECIFIED., .F., .F., .U., (2, 2), (2, 2), (0., 1.), (105.000280541564, 128.958649981221), .UNSPECIFIED.);
#11601 = ADVANCED_FACE ('', (#11595), #11600, .T.);
#11602 = ORIENTED_EDGE ('', *, *, #3141, .T.);
#11603 = ORIENTED_EDGE ('', *, *, #11592, .F.);
#11604 = ORIENTED_EDGE ('', *, *, #362, .F.);
#11605 = CARTESIAN_POINT ('', (-5.65686516701569, 42.5349585874404, 3.5));
#11606 = CARTESIAN_POINT ('', (-5.65686516701569, 42.5349585874404, 5.));
#11607 = B_SPLINE_CURVE_WITH_KNOTS ('', 1, (#11605, #11606), .UNSPECIFIED., .F., .U., (2, 2), (0., 1.), .UNSPECIFIED.);
#11608 = EDGE_CURVE ('', #350, #3136, #11607, .T.);
#11609 = ORIENTED_EDGE ('', *, *, #11608, .T.);
#11610 = EDGE_LOOP ('', (#11602, #11603, #11604, #11609));
#11611 = FACE_OUTER_BOUND ('', #11610, .T.);
#11612 = CARTESIAN_POINT ('', (-5.65686516701569, 42.5349585874404, 3.5));
#11613 = CARTESIAN_POINT ('', (-6.51327556682123, 35.7374117731581, 3.5));
#11614 = CARTESIAN_POINT ('', (-11.3578643762691, 30.8928229637102, 3.5));
#11615 = CARTESIAN_POINT ('', (-5.65686516701569, 42.5349585874404, 5.));
#11616 = CARTESIAN_POINT ('', (-6.51327556682123, 35.7374117731581, 5.));
#11617 = CARTESIAN_POINT ('', (-11.3578643762691, 30.8928229637102, 5.));
#11618 = (
   BOUNDED_SURFACE ()
   B_SPLINE_SURFACE (1, 2, ((#11612, #11613, #11614), (#11615, #11616, #11617)), .UNSPECIFIED., .F., .F., .U.)
   B_SPLINE_SURFACE_WITH_KNOTS ((2, 2), (3, 3), (0., 1.), (104.16222272046, 105.000280541564), .UNSPECIFIED.)
   GEOMETRIC_REPRESENTATION_ITEM ()
   RATIONAL_B_SPLINE_SURFACE (((0.979338330791641, 0.936206646875041, 1.), (0.979338330791641, 0.936206646875041, 1.)))
   REPRESENTATION_ITEM ('')
   SURFACE ()
);
#11619 = ADVANCED_FACE ('', (#11611), #11618, .T.);
#11620 = ORIENTED_EDGE ('', *, *, #3148, .T.);
#11621 = ORIENTED_EDGE ('', *, *, #11608, .F.);
#11622 = ORIENTED_EDGE ('', *, *, #354, .F.);
#11623 = CARTESIAN_POINT ('', (-8.49999999999724, 42.5349585874397, 3.5));
#11624 = CARTESIAN_POINT ('', (-8.49999999999724, 42.5349585874397, 5.));
#11625 = B_SPLINE_CURVE_WITH_KNOTS ('', 1, (#11623, #11624), .UNSPECIFIED., .F., .U., (2, 2), (0., 1.), .UNSPECIFIED.);
#11626 = EDGE_CURVE ('', #340, #3144, #11625, .T.);
#11627 = ORIENTED_EDGE ('', *, *, #11626, .T.);
#11628 = EDGE_LOOP ('', (#11620, #11621, #11622, #11627));
#11629 = FACE_OUTER_BOUND ('', #11628, .T.);
#11630 = CARTESIAN_POINT ('', (-8.49999999999724, 42.5349585874397, 3.5));
#11631 = CARTESIAN_POINT ('', (-5.65686516701571, 42.5349585874404, 3.5));
#11632 = CARTESIAN_POINT ('', (-8.49999999999724, 42.5349585874397, 5.));
#11633 = CARTESIAN_POINT ('', (-5.65686516701571, 42.5349585874404, 5.));
#11634 = B_SPLINE_SURFACE_WITH_KNOTS ('', 1, 1, ((#11630, #11631), (#11632, #11633)), .UNSPECIFIED., .F., .F., .U., (2, 2), (2, 2), (0., 1.), (101.319087887479, 104.16222272046), .UNSPECIFIED.);
#11635 = ADVANCED_FACE ('', (#11629), #11634, .T.);
#11636 = ORIENTED_EDGE ('', *, *, #3158, .T.);
#11637 = ORIENTED_EDGE ('', *, *, #11626, .F.);
#11638 = ORIENTED_EDGE ('', *, *, #347, .F.);
#11639 = CARTESIAN_POINT ('', (-8.49999999999842, 47.5349585874396, 3.5));
#11640 = CARTESIAN_POINT ('', (-8.49999999999842, 47.5349585874396, 5.));
#11641 = B_SPLINE_CURVE_WITH_KNOTS ('', 1, (#11639, #11640), .UNSPECIFIED., .F., .U., (2, 2), (0., 1.), .UNSPECIFIED.);
#11642 = EDGE_CURVE ('', #333, #3151, #11641, .T.);
#11643 = ORIENTED_EDGE ('', *, *, #11642, .T.);
#11644 = EDGE_LOOP ('', (#11636, #11637, #11638, #11643));
#11645 = FACE_OUTER_BOUND ('', #11644, .T.);
#11646 = CARTESIAN_POINT ('', (-8.49999999999842, 47.5349585874396, 3.5));
#11647 = CARTESIAN_POINT ('', (-10.9999999999984, 47.5349585874391, 3.5));
#11648 = CARTESIAN_POINT ('', (-10.9999999999978, 45.0349585874391, 3.5));
#11649 = CARTESIAN_POINT ('', (-10.9999999999972, 42.5349585874392, 3.5));
#11650 = CARTESIAN_POINT ('', (-8.49999999999724, 42.5349585874397, 3.5));
#11651 = CARTESIAN_POINT ('', (-8.49999999999842, 47.5349585874396, 5.));
#11652 = CARTESIAN_POINT ('', (-10.9999999999984, 47.5349585874391, 5.));
#11653 = CARTESIAN_POINT ('', (-10.9999999999978, 45.0349585874391, 5.));
#11654 = CARTESIAN_POINT ('', (-10.9999999999972, 42.5349585874392, 5.));
#11655 = CARTESIAN_POINT ('', (-8.49999999999724, 42.5349585874397, 5.));
#11656 = (
   BOUNDED_SURFACE ()
   B_SPLINE_SURFACE (1, 2, ((#11646, #11647, #11648, #11649, #11650), (#11651, #11652, #11653, #11654, #11655)), .UNSPECIFIED., .F., .F., .U.)
   B_SPLINE_SURFACE_WITH_KNOTS ((2, 2), (3, 2, 3), (0., 1.), (100.819087887479, 101.069087887479, 101.319087887479), .UNSPECIFIED.)
   GEOMETRIC_REPRESENTATION_ITEM ()
   RATIONAL_B_SPLINE_SURFACE (((1., 0.707106781186548, 1., 0.707106781186548, 1.), (1., 0.707106781186548, 1., 0.707106781186548, 1.)))
   REPRESENTATION_ITEM ('')
   SURFACE ()
);
#11657 = ADVANCED_FACE ('', (#11645), #11656, .T.);
#11658 = ORIENTED_EDGE ('', *, *, #3165, .T.);
#11659 = ORIENTED_EDGE ('', *, *, #11642, .F.);
#11660 = ORIENTED_EDGE ('', *, *, #337, .F.);
#11661 = CARTESIAN_POINT ('', (-5.50000000000004, 47.5349585874404, 3.5));
#11662 = CARTESIAN_POINT ('', (-5.50000000000004, 47.5349585874404, 5.));
#11663 = B_SPLINE_CURVE_WITH_KNOTS ('', 1, (#11661, #11662), .UNSPECIFIED., .F., .U., (2, 2), (0., 1.), .UNSPECIFIED.);
#11664 = EDGE_CURVE ('', #326, #3161, #11663, .T.);
#11665 = ORIENTED_EDGE ('', *, *, #11664, .T.);
#11666 = EDGE_LOOP ('', (#11658, #11659, #11660, #11665));
#11667 = FACE_OUTER_BOUND ('', #11666, .T.);
#11668 = CARTESIAN_POINT ('', (-5.50000000000004, 47.5349585874404, 3.5));
#11669 = CARTESIAN_POINT ('', (-8.49999999999842, 47.5349585874396, 3.5));
#11670 = CARTESIAN_POINT ('', (-5.50000000000004, 47.5349585874404, 5.));
#11671 = CARTESIAN_POINT ('', (-8.49999999999842, 47.5349585874396, 5.));
#11672 = B_SPLINE_SURFACE_WITH_KNOTS ('', 1, 1, ((#11668, #11669), (#11670, #11671)), .UNSPECIFIED., .F., .F., .U., (2, 2), (2, 2), (0., 1.), (97.8190878874805, 100.819087887479), .UNSPECIFIED.);
#11673 = ADVANCED_FACE ('', (#11667), #11672, .T.);
#11674 = ORIENTED_EDGE ('', *, *, #3172, .T.);
#11675 = ORIENTED_EDGE ('', *, *, #11664, .F.);
#11676 = ORIENTED_EDGE ('', *, *, #330, .F.);
#11677 = CARTESIAN_POINT ('', (-5.50000000000055, 119.946030732044, 3.5));
#11678 = CARTESIAN_POINT ('', (-5.50000000000055, 119.946030732044, 5.));
#11679 = B_SPLINE_CURVE_WITH_KNOTS ('', 1, (#11677, #11678), .UNSPECIFIED., .F., .U., (2, 2), (0., 1.), .UNSPECIFIED.);
#11680 = EDGE_CURVE ('', #318, #3168, #11679, .T.);
#11681 = ORIENTED_EDGE ('', *, *, #11680, .T.);
#11682 = EDGE_LOOP ('', (#11674, #11675, #11676, #11681));
#11683 = FACE_OUTER_BOUND ('', #11682, .T.);
#11684 = CARTESIAN_POINT ('', (-5.50000000000055, 119.946030732044, 3.5));
#11685 = CARTESIAN_POINT ('', (-5.50000000000004, 47.5349585874404, 3.5));
#11686 = CARTESIAN_POINT ('', (-5.50000000000055, 119.946030732044, 5.));
#11687 = CARTESIAN_POINT ('', (-5.50000000000004, 47.5349585874404, 5.));
#11688 = B_SPLINE_SURFACE_WITH_KNOTS ('', 1, 1, ((#11684, #11685), (#11686, #11687)), .UNSPECIFIED., .F., .F., .U., (2, 2), (2, 2), (0., 1.), (24.5454306270269, 97.8190878874805), .UNSPECIFIED.);
#11689 = ADVANCED_FACE ('', (#11683), #11688, .T.);
#11690 = ORIENTED_EDGE ('', *, *, #3180, .T.);
#11691 = ORIENTED_EDGE ('', *, *, #11680, .F.);
#11692 = ORIENTED_EDGE ('', *, *, #323, .F.);
#11693 = CARTESIAN_POINT ('', (-13.412747603328, 129.725773951198, 3.5));
#11694 = CARTESIAN_POINT ('', (-13.412747603328, 129.725773951198, 5.));
#11695 = B_SPLINE_CURVE_WITH_KNOTS ('', 1, (#11693, #11694), .UNSPECIFIED., .F., .U., (2, 2), (0., 1.), .UNSPECIFIED.);
#11696 = EDGE_CURVE ('', #309, #3175, #11695, .T.);
#11697 = ORIENTED_EDGE ('', *, *, #11696, .T.);
#11698 = EDGE_LOOP ('', (#11690, #11691, #11692, #11697));
#11699 = FACE_OUTER_BOUND ('', #11698, .T.);
#11700 = CARTESIAN_POINT ('', (-13.412747603328, 129.725773951198, 3.5));
#11701 = CARTESIAN_POINT ('', (-5.50000000000022, 128.036987136533, 3.5));
#11702 = CARTESIAN_POINT ('', (-5.50000000000055, 119.946030732044, 3.5));
#11703 = CARTESIAN_POINT ('', (-13.412747603328, 129.725773951198, 5.));
#11704 = CARTESIAN_POINT ('', (-5.50000000000022, 128.036987136533, 5.));
#11705 = CARTESIAN_POINT ('', (-5.50000000000055, 119.946030732044, 5.));
#11706 = (
   BOUNDED_SURFACE ()
   B_SPLINE_SURFACE (1, 2, ((#11700, #11701, #11702), (#11703, #11704, #11705)), .UNSPECIFIED., .F., .F., .U.)
   B_SPLINE_SURFACE_WITH_KNOTS ((2, 2), (3, 3), (0., 1.), (23.5454306270269, 24.5454306270269), .UNSPECIFIED.)
   GEOMETRIC_REPRESENTATION_ITEM ()
   RATIONAL_B_SPLINE_SURFACE (((1., 0.777407627846293, 1.), (1., 0.777407627846293, 1.)))
   REPRESENTATION_ITEM ('')
   SURFACE ()
);
#11707 = ADVANCED_FACE ('', (#11699), #11706, .T.);
#11708 = ORIENTED_EDGE ('', *, *, #3189, .T.);
#11709 = ORIENTED_EDGE ('', *, *, #11696, .F.);
#11710 = ORIENTED_EDGE ('', *, *, #315, .F.);
#11711 = CARTESIAN_POINT ('', (-20.1894704466024, 131.053232827268, 3.5));
#11712 = CARTESIAN_POINT ('', (-20.1894704466024, 131.053232827268, 5.));
#11713 = B_SPLINE_CURVE_WITH_KNOTS ('', 1, (#11711, #11712), .UNSPECIFIED., .F., .U., (2, 2), (0., 1.), .UNSPECIFIED.);
#11714 = EDGE_CURVE ('', #302, #3183, #11713, .T.);
#11715 = ORIENTED_EDGE ('', *, *, #11714, .T.);
#11716 = EDGE_LOOP ('', (#11708, #11709, #11710, #11715));
#11717 = FACE_OUTER_BOUND ('', #11716, .T.);
#11718 = CARTESIAN_POINT ('', (-20.1894704466024, 131.053232827268, 3.5));
#11719 = CARTESIAN_POINT ('', (-17.8235821459319, 130.626108329293, 3.5));
#11720 = CARTESIAN_POINT ('', (-15.5547628937509, 130.182935908159, 3.5));
#11721 = CARTESIAN_POINT ('', (-13.412747603328, 129.725773951198, 3.5));
#11722 = CARTESIAN_POINT ('', (-20.1894704466024, 131.053232827268, 5.));
#11723 = CARTESIAN_POINT ('', (-17.8235821459319, 130.626108329293, 5.));
#11724 = CARTESIAN_POINT ('', (-15.5547628937509, 130.182935908159, 5.));
#11725 = CARTESIAN_POINT ('', (-13.412747603328, 129.725773951198, 5.));
#11726 = B_SPLINE_SURFACE_WITH_KNOTS ('', 1, 3, ((#11718, #11719, #11720, #11721), (#11722, #11723, #11724, #11725)), .UNSPECIFIED., .F., .F., .U., (2, 2), (4, 4), (0., 1.), (23.4464510447902, 23.5454306270269), .UNSPECIFIED.);
#11727 = ADVANCED_FACE ('', (#11717), #11726, .T.);
#11728 = ORIENTED_EDGE ('', *, *, #3196, .T.);
#11729 = ORIENTED_EDGE ('', *, *, #11714, .F.);
#11730 = ORIENTED_EDGE ('', *, *, #306, .F.);
#11731 = CARTESIAN_POINT ('', (-20.5740594820385, 128.13198907962, 3.5));
#11732 = CARTESIAN_POINT ('', (-20.5740594820385, 128.13198907962, 5.));
#11733 = B_SPLINE_CURVE_WITH_KNOTS ('', 1, (#11731, #11732), .UNSPECIFIED., .F., .U., (2, 2), (0., 1.), .UNSPECIFIED.);
#11734 = EDGE_CURVE ('', #292, #3192, #11733, .T.);
#11735 = ORIENTED_EDGE ('', *, *, #11734, .T.);
#11736 = EDGE_LOOP ('', (#11728, #11729, #11730, #11735));
#11737 = FACE_OUTER_BOUND ('', #11736, .T.);
#11738 = CARTESIAN_POINT ('', (-20.5740594820385, 128.13198907962, 3.5));
#11739 = CARTESIAN_POINT ('', (-20.1894704466024, 131.053232827268, 3.5));
#11740 = CARTESIAN_POINT ('', (-20.5740594820385, 128.13198907962, 5.));
#11741 = CARTESIAN_POINT ('', (-20.1894704466024, 131.053232827268, 5.));
#11742 = B_SPLINE_SURFACE_WITH_KNOTS ('', 1, 1, ((#11738, #11739), (#11740, #11741)), .UNSPECIFIED., .F., .F., .U., (2, 2), (2, 2), (0., 1.), (20.5000000000001, 23.4464510447902), .UNSPECIFIED.);
#11743 = ADVANCED_FACE ('', (#11737), #11742, .T.);
#11744 = ORIENTED_EDGE ('', *, *, #3206, .T.);
#11745 = ORIENTED_EDGE ('', *, *, #11734, .F.);
#11746 = ORIENTED_EDGE ('', *, *, #299, .F.);
#11747 = CARTESIAN_POINT ('', (-25.5312837889078, 128.784620040717, 3.5));
#11748 = CARTESIAN_POINT ('', (-25.5312837889078, 128.784620040717, 5.));
#11749 = B_SPLINE_CURVE_WITH_KNOTS ('', 1, (#11747, #11748), .UNSPECIFIED., .F., .U., (2, 2), (0., 1.), .UNSPECIFIED.);
#11750 = EDGE_CURVE ('', #285, #3199, #11749, .T.);
#11751 = ORIENTED_EDGE ('', *, *, #11750, .T.);
#11752 = EDGE_LOOP ('', (#11744, #11745, #11746, #11751));
#11753 = FACE_OUTER_BOUND ('', #11752, .T.);
#11754 = CARTESIAN_POINT ('', (-25.5312837889078, 128.784620040717, 3.5));
#11755 = CARTESIAN_POINT ('', (-25.8575992694563, 126.306007887283, 3.5));
#11756 = CARTESIAN_POINT ('', (-23.3789871160216, 125.979692406734, 3.5));
#11757 = CARTESIAN_POINT ('', (-20.9003749625869, 125.653376926186, 3.5));
#11758 = CARTESIAN_POINT ('', (-20.5740594820385, 128.13198907962, 3.5));
#11759 = CARTESIAN_POINT ('', (-25.5312837889078, 128.784620040717, 5.));
#11760 = CARTESIAN_POINT ('', (-25.8575992694563, 126.306007887283, 5.));
#11761 = CARTESIAN_POINT ('', (-23.3789871160216, 125.979692406734, 5.));
#11762 = CARTESIAN_POINT ('', (-20.9003749625869, 125.653376926186, 5.));
#11763 = CARTESIAN_POINT ('', (-20.5740594820385, 128.13198907962, 5.));
#11764 = (
   BOUNDED_SURFACE ()
   B_SPLINE_SURFACE (1, 2, ((#11754, #11755, #11756, #11757, #11758), (#11759, #11760, #11761, #11762, #11763)), .UNSPECIFIED., .F., .F., .U.)
   B_SPLINE_SURFACE_WITH_KNOTS ((2, 2), (3, 2, 3), (0., 1.), (20.0000000000001, 20.2500000000001, 20.5000000000001), .UNSPECIFIED.)
   GEOMETRIC_REPRESENTATION_ITEM ()
   RATIONAL_B_SPLINE_SURFACE (((1., 0.707106781186548, 1., 0.707106781186548, 1.), (1., 0.707106781186548, 1., 0.707106781186548, 1.)))
   REPRESENTATION_ITEM ('')
   SURFACE ()
);
#11765 = ADVANCED_FACE ('', (#11753), #11764, .T.);
#11766 = ORIENTED_EDGE ('', *, *, #3213, .T.);
#11767 = ORIENTED_EDGE ('', *, *, #11750, .F.);
#11768 = ORIENTED_EDGE ('', *, *, #289, .F.);
#11769 = CARTESIAN_POINT ('', (-25.1213432911816, 131.898427262316, 3.5));
#11770 = CARTESIAN_POINT ('', (-25.1213432911816, 131.898427262316, 5.));
#11771 = B_SPLINE_CURVE_WITH_KNOTS ('', 1, (#11769, #11770), .UNSPECIFIED., .F., .U., (2, 2), (0., 1.), .UNSPECIFIED.);
#11772 = EDGE_CURVE ('', #267, #3209, #11771, .T.);
#11773 = ORIENTED_EDGE ('', *, *, #11772, .T.);
#11774 = EDGE_LOOP ('', (#11766, #11767, #11768, #11773));
#11775 = FACE_OUTER_BOUND ('', #11774, .T.);
#11776 = CARTESIAN_POINT ('', (-25.1213432911816, 131.898427262316, 3.5));
#11777 = CARTESIAN_POINT ('', (-25.5312837889078, 128.784620040717, 3.5));
#11778 = CARTESIAN_POINT ('', (-25.1213432911816, 131.898427262316, 5.));
#11779 = CARTESIAN_POINT ('', (-25.5312837889078, 128.784620040717, 5.));
#11780 = B_SPLINE_SURFACE_WITH_KNOTS ('', 1, 1, ((#11776, #11777), (#11778, #11779)), .UNSPECIFIED., .F., .F., .U., (2, 2), (2, 2), (0., 1.), (16.8593238586323, 20.0000000000001), .UNSPECIFIED.);
#11781 = ADVANCED_FACE ('', (#11775), #11780, .T.);
#11782 = ORIENTED_EDGE ('', *, *, #3231, .T.);
#11783 = ORIENTED_EDGE ('', *, *, #11772, .F.);
#11784 = ORIENTED_EDGE ('', *, *, #282, .F.);
#11785 = CARTESIAN_POINT ('', (-81.0000000000002, 137., 3.5));
#11786 = CARTESIAN_POINT ('', (-81.0000000000002, 137., 5.));
#11787 = B_SPLINE_CURVE_WITH_KNOTS ('', 1, (#11785, #11786), .UNSPECIFIED., .F., .U., (2, 2), (0., 1.), .UNSPECIFIED.);
#11788 = EDGE_CURVE ('', #260, #3216, #11787, .T.);
#11789 = ORIENTED_EDGE ('', *, *, #11788, .T.);
#11790 = EDGE_LOOP ('', (#11782, #11783, #11784, #11789));
#11791 = FACE_OUTER_BOUND ('', #11790, .T.);
#11792 = CARTESIAN_POINT ('', (-81.0000000000002, 137., 3.5));
#11793 = CARTESIAN_POINT ('', (-76.6003782699712, 137., 3.5));
#11794 = CARTESIAN_POINT ('', (-71.4138543453416, 136.80400970051, 3.5));
#11795 = CARTESIAN_POINT ('', (-65.7891654779601, 136.447166586383, 3.5));
#11796 = CARTESIAN_POINT ('', (-60.1644766105773, 136.090323472256, 3.5));
#11797 = CARTESIAN_POINT ('', (-54.1043407390069, 135.572168168843, 3.5));
#11798 = CARTESIAN_POINT ('', (-47.9789970718515, 134.924519981891, 3.5));
#11799 = CARTESIAN_POINT ('', (-41.8536534046962, 134.27687179494, 3.5));
#11800 = CARTESIAN_POINT ('', (-35.66377135291, 133.499793992982, 3.5));
#11801 = CARTESIAN_POINT ('', (-29.7804563594672, 132.623789244201, 3.5));
#11802 = CARTESIAN_POINT ('', (-28.2029687096171, 132.388906924632, 3.5));
#11803 = CARTESIAN_POINT ('', (-26.6476309848257, 132.146960378321, 3.5));
#11804 = CARTESIAN_POINT ('', (-25.1213432911816, 131.898427262316, 3.5));
#11805 = CARTESIAN_POINT ('', (-81.0000000000002, 137., 5.));
#11806 = CARTESIAN_POINT ('', (-76.6003782699712, 137., 5.));
#11807 = CARTESIAN_POINT ('', (-71.4138543453416, 136.80400970051, 5.));
#11808 = CARTESIAN_POINT ('', (-65.7891654779601, 136.447166586383, 5.));
#11809 = CARTESIAN_POINT ('', (-60.1644766105773, 136.090323472256, 5.));
#11810 = CARTESIAN_POINT ('', (-54.1043407390069, 135.572168168843, 5.));
#11811 = CARTESIAN_POINT ('', (-47.9789970718515, 134.924519981891, 5.));
#11812 = CARTESIAN_POINT ('', (-41.8536534046962, 134.27687179494, 5.));
#11813 = CARTESIAN_POINT ('', (-35.66377135291, 133.499793992982, 5.));
#11814 = CARTESIAN_POINT ('', (-29.7804563594672, 132.623789244201, 5.));
#11815 = CARTESIAN_POINT ('', (-28.2029687096171, 132.388906924632, 5.));
#11816 = CARTESIAN_POINT ('', (-26.6476309848257, 132.146960378321, 5.));
#11817 = CARTESIAN_POINT ('', (-25.1213432911816, 131.898427262316, 5.));
#11818 = B_SPLINE_SURFACE_WITH_KNOTS ('', 1, 3, ((#11792, #11793, #11794, #11795, #11796, #11797, #11798, #11799, #11800, #11801, #11802, #11803, #11804), (#11805, #11806, #11807, #11808, #11809, #11810, #11811, #11812, #11813, #11814, #11815, #11816, #11817)), .UNSPECIFIED., .F., .F., .U., (2, 2), (4, 3, 3, 3, 4), (0., 1.), (393.433426901337, 393.660273069235, 393.887119237133, 394.113965405032, 394.174789452134), .UNSPECIFIED.);
#11819 = ADVANCED_FACE ('', (#11791), #11818, .T.);
#11820 = ORIENTED_EDGE ('', *, *, #3238, .T.);
#11821 = ORIENTED_EDGE ('', *, *, #11788, .F.);
#11822 = ORIENTED_EDGE ('', *, *, #264, .F.);
#11823 = CARTESIAN_POINT ('', (-135.5, 137., 3.5));
#11824 = CARTESIAN_POINT ('', (-135.5, 137., 5.));
#11825 = B_SPLINE_CURVE_WITH_KNOTS ('', 1, (#11823, #11824), .UNSPECIFIED., .F., .U., (2, 2), (0., 1.), .UNSPECIFIED.);
#11826 = EDGE_CURVE ('', #253, #3234, #11825, .T.);
#11827 = ORIENTED_EDGE ('', *, *, #11826, .T.);
#11828 = EDGE_LOOP ('', (#11820, #11821, #11822, #11827));
#11829 = FACE_OUTER_BOUND ('', #11828, .T.);
#11830 = CARTESIAN_POINT ('', (-135.5, 137., 3.5));
#11831 = CARTESIAN_POINT ('', (-81.0000000000002, 137., 3.5));
#11832 = CARTESIAN_POINT ('', (-135.5, 137., 5.));
#11833 = CARTESIAN_POINT ('', (-81.0000000000002, 137., 5.));
#11834 = B_SPLINE_SURFACE_WITH_KNOTS ('', 1, 1, ((#11830, #11831), (#11832, #11833)), .UNSPECIFIED., .F., .F., .U., (2, 2), (2, 2), (0., 1.), (338.933426901337, 393.433426901337), .UNSPECIFIED.);
#11835 = ADVANCED_FACE ('', (#11829), #11834, .T.);
#11836 = ORIENTED_EDGE ('', *, *, #3245, .T.);
#11837 = ORIENTED_EDGE ('', *, *, #11826, .F.);
#11838 = ORIENTED_EDGE ('', *, *, #257, .F.);
#11839 = CARTESIAN_POINT ('', (-135.5, 134., 3.5));
#11840 = CARTESIAN_POINT ('', (-135.5, 134., 5.));
#11841 = B_SPLINE_CURVE_WITH_KNOTS ('', 1, (#11839, #11840), .UNSPECIFIED., .F., .U., (2, 2), (0., 1.), .UNSPECIFIED.);
#11842 = EDGE_CURVE ('', #243, #3241, #11841, .T.);
#11843 = ORIENTED_EDGE ('', *, *, #11842, .T.);
#11844 = EDGE_LOOP ('', (#11836, #11837, #11838, #11843));
#11845 = FACE_OUTER_BOUND ('', #11844, .T.);
#11846 = CARTESIAN_POINT ('', (-135.5, 134., 3.5));
#11847 = CARTESIAN_POINT ('', (-135.5, 137., 3.5));
#11848 = CARTESIAN_POINT ('', (-135.5, 134., 5.));
#11849 = CARTESIAN_POINT ('', (-135.5, 137., 5.));
#11850 = B_SPLINE_SURFACE_WITH_KNOTS ('', 1, 1, ((#11846, #11847), (#11848, #11849)), .UNSPECIFIED., .F., .F., .U., (2, 2), (2, 2), (0., 1.), (335.933426901337, 338.933426901337), .UNSPECIFIED.);
#11851 = ADVANCED_FACE ('', (#11845), #11850, .T.);
#11852 = ORIENTED_EDGE ('', *, *, #3255, .T.);
#11853 = ORIENTED_EDGE ('', *, *, #11842, .F.);
#11854 = ORIENTED_EDGE ('', *, *, #250, .F.);
#11855 = CARTESIAN_POINT ('', (-140.5, 134., 3.5));
#11856 = CARTESIAN_POINT ('', (-140.5, 134., 5.));
#11857 = B_SPLINE_CURVE_WITH_KNOTS ('', 1, (#11855, #11856), .UNSPECIFIED., .F., .U., (2, 2), (0., 1.), .UNSPECIFIED.);
#11858 = EDGE_CURVE ('', #236, #3248, #11857, .T.);
#11859 = ORIENTED_EDGE ('', *, *, #11858, .T.);
#11860 = EDGE_LOOP ('', (#11852, #11853, #11854, #11859));
#11861 = FACE_OUTER_BOUND ('', #11860, .T.);
#11862 = CARTESIAN_POINT ('', (-140.5, 134., 3.5));
#11863 = CARTESIAN_POINT ('', (-140.5, 131.5, 3.5));
#11864 = CARTESIAN_POINT ('', (-138., 131.5, 3.5));
#11865 = CARTESIAN_POINT ('', (-135.5, 131.5, 3.5));
#11866 = CARTESIAN_POINT ('', (-135.5, 134., 3.5));
#11867 = CARTESIAN_POINT ('', (-140.5, 134., 5.));
#11868 = CARTESIAN_POINT ('', (-140.5, 131.5, 5.));
#11869 = CARTESIAN_POINT ('', (-138., 131.5, 5.));
#11870 = CARTESIAN_POINT ('', (-135.5, 131.5, 5.));
#11871 = CARTESIAN_POINT ('', (-135.5, 134., 5.));
#11872 = (
   BOUNDED_SURFACE ()
   B_SPLINE_SURFACE (1, 2, ((#11862, #11863, #11864, #11865, #11866), (#11867, #11868, #11869, #11870, #11871)), .UNSPECIFIED., .F., .F., .U.)
   B_SPLINE_SURFACE_WITH_KNOTS ((2, 2), (3, 2, 3), (0., 1.), (335.433426901337, 335.683426901337, 335.933426901337), .UNSPECIFIED.)
   GEOMETRIC_REPRESENTATION_ITEM ()
   RATIONAL_B_SPLINE_SURFACE (((1., 0.707106781186548, 1., 0.707106781186548, 1.), (1., 0.707106781186548, 1., 0.707106781186548, 1.)))
   REPRESENTATION_ITEM ('')
   SURFACE ()
);
#11873 = ADVANCED_FACE ('', (#11861), #11872, .T.);
#11874 = ORIENTED_EDGE ('', *, *, #3262, .T.);
#11875 = ORIENTED_EDGE ('', *, *, #11858, .F.);
#11876 = ORIENTED_EDGE ('', *, *, #240, .F.);
#11877 = CARTESIAN_POINT ('', (-140.5, 137., 3.5));
#11878 = CARTESIAN_POINT ('', (-140.5, 137., 5.));
#11879 = B_SPLINE_CURVE_WITH_KNOTS ('', 1, (#11877, #11878), .UNSPECIFIED., .F., .U., (2, 2), (0., 1.), .UNSPECIFIED.);
#11880 = EDGE_CURVE ('', #229, #3258, #11879, .T.);
#11881 = ORIENTED_EDGE ('', *, *, #11880, .T.);
#11882 = EDGE_LOOP ('', (#11874, #11875, #11876, #11881));
#11883 = FACE_OUTER_BOUND ('', #11882, .T.);
#11884 = CARTESIAN_POINT ('', (-140.5, 137., 3.5));
#11885 = CARTESIAN_POINT ('', (-140.5, 134., 3.5));
#11886 = CARTESIAN_POINT ('', (-140.5, 137., 5.));
#11887 = CARTESIAN_POINT ('', (-140.5, 134., 5.));
#11888 = B_SPLINE_SURFACE_WITH_KNOTS ('', 1, 1, ((#11884, #11885), (#11886, #11887)), .UNSPECIFIED., .F., .F., .U., (2, 2), (2, 2), (0., 1.), (332.433426901337, 335.433426901337), .UNSPECIFIED.);
#11889 = ADVANCED_FACE ('', (#11883), #11888, .T.);
#11890 = ORIENTED_EDGE ('', *, *, #3269, .T.);
#11891 = ORIENTED_EDGE ('', *, *, #11880, .F.);
#11892 = ORIENTED_EDGE ('', *, *, #233, .F.);
#11893 = CARTESIAN_POINT ('', (-169., 137., 3.5));
#11894 = CARTESIAN_POINT ('', (-169., 137., 5.));
#11895 = B_SPLINE_CURVE_WITH_KNOTS ('', 1, (#11893, #11894), .UNSPECIFIED., .F., .U., (2, 2), (0., 1.), .UNSPECIFIED.);
#11896 = EDGE_CURVE ('', #221, #3265, #11895, .T.);
#11897 = ORIENTED_EDGE ('', *, *, #11896, .T.);
#11898 = EDGE_LOOP ('', (#11890, #11891, #11892, #11897));
#11899 = FACE_OUTER_BOUND ('', #11898, .T.);
#11900 = CARTESIAN_POINT ('', (-169., 137., 3.5));
#11901 = CARTESIAN_POINT ('', (-140.5, 137., 3.5));
#11902 = CARTESIAN_POINT ('', (-169., 137., 5.));
#11903 = CARTESIAN_POINT ('', (-140.5, 137., 5.));
#11904 = B_SPLINE_SURFACE_WITH_KNOTS ('', 1, 1, ((#11900, #11901), (#11902, #11903)), .UNSPECIFIED., .F., .F., .U., (2, 2), (2, 2), (0., 1.), (303.933426901337, 332.433426901337), .UNSPECIFIED.);
#11905 = ADVANCED_FACE ('', (#11899), #11904, .T.);
#11906 = ORIENTED_EDGE ('', *, *, #3277, .T.);
#11907 = ORIENTED_EDGE ('', *, *, #11896, .F.);
#11908 = ORIENTED_EDGE ('', *, *, #226, .F.);
#11909 = CARTESIAN_POINT ('', (-179., 127., 3.5));
#11910 = CARTESIAN_POINT ('', (-179., 127., 5.));
#11911 = B_SPLINE_CURVE_WITH_KNOTS ('', 1, (#11909, #11910), .UNSPECIFIED., .F., .U., (2, 2), (0., 1.), .UNSPECIFIED.);
#11912 = EDGE_CURVE ('', #214, #3272, #11911, .T.);
#11913 = ORIENTED_EDGE ('', *, *, #11912, .T.);
#11914 = EDGE_LOOP ('', (#11906, #11907, #11908, #11913));
#11915 = FACE_OUTER_BOUND ('', #11914, .T.);
#11916 = CARTESIAN_POINT ('', (-179., 127., 3.5));
#11917 = CARTESIAN_POINT ('', (-179., 137., 3.5));
#11918 = CARTESIAN_POINT ('', (-169., 137., 3.5));
#11919 = CARTESIAN_POINT ('', (-179., 127., 5.));
#11920 = CARTESIAN_POINT ('', (-179., 137., 5.));
#11921 = CARTESIAN_POINT ('', (-169., 137., 5.));
#11922 = (
   BOUNDED_SURFACE ()
   B_SPLINE_SURFACE (1, 2, ((#11916, #11917, #11918), (#11919, #11920, #11921)), .UNSPECIFIED., .F., .F., .U.)
   B_SPLINE_SURFACE_WITH_KNOTS ((2, 2), (3, 3), (0., 1.), (302.933426901337, 303.933426901337), .UNSPECIFIED.)
   GEOMETRIC_REPRESENTATION_ITEM ()
   RATIONAL_B_SPLINE_SURFACE (((1., 0.707106781186532, 1.), (1., 0.707106781186532, 1.)))
   REPRESENTATION_ITEM ('')
   SURFACE ()
);
#11923 = ADVANCED_FACE ('', (#11915), #11922, .T.);
#11924 = ORIENTED_EDGE ('', *, *, #3284, .T.);
#11925 = ORIENTED_EDGE ('', *, *, #11912, .F.);
#11926 = ORIENTED_EDGE ('', *, *, #218, .F.);
#11927 = CARTESIAN_POINT ('', (-179., 60.5000000000005, 3.5));
#11928 = CARTESIAN_POINT ('', (-179., 60.5000000000005, 5.));
#11929 = B_SPLINE_CURVE_WITH_KNOTS ('', 1, (#11927, #11928), .UNSPECIFIED., .F., .U., (2, 2), (0., 1.), .UNSPECIFIED.);
#11930 = EDGE_CURVE ('', #207, #3280, #11929, .T.);
#11931 = ORIENTED_EDGE ('', *, *, #11930, .T.);
#11932 = EDGE_LOOP ('', (#11924, #11925, #11926, #11931));
#11933 = FACE_OUTER_BOUND ('', #11932, .T.);
#11934 = CARTESIAN_POINT ('', (-179., 60.5000000000005, 3.5));
#11935 = CARTESIAN_POINT ('', (-179., 127., 3.5));
#11936 = CARTESIAN_POINT ('', (-179., 60.5000000000005, 5.));
#11937 = CARTESIAN_POINT ('', (-179., 127., 5.));
#11938 = B_SPLINE_SURFACE_WITH_KNOTS ('', 1, 1, ((#11934, #11935), (#11936, #11937)), .UNSPECIFIED., .F., .F., .U., (2, 2), (2, 2), (0., 1.), (236.433426901338, 302.933426901337), .UNSPECIFIED.);
#11939 = ADVANCED_FACE ('', (#11933), #11938, .T.);
#11940 = ORIENTED_EDGE ('', *, *, #3291, .T.);
#11941 = ORIENTED_EDGE ('', *, *, #11930, .F.);
#11942 = ORIENTED_EDGE ('', *, *, #211, .F.);
#11943 = CARTESIAN_POINT ('', (-175.999999999999, 60.5000000000005, 3.5));
#11944 = CARTESIAN_POINT ('', (-175.999999999999, 60.5000000000005, 5.));
#11945 = B_SPLINE_CURVE_WITH_KNOTS ('', 1, (#11943, #11944), .UNSPECIFIED., .F., .U., (2, 2), (0., 1.), .UNSPECIFIED.);
#11946 = EDGE_CURVE ('', #197, #3287, #11945, .T.);
#11947 = ORIENTED_EDGE ('', *, *, #11946, .T.);
#11948 = EDGE_LOOP ('', (#11940, #11941, #11942, #11947));
#11949 = FACE_OUTER_BOUND ('', #11948, .T.);
#11950 = CARTESIAN_POINT ('', (-175.999999999999, 60.5000000000005, 3.5));
#11951 = CARTESIAN_POINT ('', (-179., 60.5000000000004, 3.5));
#11952 = CARTESIAN_POINT ('', (-175.999999999999, 60.5000000000005, 5.));
#11953 = CARTESIAN_POINT ('', (-179., 60.5000000000004, 5.));
#11954 = B_SPLINE_SURFACE_WITH_KNOTS ('', 1, 1, ((#11950, #11951), (#11952, #11953)), .UNSPECIFIED., .F., .F., .U., (2, 2), (2, 2), (0., 1.), (233.433426901338, 236.433426901338), .UNSPECIFIED.);
#11955 = ADVANCED_FACE ('', (#11949), #11954, .T.);
#11956 = ORIENTED_EDGE ('', *, *, #3301, .T.);
#11957 = ORIENTED_EDGE ('', *, *, #11946, .F.);
#11958 = ORIENTED_EDGE ('', *, *, #204, .F.);
#11959 = CARTESIAN_POINT ('', (-175.999999999999, 55.5000000000006, 3.5));
#11960 = CARTESIAN_POINT ('', (-175.999999999999, 55.5000000000006, 5.));
#11961 = B_SPLINE_CURVE_WITH_KNOTS ('', 1, (#11959, #11960), .UNSPECIFIED., .F., .U., (2, 2), (0., 1.), .UNSPECIFIED.);
#11962 = EDGE_CURVE ('', #190, #3294, #11961, .T.);
#11963 = ORIENTED_EDGE ('', *, *, #11962, .T.);
#11964 = EDGE_LOOP ('', (#11956, #11957, #11958, #11963));
#11965 = FACE_OUTER_BOUND ('', #11964, .T.);
#11966 = CARTESIAN_POINT ('', (-175.999999999999, 55.5000000000006, 3.5));
#11967 = CARTESIAN_POINT ('', (-173.499999999999, 55.5000000000007, 3.5));
#11968 = CARTESIAN_POINT ('', (-173.499999999999, 58.0000000000006, 3.5));
#11969 = CARTESIAN_POINT ('', (-173.499999999999, 60.5000000000005, 3.5));
#11970 = CARTESIAN_POINT ('', (-175.999999999999, 60.5000000000005, 3.5));
#11971 = CARTESIAN_POINT ('', (-175.999999999999, 55.5000000000006, 5.));
#11972 = CARTESIAN_POINT ('', (-173.499999999999, 55.5000000000007, 5.));
#11973 = CARTESIAN_POINT ('', (-173.499999999999, 58.0000000000006, 5.));
#11974 = CARTESIAN_POINT ('', (-173.499999999999, 60.5000000000005, 5.));
#11975 = CARTESIAN_POINT ('', (-175.999999999999, 60.5000000000005, 5.));
#11976 = (
   BOUNDED_SURFACE ()
   B_SPLINE_SURFACE (1, 2, ((#11966, #11967, #11968, #11969, #11970), (#11971, #11972, #11973, #11974, #11975)), .UNSPECIFIED., .F., .F., .U.)
   B_SPLINE_SURFACE_WITH_KNOTS ((2, 2), (3, 2, 3), (0., 1.), (232.933426901338, 233.183426901338, 233.433426901338), .UNSPECIFIED.)
   GEOMETRIC_REPRESENTATION_ITEM ()
   RATIONAL_B_SPLINE_SURFACE (((1., 0.707106781186548, 1., 0.707106781186548, 1.), (1., 0.707106781186548, 1., 0.707106781186548, 1.)))
   REPRESENTATION_ITEM ('')
   SURFACE ()
);
#11977 = ADVANCED_FACE ('', (#11965), #11976, .T.);
#11978 = ORIENTED_EDGE ('', *, *, #3308, .T.);
#11979 = ORIENTED_EDGE ('', *, *, #11962, .F.);
#11980 = ORIENTED_EDGE ('', *, *, #194, .F.);
#11981 = CARTESIAN_POINT ('', (-179., 55.5000000000005, 3.5));
#11982 = CARTESIAN_POINT ('', (-179., 55.5000000000005, 5.));
#11983 = B_SPLINE_CURVE_WITH_KNOTS ('', 1, (#11981, #11982), .UNSPECIFIED., .F., .U., (2, 2), (0., 1.), .UNSPECIFIED.);
#11984 = EDGE_CURVE ('', #183, #3304, #11983, .T.);
#11985 = ORIENTED_EDGE ('', *, *, #11984, .T.);
#11986 = EDGE_LOOP ('', (#11978, #11979, #11980, #11985));
#11987 = FACE_OUTER_BOUND ('', #11986, .T.);
#11988 = CARTESIAN_POINT ('', (-179., 55.5000000000005, 3.5));
#11989 = CARTESIAN_POINT ('', (-175.999999999999, 55.5000000000006, 3.5));
#11990 = CARTESIAN_POINT ('', (-179., 55.5000000000005, 5.));
#11991 = CARTESIAN_POINT ('', (-175.999999999999, 55.5000000000006, 5.));
#11992 = B_SPLINE_SURFACE_WITH_KNOTS ('', 1, 1, ((#11988, #11989), (#11990, #11991)), .UNSPECIFIED., .F., .F., .U., (2, 2), (2, 2), (0., 1.), (229.933426901336, 232.933426901338), .UNSPECIFIED.);
#11993 = ADVANCED_FACE ('', (#11987), #11992, .T.);
#11994 = ORIENTED_EDGE ('', *, *, #3315, .T.);
#11995 = ORIENTED_EDGE ('', *, *, #11984, .F.);
#11996 = ORIENTED_EDGE ('', *, *, #187, .F.);
#11997 = CARTESIAN_POINT ('', (-179., 45.9999999999996, 3.5));
#11998 = CARTESIAN_POINT ('', (-179., 45.9999999999996, 5.));
#11999 = B_SPLINE_CURVE_WITH_KNOTS ('', 1, (#11997, #11998), .UNSPECIFIED., .F., .U., (2, 2), (0., 1.), .UNSPECIFIED.);
#12000 = EDGE_CURVE ('', #175, #3311, #11999, .T.);
#12001 = ORIENTED_EDGE ('', *, *, #12000, .T.);
#12002 = EDGE_LOOP ('', (#11994, #11995, #11996, #12001));
#12003 = FACE_OUTER_BOUND ('', #12002, .T.);
#12004 = CARTESIAN_POINT ('', (-179., 45.9999999999996, 3.5));
#12005 = CARTESIAN_POINT ('', (-179., 55.5000000000005, 3.5));
#12006 = CARTESIAN_POINT ('', (-179., 45.9999999999996, 5.));
#12007 = CARTESIAN_POINT ('', (-179., 55.5000000000005, 5.));
#12008 = B_SPLINE_SURFACE_WITH_KNOTS ('', 1, 1, ((#12004, #12005), (#12006, #12007)), .UNSPECIFIED., .F., .F., .U., (2, 2), (2, 2), (0., 1.), (220.433426901335, 229.933426901336), .UNSPECIFIED.);
#12009 = ADVANCED_FACE ('', (#12003), #12008, .T.);
#12010 = ORIENTED_EDGE ('', *, *, #3323, .T.);
#12011 = ORIENTED_EDGE ('', *, *, #12000, .F.);
#12012 = ORIENTED_EDGE ('', *, *, #180, .F.);
#12013 = CARTESIAN_POINT ('', (-169., 35.9999999999998, 3.5));
#12014 = CARTESIAN_POINT ('', (-169., 35.9999999999998, 5.));
#12015 = B_SPLINE_CURVE_WITH_KNOTS ('', 1, (#12013, #12014), .UNSPECIFIED., .F., .U., (2, 2), (0., 1.), .UNSPECIFIED.);
#12016 = EDGE_CURVE ('', #168, #3318, #12015, .T.);
#12017 = ORIENTED_EDGE ('', *, *, #12016, .T.);
#12018 = EDGE_LOOP ('', (#12010, #12011, #12012, #12017));
#12019 = FACE_OUTER_BOUND ('', #12018, .T.);
#12020 = CARTESIAN_POINT ('', (-169., 35.9999999999998, 3.5));
#12021 = CARTESIAN_POINT ('', (-179., 35.9999999999998, 3.5));
#12022 = CARTESIAN_POINT ('', (-179., 45.9999999999996, 3.5));
#12023 = CARTESIAN_POINT ('', (-169., 35.9999999999998, 5.));
#12024 = CARTESIAN_POINT ('', (-179., 35.9999999999998, 5.));
#12025 = CARTESIAN_POINT ('', (-179., 45.9999999999996, 5.));
#12026 = (
   BOUNDED_SURFACE ()
   B_SPLINE_SURFACE (1, 2, ((#12020, #12021, #12022), (#12023, #12024, #12025)), .UNSPECIFIED., .F., .F., .U.)
   B_SPLINE_SURFACE_WITH_KNOTS ((2, 2), (3, 3), (0., 1.), (219.433426901335, 220.433426901335), .UNSPECIFIED.)
   GEOMETRIC_REPRESENTATION_ITEM ()
   RATIONAL_B_SPLINE_SURFACE (((1., 0.707106781186564, 1.), (1., 0.707106781186564, 1.)))
   REPRESENTATION_ITEM ('')
   SURFACE ()
);
#12027 = ADVANCED_FACE ('', (#12019), #12026, .T.);
#12028 = ORIENTED_EDGE ('', *, *, #3330, .T.);
#12029 = ORIENTED_EDGE ('', *, *, #12016, .F.);
#12030 = ORIENTED_EDGE ('', *, *, #172, .F.);
#12031 = CARTESIAN_POINT ('', (-95.25, 36., 3.5));
#12032 = CARTESIAN_POINT ('', (-95.25, 36., 5.));
#12033 = B_SPLINE_CURVE_WITH_KNOTS ('', 1, (#12031, #12032), .UNSPECIFIED., .F., .U., (2, 2), (0., 1.), .UNSPECIFIED.);
#12034 = EDGE_CURVE ('', #161, #3326, #12033, .T.);
#12035 = ORIENTED_EDGE ('', *, *, #12034, .T.);
#12036 = EDGE_LOOP ('', (#12028, #12029, #12030, #12035));
#12037 = FACE_OUTER_BOUND ('', #12036, .T.);
#12038 = CARTESIAN_POINT ('', (-95.25, 36., 3.5));
#12039 = CARTESIAN_POINT ('', (-169., 35.9999999999998, 3.5));
#12040 = CARTESIAN_POINT ('', (-95.25, 36., 5.));
#12041 = CARTESIAN_POINT ('', (-169., 35.9999999999998, 5.));
#12042 = B_SPLINE_SURFACE_WITH_KNOTS ('', 1, 1, ((#12038, #12039), (#12040, #12041)), .UNSPECIFIED., .F., .F., .U., (2, 2), (2, 2), (0., 1.), (145.683426901335, 219.433426901335), .UNSPECIFIED.);
#12043 = ADVANCED_FACE ('', (#12037), #12042, .T.);
#12044 = ORIENTED_EDGE ('', *, *, #3337, .T.);
#12045 = ORIENTED_EDGE ('', *, *, #12034, .F.);
#12046 = ORIENTED_EDGE ('', *, *, #165, .F.);
#12047 = CARTESIAN_POINT ('', (-92.9179225497028, 36.0000000000001, 3.5));
#12048 = CARTESIAN_POINT ('', (-92.9179225497028, 36.0000000000001, 5.));
#12049 = B_SPLINE_CURVE_WITH_KNOTS ('', 1, (#12047, #12048), .UNSPECIFIED., .F., .U., (2, 2), (0., 1.), .UNSPECIFIED.);
#12050 = EDGE_CURVE ('', #153, #3333, #12049, .T.);
#12051 = ORIENTED_EDGE ('', *, *, #12050, .T.);
#12052 = EDGE_LOOP ('', (#12044, #12045, #12046, #12051));
#12053 = FACE_OUTER_BOUND ('', #12052, .T.);
#12054 = CARTESIAN_POINT ('', (-92.9179225497028, 36.0000000000001, 3.5));
#12055 = CARTESIAN_POINT ('', (-95.25, 36., 3.5));
#12056 = CARTESIAN_POINT ('', (-92.9179225497028, 36.0000000000001, 5.));
#12057 = CARTESIAN_POINT ('', (-95.25, 36., 5.));
#12058 = B_SPLINE_SURFACE_WITH_KNOTS ('', 1, 1, ((#12054, #12055), (#12056, #12057)), .UNSPECIFIED., .F., .F., .U., (2, 2), (2, 2), (0., 1.), (143.333151090944, 145.683426901335), .UNSPECIFIED.);
#12059 = ADVANCED_FACE ('', (#12053), #12058, .T.);
#12060 = ORIENTED_EDGE ('', *, *, #3345, .T.);
#12061 = ORIENTED_EDGE ('', *, *, #12050, .F.);
#12062 = ORIENTED_EDGE ('', *, *, #158, .F.);
#12063 = CARTESIAN_POINT ('', (-86.2666650909628, 35.6690390977518, 3.5));
#12064 = CARTESIAN_POINT ('', (-86.2666650909628, 35.6690390977518, 5.));
#12065 = B_SPLINE_CURVE_WITH_KNOTS ('', 1, (#12063, #12064), .UNSPECIFIED., .F., .U., (2, 2), (0., 1.), .UNSPECIFIED.);
#12066 = EDGE_CURVE ('', #146, #3340, #12065, .T.);
#12067 = ORIENTED_EDGE ('', *, *, #12066, .T.);
#12068 = EDGE_LOOP ('', (#12060, #12061, #12062, #12067));
#12069 = FACE_OUTER_BOUND ('', #12068, .T.);
#12070 = CARTESIAN_POINT ('', (-86.2666650909628, 35.6690390977518, 3.5));
#12071 = CARTESIAN_POINT ('', (-89.5840596541247, 36.0000000000001, 3.5));
#12072 = CARTESIAN_POINT ('', (-92.9179225497028, 36.0000000000001, 3.5));
#12073 = CARTESIAN_POINT ('', (-86.2666650909628, 35.6690390977518, 5.));
#12074 = CARTESIAN_POINT ('', (-89.5840596541247, 36.0000000000001, 5.));
#12075 = CARTESIAN_POINT ('', (-92.9179225497028, 36.0000000000001, 5.));
#12076 = (
   BOUNDED_SURFACE ()
   B_SPLINE_SURFACE (1, 2, ((#12070, #12071, #12072), (#12073, #12074, #12075)), .UNSPECIFIED., .F., .F., .U.)
   B_SPLINE_SURFACE_WITH_KNOTS ((2, 2), (3, 3), (0., 1.), (142.953170716342, 143.333151090944), .UNSPECIFIED.)
   GEOMETRIC_REPRESENTATION_ITEM ()
   RATIONAL_B_SPLINE_SURFACE (((0.995968899276969, 0.996749215220045, 1.), (0.995968899276969, 0.996749215220045, 1.)))
   REPRESENTATION_ITEM ('')
   SURFACE ()
);
#12077 = ADVANCED_FACE ('', (#12069), #12076, .T.);
#12078 = ORIENTED_EDGE ('', *, *, #3352, .T.);
#12079 = ORIENTED_EDGE ('', *, *, #12066, .F.);
#12080 = ORIENTED_EDGE ('', *, *, #150, .F.);
#12081 = CARTESIAN_POINT ('', (-86.2666650909631, 38.3992398151732, 3.5));
#12082 = CARTESIAN_POINT ('', (-86.2666650909631, 38.3992398151732, 5.));
#12083 = B_SPLINE_CURVE_WITH_KNOTS ('', 1, (#12081, #12082), .UNSPECIFIED., .F., .U., (2, 2), (0., 1.), .UNSPECIFIED.);
#12084 = EDGE_CURVE ('', #136, #3348, #12083, .T.);
#12085 = ORIENTED_EDGE ('', *, *, #12084, .T.);
#12086 = EDGE_LOOP ('', (#12078, #12079, #12080, #12085));
#12087 = FACE_OUTER_BOUND ('', #12086, .T.);
#12088 = CARTESIAN_POINT ('', (-86.2666650909631, 38.3992398151732, 3.5));
#12089 = CARTESIAN_POINT ('', (-86.2666650909628, 35.6690390977518, 3.5));
#12090 = CARTESIAN_POINT ('', (-86.2666650909631, 38.3992398151732, 5.));
#12091 = CARTESIAN_POINT ('', (-86.2666650909628, 35.6690390977518, 5.));
#12092 = B_SPLINE_SURFACE_WITH_KNOTS ('', 1, 1, ((#12088, #12089), (#12090, #12091)), .UNSPECIFIED., .F., .F., .U., (2, 2), (2, 2), (0., 1.), (140.22296999892, 142.953170716342), .UNSPECIFIED.);
#12093 = ADVANCED_FACE ('', (#12087), #12092, .T.);
#12094 = ORIENTED_EDGE ('', *, *, #3362, .T.);
#12095 = ORIENTED_EDGE ('', *, *, #12084, .F.);
#12096 = ORIENTED_EDGE ('', *, *, #143, .F.);
#12097 = CARTESIAN_POINT ('', (-81.2666650909632, 38.3992398151732, 3.5));
#12098 = CARTESIAN_POINT ('', (-81.2666650909632, 38.3992398151732, 5.));
#12099 = B_SPLINE_CURVE_WITH_KNOTS ('', 1, (#12097, #12098), .UNSPECIFIED., .F., .U., (2, 2), (0., 1.), .UNSPECIFIED.);
#12100 = EDGE_CURVE ('', #129, #3355, #12099, .T.);
#12101 = ORIENTED_EDGE ('', *, *, #12100, .T.);
#12102 = EDGE_LOOP ('', (#12094, #12095, #12096, #12101));
#12103 = FACE_OUTER_BOUND ('', #12102, .T.);
#12104 = CARTESIAN_POINT ('', (-81.2666650909632, 38.3992398151732, 3.5));
#12105 = CARTESIAN_POINT ('', (-81.2666650909632, 40.8992398151731, 3.5));
#12106 = CARTESIAN_POINT ('', (-83.7666650909631, 40.8992398151731, 3.5));
#12107 = CARTESIAN_POINT ('', (-86.2666650909631, 40.8992398151731, 3.5));
#12108 = CARTESIAN_POINT ('', (-86.2666650909631, 38.3992398151732, 3.5));
#12109 = CARTESIAN_POINT ('', (-81.2666650909632, 38.3992398151732, 5.));
#12110 = CARTESIAN_POINT ('', (-81.2666650909632, 40.8992398151731, 5.));
#12111 = CARTESIAN_POINT ('', (-83.7666650909631, 40.8992398151731, 5.));
#12112 = CARTESIAN_POINT ('', (-86.2666650909631, 40.8992398151731, 5.));
#12113 = CARTESIAN_POINT ('', (-86.2666650909631, 38.3992398151732, 5.));
#12114 = (
   BOUNDED_SURFACE ()
   B_SPLINE_SURFACE (1, 2, ((#12104, #12105, #12106, #12107, #12108), (#12109, #12110, #12111, #12112, #12113)), .UNSPECIFIED., .F., .F., .U.)
   B_SPLINE_SURFACE_WITH_KNOTS ((2, 2), (3, 2, 3), (0., 1.), (139.72296999892, 139.97296999892, 140.22296999892), .UNSPECIFIED.)
   GEOMETRIC_REPRESENTATION_ITEM ()
   RATIONAL_B_SPLINE_SURFACE (((1., 0.707106781186548, 1., 0.707106781186548, 1.), (1., 0.707106781186548, 1., 0.707106781186548, 1.)))
   REPRESENTATION_ITEM ('')
   SURFACE ()
);
#12115 = ADVANCED_FACE ('', (#12103), #12114, .T.);
#12116 = ORIENTED_EDGE ('', *, *, #3369, .T.);
#12117 = ORIENTED_EDGE ('', *, *, #12100, .F.);
#12118 = ORIENTED_EDGE ('', *, *, #133, .F.);
#12119 = CARTESIAN_POINT ('', (-81.2666650909629, 34.9791497340649, 3.5));
#12120 = CARTESIAN_POINT ('', (-81.2666650909629, 34.9791497340649, 5.));
#12121 = B_SPLINE_CURVE_WITH_KNOTS ('', 1, (#12119, #12120), .UNSPECIFIED., .F., .U., (2, 2), (0., 1.), .UNSPECIFIED.);
#12122 = EDGE_CURVE ('', #121, #3365, #12121, .T.);
#12123 = ORIENTED_EDGE ('', *, *, #12122, .T.);
#12124 = EDGE_LOOP ('', (#12116, #12117, #12118, #12123));
#12125 = FACE_OUTER_BOUND ('', #12124, .T.);
#12126 = CARTESIAN_POINT ('', (-81.2666650909629, 34.9791497340649, 3.5));
#12127 = CARTESIAN_POINT ('', (-81.2666650909632, 38.3992398151732, 3.5));
#12128 = CARTESIAN_POINT ('', (-81.2666650909629, 34.9791497340649, 5.));
#12129 = CARTESIAN_POINT ('', (-81.2666650909632, 38.3992398151732, 5.));
#12130 = B_SPLINE_SURFACE_WITH_KNOTS ('', 1, 1, ((#12126, #12127), (#12128, #12129)), .UNSPECIFIED., .F., .F., .U., (2, 2), (2, 2), (0., 1.), (136.302879917812, 139.72296999892), .UNSPECIFIED.);
#12131 = ADVANCED_FACE ('', (#12125), #12130, .T.);
#12132 = ORIENTED_EDGE ('', *, *, #3377, .T.);
#12133 = ORIENTED_EDGE ('', *, *, #12122, .F.);
#12134 = ORIENTED_EDGE ('', *, *, #126, .F.);
#12135 = CARTESIAN_POINT ('', (-75.5770465278339, 33.7170303613676, 3.5));
#12136 = CARTESIAN_POINT ('', (-75.5770465278339, 33.7170303613676, 5.));
#12137 = B_SPLINE_CURVE_WITH_KNOTS ('', 1, (#12135, #12136), .UNSPECIFIED., .F., .U., (2, 2), (0., 1.), .UNSPECIFIED.);
#12138 = EDGE_CURVE ('', #114, #3372, #12137, .T.);
#12139 = ORIENTED_EDGE ('', *, *, #12138, .T.);
#12140 = EDGE_LOOP ('', (#12132, #12133, #12134, #12139));
#12141 = FACE_OUTER_BOUND ('', #12140, .T.);
#12142 = CARTESIAN_POINT ('', (-75.5770465278339, 33.7170303613676, 3.5));
#12143 = CARTESIAN_POINT ('', (-78.3943837830296, 34.4719336037034, 3.5));
#12144 = CARTESIAN_POINT ('', (-81.2666650909629, 34.9791497340649, 3.5));
#12145 = CARTESIAN_POINT ('', (-75.5770465278339, 33.7170303613676, 5.));
#12146 = CARTESIAN_POINT ('', (-78.3943837830296, 34.4719336037034, 5.));
#12147 = CARTESIAN_POINT ('', (-81.2666650909629, 34.9791497340649, 5.));
#12148 = (
   BOUNDED_SURFACE ()
   B_SPLINE_SURFACE (1, 2, ((#12142, #12143, #12144), (#12145, #12146, #12147)), .UNSPECIFIED., .F., .F., .U.)
   B_SPLINE_SURFACE_WITH_KNOTS ((2, 2), (3, 3), (0., 1.), (135.970308306588, 136.302879917812), .UNSPECIFIED.)
   GEOMETRIC_REPRESENTATION_ITEM ()
   RATIONAL_B_SPLINE_SURFACE (((1., 0.997154803762839, 0.996202070519363), (1., 0.997154803762839, 0.996202070519363)))
   REPRESENTATION_ITEM ('')
   SURFACE ()
);
#12149 = ADVANCED_FACE ('', (#12141), #12148, .T.);
#12150 = ORIENTED_EDGE ('', *, *, #3384, .T.);
#12151 = ORIENTED_EDGE ('', *, *, #12138, .F.);
#12152 = ORIENTED_EDGE ('', *, *, #118, .F.);
#12153 = CARTESIAN_POINT ('', (-74.9376846609043, 33.5457138654525, 3.5));
#12154 = CARTESIAN_POINT ('', (-74.9376846609043, 33.5457138654525, 5.));
#12155 = B_SPLINE_CURVE_WITH_KNOTS ('', 1, (#12153, #12154), .UNSPECIFIED., .F., .U., (2, 2), (0., 1.), .UNSPECIFIED.);
#12156 = EDGE_CURVE ('', #106, #3380, #12155, .T.);
#12157 = ORIENTED_EDGE ('', *, *, #12156, .T.);
#12158 = EDGE_LOOP ('', (#12150, #12151, #12152, #12157));
#12159 = FACE_OUTER_BOUND ('', #12158, .T.);
#12160 = CARTESIAN_POINT ('', (-74.9376846609043, 33.5457138654525, 3.5));
#12161 = CARTESIAN_POINT ('', (-75.577046527834, 33.7170303613676, 3.5));
#12162 = CARTESIAN_POINT ('', (-74.9376846609043, 33.5457138654525, 5.));
#12163 = CARTESIAN_POINT ('', (-75.577046527834, 33.7170303613676, 5.));
#12164 = B_SPLINE_SURFACE_WITH_KNOTS ('', 1, 1, ((#12160, #12161), (#12162, #12163)), .UNSPECIFIED., .F., .F., .U., (2, 2), (2, 2), (0., 1.), (135.311625487868, 135.970308306588), .UNSPECIFIED.);
#12165 = ADVANCED_FACE ('', (#12159), #12164, .T.);
#12166 = ORIENTED_EDGE ('', *, *, #3390, .T.);
#12167 = ORIENTED_EDGE ('', *, *, #12156, .F.);
#12168 = ORIENTED_EDGE ('', *, *, #111, .F.);
#12169 = ORIENTED_EDGE ('', *, *, #11518, .T.);
#12170 = EDGE_LOOP ('', (#12166, #12167, #12168, #12169));
#12171 = FACE_OUTER_BOUND ('', #12170, .T.);
#12172 = CARTESIAN_POINT ('', (-58.7785606827727, 26.8523855576423, 3.5));
#12173 = CARTESIAN_POINT ('', (-66.4175259773906, 31.2627442268202, 3.5));
#12174 = CARTESIAN_POINT ('', (-74.9376846609043, 33.5457138654525, 3.5));
#12175 = CARTESIAN_POINT ('', (-58.7785606827727, 26.8523855576423, 5.));
#12176 = CARTESIAN_POINT ('', (-66.4175259773906, 31.2627442268202, 5.));
#12177 = CARTESIAN_POINT ('', (-74.9376846609043, 33.5457138654525, 5.));
#12178 = (
   BOUNDED_SURFACE ()
   B_SPLINE_SURFACE (1, 2, ((#12172, #12173, #12174), (#12175, #12176, #12177)), .UNSPECIFIED., .F., .F., .U.)
   B_SPLINE_SURFACE_WITH_KNOTS ((2, 2), (3, 3), (0., 1.), (134.311625487868, 135.311625487868), .UNSPECIFIED.)
   GEOMETRIC_REPRESENTATION_ITEM ()
   RATIONAL_B_SPLINE_SURFACE (((1., 0.991444861373808, 1.), (1., 0.991444861373808, 1.)))
   REPRESENTATION_ITEM ('')
   SURFACE ()
);
#12179 = ADVANCED_FACE ('', (#12171), #12178, .T.);
#12180 = CLOSED_SHELL ('', (#3067, #3095, #6059, #6081, #6097, #6119, #6135, #6153, #6173, #6191, #6207, #6225, #6241, #6259, #6275, #6289, #6309, #6327, #6343, #6361, #6377, #6395, #6411, #6425, #6445, #6463, #6479, #6497, #6513, #6531, #6547, #6561, #6581, #6599, #6615, #6633, #6649, #6667, #6683, #6697, #6717, #6735, #6751, #6769, #6785, #6803, #6819, #6833, #6853, #6871, #6887, #6905, #6921, #6939, #6955, #6969, #6989, #7007, #7023, #7041, #7057, #7075, #7091, #7105, #7125, #7143, #7159, #7177, #7193, #7211, #7227, #7241, #7261, #7279, #7295, #7313, #7329, #7347, #7363, #7377, #7397, #7415, #7431, #7449, #7465, #7483, #7499, #7513, #7533, #7551, #7567, #7585, #7601, #7619, #7635, #7649, #7669, #7687, #7703, #7721, #7737, #7755, #7771, #7785, #7805, #7823, #7839, #7857, #7873, #7891, #7907, #7921, #7941, #7959, #7975, #7993, #8009, #8025, #8043, #8059, #8077, #8093, #8109, #8125, #8143, #8159, #8177, #8193, #8209, #8227, #8243, #8257, #8277, #8295, #8311, #8329, #8345, #8363, #8379, #8393, #8413, #8431, #8447, #8465, #8481, #8499, #8515, #8529, #8549, #8567, #8583, #8601, #8617, #8635, #8651, #8665, #8685, #8703, #8719, #8737, #8753, #8771, #8787, #8801, #8821, #8839, #8855, #8873, #8889, #8907, #8923, #8937, #8957, #8975, #8991, #9009, #9025, #9043, #9059, #9073, #9093, #9111, #9127, #9145, #9161, #9179, #9195, #9209, #9229, #9247, #9263, #9281, #9297, #9315, #9331, #9345, #9365, #9383, #9399, #9417, #9433, #9451, #9467, #9481, #9503, #9519, #9537, #9553, #9569, #9585, #9603, #9619, #9637, #9653, #9669, #9687, #9703, #9721, #9737, #9755, #9771, #9789, #9805, #9817, #9837, #9855, #9871, #9889, #9905, #9923, #9939, #9953, #9973, #9991, #10007, #10025, #10041, #10059, #10075, #10089, #10109, #10127, #10143, #10161, #10177, #10195, #10211, #10225, #10245, #10263, #10279, #10297, #10313, #10331, #10347, #10361, #10381, #10399, #10415, #10433, #10449, #10467, #10483, #10497, #10517, #10535, #10551, #10569, #10585, #10603, #10619, #10633, #10653, #10671, #10687, #10705, #10721, #10739, #10755, #10769, #10789, #10807, #10823, #10841, #10857, #10875, #10891, #10905, #10925, #10943, #10959, #10977, #10993, #11011, #11027, #11041, #11061, #11079, #11095, #11113, #11129, #11147, #11163, #11177, #11197, #11215, #11231, #11249, #11265, #11283, #11299, #11313, #11333, #11351, #11367, #11385, #11401, #11419, #11435, #11449, #11469, #11485, #11501, #11513, #11533, #11551, #11567, #11585, #11601, #11619, #11635, #11657, #11673, #11689, #11707, #11727, #11743, #11765, #11781, #11819, #11835, #11851, #11873, #11889, #11905, #11923, #11939, #11955, #11977, #11993, #12009, #12027, #12043, #12059, #12077, #12093, #12115, #12131, #12149, #12165, #12179));
#12181 = MANIFOLD_SOLID_BREP ('', #12180);
#12182 = PRESENTATION_LAYER_ASSIGNMENT ('Level 3', 'Level 3', (#12181));
#12183 = COLOUR_RGB ('', 1., 0.498039215686275, 0.);
#12184 = FILL_AREA_STYLE_COLOUR ('', #12183);
#12185 = FILL_AREA_STYLE ('', (#12184));
#12186 = SURFACE_STYLE_FILL_AREA (#12185);
#12187 = SURFACE_SIDE_STYLE ('', (#12186));
#12188 = SURFACE_STYLE_USAGE (.POSITIVE., #12187);
#12189 = PRESENTATION_STYLE_ASSIGNMENT ((#12188));
#12190 = STYLED_ITEM ('', (#12189), #12181);
#12191 = (
   LENGTH_UNIT ()
   NAMED_UNIT (*)
   SI_UNIT ($, .METRE.)
);
#12192 = (
   NAMED_UNIT (*)
   SI_UNIT ($, .STERADIAN.)
   SOLID_ANGLE_UNIT ()
);
#12193 = (
   NAMED_UNIT (*)
   PLANE_ANGLE_UNIT ()
   SI_UNIT ($, .RADIAN.)
);
#12194 = UNCERTAINTY_MEASURE_WITH_UNIT (LENGTH_MEASURE(0.001), #12191, 'DISTANCE_ACCURACY_VALUE', '');
#12195 = (
   GEOMETRIC_REPRESENTATION_CONTEXT (3)
   GLOBAL_UNCERTAINTY_ASSIGNED_CONTEXT ((#12194))
   GLOBAL_UNIT_ASSIGNED_CONTEXT ((#12191, #12192, #12193))
   REPRESENTATION_CONTEXT ('', '3D')
);
#12196 = SHAPE_REPRESENTATION ('', (#12324), #12195);
#12197 = APPLICATION_CONTEXT ('configuration controlled 3D designs of mechanical parts and assemblies');
#12198 = APPLICATION_PROTOCOL_DEFINITION ('International Standard', 'config_control_design', 1997, #12197);
#12199 = MECHANICAL_CONTEXT ('', #12197, 'mechanical');
#12200 = PRODUCT ('', '', '', (#12199));
#12201 = PERSON_AND_ORGANIZATION_ROLE ('design_owner');
#12202 = PERSON ('#12202', '', $, $, $, $);
#12203 = ORGANIZATION ($, '', '');
#12204 = PERSON_AND_ORGANIZATION (#12202, #12203);
#12205 = CC_DESIGN_PERSON_AND_ORGANIZATION_ASSIGNMENT (#12204, #12201, (#12200));
#12206 = PRODUCT_RELATED_PRODUCT_CATEGORY ('detail', $, (#12200));
#12207 = PRODUCT_DEFINITION_FORMATION_WITH_SPECIFIED_SOURCE ('', '', #12200, .NOT_KNOWN.);
#12208 = APPROVAL_STATUS ('approved');
#12209 = APPROVAL (#12208, '');
#12210 = CALENDAR_DATE (2026, 1, 10);
#12211 = COORDINATED_UNIVERSAL_TIME_OFFSET (0, $, .AHEAD.);
#12212 = LOCAL_TIME (4, 18, 56., #12211);
#12213 = DATE_AND_TIME (#12210, #12212);
#12214 = APPROVAL_DATE_TIME (#12213, #12209);
#12215 = APPROVAL_ROLE ('');
#12216 = PERSON ('#12216', '', $, $, $, $);
#12217 = ORGANIZATION ($, '', '');
#12218 = PERSON_AND_ORGANIZATION (#12216, #12217);
#12219 = APPROVAL_PERSON_ORGANIZATION (#12218, #12209, #12215);
#12220 = CC_DESIGN_APPROVAL (#12209, (#12207));
#12221 = PERSON_AND_ORGANIZATION_ROLE ('creator');
#12222 = PERSON ('#12222', '', $, $, $, $);
#12223 = ORGANIZATION ($, '', '');
#12224 = PERSON_AND_ORGANIZATION (#12222, #12223);
#12225 = CC_DESIGN_PERSON_AND_ORGANIZATION_ASSIGNMENT (#12224, #12221, (#12207));
#12226 = PERSON_AND_ORGANIZATION_ROLE ('part_supplier');
#12227 = PERSON ('#12227', '', $, $, $, $);
#12228 = ORGANIZATION ($, '', '');
#12229 = PERSON_AND_ORGANIZATION (#12227, #12228);
#12230 = CC_DESIGN_PERSON_AND_ORGANIZATION_ASSIGNMENT (#12229, #12226, (#12207));
#12231 = SECURITY_CLASSIFICATION_LEVEL ('unclassified');
#12232 = SECURITY_CLASSIFICATION ('', '', #12231);
#12233 = APPROVAL_STATUS ('approved');
#12234 = APPROVAL (#12233, '');
#12235 = CALENDAR_DATE (2026, 1, 10);
#12236 = COORDINATED_UNIVERSAL_TIME_OFFSET (0, $, .AHEAD.);
#12237 = LOCAL_TIME (4, 18, 56., #12236);
#12238 = DATE_AND_TIME (#12235, #12237);
#12239 = APPROVAL_DATE_TIME (#12238, #12234);
#12240 = APPROVAL_ROLE ('');
#12241 = PERSON ('#12241', '', $, $, $, $);
#12242 = ORGANIZATION ($, '', '');
#12243 = PERSON_AND_ORGANIZATION (#12241, #12242);
#12244 = APPROVAL_PERSON_ORGANIZATION (#12243, #12234, #12240);
#12245 = CC_DESIGN_APPROVAL (#12234, (#12232));
#12246 = DATE_TIME_ROLE ('classification_date');
#12247 = CALENDAR_DATE (2026, 1, 10);
#12248 = COORDINATED_UNIVERSAL_TIME_OFFSET (0, $, .AHEAD.);
#12249 = LOCAL_TIME (4, 18, 56., #12248);
#12250 = DATE_AND_TIME (#12247, #12249);
#12251 = CC_DESIGN_DATE_AND_TIME_ASSIGNMENT (#12250, #12246, (#12232));
#12252 = PERSON_AND_ORGANIZATION_ROLE ('classification_officer');
#12253 = PERSON ('#12253', '', $, $, $, $);
#12254 = ORGANIZATION ($, '', '');
#12255 = PERSON_AND_ORGANIZATION (#12253, #12254);
#12256 = CC_DESIGN_PERSON_AND_ORGANIZATION_ASSIGNMENT (#12255, #12252, (#12232));
#12257 = CC_DESIGN_SECURITY_CLASSIFICATION (#12232, (#12207));
#12258 = DESIGN_CONTEXT ('', #12197, 'design');
#12259 = APPROVAL_STATUS ('approved');
#12260 = APPROVAL (#12259, '');
#12261 = CALENDAR_DATE (2026, 1, 10);
#12262 = COORDINATED_UNIVERSAL_TIME_OFFSET (0, $, .AHEAD.);
#12263 = LOCAL_TIME (4, 18, 56., #12262);
#12264 = DATE_AND_TIME (#12261, #12263);
#12265 = APPROVAL_DATE_TIME (#12264, #12260);
#12266 = APPROVAL_ROLE ('');
#12267 = PERSON ('#12267', '', $, $, $, $);
#12268 = ORGANIZATION ($, '', '');
#12269 = PERSON_AND_ORGANIZATION (#12267, #12268);
#12270 = APPROVAL_PERSON_ORGANIZATION (#12269, #12260, #12266);
#12271 = CC_DESIGN_APPROVAL (#12260, (*));
#12272 = DATE_TIME_ROLE ('creation_date');
#12273 = CALENDAR_DATE (2026, 1, 10);
#12274 = COORDINATED_UNIVERSAL_TIME_OFFSET (0, $, .AHEAD.);
#12275 = LOCAL_TIME (4, 18, 56., #12274);
#12276 = DATE_AND_TIME (#12273, #12275);
#12277 = CC_DESIGN_DATE_AND_TIME_ASSIGNMENT (#12276, #12272, (*));
#12278 = PERSON_AND_ORGANIZATION_ROLE ('creator');
#12279 = PERSON ('#12279', '', $, $, $, $);
#12280 = ORGANIZATION ($, '', '');
#12281 = PERSON_AND_ORGANIZATION (#12279, #12280);
#12282 = CC_DESIGN_PERSON_AND_ORGANIZATION_ASSIGNMENT (#12281, #12278, (*));
#12283 = PRODUCT_DEFINITION ('', '', #12207, #12258);
#12284 = PRODUCT_DEFINITION_SHAPE ('', '', #12283);
#12285 = SHAPE_DEFINITION_REPRESENTATION (#12284, #12196);
#12286 = SHAPE_REPRESENTATION_RELATIONSHIP ('', '', #12196, #12287);
#12287 = ADVANCED_BREP_SHAPE_REPRESENTATION ('', (#12181), #12195);
#12288 = NEXT_ASSEMBLY_USAGE_OCCURRENCE ('#12288', '', '', #93, #12283, $);
#12289 = SECURITY_CLASSIFICATION_LEVEL ('unclassified');
#12290 = SECURITY_CLASSIFICATION ('', '', #12289);
#12291 = APPROVAL_STATUS ('approved');
#12292 = APPROVAL (#12291, '');
#12293 = CALENDAR_DATE (2026, 1, 10);
#12294 = COORDINATED_UNIVERSAL_TIME_OFFSET (0, $, .AHEAD.);
#12295 = LOCAL_TIME (4, 18, 56., #12294);
#12296 = DATE_AND_TIME (#12293, #12295);
#12297 = APPROVAL_DATE_TIME (#12296, #12292);
#12298 = APPROVAL_ROLE ('');
#12299 = PERSON ('#12299', '', $, $, $, $);
#12300 = ORGANIZATION ($, '', '');
#12301 = PERSON_AND_ORGANIZATION (#12299, #12300);
#12302 = APPROVAL_PERSON_ORGANIZATION (#12301, #12292, #12298);
#12303 = CC_DESIGN_APPROVAL (#12292, (#12290));
#12304 = DATE_TIME_ROLE ('classification_date');
#12305 = CALENDAR_DATE (2026, 1, 10);
#12306 = COORDINATED_UNIVERSAL_TIME_OFFSET (0, $, .AHEAD.);
#12307 = LOCAL_TIME (4, 18, 56., #12306);
#12308 = DATE_AND_TIME (#12305, #12307);
#12309 = CC_DESIGN_DATE_AND_TIME_ASSIGNMENT (#12308, #12304, (#12290));
#12310 = PERSON_AND_ORGANIZATION_ROLE ('classification_officer');
#12311 = PERSON ('#12311', '', $, $, $, $);
#12312 = ORGANIZATION ($, '', '');
#12313 = PERSON_AND_ORGANIZATION (#12311, #12312);
#12314 = CC_DESIGN_PERSON_AND_ORGANIZATION_ASSIGNMENT (#12313, #12310, (#12290));
#12315 = CC_DESIGN_SECURITY_CLASSIFICATION (#12290, (#12288));
#12316 = PRODUCT_DEFINITION_SHAPE ('', '', #12288);
#12317 = CARTESIAN_POINT ('', (0., 0., 0.));
#12318 = DIRECTION ('', (0., 0., 1.));
#12319 = DIRECTION ('', (1., 0., 0.));
#12320 = AXIS2_PLACEMENT_3D ('', #12317, #12318, #12319);
#12321 = CARTESIAN_POINT ('', (0., 0., 0.));
#12322 = DIRECTION ('', (0., 0., 1.));
#12323 = DIRECTION ('', (1., 0., 0.));
#12324 = AXIS2_PLACEMENT_3D ('', #12321, #12322, #12323);
#12325 = ITEM_DEFINED_TRANSFORMATION ('', '', #12320, #12324);
#12326 = (
   REPRESENTATION_RELATIONSHIP ('', '', #6, #12196)
   REPRESENTATION_RELATIONSHIP_WITH_TRANSFORMATION (#12325)
   SHAPE_REPRESENTATION_RELATIONSHIP ()
);
#12327 = CONTEXT_DEPENDENT_SHAPE_REPRESENTATION (#12326, #12316);
ENDSEC;
END-ISO-10303-21;
