  0
SECTION
  2
HEADER
  9
$ACADVER
  1
AC1015
  9
$ACADMAINTVER
 70
    20
  9
$DWGCODEPAGE
  3
ANSI_1252
  9
$INSBASE
 10
0.0
 20
0.0
 30
0.0
  9
$EXTMIN
 10
-66.402884839008
 20
53.504443210562
 30
0.0
  9
$EXTMAX
 10
148.037179799785
 20
150.0
 30
0.0
  9
$LIMMIN
 10
-66.402884839008
 20
53.504443210562
  9
$LIMMAX
 10
148.037179799785
 20
150.0
  9
$ORTHOMODE
 70
     0
  9
$REGENMODE
 70
     1
  9
$FILLMODE
 70
     1
  9
$QTEXTMODE
 70
     0
  9
$MIRRTEXT
 70
     0
  9
$LTSCALE
 40
1.0
  9
$ATTMODE
 70
     1
  9
$TEXTSIZE
 40
2.5
  9
$TRACEWID
 40
1.0
  9
$TEXTSTYLE
  7
Standard
  9
$CLAYER
  8
0
  9
$CELTYPE
  6
ByLayer
  9
$CECOLOR
 62
   256
  9
$CELTSCALE
 40
1.0
  9
$DISPSILH
 70
     0
  9
$DIMSCALE
 40
1.0
  9
$DIMASZ
 40
2.5
  9
$DIMEXO
 40
0.625
  9
$DIMDLI
 40
3.75
  9
$DIMRND
 40
0.0
  9
$DIMDLE
 40
0.0
  9
$DIMEXE
 40
1.25
  9
$DIMTP
 40
0.0
  9
$DIMTM
 40
0.0
  9
$DIMTXT
 40
2.5
  9
$DIMCEN
 40
2.5
  9
$DIMTSZ
 40
0.0
  9
$DIMTOL
 70
     0
  9
$DIMLIM
 70
     0
  9
$DIMTIH
 70
     0
  9
$DIMTOH
 70
     0
  9
$DIMSE1
 70
     0
  9
$DIMSE2
 70
     0
  9
$DIMTAD
 70
     1
  9
$DIMZIN
 70
     8
  9
$DIMBLK
  1

  9
$DIMASO
 70
     1
  9
$DIMSHO
 70
     1
  9
$DIMPOST
  1

  9
$DIMAPOST
  1

  9
$DIMALT
 70
     0
  9
$DIMALTD
 70
     3
  9
$DIMALTF
 40
0.03937007874
  9
$DIMLFAC
 40
1.0
  9
$DIMTOFL
 70
     1
  9
$DIMTVP
 40
0.0
  9
$DIMTIX
 70
     0
  9
$DIMSOXD
 70
     0
  9
$DIMSAH
 70
     0
  9
$DIMBLK1
  1

  9
$DIMBLK2
  1

  9
$DIMSTYLE
  2
ISO-25
  9
$DIMCLRD
 70
     0
  9
$DIMCLRE
 70
     0
  9
$DIMCLRT
 70
     0
  9
$DIMTFAC
 40
1.0
  9
$DIMGAP
 40
0.625
  9
$DIMJUST
 70
     0
  9
$DIMSD1
 70
     0
  9
$DIMSD2
 70
     0
  9
$DIMTOLJ
 70
     0
  9
$DIMTZIN
 70
     8
  9
$DIMALTZ
 70
     0
  9
$DIMALTTZ
 70
     0
  9
$DIMUPT
 70
     0
  9
$DIMDEC
 70
     2
  9
$DIMTDEC
 70
     2
  9
$DIMALTU
 70
     2
  9
$DIMALTTD
 70
     3
  9
$DIMTXSTY
  7
Standard
  9
$DIMAUNIT
 70
     0
  9
$DIMADEC
 70
     0
  9
$DIMALTRND
 40
0.0
  9
$DIMAZIN
 70
     0
  9
$DIMDSEP
 70
    44
  9
$DIMATFIT
 70
     3
  9
$DIMFRAC
 70
     0
  9
$DIMLDRBLK
  1

  9
$DIMLUNIT
 70
     2
  9
$DIMLWD
 70
    -2
  9
$DIMLWE
 70
    -2
  9
$DIMTMOVE
 70
     0
  9
$LUNITS
 70
     2
  9
$LUPREC
 70
     4
  9
$SKETCHINC
 40
1.0
  9
$FILLETRAD
 40
0.0
  9
$AUNITS
 70
     0
  9
$AUPREC
 70
     0
  9
$MENU
  1
.
  9
$ELEVATION
 40
0.0
  9
$PELEVATION
 40
0.0
  9
$THICKNESS
 40
0.0
  9
$LIMCHECK
 70
     0
  9
$CHAMFERA
 40
0.0
  9
$CHAMFERB
 40
0.0
  9
$CHAMFERC
 40
0.0
  9
$CHAMFERD
 40
0.0
  9
$SKPOLY
 70
     0
  9
$TDCREATE
 40
2456236.994979560841
  9
$TDUCREATE
 40
2456237.328312892932
  9
$TDUPDATE
 40
2456236.997909063008
  9
$TDUUPDATE
 40
2456237.331242396031
  9
$TDINDWG
 40
0.0029298727
  9
$TDUSRTIMER
 40
0.0029298727
  9
$USRTIMER
 70
     1
  9
$ANGBASE
 50
0.0
  9
$ANGDIR
 70
     0
  9
$PDMODE
 70
     0
  9
$PDSIZE
 40
0.0
  9
$PLINEWID
 40
0.0
  9
$SPLFRAME
 70
     0
  9
$SPLINETYPE
 70
     6
  9
$SPLINESEGS
 70
     8
  9
$HANDSEED
  5
18b
  9
$SURFTAB1
 70
     6
  9
$SURFTAB2
 70
     6
  9
$SURFTYPE
 70
     6
  9
$SURFU
 70
     6
  9
$SURFV
 70
     6
  9
$UCSBASE
  2

  9
$UCSNAME
  2

  9
$UCSORG
 10
0.0
 20
0.0
 30
0.0
  9
$UCSXDIR
 10
1.0
 20
0.0
 30
0.0
  9
$UCSYDIR
 10
0.0
 20
1.0
 30
0.0
  9
$UCSORTHOREF
  2

  9
$UCSORTHOVIEW
 70
     0
  9
$UCSORGTOP
 10
0.0
 20
0.0
 30
0.0
  9
$UCSORGBOTTOM
 10
0.0
 20
0.0
 30
0.0
  9
$UCSORGLEFT
 10
0.0
 20
0.0
 30
0.0
  9
$UCSORGRIGHT
 10
0.0
 20
0.0
 30
0.0
  9
$UCSORGFRONT
 10
0.0
 20
0.0
 30
0.0
  9
$UCSORGBACK
 10
0.0
 20
0.0
 30
0.0
  9
$PUCSBASE
  2

  9
$PUCSNAME
  2

  9
$PUCSORG
 10
0.0
 20
0.0
 30
0.0
  9
$PUCSXDIR
 10
1.0
 20
0.0
 30
0.0
  9
$PUCSYDIR
 10
0.0
 20
1.0
 30
0.0
  9
$PUCSORTHOREF
  2

  9
$PUCSORTHOVIEW
 70
     0
  9
$PUCSORGTOP
 10
0.0
 20
0.0
 30
0.0
  9
$PUCSORGBOTTOM
 10
0.0
 20
0.0
 30
0.0
  9
$PUCSORGLEFT
 10
0.0
 20
0.0
 30
0.0
  9
$PUCSORGRIGHT
 10
0.0
 20
0.0
 30
0.0
  9
$PUCSORGFRONT
 10
0.0
 20
0.0
 30
0.0
  9
$PUCSORGBACK
 10
0.0
 20
0.0
 30
0.0
  9
$USERI1
 70
     0
  9
$USERI2
 70
     0
  9
$USERI3
 70
     0
  9
$USERI4
 70
     0
  9
$USERI5
 70
     0
  9
$USERR1
 40
0.0
  9
$USERR2
 40
0.0
  9
$USERR3
 40
0.0
  9
$USERR4
 40
0.0
  9
$USERR5
 40
0.0
  9
$WORLDVIEW
 70
     1
  9
$SHADEDGE
 70
     3
  9
$SHADEDIF
 70
    70
  9
$TILEMODE
 70
     1
  9
$MAXACTVP
 70
    64
  9
$PINSBASE
 10
0.0
 20
0.0
 30
0.0
  9
$PLIMCHECK
 70
     0
  9
$PEXTMIN
 10
100000000000000000000.0
 20
100000000000000000000.0
 30
100000000000000000000.0
  9
$PEXTMAX
 10
-100000000000000000000.0
 20
-100000000000000000000.0
 30
-100000000000000000000.0
  9
$PLIMMIN
 10
0.0
 20
0.0
  9
$PLIMMAX
 10
420.0
 20
297.0
  9
$UNITMODE
 70
     0
  9
$VISRETAIN
 70
     1
  9
$PLINEGEN
 70
     0
  9
$PSLTSCALE
 70
     1
  9
$TREEDEPTH
 70
  3020
  9
$CMLSTYLE
  2
Standard
  9
$CMLJUST
 70
     0
  9
$CMLSCALE
 40
20.0
  9
$PROXYGRAPHICS
 70
     1
  9
$MEASUREMENT
 70
     1
  9
$CELWEIGHT
370
-1
  9
$ENDCAPS
280
     0
  9
$JOINSTYLE
280
     0
  9
$LWDISPLAY
290
0
  9
$INSUNITS
 70
     0
  9
$HYPERLINKBASE
  1

  9
$STYLESHEET
  1

  9
$XEDIT
290
1
  9
$CEPSNTYPE
380
0
  9
$PSTYLEMODE
290
1
  9
$FINGERPRINTGUID
  2
{9F64BE1D-7005-473A-A8E1-C681473DCB35}
  9
$VERSIONGUID
  2
{14C65E86-4364-4B17-B71B-D4CF0DEE0ACB}
  9
$EXTNAMES
290
1
  9
$PSVPSCALE
 40
0.0
  9
$OLESTARTUP
290
0
  0
ENDSEC
  0
SECTION
  2
CLASSES
  0
CLASS
  1
ACDBDICTIONARYWDFLT
  2
AcDbDictionaryWithDefault
  3
ObjectDBX Classes
 90
     0
280
     0
281
     0
  0
CLASS
  1
MATERIAL
  2
AcDbMaterial
  3
ObjectDBX Classes
 90
  1153
280
     0
281
     0
  0
CLASS
  1
VISUALSTYLE
  2
AcDbVisualStyle
  3
ObjectDBX Classes
 90
  4095
280
     0
281
     0
  0
CLASS
  1
SCALE
  2
AcDbScale
  3
ObjectDBX Classes
 90
  1153
280
     0
281
     0
  0
CLASS
  1
TABLESTYLE
  2
AcDbTableStyle
  3
ObjectDBX Classes
 90
  4095
280
     0
281
     0
  0
CLASS
  1
MLEADERSTYLE
  2
AcDbMLeaderStyle
  3
ACDB_MLEADERSTYLE_CLASS
 90
  4095
280
     0
281
     0
  0
CLASS
  1
DICTIONARYVAR
  2
AcDbDictionaryVar
  3
ObjectDBX Classes
 90
     0
280
     0
281
     0
  0
CLASS
  1
CELLSTYLEMAP
  2
AcDbCellStyleMap
  3
ObjectDBX Classes
 90
  1152
280
     0
281
     0
  0
CLASS
  1
ACDBPLACEHOLDER
  2
AcDbPlaceHolder
  3
ObjectDBX Classes
 90
     0
280
     0
281
     0
  0
CLASS
  1
LAYOUT
  2
AcDbLayout
  3
ObjectDBX Classes
 90
     0
280
     0
281
     0
  0
ENDSEC
  0
SECTION
  2
TABLES
  0
TABLE
  2
VPORT
  5
8
330
0
100
AcDbSymbolTable
 70
     1
  0
VPORT
  5
5F
330
8
100
AcDbSymbolTableRecord
100
AcDbViewportTableRecord
  2
*Active
 70
     0
 10
0.0
 20
0.0
 11
1.0
 21
1.0
 12
362.004492939666
 22
148.5
 13
0.0
 23
0.0
 14
10.0
 24
10.0
 15
10.0
 25
10.0
 16
0.0
 26
0.0
 36
1.0
 17
-66.402884839008
 27
53.504443210562
 37
0.0
 40
297.0
 41
2.437740693196
 42
50.0
 43
0.0
 44
0.0
 50
0.0
 51
0.0
 71
     0
 72
  1000
 73
     1
 74
     3
 75
     0
 76
     0
 77
     0
 78
     0
281
     0
 65
     1
110
0.0
120
0.0
130
0.0
111
1.0
121
0.0
131
0.0
112
0.0
122
1.0
132
0.0
 79
     0
146
0.0
  0
ENDTAB
  0
TABLE
  2
LTYPE
  5
5
330
0
100
AcDbSymbolTable
 70
     3
  0
LTYPE
  5
63
330
5
100
AcDbSymbolTableRecord
100
AcDbLinetypeTableRecord
  2
ByBlock
 70
     0
  3

 72
    65
 73
     0
 40
0.0
  0
LTYPE
  5
64
330
5
100
AcDbSymbolTableRecord
100
AcDbLinetypeTableRecord
  2
ByLayer
 70
     0
  3

 72
    65
 73
     0
 40
0.0
  0
LTYPE
  5
65
330
5
100
AcDbSymbolTableRecord
100
AcDbLinetypeTableRecord
  2
Continuous
 70
     0
  3
Solid line
 72
    65
 73
     0
 40
0.0
  0
ENDTAB
  0
TABLE
  2
LAYER
  5
2
330
0
100
AcDbSymbolTable
 70
     2
  0
LAYER
  5
5C
102
{ACAD_XDICTIONARY
360
9A
102
}
330
2
100
AcDbSymbolTableRecord
100
AcDbLayerTableRecord
 70
     0
  6
Continuous
370
-3
390
F
  2
0
 62
     7
  0
LAYER
  5
b8
100
AcDbSymbolTableRecord
100
AcDbLayerTableRecord
  6
Continuous
 70
     0
370
-3
390
F
  2
Default
 62
     7
  0
ENDTAB
  0
TABLE
  2
STYLE
  5
3
330
0
100
AcDbSymbolTable
 70
     2
  0
STYLE
  5
5D
330
3
100
AcDbSymbolTableRecord
100
AcDbTextStyleTableRecord
  2
Standard
 70
     0
 40
0.0
 41
1.0
 50
0.0
 71
     0
 42
2.5
  3
txt
  4

  0
STYLE
  5
62
330
3
100
AcDbSymbolTableRecord
100
AcDbTextStyleTableRecord
  2
Annotative
 70
     0
 40
0.0
 41
1.0
 50
0.0
 71
     0
 42
0.2
  3

  4

1001
AcadAnnotative
1000
AnnotativeData
1002
{
1070
     1
1070
     1
1002
}
  0
ENDTAB
  0
TABLE
  2
VIEW
  5
6
330
0
100
AcDbSymbolTable
 70
     0
  0
ENDTAB
  0
TABLE
  2
UCS
  5
7
330
0
100
AcDbSymbolTable
 70
     0
  0
ENDTAB
  0
TABLE
  2
APPID
  5
9
330
0
100
AcDbSymbolTable
 70
     5
  0
APPID
  5
5E
330
9
100
AcDbSymbolTableRecord
100
AcDbRegAppTableRecord
  2
ACAD
 70
     0
  0
APPID
  5
66
330
9
100
AcDbSymbolTableRecord
100
AcDbRegAppTableRecord
  2
AcadAnnotative
 70
     0
  0
APPID
  5
70
330
9
100
AcDbSymbolTableRecord
100
AcDbRegAppTableRecord
  2
ACAD_MLEADERVER
 70
     0
  0
APPID
  5
80
330
9
100
AcDbSymbolTableRecord
100
AcDbRegAppTableRecord
  2
ACAD_EXEMPT_FROM_CAD_STANDARDS
 70
     0
  0
APPID
  5
AF
330
9
100
AcDbSymbolTableRecord
100
AcDbRegAppTableRecord
  2
ACAD_DSTYLE_DIMJOGGED_JOGANGLE_SYMBOL
 70
     0
  0
ENDTAB
  0
TABLE
  2
DIMSTYLE
  5
A
330
0
100
AcDbSymbolTable
100
AcDbDimStyleTable
 71
     1
340
60
 70
     2
  0
DIMSTYLE
105
60
330
A
100
AcDbSymbolTableRecord
100
AcDbDimStyleTableRecord
  2
ISO-25
 70
     0
 41
2.5
 42
0.625
 43
3.75
 44
1.25
 73
     0
 74
     0
 77
     1
 78
     8
140
2.5
141
2.5
143
0.03937007874
147
0.625
171
     3
172
     1
271
     2
272
     2
274
     3
278
44
283
     0
284
     8
340
5D
1001
ACAD_DSTYLE_DIMJOGGED_JOGANGLE_SYMBOL
1070
   384
1040
1.570796326794896
  0
DIMSTYLE
105
61
330
A
100
AcDbSymbolTableRecord
100
AcDbDimStyleTableRecord
  2
Annotative
 70
     0
340
5D
1001
AcadAnnotative
1000
AnnotativeData
1002
{
1070
     1
1070
     1
1002
}
  0
ENDTAB
  0
TABLE
  2
BLOCK_RECORD
  5
1
330
0
100
AcDbSymbolTable
 70
     3
  0
BLOCK_RECORD
  5
75
330
1
100
AcDbSymbolTableRecord
100
AcDbBlockTableRecord
  2
*Model_Space
340
78
  0
BLOCK_RECORD
  5
71
330
1
100
AcDbSymbolTableRecord
100
AcDbBlockTableRecord
  2
*Paper_Space
340
74
  0
BLOCK_RECORD
  5
79
330
1
100
AcDbSymbolTableRecord
100
AcDbBlockTableRecord
  2
*Paper_Space0
340
7C
  0
ENDTAB
  0
ENDSEC
  0
SECTION
  2
BLOCKS
  0
BLOCK
  5
76
102
{ACAD_REACTORS
330
75
102
}
100
AcDbEntity
  8
0
100
AcDbBlockBegin
  2
*Model_Space
 70
     0
 10
0.0
 20
0.0
 30
0.0
  3
*Model_Space
  1

  0
ENDBLK
  5
77
102
{ACAD_REACTORS
330
75
102
}
100
AcDbEntity
  8
0
100
AcDbBlockEnd
  0
BLOCK
  5
72
102
{ACAD_REACTORS
330
71
102
}
100
AcDbEntity
 67
     1
  8
0
100
AcDbBlockBegin
  2
*Paper_Space
 70
     0
 10
0.0
 20
0.0
 30
0.0
  3
*Paper_Space
  1

  0
ENDBLK
  5
73
102
{ACAD_REACTORS
330
71
102
}
100
AcDbEntity
 67
     1
  8
0
100
AcDbBlockEnd
  0
BLOCK
  5
7A
102
{ACAD_REACTORS
330
79
102
}
100
AcDbEntity
 67
     1
  8
0
100
AcDbBlockBegin
  2
*Paper_Space0
 70
     0
 10
0.0
 20
0.0
 30
0.0
  3
*Paper_Space0
  1

  0
ENDBLK
  5
7B
102
{ACAD_REACTORS
330
79
102
}
100
AcDbEntity
 67
     1
  8
0
100
AcDbBlockEnd
  0
ENDSEC
  0
SECTION
  2
ENTITIES
  0
SPLINE
  5
b9
100
AcDbEntity
  8
Default
100
AcDbSpline
 70
     9
 71
     3
 72
    32
 73
    28
 74
     0
 42
0.0000001
 43
0.0000001
 40
0.0
 40
0.0
 40
0.0
 40
0.0
 40
1.0
 40
1.0
 40
1.0
 40
2.0
 40
2.0
 40
2.0
 40
10.078844196244
 40
10.078844196244
 40
10.078844196244
 40
11.078844196244
 40
11.078844196244
 40
11.078844196244
 40
12.078844196244
 40
12.078844196244
 40
12.078844196244
 40
20.153203882458
 40
20.153203882458
 40
20.153203882458
 40
21.153203882458
 40
21.153203882458
 40
21.153203882458
 40
22.153203882458
 40
22.153203882458
 40
22.153203882458
 40
30.232048078702
 40
30.232048078702
 40
30.232048078702
 40
30.232048078702
 10
83.799278379073
 20
146.747362074953
 30
0.0
 10
83.531392103942
 20
147.211698285181
 30
0.0
 10
83.036070119044
 20
147.497778394719
 30
0.0
 10
82.5
 20
147.497778394719
 30
0.0
 10
81.963929880956
 20
147.497778394719
 30
0.0
 10
81.468607896058
 20
147.211698285181
 30
0.0
 10
81.200721620927
 20
146.747362074953
 30
0.0
 10
79.854995006558
 20
144.414769276714
 30
0.0
 10
78.509268392189
 20
142.082176478474
 30
0.0
 10
77.16354177782
 20
139.749583680234
 30
0.0
 10
76.895784230447
 20
139.285470598121
 30
0.0
 10
76.89592163154
 20
138.713776191745
 30
0.0
 10
77.16390223794
 20
138.249791868996
 30
0.0
 10
77.43188284434
 20
137.785807546247
 30
0.0
 10
77.927007636357
 20
137.5
 30
0.0
 10
78.462820156893
 20
137.5
 30
0.0
 10
81.154273385631
 20
137.5
 30
0.0
 10
83.845726614369
 20
137.5
 30
0.0
 10
86.537179843107
 20
137.5
 30
0.0
 10
87.072992363643
 20
137.5
 30
0.0
 10
87.56811715566
 20
137.785807546247
 30
0.0
 10
87.83609776206
 20
138.249791868996
 30
0.0
 10
88.10407836846
 20
138.713776191745
 30
0.0
 10
88.104215769553
 20
139.285470598121
 30
0.0
 10
87.83645822218
 20
139.749583680234
 30
0.0
 10
86.490731607811
 20
142.082176478474
 30
0.0
 10
85.145004993442
 20
144.414769276714
 30
0.0
 10
83.799278379073
 20
146.747362074953
 30
0.0
  0
SPLINE
  5
ba
100
AcDbEntity
  8
Default
100
AcDbSpline
 70
     9
 71
     3
 72
    32
 73
    28
 74
     0
 42
0.0000001
 43
0.0000001
 40
0.0
 40
0.0
 40
0.0
 40
0.0
 40
1.0
 40
1.0
 40
1.0
 40
2.0
 40
2.0
 40
2.0
 40
10.078844196244
 40
10.078844196244
 40
10.078844196244
 40
11.078844196244
 40
11.078844196244
 40
11.078844196244
 40
12.078844196244
 40
12.078844196244
 40
12.078844196244
 40
20.153203882458
 40
20.153203882458
 40
20.153203882458
 40
21.153203882458
 40
21.153203882458
 40
21.153203882458
 40
22.153203882458
 40
22.153203882458
 40
22.153203882458
 40
30.232048078702
 40
30.232048078702
 40
30.232048078702
 40
30.232048078702
 10
83.799278379073
 20
127.252637925047
 30
0.0
 10
83.531392103942
 20
126.788301714819
 30
0.0
 10
83.036070119044
 20
126.502221605281
 30
0.0
 10
82.5
 20
126.502221605281
 30
0.0
 10
81.963929880956
 20
126.502221605281
 30
0.0
 10
81.468607896058
 20
126.788301714819
 30
0.0
 10
81.200721620927
 20
127.252637925047
 30
0.0
 10
79.854995006558
 20
129.585230723286
 30
0.0
 10
78.509268392189
 20
131.917823521526
 30
0.0
 10
77.16354177782
 20
134.250416319766
 30
0.0
 10
76.895784230447
 20
134.714529401879
 30
0.0
 10
76.89592163154
 20
135.286223808255
 30
0.0
 10
77.16390223794
 20
135.750208131004
 30
0.0
 10
77.43188284434
 20
136.214192453753
 30
0.0
 10
77.927007636357
 20
136.5
 30
0.0
 10
78.462820156893
 20
136.5
 30
0.0
 10
81.154273385631
 20
136.5
 30
0.0
 10
83.845726614369
 20
136.5
 30
0.0
 10
86.537179843107
 20
136.5
 30
0.0
 10
87.072992363643
 20
136.5
 30
0.0
 10
87.56811715566
 20
136.214192453753
 30
0.0
 10
87.83609776206
 20
135.750208131004
 30
0.0
 10
88.10407836846
 20
135.286223808255
 30
0.0
 10
88.104215769553
 20
134.714529401879
 30
0.0
 10
87.83645822218
 20
134.250416319766
 30
0.0
 10
86.490731607811
 20
131.917823521526
 30
0.0
 10
85.145004993442
 20
129.585230723286
 30
0.0
 10
83.799278379073
 20
127.252637925047
 30
0.0
  0
SPLINE
  5
bb
100
AcDbEntity
  8
Default
100
AcDbSpline
 70
     9
 71
     3
 72
    32
 73
    28
 74
     0
 42
0.0000001
 43
0.0000001
 40
0.0
 40
0.0
 40
0.0
 40
0.0
 40
1.0
 40
1.0
 40
1.0
 40
2.0
 40
2.0
 40
2.0
 40
8.346472490354
 40
8.346472490354
 40
8.346472490354
 40
9.346472490354
 40
9.346472490354
 40
9.346472490354
 40
10.346472490354
 40
10.346472490354
 40
10.346472490354
 40
16.689422098122
 40
16.689422098122
 40
16.689422098122
 40
17.689422098122
 40
17.689422098122
 40
17.689422098122
 40
18.689422098122
 40
18.689422098122
 40
18.689422098122
 40
25.035894588476
 40
25.035894588476
 40
25.035894588476
 40
25.035894588476
 10
83.366185586049
 20
119.496945446888
 30
0.0
 10
83.187594735961
 20
119.806502920373
 30
0.0
 10
82.857380079363
 20
119.997222993399
 30
0.0
 10
82.5
 20
119.997222993399
 30
0.0
 10
82.142619920637
 20
119.997222993399
 30
0.0
 10
81.812405264039
 20
119.806502920373
 30
0.0
 10
81.633814413952
 20
119.496945446888
 30
0.0
 10
80.57665614599
 20
117.664537782422
 30
0.0
 10
79.519497878029
 20
115.832130117956
 30
0.0
 10
78.462339610068
 20
113.99972245349
 30
0.0
 10
78.283834578486
 20
113.690313732081
 30
0.0
 10
78.283926179214
 20
113.30918412783
 30
0.0
 10
78.462579916814
 20
112.999861245997
 30
0.0
 10
78.641233654414
 20
112.690538364165
 30
0.0
 10
78.971316849092
 20
112.5
 30
0.0
 10
79.328525196116
 20
112.5
 30
0.0
 10
81.442841732039
 20
112.5
 30
0.0
 10
83.557158267961
 20
112.5
 30
0.0
 10
85.671474803884
 20
112.5
 30
0.0
 10
86.028683150908
 20
112.5
 30
0.0
 10
86.358766345586
 20
112.690538364165
 30
0.0
 10
86.537420083186
 20
112.999861245997
 30
0.0
 10
86.716073820785
 20
113.30918412783
 30
0.0
 10
86.716165421514
 20
113.690313732081
 30
0.0
 10
86.537660389932
 20
113.999722453489
 30
0.0
 10
85.480502121971
 20
115.832130117956
 30
0.0
 10
84.42334385401
 20
117.664537782422
 30
0.0
 10
83.366185586049
 20
119.496945446888
 30
0.0
  0
SPLINE
  5
bc
100
AcDbEntity
  8
Default
100
AcDbSpline
 70
     9
 71
     3
 72
    32
 73
    28
 74
     0
 42
0.0000001
 43
0.0000001
 40
0.0
 40
0.0
 40
0.0
 40
0.0
 40
1.0
 40
1.0
 40
1.0
 40
2.0
 40
2.0
 40
2.0
 40
8.346472490354
 40
8.346472490354
 40
8.346472490354
 40
9.346472490354
 40
9.346472490354
 40
9.346472490354
 40
10.346472490354
 40
10.346472490354
 40
10.346472490354
 40
16.689422098122
 40
16.689422098122
 40
16.689422098122
 40
17.689422098122
 40
17.689422098122
 40
17.689422098122
 40
18.689422098122
 40
18.689422098122
 40
18.689422098122
 40
25.035894588476
 40
25.035894588476
 40
25.035894588476
 40
25.035894588476
 10
83.366185586049
 20
102.503054553112
 30
0.0
 10
83.187594735961
 20
102.193497079627
 30
0.0
 10
82.857380079363
 20
102.002777006601
 30
0.0
 10
82.5
 20
102.002777006601
 30
0.0
 10
82.142619920637
 20
102.002777006601
 30
0.0
 10
81.812405264039
 20
102.193497079627
 30
0.0
 10
81.633814413951
 20
102.503054553112
 30
0.0
 10
80.57665614599
 20
104.335462217578
 30
0.0
 10
79.519497878029
 20
106.167869882044
 30
0.0
 10
78.462339610068
 20
108.000277546511
 30
0.0
 10
78.283834578486
 20
108.309686267919
 30
0.0
 10
78.283926179214
 20
108.69081587217
 30
0.0
 10
78.462579916814
 20
109.000138754003
 30
0.0
 10
78.641233654414
 20
109.309461635835
 30
0.0
 10
78.971316849092
 20
109.5
 30
0.0
 10
79.328525196116
 20
109.5
 30
0.0
 10
81.442841732039
 20
109.5
 30
0.0
 10
83.557158267961
 20
109.5
 30
0.0
 10
85.671474803884
 20
109.5
 30
0.0
 10
86.028683150908
 20
109.5
 30
0.0
 10
86.358766345586
 20
109.309461635835
 30
0.0
 10
86.537420083186
 20
109.000138754002
 30
0.0
 10
86.716073820786
 20
108.69081587217
 30
0.0
 10
86.716165421515
 20
108.309686267919
 30
0.0
 10
86.537660389933
 20
108.00027754651
 30
0.0
 10
85.480502121971
 20
106.167869882044
 30
0.0
 10
84.42334385401
 20
104.335462217578
 30
0.0
 10
83.366185586049
 20
102.503054553112
 30
0.0
  0
SPLINE
  5
bd
100
AcDbEntity
  8
Default
100
AcDbSpline
 70
     9
 71
     3
 72
    32
 73
    28
 74
     0
 42
0.0000001
 43
0.0000001
 40
0.0
 40
0.0
 40
0.0
 40
0.0
 40
1.0
 40
1.0
 40
1.0
 40
2.0
 40
2.0
 40
2.0
 40
4.881729078574
 40
4.881729078574
 40
4.881729078574
 40
5.881729078574
 40
5.881729078574
 40
5.881729078574
 40
6.881729078574
 40
6.881729078574
 40
6.881729078574
 40
9.761858529449
 40
9.761858529449
 40
9.761858529449
 40
10.761858529449
 40
10.761858529449
 40
10.761858529449
 40
11.761858529449
 40
11.761858529449
 40
11.761858529449
 40
14.643587608024
 40
14.643587608024
 40
14.643587608024
 40
14.643587608024
 10
83.366185586049
 20
91.495834644248
 30
0.0
 10
83.187594735961
 20
91.805392117733
 30
0.0
 10
82.857380079363
 20
91.996112190758
 30
0.0
 10
82.5
 20
91.996112190758
 30
0.0
 10
82.142619920637
 20
91.996112190758
 30
0.0
 10
81.812405264039
 20
91.805392117733
 30
0.0
 10
81.633814413952
 20
91.495834644248
 30
0.0
 10
81.153792838806
 20
90.663797247328
 30
0.0
 10
80.67377126366
 20
89.831759850409
 30
0.0
 10
80.193749688514
 20
88.99972245349
 30
0.0
 10
80.015244656932
 20
88.690313732081
 30
0.0
 10
80.015336257661
 20
88.30918412783
 30
0.0
 10
80.193989995261
 20
87.999861245997
 30
0.0
 10
80.372643732861
 20
87.690538364165
 30
0.0
 10
80.702726927538
 20
87.5
 30
0.0
 10
81.059935274563
 20
87.5
 30
0.0
 10
82.019978424854
 20
87.5
 30
0.0
 10
82.980021575146
 20
87.5
 30
0.0
 10
83.940064725437
 20
87.5
 30
0.0
 10
84.297273072462
 20
87.5
 30
0.0
 10
84.627356267139
 20
87.690538364165
 30
0.0
 10
84.806010004739
 20
87.999861245998
 30
0.0
 10
84.984663742339
 20
88.30918412783
 30
0.0
 10
84.984755343068
 20
88.690313732081
 30
0.0
 10
84.806250311486
 20
88.99972245349
 30
0.0
 10
84.32622873634
 20
89.831759850409
 30
0.0
 10
83.846207161194
 20
90.663797247328
 30
0.0
 10
83.366185586049
 20
91.495834644248
 30
0.0
  0
SPLINE
  5
be
100
AcDbEntity
  8
Default
100
AcDbSpline
 70
     9
 71
     3
 72
    32
 73
    28
 74
     0
 42
0.0000001
 43
0.0000001
 40
0.0
 40
0.0
 40
0.0
 40
0.0
 40
1.0
 40
1.0
 40
1.0
 40
2.0
 40
2.0
 40
2.0
 40
4.881729078574
 40
4.881729078574
 40
4.881729078574
 40
5.881729078574
 40
5.881729078574
 40
5.881729078574
 40
6.881729078574
 40
6.881729078574
 40
6.881729078574
 40
9.761858529449
 40
9.761858529449
 40
9.761858529449
 40
10.761858529449
 40
10.761858529449
 40
10.761858529449
 40
11.761858529449
 40
11.761858529449
 40
11.761858529449
 40
14.643587608024
 40
14.643587608024
 40
14.643587608024
 40
14.643587608024
 10
83.366185586049
 20
78.504165355752
 30
0.0
 10
83.187594735961
 20
78.194607882267
 30
0.0
 10
82.857380079363
 20
78.003887809242
 30
0.0
 10
82.5
 20
78.003887809242
 30
0.0
 10
82.142619920637
 20
78.003887809242
 30
0.0
 10
81.812405264039
 20
78.194607882267
 30
0.0
 10
81.633814413951
 20
78.504165355752
 30
0.0
 10
81.153792838806
 20
79.336202752672
 30
0.0
 10
80.67377126366
 20
80.168240149591
 30
0.0
 10
80.193749688514
 20
81.00027754651
 30
0.0
 10
80.015244656932
 20
81.309686267919
 30
0.0
 10
80.015336257661
 20
81.69081587217
 30
0.0
 10
80.193989995261
 20
82.000138754003
 30
0.0
 10
80.372643732861
 20
82.309461635835
 30
0.0
 10
80.702726927538
 20
82.5
 30
0.0
 10
81.059935274563
 20
82.5
 30
0.0
 10
82.019978424854
 20
82.5
 30
0.0
 10
82.980021575146
 20
82.5
 30
0.0
 10
83.940064725437
 20
82.5
 30
0.0
 10
84.297273072462
 20
82.5
 30
0.0
 10
84.627356267139
 20
82.309461635835
 30
0.0
 10
84.806010004739
 20
82.000138754003
 30
0.0
 10
84.984663742339
 20
81.69081587217
 30
0.0
 10
84.984755343068
 20
81.309686267919
 30
0.0
 10
84.806250311486
 20
81.000277546511
 30
0.0
 10
84.32622873634
 20
80.168240149591
 30
0.0
 10
83.846207161194
 20
79.336202752672
 30
0.0
 10
83.366185586049
 20
78.504165355752
 30
0.0
  0
SPLINE
  5
bf
100
AcDbEntity
  8
Default
100
AcDbSpline
 70
     9
 71
     3
 72
    32
 73
    28
 74
     0
 42
0.0000001
 43
0.0000001
 40
0.0
 40
0.0
 40
0.0
 40
0.0
 40
1.0
 40
1.0
 40
1.0
 40
2.0
 40
2.0
 40
2.0
 40
3.149357372685
 40
3.149357372685
 40
3.149357372685
 40
4.149357372685
 40
4.149357372685
 40
4.149357372685
 40
5.149357372685
 40
5.149357372685
 40
5.149357372685
 40
6.298076745113
 40
6.298076745113
 40
6.298076745113
 40
7.298076745113
 40
7.298076745113
 40
7.298076745113
 40
8.298076745113
 40
8.298076745113
 40
8.298076745113
 40
9.447434117798
 40
9.447434117798
 40
9.447434117798
 40
9.447434117798
 10
82.933092793024
 20
64.245418016183
 30
0.0
 10
82.843797367981
 20
64.400196752925
 30
0.0
 10
82.678690039681
 20
64.495556789438
 30
0.0
 10
82.5
 20
64.495556789438
 30
0.0
 10
82.321309960319
 20
64.495556789438
 30
0.0
 10
82.156202632019
 20
64.400196752925
 30
0.0
 10
82.066907206976
 20
64.245418016183
 30
0.0
 10
81.875453978238
 20
63.913565753037
 30
0.0
 10
81.6840007495
 20
63.581713489891
 30
0.0
 10
81.492547520761
 20
63.249861226745
 30
0.0
 10
81.40329500497
 20
63.09515686604
 30
0.0
 10
81.403340805335
 20
62.904592063915
 30
0.0
 10
81.492667674135
 20
62.749930622999
 30
0.0
 10
81.581994542935
 20
62.595269182082
 30
0.0
 10
81.747036140274
 20
62.5
 30
0.0
 10
81.925640313786
 20
62.5
 30
0.0
 10
82.308546771262
 20
62.5
 30
0.0
 10
82.691453228738
 20
62.5
 30
0.0
 10
83.074359686214
 20
62.5
 30
0.0
 10
83.252963859726
 20
62.5
 30
0.0
 10
83.418005457065
 20
62.595269182082
 30
0.0
 10
83.507332325865
 20
62.749930622999
 30
0.0
 10
83.596659194665
 20
62.904592063915
 30
0.0
 10
83.596704995029
 20
63.09515686604
 30
0.0
 10
83.507452479239
 20
63.249861226745
 30
0.0
 10
83.3159992505
 20
63.581713489891
 30
0.0
 10
83.124546021762
 20
63.913565753037
 30
0.0
 10
82.933092793024
 20
64.245418016183
 30
0.0
  0
SPLINE
  5
c0
100
AcDbEntity
  8
Default
100
AcDbSpline
 70
     9
 71
     3
 72
    32
 73
    28
 74
     0
 42
0.0000001
 43
0.0000001
 40
0.0
 40
0.0
 40
0.0
 40
0.0
 40
1.0
 40
1.0
 40
1.0
 40
2.0
 40
2.0
 40
2.0
 40
3.149357372685
 40
3.149357372685
 40
3.149357372685
 40
4.149357372685
 40
4.149357372685
 40
4.149357372685
 40
5.149357372685
 40
5.149357372685
 40
5.149357372685
 40
6.298076745113
 40
6.298076745113
 40
6.298076745113
 40
7.298076745113
 40
7.298076745113
 40
7.298076745113
 40
8.298076745113
 40
8.298076745113
 40
8.298076745113
 40
9.447434117798
 40
9.447434117798
 40
9.447434117798
 40
9.447434117798
 10
82.933092793024
 20
53.754581983817
 30
0.0
 10
82.843797367981
 20
53.599803247075
 30
0.0
 10
82.678690039681
 20
53.504443210562
 30
0.0
 10
82.5
 20
53.504443210562
 30
0.0
 10
82.321309960319
 20
53.504443210562
 30
0.0
 10
82.156202632019
 20
53.599803247075
 30
0.0
 10
82.066907206976
 20
53.754581983817
 30
0.0
 10
81.875453978238
 20
54.086434246963
 30
0.0
 10
81.6840007495
 20
54.418286510109
 30
0.0
 10
81.492547520761
 20
54.750138773255
 30
0.0
 10
81.403295004971
 20
54.90484313396
 30
0.0
 10
81.403340805335
 20
55.095407936085
 30
0.0
 10
81.492667674135
 20
55.250069377001
 30
0.0
 10
81.581994542935
 20
55.404730817918
 30
0.0
 10
81.747036140274
 20
55.5
 30
0.0
 10
81.925640313786
 20
55.5
 30
0.0
 10
82.308546771262
 20
55.5
 30
0.0
 10
82.691453228738
 20
55.5
 30
0.0
 10
83.074359686214
 20
55.5
 30
0.0
 10
83.252963859726
 20
55.5
 30
0.0
 10
83.418005457065
 20
55.404730817918
 30
0.0
 10
83.507332325865
 20
55.250069377001
 30
0.0
 10
83.596659194665
 20
55.095407936085
 30
0.0
 10
83.596704995029
 20
54.90484313396
 30
0.0
 10
83.507452479239
 20
54.750138773255
 30
0.0
 10
83.3159992505
 20
54.418286510109
 30
0.0
 10
83.124546021762
 20
54.086434246963
 30
0.0
 10
82.933092793024
 20
53.754581983817
 30
0.0
  0
SPLINE
  5
c1
100
AcDbEntity
  8
Default
100
AcDbSpline
 70
     9
 71
     3
 72
    32
 73
    28
 74
     0
 42
0.0000001
 43
0.0000001
 40
0.0
 40
0.0
 40
0.0
 40
0.0
 40
1.0
 40
1.0
 40
1.0
 40
2.0
 40
2.0
 40
2.0
 40
11.805769764661
 40
11.805769764661
 40
11.805769764661
 40
12.805769764661
 40
12.805769764661
 40
12.805769764661
 40
13.805769764661
 40
13.805769764661
 40
13.805769764661
 40
23.616985666794
 40
23.616985666794
 40
23.616985666794
 40
24.616985666794
 40
24.616985666794
 40
24.616985666794
 40
25.616985666794
 40
25.616985666794
 40
25.616985666794
 40
35.428201568928
 40
35.428201568928
 40
35.428201568928
 40
35.428201568928
 10
83.797836738597
 20
147.750416319766
 30
0.0
 10
83.530079191224
 20
148.214529401879
 30
0.0
 10
83.530216592317
 20
148.786223808255
 30
0.0
 10
83.798197198717
 20
149.250208131004
 30
0.0
 10
84.066177805117
 20
149.714192453753
 30
0.0
 10
84.561302597134
 20
150.0
 30
0.0
 10
85.09711511767
 20
150.0
 30
0.0
 10
88.365705039223
 20
150.0
 30
0.0
 10
91.634294960777
 20
150.0
 30
0.0
 10
94.90288488233
 20
150.0
 30
0.0
 10
95.438697402867
 20
150.0
 30
0.0
 10
95.933822194883
 20
149.714192453752
 30
0.0
 10
96.201802801283
 20
149.250208131003
 30
0.0
 10
96.469783407683
 20
148.786223808254
 30
0.0
 10
96.469920808776
 20
148.214529401878
 30
0.0
 10
96.202163261404
 20
147.750416319765
 30
0.0
 10
94.567868300626
 20
144.917638387753
 30
0.0
 10
92.93357333985
 20
142.08486045574
 30
0.0
 10
91.299278379073
 20
139.252082523726
 30
0.0
 10
91.031392103942
 20
138.787746313499
 30
0.0
 10
90.536070119044
 20
138.501666203961
 30
0.0
 10
90.0
 20
138.501666203961
 30
0.0
 10
89.463929880956
 20
138.501666203961
 30
0.0
 10
88.968607896058
 20
138.787746313499
 30
0.0
 10
88.700721620927
 20
139.252082523726
 30
0.0
 10
87.06642666015
 20
142.08486045574
 30
0.0
 10
85.432131699374
 20
144.917638387753
 30
0.0
 10
83.797836738597
 20
147.750416319766
 30
0.0
  0
SPLINE
  5
c2
100
AcDbEntity
  8
Default
100
AcDbSpline
 70
     9
 71
     3
 72
    32
 73
    28
 74
     0
 42
0.0000001
 43
0.0000001
 40
0.0
 40
0.0
 40
0.0
 40
0.0
 40
1.0
 40
1.0
 40
1.0
 40
2.0
 40
2.0
 40
2.0
 40
10.078844196244
 40
10.078844196244
 40
10.078844196244
 40
11.078844196244
 40
11.078844196244
 40
11.078844196244
 40
12.078844196244
 40
12.078844196244
 40
12.078844196244
 40
20.153203882458
 40
20.153203882458
 40
20.153203882458
 40
21.153203882458
 40
21.153203882458
 40
21.153203882458
 40
22.153203882458
 40
22.153203882458
 40
22.153203882458
 40
30.232048078702
 40
30.232048078702
 40
30.232048078702
 40
30.232048078702
 10
98.799278379073
 20
146.747362074953
 30
0.0
 10
98.531392103942
 20
147.211698285181
 30
0.0
 10
98.036070119044
 20
147.497778394719
 30
0.0
 10
97.5
 20
147.497778394719
 30
0.0
 10
96.963929880956
 20
147.497778394719
 30
0.0
 10
96.468607896058
 20
147.211698285181
 30
0.0
 10
96.200721620927
 20
146.747362074953
 30
0.0
 10
94.854995006558
 20
144.414769276714
 30
0.0
 10
93.509268392189
 20
142.082176478474
 30
0.0
 10
92.16354177782
 20
139.749583680234
 30
0.0
 10
91.895784230447
 20
139.285470598121
 30
0.0
 10
91.89592163154
 20
138.713776191745
 30
0.0
 10
92.16390223794
 20
138.249791868996
 30
0.0
 10
92.43188284434
 20
137.785807546247
 30
0.0
 10
92.927007636357
 20
137.5
 30
0.0
 10
93.462820156893
 20
137.5
 30
0.0
 10
96.154273385631
 20
137.5
 30
0.0
 10
98.845726614369
 20
137.5
 30
0.0
 10
101.537179843107
 20
137.5
 30
0.0
 10
102.072992363643
 20
137.5
 30
0.0
 10
102.56811715566
 20
137.785807546247
 30
0.0
 10
102.83609776206
 20
138.249791868996
 30
0.0
 10
103.104078368459
 20
138.713776191745
 30
0.0
 10
103.104215769553
 20
139.285470598121
 30
0.0
 10
102.83645822218
 20
139.749583680234
 30
0.0
 10
101.490731607811
 20
142.082176478474
 30
0.0
 10
100.145004993442
 20
144.414769276714
 30
0.0
 10
98.799278379073
 20
146.747362074953
 30
0.0
  0
SPLINE
  5
c3
100
AcDbEntity
  8
Default
100
AcDbSpline
 70
     9
 71
     3
 72
    32
 73
    28
 74
     0
 42
0.0000001
 43
0.0000001
 40
0.0
 40
0.0
 40
0.0
 40
0.0
 40
1.0
 40
1.0
 40
1.0
 40
2.0
 40
2.0
 40
2.0
 40
10.078844196244
 40
10.078844196244
 40
10.078844196244
 40
11.078844196244
 40
11.078844196244
 40
11.078844196244
 40
12.078844196244
 40
12.078844196244
 40
12.078844196244
 40
20.153203882458
 40
20.153203882458
 40
20.153203882458
 40
21.153203882458
 40
21.153203882458
 40
21.153203882458
 40
22.153203882458
 40
22.153203882458
 40
22.153203882458
 40
30.232048078702
 40
30.232048078702
 40
30.232048078702
 40
30.232048078702
 10
98.799278379073
 20
127.252637925047
 30
0.0
 10
98.531392103942
 20
126.788301714819
 30
0.0
 10
98.036070119044
 20
126.502221605281
 30
0.0
 10
97.5
 20
126.502221605281
 30
0.0
 10
96.963929880956
 20
126.502221605281
 30
0.0
 10
96.468607896058
 20
126.788301714819
 30
0.0
 10
96.200721620927
 20
127.252637925047
 30
0.0
 10
94.854995006558
 20
129.585230723286
 30
0.0
 10
93.509268392189
 20
131.917823521526
 30
0.0
 10
92.16354177782
 20
134.250416319766
 30
0.0
 10
91.895784230447
 20
134.714529401879
 30
0.0
 10
91.89592163154
 20
135.286223808255
 30
0.0
 10
92.16390223794
 20
135.750208131004
 30
0.0
 10
92.43188284434
 20
136.214192453753
 30
0.0
 10
92.927007636357
 20
136.5
 30
0.0
 10
93.462820156893
 20
136.5
 30
0.0
 10
96.154273385631
 20
136.5
 30
0.0
 10
98.845726614369
 20
136.5
 30
0.0
 10
101.537179843107
 20
136.5
 30
0.0
 10
102.072992363643
 20
136.5
 30
0.0
 10
102.56811715566
 20
136.214192453753
 30
0.0
 10
102.83609776206
 20
135.750208131004
 30
0.0
 10
103.10407836846
 20
135.286223808255
 30
0.0
 10
103.104215769553
 20
134.714529401879
 30
0.0
 10
102.83645822218
 20
134.250416319766
 30
0.0
 10
101.490731607811
 20
131.917823521526
 30
0.0
 10
100.145004993442
 20
129.585230723286
 30
0.0
 10
98.799278379073
 20
127.252637925047
 30
0.0
  0
SPLINE
  5
c4
100
AcDbEntity
  8
Default
100
AcDbSpline
 70
     9
 71
     3
 72
    32
 73
    28
 74
     0
 42
0.0000001
 43
0.0000001
 40
0.0
 40
0.0
 40
0.0
 40
0.0
 40
1.0
 40
1.0
 40
1.0
 40
2.0
 40
2.0
 40
2.0
 40
8.346472490354
 40
8.346472490354
 40
8.346472490354
 40
9.346472490354
 40
9.346472490354
 40
9.346472490354
 40
10.346472490354
 40
10.346472490354
 40
10.346472490354
 40
16.689422098122
 40
16.689422098122
 40
16.689422098122
 40
17.689422098122
 40
17.689422098122
 40
17.689422098122
 40
18.689422098122
 40
18.689422098122
 40
18.689422098122
 40
25.035894588476
 40
25.035894588476
 40
25.035894588476
 40
25.035894588476
 10
91.299278379073
 20
132.746806673633
 30
0.0
 10
91.031392103942
 20
133.21114288386
 30
0.0
 10
90.536070119044
 20
133.497222993399
 30
0.0
 10
90.0
 20
133.497222993399
 30
0.0
 10
89.463929880956
 20
133.497222993399
 30
0.0
 10
88.968607896058
 20
133.21114288386
 30
0.0
 10
88.700721620927
 20
132.746806673633
 30
0.0
 10
87.643563352966
 20
130.914399009167
 30
0.0
 10
86.586405085005
 20
129.081991344701
 30
0.0
 10
85.529246817043
 20
127.249583680234
 30
0.0
 10
85.26148926967
 20
126.785470598121
 30
0.0
 10
85.261626670764
 20
126.213776191745
 30
0.0
 10
85.529607277164
 20
125.749791868996
 30
0.0
 10
85.797587883564
 20
125.285807546247
 30
0.0
 10
86.29271267558
 20
125.0
 30
0.0
 10
86.828525196116
 20
125.0
 30
0.0
 10
88.942841732039
 20
125.0
 30
0.0
 10
91.057158267961
 20
125.0
 30
0.0
 10
93.171474803884
 20
125.0
 30
0.0
 10
93.70728732442
 20
125.0
 30
0.0
 10
94.202412116436
 20
125.285807546247
 30
0.0
 10
94.470392722836
 20
125.749791868996
 30
0.0
 10
94.738373329236
 20
126.213776191745
 30
0.0
 10
94.73851073033
 20
126.785470598121
 30
0.0
 10
94.470753182957
 20
127.249583680234
 30
0.0
 10
93.413594914996
 20
129.081991344701
 30
0.0
 10
92.356436647034
 20
130.914399009167
 30
0.0
 10
91.299278379073
 20
132.746806673633
 30
0.0
  0
SPLINE
  5
c5
100
AcDbEntity
  8
Default
100
AcDbSpline
 70
     9
 71
     3
 72
    32
 73
    28
 74
     0
 42
0.0000001
 43
0.0000001
 40
0.0
 40
0.0
 40
0.0
 40
0.0
 40
1.0
 40
1.0
 40
1.0
 40
2.0
 40
2.0
 40
2.0
 40
8.346472490354
 40
8.346472490354
 40
8.346472490354
 40
9.346472490354
 40
9.346472490354
 40
9.346472490354
 40
10.346472490354
 40
10.346472490354
 40
10.346472490354
 40
16.689422098122
 40
16.689422098122
 40
16.689422098122
 40
17.689422098122
 40
17.689422098122
 40
17.689422098122
 40
18.689422098122
 40
18.689422098122
 40
18.689422098122
 40
25.035894588476
 40
25.035894588476
 40
25.035894588476
 40
25.035894588476
 10
91.299278379073
 20
115.253193326367
 30
0.0
 10
91.031392103942
 20
114.788857116139
 30
0.0
 10
90.536070119044
 20
114.502777006601
 30
0.0
 10
90.0
 20
114.502777006601
 30
0.0
 10
89.463929880956
 20
114.502777006601
 30
0.0
 10
88.968607896058
 20
114.78885711614
 30
0.0
 10
88.700721620927
 20
115.253193326367
 30
0.0
 10
87.643563352966
 20
117.085600990833
 30
0.0
 10
86.586405085005
 20
118.918008655299
 30
0.0
 10
85.529246817043
 20
120.750416319766
 30
0.0
 10
85.26148926967
 20
121.214529401879
 30
0.0
 10
85.261626670764
 20
121.786223808255
 30
0.0
 10
85.529607277164
 20
122.250208131004
 30
0.0
 10
85.797587883564
 20
122.714192453753
 30
0.0
 10
86.29271267558
 20
123.0
 30
0.0
 10
86.828525196116
 20
123.0
 30
0.0
 10
88.942841732039
 20
123.0
 30
0.0
 10
91.057158267961
 20
123.0
 30
0.0
 10
93.171474803884
 20
123.0
 30
0.0
 10
93.70728732442
 20
123.0
 30
0.0
 10
94.202412116436
 20
122.714192453753
 30
0.0
 10
94.470392722836
 20
122.250208131004
 30
0.0
 10
94.738373329236
 20
121.786223808255
 30
0.0
 10
94.73851073033
 20
121.214529401879
 30
0.0
 10
94.470753182957
 20
120.750416319766
 30
0.0
 10
93.413594914996
 20
118.918008655299
 30
0.0
 10
92.356436647034
 20
117.085600990833
 30
0.0
 10
91.299278379073
 20
115.253193326367
 30
0.0
  0
SPLINE
  5
c6
100
AcDbEntity
  8
Default
100
AcDbSpline
 70
     9
 71
     3
 72
    32
 73
    28
 74
     0
 42
0.0000001
 43
0.0000001
 40
0.0
 40
0.0
 40
0.0
 40
0.0
 40
1.0
 40
1.0
 40
1.0
 40
2.0
 40
2.0
 40
2.0
 40
8.346472490354
 40
8.346472490354
 40
8.346472490354
 40
9.346472490354
 40
9.346472490354
 40
9.346472490354
 40
10.346472490354
 40
10.346472490354
 40
10.346472490354
 40
16.689422098122
 40
16.689422098122
 40
16.689422098122
 40
17.689422098122
 40
17.689422098122
 40
17.689422098122
 40
18.689422098122
 40
18.689422098122
 40
18.689422098122
 40
25.035894588476
 40
25.035894588476
 40
25.035894588476
 40
25.035894588476
 10
98.366185586049
 20
119.496945446888
 30
0.0
 10
98.187594735961
 20
119.806502920373
 30
0.0
 10
97.857380079363
 20
119.997222993399
 30
0.0
 10
97.5
 20
119.997222993399
 30
0.0
 10
97.142619920637
 20
119.997222993399
 30
0.0
 10
96.812405264039
 20
119.806502920373
 30
0.0
 10
96.633814413952
 20
119.496945446888
 30
0.0
 10
95.57665614599
 20
117.664537782422
 30
0.0
 10
94.519497878029
 20
115.832130117956
 30
0.0
 10
93.462339610068
 20
113.99972245349
 30
0.0
 10
93.283834578486
 20
113.690313732081
 30
0.0
 10
93.283926179214
 20
113.30918412783
 30
0.0
 10
93.462579916814
 20
112.999861245997
 30
0.0
 10
93.641233654414
 20
112.690538364165
 30
0.0
 10
93.971316849092
 20
112.5
 30
0.0
 10
94.328525196116
 20
112.5
 30
0.0
 10
96.442841732039
 20
112.5
 30
0.0
 10
98.557158267961
 20
112.5
 30
0.0
 10
100.671474803884
 20
112.5
 30
0.0
 10
101.028683150908
 20
112.5
 30
0.0
 10
101.358766345586
 20
112.690538364165
 30
0.0
 10
101.537420083186
 20
112.999861245997
 30
0.0
 10
101.716073820785
 20
113.30918412783
 30
0.0
 10
101.716165421514
 20
113.690313732081
 30
0.0
 10
101.537660389932
 20
113.999722453489
 30
0.0
 10
100.480502121971
 20
115.832130117956
 30
0.0
 10
99.42334385401
 20
117.664537782422
 30
0.0
 10
98.366185586049
 20
119.496945446888
 30
0.0
  0
SPLINE
  5
c7
100
AcDbEntity
  8
Default
100
AcDbSpline
 70
     9
 71
     3
 72
    32
 73
    28
 74
     0
 42
0.0000001
 43
0.0000001
 40
0.0
 40
0.0
 40
0.0
 40
0.0
 40
1.0
 40
1.0
 40
1.0
 40
2.0
 40
2.0
 40
2.0
 40
8.346472490354
 40
8.346472490354
 40
8.346472490354
 40
9.346472490354
 40
9.346472490354
 40
9.346472490354
 40
10.346472490354
 40
10.346472490354
 40
10.346472490354
 40
16.689422098122
 40
16.689422098122
 40
16.689422098122
 40
17.689422098122
 40
17.689422098122
 40
17.689422098122
 40
18.689422098122
 40
18.689422098122
 40
18.689422098122
 40
25.035894588476
 40
25.035894588476
 40
25.035894588476
 40
25.035894588476
 10
98.366185586049
 20
102.503054553112
 30
0.0
 10
98.187594735961
 20
102.193497079627
 30
0.0
 10
97.857380079363
 20
102.002777006601
 30
0.0
 10
97.5
 20
102.002777006601
 30
0.0
 10
97.142619920637
 20
102.002777006601
 30
0.0
 10
96.812405264039
 20
102.193497079627
 30
0.0
 10
96.633814413951
 20
102.503054553112
 30
0.0
 10
95.57665614599
 20
104.335462217578
 30
0.0
 10
94.519497878029
 20
106.167869882044
 30
0.0
 10
93.462339610068
 20
108.000277546511
 30
0.0
 10
93.283834578486
 20
108.309686267919
 30
0.0
 10
93.283926179214
 20
108.69081587217
 30
0.0
 10
93.462579916814
 20
109.000138754003
 30
0.0
 10
93.641233654414
 20
109.309461635835
 30
0.0
 10
93.971316849092
 20
109.5
 30
0.0
 10
94.328525196116
 20
109.5
 30
0.0
 10
96.442841732039
 20
109.5
 30
0.0
 10
98.557158267961
 20
109.5
 30
0.0
 10
100.671474803884
 20
109.5
 30
0.0
 10
101.028683150908
 20
109.5
 30
0.0
 10
101.358766345586
 20
109.309461635835
 30
0.0
 10
101.537420083186
 20
109.000138754002
 30
0.0
 10
101.716073820786
 20
108.69081587217
 30
0.0
 10
101.716165421515
 20
108.309686267919
 30
0.0
 10
101.537660389933
 20
108.00027754651
 30
0.0
 10
100.480502121971
 20
106.167869882044
 30
0.0
 10
99.42334385401
 20
104.335462217578
 30
0.0
 10
98.366185586049
 20
102.503054553112
 30
0.0
  0
SPLINE
  5
c8
100
AcDbEntity
  8
Default
100
AcDbSpline
 70
     9
 71
     3
 72
    32
 73
    28
 74
     0
 42
0.0000001
 43
0.0000001
 40
0.0
 40
0.0
 40
0.0
 40
0.0
 40
1.0
 40
1.0
 40
1.0
 40
2.0
 40
2.0
 40
2.0
 40
6.614100784464
 40
6.614100784464
 40
6.614100784464
 40
7.614100784464
 40
7.614100784464
 40
7.614100784464
 40
8.614100784464
 40
8.614100784464
 40
8.614100784464
 40
13.225640313786
 40
13.225640313786
 40
13.225640313786
 40
14.225640313786
 40
14.225640313786
 40
14.225640313786
 40
15.225640313786
 40
15.225640313786
 40
15.225640313786
 40
19.83974109825
 40
19.83974109825
 40
19.83974109825
 40
19.83974109825
 10
90.866185586049
 20
105.496390045568
 30
0.0
 10
90.687594735961
 20
105.805947519053
 30
0.0
 10
90.357380079363
 20
105.996667592078
 30
0.0
 10
90.0
 20
105.996667592078
 30
0.0
 10
89.642619920637
 20
105.996667592078
 30
0.0
 10
89.312405264039
 20
105.805947519053
 30
0.0
 10
89.133814413951
 20
105.496390045568
 30
0.0
 10
88.365224492398
 20
104.164167514875
 30
0.0
 10
87.596634570844
 20
102.831944984182
 30
0.0
 10
86.828044649291
 20
101.49972245349
 30
0.0
 10
86.649539617709
 20
101.190313732081
 30
0.0
 10
86.649631218438
 20
100.80918412783
 30
0.0
 10
86.828284956038
 20
100.499861245997
 30
0.0
 10
87.006938693638
 20
100.190538364165
 30
0.0
 10
87.337021888315
 20
100.0
 30
0.0
 10
87.694230235339
 20
100.0
 30
0.0
 10
89.231410078446
 20
100.0
 30
0.0
 10
90.768589921554
 20
100.0
 30
0.0
 10
92.305769764661
 20
100.0
 30
0.0
 10
92.662978111685
 20
100.0
 30
0.0
 10
92.993061306362
 20
100.190538364165
 30
0.0
 10
93.171715043962
 20
100.499861245997
 30
0.0
 10
93.350368781562
 20
100.80918412783
 30
0.0
 10
93.350460382291
 20
101.190313732081
 30
0.0
 10
93.171955350709
 20
101.499722453489
 30
0.0
 10
92.403365429156
 20
102.831944984182
 30
0.0
 10
91.634775507602
 20
104.164167514875
 30
0.0
 10
90.866185586049
 20
105.496390045568
 30
0.0
  0
SPLINE
  5
c9
100
AcDbEntity
  8
Default
100
AcDbSpline
 70
     9
 71
     3
 72
    32
 73
    28
 74
     0
 42
0.0000001
 43
0.0000001
 40
0.0
 40
0.0
 40
0.0
 40
0.0
 40
1.0
 40
1.0
 40
1.0
 40
2.0
 40
2.0
 40
2.0
 40
6.614100784464
 40
6.614100784464
 40
6.614100784464
 40
7.614100784464
 40
7.614100784464
 40
7.614100784464
 40
8.614100784464
 40
8.614100784464
 40
8.614100784464
 40
13.225640313786
 40
13.225640313786
 40
13.225640313786
 40
14.225640313786
 40
14.225640313786
 40
14.225640313786
 40
15.225640313786
 40
15.225640313786
 40
15.225640313786
 40
19.83974109825
 40
19.83974109825
 40
19.83974109825
 40
19.83974109825
 10
90.866185586049
 20
90.503609954432
 30
0.0
 10
90.687594735961
 20
90.194052480947
 30
0.0
 10
90.357380079363
 20
90.003332407922
 30
0.0
 10
90.0
 20
90.003332407922
 30
0.0
 10
89.642619920637
 20
90.003332407922
 30
0.0
 10
89.312405264039
 20
90.194052480947
 30
0.0
 10
89.133814413951
 20
90.503609954432
 30
0.0
 10
88.365224492398
 20
91.835832485125
 30
0.0
 10
87.596634570844
 20
93.168055015818
 30
0.0
 10
86.828044649291
 20
94.50027754651
 30
0.0
 10
86.649539617709
 20
94.809686267919
 30
0.0
 10
86.649631218438
 20
95.19081587217
 30
0.0
 10
86.828284956038
 20
95.500138754003
 30
0.0
 10
87.006938693638
 20
95.809461635835
 30
0.0
 10
87.337021888315
 20
96.0
 30
0.0
 10
87.694230235339
 20
96.0
 30
0.0
 10
89.231410078446
 20
96.0
 30
0.0
 10
90.768589921554
 20
96.0
 30
0.0
 10
92.305769764661
 20
96.0
 30
0.0
 10
92.662978111685
 20
96.0
 30
0.0
 10
92.993061306362
 20
95.809461635835
 30
0.0
 10
93.171715043962
 20
95.500138754002
 30
0.0
 10
93.350368781562
 20
95.19081587217
 30
0.0
 10
93.350460382291
 20
94.809686267919
 30
0.0
 10
93.171955350709
 20
94.50027754651
 30
0.0
 10
92.403365429156
 20
93.168055015818
 30
0.0
 10
91.634775507602
 20
91.835832485125
 30
0.0
 10
90.866185586049
 20
90.503609954432
 30
0.0
  0
SPLINE
  5
ca
100
AcDbEntity
  8
Default
100
AcDbSpline
 70
     9
 71
     3
 72
    32
 73
    28
 74
     0
 42
0.0000001
 43
0.0000001
 40
0.0
 40
0.0
 40
0.0
 40
0.0
 40
1.0
 40
1.0
 40
1.0
 40
2.0
 40
2.0
 40
2.0
 40
4.881729078574
 40
4.881729078574
 40
4.881729078574
 40
5.881729078574
 40
5.881729078574
 40
5.881729078574
 40
6.881729078574
 40
6.881729078574
 40
6.881729078574
 40
9.761858529449
 40
9.761858529449
 40
9.761858529449
 40
10.761858529449
 40
10.761858529449
 40
10.761858529449
 40
11.761858529449
 40
11.761858529449
 40
11.761858529449
 40
14.643587608024
 40
14.643587608024
 40
14.643587608024
 40
14.643587608024
 10
98.366185586049
 20
91.495834644248
 30
0.0
 10
98.187594735961
 20
91.805392117733
 30
0.0
 10
97.857380079363
 20
91.996112190758
 30
0.0
 10
97.5
 20
91.996112190758
 30
0.0
 10
97.142619920637
 20
91.996112190758
 30
0.0
 10
96.812405264039
 20
91.805392117733
 30
0.0
 10
96.633814413952
 20
91.495834644248
 30
0.0
 10
96.153792838806
 20
90.663797247328
 30
0.0
 10
95.67377126366
 20
89.831759850409
 30
0.0
 10
95.193749688514
 20
88.99972245349
 30
0.0
 10
95.015244656932
 20
88.690313732081
 30
0.0
 10
95.015336257661
 20
88.30918412783
 30
0.0
 10
95.193989995261
 20
87.999861245997
 30
0.0
 10
95.372643732861
 20
87.690538364165
 30
0.0
 10
95.702726927538
 20
87.5
 30
0.0
 10
96.059935274563
 20
87.5
 30
0.0
 10
97.019978424854
 20
87.5
 30
0.0
 10
97.980021575146
 20
87.5
 30
0.0
 10
98.940064725437
 20
87.5
 30
0.0
 10
99.297273072462
 20
87.5
 30
0.0
 10
99.627356267139
 20
87.690538364165
 30
0.0
 10
99.806010004739
 20
87.999861245998
 30
0.0
 10
99.984663742339
 20
88.30918412783
 30
0.0
 10
99.984755343068
 20
88.690313732081
 30
0.0
 10
99.806250311486
 20
88.99972245349
 30
0.0
 10
99.32622873634
 20
89.831759850409
 30
0.0
 10
98.846207161194
 20
90.663797247328
 30
0.0
 10
98.366185586049
 20
91.495834644248
 30
0.0
  0
SPLINE
  5
cb
100
AcDbEntity
  8
Default
100
AcDbSpline
 70
     9
 71
     3
 72
    32
 73
    28
 74
     0
 42
0.0000001
 43
0.0000001
 40
0.0
 40
0.0
 40
0.0
 40
0.0
 40
1.0
 40
1.0
 40
1.0
 40
2.0
 40
2.0
 40
2.0
 40
4.881729078574
 40
4.881729078574
 40
4.881729078574
 40
5.881729078574
 40
5.881729078574
 40
5.881729078574
 40
6.881729078574
 40
6.881729078574
 40
6.881729078574
 40
9.761858529449
 40
9.761858529449
 40
9.761858529449
 40
10.761858529449
 40
10.761858529449
 40
10.761858529449
 40
11.761858529449
 40
11.761858529449
 40
11.761858529449
 40
14.643587608024
 40
14.643587608024
 40
14.643587608024
 40
14.643587608024
 10
98.366185586049
 20
78.504165355752
 30
0.0
 10
98.187594735961
 20
78.194607882267
 30
0.0
 10
97.857380079363
 20
78.003887809242
 30
0.0
 10
97.5
 20
78.003887809242
 30
0.0
 10
97.142619920637
 20
78.003887809242
 30
0.0
 10
96.812405264039
 20
78.194607882267
 30
0.0
 10
96.633814413951
 20
78.504165355752
 30
0.0
 10
96.153792838806
 20
79.336202752672
 30
0.0
 10
95.67377126366
 20
80.168240149591
 30
0.0
 10
95.193749688514
 20
81.00027754651
 30
0.0
 10
95.015244656932
 20
81.309686267919
 30
0.0
 10
95.015336257661
 20
81.69081587217
 30
0.0
 10
95.193989995261
 20
82.000138754003
 30
0.0
 10
95.372643732861
 20
82.309461635835
 30
0.0
 10
95.702726927538
 20
82.5
 30
0.0
 10
96.059935274563
 20
82.5
 30
0.0
 10
97.019978424854
 20
82.5
 30
0.0
 10
97.980021575146
 20
82.5
 30
0.0
 10
98.940064725437
 20
82.5
 30
0.0
 10
99.297273072462
 20
82.5
 30
0.0
 10
99.627356267139
 20
82.309461635835
 30
0.0
 10
99.806010004739
 20
82.000138754003
 30
0.0
 10
99.984663742339
 20
81.69081587217
 30
0.0
 10
99.984755343068
 20
81.309686267919
 30
0.0
 10
99.806250311486
 20
81.000277546511
 30
0.0
 10
99.32622873634
 20
80.168240149591
 30
0.0
 10
98.846207161194
 20
79.336202752672
 30
0.0
 10
98.366185586049
 20
78.504165355752
 30
0.0
  0
SPLINE
  5
cc
100
AcDbEntity
  8
Default
100
AcDbSpline
 70
     9
 71
     3
 72
    32
 73
    28
 74
     0
 42
0.0000001
 43
0.0000001
 40
0.0
 40
0.0
 40
0.0
 40
0.0
 40
1.0
 40
1.0
 40
1.0
 40
2.0
 40
2.0
 40
2.0
 40
4.881729078574
 40
4.881729078574
 40
4.881729078574
 40
5.881729078574
 40
5.881729078574
 40
5.881729078574
 40
6.881729078574
 40
6.881729078574
 40
6.881729078574
 40
9.761858529449
 40
9.761858529449
 40
9.761858529449
 40
10.761858529449
 40
10.761858529449
 40
10.761858529449
 40
11.761858529449
 40
11.761858529449
 40
11.761858529449
 40
14.643587608024
 40
14.643587608024
 40
14.643587608024
 40
14.643587608024
 10
90.433092793024
 20
78.245973417503
 30
0.0
 10
90.343797367981
 20
78.400752154245
 30
0.0
 10
90.178690039681
 20
78.496112190758
 30
0.0
 10
90.0
 20
78.496112190758
 30
0.0
 10
89.821309960319
 20
78.496112190758
 30
0.0
 10
89.656202632019
 20
78.400752154245
 30
0.0
 10
89.566907206976
 20
78.245973417503
 30
0.0
 10
89.08688563183
 20
77.413936020584
 30
0.0
 10
88.606864056684
 20
76.581898623664
 30
0.0
 10
88.126842481538
 20
75.749861226745
 30
0.0
 10
88.037589965747
 20
75.59515686604
 30
0.0
 10
88.037635766112
 20
75.404592063915
 30
0.0
 10
88.126962634912
 20
75.249930622999
 30
0.0
 10
88.216289503712
 20
75.095269182082
 30
0.0
 10
88.38133110105
 20
75.0
 30
0.0
 10
88.559935274563
 20
75.0
 30
0.0
 10
89.519978424854
 20
75.0
 30
0.0
 10
90.480021575146
 20
75.0
 30
0.0
 10
91.440064725437
 20
75.0
 30
0.0
 10
91.61866889895
 20
75.0
 30
0.0
 10
91.783710496288
 20
75.095269182082
 30
0.0
 10
91.873037365088
 20
75.249930622999
 30
0.0
 10
91.962364233888
 20
75.404592063915
 30
0.0
 10
91.962410034253
 20
75.59515686604
 30
0.0
 10
91.873157518462
 20
75.749861226745
 30
0.0
 10
91.393135943316
 20
76.581898623664
 30
0.0
 10
90.91311436817
 20
77.413936020584
 30
0.0
 10
90.433092793024
 20
78.245973417503
 30
0.0
  0
SPLINE
  5
cd
100
AcDbEntity
  8
Default
100
AcDbSpline
 70
     9
 71
     3
 72
    32
 73
    28
 74
     0
 42
0.0000001
 43
0.0000001
 40
0.0
 40
0.0
 40
0.0
 40
0.0
 40
1.0
 40
1.0
 40
1.0
 40
2.0
 40
2.0
 40
2.0
 40
4.881729078574
 40
4.881729078574
 40
4.881729078574
 40
5.881729078574
 40
5.881729078574
 40
5.881729078574
 40
6.881729078574
 40
6.881729078574
 40
6.881729078574
 40
9.761858529449
 40
9.761858529449
 40
9.761858529449
 40
10.761858529449
 40
10.761858529449
 40
10.761858529449
 40
11.761858529449
 40
11.761858529449
 40
11.761858529449
 40
14.643587608024
 40
14.643587608024
 40
14.643587608024
 40
14.643587608024
 10
90.433092793024
 20
65.754026582497
 30
0.0
 10
90.343797367981
 20
65.599247845755
 30
0.0
 10
90.178690039681
 20
65.503887809242
 30
0.0
 10
90.0
 20
65.503887809242
 30
0.0
 10
89.821309960319
 20
65.503887809242
 30
0.0
 10
89.656202632019
 20
65.599247845755
 30
0.0
 10
89.566907206976
 20
65.754026582497
 30
0.0
 10
89.08688563183
 20
66.586063979416
 30
0.0
 10
88.606864056684
 20
67.418101376336
 30
0.0
 10
88.126842481538
 20
68.250138773255
 30
0.0
 10
88.037589965747
 20
68.40484313396
 30
0.0
 10
88.037635766112
 20
68.595407936085
 30
0.0
 10
88.126962634912
 20
68.750069377001
 30
0.0
 10
88.216289503712
 20
68.904730817918
 30
0.0
 10
88.38133110105
 20
69.0
 30
0.0
 10
88.559935274563
 20
69.0
 30
0.0
 10
89.519978424854
 20
69.0
 30
0.0
 10
90.480021575146
 20
69.0
 30
0.0
 10
91.440064725437
 20
69.0
 30
0.0
 10
91.61866889895
 20
69.0
 30
0.0
 10
91.783710496288
 20
68.904730817918
 30
0.0
 10
91.873037365088
 20
68.750069377001
 30
0.0
 10
91.962364233888
 20
68.595407936085
 30
0.0
 10
91.962410034253
 20
68.40484313396
 30
0.0
 10
91.873157518462
 20
68.250138773255
 30
0.0
 10
91.393135943316
 20
67.418101376336
 30
0.0
 10
90.91311436817
 20
66.586063979416
 30
0.0
 10
90.433092793024
 20
65.754026582497
 30
0.0
  0
SPLINE
  5
ce
100
AcDbEntity
  8
Default
100
AcDbSpline
 70
     9
 71
     3
 72
    32
 73
    28
 74
     0
 42
0.0000001
 43
0.0000001
 40
0.0
 40
0.0
 40
0.0
 40
0.0
 40
1.0
 40
1.0
 40
1.0
 40
2.0
 40
2.0
 40
2.0
 40
3.149357372685
 40
3.149357372685
 40
3.149357372685
 40
4.149357372685
 40
4.149357372685
 40
4.149357372685
 40
5.149357372685
 40
5.149357372685
 40
5.149357372685
 40
6.298076745113
 40
6.298076745113
 40
6.298076745113
 40
7.298076745113
 40
7.298076745113
 40
7.298076745113
 40
8.298076745113
 40
8.298076745113
 40
8.298076745113
 40
9.447434117798
 40
9.447434117798
 40
9.447434117798
 40
9.447434117798
 10
97.933092793024
 20
64.245418016183
 30
0.0
 10
97.843797367981
 20
64.400196752925
 30
0.0
 10
97.678690039681
 20
64.495556789438
 30
0.0
 10
97.5
 20
64.495556789438
 30
0.0
 10
97.321309960319
 20
64.495556789438
 30
0.0
 10
97.156202632019
 20
64.400196752925
 30
0.0
 10
97.066907206976
 20
64.245418016183
 30
0.0
 10
96.875453978238
 20
63.913565753037
 30
0.0
 10
96.6840007495
 20
63.581713489891
 30
0.0
 10
96.492547520761
 20
63.249861226745
 30
0.0
 10
96.40329500497
 20
63.09515686604
 30
0.0
 10
96.403340805335
 20
62.904592063915
 30
0.0
 10
96.492667674135
 20
62.749930622999
 30
0.0
 10
96.581994542935
 20
62.595269182082
 30
0.0
 10
96.747036140274
 20
62.5
 30
0.0
 10
96.925640313786
 20
62.5
 30
0.0
 10
97.308546771262
 20
62.5
 30
0.0
 10
97.691453228738
 20
62.5
 30
0.0
 10
98.074359686214
 20
62.5
 30
0.0
 10
98.252963859726
 20
62.5
 30
0.0
 10
98.418005457065
 20
62.595269182082
 30
0.0
 10
98.507332325865
 20
62.749930622999
 30
0.0
 10
98.596659194665
 20
62.904592063915
 30
0.0
 10
98.596704995029
 20
63.09515686604
 30
0.0
 10
98.507452479239
 20
63.249861226745
 30
0.0
 10
98.3159992505
 20
63.581713489891
 30
0.0
 10
98.124546021762
 20
63.913565753037
 30
0.0
 10
97.933092793024
 20
64.245418016183
 30
0.0
  0
SPLINE
  5
cf
100
AcDbEntity
  8
Default
100
AcDbSpline
 70
     9
 71
     3
 72
    32
 73
    28
 74
     0
 42
0.0000001
 43
0.0000001
 40
0.0
 40
0.0
 40
0.0
 40
0.0
 40
1.0
 40
1.0
 40
1.0
 40
2.0
 40
2.0
 40
2.0
 40
3.149357372685
 40
3.149357372685
 40
3.149357372685
 40
4.149357372685
 40
4.149357372685
 40
4.149357372685
 40
5.149357372685
 40
5.149357372685
 40
5.149357372685
 40
6.298076745113
 40
6.298076745113
 40
6.298076745113
 40
7.298076745113
 40
7.298076745113
 40
7.298076745113
 40
8.298076745113
 40
8.298076745113
 40
8.298076745113
 40
9.447434117798
 40
9.447434117798
 40
9.447434117798
 40
9.447434117798
 10
97.933092793024
 20
53.754581983817
 30
0.0
 10
97.843797367981
 20
53.599803247075
 30
0.0
 10
97.678690039681
 20
53.504443210562
 30
0.0
 10
97.5
 20
53.504443210562
 30
0.0
 10
97.321309960319
 20
53.504443210562
 30
0.0
 10
97.156202632019
 20
53.599803247075
 30
0.0
 10
97.066907206976
 20
53.754581983817
 30
0.0
 10
96.875453978238
 20
54.086434246963
 30
0.0
 10
96.6840007495
 20
54.418286510109
 30
0.0
 10
96.492547520761
 20
54.750138773255
 30
0.0
 10
96.403295004971
 20
54.90484313396
 30
0.0
 10
96.403340805335
 20
55.095407936085
 30
0.0
 10
96.492667674135
 20
55.250069377001
 30
0.0
 10
96.581994542935
 20
55.404730817918
 30
0.0
 10
96.747036140274
 20
55.5
 30
0.0
 10
96.925640313786
 20
55.5
 30
0.0
 10
97.308546771262
 20
55.5
 30
0.0
 10
97.691453228738
 20
55.5
 30
0.0
 10
98.074359686214
 20
55.5
 30
0.0
 10
98.252963859726
 20
55.5
 30
0.0
 10
98.418005457065
 20
55.404730817918
 30
0.0
 10
98.507332325865
 20
55.250069377001
 30
0.0
 10
98.596659194665
 20
55.095407936085
 30
0.0
 10
98.596704995029
 20
54.90484313396
 30
0.0
 10
98.507452479239
 20
54.750138773255
 30
0.0
 10
98.3159992505
 20
54.418286510109
 30
0.0
 10
98.124546021762
 20
54.086434246963
 30
0.0
 10
97.933092793024
 20
53.754581983817
 30
0.0
  0
SPLINE
  5
d0
100
AcDbEntity
  8
Default
100
AcDbSpline
 70
     9
 71
     3
 72
    32
 73
    28
 74
     0
 42
0.0000001
 43
0.0000001
 40
0.0
 40
0.0
 40
0.0
 40
0.0
 40
1.0
 40
1.0
 40
1.0
 40
2.0
 40
2.0
 40
2.0
 40
11.805769764661
 40
11.805769764661
 40
11.805769764661
 40
12.805769764661
 40
12.805769764661
 40
12.805769764661
 40
13.805769764661
 40
13.805769764661
 40
13.805769764661
 40
23.616985666794
 40
23.616985666794
 40
23.616985666794
 40
24.616985666794
 40
24.616985666794
 40
24.616985666794
 40
25.616985666794
 40
25.616985666794
 40
25.616985666794
 40
35.428201568928
 40
35.428201568928
 40
35.428201568928
 40
35.428201568928
 10
98.797836738597
 20
147.750416319766
 30
0.0
 10
98.530079191224
 20
148.214529401879
 30
0.0
 10
98.530216592317
 20
148.786223808255
 30
0.0
 10
98.798197198717
 20
149.250208131004
 30
0.0
 10
99.066177805117
 20
149.714192453753
 30
0.0
 10
99.561302597133
 20
150.0
 30
0.0
 10
100.09711511767
 20
150.0
 30
0.0
 10
103.365705039223
 20
150.0
 30
0.0
 10
106.634294960777
 20
150.0
 30
0.0
 10
109.90288488233
 20
150.0
 30
0.0
 10
110.438697402867
 20
150.0
 30
0.0
 10
110.933822194883
 20
149.714192453752
 30
0.0
 10
111.201802801283
 20
149.250208131003
 30
0.0
 10
111.469783407683
 20
148.786223808254
 30
0.0
 10
111.469920808776
 20
148.214529401878
 30
0.0
 10
111.202163261404
 20
147.750416319765
 30
0.0
 10
109.567868300626
 20
144.917638387753
 30
0.0
 10
107.93357333985
 20
142.08486045574
 30
0.0
 10
106.299278379073
 20
139.252082523726
 30
0.0
 10
106.031392103942
 20
138.787746313499
 30
0.0
 10
105.536070119044
 20
138.501666203961
 30
0.0
 10
105.0
 20
138.501666203961
 30
0.0
 10
104.463929880956
 20
138.501666203961
 30
0.0
 10
103.968607896058
 20
138.787746313499
 30
0.0
 10
103.700721620927
 20
139.252082523726
 30
0.0
 10
102.06642666015
 20
142.08486045574
 30
0.0
 10
100.432131699374
 20
144.917638387753
 30
0.0
 10
98.797836738597
 20
147.750416319766
 30
0.0
  0
SPLINE
  5
d1
100
AcDbEntity
  8
Default
100
AcDbSpline
 70
     9
 71
     3
 72
    32
 73
    28
 74
     0
 42
0.0000001
 43
0.0000001
 40
0.0
 40
0.0
 40
0.0
 40
0.0
 40
1.0
 40
1.0
 40
1.0
 40
2.0
 40
2.0
 40
2.0
 40
10.078844196244
 40
10.078844196244
 40
10.078844196244
 40
11.078844196244
 40
11.078844196244
 40
11.078844196244
 40
12.078844196244
 40
12.078844196244
 40
12.078844196244
 40
20.153203882458
 40
20.153203882458
 40
20.153203882458
 40
21.153203882458
 40
21.153203882458
 40
21.153203882458
 40
22.153203882458
 40
22.153203882458
 40
22.153203882458
 40
30.232048078702
 40
30.232048078702
 40
30.232048078702
 40
30.232048078702
 10
113.799278379073
 20
146.747362074953
 30
0.0
 10
113.531392103942
 20
147.211698285181
 30
0.0
 10
113.036070119044
 20
147.497778394719
 30
0.0
 10
112.5
 20
147.497778394719
 30
0.0
 10
111.963929880956
 20
147.497778394719
 30
0.0
 10
111.468607896058
 20
147.211698285181
 30
0.0
 10
111.200721620927
 20
146.747362074953
 30
0.0
 10
109.854995006558
 20
144.414769276714
 30
0.0
 10
108.509268392189
 20
142.082176478474
 30
0.0
 10
107.16354177782
 20
139.749583680234
 30
0.0
 10
106.895784230447
 20
139.285470598121
 30
0.0
 10
106.89592163154
 20
138.713776191745
 30
0.0
 10
107.16390223794
 20
138.249791868996
 30
0.0
 10
107.43188284434
 20
137.785807546247
 30
0.0
 10
107.927007636357
 20
137.5
 30
0.0
 10
108.462820156893
 20
137.5
 30
0.0
 10
111.154273385631
 20
137.5
 30
0.0
 10
113.845726614369
 20
137.5
 30
0.0
 10
116.537179843107
 20
137.5
 30
0.0
 10
117.072992363643
 20
137.5
 30
0.0
 10
117.56811715566
 20
137.785807546247
 30
0.0
 10
117.83609776206
 20
138.249791868996
 30
0.0
 10
118.10407836846
 20
138.713776191745
 30
0.0
 10
118.104215769553
 20
139.285470598121
 30
0.0
 10
117.83645822218
 20
139.749583680234
 30
0.0
 10
116.490731607811
 20
142.082176478474
 30
0.0
 10
115.145004993442
 20
144.414769276714
 30
0.0
 10
113.799278379073
 20
146.747362074953
 30
0.0
  0
SPLINE
  5
d2
100
AcDbEntity
  8
Default
100
AcDbSpline
 70
     9
 71
     3
 72
    32
 73
    28
 74
     0
 42
0.0000001
 43
0.0000001
 40
0.0
 40
0.0
 40
0.0
 40
0.0
 40
1.0
 40
1.0
 40
1.0
 40
2.0
 40
2.0
 40
2.0
 40
10.078844196244
 40
10.078844196244
 40
10.078844196244
 40
11.078844196244
 40
11.078844196244
 40
11.078844196244
 40
12.078844196244
 40
12.078844196244
 40
12.078844196244
 40
20.153203882458
 40
20.153203882458
 40
20.153203882458
 40
21.153203882458
 40
21.153203882458
 40
21.153203882458
 40
22.153203882458
 40
22.153203882458
 40
22.153203882458
 40
30.232048078702
 40
30.232048078702
 40
30.232048078702
 40
30.232048078702
 10
113.799278379073
 20
127.252637925047
 30
0.0
 10
113.531392103942
 20
126.788301714819
 30
0.0
 10
113.036070119044
 20
126.502221605281
 30
0.0
 10
112.5
 20
126.502221605281
 30
0.0
 10
111.963929880956
 20
126.502221605281
 30
0.0
 10
111.468607896058
 20
126.788301714819
 30
0.0
 10
111.200721620927
 20
127.252637925047
 30
0.0
 10
109.854995006558
 20
129.585230723286
 30
0.0
 10
108.509268392189
 20
131.917823521526
 30
0.0
 10
107.16354177782
 20
134.250416319766
 30
0.0
 10
106.895784230447
 20
134.714529401879
 30
0.0
 10
106.89592163154
 20
135.286223808255
 30
0.0
 10
107.16390223794
 20
135.750208131004
 30
0.0
 10
107.43188284434
 20
136.214192453753
 30
0.0
 10
107.927007636357
 20
136.5
 30
0.0
 10
108.462820156893
 20
136.5
 30
0.0
 10
111.154273385631
 20
136.5
 30
0.0
 10
113.845726614369
 20
136.5
 30
0.0
 10
116.537179843107
 20
136.5
 30
0.0
 10
117.072992363643
 20
136.5
 30
0.0
 10
117.56811715566
 20
136.214192453753
 30
0.0
 10
117.83609776206
 20
135.750208131004
 30
0.0
 10
118.10407836846
 20
135.286223808255
 30
0.0
 10
118.104215769553
 20
134.714529401879
 30
0.0
 10
117.83645822218
 20
134.250416319766
 30
0.0
 10
116.490731607811
 20
131.917823521526
 30
0.0
 10
115.145004993442
 20
129.585230723286
 30
0.0
 10
113.799278379073
 20
127.252637925047
 30
0.0
  0
SPLINE
  5
d3
100
AcDbEntity
  8
Default
100
AcDbSpline
 70
     9
 71
     3
 72
    32
 73
    28
 74
     0
 42
0.0000001
 43
0.0000001
 40
0.0
 40
0.0
 40
0.0
 40
0.0
 40
1.0
 40
1.0
 40
1.0
 40
2.0
 40
2.0
 40
2.0
 40
8.346472490354
 40
8.346472490354
 40
8.346472490354
 40
9.346472490354
 40
9.346472490354
 40
9.346472490354
 40
10.346472490354
 40
10.346472490354
 40
10.346472490354
 40
16.689422098122
 40
16.689422098122
 40
16.689422098122
 40
17.689422098122
 40
17.689422098122
 40
17.689422098122
 40
18.689422098122
 40
18.689422098122
 40
18.689422098122
 40
25.035894588476
 40
25.035894588476
 40
25.035894588476
 40
25.035894588476
 10
106.299278379073
 20
132.746806673633
 30
0.0
 10
106.031392103942
 20
133.21114288386
 30
0.0
 10
105.536070119044
 20
133.497222993399
 30
0.0
 10
105.0
 20
133.497222993399
 30
0.0
 10
104.463929880956
 20
133.497222993399
 30
0.0
 10
103.968607896058
 20
133.21114288386
 30
0.0
 10
103.700721620927
 20
132.746806673633
 30
0.0
 10
102.643563352966
 20
130.914399009167
 30
0.0
 10
101.586405085005
 20
129.081991344701
 30
0.0
 10
100.529246817043
 20
127.249583680234
 30
0.0
 10
100.26148926967
 20
126.785470598121
 30
0.0
 10
100.261626670764
 20
126.213776191745
 30
0.0
 10
100.529607277164
 20
125.749791868996
 30
0.0
 10
100.797587883564
 20
125.285807546247
 30
0.0
 10
101.29271267558
 20
125.0
 30
0.0
 10
101.828525196116
 20
125.0
 30
0.0
 10
103.942841732039
 20
125.0
 30
0.0
 10
106.057158267961
 20
125.0
 30
0.0
 10
108.171474803884
 20
125.0
 30
0.0
 10
108.70728732442
 20
125.0
 30
0.0
 10
109.202412116436
 20
125.285807546247
 30
0.0
 10
109.470392722836
 20
125.749791868996
 30
0.0
 10
109.738373329236
 20
126.213776191745
 30
0.0
 10
109.73851073033
 20
126.785470598121
 30
0.0
 10
109.470753182957
 20
127.249583680234
 30
0.0
 10
108.413594914996
 20
129.081991344701
 30
0.0
 10
107.356436647034
 20
130.914399009167
 30
0.0
 10
106.299278379073
 20
132.746806673633
 30
0.0
  0
SPLINE
  5
d4
100
AcDbEntity
  8
Default
100
AcDbSpline
 70
     9
 71
     3
 72
    32
 73
    28
 74
     0
 42
0.0000001
 43
0.0000001
 40
0.0
 40
0.0
 40
0.0
 40
0.0
 40
1.0
 40
1.0
 40
1.0
 40
2.0
 40
2.0
 40
2.0
 40
8.346472490354
 40
8.346472490354
 40
8.346472490354
 40
9.346472490354
 40
9.346472490354
 40
9.346472490354
 40
10.346472490354
 40
10.346472490354
 40
10.346472490354
 40
16.689422098122
 40
16.689422098122
 40
16.689422098122
 40
17.689422098122
 40
17.689422098122
 40
17.689422098122
 40
18.689422098122
 40
18.689422098122
 40
18.689422098122
 40
25.035894588476
 40
25.035894588476
 40
25.035894588476
 40
25.035894588476
 10
106.299278379073
 20
115.253193326367
 30
0.0
 10
106.031392103942
 20
114.788857116139
 30
0.0
 10
105.536070119044
 20
114.502777006601
 30
0.0
 10
105.0
 20
114.502777006601
 30
0.0
 10
104.463929880956
 20
114.502777006601
 30
0.0
 10
103.968607896058
 20
114.78885711614
 30
0.0
 10
103.700721620927
 20
115.253193326367
 30
0.0
 10
102.643563352966
 20
117.085600990833
 30
0.0
 10
101.586405085005
 20
118.918008655299
 30
0.0
 10
100.529246817043
 20
120.750416319766
 30
0.0
 10
100.26148926967
 20
121.214529401879
 30
0.0
 10
100.261626670764
 20
121.786223808255
 30
0.0
 10
100.529607277164
 20
122.250208131004
 30
0.0
 10
100.797587883564
 20
122.714192453753
 30
0.0
 10
101.29271267558
 20
123.0
 30
0.0
 10
101.828525196116
 20
123.0
 30
0.0
 10
103.942841732039
 20
123.0
 30
0.0
 10
106.057158267961
 20
123.0
 30
0.0
 10
108.171474803884
 20
123.0
 30
0.0
 10
108.70728732442
 20
123.0
 30
0.0
 10
109.202412116436
 20
122.714192453753
 30
0.0
 10
109.470392722836
 20
122.250208131004
 30
0.0
 10
109.738373329236
 20
121.786223808255
 30
0.0
 10
109.73851073033
 20
121.214529401879
 30
0.0
 10
109.470753182957
 20
120.750416319766
 30
0.0
 10
108.413594914996
 20
118.918008655299
 30
0.0
 10
107.356436647034
 20
117.085600990833
 30
0.0
 10
106.299278379073
 20
115.253193326367
 30
0.0
  0
SPLINE
  5
d5
100
AcDbEntity
  8
Default
100
AcDbSpline
 70
     9
 71
     3
 72
    32
 73
    28
 74
     0
 42
0.0000001
 43
0.0000001
 40
0.0
 40
0.0
 40
0.0
 40
0.0
 40
1.0
 40
1.0
 40
1.0
 40
2.0
 40
2.0
 40
2.0
 40
8.346472490354
 40
8.346472490354
 40
8.346472490354
 40
9.346472490354
 40
9.346472490354
 40
9.346472490354
 40
10.346472490354
 40
10.346472490354
 40
10.346472490354
 40
16.689422098122
 40
16.689422098122
 40
16.689422098122
 40
17.689422098122
 40
17.689422098122
 40
17.689422098122
 40
18.689422098122
 40
18.689422098122
 40
18.689422098122
 40
25.035894588476
 40
25.035894588476
 40
25.035894588476
 40
25.035894588476
 10
113.366185586049
 20
119.496945446888
 30
0.0
 10
113.187594735961
 20
119.806502920373
 30
0.0
 10
112.857380079363
 20
119.997222993399
 30
0.0
 10
112.5
 20
119.997222993399
 30
0.0
 10
112.142619920637
 20
119.997222993399
 30
0.0
 10
111.812405264039
 20
119.806502920373
 30
0.0
 10
111.633814413952
 20
119.496945446888
 30
0.0
 10
110.57665614599
 20
117.664537782422
 30
0.0
 10
109.519497878029
 20
115.832130117956
 30
0.0
 10
108.462339610068
 20
113.99972245349
 30
0.0
 10
108.283834578486
 20
113.690313732081
 30
0.0
 10
108.283926179214
 20
113.30918412783
 30
0.0
 10
108.462579916814
 20
112.999861245997
 30
0.0
 10
108.641233654414
 20
112.690538364165
 30
0.0
 10
108.971316849092
 20
112.5
 30
0.0
 10
109.328525196116
 20
112.5
 30
0.0
 10
111.442841732039
 20
112.5
 30
0.0
 10
113.557158267961
 20
112.5
 30
0.0
 10
115.671474803884
 20
112.5
 30
0.0
 10
116.028683150908
 20
112.5
 30
0.0
 10
116.358766345586
 20
112.690538364165
 30
0.0
 10
116.537420083186
 20
112.999861245997
 30
0.0
 10
116.716073820785
 20
113.30918412783
 30
0.0
 10
116.716165421514
 20
113.690313732081
 30
0.0
 10
116.537660389932
 20
113.999722453489
 30
0.0
 10
115.480502121971
 20
115.832130117956
 30
0.0
 10
114.42334385401
 20
117.664537782422
 30
0.0
 10
113.366185586049
 20
119.496945446888
 30
0.0
  0
SPLINE
  5
d6
100
AcDbEntity
  8
Default
100
AcDbSpline
 70
     9
 71
     3
 72
    32
 73
    28
 74
     0
 42
0.0000001
 43
0.0000001
 40
0.0
 40
0.0
 40
0.0
 40
0.0
 40
1.0
 40
1.0
 40
1.0
 40
2.0
 40
2.0
 40
2.0
 40
8.346472490354
 40
8.346472490354
 40
8.346472490354
 40
9.346472490354
 40
9.346472490354
 40
9.346472490354
 40
10.346472490354
 40
10.346472490354
 40
10.346472490354
 40
16.689422098122
 40
16.689422098122
 40
16.689422098122
 40
17.689422098122
 40
17.689422098122
 40
17.689422098122
 40
18.689422098122
 40
18.689422098122
 40
18.689422098122
 40
25.035894588476
 40
25.035894588476
 40
25.035894588476
 40
25.035894588476
 10
113.366185586049
 20
102.503054553112
 30
0.0
 10
113.187594735961
 20
102.193497079627
 30
0.0
 10
112.857380079363
 20
102.002777006601
 30
0.0
 10
112.5
 20
102.002777006601
 30
0.0
 10
112.142619920637
 20
102.002777006601
 30
0.0
 10
111.812405264039
 20
102.193497079627
 30
0.0
 10
111.633814413951
 20
102.503054553112
 30
0.0
 10
110.57665614599
 20
104.335462217578
 30
0.0
 10
109.519497878029
 20
106.167869882044
 30
0.0
 10
108.462339610068
 20
108.000277546511
 30
0.0
 10
108.283834578486
 20
108.309686267919
 30
0.0
 10
108.283926179214
 20
108.69081587217
 30
0.0
 10
108.462579916814
 20
109.000138754003
 30
0.0
 10
108.641233654414
 20
109.309461635835
 30
0.0
 10
108.971316849092
 20
109.5
 30
0.0
 10
109.328525196116
 20
109.5
 30
0.0
 10
111.442841732039
 20
109.5
 30
0.0
 10
113.557158267961
 20
109.5
 30
0.0
 10
115.671474803884
 20
109.5
 30
0.0
 10
116.028683150908
 20
109.5
 30
0.0
 10
116.358766345586
 20
109.309461635835
 30
0.0
 10
116.537420083186
 20
109.000138754002
 30
0.0
 10
116.716073820786
 20
108.69081587217
 30
0.0
 10
116.716165421515
 20
108.309686267919
 30
0.0
 10
116.537660389933
 20
108.00027754651
 30
0.0
 10
115.480502121971
 20
106.167869882044
 30
0.0
 10
114.42334385401
 20
104.335462217578
 30
0.0
 10
113.366185586049
 20
102.503054553112
 30
0.0
  0
SPLINE
  5
d7
100
AcDbEntity
  8
Default
100
AcDbSpline
 70
     9
 71
     3
 72
    32
 73
    28
 74
     0
 42
0.0000001
 43
0.0000001
 40
0.0
 40
0.0
 40
0.0
 40
0.0
 40
1.0
 40
1.0
 40
1.0
 40
2.0
 40
2.0
 40
2.0
 40
6.614100784464
 40
6.614100784464
 40
6.614100784464
 40
7.614100784464
 40
7.614100784464
 40
7.614100784464
 40
8.614100784464
 40
8.614100784464
 40
8.614100784464
 40
13.225640313786
 40
13.225640313786
 40
13.225640313786
 40
14.225640313786
 40
14.225640313786
 40
14.225640313786
 40
15.225640313786
 40
15.225640313786
 40
15.225640313786
 40
19.83974109825
 40
19.83974109825
 40
19.83974109825
 40
19.83974109825
 10
105.866185586049
 20
105.496390045568
 30
0.0
 10
105.687594735961
 20
105.805947519053
 30
0.0
 10
105.357380079363
 20
105.996667592078
 30
0.0
 10
105.0
 20
105.996667592078
 30
0.0
 10
104.642619920637
 20
105.996667592078
 30
0.0
 10
104.312405264039
 20
105.805947519053
 30
0.0
 10
104.133814413951
 20
105.496390045568
 30
0.0
 10
103.365224492398
 20
104.164167514875
 30
0.0
 10
102.596634570844
 20
102.831944984182
 30
0.0
 10
101.828044649291
 20
101.49972245349
 30
0.0
 10
101.649539617709
 20
101.190313732081
 30
0.0
 10
101.649631218438
 20
100.80918412783
 30
0.0
 10
101.828284956038
 20
100.499861245997
 30
0.0
 10
102.006938693638
 20
100.190538364165
 30
0.0
 10
102.337021888315
 20
100.0
 30
0.0
 10
102.694230235339
 20
100.0
 30
0.0
 10
104.231410078446
 20
100.0
 30
0.0
 10
105.768589921554
 20
100.0
 30
0.0
 10
107.305769764661
 20
100.0
 30
0.0
 10
107.662978111685
 20
100.0
 30
0.0
 10
107.993061306362
 20
100.190538364165
 30
0.0
 10
108.171715043962
 20
100.499861245997
 30
0.0
 10
108.350368781562
 20
100.80918412783
 30
0.0
 10
108.350460382291
 20
101.190313732081
 30
0.0
 10
108.171955350709
 20
101.499722453489
 30
0.0
 10
107.403365429156
 20
102.831944984182
 30
0.0
 10
106.634775507602
 20
104.164167514875
 30
0.0
 10
105.866185586049
 20
105.496390045568
 30
0.0
  0
SPLINE
  5
d8
100
AcDbEntity
  8
Default
100
AcDbSpline
 70
     9
 71
     3
 72
    32
 73
    28
 74
     0
 42
0.0000001
 43
0.0000001
 40
0.0
 40
0.0
 40
0.0
 40
0.0
 40
1.0
 40
1.0
 40
1.0
 40
2.0
 40
2.0
 40
2.0
 40
6.614100784464
 40
6.614100784464
 40
6.614100784464
 40
7.614100784464
 40
7.614100784464
 40
7.614100784464
 40
8.614100784464
 40
8.614100784464
 40
8.614100784464
 40
13.225640313786
 40
13.225640313786
 40
13.225640313786
 40
14.225640313786
 40
14.225640313786
 40
14.225640313786
 40
15.225640313786
 40
15.225640313786
 40
15.225640313786
 40
19.83974109825
 40
19.83974109825
 40
19.83974109825
 40
19.83974109825
 10
105.866185586049
 20
90.503609954432
 30
0.0
 10
105.687594735961
 20
90.194052480947
 30
0.0
 10
105.357380079363
 20
90.003332407922
 30
0.0
 10
105.0
 20
90.003332407922
 30
0.0
 10
104.642619920637
 20
90.003332407922
 30
0.0
 10
104.312405264039
 20
90.194052480947
 30
0.0
 10
104.133814413951
 20
90.503609954432
 30
0.0
 10
103.365224492398
 20
91.835832485125
 30
0.0
 10
102.596634570844
 20
93.168055015818
 30
0.0
 10
101.828044649291
 20
94.50027754651
 30
0.0
 10
101.649539617709
 20
94.809686267919
 30
0.0
 10
101.649631218438
 20
95.19081587217
 30
0.0
 10
101.828284956038
 20
95.500138754003
 30
0.0
 10
102.006938693638
 20
95.809461635835
 30
0.0
 10
102.337021888315
 20
96.0
 30
0.0
 10
102.694230235339
 20
96.0
 30
0.0
 10
104.231410078446
 20
96.0
 30
0.0
 10
105.768589921554
 20
96.0
 30
0.0
 10
107.305769764661
 20
96.0
 30
0.0
 10
107.662978111685
 20
96.0
 30
0.0
 10
107.993061306362
 20
95.809461635835
 30
0.0
 10
108.171715043962
 20
95.500138754002
 30
0.0
 10
108.350368781562
 20
95.19081587217
 30
0.0
 10
108.350460382291
 20
94.809686267919
 30
0.0
 10
108.171955350709
 20
94.50027754651
 30
0.0
 10
107.403365429156
 20
93.168055015818
 30
0.0
 10
106.634775507602
 20
91.835832485125
 30
0.0
 10
105.866185586049
 20
90.503609954432
 30
0.0
  0
SPLINE
  5
d9
100
AcDbEntity
  8
Default
100
AcDbSpline
 70
     9
 71
     3
 72
    32
 73
    28
 74
     0
 42
0.0000001
 43
0.0000001
 40
0.0
 40
0.0
 40
0.0
 40
0.0
 40
1.0
 40
1.0
 40
1.0
 40
2.0
 40
2.0
 40
2.0
 40
4.881729078574
 40
4.881729078574
 40
4.881729078574
 40
5.881729078574
 40
5.881729078574
 40
5.881729078574
 40
6.881729078574
 40
6.881729078574
 40
6.881729078574
 40
9.761858529449
 40
9.761858529449
 40
9.761858529449
 40
10.761858529449
 40
10.761858529449
 40
10.761858529449
 40
11.761858529449
 40
11.761858529449
 40
11.761858529449
 40
14.643587608024
 40
14.643587608024
 40
14.643587608024
 40
14.643587608024
 10
113.366185586049
 20
91.495834644248
 30
0.0
 10
113.187594735961
 20
91.805392117733
 30
0.0
 10
112.857380079363
 20
91.996112190758
 30
0.0
 10
112.5
 20
91.996112190758
 30
0.0
 10
112.142619920637
 20
91.996112190758
 30
0.0
 10
111.812405264039
 20
91.805392117733
 30
0.0
 10
111.633814413952
 20
91.495834644248
 30
0.0
 10
111.153792838806
 20
90.663797247328
 30
0.0
 10
110.67377126366
 20
89.831759850409
 30
0.0
 10
110.193749688514
 20
88.99972245349
 30
0.0
 10
110.015244656932
 20
88.690313732081
 30
0.0
 10
110.015336257661
 20
88.30918412783
 30
0.0
 10
110.193989995261
 20
87.999861245997
 30
0.0
 10
110.372643732861
 20
87.690538364165
 30
0.0
 10
110.702726927538
 20
87.5
 30
0.0
 10
111.059935274563
 20
87.5
 30
0.0
 10
112.019978424854
 20
87.5
 30
0.0
 10
112.980021575146
 20
87.5
 30
0.0
 10
113.940064725437
 20
87.5
 30
0.0
 10
114.297273072462
 20
87.5
 30
0.0
 10
114.627356267139
 20
87.690538364165
 30
0.0
 10
114.806010004739
 20
87.999861245998
 30
0.0
 10
114.984663742339
 20
88.30918412783
 30
0.0
 10
114.984755343068
 20
88.690313732081
 30
0.0
 10
114.806250311486
 20
88.99972245349
 30
0.0
 10
114.32622873634
 20
89.831759850409
 30
0.0
 10
113.846207161194
 20
90.663797247328
 30
0.0
 10
113.366185586049
 20
91.495834644248
 30
0.0
  0
SPLINE
  5
da
100
AcDbEntity
  8
Default
100
AcDbSpline
 70
     9
 71
     3
 72
    32
 73
    28
 74
     0
 42
0.0000001
 43
0.0000001
 40
0.0
 40
0.0
 40
0.0
 40
0.0
 40
1.0
 40
1.0
 40
1.0
 40
2.0
 40
2.0
 40
2.0
 40
4.881729078574
 40
4.881729078574
 40
4.881729078574
 40
5.881729078574
 40
5.881729078574
 40
5.881729078574
 40
6.881729078574
 40
6.881729078574
 40
6.881729078574
 40
9.761858529449
 40
9.761858529449
 40
9.761858529449
 40
10.761858529449
 40
10.761858529449
 40
10.761858529449
 40
11.761858529449
 40
11.761858529449
 40
11.761858529449
 40
14.643587608024
 40
14.643587608024
 40
14.643587608024
 40
14.643587608024
 10
113.366185586049
 20
78.504165355752
 30
0.0
 10
113.187594735961
 20
78.194607882267
 30
0.0
 10
112.857380079363
 20
78.003887809242
 30
0.0
 10
112.5
 20
78.003887809242
 30
0.0
 10
112.142619920637
 20
78.003887809242
 30
0.0
 10
111.812405264039
 20
78.194607882267
 30
0.0
 10
111.633814413951
 20
78.504165355752
 30
0.0
 10
111.153792838806
 20
79.336202752672
 30
0.0
 10
110.67377126366
 20
80.168240149591
 30
0.0
 10
110.193749688514
 20
81.00027754651
 30
0.0
 10
110.015244656932
 20
81.309686267919
 30
0.0
 10
110.015336257661
 20
81.69081587217
 30
0.0
 10
110.193989995261
 20
82.000138754003
 30
0.0
 10
110.372643732861
 20
82.309461635835
 30
0.0
 10
110.702726927538
 20
82.5
 30
0.0
 10
111.059935274563
 20
82.5
 30
0.0
 10
112.019978424854
 20
82.5
 30
0.0
 10
112.980021575146
 20
82.5
 30
0.0
 10
113.940064725437
 20
82.5
 30
0.0
 10
114.297273072462
 20
82.5
 30
0.0
 10
114.627356267139
 20
82.309461635835
 30
0.0
 10
114.806010004739
 20
82.000138754003
 30
0.0
 10
114.984663742339
 20
81.69081587217
 30
0.0
 10
114.984755343068
 20
81.309686267919
 30
0.0
 10
114.806250311486
 20
81.000277546511
 30
0.0
 10
114.32622873634
 20
80.168240149591
 30
0.0
 10
113.846207161194
 20
79.336202752672
 30
0.0
 10
113.366185586049
 20
78.504165355752
 30
0.0
  0
SPLINE
  5
db
100
AcDbEntity
  8
Default
100
AcDbSpline
 70
     9
 71
     3
 72
    32
 73
    28
 74
     0
 42
0.0000001
 43
0.0000001
 40
0.0
 40
0.0
 40
0.0
 40
0.0
 40
1.0
 40
1.0
 40
1.0
 40
2.0
 40
2.0
 40
2.0
 40
4.881729078574
 40
4.881729078574
 40
4.881729078574
 40
5.881729078574
 40
5.881729078574
 40
5.881729078574
 40
6.881729078574
 40
6.881729078574
 40
6.881729078574
 40
9.761858529449
 40
9.761858529449
 40
9.761858529449
 40
10.761858529449
 40
10.761858529449
 40
10.761858529449
 40
11.761858529449
 40
11.761858529449
 40
11.761858529449
 40
14.643587608024
 40
14.643587608024
 40
14.643587608024
 40
14.643587608024
 10
105.433092793024
 20
78.245973417503
 30
0.0
 10
105.343797367981
 20
78.400752154245
 30
0.0
 10
105.178690039681
 20
78.496112190758
 30
0.0
 10
105.0
 20
78.496112190758
 30
0.0
 10
104.821309960319
 20
78.496112190758
 30
0.0
 10
104.656202632019
 20
78.400752154245
 30
0.0
 10
104.566907206976
 20
78.245973417503
 30
0.0
 10
104.08688563183
 20
77.413936020584
 30
0.0
 10
103.606864056684
 20
76.581898623664
 30
0.0
 10
103.126842481538
 20
75.749861226745
 30
0.0
 10
103.037589965747
 20
75.59515686604
 30
0.0
 10
103.037635766112
 20
75.404592063915
 30
0.0
 10
103.126962634912
 20
75.249930622999
 30
0.0
 10
103.216289503712
 20
75.095269182082
 30
0.0
 10
103.38133110105
 20
75.0
 30
0.0
 10
103.559935274563
 20
75.0
 30
0.0
 10
104.519978424854
 20
75.0
 30
0.0
 10
105.480021575146
 20
75.0
 30
0.0
 10
106.440064725437
 20
75.0
 30
0.0
 10
106.61866889895
 20
75.0
 30
0.0
 10
106.783710496288
 20
75.095269182082
 30
0.0
 10
106.873037365088
 20
75.249930622999
 30
0.0
 10
106.962364233888
 20
75.404592063915
 30
0.0
 10
106.962410034253
 20
75.59515686604
 30
0.0
 10
106.873157518462
 20
75.749861226745
 30
0.0
 10
106.393135943316
 20
76.581898623664
 30
0.0
 10
105.91311436817
 20
77.413936020584
 30
0.0
 10
105.433092793024
 20
78.245973417503
 30
0.0
  0
SPLINE
  5
dc
100
AcDbEntity
  8
Default
100
AcDbSpline
 70
     9
 71
     3
 72
    32
 73
    28
 74
     0
 42
0.0000001
 43
0.0000001
 40
0.0
 40
0.0
 40
0.0
 40
0.0
 40
1.0
 40
1.0
 40
1.0
 40
2.0
 40
2.0
 40
2.0
 40
4.881729078574
 40
4.881729078574
 40
4.881729078574
 40
5.881729078574
 40
5.881729078574
 40
5.881729078574
 40
6.881729078574
 40
6.881729078574
 40
6.881729078574
 40
9.761858529449
 40
9.761858529449
 40
9.761858529449
 40
10.761858529449
 40
10.761858529449
 40
10.761858529449
 40
11.761858529449
 40
11.761858529449
 40
11.761858529449
 40
14.643587608024
 40
14.643587608024
 40
14.643587608024
 40
14.643587608024
 10
105.433092793024
 20
65.754026582497
 30
0.0
 10
105.343797367981
 20
65.599247845755
 30
0.0
 10
105.178690039681
 20
65.503887809242
 30
0.0
 10
105.0
 20
65.503887809242
 30
0.0
 10
104.821309960319
 20
65.503887809242
 30
0.0
 10
104.656202632019
 20
65.599247845755
 30
0.0
 10
104.566907206976
 20
65.754026582497
 30
0.0
 10
104.08688563183
 20
66.586063979416
 30
0.0
 10
103.606864056684
 20
67.418101376336
 30
0.0
 10
103.126842481538
 20
68.250138773255
 30
0.0
 10
103.037589965747
 20
68.40484313396
 30
0.0
 10
103.037635766112
 20
68.595407936085
 30
0.0
 10
103.126962634912
 20
68.750069377001
 30
0.0
 10
103.216289503712
 20
68.904730817918
 30
0.0
 10
103.38133110105
 20
69.0
 30
0.0
 10
103.559935274563
 20
69.0
 30
0.0
 10
104.519978424854
 20
69.0
 30
0.0
 10
105.480021575146
 20
69.0
 30
0.0
 10
106.440064725437
 20
69.0
 30
0.0
 10
106.61866889895
 20
69.0
 30
0.0
 10
106.783710496288
 20
68.904730817918
 30
0.0
 10
106.873037365088
 20
68.750069377001
 30
0.0
 10
106.962364233888
 20
68.595407936085
 30
0.0
 10
106.962410034253
 20
68.404843133959
 30
0.0
 10
106.873157518462
 20
68.250138773255
 30
0.0
 10
106.393135943316
 20
67.418101376336
 30
0.0
 10
105.91311436817
 20
66.586063979416
 30
0.0
 10
105.433092793024
 20
65.754026582497
 30
0.0
  0
SPLINE
  5
dd
100
AcDbEntity
  8
Default
100
AcDbSpline
 70
     9
 71
     3
 72
    32
 73
    28
 74
     0
 42
0.0000001
 43
0.0000001
 40
0.0
 40
0.0
 40
0.0
 40
0.0
 40
1.0
 40
1.0
 40
1.0
 40
2.0
 40
2.0
 40
2.0
 40
3.149357372685
 40
3.149357372685
 40
3.149357372685
 40
4.149357372685
 40
4.149357372685
 40
4.149357372685
 40
5.149357372685
 40
5.149357372685
 40
5.149357372685
 40
6.298076745113
 40
6.298076745113
 40
6.298076745113
 40
7.298076745113
 40
7.298076745113
 40
7.298076745113
 40
8.298076745113
 40
8.298076745113
 40
8.298076745113
 40
9.447434117798
 40
9.447434117798
 40
9.447434117798
 40
9.447434117798
 10
112.933092793024
 20
64.245418016183
 30
0.0
 10
112.843797367981
 20
64.400196752925
 30
0.0
 10
112.678690039681
 20
64.495556789438
 30
0.0
 10
112.5
 20
64.495556789438
 30
0.0
 10
112.321309960319
 20
64.495556789438
 30
0.0
 10
112.156202632019
 20
64.400196752925
 30
0.0
 10
112.066907206976
 20
64.245418016183
 30
0.0
 10
111.875453978238
 20
63.913565753037
 30
0.0
 10
111.6840007495
 20
63.581713489891
 30
0.0
 10
111.492547520761
 20
63.249861226745
 30
0.0
 10
111.40329500497
 20
63.09515686604
 30
0.0
 10
111.403340805335
 20
62.904592063915
 30
0.0
 10
111.492667674135
 20
62.749930622999
 30
0.0
 10
111.581994542935
 20
62.595269182082
 30
0.0
 10
111.747036140274
 20
62.5
 30
0.0
 10
111.925640313786
 20
62.5
 30
0.0
 10
112.308546771262
 20
62.5
 30
0.0
 10
112.691453228738
 20
62.5
 30
0.0
 10
113.074359686214
 20
62.5
 30
0.0
 10
113.252963859726
 20
62.5
 30
0.0
 10
113.418005457065
 20
62.595269182082
 30
0.0
 10
113.507332325865
 20
62.749930622999
 30
0.0
 10
113.596659194665
 20
62.904592063915
 30
0.0
 10
113.596704995029
 20
63.09515686604
 30
0.0
 10
113.507452479239
 20
63.249861226745
 30
0.0
 10
113.3159992505
 20
63.581713489891
 30
0.0
 10
113.124546021762
 20
63.913565753037
 30
0.0
 10
112.933092793024
 20
64.245418016183
 30
0.0
  0
SPLINE
  5
de
100
AcDbEntity
  8
Default
100
AcDbSpline
 70
     9
 71
     3
 72
    32
 73
    28
 74
     0
 42
0.0000001
 43
0.0000001
 40
0.0
 40
0.0
 40
0.0
 40
0.0
 40
1.0
 40
1.0
 40
1.0
 40
2.0
 40
2.0
 40
2.0
 40
3.149357372685
 40
3.149357372685
 40
3.149357372685
 40
4.149357372685
 40
4.149357372685
 40
4.149357372685
 40
5.149357372685
 40
5.149357372685
 40
5.149357372685
 40
6.298076745113
 40
6.298076745113
 40
6.298076745113
 40
7.298076745113
 40
7.298076745113
 40
7.298076745113
 40
8.298076745113
 40
8.298076745113
 40
8.298076745113
 40
9.447434117798
 40
9.447434117798
 40
9.447434117798
 40
9.447434117798
 10
112.933092793024
 20
53.754581983817
 30
0.0
 10
112.843797367981
 20
53.599803247075
 30
0.0
 10
112.678690039681
 20
53.504443210562
 30
0.0
 10
112.5
 20
53.504443210562
 30
0.0
 10
112.321309960319
 20
53.504443210562
 30
0.0
 10
112.156202632019
 20
53.599803247075
 30
0.0
 10
112.066907206976
 20
53.754581983817
 30
0.0
 10
111.875453978238
 20
54.086434246963
 30
0.0
 10
111.6840007495
 20
54.418286510109
 30
0.0
 10
111.492547520761
 20
54.750138773255
 30
0.0
 10
111.40329500497
 20
54.90484313396
 30
0.0
 10
111.403340805335
 20
55.095407936085
 30
0.0
 10
111.492667674135
 20
55.250069377001
 30
0.0
 10
111.581994542935
 20
55.404730817918
 30
0.0
 10
111.747036140274
 20
55.5
 30
0.0
 10
111.925640313786
 20
55.5
 30
0.0
 10
112.308546771262
 20
55.5
 30
0.0
 10
112.691453228738
 20
55.5
 30
0.0
 10
113.074359686214
 20
55.5
 30
0.0
 10
113.252963859726
 20
55.5
 30
0.0
 10
113.418005457065
 20
55.404730817918
 30
0.0
 10
113.507332325865
 20
55.250069377001
 30
0.0
 10
113.596659194665
 20
55.095407936085
 30
0.0
 10
113.596704995029
 20
54.90484313396
 30
0.0
 10
113.507452479239
 20
54.750138773255
 30
0.0
 10
113.3159992505
 20
54.418286510109
 30
0.0
 10
113.124546021762
 20
54.086434246963
 30
0.0
 10
112.933092793024
 20
53.754581983817
 30
0.0
  0
SPLINE
  5
df
100
AcDbEntity
  8
Default
100
AcDbSpline
 70
     9
 71
     3
 72
    32
 73
    28
 74
     0
 42
0.0000001
 43
0.0000001
 40
0.0
 40
0.0
 40
0.0
 40
0.0
 40
1.0
 40
1.0
 40
1.0
 40
2.0
 40
2.0
 40
2.0
 40
11.805769764661
 40
11.805769764661
 40
11.805769764661
 40
12.805769764661
 40
12.805769764661
 40
12.805769764661
 40
13.805769764661
 40
13.805769764661
 40
13.805769764661
 40
23.616985666794
 40
23.616985666794
 40
23.616985666794
 40
24.616985666794
 40
24.616985666794
 40
24.616985666794
 40
25.616985666794
 40
25.616985666794
 40
25.616985666794
 40
35.428201568928
 40
35.428201568928
 40
35.428201568928
 40
35.428201568928
 10
113.797836738597
 20
147.750416319766
 30
0.0
 10
113.530079191224
 20
148.214529401879
 30
0.0
 10
113.530216592317
 20
148.786223808255
 30
0.0
 10
113.798197198717
 20
149.250208131004
 30
0.0
 10
114.066177805117
 20
149.714192453753
 30
0.0
 10
114.561302597134
 20
150.0
 30
0.0
 10
115.09711511767
 20
150.0
 30
0.0
 10
118.365705039223
 20
150.0
 30
0.0
 10
121.634294960777
 20
150.0
 30
0.0
 10
124.90288488233
 20
150.0
 30
0.0
 10
125.438697402867
 20
150.0
 30
0.0
 10
125.933822194883
 20
149.714192453752
 30
0.0
 10
126.201802801283
 20
149.250208131003
 30
0.0
 10
126.469783407683
 20
148.786223808254
 30
0.0
 10
126.469920808776
 20
148.214529401878
 30
0.0
 10
126.202163261404
 20
147.750416319765
 30
0.0
 10
124.567868300626
 20
144.917638387753
 30
0.0
 10
122.93357333985
 20
142.08486045574
 30
0.0
 10
121.299278379073
 20
139.252082523726
 30
0.0
 10
121.031392103942
 20
138.787746313499
 30
0.0
 10
120.536070119044
 20
138.501666203961
 30
0.0
 10
120.0
 20
138.501666203961
 30
0.0
 10
119.463929880956
 20
138.501666203961
 30
0.0
 10
118.968607896058
 20
138.787746313499
 30
0.0
 10
118.700721620927
 20
139.252082523726
 30
0.0
 10
117.06642666015
 20
142.08486045574
 30
0.0
 10
115.432131699374
 20
144.917638387753
 30
0.0
 10
113.797836738597
 20
147.750416319766
 30
0.0
  0
SPLINE
  5
e0
100
AcDbEntity
  8
Default
100
AcDbSpline
 70
     9
 71
     3
 72
    32
 73
    28
 74
     0
 42
0.0000001
 43
0.0000001
 40
0.0
 40
0.0
 40
0.0
 40
0.0
 40
1.0
 40
1.0
 40
1.0
 40
2.0
 40
2.0
 40
2.0
 40
10.078844196244
 40
10.078844196244
 40
10.078844196244
 40
11.078844196244
 40
11.078844196244
 40
11.078844196244
 40
12.078844196244
 40
12.078844196244
 40
12.078844196244
 40
20.153203882458
 40
20.153203882458
 40
20.153203882458
 40
21.153203882458
 40
21.153203882458
 40
21.153203882458
 40
22.153203882458
 40
22.153203882458
 40
22.153203882458
 40
30.232048078702
 40
30.232048078702
 40
30.232048078702
 40
30.232048078702
 10
128.799278379073
 20
146.747362074953
 30
0.0
 10
128.531392103942
 20
147.211698285181
 30
0.0
 10
128.036070119044
 20
147.497778394719
 30
0.0
 10
127.5
 20
147.497778394719
 30
0.0
 10
126.963929880956
 20
147.497778394719
 30
0.0
 10
126.468607896058
 20
147.211698285181
 30
0.0
 10
126.200721620927
 20
146.747362074953
 30
0.0
 10
124.854995006558
 20
144.414769276714
 30
0.0
 10
123.509268392189
 20
142.082176478474
 30
0.0
 10
122.16354177782
 20
139.749583680234
 30
0.0
 10
121.895784230447
 20
139.285470598121
 30
0.0
 10
121.89592163154
 20
138.713776191745
 30
0.0
 10
122.16390223794
 20
138.249791868996
 30
0.0
 10
122.43188284434
 20
137.785807546247
 30
0.0
 10
122.927007636357
 20
137.5
 30
0.0
 10
123.462820156893
 20
137.5
 30
0.0
 10
126.154273385631
 20
137.5
 30
0.0
 10
128.845726614369
 20
137.5
 30
0.0
 10
131.537179843107
 20
137.5
 30
0.0
 10
132.072992363643
 20
137.5
 30
0.0
 10
132.56811715566
 20
137.785807546247
 30
0.0
 10
132.83609776206
 20
138.249791868996
 30
0.0
 10
133.10407836846
 20
138.713776191745
 30
0.0
 10
133.104215769553
 20
139.285470598121
 30
0.0
 10
132.83645822218
 20
139.749583680234
 30
0.0
 10
131.490731607811
 20
142.082176478474
 30
0.0
 10
130.145004993442
 20
144.414769276714
 30
0.0
 10
128.799278379073
 20
146.747362074953
 30
0.0
  0
SPLINE
  5
e1
100
AcDbEntity
  8
Default
100
AcDbSpline
 70
     9
 71
     3
 72
    32
 73
    28
 74
     0
 42
0.0000001
 43
0.0000001
 40
0.0
 40
0.0
 40
0.0
 40
0.0
 40
1.0
 40
1.0
 40
1.0
 40
2.0
 40
2.0
 40
2.0
 40
10.078844196244
 40
10.078844196244
 40
10.078844196244
 40
11.078844196244
 40
11.078844196244
 40
11.078844196244
 40
12.078844196244
 40
12.078844196244
 40
12.078844196244
 40
20.153203882458
 40
20.153203882458
 40
20.153203882458
 40
21.153203882458
 40
21.153203882458
 40
21.153203882458
 40
22.153203882458
 40
22.153203882458
 40
22.153203882458
 40
30.232048078702
 40
30.232048078702
 40
30.232048078702
 40
30.232048078702
 10
128.799278379073
 20
127.252637925047
 30
0.0
 10
128.531392103942
 20
126.788301714819
 30
0.0
 10
128.036070119044
 20
126.502221605281
 30
0.0
 10
127.5
 20
126.502221605281
 30
0.0
 10
126.963929880956
 20
126.502221605281
 30
0.0
 10
126.468607896058
 20
126.788301714819
 30
0.0
 10
126.200721620927
 20
127.252637925047
 30
0.0
 10
124.854995006558
 20
129.585230723286
 30
0.0
 10
123.509268392189
 20
131.917823521526
 30
0.0
 10
122.16354177782
 20
134.250416319766
 30
0.0
 10
121.895784230447
 20
134.714529401879
 30
0.0
 10
121.89592163154
 20
135.286223808255
 30
0.0
 10
122.16390223794
 20
135.750208131004
 30
0.0
 10
122.43188284434
 20
136.214192453753
 30
0.0
 10
122.927007636357
 20
136.5
 30
0.0
 10
123.462820156893
 20
136.5
 30
0.0
 10
126.154273385631
 20
136.5
 30
0.0
 10
128.845726614369
 20
136.5
 30
0.0
 10
131.537179843107
 20
136.5
 30
0.0
 10
132.072992363643
 20
136.5
 30
0.0
 10
132.56811715566
 20
136.214192453753
 30
0.0
 10
132.83609776206
 20
135.750208131004
 30
0.0
 10
133.10407836846
 20
135.286223808255
 30
0.0
 10
133.104215769553
 20
134.714529401879
 30
0.0
 10
132.83645822218
 20
134.250416319766
 30
0.0
 10
131.490731607811
 20
131.917823521526
 30
0.0
 10
130.145004993442
 20
129.585230723286
 30
0.0
 10
128.799278379073
 20
127.252637925047
 30
0.0
  0
SPLINE
  5
e2
100
AcDbEntity
  8
Default
100
AcDbSpline
 70
     9
 71
     3
 72
    32
 73
    28
 74
     0
 42
0.0000001
 43
0.0000001
 40
0.0
 40
0.0
 40
0.0
 40
0.0
 40
1.0
 40
1.0
 40
1.0
 40
2.0
 40
2.0
 40
2.0
 40
8.346472490354
 40
8.346472490354
 40
8.346472490354
 40
9.346472490354
 40
9.346472490354
 40
9.346472490354
 40
10.346472490354
 40
10.346472490354
 40
10.346472490354
 40
16.689422098122
 40
16.689422098122
 40
16.689422098122
 40
17.689422098122
 40
17.689422098122
 40
17.689422098122
 40
18.689422098122
 40
18.689422098122
 40
18.689422098122
 40
25.035894588476
 40
25.035894588476
 40
25.035894588476
 40
25.035894588476
 10
121.299278379073
 20
132.746806673633
 30
0.0
 10
121.031392103942
 20
133.21114288386
 30
0.0
 10
120.536070119044
 20
133.497222993399
 30
0.0
 10
120.0
 20
133.497222993399
 30
0.0
 10
119.463929880956
 20
133.497222993399
 30
0.0
 10
118.968607896058
 20
133.21114288386
 30
0.0
 10
118.700721620927
 20
132.746806673633
 30
0.0
 10
117.643563352966
 20
130.914399009167
 30
0.0
 10
116.586405085005
 20
129.081991344701
 30
0.0
 10
115.529246817043
 20
127.249583680234
 30
0.0
 10
115.26148926967
 20
126.785470598121
 30
0.0
 10
115.261626670764
 20
126.213776191745
 30
0.0
 10
115.529607277164
 20
125.749791868996
 30
0.0
 10
115.797587883564
 20
125.285807546247
 30
0.0
 10
116.29271267558
 20
125.0
 30
0.0
 10
116.828525196116
 20
125.0
 30
0.0
 10
118.942841732039
 20
125.0
 30
0.0
 10
121.057158267961
 20
125.0
 30
0.0
 10
123.171474803884
 20
125.0
 30
0.0
 10
123.70728732442
 20
125.0
 30
0.0
 10
124.202412116436
 20
125.285807546247
 30
0.0
 10
124.470392722836
 20
125.749791868996
 30
0.0
 10
124.738373329236
 20
126.213776191745
 30
0.0
 10
124.73851073033
 20
126.785470598121
 30
0.0
 10
124.470753182957
 20
127.249583680234
 30
0.0
 10
123.413594914995
 20
129.081991344701
 30
0.0
 10
122.356436647034
 20
130.914399009167
 30
0.0
 10
121.299278379073
 20
132.746806673633
 30
0.0
  0
SPLINE
  5
e3
100
AcDbEntity
  8
Default
100
AcDbSpline
 70
     9
 71
     3
 72
    32
 73
    28
 74
     0
 42
0.0000001
 43
0.0000001
 40
0.0
 40
0.0
 40
0.0
 40
0.0
 40
1.0
 40
1.0
 40
1.0
 40
2.0
 40
2.0
 40
2.0
 40
8.346472490354
 40
8.346472490354
 40
8.346472490354
 40
9.346472490354
 40
9.346472490354
 40
9.346472490354
 40
10.346472490354
 40
10.346472490354
 40
10.346472490354
 40
16.689422098122
 40
16.689422098122
 40
16.689422098122
 40
17.689422098122
 40
17.689422098122
 40
17.689422098122
 40
18.689422098122
 40
18.689422098122
 40
18.689422098122
 40
25.035894588476
 40
25.035894588476
 40
25.035894588476
 40
25.035894588476
 10
121.299278379073
 20
115.253193326367
 30
0.0
 10
121.031392103942
 20
114.788857116139
 30
0.0
 10
120.536070119044
 20
114.502777006601
 30
0.0
 10
120.0
 20
114.502777006601
 30
0.0
 10
119.463929880956
 20
114.502777006601
 30
0.0
 10
118.968607896058
 20
114.78885711614
 30
0.0
 10
118.700721620927
 20
115.253193326367
 30
0.0
 10
117.643563352966
 20
117.085600990833
 30
0.0
 10
116.586405085005
 20
118.918008655299
 30
0.0
 10
115.529246817043
 20
120.750416319766
 30
0.0
 10
115.26148926967
 20
121.214529401879
 30
0.0
 10
115.261626670764
 20
121.786223808255
 30
0.0
 10
115.529607277164
 20
122.250208131004
 30
0.0
 10
115.797587883564
 20
122.714192453753
 30
0.0
 10
116.29271267558
 20
123.0
 30
0.0
 10
116.828525196116
 20
123.0
 30
0.0
 10
118.942841732039
 20
123.0
 30
0.0
 10
121.057158267961
 20
123.0
 30
0.0
 10
123.171474803884
 20
123.0
 30
0.0
 10
123.70728732442
 20
123.0
 30
0.0
 10
124.202412116436
 20
122.714192453753
 30
0.0
 10
124.470392722836
 20
122.250208131004
 30
0.0
 10
124.738373329236
 20
121.786223808255
 30
0.0
 10
124.73851073033
 20
121.214529401879
 30
0.0
 10
124.470753182957
 20
120.750416319766
 30
0.0
 10
123.413594914996
 20
118.918008655299
 30
0.0
 10
122.356436647034
 20
117.085600990833
 30
0.0
 10
121.299278379073
 20
115.253193326367
 30
0.0
  0
SPLINE
  5
e4
100
AcDbEntity
  8
Default
100
AcDbSpline
 70
     9
 71
     3
 72
    32
 73
    28
 74
     0
 42
0.0000001
 43
0.0000001
 40
0.0
 40
0.0
 40
0.0
 40
0.0
 40
1.0
 40
1.0
 40
1.0
 40
2.0
 40
2.0
 40
2.0
 40
8.346472490354
 40
8.346472490354
 40
8.346472490354
 40
9.346472490354
 40
9.346472490354
 40
9.346472490354
 40
10.346472490354
 40
10.346472490354
 40
10.346472490354
 40
16.689422098122
 40
16.689422098122
 40
16.689422098122
 40
17.689422098122
 40
17.689422098122
 40
17.689422098122
 40
18.689422098122
 40
18.689422098122
 40
18.689422098122
 40
25.035894588476
 40
25.035894588476
 40
25.035894588476
 40
25.035894588476
 10
128.366185586049
 20
119.496945446888
 30
0.0
 10
128.187594735961
 20
119.806502920373
 30
0.0
 10
127.857380079363
 20
119.997222993399
 30
0.0
 10
127.5
 20
119.997222993399
 30
0.0
 10
127.142619920637
 20
119.997222993399
 30
0.0
 10
126.812405264039
 20
119.806502920373
 30
0.0
 10
126.633814413952
 20
119.496945446888
 30
0.0
 10
125.57665614599
 20
117.664537782422
 30
0.0
 10
124.519497878029
 20
115.832130117956
 30
0.0
 10
123.462339610068
 20
113.99972245349
 30
0.0
 10
123.283834578486
 20
113.690313732081
 30
0.0
 10
123.283926179214
 20
113.30918412783
 30
0.0
 10
123.462579916814
 20
112.999861245997
 30
0.0
 10
123.641233654414
 20
112.690538364165
 30
0.0
 10
123.971316849092
 20
112.5
 30
0.0
 10
124.328525196116
 20
112.5
 30
0.0
 10
126.442841732039
 20
112.5
 30
0.0
 10
128.557158267961
 20
112.5
 30
0.0
 10
130.671474803884
 20
112.5
 30
0.0
 10
131.028683150908
 20
112.5
 30
0.0
 10
131.358766345586
 20
112.690538364165
 30
0.0
 10
131.537420083185
 20
112.999861245997
 30
0.0
 10
131.716073820785
 20
113.30918412783
 30
0.0
 10
131.716165421514
 20
113.690313732081
 30
0.0
 10
131.537660389932
 20
113.999722453489
 30
0.0
 10
130.480502121971
 20
115.832130117956
 30
0.0
 10
129.42334385401
 20
117.664537782422
 30
0.0
 10
128.366185586049
 20
119.496945446888
 30
0.0
  0
SPLINE
  5
e5
100
AcDbEntity
  8
Default
100
AcDbSpline
 70
     9
 71
     3
 72
    32
 73
    28
 74
     0
 42
0.0000001
 43
0.0000001
 40
0.0
 40
0.0
 40
0.0
 40
0.0
 40
1.0
 40
1.0
 40
1.0
 40
2.0
 40
2.0
 40
2.0
 40
8.346472490354
 40
8.346472490354
 40
8.346472490354
 40
9.346472490354
 40
9.346472490354
 40
9.346472490354
 40
10.346472490354
 40
10.346472490354
 40
10.346472490354
 40
16.689422098122
 40
16.689422098122
 40
16.689422098122
 40
17.689422098122
 40
17.689422098122
 40
17.689422098122
 40
18.689422098122
 40
18.689422098122
 40
18.689422098122
 40
25.035894588476
 40
25.035894588476
 40
25.035894588476
 40
25.035894588476
 10
128.366185586049
 20
102.503054553112
 30
0.0
 10
128.187594735961
 20
102.193497079627
 30
0.0
 10
127.857380079363
 20
102.002777006601
 30
0.0
 10
127.5
 20
102.002777006601
 30
0.0
 10
127.142619920637
 20
102.002777006601
 30
0.0
 10
126.812405264039
 20
102.193497079627
 30
0.0
 10
126.633814413951
 20
102.503054553112
 30
0.0
 10
125.57665614599
 20
104.335462217578
 30
0.0
 10
124.519497878029
 20
106.167869882044
 30
0.0
 10
123.462339610068
 20
108.000277546511
 30
0.0
 10
123.283834578486
 20
108.309686267919
 30
0.0
 10
123.283926179214
 20
108.69081587217
 30
0.0
 10
123.462579916814
 20
109.000138754003
 30
0.0
 10
123.641233654414
 20
109.309461635835
 30
0.0
 10
123.971316849092
 20
109.5
 30
0.0
 10
124.328525196116
 20
109.5
 30
0.0
 10
126.442841732039
 20
109.5
 30
0.0
 10
128.557158267961
 20
109.5
 30
0.0
 10
130.671474803884
 20
109.5
 30
0.0
 10
131.028683150908
 20
109.5
 30
0.0
 10
131.358766345586
 20
109.309461635835
 30
0.0
 10
131.537420083186
 20
109.000138754002
 30
0.0
 10
131.716073820786
 20
108.69081587217
 30
0.0
 10
131.716165421515
 20
108.309686267919
 30
0.0
 10
131.537660389933
 20
108.00027754651
 30
0.0
 10
130.480502121971
 20
106.167869882044
 30
0.0
 10
129.42334385401
 20
104.335462217578
 30
0.0
 10
128.366185586049
 20
102.503054553112
 30
0.0
  0
SPLINE
  5
e6
100
AcDbEntity
  8
Default
100
AcDbSpline
 70
     9
 71
     3
 72
    32
 73
    28
 74
     0
 42
0.0000001
 43
0.0000001
 40
0.0
 40
0.0
 40
0.0
 40
0.0
 40
1.0
 40
1.0
 40
1.0
 40
2.0
 40
2.0
 40
2.0
 40
6.614100784464
 40
6.614100784464
 40
6.614100784464
 40
7.614100784464
 40
7.614100784464
 40
7.614100784464
 40
8.614100784464
 40
8.614100784464
 40
8.614100784464
 40
13.225640313786
 40
13.225640313786
 40
13.225640313786
 40
14.225640313786
 40
14.225640313786
 40
14.225640313786
 40
15.225640313786
 40
15.225640313786
 40
15.225640313786
 40
19.83974109825
 40
19.83974109825
 40
19.83974109825
 40
19.83974109825
 10
120.866185586049
 20
105.496390045568
 30
0.0
 10
120.687594735961
 20
105.805947519053
 30
0.0
 10
120.357380079363
 20
105.996667592078
 30
0.0
 10
120.0
 20
105.996667592078
 30
0.0
 10
119.642619920637
 20
105.996667592078
 30
0.0
 10
119.312405264039
 20
105.805947519053
 30
0.0
 10
119.133814413951
 20
105.496390045568
 30
0.0
 10
118.365224492398
 20
104.164167514875
 30
0.0
 10
117.596634570844
 20
102.831944984182
 30
0.0
 10
116.828044649291
 20
101.49972245349
 30
0.0
 10
116.649539617709
 20
101.190313732081
 30
0.0
 10
116.649631218438
 20
100.80918412783
 30
0.0
 10
116.828284956038
 20
100.499861245997
 30
0.0
 10
117.006938693638
 20
100.190538364165
 30
0.0
 10
117.337021888315
 20
100.0
 30
0.0
 10
117.694230235339
 20
100.0
 30
0.0
 10
119.231410078446
 20
100.0
 30
0.0
 10
120.768589921554
 20
100.0
 30
0.0
 10
122.305769764661
 20
100.0
 30
0.0
 10
122.662978111685
 20
100.0
 30
0.0
 10
122.993061306362
 20
100.190538364165
 30
0.0
 10
123.171715043962
 20
100.499861245997
 30
0.0
 10
123.350368781562
 20
100.80918412783
 30
0.0
 10
123.350460382291
 20
101.190313732081
 30
0.0
 10
123.171955350709
 20
101.49972245349
 30
0.0
 10
122.403365429156
 20
102.831944984182
 30
0.0
 10
121.634775507602
 20
104.164167514875
 30
0.0
 10
120.866185586049
 20
105.496390045568
 30
0.0
  0
SPLINE
  5
e7
100
AcDbEntity
  8
Default
100
AcDbSpline
 70
     9
 71
     3
 72
    32
 73
    28
 74
     0
 42
0.0000001
 43
0.0000001
 40
0.0
 40
0.0
 40
0.0
 40
0.0
 40
1.0
 40
1.0
 40
1.0
 40
2.0
 40
2.0
 40
2.0
 40
6.614100784464
 40
6.614100784464
 40
6.614100784464
 40
7.614100784464
 40
7.614100784464
 40
7.614100784464
 40
8.614100784464
 40
8.614100784464
 40
8.614100784464
 40
13.225640313786
 40
13.225640313786
 40
13.225640313786
 40
14.225640313786
 40
14.225640313786
 40
14.225640313786
 40
15.225640313786
 40
15.225640313786
 40
15.225640313786
 40
19.83974109825
 40
19.83974109825
 40
19.83974109825
 40
19.83974109825
 10
120.866185586049
 20
90.503609954432
 30
0.0
 10
120.687594735961
 20
90.194052480947
 30
0.0
 10
120.357380079363
 20
90.003332407922
 30
0.0
 10
120.0
 20
90.003332407922
 30
0.0
 10
119.642619920637
 20
90.003332407922
 30
0.0
 10
119.312405264039
 20
90.194052480947
 30
0.0
 10
119.133814413951
 20
90.503609954432
 30
0.0
 10
118.365224492398
 20
91.835832485125
 30
0.0
 10
117.596634570844
 20
93.168055015818
 30
0.0
 10
116.828044649291
 20
94.50027754651
 30
0.0
 10
116.649539617709
 20
94.809686267919
 30
0.0
 10
116.649631218438
 20
95.19081587217
 30
0.0
 10
116.828284956038
 20
95.500138754003
 30
0.0
 10
117.006938693638
 20
95.809461635835
 30
0.0
 10
117.337021888315
 20
96.0
 30
0.0
 10
117.694230235339
 20
96.0
 30
0.0
 10
119.231410078446
 20
96.0
 30
0.0
 10
120.768589921554
 20
96.0
 30
0.0
 10
122.305769764661
 20
96.0
 30
0.0
 10
122.662978111685
 20
96.0
 30
0.0
 10
122.993061306362
 20
95.809461635835
 30
0.0
 10
123.171715043962
 20
95.500138754002
 30
0.0
 10
123.350368781562
 20
95.19081587217
 30
0.0
 10
123.350460382291
 20
94.809686267919
 30
0.0
 10
123.17195535071
 20
94.50027754651
 30
0.0
 10
122.403365429156
 20
93.168055015818
 30
0.0
 10
121.634775507602
 20
91.835832485125
 30
0.0
 10
120.866185586049
 20
90.503609954432
 30
0.0
  0
SPLINE
  5
e8
100
AcDbEntity
  8
Default
100
AcDbSpline
 70
     9
 71
     3
 72
    32
 73
    28
 74
     0
 42
0.0000001
 43
0.0000001
 40
0.0
 40
0.0
 40
0.0
 40
0.0
 40
1.0
 40
1.0
 40
1.0
 40
2.0
 40
2.0
 40
2.0
 40
4.881729078574
 40
4.881729078574
 40
4.881729078574
 40
5.881729078574
 40
5.881729078574
 40
5.881729078574
 40
6.881729078574
 40
6.881729078574
 40
6.881729078574
 40
9.761858529449
 40
9.761858529449
 40
9.761858529449
 40
10.761858529449
 40
10.761858529449
 40
10.761858529449
 40
11.761858529449
 40
11.761858529449
 40
11.761858529449
 40
14.643587608024
 40
14.643587608024
 40
14.643587608024
 40
14.643587608024
 10
128.366185586049
 20
91.495834644248
 30
0.0
 10
128.187594735961
 20
91.805392117733
 30
0.0
 10
127.857380079363
 20
91.996112190758
 30
0.0
 10
127.5
 20
91.996112190758
 30
0.0
 10
127.142619920637
 20
91.996112190758
 30
0.0
 10
126.812405264039
 20
91.805392117733
 30
0.0
 10
126.633814413952
 20
91.495834644248
 30
0.0
 10
126.153792838806
 20
90.663797247328
 30
0.0
 10
125.67377126366
 20
89.831759850409
 30
0.0
 10
125.193749688514
 20
88.99972245349
 30
0.0
 10
125.015244656932
 20
88.690313732081
 30
0.0
 10
125.015336257661
 20
88.30918412783
 30
0.0
 10
125.193989995261
 20
87.999861245997
 30
0.0
 10
125.372643732861
 20
87.690538364165
 30
0.0
 10
125.702726927538
 20
87.5
 30
0.0
 10
126.059935274563
 20
87.5
 30
0.0
 10
127.019978424854
 20
87.5
 30
0.0
 10
127.980021575146
 20
87.5
 30
0.0
 10
128.940064725437
 20
87.5
 30
0.0
 10
129.297273072462
 20
87.5
 30
0.0
 10
129.627356267139
 20
87.690538364165
 30
0.0
 10
129.806010004739
 20
87.999861245998
 30
0.0
 10
129.984663742339
 20
88.30918412783
 30
0.0
 10
129.984755343068
 20
88.690313732081
 30
0.0
 10
129.806250311486
 20
88.99972245349
 30
0.0
 10
129.32622873634
 20
89.831759850409
 30
0.0
 10
128.846207161194
 20
90.663797247328
 30
0.0
 10
128.366185586049
 20
91.495834644248
 30
0.0
  0
SPLINE
  5
e9
100
AcDbEntity
  8
Default
100
AcDbSpline
 70
     9
 71
     3
 72
    32
 73
    28
 74
     0
 42
0.0000001
 43
0.0000001
 40
0.0
 40
0.0
 40
0.0
 40
0.0
 40
1.0
 40
1.0
 40
1.0
 40
2.0
 40
2.0
 40
2.0
 40
4.881729078574
 40
4.881729078574
 40
4.881729078574
 40
5.881729078574
 40
5.881729078574
 40
5.881729078574
 40
6.881729078574
 40
6.881729078574
 40
6.881729078574
 40
9.761858529449
 40
9.761858529449
 40
9.761858529449
 40
10.761858529449
 40
10.761858529449
 40
10.761858529449
 40
11.761858529449
 40
11.761858529449
 40
11.761858529449
 40
14.643587608024
 40
14.643587608024
 40
14.643587608024
 40
14.643587608024
 10
128.366185586049
 20
78.504165355752
 30
0.0
 10
128.187594735961
 20
78.194607882267
 30
0.0
 10
127.857380079363
 20
78.003887809242
 30
0.0
 10
127.5
 20
78.003887809242
 30
0.0
 10
127.142619920637
 20
78.003887809242
 30
0.0
 10
126.812405264039
 20
78.194607882267
 30
0.0
 10
126.633814413951
 20
78.504165355752
 30
0.0
 10
126.153792838806
 20
79.336202752672
 30
0.0
 10
125.67377126366
 20
80.168240149591
 30
0.0
 10
125.193749688514
 20
81.00027754651
 30
0.0
 10
125.015244656932
 20
81.309686267919
 30
0.0
 10
125.015336257661
 20
81.69081587217
 30
0.0
 10
125.193989995261
 20
82.000138754003
 30
0.0
 10
125.372643732861
 20
82.309461635835
 30
0.0
 10
125.702726927538
 20
82.5
 30
0.0
 10
126.059935274563
 20
82.5
 30
0.0
 10
127.019978424854
 20
82.5
 30
0.0
 10
127.980021575146
 20
82.5
 30
0.0
 10
128.940064725437
 20
82.5
 30
0.0
 10
129.297273072462
 20
82.5
 30
0.0
 10
129.627356267139
 20
82.309461635835
 30
0.0
 10
129.806010004739
 20
82.000138754003
 30
0.0
 10
129.984663742339
 20
81.69081587217
 30
0.0
 10
129.984755343068
 20
81.309686267919
 30
0.0
 10
129.806250311486
 20
81.000277546511
 30
0.0
 10
129.32622873634
 20
80.168240149591
 30
0.0
 10
128.846207161194
 20
79.336202752672
 30
0.0
 10
128.366185586049
 20
78.504165355752
 30
0.0
  0
SPLINE
  5
ea
100
AcDbEntity
  8
Default
100
AcDbSpline
 70
     9
 71
     3
 72
    32
 73
    28
 74
     0
 42
0.0000001
 43
0.0000001
 40
0.0
 40
0.0
 40
0.0
 40
0.0
 40
1.0
 40
1.0
 40
1.0
 40
2.0
 40
2.0
 40
2.0
 40
4.881729078574
 40
4.881729078574
 40
4.881729078574
 40
5.881729078574
 40
5.881729078574
 40
5.881729078574
 40
6.881729078574
 40
6.881729078574
 40
6.881729078574
 40
9.761858529449
 40
9.761858529449
 40
9.761858529449
 40
10.761858529449
 40
10.761858529449
 40
10.761858529449
 40
11.761858529449
 40
11.761858529449
 40
11.761858529449
 40
14.643587608024
 40
14.643587608024
 40
14.643587608024
 40
14.643587608024
 10
120.433092793024
 20
78.245973417503
 30
0.0
 10
120.343797367981
 20
78.400752154245
 30
0.0
 10
120.178690039681
 20
78.496112190758
 30
0.0
 10
120.0
 20
78.496112190758
 30
0.0
 10
119.821309960319
 20
78.496112190758
 30
0.0
 10
119.656202632019
 20
78.400752154245
 30
0.0
 10
119.566907206976
 20
78.245973417503
 30
0.0
 10
119.08688563183
 20
77.413936020584
 30
0.0
 10
118.606864056684
 20
76.581898623664
 30
0.0
 10
118.126842481538
 20
75.749861226745
 30
0.0
 10
118.037589965747
 20
75.59515686604
 30
0.0
 10
118.037635766112
 20
75.404592063915
 30
0.0
 10
118.126962634912
 20
75.249930622999
 30
0.0
 10
118.216289503712
 20
75.095269182082
 30
0.0
 10
118.38133110105
 20
75.0
 30
0.0
 10
118.559935274563
 20
75.0
 30
0.0
 10
119.519978424854
 20
75.0
 30
0.0
 10
120.480021575146
 20
75.0
 30
0.0
 10
121.440064725437
 20
75.0
 30
0.0
 10
121.61866889895
 20
75.0
 30
0.0
 10
121.783710496288
 20
75.095269182082
 30
0.0
 10
121.873037365088
 20
75.249930622999
 30
0.0
 10
121.962364233888
 20
75.404592063915
 30
0.0
 10
121.962410034253
 20
75.59515686604
 30
0.0
 10
121.873157518462
 20
75.749861226745
 30
0.0
 10
121.393135943316
 20
76.581898623664
 30
0.0
 10
120.91311436817
 20
77.413936020584
 30
0.0
 10
120.433092793024
 20
78.245973417503
 30
0.0
  0
SPLINE
  5
eb
100
AcDbEntity
  8
Default
100
AcDbSpline
 70
     9
 71
     3
 72
    32
 73
    28
 74
     0
 42
0.0000001
 43
0.0000001
 40
0.0
 40
0.0
 40
0.0
 40
0.0
 40
1.0
 40
1.0
 40
1.0
 40
2.0
 40
2.0
 40
2.0
 40
4.881729078574
 40
4.881729078574
 40
4.881729078574
 40
5.881729078574
 40
5.881729078574
 40
5.881729078574
 40
6.881729078574
 40
6.881729078574
 40
6.881729078574
 40
9.761858529449
 40
9.761858529449
 40
9.761858529449
 40
10.761858529449
 40
10.761858529449
 40
10.761858529449
 40
11.761858529449
 40
11.761858529449
 40
11.761858529449
 40
14.643587608024
 40
14.643587608024
 40
14.643587608024
 40
14.643587608024
 10
120.433092793024
 20
65.754026582497
 30
0.0
 10
120.343797367981
 20
65.599247845755
 30
0.0
 10
120.178690039681
 20
65.503887809242
 30
0.0
 10
120.0
 20
65.503887809242
 30
0.0
 10
119.821309960319
 20
65.503887809242
 30
0.0
 10
119.656202632019
 20
65.599247845755
 30
0.0
 10
119.566907206976
 20
65.754026582497
 30
0.0
 10
119.08688563183
 20
66.586063979416
 30
0.0
 10
118.606864056684
 20
67.418101376336
 30
0.0
 10
118.126842481538
 20
68.250138773255
 30
0.0
 10
118.037589965747
 20
68.40484313396
 30
0.0
 10
118.037635766112
 20
68.595407936085
 30
0.0
 10
118.126962634912
 20
68.750069377001
 30
0.0
 10
118.216289503712
 20
68.904730817918
 30
0.0
 10
118.38133110105
 20
69.0
 30
0.0
 10
118.559935274563
 20
69.0
 30
0.0
 10
119.519978424854
 20
69.0
 30
0.0
 10
120.480021575146
 20
69.0
 30
0.0
 10
121.440064725437
 20
69.0
 30
0.0
 10
121.61866889895
 20
69.0
 30
0.0
 10
121.783710496288
 20
68.904730817918
 30
0.0
 10
121.873037365088
 20
68.750069377001
 30
0.0
 10
121.962364233888
 20
68.595407936085
 30
0.0
 10
121.962410034253
 20
68.40484313396
 30
0.0
 10
121.873157518462
 20
68.250138773255
 30
0.0
 10
121.393135943316
 20
67.418101376336
 30
0.0
 10
120.91311436817
 20
66.586063979416
 30
0.0
 10
120.433092793024
 20
65.754026582497
 30
0.0
  0
SPLINE
  5
ec
100
AcDbEntity
  8
Default
100
AcDbSpline
 70
     9
 71
     3
 72
    32
 73
    28
 74
     0
 42
0.0000001
 43
0.0000001
 40
0.0
 40
0.0
 40
0.0
 40
0.0
 40
1.0
 40
1.0
 40
1.0
 40
2.0
 40
2.0
 40
2.0
 40
3.149357372685
 40
3.149357372685
 40
3.149357372685
 40
4.149357372685
 40
4.149357372685
 40
4.149357372685
 40
5.149357372685
 40
5.149357372685
 40
5.149357372685
 40
6.298076745113
 40
6.298076745113
 40
6.298076745113
 40
7.298076745113
 40
7.298076745113
 40
7.298076745113
 40
8.298076745113
 40
8.298076745113
 40
8.298076745113
 40
9.447434117798
 40
9.447434117798
 40
9.447434117798
 40
9.447434117798
 10
127.933092793024
 20
64.245418016183
 30
0.0
 10
127.843797367981
 20
64.400196752925
 30
0.0
 10
127.678690039681
 20
64.495556789438
 30
0.0
 10
127.5
 20
64.495556789438
 30
0.0
 10
127.321309960319
 20
64.495556789438
 30
0.0
 10
127.156202632019
 20
64.400196752925
 30
0.0
 10
127.066907206976
 20
64.245418016183
 30
0.0
 10
126.875453978238
 20
63.913565753037
 30
0.0
 10
126.6840007495
 20
63.581713489891
 30
0.0
 10
126.492547520761
 20
63.249861226745
 30
0.0
 10
126.40329500497
 20
63.09515686604
 30
0.0
 10
126.403340805335
 20
62.904592063915
 30
0.0
 10
126.492667674135
 20
62.749930622999
 30
0.0
 10
126.581994542935
 20
62.595269182082
 30
0.0
 10
126.747036140274
 20
62.5
 30
0.0
 10
126.925640313786
 20
62.5
 30
0.0
 10
127.308546771262
 20
62.5
 30
0.0
 10
127.691453228738
 20
62.5
 30
0.0
 10
128.074359686214
 20
62.5
 30
0.0
 10
128.252963859726
 20
62.5
 30
0.0
 10
128.418005457065
 20
62.595269182082
 30
0.0
 10
128.507332325865
 20
62.749930622999
 30
0.0
 10
128.596659194665
 20
62.904592063915
 30
0.0
 10
128.59670499503
 20
63.09515686604
 30
0.0
 10
128.507452479239
 20
63.249861226745
 30
0.0
 10
128.3159992505
 20
63.581713489891
 30
0.0
 10
128.124546021762
 20
63.913565753037
 30
0.0
 10
127.933092793024
 20
64.245418016183
 30
0.0
  0
SPLINE
  5
ed
100
AcDbEntity
  8
Default
100
AcDbSpline
 70
     9
 71
     3
 72
    32
 73
    28
 74
     0
 42
0.0000001
 43
0.0000001
 40
0.0
 40
0.0
 40
0.0
 40
0.0
 40
1.0
 40
1.0
 40
1.0
 40
2.0
 40
2.0
 40
2.0
 40
3.149357372685
 40
3.149357372685
 40
3.149357372685
 40
4.149357372685
 40
4.149357372685
 40
4.149357372685
 40
5.149357372685
 40
5.149357372685
 40
5.149357372685
 40
6.298076745113
 40
6.298076745113
 40
6.298076745113
 40
7.298076745113
 40
7.298076745113
 40
7.298076745113
 40
8.298076745113
 40
8.298076745113
 40
8.298076745113
 40
9.447434117798
 40
9.447434117798
 40
9.447434117798
 40
9.447434117798
 10
127.933092793024
 20
53.754581983817
 30
0.0
 10
127.843797367981
 20
53.599803247075
 30
0.0
 10
127.678690039681
 20
53.504443210562
 30
0.0
 10
127.5
 20
53.504443210562
 30
0.0
 10
127.321309960319
 20
53.504443210562
 30
0.0
 10
127.156202632019
 20
53.599803247075
 30
0.0
 10
127.066907206976
 20
53.754581983817
 30
0.0
 10
126.875453978238
 20
54.086434246963
 30
0.0
 10
126.6840007495
 20
54.418286510109
 30
0.0
 10
126.492547520761
 20
54.750138773255
 30
0.0
 10
126.40329500497
 20
54.90484313396
 30
0.0
 10
126.403340805335
 20
55.095407936085
 30
0.0
 10
126.492667674135
 20
55.250069377001
 30
0.0
 10
126.581994542935
 20
55.404730817918
 30
0.0
 10
126.747036140274
 20
55.5
 30
0.0
 10
126.925640313786
 20
55.5
 30
0.0
 10
127.308546771262
 20
55.5
 30
0.0
 10
127.691453228738
 20
55.5
 30
0.0
 10
128.074359686214
 20
55.5
 30
0.0
 10
128.252963859726
 20
55.5
 30
0.0
 10
128.418005457065
 20
55.404730817918
 30
0.0
 10
128.507332325865
 20
55.250069377001
 30
0.0
 10
128.596659194665
 20
55.095407936085
 30
0.0
 10
128.596704995029
 20
54.90484313396
 30
0.0
 10
128.507452479239
 20
54.750138773255
 30
0.0
 10
128.3159992505
 20
54.418286510109
 30
0.0
 10
128.124546021762
 20
54.086434246963
 30
0.0
 10
127.933092793024
 20
53.754581983817
 30
0.0
  0
SPLINE
  5
ee
100
AcDbEntity
  8
Default
100
AcDbSpline
 70
     9
 71
     3
 72
    32
 73
    28
 74
     0
 42
0.0000001
 43
0.0000001
 40
0.0
 40
0.0
 40
0.0
 40
0.0
 40
1.0
 40
1.0
 40
1.0
 40
2.0
 40
2.0
 40
2.0
 40
11.805769764661
 40
11.805769764661
 40
11.805769764661
 40
12.805769764661
 40
12.805769764661
 40
12.805769764661
 40
13.805769764661
 40
13.805769764661
 40
13.805769764661
 40
23.616985666794
 40
23.616985666794
 40
23.616985666794
 40
24.616985666794
 40
24.616985666794
 40
24.616985666794
 40
25.616985666794
 40
25.616985666794
 40
25.616985666794
 40
35.428201568928
 40
35.428201568928
 40
35.428201568928
 40
35.428201568928
 10
128.797836738597
 20
147.750416319766
 30
0.0
 10
128.530079191224
 20
148.214529401879
 30
0.0
 10
128.530216592317
 20
148.786223808255
 30
0.0
 10
128.798197198717
 20
149.250208131004
 30
0.0
 10
129.066177805117
 20
149.714192453753
 30
0.0
 10
129.561302597133
 20
150.0
 30
0.0
 10
130.09711511767
 20
150.0
 30
0.0
 10
133.365705039223
 20
150.0
 30
0.0
 10
136.634294960777
 20
150.0
 30
0.0
 10
139.90288488233
 20
150.0
 30
0.0
 10
140.438697402867
 20
150.0
 30
0.0
 10
140.933822194883
 20
149.714192453753
 30
0.0
 10
141.201802801283
 20
149.250208131003
 30
0.0
 10
141.469783407683
 20
148.786223808254
 30
0.0
 10
141.469920808776
 20
148.214529401878
 30
0.0
 10
141.202163261404
 20
147.750416319765
 30
0.0
 10
139.567868300626
 20
144.917638387753
 30
0.0
 10
137.93357333985
 20
142.08486045574
 30
0.0
 10
136.299278379073
 20
139.252082523726
 30
0.0
 10
136.031392103942
 20
138.787746313499
 30
0.0
 10
135.536070119044
 20
138.501666203961
 30
0.0
 10
135.0
 20
138.501666203961
 30
0.0
 10
134.463929880956
 20
138.501666203961
 30
0.0
 10
133.968607896058
 20
138.787746313499
 30
0.0
 10
133.700721620927
 20
139.252082523726
 30
0.0
 10
132.06642666015
 20
142.08486045574
 30
0.0
 10
130.432131699374
 20
144.917638387753
 30
0.0
 10
128.797836738597
 20
147.750416319766
 30
0.0
  0
SPLINE
  5
ef
100
AcDbEntity
  8
Default
100
AcDbSpline
 70
     9
 71
     3
 72
    32
 73
    28
 74
     0
 42
0.0000001
 43
0.0000001
 40
0.0
 40
0.0
 40
0.0
 40
0.0
 40
1.0
 40
1.0
 40
1.0
 40
2.0
 40
2.0
 40
2.0
 40
10.078844196244
 40
10.078844196244
 40
10.078844196244
 40
11.078844196244
 40
11.078844196244
 40
11.078844196244
 40
12.078844196244
 40
12.078844196244
 40
12.078844196244
 40
20.153203882458
 40
20.153203882458
 40
20.153203882458
 40
21.153203882458
 40
21.153203882458
 40
21.153203882458
 40
22.153203882458
 40
22.153203882458
 40
22.153203882458
 40
30.232048078702
 40
30.232048078702
 40
30.232048078702
 40
30.232048078702
 10
143.799278379073
 20
146.747362074953
 30
0.0
 10
143.531392103942
 20
147.211698285181
 30
0.0
 10
143.036070119044
 20
147.497778394719
 30
0.0
 10
142.5
 20
147.497778394719
 30
0.0
 10
141.963929880956
 20
147.497778394719
 30
0.0
 10
141.468607896058
 20
147.211698285181
 30
0.0
 10
141.200721620927
 20
146.747362074953
 30
0.0
 10
139.854995006558
 20
144.414769276714
 30
0.0
 10
138.509268392189
 20
142.082176478474
 30
0.0
 10
137.16354177782
 20
139.749583680234
 30
0.0
 10
136.895784230447
 20
139.285470598121
 30
0.0
 10
136.89592163154
 20
138.713776191745
 30
0.0
 10
137.16390223794
 20
138.249791868996
 30
0.0
 10
137.43188284434
 20
137.785807546247
 30
0.0
 10
137.927007636357
 20
137.5
 30
0.0
 10
138.462820156893
 20
137.5
 30
0.0
 10
141.154273385631
 20
137.5
 30
0.0
 10
143.845726614369
 20
137.5
 30
0.0
 10
146.537179843107
 20
137.5
 30
0.0
 10
147.072992363643
 20
137.5
 30
0.0
 10
147.56811715566
 20
137.785807546247
 30
0.0
 10
147.83609776206
 20
138.249791868996
 30
0.0
 10
148.104078368459
 20
138.713776191745
 30
0.0
 10
148.104215769553
 20
139.285470598121
 30
0.0
 10
147.83645822218
 20
139.749583680234
 30
0.0
 10
146.490731607811
 20
142.082176478474
 30
0.0
 10
145.145004993442
 20
144.414769276714
 30
0.0
 10
143.799278379073
 20
146.747362074953
 30
0.0
  0
SPLINE
  5
f0
100
AcDbEntity
  8
Default
100
AcDbSpline
 70
     9
 71
     3
 72
    32
 73
    28
 74
     0
 42
0.0000001
 43
0.0000001
 40
0.0
 40
0.0
 40
0.0
 40
0.0
 40
1.0
 40
1.0
 40
1.0
 40
2.0
 40
2.0
 40
2.0
 40
10.078844196244
 40
10.078844196244
 40
10.078844196244
 40
11.078844196244
 40
11.078844196244
 40
11.078844196244
 40
12.078844196244
 40
12.078844196244
 40
12.078844196244
 40
20.153203882458
 40
20.153203882458
 40
20.153203882458
 40
21.153203882458
 40
21.153203882458
 40
21.153203882458
 40
22.153203882458
 40
22.153203882458
 40
22.153203882458
 40
30.232048078702
 40
30.232048078702
 40
30.232048078702
 40
30.232048078702
 10
143.799278379073
 20
127.252637925047
 30
0.0
 10
143.531392103942
 20
126.788301714819
 30
0.0
 10
143.036070119044
 20
126.502221605281
 30
0.0
 10
142.5
 20
126.502221605281
 30
0.0
 10
141.963929880956
 20
126.502221605281
 30
0.0
 10
141.468607896058
 20
126.788301714819
 30
0.0
 10
141.200721620927
 20
127.252637925047
 30
0.0
 10
139.854995006558
 20
129.585230723286
 30
0.0
 10
138.509268392189
 20
131.917823521526
 30
0.0
 10
137.16354177782
 20
134.250416319766
 30
0.0
 10
136.895784230447
 20
134.714529401879
 30
0.0
 10
136.89592163154
 20
135.286223808255
 30
0.0
 10
137.16390223794
 20
135.750208131004
 30
0.0
 10
137.43188284434
 20
136.214192453753
 30
0.0
 10
137.927007636357
 20
136.5
 30
0.0
 10
138.462820156893
 20
136.5
 30
0.0
 10
141.154273385631
 20
136.5
 30
0.0
 10
143.845726614369
 20
136.5
 30
0.0
 10
146.537179843107
 20
136.5
 30
0.0
 10
147.072992363643
 20
136.5
 30
0.0
 10
147.56811715566
 20
136.214192453753
 30
0.0
 10
147.83609776206
 20
135.750208131004
 30
0.0
 10
148.10407836846
 20
135.286223808255
 30
0.0
 10
148.104215769553
 20
134.714529401879
 30
0.0
 10
147.83645822218
 20
134.250416319766
 30
0.0
 10
146.490731607811
 20
131.917823521526
 30
0.0
 10
145.145004993442
 20
129.585230723286
 30
0.0
 10
143.799278379073
 20
127.252637925047
 30
0.0
  0
SPLINE
  5
f1
100
AcDbEntity
  8
Default
100
AcDbSpline
 70
     9
 71
     3
 72
    32
 73
    28
 74
     0
 42
0.0000001
 43
0.0000001
 40
0.0
 40
0.0
 40
0.0
 40
0.0
 40
1.0
 40
1.0
 40
1.0
 40
2.0
 40
2.0
 40
2.0
 40
8.346472490354
 40
8.346472490354
 40
8.346472490354
 40
9.346472490354
 40
9.346472490354
 40
9.346472490354
 40
10.346472490354
 40
10.346472490354
 40
10.346472490354
 40
16.689422098122
 40
16.689422098122
 40
16.689422098122
 40
17.689422098122
 40
17.689422098122
 40
17.689422098122
 40
18.689422098122
 40
18.689422098122
 40
18.689422098122
 40
25.035894588476
 40
25.035894588476
 40
25.035894588476
 40
25.035894588476
 10
136.299278379073
 20
132.746806673633
 30
0.0
 10
136.031392103942
 20
133.21114288386
 30
0.0
 10
135.536070119044
 20
133.497222993399
 30
0.0
 10
135.0
 20
133.497222993399
 30
0.0
 10
134.463929880956
 20
133.497222993399
 30
0.0
 10
133.968607896058
 20
133.21114288386
 30
0.0
 10
133.700721620927
 20
132.746806673633
 30
0.0
 10
132.643563352966
 20
130.914399009167
 30
0.0
 10
131.586405085005
 20
129.081991344701
 30
0.0
 10
130.529246817043
 20
127.249583680234
 30
0.0
 10
130.26148926967
 20
126.785470598121
 30
0.0
 10
130.261626670764
 20
126.213776191745
 30
0.0
 10
130.529607277164
 20
125.749791868996
 30
0.0
 10
130.797587883564
 20
125.285807546247
 30
0.0
 10
131.29271267558
 20
125.0
 30
0.0
 10
131.828525196116
 20
125.0
 30
0.0
 10
133.942841732039
 20
125.0
 30
0.0
 10
136.057158267961
 20
125.0
 30
0.0
 10
138.171474803884
 20
125.0
 30
0.0
 10
138.70728732442
 20
125.0
 30
0.0
 10
139.202412116436
 20
125.285807546247
 30
0.0
 10
139.470392722836
 20
125.749791868996
 30
0.0
 10
139.738373329236
 20
126.213776191745
 30
0.0
 10
139.73851073033
 20
126.785470598121
 30
0.0
 10
139.470753182957
 20
127.249583680234
 30
0.0
 10
138.413594914995
 20
129.081991344701
 30
0.0
 10
137.356436647034
 20
130.914399009167
 30
0.0
 10
136.299278379073
 20
132.746806673633
 30
0.0
  0
SPLINE
  5
f2
100
AcDbEntity
  8
Default
100
AcDbSpline
 70
     9
 71
     3
 72
    32
 73
    28
 74
     0
 42
0.0000001
 43
0.0000001
 40
0.0
 40
0.0
 40
0.0
 40
0.0
 40
1.0
 40
1.0
 40
1.0
 40
2.0
 40
2.0
 40
2.0
 40
8.346472490354
 40
8.346472490354
 40
8.346472490354
 40
9.346472490354
 40
9.346472490354
 40
9.346472490354
 40
10.346472490354
 40
10.346472490354
 40
10.346472490354
 40
16.689422098122
 40
16.689422098122
 40
16.689422098122
 40
17.689422098122
 40
17.689422098122
 40
17.689422098122
 40
18.689422098122
 40
18.689422098122
 40
18.689422098122
 40
25.035894588476
 40
25.035894588476
 40
25.035894588476
 40
25.035894588476
 10
136.299278379073
 20
115.253193326367
 30
0.0
 10
136.031392103942
 20
114.788857116139
 30
0.0
 10
135.536070119044
 20
114.502777006601
 30
0.0
 10
135.0
 20
114.502777006601
 30
0.0
 10
134.463929880956
 20
114.502777006601
 30
0.0
 10
133.968607896058
 20
114.78885711614
 30
0.0
 10
133.700721620927
 20
115.253193326367
 30
0.0
 10
132.643563352966
 20
117.085600990833
 30
0.0
 10
131.586405085004
 20
118.918008655299
 30
0.0
 10
130.529246817043
 20
120.750416319766
 30
0.0
 10
130.26148926967
 20
121.214529401879
 30
0.0
 10
130.261626670764
 20
121.786223808255
 30
0.0
 10
130.529607277164
 20
122.250208131004
 30
0.0
 10
130.797587883564
 20
122.714192453753
 30
0.0
 10
131.29271267558
 20
123.0
 30
0.0
 10
131.828525196116
 20
123.0
 30
0.0
 10
133.942841732039
 20
123.0
 30
0.0
 10
136.057158267961
 20
123.0
 30
0.0
 10
138.171474803884
 20
123.0
 30
0.0
 10
138.70728732442
 20
123.0
 30
0.0
 10
139.202412116436
 20
122.714192453753
 30
0.0
 10
139.470392722836
 20
122.250208131004
 30
0.0
 10
139.738373329236
 20
121.786223808255
 30
0.0
 10
139.73851073033
 20
121.214529401879
 30
0.0
 10
139.470753182957
 20
120.750416319766
 30
0.0
 10
138.413594914995
 20
118.918008655299
 30
0.0
 10
137.356436647034
 20
117.085600990833
 30
0.0
 10
136.299278379073
 20
115.253193326367
 30
0.0
  0
SPLINE
  5
f3
100
AcDbEntity
  8
Default
100
AcDbSpline
 70
     9
 71
     3
 72
    32
 73
    28
 74
     0
 42
0.0000001
 43
0.0000001
 40
0.0
 40
0.0
 40
0.0
 40
0.0
 40
1.0
 40
1.0
 40
1.0
 40
2.0
 40
2.0
 40
2.0
 40
8.346472490354
 40
8.346472490354
 40
8.346472490354
 40
9.346472490354
 40
9.346472490354
 40
9.346472490354
 40
10.346472490354
 40
10.346472490354
 40
10.346472490354
 40
16.689422098122
 40
16.689422098122
 40
16.689422098122
 40
17.689422098122
 40
17.689422098122
 40
17.689422098122
 40
18.689422098122
 40
18.689422098122
 40
18.689422098122
 40
25.035894588476
 40
25.035894588476
 40
25.035894588476
 40
25.035894588476
 10
143.366185586049
 20
119.496945446888
 30
0.0
 10
143.187594735961
 20
119.806502920373
 30
0.0
 10
142.857380079363
 20
119.997222993399
 30
0.0
 10
142.5
 20
119.997222993399
 30
0.0
 10
142.142619920637
 20
119.997222993399
 30
0.0
 10
141.812405264039
 20
119.806502920373
 30
0.0
 10
141.633814413952
 20
119.496945446888
 30
0.0
 10
140.57665614599
 20
117.664537782422
 30
0.0
 10
139.519497878029
 20
115.832130117956
 30
0.0
 10
138.462339610067
 20
113.99972245349
 30
0.0
 10
138.283834578486
 20
113.690313732081
 30
0.0
 10
138.283926179214
 20
113.30918412783
 30
0.0
 10
138.462579916814
 20
112.999861245997
 30
0.0
 10
138.641233654414
 20
112.690538364165
 30
0.0
 10
138.971316849092
 20
112.5
 30
0.0
 10
139.328525196116
 20
112.5
 30
0.0
 10
141.442841732039
 20
112.5
 30
0.0
 10
143.557158267961
 20
112.5
 30
0.0
 10
145.671474803884
 20
112.5
 30
0.0
 10
146.028683150908
 20
112.5
 30
0.0
 10
146.358766345586
 20
112.690538364165
 30
0.0
 10
146.537420083186
 20
112.999861245997
 30
0.0
 10
146.716073820785
 20
113.30918412783
 30
0.0
 10
146.716165421514
 20
113.690313732081
 30
0.0
 10
146.537660389932
 20
113.999722453489
 30
0.0
 10
145.480502121971
 20
115.832130117956
 30
0.0
 10
144.42334385401
 20
117.664537782422
 30
0.0
 10
143.366185586049
 20
119.496945446888
 30
0.0
  0
SPLINE
  5
f4
100
AcDbEntity
  8
Default
100
AcDbSpline
 70
     9
 71
     3
 72
    32
 73
    28
 74
     0
 42
0.0000001
 43
0.0000001
 40
0.0
 40
0.0
 40
0.0
 40
0.0
 40
1.0
 40
1.0
 40
1.0
 40
2.0
 40
2.0
 40
2.0
 40
8.346472490354
 40
8.346472490354
 40
8.346472490354
 40
9.346472490354
 40
9.346472490354
 40
9.346472490354
 40
10.346472490354
 40
10.346472490354
 40
10.346472490354
 40
16.689422098122
 40
16.689422098122
 40
16.689422098122
 40
17.689422098122
 40
17.689422098122
 40
17.689422098122
 40
18.689422098122
 40
18.689422098122
 40
18.689422098122
 40
25.035894588476
 40
25.035894588476
 40
25.035894588476
 40
25.035894588476
 10
143.366185586049
 20
102.503054553112
 30
0.0
 10
143.187594735961
 20
102.193497079627
 30
0.0
 10
142.857380079363
 20
102.002777006601
 30
0.0
 10
142.5
 20
102.002777006601
 30
0.0
 10
142.142619920637
 20
102.002777006601
 30
0.0
 10
141.812405264039
 20
102.193497079627
 30
0.0
 10
141.633814413951
 20
102.503054553112
 30
0.0
 10
140.57665614599
 20
104.335462217578
 30
0.0
 10
139.519497878029
 20
106.167869882044
 30
0.0
 10
138.462339610067
 20
108.000277546511
 30
0.0
 10
138.283834578486
 20
108.309686267919
 30
0.0
 10
138.283926179214
 20
108.69081587217
 30
0.0
 10
138.462579916814
 20
109.000138754003
 30
0.0
 10
138.641233654414
 20
109.309461635835
 30
0.0
 10
138.971316849092
 20
109.5
 30
0.0
 10
139.328525196116
 20
109.5
 30
0.0
 10
141.442841732039
 20
109.5
 30
0.0
 10
143.557158267961
 20
109.5
 30
0.0
 10
145.671474803884
 20
109.5
 30
0.0
 10
146.028683150908
 20
109.5
 30
0.0
 10
146.358766345586
 20
109.309461635835
 30
0.0
 10
146.537420083186
 20
109.000138754002
 30
0.0
 10
146.716073820786
 20
108.69081587217
 30
0.0
 10
146.716165421515
 20
108.309686267919
 30
0.0
 10
146.537660389933
 20
108.00027754651
 30
0.0
 10
145.480502121971
 20
106.167869882044
 30
0.0
 10
144.42334385401
 20
104.335462217578
 30
0.0
 10
143.366185586049
 20
102.503054553112
 30
0.0
  0
SPLINE
  5
f5
100
AcDbEntity
  8
Default
100
AcDbSpline
 70
     9
 71
     3
 72
    32
 73
    28
 74
     0
 42
0.0000001
 43
0.0000001
 40
0.0
 40
0.0
 40
0.0
 40
0.0
 40
1.0
 40
1.0
 40
1.0
 40
2.0
 40
2.0
 40
2.0
 40
6.614100784464
 40
6.614100784464
 40
6.614100784464
 40
7.614100784464
 40
7.614100784464
 40
7.614100784464
 40
8.614100784464
 40
8.614100784464
 40
8.614100784464
 40
13.225640313786
 40
13.225640313786
 40
13.225640313786
 40
14.225640313786
 40
14.225640313786
 40
14.225640313786
 40
15.225640313786
 40
15.225640313786
 40
15.225640313786
 40
19.83974109825
 40
19.83974109825
 40
19.83974109825
 40
19.83974109825
 10
135.866185586049
 20
105.496390045568
 30
0.0
 10
135.687594735961
 20
105.805947519053
 30
0.0
 10
135.357380079363
 20
105.996667592078
 30
0.0
 10
135.0
 20
105.996667592078
 30
0.0
 10
134.642619920637
 20
105.996667592078
 30
0.0
 10
134.312405264039
 20
105.805947519053
 30
0.0
 10
134.133814413951
 20
105.496390045568
 30
0.0
 10
133.365224492398
 20
104.164167514875
 30
0.0
 10
132.596634570844
 20
102.831944984182
 30
0.0
 10
131.828044649291
 20
101.49972245349
 30
0.0
 10
131.649539617709
 20
101.190313732081
 30
0.0
 10
131.649631218438
 20
100.80918412783
 30
0.0
 10
131.828284956038
 20
100.499861245997
 30
0.0
 10
132.006938693638
 20
100.190538364165
 30
0.0
 10
132.337021888315
 20
100.0
 30
0.0
 10
132.694230235339
 20
100.0
 30
0.0
 10
134.231410078446
 20
100.0
 30
0.0
 10
135.768589921554
 20
100.0
 30
0.0
 10
137.305769764661
 20
100.0
 30
0.0
 10
137.662978111685
 20
100.0
 30
0.0
 10
137.993061306362
 20
100.190538364165
 30
0.0
 10
138.171715043962
 20
100.499861245997
 30
0.0
 10
138.350368781562
 20
100.80918412783
 30
0.0
 10
138.350460382291
 20
101.190313732081
 30
0.0
 10
138.171955350709
 20
101.499722453489
 30
0.0
 10
137.403365429156
 20
102.831944984182
 30
0.0
 10
136.634775507602
 20
104.164167514875
 30
0.0
 10
135.866185586049
 20
105.496390045568
 30
0.0
  0
SPLINE
  5
f6
100
AcDbEntity
  8
Default
100
AcDbSpline
 70
     9
 71
     3
 72
    32
 73
    28
 74
     0
 42
0.0000001
 43
0.0000001
 40
0.0
 40
0.0
 40
0.0
 40
0.0
 40
1.0
 40
1.0
 40
1.0
 40
2.0
 40
2.0
 40
2.0
 40
6.614100784464
 40
6.614100784464
 40
6.614100784464
 40
7.614100784464
 40
7.614100784464
 40
7.614100784464
 40
8.614100784464
 40
8.614100784464
 40
8.614100784464
 40
13.225640313786
 40
13.225640313786
 40
13.225640313786
 40
14.225640313786
 40
14.225640313786
 40
14.225640313786
 40
15.225640313786
 40
15.225640313786
 40
15.225640313786
 40
19.83974109825
 40
19.83974109825
 40
19.83974109825
 40
19.83974109825
 10
135.866185586049
 20
90.503609954432
 30
0.0
 10
135.687594735961
 20
90.194052480947
 30
0.0
 10
135.357380079363
 20
90.003332407922
 30
0.0
 10
135.0
 20
90.003332407922
 30
0.0
 10
134.642619920637
 20
90.003332407922
 30
0.0
 10
134.312405264039
 20
90.194052480947
 30
0.0
 10
134.133814413951
 20
90.503609954432
 30
0.0
 10
133.365224492398
 20
91.835832485125
 30
0.0
 10
132.596634570844
 20
93.168055015818
 30
0.0
 10
131.828044649291
 20
94.50027754651
 30
0.0
 10
131.649539617709
 20
94.809686267919
 30
0.0
 10
131.649631218438
 20
95.19081587217
 30
0.0
 10
131.828284956038
 20
95.500138754003
 30
0.0
 10
132.006938693638
 20
95.809461635835
 30
0.0
 10
132.337021888315
 20
96.0
 30
0.0
 10
132.694230235339
 20
96.0
 30
0.0
 10
134.231410078446
 20
96.0
 30
0.0
 10
135.768589921554
 20
96.0
 30
0.0
 10
137.305769764661
 20
96.0
 30
0.0
 10
137.662978111685
 20
96.0
 30
0.0
 10
137.993061306362
 20
95.809461635835
 30
0.0
 10
138.171715043962
 20
95.500138754002
 30
0.0
 10
138.350368781562
 20
95.19081587217
 30
0.0
 10
138.350460382291
 20
94.809686267919
 30
0.0
 10
138.17195535071
 20
94.50027754651
 30
0.0
 10
137.403365429156
 20
93.168055015818
 30
0.0
 10
136.634775507602
 20
91.835832485125
 30
0.0
 10
135.866185586049
 20
90.503609954432
 30
0.0
  0
SPLINE
  5
f7
100
AcDbEntity
  8
Default
100
AcDbSpline
 70
     9
 71
     3
 72
    32
 73
    28
 74
     0
 42
0.0000001
 43
0.0000001
 40
0.0
 40
0.0
 40
0.0
 40
0.0
 40
1.0
 40
1.0
 40
1.0
 40
2.0
 40
2.0
 40
2.0
 40
4.881729078574
 40
4.881729078574
 40
4.881729078574
 40
5.881729078574
 40
5.881729078574
 40
5.881729078574
 40
6.881729078574
 40
6.881729078574
 40
6.881729078574
 40
9.761858529449
 40
9.761858529449
 40
9.761858529449
 40
10.761858529449
 40
10.761858529449
 40
10.761858529449
 40
11.761858529449
 40
11.761858529449
 40
11.761858529449
 40
14.643587608024
 40
14.643587608024
 40
14.643587608024
 40
14.643587608024
 10
143.366185586049
 20
91.495834644248
 30
0.0
 10
143.187594735961
 20
91.805392117733
 30
0.0
 10
142.857380079363
 20
91.996112190758
 30
0.0
 10
142.5
 20
91.996112190758
 30
0.0
 10
142.142619920637
 20
91.996112190758
 30
0.0
 10
141.812405264039
 20
91.805392117733
 30
0.0
 10
141.633814413951
 20
91.495834644248
 30
0.0
 10
141.153792838806
 20
90.663797247328
 30
0.0
 10
140.67377126366
 20
89.831759850409
 30
0.0
 10
140.193749688514
 20
88.99972245349
 30
0.0
 10
140.015244656932
 20
88.690313732081
 30
0.0
 10
140.015336257661
 20
88.30918412783
 30
0.0
 10
140.193989995261
 20
87.999861245997
 30
0.0
 10
140.372643732861
 20
87.690538364165
 30
0.0
 10
140.702726927538
 20
87.5
 30
0.0
 10
141.059935274563
 20
87.5
 30
0.0
 10
142.019978424854
 20
87.5
 30
0.0
 10
142.980021575146
 20
87.5
 30
0.0
 10
143.940064725437
 20
87.5
 30
0.0
 10
144.297273072462
 20
87.5
 30
0.0
 10
144.627356267139
 20
87.690538364165
 30
0.0
 10
144.806010004739
 20
87.999861245998
 30
0.0
 10
144.984663742339
 20
88.30918412783
 30
0.0
 10
144.984755343068
 20
88.690313732081
 30
0.0
 10
144.806250311486
 20
88.99972245349
 30
0.0
 10
144.32622873634
 20
89.831759850409
 30
0.0
 10
143.846207161194
 20
90.663797247328
 30
0.0
 10
143.366185586049
 20
91.495834644248
 30
0.0
  0
SPLINE
  5
f8
100
AcDbEntity
  8
Default
100
AcDbSpline
 70
     9
 71
     3
 72
    32
 73
    28
 74
     0
 42
0.0000001
 43
0.0000001
 40
0.0
 40
0.0
 40
0.0
 40
0.0
 40
1.0
 40
1.0
 40
1.0
 40
2.0
 40
2.0
 40
2.0
 40
4.881729078574
 40
4.881729078574
 40
4.881729078574
 40
5.881729078574
 40
5.881729078574
 40
5.881729078574
 40
6.881729078574
 40
6.881729078574
 40
6.881729078574
 40
9.761858529449
 40
9.761858529449
 40
9.761858529449
 40
10.761858529449
 40
10.761858529449
 40
10.761858529449
 40
11.761858529449
 40
11.761858529449
 40
11.761858529449
 40
14.643587608024
 40
14.643587608024
 40
14.643587608024
 40
14.643587608024
 10
143.366185586049
 20
78.504165355752
 30
0.0
 10
143.187594735961
 20
78.194607882267
 30
0.0
 10
142.857380079363
 20
78.003887809242
 30
0.0
 10
142.5
 20
78.003887809242
 30
0.0
 10
142.142619920637
 20
78.003887809242
 30
0.0
 10
141.812405264039
 20
78.194607882267
 30
0.0
 10
141.633814413952
 20
78.504165355752
 30
0.0
 10
141.153792838806
 20
79.336202752672
 30
0.0
 10
140.67377126366
 20
80.168240149591
 30
0.0
 10
140.193749688514
 20
81.00027754651
 30
0.0
 10
140.015244656932
 20
81.309686267919
 30
0.0
 10
140.015336257661
 20
81.69081587217
 30
0.0
 10
140.193989995261
 20
82.000138754003
 30
0.0
 10
140.372643732861
 20
82.309461635835
 30
0.0
 10
140.702726927538
 20
82.5
 30
0.0
 10
141.059935274563
 20
82.5
 30
0.0
 10
142.019978424854
 20
82.5
 30
0.0
 10
142.980021575146
 20
82.5
 30
0.0
 10
143.940064725437
 20
82.5
 30
0.0
 10
144.297273072462
 20
82.5
 30
0.0
 10
144.627356267139
 20
82.309461635835
 30
0.0
 10
144.806010004739
 20
82.000138754003
 30
0.0
 10
144.984663742339
 20
81.69081587217
 30
0.0
 10
144.984755343068
 20
81.309686267919
 30
0.0
 10
144.806250311486
 20
81.000277546511
 30
0.0
 10
144.32622873634
 20
80.168240149591
 30
0.0
 10
143.846207161194
 20
79.336202752672
 30
0.0
 10
143.366185586049
 20
78.504165355752
 30
0.0
  0
SPLINE
  5
f9
100
AcDbEntity
  8
Default
100
AcDbSpline
 70
     9
 71
     3
 72
    32
 73
    28
 74
     0
 42
0.0000001
 43
0.0000001
 40
0.0
 40
0.0
 40
0.0
 40
0.0
 40
1.0
 40
1.0
 40
1.0
 40
2.0
 40
2.0
 40
2.0
 40
4.881729078574
 40
4.881729078574
 40
4.881729078574
 40
5.881729078574
 40
5.881729078574
 40
5.881729078574
 40
6.881729078574
 40
6.881729078574
 40
6.881729078574
 40
9.761858529449
 40
9.761858529449
 40
9.761858529449
 40
10.761858529449
 40
10.761858529449
 40
10.761858529449
 40
11.761858529449
 40
11.761858529449
 40
11.761858529449
 40
14.643587608024
 40
14.643587608024
 40
14.643587608024
 40
14.643587608024
 10
135.433092793024
 20
78.245973417503
 30
0.0
 10
135.343797367981
 20
78.400752154245
 30
0.0
 10
135.178690039681
 20
78.496112190758
 30
0.0
 10
135.0
 20
78.496112190758
 30
0.0
 10
134.821309960319
 20
78.496112190758
 30
0.0
 10
134.656202632019
 20
78.400752154245
 30
0.0
 10
134.566907206976
 20
78.245973417503
 30
0.0
 10
134.08688563183
 20
77.413936020584
 30
0.0
 10
133.606864056684
 20
76.581898623664
 30
0.0
 10
133.126842481538
 20
75.749861226745
 30
0.0
 10
133.037589965747
 20
75.59515686604
 30
0.0
 10
133.037635766112
 20
75.404592063915
 30
0.0
 10
133.126962634912
 20
75.249930622999
 30
0.0
 10
133.216289503712
 20
75.095269182082
 30
0.0
 10
133.38133110105
 20
75.0
 30
0.0
 10
133.559935274563
 20
75.0
 30
0.0
 10
134.519978424854
 20
75.0
 30
0.0
 10
135.480021575146
 20
75.0
 30
0.0
 10
136.440064725437
 20
75.0
 30
0.0
 10
136.61866889895
 20
75.0
 30
0.0
 10
136.783710496288
 20
75.095269182082
 30
0.0
 10
136.873037365088
 20
75.249930622999
 30
0.0
 10
136.962364233888
 20
75.404592063915
 30
0.0
 10
136.962410034253
 20
75.59515686604
 30
0.0
 10
136.873157518462
 20
75.749861226745
 30
0.0
 10
136.393135943316
 20
76.581898623664
 30
0.0
 10
135.91311436817
 20
77.413936020584
 30
0.0
 10
135.433092793024
 20
78.245973417503
 30
0.0
  0
SPLINE
  5
fa
100
AcDbEntity
  8
Default
100
AcDbSpline
 70
     9
 71
     3
 72
    32
 73
    28
 74
     0
 42
0.0000001
 43
0.0000001
 40
0.0
 40
0.0
 40
0.0
 40
0.0
 40
1.0
 40
1.0
 40
1.0
 40
2.0
 40
2.0
 40
2.0
 40
4.881729078574
 40
4.881729078574
 40
4.881729078574
 40
5.881729078574
 40
5.881729078574
 40
5.881729078574
 40
6.881729078574
 40
6.881729078574
 40
6.881729078574
 40
9.761858529449
 40
9.761858529449
 40
9.761858529449
 40
10.761858529449
 40
10.761858529449
 40
10.761858529449
 40
11.761858529449
 40
11.761858529449
 40
11.761858529449
 40
14.643587608024
 40
14.643587608024
 40
14.643587608024
 40
14.643587608024
 10
135.433092793024
 20
65.754026582497
 30
0.0
 10
135.343797367981
 20
65.599247845755
 30
0.0
 10
135.178690039681
 20
65.503887809242
 30
0.0
 10
135.0
 20
65.503887809242
 30
0.0
 10
134.821309960319
 20
65.503887809242
 30
0.0
 10
134.656202632019
 20
65.599247845755
 30
0.0
 10
134.566907206976
 20
65.754026582497
 30
0.0
 10
134.08688563183
 20
66.586063979416
 30
0.0
 10
133.606864056684
 20
67.418101376336
 30
0.0
 10
133.126842481538
 20
68.250138773255
 30
0.0
 10
133.037589965747
 20
68.40484313396
 30
0.0
 10
133.037635766112
 20
68.595407936085
 30
0.0
 10
133.126962634912
 20
68.750069377001
 30
0.0
 10
133.216289503712
 20
68.904730817918
 30
0.0
 10
133.38133110105
 20
69.0
 30
0.0
 10
133.559935274563
 20
69.0
 30
0.0
 10
134.519978424854
 20
69.0
 30
0.0
 10
135.480021575146
 20
69.0
 30
0.0
 10
136.440064725437
 20
69.0
 30
0.0
 10
136.61866889895
 20
69.0
 30
0.0
 10
136.783710496288
 20
68.904730817918
 30
0.0
 10
136.873037365088
 20
68.750069377001
 30
0.0
 10
136.962364233888
 20
68.595407936085
 30
0.0
 10
136.962410034253
 20
68.404843133959
 30
0.0
 10
136.873157518462
 20
68.250138773255
 30
0.0
 10
136.393135943316
 20
67.418101376336
 30
0.0
 10
135.91311436817
 20
66.586063979416
 30
0.0
 10
135.433092793024
 20
65.754026582497
 30
0.0
  0
SPLINE
  5
fb
100
AcDbEntity
  8
Default
100
AcDbSpline
 70
     9
 71
     3
 72
    32
 73
    28
 74
     0
 42
0.0000001
 43
0.0000001
 40
0.0
 40
0.0
 40
0.0
 40
0.0
 40
1.0
 40
1.0
 40
1.0
 40
2.0
 40
2.0
 40
2.0
 40
3.149357372685
 40
3.149357372685
 40
3.149357372685
 40
4.149357372685
 40
4.149357372685
 40
4.149357372685
 40
5.149357372685
 40
5.149357372685
 40
5.149357372685
 40
6.298076745113
 40
6.298076745113
 40
6.298076745113
 40
7.298076745113
 40
7.298076745113
 40
7.298076745113
 40
8.298076745113
 40
8.298076745113
 40
8.298076745113
 40
9.447434117798
 40
9.447434117798
 40
9.447434117798
 40
9.447434117798
 10
142.933092793024
 20
64.245418016183
 30
0.0
 10
142.843797367981
 20
64.400196752925
 30
0.0
 10
142.678690039681
 20
64.495556789438
 30
0.0
 10
142.5
 20
64.495556789438
 30
0.0
 10
142.321309960319
 20
64.495556789438
 30
0.0
 10
142.156202632019
 20
64.400196752925
 30
0.0
 10
142.066907206976
 20
64.245418016183
 30
0.0
 10
141.875453978238
 20
63.913565753037
 30
0.0
 10
141.6840007495
 20
63.581713489891
 30
0.0
 10
141.492547520761
 20
63.249861226745
 30
0.0
 10
141.40329500497
 20
63.09515686604
 30
0.0
 10
141.403340805335
 20
62.904592063915
 30
0.0
 10
141.492667674135
 20
62.749930622999
 30
0.0
 10
141.581994542935
 20
62.595269182082
 30
0.0
 10
141.747036140274
 20
62.5
 30
0.0
 10
141.925640313786
 20
62.5
 30
0.0
 10
142.308546771262
 20
62.5
 30
0.0
 10
142.691453228738
 20
62.5
 30
0.0
 10
143.074359686214
 20
62.5
 30
0.0
 10
143.252963859726
 20
62.5
 30
0.0
 10
143.418005457065
 20
62.595269182082
 30
0.0
 10
143.507332325865
 20
62.749930622999
 30
0.0
 10
143.596659194665
 20
62.904592063915
 30
0.0
 10
143.596704995029
 20
63.09515686604
 30
0.0
 10
143.507452479238
 20
63.249861226745
 30
0.0
 10
143.3159992505
 20
63.581713489891
 30
0.0
 10
143.124546021762
 20
63.913565753037
 30
0.0
 10
142.933092793024
 20
64.245418016183
 30
0.0
  0
SPLINE
  5
fc
100
AcDbEntity
  8
Default
100
AcDbSpline
 70
     9
 71
     3
 72
    32
 73
    28
 74
     0
 42
0.0000001
 43
0.0000001
 40
0.0
 40
0.0
 40
0.0
 40
0.0
 40
1.0
 40
1.0
 40
1.0
 40
2.0
 40
2.0
 40
2.0
 40
3.149357372685
 40
3.149357372685
 40
3.149357372685
 40
4.149357372685
 40
4.149357372685
 40
4.149357372685
 40
5.149357372685
 40
5.149357372685
 40
5.149357372685
 40
6.298076745113
 40
6.298076745113
 40
6.298076745113
 40
7.298076745113
 40
7.298076745113
 40
7.298076745113
 40
8.298076745113
 40
8.298076745113
 40
8.298076745113
 40
9.447434117798
 40
9.447434117798
 40
9.447434117798
 40
9.447434117798
 10
142.933092793024
 20
53.754581983817
 30
0.0
 10
142.84379736798
 20
53.599803247075
 30
0.0
 10
142.678690039681
 20
53.504443210562
 30
0.0
 10
142.5
 20
53.504443210562
 30
0.0
 10
142.321309960319
 20
53.504443210562
 30
0.0
 10
142.156202632019
 20
53.599803247075
 30
0.0
 10
142.066907206976
 20
53.754581983817
 30
0.0
 10
141.875453978238
 20
54.086434246963
 30
0.0
 10
141.6840007495
 20
54.418286510109
 30
0.0
 10
141.492547520761
 20
54.750138773255
 30
0.0
 10
141.40329500497
 20
54.90484313396
 30
0.0
 10
141.403340805335
 20
55.095407936085
 30
0.0
 10
141.492667674135
 20
55.250069377001
 30
0.0
 10
141.581994542935
 20
55.404730817918
 30
0.0
 10
141.747036140274
 20
55.5
 30
0.0
 10
141.925640313786
 20
55.5
 30
0.0
 10
142.308546771262
 20
55.5
 30
0.0
 10
142.691453228738
 20
55.5
 30
0.0
 10
143.074359686214
 20
55.5
 30
0.0
 10
143.252963859726
 20
55.5
 30
0.0
 10
143.418005457065
 20
55.404730817918
 30
0.0
 10
143.507332325865
 20
55.250069377001
 30
0.0
 10
143.596659194665
 20
55.095407936085
 30
0.0
 10
143.596704995029
 20
54.90484313396
 30
0.0
 10
143.507452479239
 20
54.750138773255
 30
0.0
 10
143.3159992505
 20
54.418286510109
 30
0.0
 10
143.124546021762
 20
54.086434246963
 30
0.0
 10
142.933092793024
 20
53.754581983817
 30
0.0
  0
SPLINE
  5
fd
100
AcDbEntity
  8
Default
100
AcDbSpline
 70
     9
 71
     3
 72
    32
 73
    28
 74
     0
 42
0.0000001
 43
0.0000001
 40
0.0
 40
0.0
 40
0.0
 40
0.0
 40
1.0
 40
1.0
 40
1.0
 40
2.0
 40
2.0
 40
2.0
 40
11.805769764661
 40
11.805769764661
 40
11.805769764661
 40
12.805769764661
 40
12.805769764661
 40
12.805769764661
 40
13.805769764661
 40
13.805769764661
 40
13.805769764661
 40
23.616985666794
 40
23.616985666794
 40
23.616985666794
 40
24.616985666794
 40
24.616985666794
 40
24.616985666794
 40
25.616985666794
 40
25.616985666794
 40
25.616985666794
 40
35.428201568928
 40
35.428201568928
 40
35.428201568928
 40
35.428201568928
 10
53.797836738597
 20
147.750416319766
 30
0.0
 10
53.530079191224
 20
148.214529401879
 30
0.0
 10
53.530216592317
 20
148.786223808255
 30
0.0
 10
53.798197198717
 20
149.250208131004
 30
0.0
 10
54.066177805117
 20
149.714192453753
 30
0.0
 10
54.561302597134
 20
150.0
 30
0.0
 10
55.09711511767
 20
150.0
 30
0.0
 10
58.365705039223
 20
150.0
 30
0.0
 10
61.634294960777
 20
150.0
 30
0.0
 10
64.90288488233
 20
150.0
 30
0.0
 10
65.438697402867
 20
150.0
 30
0.0
 10
65.933822194883
 20
149.714192453752
 30
0.0
 10
66.201802801283
 20
149.250208131003
 30
0.0
 10
66.469783407683
 20
148.786223808254
 30
0.0
 10
66.469920808776
 20
148.214529401878
 30
0.0
 10
66.202163261404
 20
147.750416319765
 30
0.0
 10
64.567868300626
 20
144.917638387753
 30
0.0
 10
62.93357333985
 20
142.08486045574
 30
0.0
 10
61.299278379073
 20
139.252082523726
 30
0.0
 10
61.031392103942
 20
138.787746313499
 30
0.0
 10
60.536070119044
 20
138.501666203961
 30
0.0
 10
60.0
 20
138.501666203961
 30
0.0
 10
59.463929880956
 20
138.501666203961
 30
0.0
 10
58.968607896058
 20
138.787746313499
 30
0.0
 10
58.700721620927
 20
139.252082523726
 30
0.0
 10
57.06642666015
 20
142.08486045574
 30
0.0
 10
55.432131699374
 20
144.917638387753
 30
0.0
 10
53.797836738597
 20
147.750416319766
 30
0.0
  0
SPLINE
  5
fe
100
AcDbEntity
  8
Default
100
AcDbSpline
 70
     9
 71
     3
 72
    32
 73
    28
 74
     0
 42
0.0000001
 43
0.0000001
 40
0.0
 40
0.0
 40
0.0
 40
0.0
 40
1.0
 40
1.0
 40
1.0
 40
2.0
 40
2.0
 40
2.0
 40
10.078844196244
 40
10.078844196244
 40
10.078844196244
 40
11.078844196244
 40
11.078844196244
 40
11.078844196244
 40
12.078844196244
 40
12.078844196244
 40
12.078844196244
 40
20.153203882458
 40
20.153203882458
 40
20.153203882458
 40
21.153203882458
 40
21.153203882458
 40
21.153203882458
 40
22.153203882458
 40
22.153203882458
 40
22.153203882458
 40
30.232048078702
 40
30.232048078702
 40
30.232048078702
 40
30.232048078702
 10
68.799278379073
 20
146.747362074953
 30
0.0
 10
68.531392103942
 20
147.211698285181
 30
0.0
 10
68.036070119044
 20
147.497778394719
 30
0.0
 10
67.5
 20
147.497778394719
 30
0.0
 10
66.963929880956
 20
147.497778394719
 30
0.0
 10
66.468607896058
 20
147.211698285181
 30
0.0
 10
66.200721620927
 20
146.747362074953
 30
0.0
 10
64.854995006558
 20
144.414769276714
 30
0.0
 10
63.509268392189
 20
142.082176478474
 30
0.0
 10
62.16354177782
 20
139.749583680234
 30
0.0
 10
61.895784230447
 20
139.285470598121
 30
0.0
 10
61.89592163154
 20
138.713776191745
 30
0.0
 10
62.16390223794
 20
138.249791868996
 30
0.0
 10
62.43188284434
 20
137.785807546247
 30
0.0
 10
62.927007636357
 20
137.5
 30
0.0
 10
63.462820156893
 20
137.5
 30
0.0
 10
66.154273385631
 20
137.5
 30
0.0
 10
68.845726614369
 20
137.5
 30
0.0
 10
71.537179843107
 20
137.5
 30
0.0
 10
72.072992363643
 20
137.5
 30
0.0
 10
72.56811715566
 20
137.785807546247
 30
0.0
 10
72.83609776206
 20
138.249791868996
 30
0.0
 10
73.10407836846
 20
138.713776191745
 30
0.0
 10
73.104215769553
 20
139.285470598121
 30
0.0
 10
72.83645822218
 20
139.749583680234
 30
0.0
 10
71.490731607811
 20
142.082176478474
 30
0.0
 10
70.145004993442
 20
144.414769276714
 30
0.0
 10
68.799278379073
 20
146.747362074953
 30
0.0
  0
SPLINE
  5
ff
100
AcDbEntity
  8
Default
100
AcDbSpline
 70
     9
 71
     3
 72
    32
 73
    28
 74
     0
 42
0.0000001
 43
0.0000001
 40
0.0
 40
0.0
 40
0.0
 40
0.0
 40
1.0
 40
1.0
 40
1.0
 40
2.0
 40
2.0
 40
2.0
 40
10.078844196244
 40
10.078844196244
 40
10.078844196244
 40
11.078844196244
 40
11.078844196244
 40
11.078844196244
 40
12.078844196244
 40
12.078844196244
 40
12.078844196244
 40
20.153203882458
 40
20.153203882458
 40
20.153203882458
 40
21.153203882458
 40
21.153203882458
 40
21.153203882458
 40
22.153203882458
 40
22.153203882458
 40
22.153203882458
 40
30.232048078702
 40
30.232048078702
 40
30.232048078702
 40
30.232048078702
 10
68.799278379073
 20
127.252637925047
 30
0.0
 10
68.531392103942
 20
126.788301714819
 30
0.0
 10
68.036070119044
 20
126.502221605281
 30
0.0
 10
67.5
 20
126.502221605281
 30
0.0
 10
66.963929880956
 20
126.502221605281
 30
0.0
 10
66.468607896058
 20
126.788301714819
 30
0.0
 10
66.200721620927
 20
127.252637925047
 30
0.0
 10
64.854995006558
 20
129.585230723286
 30
0.0
 10
63.509268392189
 20
131.917823521526
 30
0.0
 10
62.16354177782
 20
134.250416319766
 30
0.0
 10
61.895784230447
 20
134.714529401879
 30
0.0
 10
61.89592163154
 20
135.286223808255
 30
0.0
 10
62.16390223794
 20
135.750208131004
 30
0.0
 10
62.43188284434
 20
136.214192453753
 30
0.0
 10
62.927007636357
 20
136.5
 30
0.0
 10
63.462820156893
 20
136.5
 30
0.0
 10
66.154273385631
 20
136.5
 30
0.0
 10
68.845726614369
 20
136.5
 30
0.0
 10
71.537179843107
 20
136.5
 30
0.0
 10
72.072992363643
 20
136.5
 30
0.0
 10
72.56811715566
 20
136.214192453753
 30
0.0
 10
72.83609776206
 20
135.750208131004
 30
0.0
 10
73.10407836846
 20
135.286223808255
 30
0.0
 10
73.104215769553
 20
134.714529401879
 30
0.0
 10
72.83645822218
 20
134.250416319766
 30
0.0
 10
71.490731607811
 20
131.917823521526
 30
0.0
 10
70.145004993442
 20
129.585230723286
 30
0.0
 10
68.799278379073
 20
127.252637925047
 30
0.0
  0
SPLINE
  5
100
100
AcDbEntity
  8
Default
100
AcDbSpline
 70
     9
 71
     3
 72
    32
 73
    28
 74
     0
 42
0.0000001
 43
0.0000001
 40
0.0
 40
0.0
 40
0.0
 40
0.0
 40
1.0
 40
1.0
 40
1.0
 40
2.0
 40
2.0
 40
2.0
 40
8.346472490354
 40
8.346472490354
 40
8.346472490354
 40
9.346472490354
 40
9.346472490354
 40
9.346472490354
 40
10.346472490354
 40
10.346472490354
 40
10.346472490354
 40
16.689422098122
 40
16.689422098122
 40
16.689422098122
 40
17.689422098122
 40
17.689422098122
 40
17.689422098122
 40
18.689422098122
 40
18.689422098122
 40
18.689422098122
 40
25.035894588476
 40
25.035894588476
 40
25.035894588476
 40
25.035894588476
 10
61.299278379073
 20
132.746806673633
 30
0.0
 10
61.031392103942
 20
133.21114288386
 30
0.0
 10
60.536070119044
 20
133.497222993399
 30
0.0
 10
60.0
 20
133.497222993399
 30
0.0
 10
59.463929880956
 20
133.497222993399
 30
0.0
 10
58.968607896058
 20
133.21114288386
 30
0.0
 10
58.700721620927
 20
132.746806673633
 30
0.0
 10
57.643563352966
 20
130.914399009167
 30
0.0
 10
56.586405085005
 20
129.081991344701
 30
0.0
 10
55.529246817043
 20
127.249583680234
 30
0.0
 10
55.26148926967
 20
126.785470598121
 30
0.0
 10
55.261626670764
 20
126.213776191745
 30
0.0
 10
55.529607277164
 20
125.749791868996
 30
0.0
 10
55.797587883564
 20
125.285807546247
 30
0.0
 10
56.29271267558
 20
125.0
 30
0.0
 10
56.828525196116
 20
125.0
 30
0.0
 10
58.942841732039
 20
125.0
 30
0.0
 10
61.057158267961
 20
125.0
 30
0.0
 10
63.171474803884
 20
125.0
 30
0.0
 10
63.70728732442
 20
125.0
 30
0.0
 10
64.202412116436
 20
125.285807546247
 30
0.0
 10
64.470392722836
 20
125.749791868996
 30
0.0
 10
64.738373329236
 20
126.213776191745
 30
0.0
 10
64.73851073033
 20
126.785470598121
 30
0.0
 10
64.470753182957
 20
127.249583680234
 30
0.0
 10
63.413594914996
 20
129.081991344701
 30
0.0
 10
62.356436647034
 20
130.914399009167
 30
0.0
 10
61.299278379073
 20
132.746806673633
 30
0.0
  0
SPLINE
  5
101
100
AcDbEntity
  8
Default
100
AcDbSpline
 70
     9
 71
     3
 72
    32
 73
    28
 74
     0
 42
0.0000001
 43
0.0000001
 40
0.0
 40
0.0
 40
0.0
 40
0.0
 40
1.0
 40
1.0
 40
1.0
 40
2.0
 40
2.0
 40
2.0
 40
8.346472490354
 40
8.346472490354
 40
8.346472490354
 40
9.346472490354
 40
9.346472490354
 40
9.346472490354
 40
10.346472490354
 40
10.346472490354
 40
10.346472490354
 40
16.689422098122
 40
16.689422098122
 40
16.689422098122
 40
17.689422098122
 40
17.689422098122
 40
17.689422098122
 40
18.689422098122
 40
18.689422098122
 40
18.689422098122
 40
25.035894588476
 40
25.035894588476
 40
25.035894588476
 40
25.035894588476
 10
61.299278379073
 20
115.253193326367
 30
0.0
 10
61.031392103942
 20
114.788857116139
 30
0.0
 10
60.536070119044
 20
114.502777006601
 30
0.0
 10
60.0
 20
114.502777006601
 30
0.0
 10
59.463929880956
 20
114.502777006601
 30
0.0
 10
58.968607896058
 20
114.78885711614
 30
0.0
 10
58.700721620927
 20
115.253193326367
 30
0.0
 10
57.643563352966
 20
117.085600990833
 30
0.0
 10
56.586405085005
 20
118.918008655299
 30
0.0
 10
55.529246817043
 20
120.750416319766
 30
0.0
 10
55.26148926967
 20
121.214529401879
 30
0.0
 10
55.261626670764
 20
121.786223808255
 30
0.0
 10
55.529607277164
 20
122.250208131004
 30
0.0
 10
55.797587883564
 20
122.714192453753
 30
0.0
 10
56.29271267558
 20
123.0
 30
0.0
 10
56.828525196116
 20
123.0
 30
0.0
 10
58.942841732039
 20
123.0
 30
0.0
 10
61.057158267961
 20
123.0
 30
0.0
 10
63.171474803884
 20
123.0
 30
0.0
 10
63.70728732442
 20
123.0
 30
0.0
 10
64.202412116436
 20
122.714192453753
 30
0.0
 10
64.470392722836
 20
122.250208131004
 30
0.0
 10
64.738373329236
 20
121.786223808255
 30
0.0
 10
64.73851073033
 20
121.214529401879
 30
0.0
 10
64.470753182957
 20
120.750416319766
 30
0.0
 10
63.413594914996
 20
118.918008655299
 30
0.0
 10
62.356436647034
 20
117.085600990833
 30
0.0
 10
61.299278379073
 20
115.253193326367
 30
0.0
  0
SPLINE
  5
102
100
AcDbEntity
  8
Default
100
AcDbSpline
 70
     9
 71
     3
 72
    32
 73
    28
 74
     0
 42
0.0000001
 43
0.0000001
 40
0.0
 40
0.0
 40
0.0
 40
0.0
 40
1.0
 40
1.0
 40
1.0
 40
2.0
 40
2.0
 40
2.0
 40
6.614100784464
 40
6.614100784464
 40
6.614100784464
 40
7.614100784464
 40
7.614100784464
 40
7.614100784464
 40
8.614100784464
 40
8.614100784464
 40
8.614100784464
 40
13.225640313786
 40
13.225640313786
 40
13.225640313786
 40
14.225640313786
 40
14.225640313786
 40
14.225640313786
 40
15.225640313786
 40
15.225640313786
 40
15.225640313786
 40
19.83974109825
 40
19.83974109825
 40
19.83974109825
 40
19.83974109825
 10
60.866185586049
 20
90.503609954432
 30
0.0
 10
60.687594735961
 20
90.194052480947
 30
0.0
 10
60.357380079363
 20
90.003332407922
 30
0.0
 10
60.0
 20
90.003332407922
 30
0.0
 10
59.642619920637
 20
90.003332407922
 30
0.0
 10
59.312405264039
 20
90.194052480947
 30
0.0
 10
59.133814413951
 20
90.503609954432
 30
0.0
 10
58.365224492398
 20
91.835832485125
 30
0.0
 10
57.596634570844
 20
93.168055015818
 30
0.0
 10
56.828044649291
 20
94.50027754651
 30
0.0
 10
56.649539617709
 20
94.809686267919
 30
0.0
 10
56.649631218438
 20
95.19081587217
 30
0.0
 10
56.828284956038
 20
95.500138754003
 30
0.0
 10
57.006938693638
 20
95.809461635835
 30
0.0
 10
57.337021888315
 20
96.0
 30
0.0
 10
57.694230235339
 20
96.0
 30
0.0
 10
59.231410078446
 20
96.0
 30
0.0
 10
60.768589921554
 20
96.0
 30
0.0
 10
62.305769764661
 20
96.0
 30
0.0
 10
62.662978111685
 20
96.0
 30
0.0
 10
62.993061306362
 20
95.809461635835
 30
0.0
 10
63.171715043962
 20
95.500138754002
 30
0.0
 10
63.350368781562
 20
95.19081587217
 30
0.0
 10
63.350460382291
 20
94.809686267919
 30
0.0
 10
63.171955350709
 20
94.50027754651
 30
0.0
 10
62.403365429156
 20
93.168055015818
 30
0.0
 10
61.634775507602
 20
91.835832485125
 30
0.0
 10
60.866185586049
 20
90.503609954432
 30
0.0
  0
SPLINE
  5
103
100
AcDbEntity
  8
Default
100
AcDbSpline
 70
     9
 71
     3
 72
    32
 73
    28
 74
     0
 42
0.0000001
 43
0.0000001
 40
0.0
 40
0.0
 40
0.0
 40
0.0
 40
1.0
 40
1.0
 40
1.0
 40
2.0
 40
2.0
 40
2.0
 40
4.881729078574
 40
4.881729078574
 40
4.881729078574
 40
5.881729078574
 40
5.881729078574
 40
5.881729078574
 40
6.881729078574
 40
6.881729078574
 40
6.881729078574
 40
9.761858529449
 40
9.761858529449
 40
9.761858529449
 40
10.761858529449
 40
10.761858529449
 40
10.761858529449
 40
11.761858529449
 40
11.761858529449
 40
11.761858529449
 40
14.643587608024
 40
14.643587608024
 40
14.643587608024
 40
14.643587608024
 10
68.366185586049
 20
91.495834644248
 30
0.0
 10
68.187594735961
 20
91.805392117733
 30
0.0
 10
67.857380079363
 20
91.996112190758
 30
0.0
 10
67.5
 20
91.996112190758
 30
0.0
 10
67.142619920637
 20
91.996112190758
 30
0.0
 10
66.812405264039
 20
91.805392117733
 30
0.0
 10
66.633814413952
 20
91.495834644248
 30
0.0
 10
66.153792838806
 20
90.663797247328
 30
0.0
 10
65.67377126366
 20
89.831759850409
 30
0.0
 10
65.193749688514
 20
88.99972245349
 30
0.0
 10
65.015244656932
 20
88.690313732081
 30
0.0
 10
65.015336257661
 20
88.30918412783
 30
0.0
 10
65.193989995261
 20
87.999861245997
 30
0.0
 10
65.372643732861
 20
87.690538364165
 30
0.0
 10
65.702726927538
 20
87.5
 30
0.0
 10
66.059935274563
 20
87.5
 30
0.0
 10
67.019978424854
 20
87.5
 30
0.0
 10
67.980021575146
 20
87.5
 30
0.0
 10
68.940064725437
 20
87.5
 30
0.0
 10
69.297273072462
 20
87.5
 30
0.0
 10
69.627356267139
 20
87.690538364165
 30
0.0
 10
69.806010004739
 20
87.999861245998
 30
0.0
 10
69.984663742339
 20
88.30918412783
 30
0.0
 10
69.984755343068
 20
88.690313732081
 30
0.0
 10
69.806250311486
 20
88.99972245349
 30
0.0
 10
69.32622873634
 20
89.831759850409
 30
0.0
 10
68.846207161194
 20
90.663797247328
 30
0.0
 10
68.366185586049
 20
91.495834644248
 30
0.0
  0
SPLINE
  5
104
100
AcDbEntity
  8
Default
100
AcDbSpline
 70
     9
 71
     3
 72
    32
 73
    28
 74
     0
 42
0.0000001
 43
0.0000001
 40
0.0
 40
0.0
 40
0.0
 40
0.0
 40
1.0
 40
1.0
 40
1.0
 40
2.0
 40
2.0
 40
2.0
 40
4.881729078574
 40
4.881729078574
 40
4.881729078574
 40
5.881729078574
 40
5.881729078574
 40
5.881729078574
 40
6.881729078574
 40
6.881729078574
 40
6.881729078574
 40
9.761858529449
 40
9.761858529449
 40
9.761858529449
 40
10.761858529449
 40
10.761858529449
 40
10.761858529449
 40
11.761858529449
 40
11.761858529449
 40
11.761858529449
 40
14.643587608024
 40
14.643587608024
 40
14.643587608024
 40
14.643587608024
 10
60.433092793024
 20
78.245973417503
 30
0.0
 10
60.343797367981
 20
78.400752154245
 30
0.0
 10
60.178690039681
 20
78.496112190758
 30
0.0
 10
60.0
 20
78.496112190758
 30
0.0
 10
59.821309960319
 20
78.496112190758
 30
0.0
 10
59.656202632019
 20
78.400752154245
 30
0.0
 10
59.566907206976
 20
78.245973417503
 30
0.0
 10
59.08688563183
 20
77.413936020584
 30
0.0
 10
58.606864056684
 20
76.581898623664
 30
0.0
 10
58.126842481538
 20
75.749861226745
 30
0.0
 10
58.037589965747
 20
75.59515686604
 30
0.0
 10
58.037635766112
 20
75.404592063915
 30
0.0
 10
58.126962634912
 20
75.249930622999
 30
0.0
 10
58.216289503712
 20
75.095269182082
 30
0.0
 10
58.38133110105
 20
75.0
 30
0.0
 10
58.559935274563
 20
75.0
 30
0.0
 10
59.519978424854
 20
75.0
 30
0.0
 10
60.480021575146
 20
75.0
 30
0.0
 10
61.440064725437
 20
75.0
 30
0.0
 10
61.61866889895
 20
75.0
 30
0.0
 10
61.783710496288
 20
75.095269182082
 30
0.0
 10
61.873037365088
 20
75.249930622999
 30
0.0
 10
61.962364233888
 20
75.404592063915
 30
0.0
 10
61.962410034253
 20
75.59515686604
 30
0.0
 10
61.873157518462
 20
75.749861226745
 30
0.0
 10
61.393135943316
 20
76.581898623664
 30
0.0
 10
60.91311436817
 20
77.413936020584
 30
0.0
 10
60.433092793024
 20
78.245973417503
 30
0.0
  0
SPLINE
  5
105
100
AcDbEntity
  8
Default
100
AcDbSpline
 70
     9
 71
     3
 72
    32
 73
    28
 74
     0
 42
0.0000001
 43
0.0000001
 40
0.0
 40
0.0
 40
0.0
 40
0.0
 40
1.0
 40
1.0
 40
1.0
 40
2.0
 40
2.0
 40
2.0
 40
8.346472490354
 40
8.346472490354
 40
8.346472490354
 40
9.346472490354
 40
9.346472490354
 40
9.346472490354
 40
10.346472490354
 40
10.346472490354
 40
10.346472490354
 40
16.689422098122
 40
16.689422098122
 40
16.689422098122
 40
17.689422098122
 40
17.689422098122
 40
17.689422098122
 40
18.689422098122
 40
18.689422098122
 40
18.689422098122
 40
25.035894588476
 40
25.035894588476
 40
25.035894588476
 40
25.035894588476
 10
68.366185586049
 20
119.496945446888
 30
0.0
 10
68.187594735961
 20
119.806502920373
 30
0.0
 10
67.857380079363
 20
119.997222993399
 30
0.0
 10
67.5
 20
119.997222993399
 30
0.0
 10
67.142619920637
 20
119.997222993399
 30
0.0
 10
66.812405264039
 20
119.806502920373
 30
0.0
 10
66.633814413952
 20
119.496945446888
 30
0.0
 10
65.57665614599
 20
117.664537782422
 30
0.0
 10
64.519497878029
 20
115.832130117956
 30
0.0
 10
63.462339610068
 20
113.99972245349
 30
0.0
 10
63.283834578486
 20
113.690313732081
 30
0.0
 10
63.283926179214
 20
113.30918412783
 30
0.0
 10
63.462579916814
 20
112.999861245997
 30
0.0
 10
63.641233654414
 20
112.690538364165
 30
0.0
 10
63.971316849092
 20
112.5
 30
0.0
 10
64.328525196116
 20
112.5
 30
0.0
 10
66.442841732039
 20
112.5
 30
0.0
 10
68.557158267961
 20
112.5
 30
0.0
 10
70.671474803884
 20
112.5
 30
0.0
 10
71.028683150908
 20
112.5
 30
0.0
 10
71.358766345586
 20
112.690538364165
 30
0.0
 10
71.537420083186
 20
112.999861245997
 30
0.0
 10
71.716073820785
 20
113.30918412783
 30
0.0
 10
71.716165421514
 20
113.690313732081
 30
0.0
 10
71.537660389932
 20
113.999722453489
 30
0.0
 10
70.480502121971
 20
115.832130117956
 30
0.0
 10
69.42334385401
 20
117.664537782422
 30
0.0
 10
68.366185586049
 20
119.496945446888
 30
0.0
  0
SPLINE
  5
106
100
AcDbEntity
  8
Default
100
AcDbSpline
 70
     9
 71
     3
 72
    32
 73
    28
 74
     0
 42
0.0000001
 43
0.0000001
 40
0.0
 40
0.0
 40
0.0
 40
0.0
 40
1.0
 40
1.0
 40
1.0
 40
2.0
 40
2.0
 40
2.0
 40
6.614100784464
 40
6.614100784464
 40
6.614100784464
 40
7.614100784464
 40
7.614100784464
 40
7.614100784464
 40
8.614100784464
 40
8.614100784464
 40
8.614100784464
 40
13.225640313786
 40
13.225640313786
 40
13.225640313786
 40
14.225640313786
 40
14.225640313786
 40
14.225640313786
 40
15.225640313786
 40
15.225640313786
 40
15.225640313786
 40
19.83974109825
 40
19.83974109825
 40
19.83974109825
 40
19.83974109825
 10
60.866185586049
 20
105.496390045568
 30
0.0
 10
60.687594735961
 20
105.805947519053
 30
0.0
 10
60.357380079363
 20
105.996667592078
 30
0.0
 10
60.0
 20
105.996667592078
 30
0.0
 10
59.642619920637
 20
105.996667592078
 30
0.0
 10
59.312405264039
 20
105.805947519053
 30
0.0
 10
59.133814413951
 20
105.496390045568
 30
0.0
 10
58.365224492398
 20
104.164167514875
 30
0.0
 10
57.596634570844
 20
102.831944984182
 30
0.0
 10
56.828044649291
 20
101.49972245349
 30
0.0
 10
56.649539617709
 20
101.190313732081
 30
0.0
 10
56.649631218438
 20
100.80918412783
 30
0.0
 10
56.828284956038
 20
100.499861245997
 30
0.0
 10
57.006938693638
 20
100.190538364165
 30
0.0
 10
57.337021888315
 20
100.0
 30
0.0
 10
57.694230235339
 20
100.0
 30
0.0
 10
59.231410078446
 20
100.0
 30
0.0
 10
60.768589921554
 20
100.0
 30
0.0
 10
62.305769764661
 20
100.0
 30
0.0
 10
62.662978111685
 20
100.0
 30
0.0
 10
62.993061306362
 20
100.190538364165
 30
0.0
 10
63.171715043962
 20
100.499861245997
 30
0.0
 10
63.350368781562
 20
100.80918412783
 30
0.0
 10
63.350460382291
 20
101.190313732081
 30
0.0
 10
63.171955350709
 20
101.499722453489
 30
0.0
 10
62.403365429156
 20
102.831944984182
 30
0.0
 10
61.634775507602
 20
104.164167514875
 30
0.0
 10
60.866185586049
 20
105.496390045568
 30
0.0
  0
SPLINE
  5
107
100
AcDbEntity
  8
Default
100
AcDbSpline
 70
     9
 71
     3
 72
    32
 73
    28
 74
     0
 42
0.0000001
 43
0.0000001
 40
0.0
 40
0.0
 40
0.0
 40
0.0
 40
1.0
 40
1.0
 40
1.0
 40
2.0
 40
2.0
 40
2.0
 40
8.346472490354
 40
8.346472490354
 40
8.346472490354
 40
9.346472490354
 40
9.346472490354
 40
9.346472490354
 40
10.346472490354
 40
10.346472490354
 40
10.346472490354
 40
16.689422098122
 40
16.689422098122
 40
16.689422098122
 40
17.689422098122
 40
17.689422098122
 40
17.689422098122
 40
18.689422098122
 40
18.689422098122
 40
18.689422098122
 40
25.035894588476
 40
25.035894588476
 40
25.035894588476
 40
25.035894588476
 10
76.299278379073
 20
115.253193326367
 30
0.0
 10
76.031392103942
 20
114.788857116139
 30
0.0
 10
75.536070119044
 20
114.502777006601
 30
0.0
 10
75.0
 20
114.502777006601
 30
0.0
 10
74.463929880956
 20
114.502777006601
 30
0.0
 10
73.968607896058
 20
114.78885711614
 30
0.0
 10
73.700721620927
 20
115.253193326367
 30
0.0
 10
72.643563352966
 20
117.085600990833
 30
0.0
 10
71.586405085005
 20
118.918008655299
 30
0.0
 10
70.529246817043
 20
120.750416319766
 30
0.0
 10
70.26148926967
 20
121.214529401879
 30
0.0
 10
70.261626670764
 20
121.786223808255
 30
0.0
 10
70.529607277164
 20
122.250208131004
 30
0.0
 10
70.797587883564
 20
122.714192453753
 30
0.0
 10
71.29271267558
 20
123.0
 30
0.0
 10
71.828525196116
 20
123.0
 30
0.0
 10
73.942841732039
 20
123.0
 30
0.0
 10
76.057158267961
 20
123.0
 30
0.0
 10
78.171474803884
 20
123.0
 30
0.0
 10
78.70728732442
 20
123.0
 30
0.0
 10
79.202412116436
 20
122.714192453753
 30
0.0
 10
79.470392722836
 20
122.250208131004
 30
0.0
 10
79.738373329236
 20
121.786223808255
 30
0.0
 10
79.73851073033
 20
121.214529401879
 30
0.0
 10
79.470753182957
 20
120.750416319766
 30
0.0
 10
78.413594914996
 20
118.918008655299
 30
0.0
 10
77.356436647034
 20
117.085600990833
 30
0.0
 10
76.299278379073
 20
115.253193326367
 30
0.0
  0
SPLINE
  5
108
100
AcDbEntity
  8
Default
100
AcDbSpline
 70
     9
 71
     3
 72
    32
 73
    28
 74
     0
 42
0.0000001
 43
0.0000001
 40
0.0
 40
0.0
 40
0.0
 40
0.0
 40
1.0
 40
1.0
 40
1.0
 40
2.0
 40
2.0
 40
2.0
 40
4.881729078574
 40
4.881729078574
 40
4.881729078574
 40
5.881729078574
 40
5.881729078574
 40
5.881729078574
 40
6.881729078574
 40
6.881729078574
 40
6.881729078574
 40
9.761858529449
 40
9.761858529449
 40
9.761858529449
 40
10.761858529449
 40
10.761858529449
 40
10.761858529449
 40
11.761858529449
 40
11.761858529449
 40
11.761858529449
 40
14.643587608024
 40
14.643587608024
 40
14.643587608024
 40
14.643587608024
 10
60.433092793024
 20
65.754026582497
 30
0.0
 10
60.343797367981
 20
65.599247845755
 30
0.0
 10
60.178690039681
 20
65.503887809242
 30
0.0
 10
60.0
 20
65.503887809242
 30
0.0
 10
59.821309960319
 20
65.503887809242
 30
0.0
 10
59.656202632019
 20
65.599247845755
 30
0.0
 10
59.566907206976
 20
65.754026582497
 30
0.0
 10
59.08688563183
 20
66.586063979416
 30
0.0
 10
58.606864056684
 20
67.418101376336
 30
0.0
 10
58.126842481538
 20
68.250138773255
 30
0.0
 10
58.037589965747
 20
68.40484313396
 30
0.0
 10
58.037635766112
 20
68.595407936085
 30
0.0
 10
58.126962634912
 20
68.750069377001
 30
0.0
 10
58.216289503712
 20
68.904730817918
 30
0.0
 10
58.38133110105
 20
69.0
 30
0.0
 10
58.559935274563
 20
69.0
 30
0.0
 10
59.519978424854
 20
69.0
 30
0.0
 10
60.480021575146
 20
69.0
 30
0.0
 10
61.440064725437
 20
69.0
 30
0.0
 10
61.61866889895
 20
69.0
 30
0.0
 10
61.783710496288
 20
68.904730817918
 30
0.0
 10
61.873037365088
 20
68.750069377001
 30
0.0
 10
61.962364233888
 20
68.595407936085
 30
0.0
 10
61.962410034253
 20
68.404843133959
 30
0.0
 10
61.873157518462
 20
68.250138773255
 30
0.0
 10
61.393135943316
 20
67.418101376336
 30
0.0
 10
60.91311436817
 20
66.586063979416
 30
0.0
 10
60.433092793024
 20
65.754026582497
 30
0.0
  0
SPLINE
  5
109
100
AcDbEntity
  8
Default
100
AcDbSpline
 70
     9
 71
     3
 72
    32
 73
    28
 74
     0
 42
0.0000001
 43
0.0000001
 40
0.0
 40
0.0
 40
0.0
 40
0.0
 40
1.0
 40
1.0
 40
1.0
 40
2.0
 40
2.0
 40
2.0
 40
3.149357372685
 40
3.149357372685
 40
3.149357372685
 40
4.149357372685
 40
4.149357372685
 40
4.149357372685
 40
5.149357372685
 40
5.149357372685
 40
5.149357372685
 40
6.298076745113
 40
6.298076745113
 40
6.298076745113
 40
7.298076745113
 40
7.298076745113
 40
7.298076745113
 40
8.298076745113
 40
8.298076745113
 40
8.298076745113
 40
9.447434117798
 40
9.447434117798
 40
9.447434117798
 40
9.447434117798
 10
67.933092793024
 20
53.754581983817
 30
0.0
 10
67.843797367981
 20
53.599803247075
 30
0.0
 10
67.678690039681
 20
53.504443210562
 30
0.0
 10
67.5
 20
53.504443210562
 30
0.0
 10
67.321309960319
 20
53.504443210562
 30
0.0
 10
67.156202632019
 20
53.599803247075
 30
0.0
 10
67.066907206976
 20
53.754581983817
 30
0.0
 10
66.875453978238
 20
54.086434246963
 30
0.0
 10
66.6840007495
 20
54.418286510109
 30
0.0
 10
66.492547520761
 20
54.750138773255
 30
0.0
 10
66.403295004971
 20
54.90484313396
 30
0.0
 10
66.403340805335
 20
55.095407936085
 30
0.0
 10
66.492667674135
 20
55.250069377001
 30
0.0
 10
66.581994542935
 20
55.404730817918
 30
0.0
 10
66.747036140274
 20
55.5
 30
0.0
 10
66.925640313786
 20
55.5
 30
0.0
 10
67.308546771262
 20
55.5
 30
0.0
 10
67.691453228738
 20
55.5
 30
0.0
 10
68.074359686214
 20
55.5
 30
0.0
 10
68.252963859726
 20
55.5
 30
0.0
 10
68.418005457065
 20
55.404730817918
 30
0.0
 10
68.507332325865
 20
55.250069377001
 30
0.0
 10
68.596659194665
 20
55.095407936085
 30
0.0
 10
68.596704995029
 20
54.90484313396
 30
0.0
 10
68.507452479239
 20
54.750138773255
 30
0.0
 10
68.3159992505
 20
54.418286510109
 30
0.0
 10
68.124546021762
 20
54.086434246963
 30
0.0
 10
67.933092793024
 20
53.754581983817
 30
0.0
  0
SPLINE
  5
10a
100
AcDbEntity
  8
Default
100
AcDbSpline
 70
     9
 71
     3
 72
    32
 73
    28
 74
     0
 42
0.0000001
 43
0.0000001
 40
0.0
 40
0.0
 40
0.0
 40
0.0
 40
1.0
 40
1.0
 40
1.0
 40
2.0
 40
2.0
 40
2.0
 40
11.805769764661
 40
11.805769764661
 40
11.805769764661
 40
12.805769764661
 40
12.805769764661
 40
12.805769764661
 40
13.805769764661
 40
13.805769764661
 40
13.805769764661
 40
23.616985666794
 40
23.616985666794
 40
23.616985666794
 40
24.616985666794
 40
24.616985666794
 40
24.616985666794
 40
25.616985666794
 40
25.616985666794
 40
25.616985666794
 40
35.428201568928
 40
35.428201568928
 40
35.428201568928
 40
35.428201568928
 10
68.797836738597
 20
147.750416319766
 30
0.0
 10
68.530079191224
 20
148.214529401879
 30
0.0
 10
68.530216592317
 20
148.786223808255
 30
0.0
 10
68.798197198717
 20
149.250208131004
 30
0.0
 10
69.066177805117
 20
149.714192453753
 30
0.0
 10
69.561302597134
 20
150.0
 30
0.0
 10
70.09711511767
 20
150.0
 30
0.0
 10
73.365705039223
 20
150.0
 30
0.0
 10
76.634294960777
 20
150.0
 30
0.0
 10
79.90288488233
 20
150.0
 30
0.0
 10
80.438697402867
 20
150.0
 30
0.0
 10
80.933822194883
 20
149.714192453752
 30
0.0
 10
81.201802801283
 20
149.250208131003
 30
0.0
 10
81.469783407683
 20
148.786223808254
 30
0.0
 10
81.469920808776
 20
148.214529401878
 30
0.0
 10
81.202163261404
 20
147.750416319765
 30
0.0
 10
79.567868300626
 20
144.917638387753
 30
0.0
 10
77.93357333985
 20
142.08486045574
 30
0.0
 10
76.299278379073
 20
139.252082523726
 30
0.0
 10
76.031392103942
 20
138.787746313499
 30
0.0
 10
75.536070119044
 20
138.501666203961
 30
0.0
 10
75.0
 20
138.501666203961
 30
0.0
 10
74.463929880956
 20
138.501666203961
 30
0.0
 10
73.968607896058
 20
138.787746313499
 30
0.0
 10
73.700721620927
 20
139.252082523726
 30
0.0
 10
72.06642666015
 20
142.08486045574
 30
0.0
 10
70.432131699374
 20
144.917638387753
 30
0.0
 10
68.797836738597
 20
147.750416319766
 30
0.0
  0
SPLINE
  5
10b
100
AcDbEntity
  8
Default
100
AcDbSpline
 70
     9
 71
     3
 72
    32
 73
    28
 74
     0
 42
0.0000001
 43
0.0000001
 40
0.0
 40
0.0
 40
0.0
 40
0.0
 40
1.0
 40
1.0
 40
1.0
 40
2.0
 40
2.0
 40
2.0
 40
4.881729078574
 40
4.881729078574
 40
4.881729078574
 40
5.881729078574
 40
5.881729078574
 40
5.881729078574
 40
6.881729078574
 40
6.881729078574
 40
6.881729078574
 40
9.761858529449
 40
9.761858529449
 40
9.761858529449
 40
10.761858529449
 40
10.761858529449
 40
10.761858529449
 40
11.761858529449
 40
11.761858529449
 40
11.761858529449
 40
14.643587608024
 40
14.643587608024
 40
14.643587608024
 40
14.643587608024
 10
68.366185586049
 20
78.504165355752
 30
0.0
 10
68.187594735961
 20
78.194607882267
 30
0.0
 10
67.857380079363
 20
78.003887809242
 30
0.0
 10
67.5
 20
78.003887809242
 30
0.0
 10
67.142619920637
 20
78.003887809242
 30
0.0
 10
66.812405264039
 20
78.194607882267
 30
0.0
 10
66.633814413951
 20
78.504165355752
 30
0.0
 10
66.153792838806
 20
79.336202752672
 30
0.0
 10
65.67377126366
 20
80.168240149591
 30
0.0
 10
65.193749688514
 20
81.00027754651
 30
0.0
 10
65.015244656932
 20
81.309686267919
 30
0.0
 10
65.015336257661
 20
81.69081587217
 30
0.0
 10
65.193989995261
 20
82.000138754003
 30
0.0
 10
65.372643732861
 20
82.309461635835
 30
0.0
 10
65.702726927538
 20
82.5
 30
0.0
 10
66.059935274563
 20
82.5
 30
0.0
 10
67.019978424854
 20
82.5
 30
0.0
 10
67.980021575146
 20
82.5
 30
0.0
 10
68.940064725437
 20
82.5
 30
0.0
 10
69.297273072462
 20
82.5
 30
0.0
 10
69.627356267139
 20
82.309461635835
 30
0.0
 10
69.806010004739
 20
82.000138754003
 30
0.0
 10
69.984663742339
 20
81.69081587217
 30
0.0
 10
69.984755343068
 20
81.309686267919
 30
0.0
 10
69.806250311486
 20
81.000277546511
 30
0.0
 10
69.32622873634
 20
80.168240149591
 30
0.0
 10
68.846207161194
 20
79.336202752672
 30
0.0
 10
68.366185586049
 20
78.504165355752
 30
0.0
  0
SPLINE
  5
10c
100
AcDbEntity
  8
Default
100
AcDbSpline
 70
     9
 71
     3
 72
    32
 73
    28
 74
     0
 42
0.0000001
 43
0.0000001
 40
0.0
 40
0.0
 40
0.0
 40
0.0
 40
1.0
 40
1.0
 40
1.0
 40
2.0
 40
2.0
 40
2.0
 40
8.346472490354
 40
8.346472490354
 40
8.346472490354
 40
9.346472490354
 40
9.346472490354
 40
9.346472490354
 40
10.346472490354
 40
10.346472490354
 40
10.346472490354
 40
16.689422098122
 40
16.689422098122
 40
16.689422098122
 40
17.689422098122
 40
17.689422098122
 40
17.689422098122
 40
18.689422098122
 40
18.689422098122
 40
18.689422098122
 40
25.035894588476
 40
25.035894588476
 40
25.035894588476
 40
25.035894588476
 10
76.299278379073
 20
132.746806673633
 30
0.0
 10
76.031392103942
 20
133.21114288386
 30
0.0
 10
75.536070119044
 20
133.497222993399
 30
0.0
 10
75.0
 20
133.497222993399
 30
0.0
 10
74.463929880956
 20
133.497222993399
 30
0.0
 10
73.968607896058
 20
133.21114288386
 30
0.0
 10
73.700721620927
 20
132.746806673633
 30
0.0
 10
72.643563352966
 20
130.914399009167
 30
0.0
 10
71.586405085005
 20
129.081991344701
 30
0.0
 10
70.529246817043
 20
127.249583680234
 30
0.0
 10
70.26148926967
 20
126.785470598121
 30
0.0
 10
70.261626670764
 20
126.213776191745
 30
0.0
 10
70.529607277164
 20
125.749791868996
 30
0.0
 10
70.797587883564
 20
125.285807546247
 30
0.0
 10
71.29271267558
 20
125.0
 30
0.0
 10
71.828525196116
 20
125.0
 30
0.0
 10
73.942841732039
 20
125.0
 30
0.0
 10
76.057158267961
 20
125.0
 30
0.0
 10
78.171474803884
 20
125.0
 30
0.0
 10
78.70728732442
 20
125.0
 30
0.0
 10
79.202412116436
 20
125.285807546247
 30
0.0
 10
79.470392722836
 20
125.749791868996
 30
0.0
 10
79.738373329236
 20
126.213776191745
 30
0.0
 10
79.73851073033
 20
126.785470598121
 30
0.0
 10
79.470753182957
 20
127.249583680234
 30
0.0
 10
78.413594914996
 20
129.081991344701
 30
0.0
 10
77.356436647034
 20
130.914399009167
 30
0.0
 10
76.299278379073
 20
132.746806673633
 30
0.0
  0
SPLINE
  5
10d
100
AcDbEntity
  8
Default
100
AcDbSpline
 70
     9
 71
     3
 72
    32
 73
    28
 74
     0
 42
0.0000001
 43
0.0000001
 40
0.0
 40
0.0
 40
0.0
 40
0.0
 40
1.0
 40
1.0
 40
1.0
 40
2.0
 40
2.0
 40
2.0
 40
6.614100784464
 40
6.614100784464
 40
6.614100784464
 40
7.614100784464
 40
7.614100784464
 40
7.614100784464
 40
8.614100784464
 40
8.614100784464
 40
8.614100784464
 40
13.225640313786
 40
13.225640313786
 40
13.225640313786
 40
14.225640313786
 40
14.225640313786
 40
14.225640313786
 40
15.225640313786
 40
15.225640313786
 40
15.225640313786
 40
19.83974109825
 40
19.83974109825
 40
19.83974109825
 40
19.83974109825
 10
75.866185586049
 20
105.496390045568
 30
0.0
 10
75.687594735961
 20
105.805947519053
 30
0.0
 10
75.357380079363
 20
105.996667592078
 30
0.0
 10
75.0
 20
105.996667592078
 30
0.0
 10
74.642619920637
 20
105.996667592078
 30
0.0
 10
74.312405264039
 20
105.805947519053
 30
0.0
 10
74.133814413951
 20
105.496390045568
 30
0.0
 10
73.365224492398
 20
104.164167514875
 30
0.0
 10
72.596634570844
 20
102.831944984182
 30
0.0
 10
71.828044649291
 20
101.49972245349
 30
0.0
 10
71.649539617709
 20
101.190313732081
 30
0.0
 10
71.649631218438
 20
100.80918412783
 30
0.0
 10
71.828284956038
 20
100.499861245997
 30
0.0
 10
72.006938693638
 20
100.190538364165
 30
0.0
 10
72.337021888315
 20
100.0
 30
0.0
 10
72.694230235339
 20
100.0
 30
0.0
 10
74.231410078446
 20
100.0
 30
0.0
 10
75.768589921554
 20
100.0
 30
0.0
 10
77.305769764661
 20
100.0
 30
0.0
 10
77.662978111685
 20
100.0
 30
0.0
 10
77.993061306362
 20
100.190538364165
 30
0.0
 10
78.171715043962
 20
100.499861245997
 30
0.0
 10
78.350368781562
 20
100.80918412783
 30
0.0
 10
78.350460382291
 20
101.190313732081
 30
0.0
 10
78.171955350709
 20
101.499722453489
 30
0.0
 10
77.403365429156
 20
102.831944984182
 30
0.0
 10
76.634775507602
 20
104.164167514875
 30
0.0
 10
75.866185586049
 20
105.496390045568
 30
0.0
  0
SPLINE
  5
10e
100
AcDbEntity
  8
Default
100
AcDbSpline
 70
     9
 71
     3
 72
    32
 73
    28
 74
     0
 42
0.0000001
 43
0.0000001
 40
0.0
 40
0.0
 40
0.0
 40
0.0
 40
1.0
 40
1.0
 40
1.0
 40
2.0
 40
2.0
 40
2.0
 40
3.149357372685
 40
3.149357372685
 40
3.149357372685
 40
4.149357372685
 40
4.149357372685
 40
4.149357372685
 40
5.149357372685
 40
5.149357372685
 40
5.149357372685
 40
6.298076745113
 40
6.298076745113
 40
6.298076745113
 40
7.298076745113
 40
7.298076745113
 40
7.298076745113
 40
8.298076745113
 40
8.298076745113
 40
8.298076745113
 40
9.447434117798
 40
9.447434117798
 40
9.447434117798
 40
9.447434117798
 10
67.933092793024
 20
64.245418016183
 30
0.0
 10
67.843797367981
 20
64.400196752925
 30
0.0
 10
67.678690039681
 20
64.495556789438
 30
0.0
 10
67.5
 20
64.495556789438
 30
0.0
 10
67.321309960319
 20
64.495556789438
 30
0.0
 10
67.156202632019
 20
64.400196752925
 30
0.0
 10
67.066907206976
 20
64.245418016183
 30
0.0
 10
66.875453978238
 20
63.913565753037
 30
0.0
 10
66.6840007495
 20
63.581713489891
 30
0.0
 10
66.492547520761
 20
63.249861226745
 30
0.0
 10
66.40329500497
 20
63.09515686604
 30
0.0
 10
66.403340805335
 20
62.904592063915
 30
0.0
 10
66.492667674135
 20
62.749930622999
 30
0.0
 10
66.581994542935
 20
62.595269182082
 30
0.0
 10
66.747036140274
 20
62.5
 30
0.0
 10
66.925640313786
 20
62.5
 30
0.0
 10
67.308546771262
 20
62.5
 30
0.0
 10
67.691453228738
 20
62.5
 30
0.0
 10
68.074359686214
 20
62.5
 30
0.0
 10
68.252963859726
 20
62.5
 30
0.0
 10
68.418005457065
 20
62.595269182082
 30
0.0
 10
68.507332325865
 20
62.749930622999
 30
0.0
 10
68.596659194665
 20
62.904592063915
 30
0.0
 10
68.596704995029
 20
63.09515686604
 30
0.0
 10
68.507452479239
 20
63.249861226745
 30
0.0
 10
68.3159992505
 20
63.581713489891
 30
0.0
 10
68.124546021762
 20
63.913565753037
 30
0.0
 10
67.933092793024
 20
64.245418016183
 30
0.0
  0
SPLINE
  5
10f
100
AcDbEntity
  8
Default
100
AcDbSpline
 70
     9
 71
     3
 72
    32
 73
    28
 74
     0
 42
0.0000001
 43
0.0000001
 40
0.0
 40
0.0
 40
0.0
 40
0.0
 40
1.0
 40
1.0
 40
1.0
 40
2.0
 40
2.0
 40
2.0
 40
6.614100784464
 40
6.614100784464
 40
6.614100784464
 40
7.614100784464
 40
7.614100784464
 40
7.614100784464
 40
8.614100784464
 40
8.614100784464
 40
8.614100784464
 40
13.225640313786
 40
13.225640313786
 40
13.225640313786
 40
14.225640313786
 40
14.225640313786
 40
14.225640313786
 40
15.225640313786
 40
15.225640313786
 40
15.225640313786
 40
19.83974109825
 40
19.83974109825
 40
19.83974109825
 40
19.83974109825
 10
75.866185586049
 20
90.503609954432
 30
0.0
 10
75.687594735961
 20
90.194052480947
 30
0.0
 10
75.357380079363
 20
90.003332407922
 30
0.0
 10
75.0
 20
90.003332407922
 30
0.0
 10
74.642619920637
 20
90.003332407922
 30
0.0
 10
74.312405264039
 20
90.194052480947
 30
0.0
 10
74.133814413951
 20
90.503609954432
 30
0.0
 10
73.365224492398
 20
91.835832485125
 30
0.0
 10
72.596634570844
 20
93.168055015818
 30
0.0
 10
71.828044649291
 20
94.50027754651
 30
0.0
 10
71.649539617709
 20
94.809686267919
 30
0.0
 10
71.649631218438
 20
95.19081587217
 30
0.0
 10
71.828284956038
 20
95.500138754003
 30
0.0
 10
72.006938693638
 20
95.809461635835
 30
0.0
 10
72.337021888315
 20
96.0
 30
0.0
 10
72.694230235339
 20
96.0
 30
0.0
 10
74.231410078446
 20
96.0
 30
0.0
 10
75.768589921554
 20
96.0
 30
0.0
 10
77.305769764661
 20
96.0
 30
0.0
 10
77.662978111685
 20
96.0
 30
0.0
 10
77.993061306362
 20
95.809461635835
 30
0.0
 10
78.171715043962
 20
95.500138754002
 30
0.0
 10
78.350368781562
 20
95.19081587217
 30
0.0
 10
78.350460382291
 20
94.809686267919
 30
0.0
 10
78.17195535071
 20
94.50027754651
 30
0.0
 10
77.403365429156
 20
93.168055015818
 30
0.0
 10
76.634775507602
 20
91.835832485125
 30
0.0
 10
75.866185586049
 20
90.503609954432
 30
0.0
  0
SPLINE
  5
110
100
AcDbEntity
  8
Default
100
AcDbSpline
 70
     9
 71
     3
 72
    32
 73
    28
 74
     0
 42
0.0000001
 43
0.0000001
 40
0.0
 40
0.0
 40
0.0
 40
0.0
 40
1.0
 40
1.0
 40
1.0
 40
2.0
 40
2.0
 40
2.0
 40
8.346472490354
 40
8.346472490354
 40
8.346472490354
 40
9.346472490354
 40
9.346472490354
 40
9.346472490354
 40
10.346472490354
 40
10.346472490354
 40
10.346472490354
 40
16.689422098122
 40
16.689422098122
 40
16.689422098122
 40
17.689422098122
 40
17.689422098122
 40
17.689422098122
 40
18.689422098122
 40
18.689422098122
 40
18.689422098122
 40
25.035894588476
 40
25.035894588476
 40
25.035894588476
 40
25.035894588476
 10
68.366185586049
 20
102.503054553112
 30
0.0
 10
68.187594735961
 20
102.193497079627
 30
0.0
 10
67.857380079363
 20
102.002777006601
 30
0.0
 10
67.5
 20
102.002777006601
 30
0.0
 10
67.142619920637
 20
102.002777006601
 30
0.0
 10
66.812405264039
 20
102.193497079627
 30
0.0
 10
66.633814413951
 20
102.503054553112
 30
0.0
 10
65.57665614599
 20
104.335462217578
 30
0.0
 10
64.519497878029
 20
106.167869882044
 30
0.0
 10
63.462339610068
 20
108.000277546511
 30
0.0
 10
63.283834578486
 20
108.309686267919
 30
0.0
 10
63.283926179214
 20
108.69081587217
 30
0.0
 10
63.462579916814
 20
109.000138754003
 30
0.0
 10
63.641233654414
 20
109.309461635835
 30
0.0
 10
63.971316849092
 20
109.5
 30
0.0
 10
64.328525196116
 20
109.5
 30
0.0
 10
66.442841732039
 20
109.5
 30
0.0
 10
68.557158267961
 20
109.5
 30
0.0
 10
70.671474803884
 20
109.5
 30
0.0
 10
71.028683150908
 20
109.5
 30
0.0
 10
71.358766345586
 20
109.309461635835
 30
0.0
 10
71.537420083186
 20
109.000138754002
 30
0.0
 10
71.716073820786
 20
108.69081587217
 30
0.0
 10
71.716165421515
 20
108.309686267919
 30
0.0
 10
71.537660389933
 20
108.00027754651
 30
0.0
 10
70.480502121971
 20
106.167869882044
 30
0.0
 10
69.42334385401
 20
104.335462217578
 30
0.0
 10
68.366185586049
 20
102.503054553112
 30
0.0
  0
SPLINE
  5
111
100
AcDbEntity
  8
Default
100
AcDbSpline
 70
     9
 71
     3
 72
    32
 73
    28
 74
     0
 42
0.0000001
 43
0.0000001
 40
0.0
 40
0.0
 40
0.0
 40
0.0
 40
1.0
 40
1.0
 40
1.0
 40
2.0
 40
2.0
 40
2.0
 40
4.881729078574
 40
4.881729078574
 40
4.881729078574
 40
5.881729078574
 40
5.881729078574
 40
5.881729078574
 40
6.881729078574
 40
6.881729078574
 40
6.881729078574
 40
9.761858529449
 40
9.761858529449
 40
9.761858529449
 40
10.761858529449
 40
10.761858529449
 40
10.761858529449
 40
11.761858529449
 40
11.761858529449
 40
11.761858529449
 40
14.643587608024
 40
14.643587608024
 40
14.643587608024
 40
14.643587608024
 10
75.433092793024
 20
65.754026582497
 30
0.0
 10
75.343797367981
 20
65.599247845755
 30
0.0
 10
75.178690039681
 20
65.503887809242
 30
0.0
 10
75.0
 20
65.503887809242
 30
0.0
 10
74.821309960319
 20
65.503887809242
 30
0.0
 10
74.656202632019
 20
65.599247845755
 30
0.0
 10
74.566907206976
 20
65.754026582497
 30
0.0
 10
74.08688563183
 20
66.586063979416
 30
0.0
 10
73.606864056684
 20
67.418101376336
 30
0.0
 10
73.126842481538
 20
68.250138773255
 30
0.0
 10
73.037589965747
 20
68.40484313396
 30
0.0
 10
73.037635766112
 20
68.595407936085
 30
0.0
 10
73.126962634912
 20
68.750069377001
 30
0.0
 10
73.216289503712
 20
68.904730817918
 30
0.0
 10
73.38133110105
 20
69.0
 30
0.0
 10
73.559935274563
 20
69.0
 30
0.0
 10
74.519978424854
 20
69.0
 30
0.0
 10
75.480021575146
 20
69.0
 30
0.0
 10
76.440064725437
 20
69.0
 30
0.0
 10
76.61866889895
 20
69.0
 30
0.0
 10
76.783710496288
 20
68.904730817918
 30
0.0
 10
76.873037365088
 20
68.750069377001
 30
0.0
 10
76.962364233888
 20
68.595407936085
 30
0.0
 10
76.962410034253
 20
68.40484313396
 30
0.0
 10
76.873157518462
 20
68.250138773255
 30
0.0
 10
76.393135943316
 20
67.418101376336
 30
0.0
 10
75.91311436817
 20
66.586063979416
 30
0.0
 10
75.433092793024
 20
65.754026582497
 30
0.0
  0
SPLINE
  5
112
100
AcDbEntity
  8
Default
100
AcDbSpline
 70
     9
 71
     3
 72
    32
 73
    28
 74
     0
 42
0.0000001
 43
0.0000001
 40
0.0
 40
0.0
 40
0.0
 40
0.0
 40
1.0
 40
1.0
 40
1.0
 40
2.0
 40
2.0
 40
2.0
 40
4.881729078574
 40
4.881729078574
 40
4.881729078574
 40
5.881729078574
 40
5.881729078574
 40
5.881729078574
 40
6.881729078574
 40
6.881729078574
 40
6.881729078574
 40
9.761858529449
 40
9.761858529449
 40
9.761858529449
 40
10.761858529449
 40
10.761858529449
 40
10.761858529449
 40
11.761858529449
 40
11.761858529449
 40
11.761858529449
 40
14.643587608024
 40
14.643587608024
 40
14.643587608024
 40
14.643587608024
 10
75.433092793024
 20
78.245973417503
 30
0.0
 10
75.343797367981
 20
78.400752154245
 30
0.0
 10
75.178690039681
 20
78.496112190758
 30
0.0
 10
75.0
 20
78.496112190758
 30
0.0
 10
74.821309960319
 20
78.496112190758
 30
0.0
 10
74.656202632019
 20
78.400752154245
 30
0.0
 10
74.566907206976
 20
78.245973417503
 30
0.0
 10
74.08688563183
 20
77.413936020584
 30
0.0
 10
73.606864056684
 20
76.581898623664
 30
0.0
 10
73.126842481538
 20
75.749861226745
 30
0.0
 10
73.037589965747
 20
75.59515686604
 30
0.0
 10
73.037635766112
 20
75.404592063915
 30
0.0
 10
73.126962634912
 20
75.249930622999
 30
0.0
 10
73.216289503712
 20
75.095269182082
 30
0.0
 10
73.38133110105
 20
75.0
 30
0.0
 10
73.559935274563
 20
75.0
 30
0.0
 10
74.519978424854
 20
75.0
 30
0.0
 10
75.480021575146
 20
75.0
 30
0.0
 10
76.440064725437
 20
75.0
 30
0.0
 10
76.61866889895
 20
75.0
 30
0.0
 10
76.783710496288
 20
75.095269182082
 30
0.0
 10
76.873037365088
 20
75.249930622999
 30
0.0
 10
76.962364233888
 20
75.404592063915
 30
0.0
 10
76.962410034253
 20
75.59515686604
 30
0.0
 10
76.873157518462
 20
75.749861226745
 30
0.0
 10
76.393135943316
 20
76.581898623664
 30
0.0
 10
75.91311436817
 20
77.413936020584
 30
0.0
 10
75.433092793024
 20
78.245973417503
 30
0.0
  0
SPLINE
  5
113
100
AcDbEntity
  8
Default
100
AcDbSpline
 70
     9
 71
     3
 72
    32
 73
    28
 74
     0
 42
0.0000001
 43
0.0000001
 40
0.0
 40
0.0
 40
0.0
 40
0.0
 40
1.0
 40
1.0
 40
1.0
 40
2.0
 40
2.0
 40
2.0
 40
10.078844196244
 40
10.078844196244
 40
10.078844196244
 40
11.078844196244
 40
11.078844196244
 40
11.078844196244
 40
12.078844196244
 40
12.078844196244
 40
12.078844196244
 40
20.153203882458
 40
20.153203882458
 40
20.153203882458
 40
21.153203882458
 40
21.153203882458
 40
21.153203882458
 40
22.153203882458
 40
22.153203882458
 40
22.153203882458
 40
30.232048078702
 40
30.232048078702
 40
30.232048078702
 40
30.232048078702
 10
8.799278379073
 20
127.252637925047
 30
0.0
 10
8.531392103942
 20
126.788301714819
 30
0.0
 10
8.036070119044
 20
126.502221605281
 30
0.0
 10
7.5
 20
126.502221605281
 30
0.0
 10
6.963929880956
 20
126.502221605281
 30
0.0
 10
6.468607896058
 20
126.788301714819
 30
0.0
 10
6.200721620927
 20
127.252637925047
 30
0.0
 10
4.854995006558
 20
129.585230723286
 30
0.0
 10
3.509268392189
 20
131.917823521526
 30
0.0
 10
2.16354177782
 20
134.250416319766
 30
0.0
 10
1.895784230447
 20
134.714529401879
 30
0.0
 10
1.89592163154
 20
135.286223808255
 30
0.0
 10
2.16390223794
 20
135.750208131004
 30
0.0
 10
2.43188284434
 20
136.214192453753
 30
0.0
 10
2.927007636357
 20
136.5
 30
0.0
 10
3.462820156893
 20
136.5
 30
0.0
 10
6.154273385631
 20
136.5
 30
0.0
 10
8.845726614369
 20
136.5
 30
0.0
 10
11.537179843107
 20
136.5
 30
0.0
 10
12.072992363643
 20
136.5
 30
0.0
 10
12.56811715566
 20
136.214192453753
 30
0.0
 10
12.83609776206
 20
135.750208131004
 30
0.0
 10
13.10407836846
 20
135.286223808255
 30
0.0
 10
13.104215769553
 20
134.714529401879
 30
0.0
 10
12.83645822218
 20
134.250416319766
 30
0.0
 10
11.490731607811
 20
131.917823521526
 30
0.0
 10
10.145004993442
 20
129.585230723286
 30
0.0
 10
8.799278379073
 20
127.252637925047
 30
0.0
  0
SPLINE
  5
114
100
AcDbEntity
  8
Default
100
AcDbSpline
 70
     9
 71
     3
 72
    32
 73
    28
 74
     0
 42
0.0000001
 43
0.0000001
 40
0.0
 40
0.0
 40
0.0
 40
0.0
 40
1.0
 40
1.0
 40
1.0
 40
2.0
 40
2.0
 40
2.0
 40
10.078844196244
 40
10.078844196244
 40
10.078844196244
 40
11.078844196244
 40
11.078844196244
 40
11.078844196244
 40
12.078844196244
 40
12.078844196244
 40
12.078844196244
 40
20.153203882458
 40
20.153203882458
 40
20.153203882458
 40
21.153203882458
 40
21.153203882458
 40
21.153203882458
 40
22.153203882458
 40
22.153203882458
 40
22.153203882458
 40
30.232048078702
 40
30.232048078702
 40
30.232048078702
 40
30.232048078702
 10
8.799278379073
 20
146.747362074953
 30
0.0
 10
8.531392103942
 20
147.211698285181
 30
0.0
 10
8.036070119044
 20
147.497778394719
 30
0.0
 10
7.5
 20
147.497778394719
 30
0.0
 10
6.963929880956
 20
147.497778394719
 30
0.0
 10
6.468607896058
 20
147.211698285181
 30
0.0
 10
6.200721620927
 20
146.747362074953
 30
0.0
 10
4.854995006558
 20
144.414769276714
 30
0.0
 10
3.509268392189
 20
142.082176478474
 30
0.0
 10
2.16354177782
 20
139.749583680234
 30
0.0
 10
1.895784230447
 20
139.285470598121
 30
0.0
 10
1.89592163154
 20
138.713776191745
 30
0.0
 10
2.16390223794
 20
138.249791868996
 30
0.0
 10
2.43188284434
 20
137.785807546247
 30
0.0
 10
2.927007636357
 20
137.5
 30
0.0
 10
3.462820156893
 20
137.5
 30
0.0
 10
6.154273385631
 20
137.5
 30
0.0
 10
8.845726614369
 20
137.5
 30
0.0
 10
11.537179843107
 20
137.5
 30
0.0
 10
12.072992363643
 20
137.5
 30
0.0
 10
12.56811715566
 20
137.785807546247
 30
0.0
 10
12.83609776206
 20
138.249791868996
 30
0.0
 10
13.104078368459
 20
138.713776191745
 30
0.0
 10
13.104215769553
 20
139.285470598121
 30
0.0
 10
12.83645822218
 20
139.749583680234
 30
0.0
 10
11.490731607811
 20
142.082176478474
 30
0.0
 10
10.145004993442
 20
144.414769276714
 30
0.0
 10
8.799278379073
 20
146.747362074953
 30
0.0
  0
SPLINE
  5
115
100
AcDbEntity
  8
Default
100
AcDbSpline
 70
     9
 71
     3
 72
    32
 73
    28
 74
     0
 42
0.0000001
 43
0.0000001
 40
0.0
 40
0.0
 40
0.0
 40
0.0
 40
1.0
 40
1.0
 40
1.0
 40
2.0
 40
2.0
 40
2.0
 40
8.346472490354
 40
8.346472490354
 40
8.346472490354
 40
9.346472490354
 40
9.346472490354
 40
9.346472490354
 40
10.346472490354
 40
10.346472490354
 40
10.346472490354
 40
16.689422098122
 40
16.689422098122
 40
16.689422098122
 40
17.689422098122
 40
17.689422098122
 40
17.689422098122
 40
18.689422098122
 40
18.689422098122
 40
18.689422098122
 40
25.035894588476
 40
25.035894588476
 40
25.035894588476
 40
25.035894588476
 10
8.366185586049
 20
119.496945446888
 30
0.0
 10
8.187594735961
 20
119.806502920373
 30
0.0
 10
7.857380079363
 20
119.997222993399
 30
0.0
 10
7.5
 20
119.997222993399
 30
0.0
 10
7.142619920637
 20
119.997222993399
 30
0.0
 10
6.812405264039
 20
119.806502920373
 30
0.0
 10
6.633814413952
 20
119.496945446888
 30
0.0
 10
5.57665614599
 20
117.664537782422
 30
0.0
 10
4.519497878029
 20
115.832130117956
 30
0.0
 10
3.462339610067
 20
113.99972245349
 30
0.0
 10
3.283834578486
 20
113.690313732081
 30
0.0
 10
3.283926179214
 20
113.30918412783
 30
0.0
 10
3.462579916814
 20
112.999861245997
 30
0.0
 10
3.641233654414
 20
112.690538364165
 30
0.0
 10
3.971316849092
 20
112.5
 30
0.0
 10
4.328525196116
 20
112.5
 30
0.0
 10
6.442841732039
 20
112.5
 30
0.0
 10
8.557158267961
 20
112.5
 30
0.0
 10
10.671474803884
 20
112.5
 30
0.0
 10
11.028683150908
 20
112.5
 30
0.0
 10
11.358766345586
 20
112.690538364165
 30
0.0
 10
11.537420083186
 20
112.999861245997
 30
0.0
 10
11.716073820785
 20
113.30918412783
 30
0.0
 10
11.716165421514
 20
113.690313732081
 30
0.0
 10
11.537660389932
 20
113.999722453489
 30
0.0
 10
10.480502121971
 20
115.832130117956
 30
0.0
 10
9.42334385401
 20
117.664537782422
 30
0.0
 10
8.366185586049
 20
119.496945446888
 30
0.0
  0
SPLINE
  5
116
100
AcDbEntity
  8
Default
100
AcDbSpline
 70
     9
 71
     3
 72
    32
 73
    28
 74
     0
 42
0.0000001
 43
0.0000001
 40
0.0
 40
0.0
 40
0.0
 40
0.0
 40
1.0
 40
1.0
 40
1.0
 40
2.0
 40
2.0
 40
2.0
 40
8.346472490354
 40
8.346472490354
 40
8.346472490354
 40
9.346472490354
 40
9.346472490354
 40
9.346472490354
 40
10.346472490354
 40
10.346472490354
 40
10.346472490354
 40
16.689422098122
 40
16.689422098122
 40
16.689422098122
 40
17.689422098122
 40
17.689422098122
 40
17.689422098122
 40
18.689422098122
 40
18.689422098122
 40
18.689422098122
 40
25.035894588476
 40
25.035894588476
 40
25.035894588476
 40
25.035894588476
 10
1.299278379073
 20
132.746806673633
 30
0.0
 10
1.031392103942
 20
133.21114288386
 30
0.0
 10
0.536070119044
 20
133.497222993399
 30
0.0
 10
0.0
 20
133.497222993399
 30
0.0
 10
-0.536070119044
 20
133.497222993399
 30
0.0
 10
-1.031392103942
 20
133.21114288386
 30
0.0
 10
-1.299278379073
 20
132.746806673633
 30
0.0
 10
-2.356436647034
 20
130.914399009167
 30
0.0
 10
-3.413594914995
 20
129.081991344701
 30
0.0
 10
-4.470753182957
 20
127.249583680234
 30
0.0
 10
-4.73851073033
 20
126.785470598121
 30
0.0
 10
-4.738373329236
 20
126.213776191745
 30
0.0
 10
-4.470392722836
 20
125.749791868996
 30
0.0
 10
-4.202412116436
 20
125.285807546247
 30
0.0
 10
-3.70728732442
 20
125.0
 30
0.0
 10
-3.171474803884
 20
125.0
 30
0.0
 10
-1.057158267961
 20
125.0
 30
0.0
 10
1.057158267961
 20
125.0
 30
0.0
 10
3.171474803884
 20
125.0
 30
0.0
 10
3.70728732442
 20
125.0
 30
0.0
 10
4.202412116436
 20
125.285807546247
 30
0.0
 10
4.470392722836
 20
125.749791868996
 30
0.0
 10
4.738373329236
 20
126.213776191745
 30
0.0
 10
4.73851073033
 20
126.785470598121
 30
0.0
 10
4.470753182957
 20
127.249583680234
 30
0.0
 10
3.413594914996
 20
129.081991344701
 30
0.0
 10
2.356436647034
 20
130.914399009167
 30
0.0
 10
1.299278379073
 20
132.746806673633
 30
0.0
  0
SPLINE
  5
117
100
AcDbEntity
  8
Default
100
AcDbSpline
 70
     9
 71
     3
 72
    32
 73
    28
 74
     0
 42
0.0000001
 43
0.0000001
 40
0.0
 40
0.0
 40
0.0
 40
0.0
 40
1.0
 40
1.0
 40
1.0
 40
2.0
 40
2.0
 40
2.0
 40
8.346472490354
 40
8.346472490354
 40
8.346472490354
 40
9.346472490354
 40
9.346472490354
 40
9.346472490354
 40
10.346472490354
 40
10.346472490354
 40
10.346472490354
 40
16.689422098122
 40
16.689422098122
 40
16.689422098122
 40
17.689422098122
 40
17.689422098122
 40
17.689422098122
 40
18.689422098122
 40
18.689422098122
 40
18.689422098122
 40
25.035894588476
 40
25.035894588476
 40
25.035894588476
 40
25.035894588476
 10
16.299278379073
 20
115.253193326367
 30
0.0
 10
16.031392103942
 20
114.788857116139
 30
0.0
 10
15.536070119044
 20
114.502777006601
 30
0.0
 10
15.0
 20
114.502777006601
 30
0.0
 10
14.463929880956
 20
114.502777006601
 30
0.0
 10
13.968607896058
 20
114.78885711614
 30
0.0
 10
13.700721620927
 20
115.253193326367
 30
0.0
 10
12.643563352966
 20
117.085600990833
 30
0.0
 10
11.586405085005
 20
118.918008655299
 30
0.0
 10
10.529246817043
 20
120.750416319766
 30
0.0
 10
10.26148926967
 20
121.214529401879
 30
0.0
 10
10.261626670764
 20
121.786223808255
 30
0.0
 10
10.529607277164
 20
122.250208131004
 30
0.0
 10
10.797587883564
 20
122.714192453753
 30
0.0
 10
11.29271267558
 20
123.0
 30
0.0
 10
11.828525196116
 20
123.0
 30
0.0
 10
13.942841732039
 20
123.0
 30
0.0
 10
16.057158267961
 20
123.0
 30
0.0
 10
18.171474803884
 20
123.0
 30
0.0
 10
18.70728732442
 20
123.0
 30
0.0
 10
19.202412116436
 20
122.714192453753
 30
0.0
 10
19.470392722836
 20
122.250208131004
 30
0.0
 10
19.738373329236
 20
121.786223808255
 30
0.0
 10
19.73851073033
 20
121.214529401879
 30
0.0
 10
19.470753182957
 20
120.750416319766
 30
0.0
 10
18.413594914996
 20
118.918008655299
 30
0.0
 10
17.356436647034
 20
117.085600990833
 30
0.0
 10
16.299278379073
 20
115.253193326367
 30
0.0
  0
SPLINE
  5
118
100
AcDbEntity
  8
Default
100
AcDbSpline
 70
     9
 71
     3
 72
    32
 73
    28
 74
     0
 42
0.0000001
 43
0.0000001
 40
0.0
 40
0.0
 40
0.0
 40
0.0
 40
1.0
 40
1.0
 40
1.0
 40
2.0
 40
2.0
 40
2.0
 40
6.614100784464
 40
6.614100784464
 40
6.614100784464
 40
7.614100784464
 40
7.614100784464
 40
7.614100784464
 40
8.614100784464
 40
8.614100784464
 40
8.614100784464
 40
13.225640313786
 40
13.225640313786
 40
13.225640313786
 40
14.225640313786
 40
14.225640313786
 40
14.225640313786
 40
15.225640313786
 40
15.225640313786
 40
15.225640313786
 40
19.83974109825
 40
19.83974109825
 40
19.83974109825
 40
19.83974109825
 10
0.866185586049
 20
90.503609954432
 30
0.0
 10
0.687594735961
 20
90.194052480947
 30
0.0
 10
0.357380079363
 20
90.003332407922
 30
0.0
 10
0.0
 20
90.003332407922
 30
0.0
 10
-0.357380079363
 20
90.003332407922
 30
0.0
 10
-0.687594735961
 20
90.194052480947
 30
0.0
 10
-0.866185586049
 20
90.503609954432
 30
0.0
 10
-1.634775507602
 20
91.835832485125
 30
0.0
 10
-2.403365429156
 20
93.168055015818
 30
0.0
 10
-3.171955350709
 20
94.50027754651
 30
0.0
 10
-3.350460382291
 20
94.809686267919
 30
0.0
 10
-3.350368781562
 20
95.19081587217
 30
0.0
 10
-3.171715043962
 20
95.500138754003
 30
0.0
 10
-2.993061306362
 20
95.809461635835
 30
0.0
 10
-2.662978111685
 20
96.0
 30
0.0
 10
-2.305769764661
 20
96.0
 30
0.0
 10
-0.768589921554
 20
96.0
 30
0.0
 10
0.768589921554
 20
96.0
 30
0.0
 10
2.305769764661
 20
96.0
 30
0.0
 10
2.662978111685
 20
96.0
 30
0.0
 10
2.993061306362
 20
95.809461635835
 30
0.0
 10
3.171715043962
 20
95.500138754002
 30
0.0
 10
3.350368781562
 20
95.19081587217
 30
0.0
 10
3.350460382291
 20
94.809686267919
 30
0.0
 10
3.171955350709
 20
94.50027754651
 30
0.0
 10
2.403365429156
 20
93.168055015818
 30
0.0
 10
1.634775507602
 20
91.835832485125
 30
0.0
 10
0.866185586049
 20
90.503609954432
 30
0.0
  0
SPLINE
  5
119
100
AcDbEntity
  8
Default
100
AcDbSpline
 70
     9
 71
     3
 72
    32
 73
    28
 74
     0
 42
0.0000001
 43
0.0000001
 40
0.0
 40
0.0
 40
0.0
 40
0.0
 40
1.0
 40
1.0
 40
1.0
 40
2.0
 40
2.0
 40
2.0
 40
8.346472490354
 40
8.346472490354
 40
8.346472490354
 40
9.346472490354
 40
9.346472490354
 40
9.346472490354
 40
10.346472490354
 40
10.346472490354
 40
10.346472490354
 40
16.689422098122
 40
16.689422098122
 40
16.689422098122
 40
17.689422098122
 40
17.689422098122
 40
17.689422098122
 40
18.689422098122
 40
18.689422098122
 40
18.689422098122
 40
25.035894588476
 40
25.035894588476
 40
25.035894588476
 40
25.035894588476
 10
16.299278379073
 20
132.746806673633
 30
0.0
 10
16.031392103942
 20
133.21114288386
 30
0.0
 10
15.536070119044
 20
133.497222993399
 30
0.0
 10
15.0
 20
133.497222993399
 30
0.0
 10
14.463929880956
 20
133.497222993399
 30
0.0
 10
13.968607896058
 20
133.21114288386
 30
0.0
 10
13.700721620927
 20
132.746806673633
 30
0.0
 10
12.643563352966
 20
130.914399009167
 30
0.0
 10
11.586405085005
 20
129.081991344701
 30
0.0
 10
10.529246817043
 20
127.249583680234
 30
0.0
 10
10.26148926967
 20
126.785470598121
 30
0.0
 10
10.261626670764
 20
126.213776191745
 30
0.0
 10
10.529607277164
 20
125.749791868996
 30
0.0
 10
10.797587883564
 20
125.285807546247
 30
0.0
 10
11.29271267558
 20
125.0
 30
0.0
 10
11.828525196116
 20
125.0
 30
0.0
 10
13.942841732039
 20
125.0
 30
0.0
 10
16.057158267961
 20
125.0
 30
0.0
 10
18.171474803884
 20
125.0
 30
0.0
 10
18.70728732442
 20
125.0
 30
0.0
 10
19.202412116436
 20
125.285807546247
 30
0.0
 10
19.470392722836
 20
125.749791868996
 30
0.0
 10
19.738373329236
 20
126.213776191745
 30
0.0
 10
19.73851073033
 20
126.785470598121
 30
0.0
 10
19.470753182957
 20
127.249583680234
 30
0.0
 10
18.413594914996
 20
129.081991344701
 30
0.0
 10
17.356436647034
 20
130.914399009167
 30
0.0
 10
16.299278379073
 20
132.746806673633
 30
0.0
  0
SPLINE
  5
11a
100
AcDbEntity
  8
Default
100
AcDbSpline
 70
     9
 71
     3
 72
    32
 73
    28
 74
     0
 42
0.0000001
 43
0.0000001
 40
0.0
 40
0.0
 40
0.0
 40
0.0
 40
1.0
 40
1.0
 40
1.0
 40
2.0
 40
2.0
 40
2.0
 40
8.346472490354
 40
8.346472490354
 40
8.346472490354
 40
9.346472490354
 40
9.346472490354
 40
9.346472490354
 40
10.346472490354
 40
10.346472490354
 40
10.346472490354
 40
16.689422098122
 40
16.689422098122
 40
16.689422098122
 40
17.689422098122
 40
17.689422098122
 40
17.689422098122
 40
18.689422098122
 40
18.689422098122
 40
18.689422098122
 40
25.035894588476
 40
25.035894588476
 40
25.035894588476
 40
25.035894588476
 10
1.299278379073
 20
115.253193326367
 30
0.0
 10
1.031392103942
 20
114.78885711614
 30
0.0
 10
0.536070119044
 20
114.502777006601
 30
0.0
 10
0.0
 20
114.502777006601
 30
0.0
 10
-0.536070119044
 20
114.502777006601
 30
0.0
 10
-1.031392103942
 20
114.78885711614
 30
0.0
 10
-1.299278379073
 20
115.253193326367
 30
0.0
 10
-2.356436647034
 20
117.085600990833
 30
0.0
 10
-3.413594914995
 20
118.918008655299
 30
0.0
 10
-4.470753182957
 20
120.750416319766
 30
0.0
 10
-4.73851073033
 20
121.214529401879
 30
0.0
 10
-4.738373329236
 20
121.786223808255
 30
0.0
 10
-4.470392722836
 20
122.250208131004
 30
0.0
 10
-4.202412116436
 20
122.714192453753
 30
0.0
 10
-3.70728732442
 20
123.0
 30
0.0
 10
-3.171474803884
 20
123.0
 30
0.0
 10
-1.057158267961
 20
123.0
 30
0.0
 10
1.057158267961
 20
123.0
 30
0.0
 10
3.171474803884
 20
123.0
 30
0.0
 10
3.70728732442
 20
123.0
 30
0.0
 10
4.202412116436
 20
122.714192453753
 30
0.0
 10
4.470392722836
 20
122.250208131004
 30
0.0
 10
4.738373329236
 20
121.786223808255
 30
0.0
 10
4.73851073033
 20
121.214529401879
 30
0.0
 10
4.470753182957
 20
120.750416319766
 30
0.0
 10
3.413594914996
 20
118.918008655299
 30
0.0
 10
2.356436647034
 20
117.085600990833
 30
0.0
 10
1.299278379073
 20
115.253193326367
 30
0.0
  0
SPLINE
  5
11b
100
AcDbEntity
  8
Default
100
AcDbSpline
 70
     9
 71
     3
 72
    32
 73
    28
 74
     0
 42
0.0000001
 43
0.0000001
 40
0.0
 40
0.0
 40
0.0
 40
0.0
 40
1.0
 40
1.0
 40
1.0
 40
2.0
 40
2.0
 40
2.0
 40
10.078844196244
 40
10.078844196244
 40
10.078844196244
 40
11.078844196244
 40
11.078844196244
 40
11.078844196244
 40
12.078844196244
 40
12.078844196244
 40
12.078844196244
 40
20.153203882458
 40
20.153203882458
 40
20.153203882458
 40
21.153203882458
 40
21.153203882458
 40
21.153203882458
 40
22.153203882458
 40
22.153203882458
 40
22.153203882458
 40
30.232048078702
 40
30.232048078702
 40
30.232048078702
 40
30.232048078702
 10
23.799278379073
 20
146.747362074953
 30
0.0
 10
23.531392103942
 20
147.211698285181
 30
0.0
 10
23.036070119044
 20
147.497778394719
 30
0.0
 10
22.5
 20
147.497778394719
 30
0.0
 10
21.963929880956
 20
147.497778394719
 30
0.0
 10
21.468607896058
 20
147.211698285181
 30
0.0
 10
21.200721620927
 20
146.747362074953
 30
0.0
 10
19.854995006558
 20
144.414769276714
 30
0.0
 10
18.509268392189
 20
142.082176478474
 30
0.0
 10
17.16354177782
 20
139.749583680234
 30
0.0
 10
16.895784230447
 20
139.285470598121
 30
0.0
 10
16.89592163154
 20
138.713776191745
 30
0.0
 10
17.16390223794
 20
138.249791868996
 30
0.0
 10
17.43188284434
 20
137.785807546247
 30
0.0
 10
17.927007636357
 20
137.5
 30
0.0
 10
18.462820156893
 20
137.5
 30
0.0
 10
21.154273385631
 20
137.5
 30
0.0
 10
23.845726614369
 20
137.5
 30
0.0
 10
26.537179843107
 20
137.5
 30
0.0
 10
27.072992363643
 20
137.5
 30
0.0
 10
27.56811715566
 20
137.785807546247
 30
0.0
 10
27.83609776206
 20
138.249791868996
 30
0.0
 10
28.10407836846
 20
138.713776191745
 30
0.0
 10
28.104215769553
 20
139.285470598121
 30
0.0
 10
27.83645822218
 20
139.749583680234
 30
0.0
 10
26.490731607811
 20
142.082176478474
 30
0.0
 10
25.145004993442
 20
144.414769276714
 30
0.0
 10
23.799278379073
 20
146.747362074953
 30
0.0
  0
SPLINE
  5
11c
100
AcDbEntity
  8
Default
100
AcDbSpline
 70
     9
 71
     3
 72
    32
 73
    28
 74
     0
 42
0.0000001
 43
0.0000001
 40
0.0
 40
0.0
 40
0.0
 40
0.0
 40
1.0
 40
1.0
 40
1.0
 40
2.0
 40
2.0
 40
2.0
 40
4.881729078574
 40
4.881729078574
 40
4.881729078574
 40
5.881729078574
 40
5.881729078574
 40
5.881729078574
 40
6.881729078574
 40
6.881729078574
 40
6.881729078574
 40
9.761858529449
 40
9.761858529449
 40
9.761858529449
 40
10.761858529449
 40
10.761858529449
 40
10.761858529449
 40
11.761858529449
 40
11.761858529449
 40
11.761858529449
 40
14.643587608024
 40
14.643587608024
 40
14.643587608024
 40
14.643587608024
 10
0.433092793024
 20
65.754026582497
 30
0.0
 10
0.343797367981
 20
65.599247845755
 30
0.0
 10
0.178690039681
 20
65.503887809242
 30
0.0
 10
0.0
 20
65.503887809242
 30
0.0
 10
-0.178690039681
 20
65.503887809242
 30
0.0
 10
-0.343797367981
 20
65.599247845755
 30
0.0
 10
-0.433092793024
 20
65.754026582497
 30
0.0
 10
-0.91311436817
 20
66.586063979416
 30
0.0
 10
-1.393135943316
 20
67.418101376336
 30
0.0
 10
-1.873157518462
 20
68.250138773255
 30
0.0
 10
-1.962410034253
 20
68.40484313396
 30
0.0
 10
-1.962364233888
 20
68.595407936085
 30
0.0
 10
-1.873037365088
 20
68.750069377001
 30
0.0
 10
-1.783710496288
 20
68.904730817918
 30
0.0
 10
-1.61866889895
 20
69.0
 30
0.0
 10
-1.440064725437
 20
69.0
 30
0.0
 10
-0.480021575146
 20
69.0
 30
0.0
 10
0.480021575146
 20
69.0
 30
0.0
 10
1.440064725437
 20
69.0
 30
0.0
 10
1.61866889895
 20
69.0
 30
0.0
 10
1.783710496288
 20
68.904730817918
 30
0.0
 10
1.873037365088
 20
68.750069377001
 30
0.0
 10
1.962364233888
 20
68.595407936085
 30
0.0
 10
1.962410034253
 20
68.404843133959
 30
0.0
 10
1.873157518462
 20
68.250138773255
 30
0.0
 10
1.393135943316
 20
67.418101376336
 30
0.0
 10
0.91311436817
 20
66.586063979416
 30
0.0
 10
0.433092793024
 20
65.754026582497
 30
0.0
  0
SPLINE
  5
11d
100
AcDbEntity
  8
Default
100
AcDbSpline
 70
     9
 71
     3
 72
    32
 73
    28
 74
     0
 42
0.0000001
 43
0.0000001
 40
0.0
 40
0.0
 40
0.0
 40
0.0
 40
1.0
 40
1.0
 40
1.0
 40
2.0
 40
2.0
 40
2.0
 40
8.346472490354
 40
8.346472490354
 40
8.346472490354
 40
9.346472490354
 40
9.346472490354
 40
9.346472490354
 40
10.346472490354
 40
10.346472490354
 40
10.346472490354
 40
16.689422098122
 40
16.689422098122
 40
16.689422098122
 40
17.689422098122
 40
17.689422098122
 40
17.689422098122
 40
18.689422098122
 40
18.689422098122
 40
18.689422098122
 40
25.035894588476
 40
25.035894588476
 40
25.035894588476
 40
25.035894588476
 10
8.366185586049
 20
102.503054553112
 30
0.0
 10
8.187594735961
 20
102.193497079627
 30
0.0
 10
7.857380079363
 20
102.002777006601
 30
0.0
 10
7.5
 20
102.002777006601
 30
0.0
 10
7.142619920637
 20
102.002777006601
 30
0.0
 10
6.812405264039
 20
102.193497079627
 30
0.0
 10
6.633814413951
 20
102.503054553112
 30
0.0
 10
5.57665614599
 20
104.335462217578
 30
0.0
 10
4.519497878029
 20
106.167869882044
 30
0.0
 10
3.462339610067
 20
108.000277546511
 30
0.0
 10
3.283834578486
 20
108.309686267919
 30
0.0
 10
3.283926179214
 20
108.69081587217
 30
0.0
 10
3.462579916814
 20
109.000138754003
 30
0.0
 10
3.641233654414
 20
109.309461635835
 30
0.0
 10
3.971316849092
 20
109.5
 30
0.0
 10
4.328525196116
 20
109.5
 30
0.0
 10
6.442841732039
 20
109.5
 30
0.0
 10
8.557158267961
 20
109.5
 30
0.0
 10
10.671474803884
 20
109.5
 30
0.0
 10
11.028683150908
 20
109.5
 30
0.0
 10
11.358766345586
 20
109.309461635835
 30
0.0
 10
11.537420083186
 20
109.000138754002
 30
0.0
 10
11.716073820786
 20
108.69081587217
 30
0.0
 10
11.716165421515
 20
108.309686267919
 30
0.0
 10
11.537660389933
 20
108.00027754651
 30
0.0
 10
10.480502121971
 20
106.167869882044
 30
0.0
 10
9.42334385401
 20
104.335462217578
 30
0.0
 10
8.366185586049
 20
102.503054553112
 30
0.0
  0
SPLINE
  5
11e
100
AcDbEntity
  8
Default
100
AcDbSpline
 70
     9
 71
     3
 72
    32
 73
    28
 74
     0
 42
0.0000001
 43
0.0000001
 40
0.0
 40
0.0
 40
0.0
 40
0.0
 40
1.0
 40
1.0
 40
1.0
 40
2.0
 40
2.0
 40
2.0
 40
6.614100784464
 40
6.614100784464
 40
6.614100784464
 40
7.614100784464
 40
7.614100784464
 40
7.614100784464
 40
8.614100784464
 40
8.614100784464
 40
8.614100784464
 40
13.225640313786
 40
13.225640313786
 40
13.225640313786
 40
14.225640313786
 40
14.225640313786
 40
14.225640313786
 40
15.225640313786
 40
15.225640313786
 40
15.225640313786
 40
19.83974109825
 40
19.83974109825
 40
19.83974109825
 40
19.83974109825
 10
15.866185586049
 20
90.503609954432
 30
0.0
 10
15.687594735961
 20
90.194052480947
 30
0.0
 10
15.357380079363
 20
90.003332407922
 30
0.0
 10
15.0
 20
90.003332407922
 30
0.0
 10
14.642619920637
 20
90.003332407922
 30
0.0
 10
14.312405264039
 20
90.194052480947
 30
0.0
 10
14.133814413951
 20
90.503609954432
 30
0.0
 10
13.365224492398
 20
91.835832485125
 30
0.0
 10
12.596634570844
 20
93.168055015818
 30
0.0
 10
11.828044649291
 20
94.50027754651
 30
0.0
 10
11.649539617709
 20
94.809686267919
 30
0.0
 10
11.649631218438
 20
95.19081587217
 30
0.0
 10
11.828284956038
 20
95.500138754003
 30
0.0
 10
12.006938693638
 20
95.809461635835
 30
0.0
 10
12.337021888315
 20
96.0
 30
0.0
 10
12.694230235339
 20
96.0
 30
0.0
 10
14.231410078446
 20
96.0
 30
0.0
 10
15.768589921554
 20
96.0
 30
0.0
 10
17.305769764661
 20
96.0
 30
0.0
 10
17.662978111685
 20
96.0
 30
0.0
 10
17.993061306362
 20
95.809461635835
 30
0.0
 10
18.171715043962
 20
95.500138754002
 30
0.0
 10
18.350368781562
 20
95.19081587217
 30
0.0
 10
18.350460382291
 20
94.809686267919
 30
0.0
 10
18.17195535071
 20
94.50027754651
 30
0.0
 10
17.403365429156
 20
93.168055015818
 30
0.0
 10
16.634775507602
 20
91.835832485125
 30
0.0
 10
15.866185586049
 20
90.503609954432
 30
0.0
  0
SPLINE
  5
11f
100
AcDbEntity
  8
Default
100
AcDbSpline
 70
     9
 71
     3
 72
    32
 73
    28
 74
     0
 42
0.0000001
 43
0.0000001
 40
0.0
 40
0.0
 40
0.0
 40
0.0
 40
1.0
 40
1.0
 40
1.0
 40
2.0
 40
2.0
 40
2.0
 40
11.805769764661
 40
11.805769764661
 40
11.805769764661
 40
12.805769764661
 40
12.805769764661
 40
12.805769764661
 40
13.805769764661
 40
13.805769764661
 40
13.805769764661
 40
23.616985666794
 40
23.616985666794
 40
23.616985666794
 40
24.616985666794
 40
24.616985666794
 40
24.616985666794
 40
25.616985666794
 40
25.616985666794
 40
25.616985666794
 40
35.428201568928
 40
35.428201568928
 40
35.428201568928
 40
35.428201568928
 10
-6.202163261403
 20
147.750416319766
 30
0.0
 10
-6.469920808776
 20
148.214529401879
 30
0.0
 10
-6.469783407683
 20
148.786223808255
 30
0.0
 10
-6.201802801283
 20
149.250208131004
 30
0.0
 10
-5.933822194883
 20
149.714192453753
 30
0.0
 10
-5.438697402867
 20
150.0
 30
0.0
 10
-4.90288488233
 20
150.0
 30
0.0
 10
-1.634294960777
 20
150.0
 30
0.0
 10
1.634294960777
 20
150.0
 30
0.0
 10
4.90288488233
 20
150.0
 30
0.0
 10
5.438697402867
 20
150.0
 30
0.0
 10
5.933822194883
 20
149.714192453752
 30
0.0
 10
6.201802801283
 20
149.250208131003
 30
0.0
 10
6.469783407683
 20
148.786223808254
 30
0.0
 10
6.469920808776
 20
148.214529401878
 30
0.0
 10
6.202163261404
 20
147.750416319765
 30
0.0
 10
4.567868300626
 20
144.917638387753
 30
0.0
 10
2.93357333985
 20
142.08486045574
 30
0.0
 10
1.299278379073
 20
139.252082523726
 30
0.0
 10
1.031392103942
 20
138.787746313499
 30
0.0
 10
0.536070119044
 20
138.501666203961
 30
0.0
 10
0.0
 20
138.501666203961
 30
0.0
 10
-0.536070119044
 20
138.501666203961
 30
0.0
 10
-1.031392103942
 20
138.787746313499
 30
0.0
 10
-1.299278379073
 20
139.252082523726
 30
0.0
 10
-2.93357333985
 20
142.08486045574
 30
0.0
 10
-4.567868300626
 20
144.917638387753
 30
0.0
 10
-6.202163261403
 20
147.750416319766
 30
0.0
  0
SPLINE
  5
120
100
AcDbEntity
  8
Default
100
AcDbSpline
 70
     9
 71
     3
 72
    32
 73
    28
 74
     0
 42
0.0000001
 43
0.0000001
 40
0.0
 40
0.0
 40
0.0
 40
0.0
 40
1.0
 40
1.0
 40
1.0
 40
2.0
 40
2.0
 40
2.0
 40
10.078844196244
 40
10.078844196244
 40
10.078844196244
 40
11.078844196244
 40
11.078844196244
 40
11.078844196244
 40
12.078844196244
 40
12.078844196244
 40
12.078844196244
 40
20.153203882458
 40
20.153203882458
 40
20.153203882458
 40
21.153203882458
 40
21.153203882458
 40
21.153203882458
 40
22.153203882458
 40
22.153203882458
 40
22.153203882458
 40
30.232048078702
 40
30.232048078702
 40
30.232048078702
 40
30.232048078702
 10
23.799278379073
 20
127.252637925047
 30
0.0
 10
23.531392103942
 20
126.788301714819
 30
0.0
 10
23.036070119044
 20
126.502221605281
 30
0.0
 10
22.5
 20
126.502221605281
 30
0.0
 10
21.963929880956
 20
126.502221605281
 30
0.0
 10
21.468607896058
 20
126.788301714819
 30
0.0
 10
21.200721620927
 20
127.252637925047
 30
0.0
 10
19.854995006558
 20
129.585230723286
 30
0.0
 10
18.509268392189
 20
131.917823521526
 30
0.0
 10
17.16354177782
 20
134.250416319766
 30
0.0
 10
16.895784230447
 20
134.714529401879
 30
0.0
 10
16.89592163154
 20
135.286223808255
 30
0.0
 10
17.16390223794
 20
135.750208131004
 30
0.0
 10
17.43188284434
 20
136.214192453753
 30
0.0
 10
17.927007636357
 20
136.5
 30
0.0
 10
18.462820156893
 20
136.5
 30
0.0
 10
21.154273385631
 20
136.5
 30
0.0
 10
23.845726614369
 20
136.5
 30
0.0
 10
26.537179843107
 20
136.5
 30
0.0
 10
27.072992363643
 20
136.5
 30
0.0
 10
27.56811715566
 20
136.214192453753
 30
0.0
 10
27.83609776206
 20
135.750208131004
 30
0.0
 10
28.10407836846
 20
135.286223808255
 30
0.0
 10
28.104215769553
 20
134.714529401879
 30
0.0
 10
27.83645822218
 20
134.250416319766
 30
0.0
 10
26.490731607811
 20
131.917823521526
 30
0.0
 10
25.145004993442
 20
129.585230723286
 30
0.0
 10
23.799278379073
 20
127.252637925047
 30
0.0
  0
SPLINE
  5
121
100
AcDbEntity
  8
Default
100
AcDbSpline
 70
     9
 71
     3
 72
    32
 73
    28
 74
     0
 42
0.0000001
 43
0.0000001
 40
0.0
 40
0.0
 40
0.0
 40
0.0
 40
1.0
 40
1.0
 40
1.0
 40
2.0
 40
2.0
 40
2.0
 40
8.346472490354
 40
8.346472490354
 40
8.346472490354
 40
9.346472490354
 40
9.346472490354
 40
9.346472490354
 40
10.346472490354
 40
10.346472490354
 40
10.346472490354
 40
16.689422098122
 40
16.689422098122
 40
16.689422098122
 40
17.689422098122
 40
17.689422098122
 40
17.689422098122
 40
18.689422098122
 40
18.689422098122
 40
18.689422098122
 40
25.035894588476
 40
25.035894588476
 40
25.035894588476
 40
25.035894588476
 10
23.366185586049
 20
102.503054553112
 30
0.0
 10
23.187594735961
 20
102.193497079627
 30
0.0
 10
22.857380079363
 20
102.002777006601
 30
0.0
 10
22.5
 20
102.002777006601
 30
0.0
 10
22.142619920637
 20
102.002777006601
 30
0.0
 10
21.812405264039
 20
102.193497079627
 30
0.0
 10
21.633814413951
 20
102.503054553112
 30
0.0
 10
20.57665614599
 20
104.335462217578
 30
0.0
 10
19.519497878029
 20
106.167869882044
 30
0.0
 10
18.462339610067
 20
108.000277546511
 30
0.0
 10
18.283834578486
 20
108.309686267919
 30
0.0
 10
18.283926179214
 20
108.69081587217
 30
0.0
 10
18.462579916814
 20
109.000138754003
 30
0.0
 10
18.641233654414
 20
109.309461635835
 30
0.0
 10
18.971316849092
 20
109.5
 30
0.0
 10
19.328525196116
 20
109.5
 30
0.0
 10
21.442841732039
 20
109.5
 30
0.0
 10
23.557158267961
 20
109.5
 30
0.0
 10
25.671474803884
 20
109.5
 30
0.0
 10
26.028683150908
 20
109.5
 30
0.0
 10
26.358766345586
 20
109.309461635835
 30
0.0
 10
26.537420083186
 20
109.000138754002
 30
0.0
 10
26.716073820786
 20
108.69081587217
 30
0.0
 10
26.716165421515
 20
108.309686267919
 30
0.0
 10
26.537660389933
 20
108.00027754651
 30
0.0
 10
25.480502121971
 20
106.167869882044
 30
0.0
 10
24.42334385401
 20
104.335462217578
 30
0.0
 10
23.366185586049
 20
102.503054553112
 30
0.0
  0
SPLINE
  5
122
100
AcDbEntity
  8
Default
100
AcDbSpline
 70
     9
 71
     3
 72
    32
 73
    28
 74
     0
 42
0.0000001
 43
0.0000001
 40
0.0
 40
0.0
 40
0.0
 40
0.0
 40
1.0
 40
1.0
 40
1.0
 40
2.0
 40
2.0
 40
2.0
 40
4.881729078574
 40
4.881729078574
 40
4.881729078574
 40
5.881729078574
 40
5.881729078574
 40
5.881729078574
 40
6.881729078574
 40
6.881729078574
 40
6.881729078574
 40
9.761858529449
 40
9.761858529449
 40
9.761858529449
 40
10.761858529449
 40
10.761858529449
 40
10.761858529449
 40
11.761858529449
 40
11.761858529449
 40
11.761858529449
 40
14.643587608024
 40
14.643587608024
 40
14.643587608024
 40
14.643587608024
 10
23.366185586049
 20
91.495834644248
 30
0.0
 10
23.187594735961
 20
91.805392117733
 30
0.0
 10
22.857380079363
 20
91.996112190758
 30
0.0
 10
22.5
 20
91.996112190758
 30
0.0
 10
22.142619920637
 20
91.996112190758
 30
0.0
 10
21.812405264039
 20
91.805392117733
 30
0.0
 10
21.633814413952
 20
91.495834644248
 30
0.0
 10
21.153792838806
 20
90.663797247328
 30
0.0
 10
20.67377126366
 20
89.831759850409
 30
0.0
 10
20.193749688514
 20
88.99972245349
 30
0.0
 10
20.015244656932
 20
88.690313732081
 30
0.0
 10
20.015336257661
 20
88.30918412783
 30
0.0
 10
20.193989995261
 20
87.999861245997
 30
0.0
 10
20.372643732861
 20
87.690538364165
 30
0.0
 10
20.702726927538
 20
87.5
 30
0.0
 10
21.059935274563
 20
87.5
 30
0.0
 10
22.019978424854
 20
87.5
 30
0.0
 10
22.980021575146
 20
87.5
 30
0.0
 10
23.940064725437
 20
87.5
 30
0.0
 10
24.297273072462
 20
87.5
 30
0.0
 10
24.627356267139
 20
87.690538364165
 30
0.0
 10
24.806010004739
 20
87.999861245998
 30
0.0
 10
24.984663742339
 20
88.30918412783
 30
0.0
 10
24.984755343068
 20
88.690313732081
 30
0.0
 10
24.806250311486
 20
88.99972245349
 30
0.0
 10
24.32622873634
 20
89.831759850409
 30
0.0
 10
23.846207161194
 20
90.663797247328
 30
0.0
 10
23.366185586049
 20
91.495834644248
 30
0.0
  0
SPLINE
  5
123
100
AcDbEntity
  8
Default
100
AcDbSpline
 70
     9
 71
     3
 72
    32
 73
    28
 74
     0
 42
0.0000001
 43
0.0000001
 40
0.0
 40
0.0
 40
0.0
 40
0.0
 40
1.0
 40
1.0
 40
1.0
 40
2.0
 40
2.0
 40
2.0
 40
4.881729078574
 40
4.881729078574
 40
4.881729078574
 40
5.881729078574
 40
5.881729078574
 40
5.881729078574
 40
6.881729078574
 40
6.881729078574
 40
6.881729078574
 40
9.761858529449
 40
9.761858529449
 40
9.761858529449
 40
10.761858529449
 40
10.761858529449
 40
10.761858529449
 40
11.761858529449
 40
11.761858529449
 40
11.761858529449
 40
14.643587608024
 40
14.643587608024
 40
14.643587608024
 40
14.643587608024
 10
0.433092793024
 20
78.245973417503
 30
0.0
 10
0.343797367981
 20
78.400752154245
 30
0.0
 10
0.178690039681
 20
78.496112190758
 30
0.0
 10
-0.0
 20
78.496112190758
 30
0.0
 10
-0.178690039681
 20
78.496112190758
 30
0.0
 10
-0.343797367981
 20
78.400752154245
 30
0.0
 10
-0.433092793024
 20
78.245973417503
 30
0.0
 10
-0.91311436817
 20
77.413936020584
 30
0.0
 10
-1.393135943316
 20
76.581898623664
 30
0.0
 10
-1.873157518462
 20
75.749861226745
 30
0.0
 10
-1.962410034253
 20
75.59515686604
 30
0.0
 10
-1.962364233888
 20
75.404592063915
 30
0.0
 10
-1.873037365088
 20
75.249930622999
 30
0.0
 10
-1.783710496288
 20
75.095269182082
 30
0.0
 10
-1.61866889895
 20
75.0
 30
0.0
 10
-1.440064725437
 20
75.0
 30
0.0
 10
-0.480021575146
 20
75.0
 30
0.0
 10
0.480021575146
 20
75.0
 30
0.0
 10
1.440064725437
 20
75.0
 30
0.0
 10
1.61866889895
 20
75.0
 30
0.0
 10
1.783710496288
 20
75.095269182082
 30
0.0
 10
1.873037365088
 20
75.249930622999
 30
0.0
 10
1.962364233888
 20
75.404592063915
 30
0.0
 10
1.962410034253
 20
75.59515686604
 30
0.0
 10
1.873157518462
 20
75.749861226745
 30
0.0
 10
1.393135943316
 20
76.581898623664
 30
0.0
 10
0.91311436817
 20
77.413936020584
 30
0.0
 10
0.433092793024
 20
78.245973417503
 30
0.0
  0
SPLINE
  5
124
100
AcDbEntity
  8
Default
100
AcDbSpline
 70
     9
 71
     3
 72
    32
 73
    28
 74
     0
 42
0.0000001
 43
0.0000001
 40
0.0
 40
0.0
 40
0.0
 40
0.0
 40
1.0
 40
1.0
 40
1.0
 40
2.0
 40
2.0
 40
2.0
 40
6.614100784464
 40
6.614100784464
 40
6.614100784464
 40
7.614100784464
 40
7.614100784464
 40
7.614100784464
 40
8.614100784464
 40
8.614100784464
 40
8.614100784464
 40
13.225640313786
 40
13.225640313786
 40
13.225640313786
 40
14.225640313786
 40
14.225640313786
 40
14.225640313786
 40
15.225640313786
 40
15.225640313786
 40
15.225640313786
 40
19.83974109825
 40
19.83974109825
 40
19.83974109825
 40
19.83974109825
 10
15.866185586049
 20
105.496390045568
 30
0.0
 10
15.687594735961
 20
105.805947519053
 30
0.0
 10
15.357380079363
 20
105.996667592078
 30
0.0
 10
15.0
 20
105.996667592078
 30
0.0
 10
14.642619920637
 20
105.996667592078
 30
0.0
 10
14.312405264039
 20
105.805947519053
 30
0.0
 10
14.133814413951
 20
105.496390045568
 30
0.0
 10
13.365224492398
 20
104.164167514875
 30
0.0
 10
12.596634570844
 20
102.831944984182
 30
0.0
 10
11.828044649291
 20
101.49972245349
 30
0.0
 10
11.649539617709
 20
101.190313732081
 30
0.0
 10
11.649631218438
 20
100.80918412783
 30
0.0
 10
11.828284956038
 20
100.499861245997
 30
0.0
 10
12.006938693638
 20
100.190538364165
 30
0.0
 10
12.337021888315
 20
100.0
 30
0.0
 10
12.694230235339
 20
100.0
 30
0.0
 10
14.231410078446
 20
100.0
 30
0.0
 10
15.768589921554
 20
100.0
 30
0.0
 10
17.305769764661
 20
100.0
 30
0.0
 10
17.662978111685
 20
100.0
 30
0.0
 10
17.993061306362
 20
100.190538364165
 30
0.0
 10
18.171715043962
 20
100.499861245997
 30
0.0
 10
18.350368781562
 20
100.80918412783
 30
0.0
 10
18.350460382291
 20
101.190313732081
 30
0.0
 10
18.171955350709
 20
101.499722453489
 30
0.0
 10
17.403365429156
 20
102.831944984182
 30
0.0
 10
16.634775507602
 20
104.164167514875
 30
0.0
 10
15.866185586049
 20
105.496390045568
 30
0.0
  0
SPLINE
  5
125
100
AcDbEntity
  8
Default
100
AcDbSpline
 70
     9
 71
     3
 72
    32
 73
    28
 74
     0
 42
0.0000001
 43
0.0000001
 40
0.0
 40
0.0
 40
0.0
 40
0.0
 40
1.0
 40
1.0
 40
1.0
 40
2.0
 40
2.0
 40
2.0
 40
3.149357372685
 40
3.149357372685
 40
3.149357372685
 40
4.149357372685
 40
4.149357372685
 40
4.149357372685
 40
5.149357372685
 40
5.149357372685
 40
5.149357372685
 40
6.298076745113
 40
6.298076745113
 40
6.298076745113
 40
7.298076745113
 40
7.298076745113
 40
7.298076745113
 40
8.298076745113
 40
8.298076745113
 40
8.298076745113
 40
9.447434117798
 40
9.447434117798
 40
9.447434117798
 40
9.447434117798
 10
7.933092793024
 20
53.754581983817
 30
0.0
 10
7.843797367981
 20
53.599803247075
 30
0.0
 10
7.678690039681
 20
53.504443210562
 30
0.0
 10
7.5
 20
53.504443210562
 30
0.0
 10
7.321309960319
 20
53.504443210562
 30
0.0
 10
7.156202632019
 20
53.599803247075
 30
0.0
 10
7.066907206976
 20
53.754581983817
 30
0.0
 10
6.875453978238
 20
54.086434246963
 30
0.0
 10
6.6840007495
 20
54.418286510109
 30
0.0
 10
6.492547520761
 20
54.750138773255
 30
0.0
 10
6.403295004971
 20
54.90484313396
 30
0.0
 10
6.403340805335
 20
55.095407936085
 30
0.0
 10
6.492667674135
 20
55.250069377001
 30
0.0
 10
6.581994542935
 20
55.404730817918
 30
0.0
 10
6.747036140274
 20
55.5
 30
0.0
 10
6.925640313786
 20
55.5
 30
0.0
 10
7.308546771262
 20
55.5
 30
0.0
 10
7.691453228738
 20
55.5
 30
0.0
 10
8.074359686214
 20
55.5
 30
0.0
 10
8.252963859726
 20
55.5
 30
0.0
 10
8.418005457065
 20
55.404730817918
 30
0.0
 10
8.507332325865
 20
55.250069377001
 30
0.0
 10
8.596659194665
 20
55.095407936085
 30
0.0
 10
8.596704995029
 20
54.90484313396
 30
0.0
 10
8.507452479239
 20
54.750138773255
 30
0.0
 10
8.3159992505
 20
54.418286510109
 30
0.0
 10
8.124546021762
 20
54.086434246963
 30
0.0
 10
7.933092793024
 20
53.754581983817
 30
0.0
  0
SPLINE
  5
126
100
AcDbEntity
  8
Default
100
AcDbSpline
 70
     9
 71
     3
 72
    32
 73
    28
 74
     0
 42
0.0000001
 43
0.0000001
 40
0.0
 40
0.0
 40
0.0
 40
0.0
 40
1.0
 40
1.0
 40
1.0
 40
2.0
 40
2.0
 40
2.0
 40
8.346472490354
 40
8.346472490354
 40
8.346472490354
 40
9.346472490354
 40
9.346472490354
 40
9.346472490354
 40
10.346472490354
 40
10.346472490354
 40
10.346472490354
 40
16.689422098122
 40
16.689422098122
 40
16.689422098122
 40
17.689422098122
 40
17.689422098122
 40
17.689422098122
 40
18.689422098122
 40
18.689422098122
 40
18.689422098122
 40
25.035894588476
 40
25.035894588476
 40
25.035894588476
 40
25.035894588476
 10
46.299278379073
 20
115.253193326367
 30
0.0
 10
46.031392103942
 20
114.788857116139
 30
0.0
 10
45.536070119044
 20
114.502777006601
 30
0.0
 10
45.0
 20
114.502777006601
 30
0.0
 10
44.463929880956
 20
114.502777006601
 30
0.0
 10
43.968607896058
 20
114.78885711614
 30
0.0
 10
43.700721620927
 20
115.253193326367
 30
0.0
 10
42.643563352966
 20
117.085600990833
 30
0.0
 10
41.586405085005
 20
118.918008655299
 30
0.0
 10
40.529246817043
 20
120.750416319766
 30
0.0
 10
40.26148926967
 20
121.214529401879
 30
0.0
 10
40.261626670764
 20
121.786223808255
 30
0.0
 10
40.529607277164
 20
122.250208131004
 30
0.0
 10
40.797587883564
 20
122.714192453753
 30
0.0
 10
41.29271267558
 20
123.0
 30
0.0
 10
41.828525196116
 20
123.0
 30
0.0
 10
43.942841732039
 20
123.0
 30
0.0
 10
46.057158267961
 20
123.0
 30
0.0
 10
48.171474803884
 20
123.0
 30
0.0
 10
48.70728732442
 20
123.0
 30
0.0
 10
49.202412116436
 20
122.714192453753
 30
0.0
 10
49.470392722836
 20
122.250208131004
 30
0.0
 10
49.738373329236
 20
121.786223808255
 30
0.0
 10
49.73851073033
 20
121.214529401879
 30
0.0
 10
49.470753182957
 20
120.750416319766
 30
0.0
 10
48.413594914996
 20
118.918008655299
 30
0.0
 10
47.356436647034
 20
117.085600990833
 30
0.0
 10
46.299278379073
 20
115.253193326367
 30
0.0
  0
SPLINE
  5
127
100
AcDbEntity
  8
Default
100
AcDbSpline
 70
     9
 71
     3
 72
    32
 73
    28
 74
     0
 42
0.0000001
 43
0.0000001
 40
0.0
 40
0.0
 40
0.0
 40
0.0
 40
1.0
 40
1.0
 40
1.0
 40
2.0
 40
2.0
 40
2.0
 40
4.881729078574
 40
4.881729078574
 40
4.881729078574
 40
5.881729078574
 40
5.881729078574
 40
5.881729078574
 40
6.881729078574
 40
6.881729078574
 40
6.881729078574
 40
9.761858529449
 40
9.761858529449
 40
9.761858529449
 40
10.761858529449
 40
10.761858529449
 40
10.761858529449
 40
11.761858529449
 40
11.761858529449
 40
11.761858529449
 40
14.643587608024
 40
14.643587608024
 40
14.643587608024
 40
14.643587608024
 10
53.366185586049
 20
91.495834644248
 30
0.0
 10
53.187594735961
 20
91.805392117733
 30
0.0
 10
52.857380079363
 20
91.996112190758
 30
0.0
 10
52.5
 20
91.996112190758
 30
0.0
 10
52.142619920637
 20
91.996112190758
 30
0.0
 10
51.812405264039
 20
91.805392117733
 30
0.0
 10
51.633814413952
 20
91.495834644248
 30
0.0
 10
51.153792838806
 20
90.663797247328
 30
0.0
 10
50.67377126366
 20
89.831759850409
 30
0.0
 10
50.193749688514
 20
88.99972245349
 30
0.0
 10
50.015244656932
 20
88.690313732081
 30
0.0
 10
50.015336257661
 20
88.30918412783
 30
0.0
 10
50.193989995261
 20
87.999861245997
 30
0.0
 10
50.372643732861
 20
87.690538364165
 30
0.0
 10
50.702726927538
 20
87.5
 30
0.0
 10
51.059935274563
 20
87.5
 30
0.0
 10
52.019978424854
 20
87.5
 30
0.0
 10
52.980021575146
 20
87.5
 30
0.0
 10
53.940064725437
 20
87.5
 30
0.0
 10
54.297273072462
 20
87.5
 30
0.0
 10
54.627356267139
 20
87.690538364165
 30
0.0
 10
54.806010004739
 20
87.999861245998
 30
0.0
 10
54.984663742339
 20
88.30918412783
 30
0.0
 10
54.984755343068
 20
88.690313732081
 30
0.0
 10
54.806250311486
 20
88.99972245349
 30
0.0
 10
54.32622873634
 20
89.831759850409
 30
0.0
 10
53.846207161194
 20
90.663797247328
 30
0.0
 10
53.366185586049
 20
91.495834644248
 30
0.0
  0
SPLINE
  5
128
100
AcDbEntity
  8
Default
100
AcDbSpline
 70
     9
 71
     3
 72
    32
 73
    28
 74
     0
 42
0.0000001
 43
0.0000001
 40
0.0
 40
0.0
 40
0.0
 40
0.0
 40
1.0
 40
1.0
 40
1.0
 40
2.0
 40
2.0
 40
2.0
 40
8.346472490354
 40
8.346472490354
 40
8.346472490354
 40
9.346472490354
 40
9.346472490354
 40
9.346472490354
 40
10.346472490354
 40
10.346472490354
 40
10.346472490354
 40
16.689422098122
 40
16.689422098122
 40
16.689422098122
 40
17.689422098122
 40
17.689422098122
 40
17.689422098122
 40
18.689422098122
 40
18.689422098122
 40
18.689422098122
 40
25.035894588476
 40
25.035894588476
 40
25.035894588476
 40
25.035894588476
 10
53.366185586049
 20
119.496945446888
 30
0.0
 10
53.187594735961
 20
119.806502920373
 30
0.0
 10
52.857380079363
 20
119.997222993399
 30
0.0
 10
52.5
 20
119.997222993399
 30
0.0
 10
52.142619920637
 20
119.997222993399
 30
0.0
 10
51.812405264039
 20
119.806502920373
 30
0.0
 10
51.633814413952
 20
119.496945446888
 30
0.0
 10
50.57665614599
 20
117.664537782422
 30
0.0
 10
49.519497878029
 20
115.832130117956
 30
0.0
 10
48.462339610068
 20
113.99972245349
 30
0.0
 10
48.283834578486
 20
113.690313732081
 30
0.0
 10
48.283926179214
 20
113.30918412783
 30
0.0
 10
48.462579916814
 20
112.999861245997
 30
0.0
 10
48.641233654414
 20
112.690538364165
 30
0.0
 10
48.971316849092
 20
112.5
 30
0.0
 10
49.328525196116
 20
112.5
 30
0.0
 10
51.442841732039
 20
112.5
 30
0.0
 10
53.557158267961
 20
112.5
 30
0.0
 10
55.671474803884
 20
112.5
 30
0.0
 10
56.028683150908
 20
112.5
 30
0.0
 10
56.358766345586
 20
112.690538364165
 30
0.0
 10
56.537420083186
 20
112.999861245997
 30
0.0
 10
56.716073820785
 20
113.30918412783
 30
0.0
 10
56.716165421514
 20
113.690313732081
 30
0.0
 10
56.537660389932
 20
113.999722453489
 30
0.0
 10
55.480502121971
 20
115.832130117956
 30
0.0
 10
54.42334385401
 20
117.664537782422
 30
0.0
 10
53.366185586049
 20
119.496945446888
 30
0.0
  0
SPLINE
  5
129
100
AcDbEntity
  8
Default
100
AcDbSpline
 70
     9
 71
     3
 72
    32
 73
    28
 74
     0
 42
0.0000001
 43
0.0000001
 40
0.0
 40
0.0
 40
0.0
 40
0.0
 40
1.0
 40
1.0
 40
1.0
 40
2.0
 40
2.0
 40
2.0
 40
4.881729078574
 40
4.881729078574
 40
4.881729078574
 40
5.881729078574
 40
5.881729078574
 40
5.881729078574
 40
6.881729078574
 40
6.881729078574
 40
6.881729078574
 40
9.761858529449
 40
9.761858529449
 40
9.761858529449
 40
10.761858529449
 40
10.761858529449
 40
10.761858529449
 40
11.761858529449
 40
11.761858529449
 40
11.761858529449
 40
14.643587608024
 40
14.643587608024
 40
14.643587608024
 40
14.643587608024
 10
45.433092793024
 20
65.754026582497
 30
0.0
 10
45.343797367981
 20
65.599247845755
 30
0.0
 10
45.178690039681
 20
65.503887809242
 30
0.0
 10
45.0
 20
65.503887809242
 30
0.0
 10
44.821309960319
 20
65.503887809242
 30
0.0
 10
44.656202632019
 20
65.599247845755
 30
0.0
 10
44.566907206976
 20
65.754026582497
 30
0.0
 10
44.08688563183
 20
66.586063979416
 30
0.0
 10
43.606864056684
 20
67.418101376336
 30
0.0
 10
43.126842481538
 20
68.250138773255
 30
0.0
 10
43.037589965747
 20
68.40484313396
 30
0.0
 10
43.037635766112
 20
68.595407936085
 30
0.0
 10
43.126962634912
 20
68.750069377001
 30
0.0
 10
43.216289503712
 20
68.904730817918
 30
0.0
 10
43.38133110105
 20
69.0
 30
0.0
 10
43.559935274563
 20
69.0
 30
0.0
 10
44.519978424854
 20
69.0
 30
0.0
 10
45.480021575146
 20
69.0
 30
0.0
 10
46.440064725437
 20
69.0
 30
0.0
 10
46.61866889895
 20
69.0
 30
0.0
 10
46.783710496288
 20
68.904730817918
 30
0.0
 10
46.873037365088
 20
68.750069377001
 30
0.0
 10
46.962364233888
 20
68.595407936085
 30
0.0
 10
46.962410034253
 20
68.404843133959
 30
0.0
 10
46.873157518462
 20
68.250138773255
 30
0.0
 10
46.393135943316
 20
67.418101376336
 30
0.0
 10
45.91311436817
 20
66.586063979416
 30
0.0
 10
45.433092793024
 20
65.754026582497
 30
0.0
  0
SPLINE
  5
12a
100
AcDbEntity
  8
Default
100
AcDbSpline
 70
     9
 71
     3
 72
    32
 73
    28
 74
     0
 42
0.0000001
 43
0.0000001
 40
0.0
 40
0.0
 40
0.0
 40
0.0
 40
1.0
 40
1.0
 40
1.0
 40
2.0
 40
2.0
 40
2.0
 40
3.149357372685
 40
3.149357372685
 40
3.149357372685
 40
4.149357372685
 40
4.149357372685
 40
4.149357372685
 40
5.149357372685
 40
5.149357372685
 40
5.149357372685
 40
6.298076745113
 40
6.298076745113
 40
6.298076745113
 40
7.298076745113
 40
7.298076745113
 40
7.298076745113
 40
8.298076745113
 40
8.298076745113
 40
8.298076745113
 40
9.447434117798
 40
9.447434117798
 40
9.447434117798
 40
9.447434117798
 10
52.933092793024
 20
53.754581983817
 30
0.0
 10
52.843797367981
 20
53.599803247075
 30
0.0
 10
52.678690039681
 20
53.504443210562
 30
0.0
 10
52.5
 20
53.504443210562
 30
0.0
 10
52.321309960319
 20
53.504443210562
 30
0.0
 10
52.156202632019
 20
53.599803247075
 30
0.0
 10
52.066907206976
 20
53.754581983817
 30
0.0
 10
51.875453978238
 20
54.086434246963
 30
0.0
 10
51.6840007495
 20
54.418286510109
 30
0.0
 10
51.492547520761
 20
54.750138773255
 30
0.0
 10
51.40329500497
 20
54.90484313396
 30
0.0
 10
51.403340805335
 20
55.095407936085
 30
0.0
 10
51.492667674135
 20
55.250069377001
 30
0.0
 10
51.581994542935
 20
55.404730817918
 30
0.0
 10
51.747036140274
 20
55.5
 30
0.0
 10
51.925640313786
 20
55.5
 30
0.0
 10
52.308546771262
 20
55.5
 30
0.0
 10
52.691453228738
 20
55.5
 30
0.0
 10
53.074359686214
 20
55.5
 30
0.0
 10
53.252963859726
 20
55.5
 30
0.0
 10
53.418005457065
 20
55.404730817918
 30
0.0
 10
53.507332325865
 20
55.250069377001
 30
0.0
 10
53.596659194665
 20
55.095407936085
 30
0.0
 10
53.596704995029
 20
54.90484313396
 30
0.0
 10
53.507452479239
 20
54.750138773255
 30
0.0
 10
53.3159992505
 20
54.418286510109
 30
0.0
 10
53.124546021762
 20
54.086434246963
 30
0.0
 10
52.933092793024
 20
53.754581983817
 30
0.0
  0
SPLINE
  5
12b
100
AcDbEntity
  8
Default
100
AcDbSpline
 70
     9
 71
     3
 72
    32
 73
    28
 74
     0
 42
0.0000001
 43
0.0000001
 40
0.0
 40
0.0
 40
0.0
 40
0.0
 40
1.0
 40
1.0
 40
1.0
 40
2.0
 40
2.0
 40
2.0
 40
10.078844196244
 40
10.078844196244
 40
10.078844196244
 40
11.078844196244
 40
11.078844196244
 40
11.078844196244
 40
12.078844196244
 40
12.078844196244
 40
12.078844196244
 40
20.153203882458
 40
20.153203882458
 40
20.153203882458
 40
21.153203882458
 40
21.153203882458
 40
21.153203882458
 40
22.153203882458
 40
22.153203882458
 40
22.153203882458
 40
30.232048078702
 40
30.232048078702
 40
30.232048078702
 40
30.232048078702
 10
53.799278379073
 20
127.252637925047
 30
0.0
 10
53.531392103942
 20
126.788301714819
 30
0.0
 10
53.036070119044
 20
126.502221605281
 30
0.0
 10
52.5
 20
126.502221605281
 30
0.0
 10
51.963929880956
 20
126.502221605281
 30
0.0
 10
51.468607896058
 20
126.788301714819
 30
0.0
 10
51.200721620927
 20
127.252637925047
 30
0.0
 10
49.854995006558
 20
129.585230723286
 30
0.0
 10
48.509268392189
 20
131.917823521526
 30
0.0
 10
47.16354177782
 20
134.250416319766
 30
0.0
 10
46.895784230447
 20
134.714529401879
 30
0.0
 10
46.89592163154
 20
135.286223808255
 30
0.0
 10
47.16390223794
 20
135.750208131004
 30
0.0
 10
47.43188284434
 20
136.214192453753
 30
0.0
 10
47.927007636357
 20
136.5
 30
0.0
 10
48.462820156893
 20
136.5
 30
0.0
 10
51.154273385631
 20
136.5
 30
0.0
 10
53.845726614369
 20
136.5
 30
0.0
 10
56.537179843107
 20
136.5
 30
0.0
 10
57.072992363643
 20
136.5
 30
0.0
 10
57.56811715566
 20
136.214192453753
 30
0.0
 10
57.83609776206
 20
135.750208131004
 30
0.0
 10
58.10407836846
 20
135.286223808255
 30
0.0
 10
58.104215769553
 20
134.714529401879
 30
0.0
 10
57.83645822218
 20
134.250416319766
 30
0.0
 10
56.490731607811
 20
131.917823521526
 30
0.0
 10
55.145004993442
 20
129.585230723286
 30
0.0
 10
53.799278379073
 20
127.252637925047
 30
0.0
  0
SPLINE
  5
12c
100
AcDbEntity
  8
Default
100
AcDbSpline
 70
     9
 71
     3
 72
    32
 73
    28
 74
     0
 42
0.0000001
 43
0.0000001
 40
0.0
 40
0.0
 40
0.0
 40
0.0
 40
1.0
 40
1.0
 40
1.0
 40
2.0
 40
2.0
 40
2.0
 40
6.614100784464
 40
6.614100784464
 40
6.614100784464
 40
7.614100784464
 40
7.614100784464
 40
7.614100784464
 40
8.614100784464
 40
8.614100784464
 40
8.614100784464
 40
13.225640313786
 40
13.225640313786
 40
13.225640313786
 40
14.225640313786
 40
14.225640313786
 40
14.225640313786
 40
15.225640313786
 40
15.225640313786
 40
15.225640313786
 40
19.83974109825
 40
19.83974109825
 40
19.83974109825
 40
19.83974109825
 10
45.866185586049
 20
90.503609954432
 30
0.0
 10
45.687594735961
 20
90.194052480947
 30
0.0
 10
45.357380079363
 20
90.003332407922
 30
0.0
 10
45.0
 20
90.003332407922
 30
0.0
 10
44.642619920637
 20
90.003332407922
 30
0.0
 10
44.312405264039
 20
90.194052480947
 30
0.0
 10
44.133814413951
 20
90.503609954432
 30
0.0
 10
43.365224492398
 20
91.835832485125
 30
0.0
 10
42.596634570844
 20
93.168055015818
 30
0.0
 10
41.828044649291
 20
94.50027754651
 30
0.0
 10
41.649539617709
 20
94.809686267919
 30
0.0
 10
41.649631218438
 20
95.19081587217
 30
0.0
 10
41.828284956038
 20
95.500138754003
 30
0.0
 10
42.006938693638
 20
95.809461635835
 30
0.0
 10
42.337021888315
 20
96.0
 30
0.0
 10
42.694230235339
 20
96.0
 30
0.0
 10
44.231410078446
 20
96.0
 30
0.0
 10
45.768589921554
 20
96.0
 30
0.0
 10
47.305769764661
 20
96.0
 30
0.0
 10
47.662978111685
 20
96.0
 30
0.0
 10
47.993061306362
 20
95.809461635835
 30
0.0
 10
48.171715043962
 20
95.500138754002
 30
0.0
 10
48.350368781562
 20
95.19081587217
 30
0.0
 10
48.350460382291
 20
94.809686267919
 30
0.0
 10
48.17195535071
 20
94.50027754651
 30
0.0
 10
47.403365429156
 20
93.168055015818
 30
0.0
 10
46.634775507602
 20
91.835832485125
 30
0.0
 10
45.866185586049
 20
90.503609954432
 30
0.0
  0
SPLINE
  5
12d
100
AcDbEntity
  8
Default
100
AcDbSpline
 70
     9
 71
     3
 72
    32
 73
    28
 74
     0
 42
0.0000001
 43
0.0000001
 40
0.0
 40
0.0
 40
0.0
 40
0.0
 40
1.0
 40
1.0
 40
1.0
 40
2.0
 40
2.0
 40
2.0
 40
4.881729078574
 40
4.881729078574
 40
4.881729078574
 40
5.881729078574
 40
5.881729078574
 40
5.881729078574
 40
6.881729078574
 40
6.881729078574
 40
6.881729078574
 40
9.761858529449
 40
9.761858529449
 40
9.761858529449
 40
10.761858529449
 40
10.761858529449
 40
10.761858529449
 40
11.761858529449
 40
11.761858529449
 40
11.761858529449
 40
14.643587608024
 40
14.643587608024
 40
14.643587608024
 40
14.643587608024
 10
53.366185586049
 20
78.504165355752
 30
0.0
 10
53.187594735961
 20
78.194607882267
 30
0.0
 10
52.857380079363
 20
78.003887809242
 30
0.0
 10
52.5
 20
78.003887809242
 30
0.0
 10
52.142619920637
 20
78.003887809242
 30
0.0
 10
51.812405264039
 20
78.194607882267
 30
0.0
 10
51.633814413952
 20
78.504165355752
 30
0.0
 10
51.153792838806
 20
79.336202752672
 30
0.0
 10
50.67377126366
 20
80.168240149591
 30
0.0
 10
50.193749688514
 20
81.00027754651
 30
0.0
 10
50.015244656932
 20
81.309686267919
 30
0.0
 10
50.015336257661
 20
81.69081587217
 30
0.0
 10
50.193989995261
 20
82.000138754003
 30
0.0
 10
50.372643732861
 20
82.309461635835
 30
0.0
 10
50.702726927538
 20
82.5
 30
0.0
 10
51.059935274563
 20
82.5
 30
0.0
 10
52.019978424854
 20
82.5
 30
0.0
 10
52.980021575146
 20
82.5
 30
0.0
 10
53.940064725437
 20
82.5
 30
0.0
 10
54.297273072462
 20
82.5
 30
0.0
 10
54.627356267139
 20
82.309461635835
 30
0.0
 10
54.806010004739
 20
82.000138754003
 30
0.0
 10
54.984663742339
 20
81.69081587217
 30
0.0
 10
54.984755343068
 20
81.309686267919
 30
0.0
 10
54.806250311486
 20
81.000277546511
 30
0.0
 10
54.32622873634
 20
80.168240149591
 30
0.0
 10
53.846207161194
 20
79.336202752672
 30
0.0
 10
53.366185586049
 20
78.504165355752
 30
0.0
  0
SPLINE
  5
12e
100
AcDbEntity
  8
Default
100
AcDbSpline
 70
     9
 71
     3
 72
    32
 73
    28
 74
     0
 42
0.0000001
 43
0.0000001
 40
0.0
 40
0.0
 40
0.0
 40
0.0
 40
1.0
 40
1.0
 40
1.0
 40
2.0
 40
2.0
 40
2.0
 40
10.078844196244
 40
10.078844196244
 40
10.078844196244
 40
11.078844196244
 40
11.078844196244
 40
11.078844196244
 40
12.078844196244
 40
12.078844196244
 40
12.078844196244
 40
20.153203882458
 40
20.153203882458
 40
20.153203882458
 40
21.153203882458
 40
21.153203882458
 40
21.153203882458
 40
22.153203882458
 40
22.153203882458
 40
22.153203882458
 40
30.232048078702
 40
30.232048078702
 40
30.232048078702
 40
30.232048078702
 10
53.799278379073
 20
146.747362074953
 30
0.0
 10
53.531392103942
 20
147.211698285181
 30
0.0
 10
53.036070119044
 20
147.497778394719
 30
0.0
 10
52.5
 20
147.497778394719
 30
0.0
 10
51.963929880956
 20
147.497778394719
 30
0.0
 10
51.468607896058
 20
147.211698285181
 30
0.0
 10
51.200721620927
 20
146.747362074953
 30
0.0
 10
49.854995006558
 20
144.414769276714
 30
0.0
 10
48.509268392189
 20
142.082176478474
 30
0.0
 10
47.16354177782
 20
139.749583680234
 30
0.0
 10
46.895784230447
 20
139.285470598121
 30
0.0
 10
46.89592163154
 20
138.713776191745
 30
0.0
 10
47.16390223794
 20
138.249791868996
 30
0.0
 10
47.43188284434
 20
137.785807546247
 30
0.0
 10
47.927007636357
 20
137.5
 30
0.0
 10
48.462820156893
 20
137.5
 30
0.0
 10
51.154273385631
 20
137.5
 30
0.0
 10
53.845726614369
 20
137.5
 30
0.0
 10
56.537179843107
 20
137.5
 30
0.0
 10
57.072992363643
 20
137.5
 30
0.0
 10
57.56811715566
 20
137.785807546247
 30
0.0
 10
57.83609776206
 20
138.249791868996
 30
0.0
 10
58.10407836846
 20
138.713776191745
 30
0.0
 10
58.104215769553
 20
139.285470598121
 30
0.0
 10
57.83645822218
 20
139.749583680234
 30
0.0
 10
56.490731607811
 20
142.082176478474
 30
0.0
 10
55.145004993442
 20
144.414769276714
 30
0.0
 10
53.799278379073
 20
146.747362074953
 30
0.0
  0
SPLINE
  5
12f
100
AcDbEntity
  8
Default
100
AcDbSpline
 70
     9
 71
     3
 72
    32
 73
    28
 74
     0
 42
0.0000001
 43
0.0000001
 40
0.0
 40
0.0
 40
0.0
 40
0.0
 40
1.0
 40
1.0
 40
1.0
 40
2.0
 40
2.0
 40
2.0
 40
6.614100784464
 40
6.614100784464
 40
6.614100784464
 40
7.614100784464
 40
7.614100784464
 40
7.614100784464
 40
8.614100784464
 40
8.614100784464
 40
8.614100784464
 40
13.225640313786
 40
13.225640313786
 40
13.225640313786
 40
14.225640313786
 40
14.225640313786
 40
14.225640313786
 40
15.225640313786
 40
15.225640313786
 40
15.225640313786
 40
19.83974109825
 40
19.83974109825
 40
19.83974109825
 40
19.83974109825
 10
45.866185586049
 20
105.496390045568
 30
0.0
 10
45.687594735961
 20
105.805947519053
 30
0.0
 10
45.357380079363
 20
105.996667592078
 30
0.0
 10
45.0
 20
105.996667592078
 30
0.0
 10
44.642619920637
 20
105.996667592078
 30
0.0
 10
44.312405264039
 20
105.805947519053
 30
0.0
 10
44.133814413951
 20
105.496390045568
 30
0.0
 10
43.365224492398
 20
104.164167514875
 30
0.0
 10
42.596634570844
 20
102.831944984182
 30
0.0
 10
41.828044649291
 20
101.49972245349
 30
0.0
 10
41.649539617709
 20
101.190313732081
 30
0.0
 10
41.649631218438
 20
100.80918412783
 30
0.0
 10
41.828284956038
 20
100.499861245997
 30
0.0
 10
42.006938693638
 20
100.190538364165
 30
0.0
 10
42.337021888315
 20
100.0
 30
0.0
 10
42.694230235339
 20
100.0
 30
0.0
 10
44.231410078446
 20
100.0
 30
0.0
 10
45.768589921554
 20
100.0
 30
0.0
 10
47.305769764661
 20
100.0
 30
0.0
 10
47.662978111685
 20
100.0
 30
0.0
 10
47.993061306362
 20
100.190538364165
 30
0.0
 10
48.171715043962
 20
100.499861245997
 30
0.0
 10
48.350368781562
 20
100.80918412783
 30
0.0
 10
48.350460382291
 20
101.190313732081
 30
0.0
 10
48.171955350709
 20
101.499722453489
 30
0.0
 10
47.403365429156
 20
102.831944984182
 30
0.0
 10
46.634775507602
 20
104.164167514875
 30
0.0
 10
45.866185586049
 20
105.496390045568
 30
0.0
  0
SPLINE
  5
130
100
AcDbEntity
  8
Default
100
AcDbSpline
 70
     9
 71
     3
 72
    32
 73
    28
 74
     0
 42
0.0000001
 43
0.0000001
 40
0.0
 40
0.0
 40
0.0
 40
0.0
 40
1.0
 40
1.0
 40
1.0
 40
2.0
 40
2.0
 40
2.0
 40
6.614100784464
 40
6.614100784464
 40
6.614100784464
 40
7.614100784464
 40
7.614100784464
 40
7.614100784464
 40
8.614100784464
 40
8.614100784464
 40
8.614100784464
 40
13.225640313786
 40
13.225640313786
 40
13.225640313786
 40
14.225640313786
 40
14.225640313786
 40
14.225640313786
 40
15.225640313786
 40
15.225640313786
 40
15.225640313786
 40
19.83974109825
 40
19.83974109825
 40
19.83974109825
 40
19.83974109825
 10
0.866185586049
 20
105.496390045568
 30
0.0
 10
0.687594735961
 20
105.805947519053
 30
0.0
 10
0.357380079363
 20
105.996667592078
 30
0.0
 10
0.0
 20
105.996667592078
 30
0.0
 10
-0.357380079363
 20
105.996667592078
 30
0.0
 10
-0.687594735961
 20
105.805947519053
 30
0.0
 10
-0.866185586049
 20
105.496390045568
 30
0.0
 10
-1.634775507602
 20
104.164167514875
 30
0.0
 10
-2.403365429156
 20
102.831944984182
 30
0.0
 10
-3.171955350709
 20
101.49972245349
 30
0.0
 10
-3.350460382291
 20
101.190313732081
 30
0.0
 10
-3.350368781562
 20
100.80918412783
 30
0.0
 10
-3.171715043962
 20
100.499861245997
 30
0.0
 10
-2.993061306362
 20
100.190538364165
 30
0.0
 10
-2.662978111685
 20
100.0
 30
0.0
 10
-2.305769764661
 20
100.0
 30
0.0
 10
-0.768589921554
 20
100.0
 30
0.0
 10
0.768589921554
 20
100.0
 30
0.0
 10
2.305769764661
 20
100.0
 30
0.0
 10
2.662978111685
 20
100.0
 30
0.0
 10
2.993061306362
 20
100.190538364165
 30
0.0
 10
3.171715043962
 20
100.499861245997
 30
0.0
 10
3.350368781562
 20
100.80918412783
 30
0.0
 10
3.350460382291
 20
101.190313732081
 30
0.0
 10
3.171955350709
 20
101.499722453489
 30
0.0
 10
2.403365429156
 20
102.831944984182
 30
0.0
 10
1.634775507602
 20
104.164167514875
 30
0.0
 10
0.866185586049
 20
105.496390045568
 30
0.0
  0
SPLINE
  5
131
100
AcDbEntity
  8
Default
100
AcDbSpline
 70
     9
 71
     3
 72
    32
 73
    28
 74
     0
 42
0.0000001
 43
0.0000001
 40
0.0
 40
0.0
 40
0.0
 40
0.0
 40
1.0
 40
1.0
 40
1.0
 40
2.0
 40
2.0
 40
2.0
 40
4.881729078574
 40
4.881729078574
 40
4.881729078574
 40
5.881729078574
 40
5.881729078574
 40
5.881729078574
 40
6.881729078574
 40
6.881729078574
 40
6.881729078574
 40
9.761858529449
 40
9.761858529449
 40
9.761858529449
 40
10.761858529449
 40
10.761858529449
 40
10.761858529449
 40
11.761858529449
 40
11.761858529449
 40
11.761858529449
 40
14.643587608024
 40
14.643587608024
 40
14.643587608024
 40
14.643587608024
 10
23.366185586049
 20
78.504165355752
 30
0.0
 10
23.187594735961
 20
78.194607882267
 30
0.0
 10
22.857380079363
 20
78.003887809242
 30
0.0
 10
22.5
 20
78.003887809242
 30
0.0
 10
22.142619920637
 20
78.003887809242
 30
0.0
 10
21.812405264039
 20
78.194607882267
 30
0.0
 10
21.633814413951
 20
78.504165355752
 30
0.0
 10
21.153792838806
 20
79.336202752672
 30
0.0
 10
20.67377126366
 20
80.168240149591
 30
0.0
 10
20.193749688514
 20
81.00027754651
 30
0.0
 10
20.015244656932
 20
81.309686267919
 30
0.0
 10
20.015336257661
 20
81.69081587217
 30
0.0
 10
20.193989995261
 20
82.000138754003
 30
0.0
 10
20.372643732861
 20
82.309461635835
 30
0.0
 10
20.702726927538
 20
82.5
 30
0.0
 10
21.059935274563
 20
82.5
 30
0.0
 10
22.019978424854
 20
82.5
 30
0.0
 10
22.980021575146
 20
82.5
 30
0.0
 10
23.940064725437
 20
82.5
 30
0.0
 10
24.297273072462
 20
82.5
 30
0.0
 10
24.627356267139
 20
82.309461635835
 30
0.0
 10
24.806010004739
 20
82.000138754003
 30
0.0
 10
24.984663742339
 20
81.69081587217
 30
0.0
 10
24.984755343068
 20
81.309686267919
 30
0.0
 10
24.806250311486
 20
81.000277546511
 30
0.0
 10
24.32622873634
 20
80.168240149591
 30
0.0
 10
23.846207161194
 20
79.336202752672
 30
0.0
 10
23.366185586049
 20
78.504165355752
 30
0.0
  0
SPLINE
  5
132
100
AcDbEntity
  8
Default
100
AcDbSpline
 70
     9
 71
     3
 72
    32
 73
    28
 74
     0
 42
0.0000001
 43
0.0000001
 40
0.0
 40
0.0
 40
0.0
 40
0.0
 40
1.0
 40
1.0
 40
1.0
 40
2.0
 40
2.0
 40
2.0
 40
8.346472490354
 40
8.346472490354
 40
8.346472490354
 40
9.346472490354
 40
9.346472490354
 40
9.346472490354
 40
10.346472490354
 40
10.346472490354
 40
10.346472490354
 40
16.689422098122
 40
16.689422098122
 40
16.689422098122
 40
17.689422098122
 40
17.689422098122
 40
17.689422098122
 40
18.689422098122
 40
18.689422098122
 40
18.689422098122
 40
25.035894588476
 40
25.035894588476
 40
25.035894588476
 40
25.035894588476
 10
38.366185586049
 20
119.496945446888
 30
0.0
 10
38.187594735961
 20
119.806502920373
 30
0.0
 10
37.857380079363
 20
119.997222993399
 30
0.0
 10
37.5
 20
119.997222993399
 30
0.0
 10
37.142619920637
 20
119.997222993399
 30
0.0
 10
36.812405264039
 20
119.806502920373
 30
0.0
 10
36.633814413952
 20
119.496945446888
 30
0.0
 10
35.57665614599
 20
117.664537782422
 30
0.0
 10
34.519497878029
 20
115.832130117956
 30
0.0
 10
33.462339610068
 20
113.99972245349
 30
0.0
 10
33.283834578486
 20
113.690313732081
 30
0.0
 10
33.283926179214
 20
113.30918412783
 30
0.0
 10
33.462579916814
 20
112.999861245997
 30
0.0
 10
33.641233654414
 20
112.690538364165
 30
0.0
 10
33.971316849092
 20
112.5
 30
0.0
 10
34.328525196116
 20
112.5
 30
0.0
 10
36.442841732039
 20
112.5
 30
0.0
 10
38.557158267961
 20
112.5
 30
0.0
 10
40.671474803884
 20
112.5
 30
0.0
 10
41.028683150908
 20
112.5
 30
0.0
 10
41.358766345586
 20
112.690538364165
 30
0.0
 10
41.537420083186
 20
112.999861245997
 30
0.0
 10
41.716073820785
 20
113.30918412783
 30
0.0
 10
41.716165421514
 20
113.690313732081
 30
0.0
 10
41.537660389932
 20
113.999722453489
 30
0.0
 10
40.480502121971
 20
115.832130117956
 30
0.0
 10
39.42334385401
 20
117.664537782422
 30
0.0
 10
38.366185586049
 20
119.496945446888
 30
0.0
  0
SPLINE
  5
133
100
AcDbEntity
  8
Default
100
AcDbSpline
 70
     9
 71
     3
 72
    32
 73
    28
 74
     0
 42
0.0000001
 43
0.0000001
 40
0.0
 40
0.0
 40
0.0
 40
0.0
 40
1.0
 40
1.0
 40
1.0
 40
2.0
 40
2.0
 40
2.0
 40
4.881729078574
 40
4.881729078574
 40
4.881729078574
 40
5.881729078574
 40
5.881729078574
 40
5.881729078574
 40
6.881729078574
 40
6.881729078574
 40
6.881729078574
 40
9.761858529449
 40
9.761858529449
 40
9.761858529449
 40
10.761858529449
 40
10.761858529449
 40
10.761858529449
 40
11.761858529449
 40
11.761858529449
 40
11.761858529449
 40
14.643587608024
 40
14.643587608024
 40
14.643587608024
 40
14.643587608024
 10
15.433092793024
 20
78.245973417503
 30
0.0
 10
15.343797367981
 20
78.400752154245
 30
0.0
 10
15.178690039681
 20
78.496112190758
 30
0.0
 10
15.0
 20
78.496112190758
 30
0.0
 10
14.821309960319
 20
78.496112190758
 30
0.0
 10
14.656202632019
 20
78.400752154245
 30
0.0
 10
14.566907206976
 20
78.245973417503
 30
0.0
 10
14.08688563183
 20
77.413936020584
 30
0.0
 10
13.606864056684
 20
76.581898623664
 30
0.0
 10
13.126842481538
 20
75.749861226745
 30
0.0
 10
13.037589965747
 20
75.59515686604
 30
0.0
 10
13.037635766112
 20
75.404592063915
 30
0.0
 10
13.126962634912
 20
75.249930622999
 30
0.0
 10
13.216289503712
 20
75.095269182082
 30
0.0
 10
13.38133110105
 20
75.0
 30
0.0
 10
13.559935274563
 20
75.0
 30
0.0
 10
14.519978424854
 20
75.0
 30
0.0
 10
15.480021575146
 20
75.0
 30
0.0
 10
16.440064725437
 20
75.0
 30
0.0
 10
16.61866889895
 20
75.0
 30
0.0
 10
16.783710496288
 20
75.095269182082
 30
0.0
 10
16.873037365088
 20
75.249930622999
 30
0.0
 10
16.962364233888
 20
75.404592063915
 30
0.0
 10
16.962410034253
 20
75.59515686604
 30
0.0
 10
16.873157518462
 20
75.749861226745
 30
0.0
 10
16.393135943316
 20
76.581898623664
 30
0.0
 10
15.91311436817
 20
77.413936020584
 30
0.0
 10
15.433092793024
 20
78.245973417503
 30
0.0
  0
SPLINE
  5
134
100
AcDbEntity
  8
Default
100
AcDbSpline
 70
     9
 71
     3
 72
    32
 73
    28
 74
     0
 42
0.0000001
 43
0.0000001
 40
0.0
 40
0.0
 40
0.0
 40
0.0
 40
1.0
 40
1.0
 40
1.0
 40
2.0
 40
2.0
 40
2.0
 40
10.078844196244
 40
10.078844196244
 40
10.078844196244
 40
11.078844196244
 40
11.078844196244
 40
11.078844196244
 40
12.078844196244
 40
12.078844196244
 40
12.078844196244
 40
20.153203882458
 40
20.153203882458
 40
20.153203882458
 40
21.153203882458
 40
21.153203882458
 40
21.153203882458
 40
22.153203882458
 40
22.153203882458
 40
22.153203882458
 40
30.232048078702
 40
30.232048078702
 40
30.232048078702
 40
30.232048078702
 10
38.799278379073
 20
146.747362074953
 30
0.0
 10
38.531392103942
 20
147.211698285181
 30
0.0
 10
38.036070119044
 20
147.497778394719
 30
0.0
 10
37.5
 20
147.497778394719
 30
0.0
 10
36.963929880956
 20
147.497778394719
 30
0.0
 10
36.468607896058
 20
147.211698285181
 30
0.0
 10
36.200721620927
 20
146.747362074953
 30
0.0
 10
34.854995006558
 20
144.414769276714
 30
0.0
 10
33.509268392189
 20
142.082176478474
 30
0.0
 10
32.16354177782
 20
139.749583680234
 30
0.0
 10
31.895784230447
 20
139.285470598121
 30
0.0
 10
31.89592163154
 20
138.713776191745
 30
0.0
 10
32.16390223794
 20
138.249791868996
 30
0.0
 10
32.43188284434
 20
137.785807546247
 30
0.0
 10
32.927007636357
 20
137.5
 30
0.0
 10
33.462820156893
 20
137.5
 30
0.0
 10
36.154273385631
 20
137.5
 30
0.0
 10
38.845726614369
 20
137.5
 30
0.0
 10
41.537179843107
 20
137.5
 30
0.0
 10
42.072992363643
 20
137.5
 30
0.0
 10
42.56811715566
 20
137.785807546247
 30
0.0
 10
42.83609776206
 20
138.249791868996
 30
0.0
 10
43.10407836846
 20
138.713776191745
 30
0.0
 10
43.104215769553
 20
139.285470598121
 30
0.0
 10
42.83645822218
 20
139.749583680234
 30
0.0
 10
41.490731607811
 20
142.082176478474
 30
0.0
 10
40.145004993442
 20
144.414769276714
 30
0.0
 10
38.799278379073
 20
146.747362074953
 30
0.0
  0
SPLINE
  5
135
100
AcDbEntity
  8
Default
100
AcDbSpline
 70
     9
 71
     3
 72
    32
 73
    28
 74
     0
 42
0.0000001
 43
0.0000001
 40
0.0
 40
0.0
 40
0.0
 40
0.0
 40
1.0
 40
1.0
 40
1.0
 40
2.0
 40
2.0
 40
2.0
 40
11.805769764661
 40
11.805769764661
 40
11.805769764661
 40
12.805769764661
 40
12.805769764661
 40
12.805769764661
 40
13.805769764661
 40
13.805769764661
 40
13.805769764661
 40
23.616985666794
 40
23.616985666794
 40
23.616985666794
 40
24.616985666794
 40
24.616985666794
 40
24.616985666794
 40
25.616985666794
 40
25.616985666794
 40
25.616985666794
 40
35.428201568928
 40
35.428201568928
 40
35.428201568928
 40
35.428201568928
 10
8.797836738597
 20
147.750416319766
 30
0.0
 10
8.530079191224
 20
148.214529401879
 30
0.0
 10
8.530216592317
 20
148.786223808255
 30
0.0
 10
8.798197198717
 20
149.250208131004
 30
0.0
 10
9.066177805117
 20
149.714192453753
 30
0.0
 10
9.561302597133
 20
150.0
 30
0.0
 10
10.09711511767
 20
150.0
 30
0.0
 10
13.365705039223
 20
150.0
 30
0.0
 10
16.634294960777
 20
150.0
 30
0.0
 10
19.90288488233
 20
150.0
 30
0.0
 10
20.438697402867
 20
150.0
 30
0.0
 10
20.933822194883
 20
149.714192453752
 30
0.0
 10
21.201802801283
 20
149.250208131003
 30
0.0
 10
21.469783407683
 20
148.786223808254
 30
0.0
 10
21.469920808776
 20
148.214529401878
 30
0.0
 10
21.202163261404
 20
147.750416319765
 30
0.0
 10
19.567868300626
 20
144.917638387753
 30
0.0
 10
17.93357333985
 20
142.08486045574
 30
0.0
 10
16.299278379073
 20
139.252082523726
 30
0.0
 10
16.031392103942
 20
138.787746313499
 30
0.0
 10
15.536070119044
 20
138.501666203961
 30
0.0
 10
15.0
 20
138.501666203961
 30
0.0
 10
14.463929880956
 20
138.501666203961
 30
0.0
 10
13.968607896058
 20
138.787746313499
 30
0.0
 10
13.700721620927
 20
139.252082523726
 30
0.0
 10
12.06642666015
 20
142.08486045574
 30
0.0
 10
10.432131699374
 20
144.917638387753
 30
0.0
 10
8.797836738597
 20
147.750416319766
 30
0.0
  0
SPLINE
  5
136
100
AcDbEntity
  8
Default
100
AcDbSpline
 70
     9
 71
     3
 72
    32
 73
    28
 74
     0
 42
0.0000001
 43
0.0000001
 40
0.0
 40
0.0
 40
0.0
 40
0.0
 40
1.0
 40
1.0
 40
1.0
 40
2.0
 40
2.0
 40
2.0
 40
4.881729078574
 40
4.881729078574
 40
4.881729078574
 40
5.881729078574
 40
5.881729078574
 40
5.881729078574
 40
6.881729078574
 40
6.881729078574
 40
6.881729078574
 40
9.761858529449
 40
9.761858529449
 40
9.761858529449
 40
10.761858529449
 40
10.761858529449
 40
10.761858529449
 40
11.761858529449
 40
11.761858529449
 40
11.761858529449
 40
14.643587608024
 40
14.643587608024
 40
14.643587608024
 40
14.643587608024
 10
8.366185586049
 20
78.504165355752
 30
0.0
 10
8.187594735961
 20
78.194607882267
 30
0.0
 10
7.857380079363
 20
78.003887809242
 30
0.0
 10
7.5
 20
78.003887809242
 30
0.0
 10
7.142619920637
 20
78.003887809242
 30
0.0
 10
6.812405264039
 20
78.194607882267
 30
0.0
 10
6.633814413951
 20
78.504165355752
 30
0.0
 10
6.153792838806
 20
79.336202752672
 30
0.0
 10
5.67377126366
 20
80.168240149591
 30
0.0
 10
5.193749688514
 20
81.00027754651
 30
0.0
 10
5.015244656932
 20
81.309686267919
 30
0.0
 10
5.015336257661
 20
81.69081587217
 30
0.0
 10
5.193989995261
 20
82.000138754003
 30
0.0
 10
5.372643732861
 20
82.309461635835
 30
0.0
 10
5.702726927538
 20
82.5
 30
0.0
 10
6.059935274563
 20
82.5
 30
0.0
 10
7.019978424854
 20
82.5
 30
0.0
 10
7.980021575146
 20
82.5
 30
0.0
 10
8.940064725437
 20
82.5
 30
0.0
 10
9.297273072462
 20
82.5
 30
0.0
 10
9.627356267139
 20
82.309461635835
 30
0.0
 10
9.806010004739
 20
82.000138754003
 30
0.0
 10
9.984663742339
 20
81.69081587217
 30
0.0
 10
9.984755343068
 20
81.309686267919
 30
0.0
 10
9.806250311486
 20
81.000277546511
 30
0.0
 10
9.32622873634
 20
80.168240149591
 30
0.0
 10
8.846207161194
 20
79.336202752672
 30
0.0
 10
8.366185586049
 20
78.504165355752
 30
0.0
  0
SPLINE
  5
137
100
AcDbEntity
  8
Default
100
AcDbSpline
 70
     9
 71
     3
 72
    32
 73
    28
 74
     0
 42
0.0000001
 43
0.0000001
 40
0.0
 40
0.0
 40
0.0
 40
0.0
 40
1.0
 40
1.0
 40
1.0
 40
2.0
 40
2.0
 40
2.0
 40
8.346472490354
 40
8.346472490354
 40
8.346472490354
 40
9.346472490354
 40
9.346472490354
 40
9.346472490354
 40
10.346472490354
 40
10.346472490354
 40
10.346472490354
 40
16.689422098122
 40
16.689422098122
 40
16.689422098122
 40
17.689422098122
 40
17.689422098122
 40
17.689422098122
 40
18.689422098122
 40
18.689422098122
 40
18.689422098122
 40
25.035894588476
 40
25.035894588476
 40
25.035894588476
 40
25.035894588476
 10
23.366185586049
 20
119.496945446888
 30
0.0
 10
23.187594735961
 20
119.806502920373
 30
0.0
 10
22.857380079363
 20
119.997222993399
 30
0.0
 10
22.5
 20
119.997222993399
 30
0.0
 10
22.142619920637
 20
119.997222993399
 30
0.0
 10
21.812405264039
 20
119.806502920373
 30
0.0
 10
21.633814413952
 20
119.496945446888
 30
0.0
 10
20.57665614599
 20
117.664537782422
 30
0.0
 10
19.519497878029
 20
115.832130117956
 30
0.0
 10
18.462339610067
 20
113.99972245349
 30
0.0
 10
18.283834578486
 20
113.690313732081
 30
0.0
 10
18.283926179214
 20
113.30918412783
 30
0.0
 10
18.462579916814
 20
112.999861245997
 30
0.0
 10
18.641233654414
 20
112.690538364165
 30
0.0
 10
18.971316849092
 20
112.5
 30
0.0
 10
19.328525196116
 20
112.5
 30
0.0
 10
21.442841732039
 20
112.5
 30
0.0
 10
23.557158267961
 20
112.5
 30
0.0
 10
25.671474803884
 20
112.5
 30
0.0
 10
26.028683150908
 20
112.5
 30
0.0
 10
26.358766345586
 20
112.690538364165
 30
0.0
 10
26.537420083186
 20
112.999861245997
 30
0.0
 10
26.716073820785
 20
113.30918412783
 30
0.0
 10
26.716165421514
 20
113.690313732081
 30
0.0
 10
26.537660389932
 20
113.999722453489
 30
0.0
 10
25.480502121971
 20
115.832130117956
 30
0.0
 10
24.42334385401
 20
117.664537782422
 30
0.0
 10
23.366185586049
 20
119.496945446888
 30
0.0
  0
SPLINE
  5
138
100
AcDbEntity
  8
Default
100
AcDbSpline
 70
     9
 71
     3
 72
    32
 73
    28
 74
     0
 42
0.0000001
 43
0.0000001
 40
0.0
 40
0.0
 40
0.0
 40
0.0
 40
1.0
 40
1.0
 40
1.0
 40
2.0
 40
2.0
 40
2.0
 40
8.346472490354
 40
8.346472490354
 40
8.346472490354
 40
9.346472490354
 40
9.346472490354
 40
9.346472490354
 40
10.346472490354
 40
10.346472490354
 40
10.346472490354
 40
16.689422098122
 40
16.689422098122
 40
16.689422098122
 40
17.689422098122
 40
17.689422098122
 40
17.689422098122
 40
18.689422098122
 40
18.689422098122
 40
18.689422098122
 40
25.035894588476
 40
25.035894588476
 40
25.035894588476
 40
25.035894588476
 10
31.299278379073
 20
132.746806673633
 30
0.0
 10
31.031392103942
 20
133.21114288386
 30
0.0
 10
30.536070119044
 20
133.497222993399
 30
0.0
 10
30.0
 20
133.497222993399
 30
0.0
 10
29.463929880956
 20
133.497222993399
 30
0.0
 10
28.968607896058
 20
133.21114288386
 30
0.0
 10
28.700721620927
 20
132.746806673633
 30
0.0
 10
27.643563352966
 20
130.914399009167
 30
0.0
 10
26.586405085005
 20
129.081991344701
 30
0.0
 10
25.529246817043
 20
127.249583680234
 30
0.0
 10
25.26148926967
 20
126.785470598121
 30
0.0
 10
25.261626670764
 20
126.213776191745
 30
0.0
 10
25.529607277164
 20
125.749791868996
 30
0.0
 10
25.797587883564
 20
125.285807546247
 30
0.0
 10
26.29271267558
 20
125.0
 30
0.0
 10
26.828525196116
 20
125.0
 30
0.0
 10
28.942841732039
 20
125.0
 30
0.0
 10
31.057158267961
 20
125.0
 30
0.0
 10
33.171474803884
 20
125.0
 30
0.0
 10
33.70728732442
 20
125.0
 30
0.0
 10
34.202412116436
 20
125.285807546247
 30
0.0
 10
34.470392722836
 20
125.749791868996
 30
0.0
 10
34.738373329236
 20
126.213776191745
 30
0.0
 10
34.73851073033
 20
126.785470598121
 30
0.0
 10
34.470753182957
 20
127.249583680234
 30
0.0
 10
33.413594914996
 20
129.081991344701
 30
0.0
 10
32.356436647034
 20
130.914399009167
 30
0.0
 10
31.299278379073
 20
132.746806673633
 30
0.0
  0
SPLINE
  5
139
100
AcDbEntity
  8
Default
100
AcDbSpline
 70
     9
 71
     3
 72
    32
 73
    28
 74
     0
 42
0.0000001
 43
0.0000001
 40
0.0
 40
0.0
 40
0.0
 40
0.0
 40
1.0
 40
1.0
 40
1.0
 40
2.0
 40
2.0
 40
2.0
 40
3.149357372685
 40
3.149357372685
 40
3.149357372685
 40
4.149357372685
 40
4.149357372685
 40
4.149357372685
 40
5.149357372685
 40
5.149357372685
 40
5.149357372685
 40
6.298076745113
 40
6.298076745113
 40
6.298076745113
 40
7.298076745113
 40
7.298076745113
 40
7.298076745113
 40
8.298076745113
 40
8.298076745113
 40
8.298076745113
 40
9.447434117798
 40
9.447434117798
 40
9.447434117798
 40
9.447434117798
 10
7.933092793024
 20
64.245418016183
 30
0.0
 10
7.843797367981
 20
64.400196752925
 30
0.0
 10
7.678690039681
 20
64.495556789438
 30
0.0
 10
7.5
 20
64.495556789438
 30
0.0
 10
7.321309960319
 20
64.495556789438
 30
0.0
 10
7.156202632019
 20
64.400196752925
 30
0.0
 10
7.066907206976
 20
64.245418016183
 30
0.0
 10
6.875453978238
 20
63.913565753037
 30
0.0
 10
6.6840007495
 20
63.581713489891
 30
0.0
 10
6.492547520761
 20
63.249861226745
 30
0.0
 10
6.40329500497
 20
63.09515686604
 30
0.0
 10
6.403340805335
 20
62.904592063915
 30
0.0
 10
6.492667674135
 20
62.749930622999
 30
0.0
 10
6.581994542935
 20
62.595269182082
 30
0.0
 10
6.747036140274
 20
62.5
 30
0.0
 10
6.925640313786
 20
62.5
 30
0.0
 10
7.308546771262
 20
62.5
 30
0.0
 10
7.691453228738
 20
62.5
 30
0.0
 10
8.074359686214
 20
62.5
 30
0.0
 10
8.252963859726
 20
62.5
 30
0.0
 10
8.418005457065
 20
62.595269182082
 30
0.0
 10
8.507332325865
 20
62.749930622999
 30
0.0
 10
8.596659194665
 20
62.904592063915
 30
0.0
 10
8.596704995029
 20
63.09515686604
 30
0.0
 10
8.507452479239
 20
63.249861226745
 30
0.0
 10
8.3159992505
 20
63.581713489891
 30
0.0
 10
8.124546021762
 20
63.913565753037
 30
0.0
 10
7.933092793024
 20
64.245418016183
 30
0.0
  0
SPLINE
  5
13a
100
AcDbEntity
  8
Default
100
AcDbSpline
 70
     9
 71
     3
 72
    32
 73
    28
 74
     0
 42
0.0000001
 43
0.0000001
 40
0.0
 40
0.0
 40
0.0
 40
0.0
 40
1.0
 40
1.0
 40
1.0
 40
2.0
 40
2.0
 40
2.0
 40
4.881729078574
 40
4.881729078574
 40
4.881729078574
 40
5.881729078574
 40
5.881729078574
 40
5.881729078574
 40
6.881729078574
 40
6.881729078574
 40
6.881729078574
 40
9.761858529449
 40
9.761858529449
 40
9.761858529449
 40
10.761858529449
 40
10.761858529449
 40
10.761858529449
 40
11.761858529449
 40
11.761858529449
 40
11.761858529449
 40
14.643587608024
 40
14.643587608024
 40
14.643587608024
 40
14.643587608024
 10
8.366185586049
 20
91.495834644248
 30
0.0
 10
8.187594735961
 20
91.805392117733
 30
0.0
 10
7.857380079363
 20
91.996112190758
 30
0.0
 10
7.5
 20
91.996112190758
 30
0.0
 10
7.142619920637
 20
91.996112190758
 30
0.0
 10
6.812405264039
 20
91.805392117733
 30
0.0
 10
6.633814413952
 20
91.495834644248
 30
0.0
 10
6.153792838806
 20
90.663797247328
 30
0.0
 10
5.67377126366
 20
89.831759850409
 30
0.0
 10
5.193749688514
 20
88.99972245349
 30
0.0
 10
5.015244656932
 20
88.690313732081
 30
0.0
 10
5.015336257661
 20
88.30918412783
 30
0.0
 10
5.193989995261
 20
87.999861245997
 30
0.0
 10
5.372643732861
 20
87.690538364165
 30
0.0
 10
5.702726927538
 20
87.5
 30
0.0
 10
6.059935274563
 20
87.5
 30
0.0
 10
7.019978424854
 20
87.5
 30
0.0
 10
7.980021575146
 20
87.5
 30
0.0
 10
8.940064725437
 20
87.5
 30
0.0
 10
9.297273072462
 20
87.5
 30
0.0
 10
9.627356267139
 20
87.690538364165
 30
0.0
 10
9.806010004739
 20
87.999861245998
 30
0.0
 10
9.984663742339
 20
88.30918412783
 30
0.0
 10
9.984755343068
 20
88.690313732081
 30
0.0
 10
9.806250311486
 20
88.99972245349
 30
0.0
 10
9.32622873634
 20
89.831759850409
 30
0.0
 10
8.846207161194
 20
90.663797247328
 30
0.0
 10
8.366185586049
 20
91.495834644248
 30
0.0
  0
SPLINE
  5
13b
100
AcDbEntity
  8
Default
100
AcDbSpline
 70
     9
 71
     3
 72
    32
 73
    28
 74
     0
 42
0.0000001
 43
0.0000001
 40
0.0
 40
0.0
 40
0.0
 40
0.0
 40
1.0
 40
1.0
 40
1.0
 40
2.0
 40
2.0
 40
2.0
 40
3.149357372685
 40
3.149357372685
 40
3.149357372685
 40
4.149357372685
 40
4.149357372685
 40
4.149357372685
 40
5.149357372685
 40
5.149357372685
 40
5.149357372685
 40
6.298076745113
 40
6.298076745113
 40
6.298076745113
 40
7.298076745113
 40
7.298076745113
 40
7.298076745113
 40
8.298076745113
 40
8.298076745113
 40
8.298076745113
 40
9.447434117798
 40
9.447434117798
 40
9.447434117798
 40
9.447434117798
 10
22.933092793024
 20
53.754581983817
 30
0.0
 10
22.843797367981
 20
53.599803247075
 30
0.0
 10
22.678690039681
 20
53.504443210562
 30
0.0
 10
22.5
 20
53.504443210562
 30
0.0
 10
22.321309960319
 20
53.504443210562
 30
0.0
 10
22.156202632019
 20
53.599803247075
 30
0.0
 10
22.066907206976
 20
53.754581983817
 30
0.0
 10
21.875453978238
 20
54.086434246963
 30
0.0
 10
21.6840007495
 20
54.418286510109
 30
0.0
 10
21.492547520761
 20
54.750138773255
 30
0.0
 10
21.403295004971
 20
54.90484313396
 30
0.0
 10
21.403340805335
 20
55.095407936085
 30
0.0
 10
21.492667674135
 20
55.250069377001
 30
0.0
 10
21.581994542935
 20
55.404730817918
 30
0.0
 10
21.747036140274
 20
55.5
 30
0.0
 10
21.925640313786
 20
55.5
 30
0.0
 10
22.308546771262
 20
55.5
 30
0.0
 10
22.691453228738
 20
55.5
 30
0.0
 10
23.074359686214
 20
55.5
 30
0.0
 10
23.252963859726
 20
55.5
 30
0.0
 10
23.418005457065
 20
55.404730817918
 30
0.0
 10
23.507332325865
 20
55.250069377001
 30
0.0
 10
23.596659194665
 20
55.095407936085
 30
0.0
 10
23.596704995029
 20
54.90484313396
 30
0.0
 10
23.507452479239
 20
54.750138773255
 30
0.0
 10
23.3159992505
 20
54.418286510109
 30
0.0
 10
23.124546021762
 20
54.086434246963
 30
0.0
 10
22.933092793024
 20
53.754581983817
 30
0.0
  0
SPLINE
  5
13c
100
AcDbEntity
  8
Default
100
AcDbSpline
 70
     9
 71
     3
 72
    32
 73
    28
 74
     0
 42
0.0000001
 43
0.0000001
 40
0.0
 40
0.0
 40
0.0
 40
0.0
 40
1.0
 40
1.0
 40
1.0
 40
2.0
 40
2.0
 40
2.0
 40
6.614100784464
 40
6.614100784464
 40
6.614100784464
 40
7.614100784464
 40
7.614100784464
 40
7.614100784464
 40
8.614100784464
 40
8.614100784464
 40
8.614100784464
 40
13.225640313786
 40
13.225640313786
 40
13.225640313786
 40
14.225640313786
 40
14.225640313786
 40
14.225640313786
 40
15.225640313786
 40
15.225640313786
 40
15.225640313786
 40
19.83974109825
 40
19.83974109825
 40
19.83974109825
 40
19.83974109825
 10
30.866185586049
 20
105.496390045568
 30
0.0
 10
30.687594735961
 20
105.805947519053
 30
0.0
 10
30.357380079363
 20
105.996667592078
 30
0.0
 10
30.0
 20
105.996667592078
 30
0.0
 10
29.642619920637
 20
105.996667592078
 30
0.0
 10
29.312405264039
 20
105.805947519053
 30
0.0
 10
29.133814413951
 20
105.496390045568
 30
0.0
 10
28.365224492398
 20
104.164167514875
 30
0.0
 10
27.596634570844
 20
102.831944984182
 30
0.0
 10
26.828044649291
 20
101.49972245349
 30
0.0
 10
26.649539617709
 20
101.190313732081
 30
0.0
 10
26.649631218438
 20
100.80918412783
 30
0.0
 10
26.828284956038
 20
100.499861245997
 30
0.0
 10
27.006938693638
 20
100.190538364165
 30
0.0
 10
27.337021888315
 20
100.0
 30
0.0
 10
27.694230235339
 20
100.0
 30
0.0
 10
29.231410078446
 20
100.0
 30
0.0
 10
30.768589921554
 20
100.0
 30
0.0
 10
32.305769764661
 20
100.0
 30
0.0
 10
32.662978111685
 20
100.0
 30
0.0
 10
32.993061306362
 20
100.190538364165
 30
0.0
 10
33.171715043962
 20
100.499861245997
 30
0.0
 10
33.350368781562
 20
100.80918412783
 30
0.0
 10
33.350460382291
 20
101.190313732081
 30
0.0
 10
33.171955350709
 20
101.499722453489
 30
0.0
 10
32.403365429156
 20
102.831944984182
 30
0.0
 10
31.634775507602
 20
104.164167514875
 30
0.0
 10
30.866185586049
 20
105.496390045568
 30
0.0
  0
SPLINE
  5
13d
100
AcDbEntity
  8
Default
100
AcDbSpline
 70
     9
 71
     3
 72
    32
 73
    28
 74
     0
 42
0.0000001
 43
0.0000001
 40
0.0
 40
0.0
 40
0.0
 40
0.0
 40
1.0
 40
1.0
 40
1.0
 40
2.0
 40
2.0
 40
2.0
 40
11.805769764661
 40
11.805769764661
 40
11.805769764661
 40
12.805769764661
 40
12.805769764661
 40
12.805769764661
 40
13.805769764661
 40
13.805769764661
 40
13.805769764661
 40
23.616985666794
 40
23.616985666794
 40
23.616985666794
 40
24.616985666794
 40
24.616985666794
 40
24.616985666794
 40
25.616985666794
 40
25.616985666794
 40
25.616985666794
 40
35.428201568928
 40
35.428201568928
 40
35.428201568928
 40
35.428201568928
 10
23.797836738597
 20
147.750416319766
 30
0.0
 10
23.530079191224
 20
148.214529401879
 30
0.0
 10
23.530216592317
 20
148.786223808255
 30
0.0
 10
23.798197198717
 20
149.250208131004
 30
0.0
 10
24.066177805117
 20
149.714192453753
 30
0.0
 10
24.561302597133
 20
150.0
 30
0.0
 10
25.09711511767
 20
150.0
 30
0.0
 10
28.365705039223
 20
150.0
 30
0.0
 10
31.634294960777
 20
150.0
 30
0.0
 10
34.90288488233
 20
150.0
 30
0.0
 10
35.438697402867
 20
150.0
 30
0.0
 10
35.933822194883
 20
149.714192453752
 30
0.0
 10
36.201802801283
 20
149.250208131003
 30
0.0
 10
36.469783407683
 20
148.786223808254
 30
0.0
 10
36.469920808776
 20
148.214529401878
 30
0.0
 10
36.202163261404
 20
147.750416319765
 30
0.0
 10
34.567868300626
 20
144.917638387753
 30
0.0
 10
32.93357333985
 20
142.08486045574
 30
0.0
 10
31.299278379073
 20
139.252082523726
 30
0.0
 10
31.031392103942
 20
138.787746313499
 30
0.0
 10
30.536070119044
 20
138.501666203961
 30
0.0
 10
30.0
 20
138.501666203961
 30
0.0
 10
29.463929880956
 20
138.501666203961
 30
0.0
 10
28.968607896058
 20
138.787746313499
 30
0.0
 10
28.700721620927
 20
139.252082523726
 30
0.0
 10
27.06642666015
 20
142.08486045574
 30
0.0
 10
25.432131699374
 20
144.917638387753
 30
0.0
 10
23.797836738597
 20
147.750416319766
 30
0.0
  0
SPLINE
  5
13e
100
AcDbEntity
  8
Default
100
AcDbSpline
 70
     9
 71
     3
 72
    32
 73
    28
 74
     0
 42
0.0000001
 43
0.0000001
 40
0.0
 40
0.0
 40
0.0
 40
0.0
 40
1.0
 40
1.0
 40
1.0
 40
2.0
 40
2.0
 40
2.0
 40
3.149357372685
 40
3.149357372685
 40
3.149357372685
 40
4.149357372685
 40
4.149357372685
 40
4.149357372685
 40
5.149357372685
 40
5.149357372685
 40
5.149357372685
 40
6.298076745113
 40
6.298076745113
 40
6.298076745113
 40
7.298076745113
 40
7.298076745113
 40
7.298076745113
 40
8.298076745113
 40
8.298076745113
 40
8.298076745113
 40
9.447434117798
 40
9.447434117798
 40
9.447434117798
 40
9.447434117798
 10
37.933092793024
 20
53.754581983817
 30
0.0
 10
37.843797367981
 20
53.599803247075
 30
0.0
 10
37.678690039681
 20
53.504443210562
 30
0.0
 10
37.5
 20
53.504443210562
 30
0.0
 10
37.321309960319
 20
53.504443210562
 30
0.0
 10
37.156202632019
 20
53.599803247075
 30
0.0
 10
37.066907206976
 20
53.754581983817
 30
0.0
 10
36.875453978238
 20
54.086434246963
 30
0.0
 10
36.6840007495
 20
54.418286510109
 30
0.0
 10
36.492547520761
 20
54.750138773255
 30
0.0
 10
36.403295004971
 20
54.90484313396
 30
0.0
 10
36.403340805335
 20
55.095407936085
 30
0.0
 10
36.492667674135
 20
55.250069377001
 30
0.0
 10
36.581994542935
 20
55.404730817918
 30
0.0
 10
36.747036140274
 20
55.5
 30
0.0
 10
36.925640313786
 20
55.5
 30
0.0
 10
37.308546771262
 20
55.5
 30
0.0
 10
37.691453228738
 20
55.5
 30
0.0
 10
38.074359686214
 20
55.5
 30
0.0
 10
38.252963859726
 20
55.5
 30
0.0
 10
38.418005457065
 20
55.404730817918
 30
0.0
 10
38.507332325865
 20
55.250069377001
 30
0.0
 10
38.596659194665
 20
55.095407936085
 30
0.0
 10
38.596704995029
 20
54.90484313396
 30
0.0
 10
38.507452479239
 20
54.750138773255
 30
0.0
 10
38.3159992505
 20
54.418286510109
 30
0.0
 10
38.124546021762
 20
54.086434246963
 30
0.0
 10
37.933092793024
 20
53.754581983817
 30
0.0
  0
SPLINE
  5
13f
100
AcDbEntity
  8
Default
100
AcDbSpline
 70
     9
 71
     3
 72
    32
 73
    28
 74
     0
 42
0.0000001
 43
0.0000001
 40
0.0
 40
0.0
 40
0.0
 40
0.0
 40
1.0
 40
1.0
 40
1.0
 40
2.0
 40
2.0
 40
2.0
 40
4.881729078574
 40
4.881729078574
 40
4.881729078574
 40
5.881729078574
 40
5.881729078574
 40
5.881729078574
 40
6.881729078574
 40
6.881729078574
 40
6.881729078574
 40
9.761858529449
 40
9.761858529449
 40
9.761858529449
 40
10.761858529449
 40
10.761858529449
 40
10.761858529449
 40
11.761858529449
 40
11.761858529449
 40
11.761858529449
 40
14.643587608024
 40
14.643587608024
 40
14.643587608024
 40
14.643587608024
 10
45.433092793024
 20
78.245973417503
 30
0.0
 10
45.343797367981
 20
78.400752154245
 30
0.0
 10
45.178690039681
 20
78.496112190758
 30
0.0
 10
45.0
 20
78.496112190758
 30
0.0
 10
44.821309960319
 20
78.496112190758
 30
0.0
 10
44.656202632019
 20
78.400752154245
 30
0.0
 10
44.566907206976
 20
78.245973417503
 30
0.0
 10
44.08688563183
 20
77.413936020584
 30
0.0
 10
43.606864056684
 20
76.581898623664
 30
0.0
 10
43.126842481538
 20
75.749861226745
 30
0.0
 10
43.037589965747
 20
75.59515686604
 30
0.0
 10
43.037635766112
 20
75.404592063915
 30
0.0
 10
43.126962634912
 20
75.249930622999
 30
0.0
 10
43.216289503712
 20
75.095269182082
 30
0.0
 10
43.38133110105
 20
75.0
 30
0.0
 10
43.559935274563
 20
75.0
 30
0.0
 10
44.519978424854
 20
75.0
 30
0.0
 10
45.480021575146
 20
75.0
 30
0.0
 10
46.440064725437
 20
75.0
 30
0.0
 10
46.61866889895
 20
75.0
 30
0.0
 10
46.783710496288
 20
75.095269182082
 30
0.0
 10
46.873037365088
 20
75.249930622999
 30
0.0
 10
46.962364233888
 20
75.404592063915
 30
0.0
 10
46.962410034253
 20
75.59515686604
 30
0.0
 10
46.873157518462
 20
75.749861226745
 30
0.0
 10
46.393135943316
 20
76.581898623664
 30
0.0
 10
45.91311436817
 20
77.413936020584
 30
0.0
 10
45.433092793024
 20
78.245973417503
 30
0.0
  0
SPLINE
  5
140
100
AcDbEntity
  8
Default
100
AcDbSpline
 70
     9
 71
     3
 72
    32
 73
    28
 74
     0
 42
0.0000001
 43
0.0000001
 40
0.0
 40
0.0
 40
0.0
 40
0.0
 40
1.0
 40
1.0
 40
1.0
 40
2.0
 40
2.0
 40
2.0
 40
3.149357372685
 40
3.149357372685
 40
3.149357372685
 40
4.149357372685
 40
4.149357372685
 40
4.149357372685
 40
5.149357372685
 40
5.149357372685
 40
5.149357372685
 40
6.298076745113
 40
6.298076745113
 40
6.298076745113
 40
7.298076745113
 40
7.298076745113
 40
7.298076745113
 40
8.298076745113
 40
8.298076745113
 40
8.298076745113
 40
9.447434117798
 40
9.447434117798
 40
9.447434117798
 40
9.447434117798
 10
52.933092793024
 20
64.245418016183
 30
0.0
 10
52.843797367981
 20
64.400196752925
 30
0.0
 10
52.678690039681
 20
64.495556789438
 30
0.0
 10
52.5
 20
64.495556789438
 30
0.0
 10
52.321309960319
 20
64.495556789438
 30
0.0
 10
52.156202632019
 20
64.400196752925
 30
0.0
 10
52.066907206976
 20
64.245418016183
 30
0.0
 10
51.875453978238
 20
63.913565753037
 30
0.0
 10
51.6840007495
 20
63.581713489891
 30
0.0
 10
51.492547520761
 20
63.249861226745
 30
0.0
 10
51.40329500497
 20
63.09515686604
 30
0.0
 10
51.403340805335
 20
62.904592063915
 30
0.0
 10
51.492667674135
 20
62.749930622999
 30
0.0
 10
51.581994542935
 20
62.595269182082
 30
0.0
 10
51.747036140274
 20
62.5
 30
0.0
 10
51.925640313786
 20
62.5
 30
0.0
 10
52.308546771262
 20
62.5
 30
0.0
 10
52.691453228738
 20
62.5
 30
0.0
 10
53.074359686214
 20
62.5
 30
0.0
 10
53.252963859726
 20
62.5
 30
0.0
 10
53.418005457065
 20
62.595269182082
 30
0.0
 10
53.507332325865
 20
62.749930622999
 30
0.0
 10
53.596659194665
 20
62.904592063915
 30
0.0
 10
53.596704995029
 20
63.09515686604
 30
0.0
 10
53.507452479239
 20
63.249861226745
 30
0.0
 10
53.3159992505
 20
63.581713489891
 30
0.0
 10
53.124546021762
 20
63.913565753037
 30
0.0
 10
52.933092793024
 20
64.245418016183
 30
0.0
  0
SPLINE
  5
141
100
AcDbEntity
  8
Default
100
AcDbSpline
 70
     9
 71
     3
 72
    32
 73
    28
 74
     0
 42
0.0000001
 43
0.0000001
 40
0.0
 40
0.0
 40
0.0
 40
0.0
 40
1.0
 40
1.0
 40
1.0
 40
2.0
 40
2.0
 40
2.0
 40
4.881729078574
 40
4.881729078574
 40
4.881729078574
 40
5.881729078574
 40
5.881729078574
 40
5.881729078574
 40
6.881729078574
 40
6.881729078574
 40
6.881729078574
 40
9.761858529449
 40
9.761858529449
 40
9.761858529449
 40
10.761858529449
 40
10.761858529449
 40
10.761858529449
 40
11.761858529449
 40
11.761858529449
 40
11.761858529449
 40
14.643587608024
 40
14.643587608024
 40
14.643587608024
 40
14.643587608024
 10
30.433092793024
 20
78.245973417503
 30
0.0
 10
30.343797367981
 20
78.400752154245
 30
0.0
 10
30.178690039681
 20
78.496112190758
 30
0.0
 10
30.0
 20
78.496112190758
 30
0.0
 10
29.821309960319
 20
78.496112190758
 30
0.0
 10
29.656202632019
 20
78.400752154245
 30
0.0
 10
29.566907206976
 20
78.245973417503
 30
0.0
 10
29.08688563183
 20
77.413936020584
 30
0.0
 10
28.606864056684
 20
76.581898623664
 30
0.0
 10
28.126842481538
 20
75.749861226745
 30
0.0
 10
28.037589965747
 20
75.59515686604
 30
0.0
 10
28.037635766112
 20
75.404592063915
 30
0.0
 10
28.126962634912
 20
75.249930622999
 30
0.0
 10
28.216289503712
 20
75.095269182082
 30
0.0
 10
28.38133110105
 20
75.0
 30
0.0
 10
28.559935274563
 20
75.0
 30
0.0
 10
29.519978424854
 20
75.0
 30
0.0
 10
30.480021575146
 20
75.0
 30
0.0
 10
31.440064725437
 20
75.0
 30
0.0
 10
31.61866889895
 20
75.0
 30
0.0
 10
31.783710496288
 20
75.095269182082
 30
0.0
 10
31.873037365088
 20
75.249930622999
 30
0.0
 10
31.962364233888
 20
75.404592063915
 30
0.0
 10
31.962410034253
 20
75.59515686604
 30
0.0
 10
31.873157518462
 20
75.749861226745
 30
0.0
 10
31.393135943316
 20
76.581898623664
 30
0.0
 10
30.91311436817
 20
77.413936020584
 30
0.0
 10
30.433092793024
 20
78.245973417503
 30
0.0
  0
SPLINE
  5
142
100
AcDbEntity
  8
Default
100
AcDbSpline
 70
     9
 71
     3
 72
    32
 73
    28
 74
     0
 42
0.0000001
 43
0.0000001
 40
0.0
 40
0.0
 40
0.0
 40
0.0
 40
1.0
 40
1.0
 40
1.0
 40
2.0
 40
2.0
 40
2.0
 40
4.881729078574
 40
4.881729078574
 40
4.881729078574
 40
5.881729078574
 40
5.881729078574
 40
5.881729078574
 40
6.881729078574
 40
6.881729078574
 40
6.881729078574
 40
9.761858529449
 40
9.761858529449
 40
9.761858529449
 40
10.761858529449
 40
10.761858529449
 40
10.761858529449
 40
11.761858529449
 40
11.761858529449
 40
11.761858529449
 40
14.643587608024
 40
14.643587608024
 40
14.643587608024
 40
14.643587608024
 10
15.433092793024
 20
65.754026582497
 30
0.0
 10
15.343797367981
 20
65.599247845755
 30
0.0
 10
15.178690039681
 20
65.503887809242
 30
0.0
 10
15.0
 20
65.503887809242
 30
0.0
 10
14.821309960319
 20
65.503887809242
 30
0.0
 10
14.656202632019
 20
65.599247845755
 30
0.0
 10
14.566907206976
 20
65.754026582497
 30
0.0
 10
14.08688563183
 20
66.586063979416
 30
0.0
 10
13.606864056684
 20
67.418101376336
 30
0.0
 10
13.126842481538
 20
68.250138773255
 30
0.0
 10
13.037589965747
 20
68.40484313396
 30
0.0
 10
13.037635766112
 20
68.595407936085
 30
0.0
 10
13.126962634912
 20
68.750069377001
 30
0.0
 10
13.216289503712
 20
68.904730817918
 30
0.0
 10
13.38133110105
 20
69.0
 30
0.0
 10
13.559935274563
 20
69.0
 30
0.0
 10
14.519978424854
 20
69.0
 30
0.0
 10
15.480021575146
 20
69.0
 30
0.0
 10
16.440064725437
 20
69.0
 30
0.0
 10
16.61866889895
 20
69.0
 30
0.0
 10
16.783710496288
 20
68.904730817918
 30
0.0
 10
16.873037365088
 20
68.750069377001
 30
0.0
 10
16.962364233888
 20
68.595407936085
 30
0.0
 10
16.962410034253
 20
68.404843133959
 30
0.0
 10
16.873157518462
 20
68.250138773255
 30
0.0
 10
16.393135943316
 20
67.418101376336
 30
0.0
 10
15.91311436817
 20
66.586063979416
 30
0.0
 10
15.433092793024
 20
65.754026582497
 30
0.0
  0
SPLINE
  5
143
100
AcDbEntity
  8
Default
100
AcDbSpline
 70
     9
 71
     3
 72
    32
 73
    28
 74
     0
 42
0.0000001
 43
0.0000001
 40
0.0
 40
0.0
 40
0.0
 40
0.0
 40
1.0
 40
1.0
 40
1.0
 40
2.0
 40
2.0
 40
2.0
 40
4.881729078574
 40
4.881729078574
 40
4.881729078574
 40
5.881729078574
 40
5.881729078574
 40
5.881729078574
 40
6.881729078574
 40
6.881729078574
 40
6.881729078574
 40
9.761858529449
 40
9.761858529449
 40
9.761858529449
 40
10.761858529449
 40
10.761858529449
 40
10.761858529449
 40
11.761858529449
 40
11.761858529449
 40
11.761858529449
 40
14.643587608024
 40
14.643587608024
 40
14.643587608024
 40
14.643587608024
 10
30.433092793024
 20
65.754026582497
 30
0.0
 10
30.343797367981
 20
65.599247845755
 30
0.0
 10
30.178690039681
 20
65.503887809242
 30
0.0
 10
30.0
 20
65.503887809242
 30
0.0
 10
29.821309960319
 20
65.503887809242
 30
0.0
 10
29.656202632019
 20
65.599247845755
 30
0.0
 10
29.566907206976
 20
65.754026582497
 30
0.0
 10
29.08688563183
 20
66.586063979416
 30
0.0
 10
28.606864056684
 20
67.418101376336
 30
0.0
 10
28.126842481538
 20
68.250138773255
 30
0.0
 10
28.037589965747
 20
68.40484313396
 30
0.0
 10
28.037635766112
 20
68.595407936085
 30
0.0
 10
28.126962634912
 20
68.750069377001
 30
0.0
 10
28.216289503712
 20
68.904730817918
 30
0.0
 10
28.38133110105
 20
69.0
 30
0.0
 10
28.559935274563
 20
69.0
 30
0.0
 10
29.519978424854
 20
69.0
 30
0.0
 10
30.480021575146
 20
69.0
 30
0.0
 10
31.440064725437
 20
69.0
 30
0.0
 10
31.61866889895
 20
69.0
 30
0.0
 10
31.783710496288
 20
68.904730817918
 30
0.0
 10
31.873037365088
 20
68.750069377001
 30
0.0
 10
31.962364233888
 20
68.595407936085
 30
0.0
 10
31.962410034253
 20
68.404843133959
 30
0.0
 10
31.873157518462
 20
68.250138773255
 30
0.0
 10
31.393135943316
 20
67.418101376336
 30
0.0
 10
30.91311436817
 20
66.586063979416
 30
0.0
 10
30.433092793024
 20
65.754026582497
 30
0.0
  0
SPLINE
  5
144
100
AcDbEntity
  8
Default
100
AcDbSpline
 70
     9
 71
     3
 72
    32
 73
    28
 74
     0
 42
0.0000001
 43
0.0000001
 40
0.0
 40
0.0
 40
0.0
 40
0.0
 40
1.0
 40
1.0
 40
1.0
 40
2.0
 40
2.0
 40
2.0
 40
3.149357372685
 40
3.149357372685
 40
3.149357372685
 40
4.149357372685
 40
4.149357372685
 40
4.149357372685
 40
5.149357372685
 40
5.149357372685
 40
5.149357372685
 40
6.298076745113
 40
6.298076745113
 40
6.298076745113
 40
7.298076745113
 40
7.298076745113
 40
7.298076745113
 40
8.298076745113
 40
8.298076745113
 40
8.298076745113
 40
9.447434117798
 40
9.447434117798
 40
9.447434117798
 40
9.447434117798
 10
37.933092793024
 20
64.245418016183
 30
0.0
 10
37.843797367981
 20
64.400196752925
 30
0.0
 10
37.678690039681
 20
64.495556789438
 30
0.0
 10
37.5
 20
64.495556789438
 30
0.0
 10
37.321309960319
 20
64.495556789438
 30
0.0
 10
37.156202632019
 20
64.400196752925
 30
0.0
 10
37.066907206976
 20
64.245418016183
 30
0.0
 10
36.875453978238
 20
63.913565753037
 30
0.0
 10
36.6840007495
 20
63.581713489891
 30
0.0
 10
36.492547520761
 20
63.249861226745
 30
0.0
 10
36.40329500497
 20
63.09515686604
 30
0.0
 10
36.403340805335
 20
62.904592063915
 30
0.0
 10
36.492667674135
 20
62.749930622999
 30
0.0
 10
36.581994542935
 20
62.595269182082
 30
0.0
 10
36.747036140274
 20
62.5
 30
0.0
 10
36.925640313786
 20
62.5
 30
0.0
 10
37.308546771262
 20
62.5
 30
0.0
 10
37.691453228738
 20
62.5
 30
0.0
 10
38.074359686214
 20
62.5
 30
0.0
 10
38.252963859726
 20
62.5
 30
0.0
 10
38.418005457065
 20
62.595269182082
 30
0.0
 10
38.507332325865
 20
62.749930622999
 30
0.0
 10
38.596659194665
 20
62.904592063915
 30
0.0
 10
38.596704995029
 20
63.09515686604
 30
0.0
 10
38.507452479239
 20
63.249861226745
 30
0.0
 10
38.3159992505
 20
63.581713489891
 30
0.0
 10
38.124546021762
 20
63.913565753037
 30
0.0
 10
37.933092793024
 20
64.245418016183
 30
0.0
  0
SPLINE
  5
145
100
AcDbEntity
  8
Default
100
AcDbSpline
 70
     9
 71
     3
 72
    32
 73
    28
 74
     0
 42
0.0000001
 43
0.0000001
 40
0.0
 40
0.0
 40
0.0
 40
0.0
 40
1.0
 40
1.0
 40
1.0
 40
2.0
 40
2.0
 40
2.0
 40
4.881729078574
 40
4.881729078574
 40
4.881729078574
 40
5.881729078574
 40
5.881729078574
 40
5.881729078574
 40
6.881729078574
 40
6.881729078574
 40
6.881729078574
 40
9.761858529449
 40
9.761858529449
 40
9.761858529449
 40
10.761858529449
 40
10.761858529449
 40
10.761858529449
 40
11.761858529449
 40
11.761858529449
 40
11.761858529449
 40
14.643587608024
 40
14.643587608024
 40
14.643587608024
 40
14.643587608024
 10
38.366185586049
 20
91.495834644248
 30
0.0
 10
38.187594735961
 20
91.805392117733
 30
0.0
 10
37.857380079363
 20
91.996112190758
 30
0.0
 10
37.5
 20
91.996112190758
 30
0.0
 10
37.142619920637
 20
91.996112190758
 30
0.0
 10
36.812405264039
 20
91.805392117733
 30
0.0
 10
36.633814413952
 20
91.495834644248
 30
0.0
 10
36.153792838806
 20
90.663797247328
 30
0.0
 10
35.67377126366
 20
89.831759850409
 30
0.0
 10
35.193749688514
 20
88.99972245349
 30
0.0
 10
35.015244656932
 20
88.690313732081
 30
0.0
 10
35.015336257661
 20
88.30918412783
 30
0.0
 10
35.193989995261
 20
87.999861245997
 30
0.0
 10
35.372643732861
 20
87.690538364165
 30
0.0
 10
35.702726927538
 20
87.5
 30
0.0
 10
36.059935274563
 20
87.5
 30
0.0
 10
37.019978424854
 20
87.5
 30
0.0
 10
37.980021575146
 20
87.5
 30
0.0
 10
38.940064725437
 20
87.5
 30
0.0
 10
39.297273072462
 20
87.5
 30
0.0
 10
39.627356267139
 20
87.690538364165
 30
0.0
 10
39.806010004739
 20
87.999861245998
 30
0.0
 10
39.984663742339
 20
88.30918412783
 30
0.0
 10
39.984755343068
 20
88.690313732081
 30
0.0
 10
39.806250311486
 20
88.99972245349
 30
0.0
 10
39.32622873634
 20
89.831759850409
 30
0.0
 10
38.846207161194
 20
90.663797247328
 30
0.0
 10
38.366185586049
 20
91.495834644248
 30
0.0
  0
SPLINE
  5
146
100
AcDbEntity
  8
Default
100
AcDbSpline
 70
     9
 71
     3
 72
    32
 73
    28
 74
     0
 42
0.0000001
 43
0.0000001
 40
0.0
 40
0.0
 40
0.0
 40
0.0
 40
1.0
 40
1.0
 40
1.0
 40
2.0
 40
2.0
 40
2.0
 40
6.614100784464
 40
6.614100784464
 40
6.614100784464
 40
7.614100784464
 40
7.614100784464
 40
7.614100784464
 40
8.614100784464
 40
8.614100784464
 40
8.614100784464
 40
13.225640313786
 40
13.225640313786
 40
13.225640313786
 40
14.225640313786
 40
14.225640313786
 40
14.225640313786
 40
15.225640313786
 40
15.225640313786
 40
15.225640313786
 40
19.83974109825
 40
19.83974109825
 40
19.83974109825
 40
19.83974109825
 10
30.866185586049
 20
90.503609954432
 30
0.0
 10
30.687594735961
 20
90.194052480947
 30
0.0
 10
30.357380079363
 20
90.003332407922
 30
0.0
 10
30.0
 20
90.003332407922
 30
0.0
 10
29.642619920637
 20
90.003332407922
 30
0.0
 10
29.312405264039
 20
90.194052480947
 30
0.0
 10
29.133814413951
 20
90.503609954432
 30
0.0
 10
28.365224492398
 20
91.835832485125
 30
0.0
 10
27.596634570844
 20
93.168055015818
 30
0.0
 10
26.828044649291
 20
94.50027754651
 30
0.0
 10
26.649539617709
 20
94.809686267919
 30
0.0
 10
26.649631218438
 20
95.19081587217
 30
0.0
 10
26.828284956038
 20
95.500138754003
 30
0.0
 10
27.006938693638
 20
95.809461635835
 30
0.0
 10
27.337021888315
 20
96.0
 30
0.0
 10
27.694230235339
 20
96.0
 30
0.0
 10
29.231410078446
 20
96.0
 30
0.0
 10
30.768589921554
 20
96.0
 30
0.0
 10
32.305769764661
 20
96.0
 30
0.0
 10
32.662978111685
 20
96.0
 30
0.0
 10
32.993061306362
 20
95.809461635835
 30
0.0
 10
33.171715043962
 20
95.500138754002
 30
0.0
 10
33.350368781562
 20
95.19081587217
 30
0.0
 10
33.350460382291
 20
94.809686267919
 30
0.0
 10
33.171955350709
 20
94.50027754651
 30
0.0
 10
32.403365429156
 20
93.168055015818
 30
0.0
 10
31.634775507602
 20
91.835832485125
 30
0.0
 10
30.866185586049
 20
90.503609954432
 30
0.0
  0
SPLINE
  5
147
100
AcDbEntity
  8
Default
100
AcDbSpline
 70
     9
 71
     3
 72
    32
 73
    28
 74
     0
 42
0.0000001
 43
0.0000001
 40
0.0
 40
0.0
 40
0.0
 40
0.0
 40
1.0
 40
1.0
 40
1.0
 40
2.0
 40
2.0
 40
2.0
 40
8.346472490354
 40
8.346472490354
 40
8.346472490354
 40
9.346472490354
 40
9.346472490354
 40
9.346472490354
 40
10.346472490354
 40
10.346472490354
 40
10.346472490354
 40
16.689422098122
 40
16.689422098122
 40
16.689422098122
 40
17.689422098122
 40
17.689422098122
 40
17.689422098122
 40
18.689422098122
 40
18.689422098122
 40
18.689422098122
 40
25.035894588476
 40
25.035894588476
 40
25.035894588476
 40
25.035894588476
 10
31.299278379073
 20
115.253193326367
 30
0.0
 10
31.031392103942
 20
114.788857116139
 30
0.0
 10
30.536070119044
 20
114.502777006601
 30
0.0
 10
30.0
 20
114.502777006601
 30
0.0
 10
29.463929880956
 20
114.502777006601
 30
0.0
 10
28.968607896058
 20
114.78885711614
 30
0.0
 10
28.700721620927
 20
115.253193326367
 30
0.0
 10
27.643563352966
 20
117.085600990833
 30
0.0
 10
26.586405085004
 20
118.918008655299
 30
0.0
 10
25.529246817043
 20
120.750416319766
 30
0.0
 10
25.26148926967
 20
121.214529401879
 30
0.0
 10
25.261626670764
 20
121.786223808255
 30
0.0
 10
25.529607277164
 20
122.250208131004
 30
0.0
 10
25.797587883564
 20
122.714192453753
 30
0.0
 10
26.29271267558
 20
123.0
 30
0.0
 10
26.828525196116
 20
123.0
 30
0.0
 10
28.942841732039
 20
123.0
 30
0.0
 10
31.057158267961
 20
123.0
 30
0.0
 10
33.171474803884
 20
123.0
 30
0.0
 10
33.70728732442
 20
123.0
 30
0.0
 10
34.202412116436
 20
122.714192453753
 30
0.0
 10
34.470392722836
 20
122.250208131004
 30
0.0
 10
34.738373329236
 20
121.786223808255
 30
0.0
 10
34.73851073033
 20
121.214529401879
 30
0.0
 10
34.470753182957
 20
120.750416319766
 30
0.0
 10
33.413594914996
 20
118.918008655299
 30
0.0
 10
32.356436647034
 20
117.085600990833
 30
0.0
 10
31.299278379073
 20
115.253193326367
 30
0.0
  0
SPLINE
  5
148
100
AcDbEntity
  8
Default
100
AcDbSpline
 70
     9
 71
     3
 72
    32
 73
    28
 74
     0
 42
0.0000001
 43
0.0000001
 40
0.0
 40
0.0
 40
0.0
 40
0.0
 40
1.0
 40
1.0
 40
1.0
 40
2.0
 40
2.0
 40
2.0
 40
10.078844196244
 40
10.078844196244
 40
10.078844196244
 40
11.078844196244
 40
11.078844196244
 40
11.078844196244
 40
12.078844196244
 40
12.078844196244
 40
12.078844196244
 40
20.153203882458
 40
20.153203882458
 40
20.153203882458
 40
21.153203882458
 40
21.153203882458
 40
21.153203882458
 40
22.153203882458
 40
22.153203882458
 40
22.153203882458
 40
30.232048078702
 40
30.232048078702
 40
30.232048078702
 40
30.232048078702
 10
38.799278379073
 20
127.252637925047
 30
0.0
 10
38.531392103942
 20
126.788301714819
 30
0.0
 10
38.036070119044
 20
126.502221605281
 30
0.0
 10
37.5
 20
126.502221605281
 30
0.0
 10
36.963929880956
 20
126.502221605281
 30
0.0
 10
36.468607896058
 20
126.788301714819
 30
0.0
 10
36.200721620927
 20
127.252637925047
 30
0.0
 10
34.854995006558
 20
129.585230723286
 30
0.0
 10
33.509268392189
 20
131.917823521526
 30
0.0
 10
32.16354177782
 20
134.250416319766
 30
0.0
 10
31.895784230447
 20
134.714529401879
 30
0.0
 10
31.89592163154
 20
135.286223808255
 30
0.0
 10
32.16390223794
 20
135.750208131004
 30
0.0
 10
32.43188284434
 20
136.214192453753
 30
0.0
 10
32.927007636357
 20
136.5
 30
0.0
 10
33.462820156893
 20
136.5
 30
0.0
 10
36.154273385631
 20
136.5
 30
0.0
 10
38.845726614369
 20
136.5
 30
0.0
 10
41.537179843107
 20
136.5
 30
0.0
 10
42.072992363643
 20
136.5
 30
0.0
 10
42.56811715566
 20
136.214192453753
 30
0.0
 10
42.83609776206
 20
135.750208131004
 30
0.0
 10
43.10407836846
 20
135.286223808255
 30
0.0
 10
43.104215769553
 20
134.714529401879
 30
0.0
 10
42.83645822218
 20
134.250416319766
 30
0.0
 10
41.490731607811
 20
131.917823521526
 30
0.0
 10
40.145004993442
 20
129.585230723286
 30
0.0
 10
38.799278379073
 20
127.252637925047
 30
0.0
  0
SPLINE
  5
149
100
AcDbEntity
  8
Default
100
AcDbSpline
 70
     9
 71
     3
 72
    32
 73
    28
 74
     0
 42
0.0000001
 43
0.0000001
 40
0.0
 40
0.0
 40
0.0
 40
0.0
 40
1.0
 40
1.0
 40
1.0
 40
2.0
 40
2.0
 40
2.0
 40
8.346472490354
 40
8.346472490354
 40
8.346472490354
 40
9.346472490354
 40
9.346472490354
 40
9.346472490354
 40
10.346472490354
 40
10.346472490354
 40
10.346472490354
 40
16.689422098122
 40
16.689422098122
 40
16.689422098122
 40
17.689422098122
 40
17.689422098122
 40
17.689422098122
 40
18.689422098122
 40
18.689422098122
 40
18.689422098122
 40
25.035894588476
 40
25.035894588476
 40
25.035894588476
 40
25.035894588476
 10
53.366185586049
 20
102.503054553112
 30
0.0
 10
53.187594735961
 20
102.193497079627
 30
0.0
 10
52.857380079363
 20
102.002777006601
 30
0.0
 10
52.5
 20
102.002777006601
 30
0.0
 10
52.142619920637
 20
102.002777006601
 30
0.0
 10
51.812405264039
 20
102.193497079627
 30
0.0
 10
51.633814413951
 20
102.503054553112
 30
0.0
 10
50.57665614599
 20
104.335462217578
 30
0.0
 10
49.519497878029
 20
106.167869882044
 30
0.0
 10
48.462339610067
 20
108.000277546511
 30
0.0
 10
48.283834578486
 20
108.309686267919
 30
0.0
 10
48.283926179214
 20
108.69081587217
 30
0.0
 10
48.462579916814
 20
109.000138754003
 30
0.0
 10
48.641233654414
 20
109.309461635835
 30
0.0
 10
48.971316849092
 20
109.5
 30
0.0
 10
49.328525196116
 20
109.5
 30
0.0
 10
51.442841732039
 20
109.5
 30
0.0
 10
53.557158267961
 20
109.5
 30
0.0
 10
55.671474803884
 20
109.5
 30
0.0
 10
56.028683150908
 20
109.5
 30
0.0
 10
56.358766345586
 20
109.309461635835
 30
0.0
 10
56.537420083186
 20
109.000138754002
 30
0.0
 10
56.716073820786
 20
108.69081587217
 30
0.0
 10
56.716165421515
 20
108.309686267919
 30
0.0
 10
56.537660389933
 20
108.00027754651
 30
0.0
 10
55.480502121971
 20
106.167869882044
 30
0.0
 10
54.42334385401
 20
104.335462217578
 30
0.0
 10
53.366185586049
 20
102.503054553112
 30
0.0
  0
SPLINE
  5
14a
100
AcDbEntity
  8
Default
100
AcDbSpline
 70
     9
 71
     3
 72
    32
 73
    28
 74
     0
 42
0.0000001
 43
0.0000001
 40
0.0
 40
0.0
 40
0.0
 40
0.0
 40
1.0
 40
1.0
 40
1.0
 40
2.0
 40
2.0
 40
2.0
 40
8.346472490354
 40
8.346472490354
 40
8.346472490354
 40
9.346472490354
 40
9.346472490354
 40
9.346472490354
 40
10.346472490354
 40
10.346472490354
 40
10.346472490354
 40
16.689422098122
 40
16.689422098122
 40
16.689422098122
 40
17.689422098122
 40
17.689422098122
 40
17.689422098122
 40
18.689422098122
 40
18.689422098122
 40
18.689422098122
 40
25.035894588476
 40
25.035894588476
 40
25.035894588476
 40
25.035894588476
 10
38.366185586049
 20
102.503054553112
 30
0.0
 10
38.187594735961
 20
102.193497079627
 30
0.0
 10
37.857380079363
 20
102.002777006601
 30
0.0
 10
37.5
 20
102.002777006601
 30
0.0
 10
37.142619920637
 20
102.002777006601
 30
0.0
 10
36.812405264039
 20
102.193497079627
 30
0.0
 10
36.633814413951
 20
102.503054553112
 30
0.0
 10
35.57665614599
 20
104.335462217578
 30
0.0
 10
34.519497878029
 20
106.167869882044
 30
0.0
 10
33.462339610067
 20
108.000277546511
 30
0.0
 10
33.283834578486
 20
108.309686267919
 30
0.0
 10
33.283926179214
 20
108.69081587217
 30
0.0
 10
33.462579916814
 20
109.000138754003
 30
0.0
 10
33.641233654414
 20
109.309461635835
 30
0.0
 10
33.971316849092
 20
109.5
 30
0.0
 10
34.328525196116
 20
109.5
 30
0.0
 10
36.442841732039
 20
109.5
 30
0.0
 10
38.557158267961
 20
109.5
 30
0.0
 10
40.671474803884
 20
109.5
 30
0.0
 10
41.028683150908
 20
109.5
 30
0.0
 10
41.358766345586
 20
109.309461635835
 30
0.0
 10
41.537420083186
 20
109.000138754002
 30
0.0
 10
41.716073820786
 20
108.69081587217
 30
0.0
 10
41.716165421515
 20
108.309686267919
 30
0.0
 10
41.537660389933
 20
108.00027754651
 30
0.0
 10
40.480502121971
 20
106.167869882044
 30
0.0
 10
39.42334385401
 20
104.335462217578
 30
0.0
 10
38.366185586049
 20
102.503054553112
 30
0.0
  0
SPLINE
  5
14b
100
AcDbEntity
  8
Default
100
AcDbSpline
 70
     9
 71
     3
 72
    32
 73
    28
 74
     0
 42
0.0000001
 43
0.0000001
 40
0.0
 40
0.0
 40
0.0
 40
0.0
 40
1.0
 40
1.0
 40
1.0
 40
2.0
 40
2.0
 40
2.0
 40
11.805769764661
 40
11.805769764661
 40
11.805769764661
 40
12.805769764661
 40
12.805769764661
 40
12.805769764661
 40
13.805769764661
 40
13.805769764661
 40
13.805769764661
 40
23.616985666794
 40
23.616985666794
 40
23.616985666794
 40
24.616985666794
 40
24.616985666794
 40
24.616985666794
 40
25.616985666794
 40
25.616985666794
 40
25.616985666794
 40
35.428201568928
 40
35.428201568928
 40
35.428201568928
 40
35.428201568928
 10
38.797836738597
 20
147.750416319766
 30
0.0
 10
38.530079191224
 20
148.214529401879
 30
0.0
 10
38.530216592317
 20
148.786223808255
 30
0.0
 10
38.798197198717
 20
149.250208131004
 30
0.0
 10
39.066177805117
 20
149.714192453753
 30
0.0
 10
39.561302597133
 20
150.0
 30
0.0
 10
40.09711511767
 20
150.0
 30
0.0
 10
43.365705039223
 20
150.0
 30
0.0
 10
46.634294960777
 20
150.0
 30
0.0
 10
49.90288488233
 20
150.0
 30
0.0
 10
50.438697402867
 20
150.0
 30
0.0
 10
50.933822194883
 20
149.714192453752
 30
0.0
 10
51.201802801283
 20
149.250208131003
 30
0.0
 10
51.469783407683
 20
148.786223808254
 30
0.0
 10
51.469920808776
 20
148.214529401878
 30
0.0
 10
51.202163261404
 20
147.750416319765
 30
0.0
 10
49.567868300626
 20
144.917638387753
 30
0.0
 10
47.93357333985
 20
142.08486045574
 30
0.0
 10
46.299278379073
 20
139.252082523726
 30
0.0
 10
46.031392103942
 20
138.787746313499
 30
0.0
 10
45.536070119044
 20
138.501666203961
 30
0.0
 10
45.0
 20
138.501666203961
 30
0.0
 10
44.463929880956
 20
138.501666203961
 30
0.0
 10
43.968607896058
 20
138.787746313499
 30
0.0
 10
43.700721620927
 20
139.252082523727
 30
0.0
 10
42.06642666015
 20
142.08486045574
 30
0.0
 10
40.432131699374
 20
144.917638387753
 30
0.0
 10
38.797836738597
 20
147.750416319766
 30
0.0
  0
SPLINE
  5
14c
100
AcDbEntity
  8
Default
100
AcDbSpline
 70
     9
 71
     3
 72
    32
 73
    28
 74
     0
 42
0.0000001
 43
0.0000001
 40
0.0
 40
0.0
 40
0.0
 40
0.0
 40
1.0
 40
1.0
 40
1.0
 40
2.0
 40
2.0
 40
2.0
 40
3.149357372685
 40
3.149357372685
 40
3.149357372685
 40
4.149357372685
 40
4.149357372685
 40
4.149357372685
 40
5.149357372685
 40
5.149357372685
 40
5.149357372685
 40
6.298076745113
 40
6.298076745113
 40
6.298076745113
 40
7.298076745113
 40
7.298076745113
 40
7.298076745113
 40
8.298076745113
 40
8.298076745113
 40
8.298076745113
 40
9.447434117798
 40
9.447434117798
 40
9.447434117798
 40
9.447434117798
 10
22.933092793024
 20
64.245418016183
 30
0.0
 10
22.843797367981
 20
64.400196752925
 30
0.0
 10
22.678690039681
 20
64.495556789438
 30
0.0
 10
22.5
 20
64.495556789438
 30
0.0
 10
22.321309960319
 20
64.495556789438
 30
0.0
 10
22.156202632019
 20
64.400196752925
 30
0.0
 10
22.066907206976
 20
64.245418016183
 30
0.0
 10
21.875453978238
 20
63.913565753037
 30
0.0
 10
21.6840007495
 20
63.581713489891
 30
0.0
 10
21.492547520761
 20
63.249861226745
 30
0.0
 10
21.40329500497
 20
63.09515686604
 30
0.0
 10
21.403340805335
 20
62.904592063915
 30
0.0
 10
21.492667674135
 20
62.749930622999
 30
0.0
 10
21.581994542935
 20
62.595269182082
 30
0.0
 10
21.747036140274
 20
62.5
 30
0.0
 10
21.925640313786
 20
62.5
 30
0.0
 10
22.308546771262
 20
62.5
 30
0.0
 10
22.691453228738
 20
62.5
 30
0.0
 10
23.074359686214
 20
62.5
 30
0.0
 10
23.252963859726
 20
62.5
 30
0.0
 10
23.418005457065
 20
62.595269182082
 30
0.0
 10
23.507332325865
 20
62.749930622999
 30
0.0
 10
23.596659194665
 20
62.904592063915
 30
0.0
 10
23.596704995029
 20
63.09515686604
 30
0.0
 10
23.507452479239
 20
63.249861226745
 30
0.0
 10
23.3159992505
 20
63.581713489891
 30
0.0
 10
23.124546021762
 20
63.913565753037
 30
0.0
 10
22.933092793024
 20
64.245418016183
 30
0.0
  0
SPLINE
  5
14d
100
AcDbEntity
  8
Default
100
AcDbSpline
 70
     9
 71
     3
 72
    32
 73
    28
 74
     0
 42
0.0000001
 43
0.0000001
 40
0.0
 40
0.0
 40
0.0
 40
0.0
 40
1.0
 40
1.0
 40
1.0
 40
2.0
 40
2.0
 40
2.0
 40
4.881729078574
 40
4.881729078574
 40
4.881729078574
 40
5.881729078574
 40
5.881729078574
 40
5.881729078574
 40
6.881729078574
 40
6.881729078574
 40
6.881729078574
 40
9.761858529449
 40
9.761858529449
 40
9.761858529449
 40
10.761858529449
 40
10.761858529449
 40
10.761858529449
 40
11.761858529449
 40
11.761858529449
 40
11.761858529449
 40
14.643587608024
 40
14.643587608024
 40
14.643587608024
 40
14.643587608024
 10
38.366185586049
 20
78.504165355752
 30
0.0
 10
38.187594735961
 20
78.194607882267
 30
0.0
 10
37.857380079363
 20
78.003887809242
 30
0.0
 10
37.5
 20
78.003887809242
 30
0.0
 10
37.142619920637
 20
78.003887809242
 30
0.0
 10
36.812405264039
 20
78.194607882267
 30
0.0
 10
36.633814413951
 20
78.504165355752
 30
0.0
 10
36.153792838806
 20
79.336202752672
 30
0.0
 10
35.67377126366
 20
80.168240149591
 30
0.0
 10
35.193749688514
 20
81.00027754651
 30
0.0
 10
35.015244656932
 20
81.309686267919
 30
0.0
 10
35.015336257661
 20
81.69081587217
 30
0.0
 10
35.193989995261
 20
82.000138754003
 30
0.0
 10
35.372643732861
 20
82.309461635835
 30
0.0
 10
35.702726927538
 20
82.5
 30
0.0
 10
36.059935274563
 20
82.5
 30
0.0
 10
37.019978424854
 20
82.5
 30
0.0
 10
37.980021575146
 20
82.5
 30
0.0
 10
38.940064725437
 20
82.5
 30
0.0
 10
39.297273072462
 20
82.5
 30
0.0
 10
39.627356267139
 20
82.309461635835
 30
0.0
 10
39.806010004739
 20
82.000138754003
 30
0.0
 10
39.984663742339
 20
81.69081587217
 30
0.0
 10
39.984755343068
 20
81.309686267919
 30
0.0
 10
39.806250311486
 20
81.000277546511
 30
0.0
 10
39.32622873634
 20
80.168240149591
 30
0.0
 10
38.846207161194
 20
79.336202752672
 30
0.0
 10
38.366185586049
 20
78.504165355752
 30
0.0
  0
SPLINE
  5
14e
100
AcDbEntity
  8
Default
100
AcDbSpline
 70
     9
 71
     3
 72
    32
 73
    28
 74
     0
 42
0.0000001
 43
0.0000001
 40
0.0
 40
0.0
 40
0.0
 40
0.0
 40
1.0
 40
1.0
 40
1.0
 40
2.0
 40
2.0
 40
2.0
 40
8.346472490354
 40
8.346472490354
 40
8.346472490354
 40
9.346472490354
 40
9.346472490354
 40
9.346472490354
 40
10.346472490354
 40
10.346472490354
 40
10.346472490354
 40
16.689422098122
 40
16.689422098122
 40
16.689422098122
 40
17.689422098122
 40
17.689422098122
 40
17.689422098122
 40
18.689422098122
 40
18.689422098122
 40
18.689422098122
 40
25.035894588476
 40
25.035894588476
 40
25.035894588476
 40
25.035894588476
 10
46.299278379073
 20
132.746806673633
 30
0.0
 10
46.031392103942
 20
133.21114288386
 30
0.0
 10
45.536070119044
 20
133.497222993399
 30
0.0
 10
45.0
 20
133.497222993399
 30
0.0
 10
44.463929880956
 20
133.497222993399
 30
0.0
 10
43.968607896058
 20
133.21114288386
 30
0.0
 10
43.700721620927
 20
132.746806673633
 30
0.0
 10
42.643563352966
 20
130.914399009167
 30
0.0
 10
41.586405085005
 20
129.081991344701
 30
0.0
 10
40.529246817043
 20
127.249583680234
 30
0.0
 10
40.26148926967
 20
126.785470598121
 30
0.0
 10
40.261626670764
 20
126.213776191745
 30
0.0
 10
40.529607277164
 20
125.749791868996
 30
0.0
 10
40.797587883564
 20
125.285807546247
 30
0.0
 10
41.29271267558
 20
125.0
 30
0.0
 10
41.828525196116
 20
125.0
 30
0.0
 10
43.942841732039
 20
125.0
 30
0.0
 10
46.057158267961
 20
125.0
 30
0.0
 10
48.171474803884
 20
125.0
 30
0.0
 10
48.70728732442
 20
125.0
 30
0.0
 10
49.202412116436
 20
125.285807546247
 30
0.0
 10
49.470392722836
 20
125.749791868996
 30
0.0
 10
49.738373329236
 20
126.213776191745
 30
0.0
 10
49.73851073033
 20
126.785470598121
 30
0.0
 10
49.470753182957
 20
127.249583680234
 30
0.0
 10
48.413594914996
 20
129.081991344701
 30
0.0
 10
47.356436647034
 20
130.914399009167
 30
0.0
 10
46.299278379073
 20
132.746806673633
 30
0.0
  0
SPLINE
  5
14f
100
AcDbEntity
  8
Default
100
AcDbSpline
 70
     9
 71
     3
 72
    32
 73
    28
 74
     0
 42
0.0000001
 43
0.0000001
 40
0.0
 40
0.0
 40
0.0
 40
0.0
 40
1.0
 40
1.0
 40
1.0
 40
2.0
 40
2.0
 40
2.0
 40
3.149357372685
 40
3.149357372685
 40
3.149357372685
 40
4.149357372685
 40
4.149357372685
 40
4.149357372685
 40
5.149357372685
 40
5.149357372685
 40
5.149357372685
 40
6.298076745113
 40
6.298076745113
 40
6.298076745113
 40
7.298076745113
 40
7.298076745113
 40
7.298076745113
 40
8.298076745113
 40
8.298076745113
 40
8.298076745113
 40
9.447434117798
 40
9.447434117798
 40
9.447434117798
 40
9.447434117798
 10
-22.066907206976
 20
53.754581983817
 30
0.0
 10
-22.15620263202
 20
53.599803247075
 30
0.0
 10
-22.321309960319
 20
53.504443210562
 30
0.0
 10
-22.5
 20
53.504443210562
 30
0.0
 10
-22.678690039681
 20
53.504443210562
 30
0.0
 10
-22.843797367981
 20
53.599803247075
 30
0.0
 10
-22.933092793024
 20
53.754581983817
 30
0.0
 10
-23.124546021762
 20
54.086434246963
 30
0.0
 10
-23.315999250501
 20
54.418286510109
 30
0.0
 10
-23.507452479239
 20
54.750138773255
 30
0.0
 10
-23.59670499503
 20
54.90484313396
 30
0.0
 10
-23.596659194665
 20
55.095407936085
 30
0.0
 10
-23.507332325865
 20
55.250069377001
 30
0.0
 10
-23.418005457065
 20
55.404730817918
 30
0.0
 10
-23.252963859726
 20
55.5
 30
0.0
 10
-23.074359686214
 20
55.5
 30
0.0
 10
-22.691453228738
 20
55.5
 30
0.0
 10
-22.308546771262
 20
55.5
 30
0.0
 10
-21.925640313786
 20
55.5
 30
0.0
 10
-21.747036140274
 20
55.5
 30
0.0
 10
-21.581994542935
 20
55.404730817918
 30
0.0
 10
-21.492667674135
 20
55.250069377001
 30
0.0
 10
-21.403340805335
 20
55.095407936085
 30
0.0
 10
-21.403295004971
 20
54.90484313396
 30
0.0
 10
-21.492547520762
 20
54.750138773255
 30
0.0
 10
-21.6840007495
 20
54.418286510109
 30
0.0
 10
-21.875453978238
 20
54.086434246963
 30
0.0
 10
-22.066907206976
 20
53.754581983817
 30
0.0
  0
SPLINE
  5
150
100
AcDbEntity
  8
Default
100
AcDbSpline
 70
     9
 71
     3
 72
    32
 73
    28
 74
     0
 42
0.0000001
 43
0.0000001
 40
0.0
 40
0.0
 40
0.0
 40
0.0
 40
1.0
 40
1.0
 40
1.0
 40
2.0
 40
2.0
 40
2.0
 40
8.346472490354
 40
8.346472490354
 40
8.346472490354
 40
9.346472490354
 40
9.346472490354
 40
9.346472490354
 40
10.346472490354
 40
10.346472490354
 40
10.346472490354
 40
16.689422098122
 40
16.689422098122
 40
16.689422098122
 40
17.689422098122
 40
17.689422098122
 40
17.689422098122
 40
18.689422098122
 40
18.689422098122
 40
18.689422098122
 40
25.035894588476
 40
25.035894588476
 40
25.035894588476
 40
25.035894588476
 10
-28.700721620927
 20
132.746806673633
 30
0.0
 10
-28.968607896058
 20
133.21114288386
 30
0.0
 10
-29.463929880956
 20
133.497222993399
 30
0.0
 10
-30.0
 20
133.497222993399
 30
0.0
 10
-30.536070119044
 20
133.497222993399
 30
0.0
 10
-31.031392103942
 20
133.21114288386
 30
0.0
 10
-31.299278379073
 20
132.746806673633
 30
0.0
 10
-32.356436647034
 20
130.914399009167
 30
0.0
 10
-33.413594914996
 20
129.081991344701
 30
0.0
 10
-34.470753182957
 20
127.249583680234
 30
0.0
 10
-34.73851073033
 20
126.785470598121
 30
0.0
 10
-34.738373329236
 20
126.213776191745
 30
0.0
 10
-34.470392722836
 20
125.749791868996
 30
0.0
 10
-34.202412116436
 20
125.285807546247
 30
0.0
 10
-33.70728732442
 20
125.0
 30
0.0
 10
-33.171474803884
 20
125.0
 30
0.0
 10
-31.057158267961
 20
125.0
 30
0.0
 10
-28.942841732039
 20
125.0
 30
0.0
 10
-26.828525196116
 20
125.0
 30
0.0
 10
-26.29271267558
 20
125.0
 30
0.0
 10
-25.797587883564
 20
125.285807546247
 30
0.0
 10
-25.529607277164
 20
125.749791868996
 30
0.0
 10
-25.261626670764
 20
126.213776191745
 30
0.0
 10
-25.26148926967
 20
126.785470598121
 30
0.0
 10
-25.529246817043
 20
127.249583680234
 30
0.0
 10
-26.586405085005
 20
129.081991344701
 30
0.0
 10
-27.643563352966
 20
130.914399009167
 30
0.0
 10
-28.700721620927
 20
132.746806673633
 30
0.0
  0
SPLINE
  5
151
100
AcDbEntity
  8
Default
100
AcDbSpline
 70
     9
 71
     3
 72
    32
 73
    28
 74
     0
 42
0.0000001
 43
0.0000001
 40
0.0
 40
0.0
 40
0.0
 40
0.0
 40
1.0
 40
1.0
 40
1.0
 40
2.0
 40
2.0
 40
2.0
 40
6.614100784464
 40
6.614100784464
 40
6.614100784464
 40
7.614100784464
 40
7.614100784464
 40
7.614100784464
 40
8.614100784464
 40
8.614100784464
 40
8.614100784464
 40
13.225640313786
 40
13.225640313786
 40
13.225640313786
 40
14.225640313786
 40
14.225640313786
 40
14.225640313786
 40
15.225640313786
 40
15.225640313786
 40
15.225640313786
 40
19.83974109825
 40
19.83974109825
 40
19.83974109825
 40
19.83974109825
 10
-29.133814413952
 20
105.496390045568
 30
0.0
 10
-29.312405264039
 20
105.805947519053
 30
0.0
 10
-29.642619920637
 20
105.996667592078
 30
0.0
 10
-30.0
 20
105.996667592078
 30
0.0
 10
-30.357380079363
 20
105.996667592078
 30
0.0
 10
-30.687594735961
 20
105.805947519053
 30
0.0
 10
-30.866185586049
 20
105.496390045568
 30
0.0
 10
-31.634775507602
 20
104.164167514875
 30
0.0
 10
-32.403365429156
 20
102.831944984182
 30
0.0
 10
-33.171955350709
 20
101.49972245349
 30
0.0
 10
-33.350460382291
 20
101.190313732081
 30
0.0
 10
-33.350368781562
 20
100.80918412783
 30
0.0
 10
-33.171715043962
 20
100.499861245997
 30
0.0
 10
-32.993061306362
 20
100.190538364165
 30
0.0
 10
-32.662978111685
 20
100.0
 30
0.0
 10
-32.305769764661
 20
100.0
 30
0.0
 10
-30.768589921554
 20
100.0
 30
0.0
 10
-29.231410078446
 20
100.0
 30
0.0
 10
-27.694230235339
 20
100.0
 30
0.0
 10
-27.337021888315
 20
100.0
 30
0.0
 10
-27.006938693638
 20
100.190538364165
 30
0.0
 10
-26.828284956038
 20
100.499861245997
 30
0.0
 10
-26.649631218438
 20
100.80918412783
 30
0.0
 10
-26.649539617709
 20
101.190313732081
 30
0.0
 10
-26.828044649291
 20
101.499722453489
 30
0.0
 10
-27.596634570844
 20
102.831944984182
 30
0.0
 10
-28.365224492398
 20
104.164167514875
 30
0.0
 10
-29.133814413951
 20
105.496390045568
 30
0.0
  0
SPLINE
  5
152
100
AcDbEntity
  8
Default
100
AcDbSpline
 70
     9
 71
     3
 72
    32
 73
    28
 74
     0
 42
0.0000001
 43
0.0000001
 40
0.0
 40
0.0
 40
0.0
 40
0.0
 40
1.0
 40
1.0
 40
1.0
 40
2.0
 40
2.0
 40
2.0
 40
11.805769764661
 40
11.805769764661
 40
11.805769764661
 40
12.805769764661
 40
12.805769764661
 40
12.805769764661
 40
13.805769764661
 40
13.805769764661
 40
13.805769764661
 40
23.616985666794
 40
23.616985666794
 40
23.616985666794
 40
24.616985666794
 40
24.616985666794
 40
24.616985666794
 40
25.616985666794
 40
25.616985666794
 40
25.616985666794
 40
35.428201568928
 40
35.428201568928
 40
35.428201568928
 40
35.428201568928
 10
-36.202163261403
 20
147.750416319766
 30
0.0
 10
-36.469920808776
 20
148.214529401879
 30
0.0
 10
-36.469783407683
 20
148.786223808255
 30
0.0
 10
-36.201802801283
 20
149.250208131004
 30
0.0
 10
-35.933822194883
 20
149.714192453753
 30
0.0
 10
-35.438697402867
 20
150.0
 30
0.0
 10
-34.90288488233
 20
150.0
 30
0.0
 10
-31.634294960777
 20
150.0
 30
0.0
 10
-28.365705039223
 20
150.0
 30
0.0
 10
-25.09711511767
 20
150.0
 30
0.0
 10
-24.561302597133
 20
150.0
 30
0.0
 10
-24.066177805117
 20
149.714192453752
 30
0.0
 10
-23.798197198717
 20
149.250208131003
 30
0.0
 10
-23.530216592317
 20
148.786223808254
 30
0.0
 10
-23.530079191224
 20
148.214529401878
 30
0.0
 10
-23.797836738596
 20
147.750416319765
 30
0.0
 10
-25.432131699374
 20
144.917638387753
 30
0.0
 10
-27.06642666015
 20
142.08486045574
 30
0.0
 10
-28.700721620927
 20
139.252082523726
 30
0.0
 10
-28.968607896058
 20
138.787746313499
 30
0.0
 10
-29.463929880956
 20
138.501666203961
 30
0.0
 10
-30.0
 20
138.501666203961
 30
0.0
 10
-30.536070119044
 20
138.501666203961
 30
0.0
 10
-31.031392103942
 20
138.787746313499
 30
0.0
 10
-31.299278379073
 20
139.252082523726
 30
0.0
 10
-32.93357333985
 20
142.08486045574
 30
0.0
 10
-34.567868300626
 20
144.917638387753
 30
0.0
 10
-36.202163261403
 20
147.750416319766
 30
0.0
  0
SPLINE
  5
153
100
AcDbEntity
  8
Default
100
AcDbSpline
 70
     9
 71
     3
 72
    32
 73
    28
 74
     0
 42
0.0000001
 43
0.0000001
 40
0.0
 40
0.0
 40
0.0
 40
0.0
 40
1.0
 40
1.0
 40
1.0
 40
2.0
 40
2.0
 40
2.0
 40
8.346472490354
 40
8.346472490354
 40
8.346472490354
 40
9.346472490354
 40
9.346472490354
 40
9.346472490354
 40
10.346472490354
 40
10.346472490354
 40
10.346472490354
 40
16.689422098122
 40
16.689422098122
 40
16.689422098122
 40
17.689422098122
 40
17.689422098122
 40
17.689422098122
 40
18.689422098122
 40
18.689422098122
 40
18.689422098122
 40
25.035894588476
 40
25.035894588476
 40
25.035894588476
 40
25.035894588476
 10
-21.633814413951
 20
119.496945446888
 30
0.0
 10
-21.812405264039
 20
119.806502920373
 30
0.0
 10
-22.142619920637
 20
119.997222993399
 30
0.0
 10
-22.5
 20
119.997222993399
 30
0.0
 10
-22.857380079363
 20
119.997222993399
 30
0.0
 10
-23.187594735961
 20
119.806502920373
 30
0.0
 10
-23.366185586049
 20
119.496945446888
 30
0.0
 10
-24.42334385401
 20
117.664537782422
 30
0.0
 10
-25.480502121971
 20
115.832130117956
 30
0.0
 10
-26.537660389933
 20
113.99972245349
 30
0.0
 10
-26.716165421514
 20
113.690313732081
 30
0.0
 10
-26.716073820786
 20
113.30918412783
 30
0.0
 10
-26.537420083186
 20
112.999861245997
 30
0.0
 10
-26.358766345586
 20
112.690538364165
 30
0.0
 10
-26.028683150908
 20
112.5
 30
0.0
 10
-25.671474803884
 20
112.5
 30
0.0
 10
-23.557158267961
 20
112.5
 30
0.0
 10
-21.442841732039
 20
112.5
 30
0.0
 10
-19.328525196116
 20
112.5
 30
0.0
 10
-18.971316849092
 20
112.5
 30
0.0
 10
-18.641233654414
 20
112.690538364165
 30
0.0
 10
-18.462579916815
 20
112.999861245997
 30
0.0
 10
-18.283926179215
 20
113.30918412783
 30
0.0
 10
-18.283834578486
 20
113.690313732081
 30
0.0
 10
-18.462339610068
 20
113.999722453489
 30
0.0
 10
-19.519497878029
 20
115.832130117956
 30
0.0
 10
-20.57665614599
 20
117.664537782422
 30
0.0
 10
-21.633814413951
 20
119.496945446888
 30
0.0
  0
SPLINE
  5
154
100
AcDbEntity
  8
Default
100
AcDbSpline
 70
     9
 71
     3
 72
    32
 73
    28
 74
     0
 42
0.0000001
 43
0.0000001
 40
0.0
 40
0.0
 40
0.0
 40
0.0
 40
1.0
 40
1.0
 40
1.0
 40
2.0
 40
2.0
 40
2.0
 40
10.078844196244
 40
10.078844196244
 40
10.078844196244
 40
11.078844196244
 40
11.078844196244
 40
11.078844196244
 40
12.078844196244
 40
12.078844196244
 40
12.078844196244
 40
20.153203882458
 40
20.153203882458
 40
20.153203882458
 40
21.153203882458
 40
21.153203882458
 40
21.153203882458
 40
22.153203882458
 40
22.153203882458
 40
22.153203882458
 40
30.232048078702
 40
30.232048078702
 40
30.232048078702
 40
30.232048078702
 10
-21.200721620927
 20
146.747362074953
 30
0.0
 10
-21.468607896058
 20
147.211698285181
 30
0.0
 10
-21.963929880956
 20
147.497778394719
 30
0.0
 10
-22.5
 20
147.497778394719
 30
0.0
 10
-23.036070119044
 20
147.497778394719
 30
0.0
 10
-23.531392103942
 20
147.211698285181
 30
0.0
 10
-23.799278379073
 20
146.747362074953
 30
0.0
 10
-25.145004993442
 20
144.414769276714
 30
0.0
 10
-26.490731607811
 20
142.082176478474
 30
0.0
 10
-27.83645822218
 20
139.749583680234
 30
0.0
 10
-28.104215769553
 20
139.285470598121
 30
0.0
 10
-28.10407836846
 20
138.713776191745
 30
0.0
 10
-27.83609776206
 20
138.249791868996
 30
0.0
 10
-27.56811715566
 20
137.785807546247
 30
0.0
 10
-27.072992363643
 20
137.5
 30
0.0
 10
-26.537179843107
 20
137.5
 30
0.0
 10
-23.845726614369
 20
137.5
 30
0.0
 10
-21.154273385631
 20
137.5
 30
0.0
 10
-18.462820156893
 20
137.5
 30
0.0
 10
-17.927007636357
 20
137.5
 30
0.0
 10
-17.43188284434
 20
137.785807546247
 30
0.0
 10
-17.16390223794
 20
138.249791868996
 30
0.0
 10
-16.895921631541
 20
138.713776191745
 30
0.0
 10
-16.895784230447
 20
139.285470598121
 30
0.0
 10
-17.16354177782
 20
139.749583680234
 30
0.0
 10
-18.509268392189
 20
142.082176478474
 30
0.0
 10
-19.854995006558
 20
144.414769276714
 30
0.0
 10
-21.200721620927
 20
146.747362074953
 30
0.0
  0
SPLINE
  5
155
100
AcDbEntity
  8
Default
100
AcDbSpline
 70
     9
 71
     3
 72
    32
 73
    28
 74
     0
 42
0.0000001
 43
0.0000001
 40
0.0
 40
0.0
 40
0.0
 40
0.0
 40
1.0
 40
1.0
 40
1.0
 40
2.0
 40
2.0
 40
2.0
 40
8.346472490354
 40
8.346472490354
 40
8.346472490354
 40
9.346472490354
 40
9.346472490354
 40
9.346472490354
 40
10.346472490354
 40
10.346472490354
 40
10.346472490354
 40
16.689422098122
 40
16.689422098122
 40
16.689422098122
 40
17.689422098122
 40
17.689422098122
 40
17.689422098122
 40
18.689422098122
 40
18.689422098122
 40
18.689422098122
 40
25.035894588476
 40
25.035894588476
 40
25.035894588476
 40
25.035894588476
 10
-21.633814413951
 20
102.503054553112
 30
0.0
 10
-21.812405264039
 20
102.193497079627
 30
0.0
 10
-22.142619920637
 20
102.002777006601
 30
0.0
 10
-22.5
 20
102.002777006601
 30
0.0
 10
-22.857380079363
 20
102.002777006601
 30
0.0
 10
-23.187594735961
 20
102.193497079627
 30
0.0
 10
-23.366185586049
 20
102.503054553112
 30
0.0
 10
-24.42334385401
 20
104.335462217578
 30
0.0
 10
-25.480502121971
 20
106.167869882044
 30
0.0
 10
-26.537660389933
 20
108.000277546511
 30
0.0
 10
-26.716165421514
 20
108.309686267919
 30
0.0
 10
-26.716073820786
 20
108.69081587217
 30
0.0
 10
-26.537420083186
 20
109.000138754003
 30
0.0
 10
-26.358766345586
 20
109.309461635835
 30
0.0
 10
-26.028683150908
 20
109.5
 30
0.0
 10
-25.671474803884
 20
109.5
 30
0.0
 10
-23.557158267961
 20
109.5
 30
0.0
 10
-21.442841732039
 20
109.5
 30
0.0
 10
-19.328525196116
 20
109.5
 30
0.0
 10
-18.971316849092
 20
109.5
 30
0.0
 10
-18.641233654414
 20
109.309461635835
 30
0.0
 10
-18.462579916814
 20
109.000138754002
 30
0.0
 10
-18.283926179214
 20
108.69081587217
 30
0.0
 10
-18.283834578486
 20
108.309686267919
 30
0.0
 10
-18.462339610067
 20
108.00027754651
 30
0.0
 10
-19.519497878029
 20
106.167869882044
 30
0.0
 10
-20.57665614599
 20
104.335462217578
 30
0.0
 10
-21.633814413951
 20
102.503054553112
 30
0.0
  0
SPLINE
  5
156
100
AcDbEntity
  8
Default
100
AcDbSpline
 70
     9
 71
     3
 72
    32
 73
    28
 74
     0
 42
0.0000001
 43
0.0000001
 40
0.0
 40
0.0
 40
0.0
 40
0.0
 40
1.0
 40
1.0
 40
1.0
 40
2.0
 40
2.0
 40
2.0
 40
6.614100784464
 40
6.614100784464
 40
6.614100784464
 40
7.614100784464
 40
7.614100784464
 40
7.614100784464
 40
8.614100784464
 40
8.614100784464
 40
8.614100784464
 40
13.225640313786
 40
13.225640313786
 40
13.225640313786
 40
14.225640313786
 40
14.225640313786
 40
14.225640313786
 40
15.225640313786
 40
15.225640313786
 40
15.225640313786
 40
19.83974109825
 40
19.83974109825
 40
19.83974109825
 40
19.83974109825
 10
-29.133814413951
 20
90.503609954432
 30
0.0
 10
-29.312405264039
 20
90.194052480947
 30
0.0
 10
-29.642619920637
 20
90.003332407922
 30
0.0
 10
-30.0
 20
90.003332407922
 30
0.0
 10
-30.357380079363
 20
90.003332407922
 30
0.0
 10
-30.687594735961
 20
90.194052480947
 30
0.0
 10
-30.866185586049
 20
90.503609954432
 30
0.0
 10
-31.634775507602
 20
91.835832485125
 30
0.0
 10
-32.403365429156
 20
93.168055015818
 30
0.0
 10
-33.171955350709
 20
94.50027754651
 30
0.0
 10
-33.350460382291
 20
94.809686267919
 30
0.0
 10
-33.350368781562
 20
95.19081587217
 30
0.0
 10
-33.171715043962
 20
95.500138754003
 30
0.0
 10
-32.993061306362
 20
95.809461635835
 30
0.0
 10
-32.662978111685
 20
96.0
 30
0.0
 10
-32.305769764661
 20
96.0
 30
0.0
 10
-30.768589921554
 20
96.0
 30
0.0
 10
-29.231410078446
 20
96.0
 30
0.0
 10
-27.694230235339
 20
96.0
 30
0.0
 10
-27.337021888315
 20
96.0
 30
0.0
 10
-27.006938693638
 20
95.809461635835
 30
0.0
 10
-26.828284956038
 20
95.500138754002
 30
0.0
 10
-26.649631218438
 20
95.19081587217
 30
0.0
 10
-26.649539617709
 20
94.809686267919
 30
0.0
 10
-26.828044649291
 20
94.50027754651
 30
0.0
 10
-27.596634570844
 20
93.168055015818
 30
0.0
 10
-28.365224492398
 20
91.835832485125
 30
0.0
 10
-29.133814413951
 20
90.503609954432
 30
0.0
  0
SPLINE
  5
157
100
AcDbEntity
  8
Default
100
AcDbSpline
 70
     9
 71
     3
 72
    32
 73
    28
 74
     0
 42
0.0000001
 43
0.0000001
 40
0.0
 40
0.0
 40
0.0
 40
0.0
 40
1.0
 40
1.0
 40
1.0
 40
2.0
 40
2.0
 40
2.0
 40
4.881729078574
 40
4.881729078574
 40
4.881729078574
 40
5.881729078574
 40
5.881729078574
 40
5.881729078574
 40
6.881729078574
 40
6.881729078574
 40
6.881729078574
 40
9.761858529449
 40
9.761858529449
 40
9.761858529449
 40
10.761858529449
 40
10.761858529449
 40
10.761858529449
 40
11.761858529449
 40
11.761858529449
 40
11.761858529449
 40
14.643587608024
 40
14.643587608024
 40
14.643587608024
 40
14.643587608024
 10
-21.633814413951
 20
91.495834644248
 30
0.0
 10
-21.812405264039
 20
91.805392117733
 30
0.0
 10
-22.142619920637
 20
91.996112190758
 30
0.0
 10
-22.5
 20
91.996112190758
 30
0.0
 10
-22.857380079363
 20
91.996112190758
 30
0.0
 10
-23.187594735961
 20
91.805392117733
 30
0.0
 10
-23.366185586049
 20
91.495834644248
 30
0.0
 10
-23.846207161194
 20
90.663797247328
 30
0.0
 10
-24.32622873634
 20
89.831759850409
 30
0.0
 10
-24.806250311486
 20
88.99972245349
 30
0.0
 10
-24.984755343068
 20
88.690313732081
 30
0.0
 10
-24.984663742339
 20
88.30918412783
 30
0.0
 10
-24.806010004739
 20
87.999861245997
 30
0.0
 10
-24.627356267139
 20
87.690538364165
 30
0.0
 10
-24.297273072462
 20
87.5
 30
0.0
 10
-23.940064725438
 20
87.5
 30
0.0
 10
-22.980021575146
 20
87.5
 30
0.0
 10
-22.019978424854
 20
87.5
 30
0.0
 10
-21.059935274563
 20
87.5
 30
0.0
 10
-20.702726927538
 20
87.5
 30
0.0
 10
-20.372643732861
 20
87.690538364165
 30
0.0
 10
-20.193989995261
 20
87.999861245998
 30
0.0
 10
-20.015336257661
 20
88.30918412783
 30
0.0
 10
-20.015244656932
 20
88.690313732081
 30
0.0
 10
-20.193749688514
 20
88.99972245349
 30
0.0
 10
-20.67377126366
 20
89.831759850409
 30
0.0
 10
-21.153792838806
 20
90.663797247328
 30
0.0
 10
-21.633814413951
 20
91.495834644248
 30
0.0
  0
SPLINE
  5
158
100
AcDbEntity
  8
Default
100
AcDbSpline
 70
     9
 71
     3
 72
    32
 73
    28
 74
     0
 42
0.0000001
 43
0.0000001
 40
0.0
 40
0.0
 40
0.0
 40
0.0
 40
1.0
 40
1.0
 40
1.0
 40
2.0
 40
2.0
 40
2.0
 40
4.881729078574
 40
4.881729078574
 40
4.881729078574
 40
5.881729078574
 40
5.881729078574
 40
5.881729078574
 40
6.881729078574
 40
6.881729078574
 40
6.881729078574
 40
9.761858529449
 40
9.761858529449
 40
9.761858529449
 40
10.761858529449
 40
10.761858529449
 40
10.761858529449
 40
11.761858529449
 40
11.761858529449
 40
11.761858529449
 40
14.643587608024
 40
14.643587608024
 40
14.643587608024
 40
14.643587608024
 10
-21.633814413951
 20
78.504165355752
 30
0.0
 10
-21.812405264039
 20
78.194607882267
 30
0.0
 10
-22.142619920637
 20
78.003887809242
 30
0.0
 10
-22.5
 20
78.003887809242
 30
0.0
 10
-22.857380079363
 20
78.003887809242
 30
0.0
 10
-23.187594735961
 20
78.194607882267
 30
0.0
 10
-23.366185586049
 20
78.504165355752
 30
0.0
 10
-23.846207161194
 20
79.336202752672
 30
0.0
 10
-24.32622873634
 20
80.168240149591
 30
0.0
 10
-24.806250311486
 20
81.00027754651
 30
0.0
 10
-24.984755343068
 20
81.309686267919
 30
0.0
 10
-24.984663742339
 20
81.69081587217
 30
0.0
 10
-24.806010004739
 20
82.000138754003
 30
0.0
 10
-24.627356267139
 20
82.309461635835
 30
0.0
 10
-24.297273072462
 20
82.5
 30
0.0
 10
-23.940064725438
 20
82.5
 30
0.0
 10
-22.980021575146
 20
82.5
 30
0.0
 10
-22.019978424854
 20
82.5
 30
0.0
 10
-21.059935274563
 20
82.5
 30
0.0
 10
-20.702726927538
 20
82.5
 30
0.0
 10
-20.372643732861
 20
82.309461635835
 30
0.0
 10
-20.193989995261
 20
82.000138754003
 30
0.0
 10
-20.015336257661
 20
81.69081587217
 30
0.0
 10
-20.015244656932
 20
81.309686267919
 30
0.0
 10
-20.193749688514
 20
81.000277546511
 30
0.0
 10
-20.67377126366
 20
80.168240149591
 30
0.0
 10
-21.153792838806
 20
79.336202752672
 30
0.0
 10
-21.633814413951
 20
78.504165355752
 30
0.0
  0
SPLINE
  5
159
100
AcDbEntity
  8
Default
100
AcDbSpline
 70
     9
 71
     3
 72
    32
 73
    28
 74
     0
 42
0.0000001
 43
0.0000001
 40
0.0
 40
0.0
 40
0.0
 40
0.0
 40
1.0
 40
1.0
 40
1.0
 40
2.0
 40
2.0
 40
2.0
 40
4.881729078574
 40
4.881729078574
 40
4.881729078574
 40
5.881729078574
 40
5.881729078574
 40
5.881729078574
 40
6.881729078574
 40
6.881729078574
 40
6.881729078574
 40
9.761858529449
 40
9.761858529449
 40
9.761858529449
 40
10.761858529449
 40
10.761858529449
 40
10.761858529449
 40
11.761858529449
 40
11.761858529449
 40
11.761858529449
 40
14.643587608024
 40
14.643587608024
 40
14.643587608024
 40
14.643587608024
 10
-29.566907206976
 20
78.245973417503
 30
0.0
 10
-29.656202632019
 20
78.400752154245
 30
0.0
 10
-29.821309960319
 20
78.496112190758
 30
0.0
 10
-30.0
 20
78.496112190758
 30
0.0
 10
-30.178690039681
 20
78.496112190758
 30
0.0
 10
-30.343797367981
 20
78.400752154245
 30
0.0
 10
-30.433092793024
 20
78.245973417503
 30
0.0
 10
-30.91311436817
 20
77.413936020584
 30
0.0
 10
-31.393135943316
 20
76.581898623664
 30
0.0
 10
-31.873157518462
 20
75.749861226745
 30
0.0
 10
-31.962410034253
 20
75.59515686604
 30
0.0
 10
-31.962364233888
 20
75.404592063915
 30
0.0
 10
-31.873037365088
 20
75.249930622999
 30
0.0
 10
-31.783710496288
 20
75.095269182082
 30
0.0
 10
-31.61866889895
 20
75.0
 30
0.0
 10
-31.440064725438
 20
75.0
 30
0.0
 10
-30.480021575146
 20
75.0
 30
0.0
 10
-29.519978424854
 20
75.0
 30
0.0
 10
-28.559935274563
 20
75.0
 30
0.0
 10
-28.38133110105
 20
75.0
 30
0.0
 10
-28.216289503712
 20
75.095269182082
 30
0.0
 10
-28.126962634912
 20
75.249930622999
 30
0.0
 10
-28.037635766112
 20
75.404592063915
 30
0.0
 10
-28.037589965747
 20
75.59515686604
 30
0.0
 10
-28.126842481538
 20
75.749861226745
 30
0.0
 10
-28.606864056684
 20
76.581898623664
 30
0.0
 10
-29.08688563183
 20
77.413936020584
 30
0.0
 10
-29.566907206976
 20
78.245973417503
 30
0.0
  0
SPLINE
  5
15a
100
AcDbEntity
  8
Default
100
AcDbSpline
 70
     9
 71
     3
 72
    32
 73
    28
 74
     0
 42
0.0000001
 43
0.0000001
 40
0.0
 40
0.0
 40
0.0
 40
0.0
 40
1.0
 40
1.0
 40
1.0
 40
2.0
 40
2.0
 40
2.0
 40
8.346472490354
 40
8.346472490354
 40
8.346472490354
 40
9.346472490354
 40
9.346472490354
 40
9.346472490354
 40
10.346472490354
 40
10.346472490354
 40
10.346472490354
 40
16.689422098122
 40
16.689422098122
 40
16.689422098122
 40
17.689422098122
 40
17.689422098122
 40
17.689422098122
 40
18.689422098122
 40
18.689422098122
 40
18.689422098122
 40
25.035894588476
 40
25.035894588476
 40
25.035894588476
 40
25.035894588476
 10
-28.700721620927
 20
115.253193326367
 30
0.0
 10
-28.968607896058
 20
114.788857116139
 30
0.0
 10
-29.463929880956
 20
114.502777006601
 30
0.0
 10
-30.0
 20
114.502777006601
 30
0.0
 10
-30.536070119044
 20
114.502777006601
 30
0.0
 10
-31.031392103942
 20
114.78885711614
 30
0.0
 10
-31.299278379073
 20
115.253193326367
 30
0.0
 10
-32.356436647034
 20
117.085600990833
 30
0.0
 10
-33.413594914996
 20
118.918008655299
 30
0.0
 10
-34.470753182957
 20
120.750416319766
 30
0.0
 10
-34.73851073033
 20
121.214529401879
 30
0.0
 10
-34.738373329236
 20
121.786223808255
 30
0.0
 10
-34.470392722836
 20
122.250208131004
 30
0.0
 10
-34.202412116436
 20
122.714192453753
 30
0.0
 10
-33.70728732442
 20
123.0
 30
0.0
 10
-33.171474803884
 20
123.0
 30
0.0
 10
-31.057158267961
 20
123.0
 30
0.0
 10
-28.942841732039
 20
123.0
 30
0.0
 10
-26.828525196116
 20
123.0
 30
0.0
 10
-26.29271267558
 20
123.0
 30
0.0
 10
-25.797587883564
 20
122.714192453753
 30
0.0
 10
-25.529607277164
 20
122.250208131004
 30
0.0
 10
-25.261626670764
 20
121.786223808255
 30
0.0
 10
-25.26148926967
 20
121.214529401879
 30
0.0
 10
-25.529246817043
 20
120.750416319766
 30
0.0
 10
-26.586405085005
 20
118.918008655299
 30
0.0
 10
-27.643563352966
 20
117.085600990833
 30
0.0
 10
-28.700721620927
 20
115.253193326367
 30
0.0
  0
SPLINE
  5
15b
100
AcDbEntity
  8
Default
100
AcDbSpline
 70
     9
 71
     3
 72
    32
 73
    28
 74
     0
 42
0.0000001
 43
0.0000001
 40
0.0
 40
0.0
 40
0.0
 40
0.0
 40
1.0
 40
1.0
 40
1.0
 40
2.0
 40
2.0
 40
2.0
 40
4.881729078574
 40
4.881729078574
 40
4.881729078574
 40
5.881729078574
 40
5.881729078574
 40
5.881729078574
 40
6.881729078574
 40
6.881729078574
 40
6.881729078574
 40
9.761858529449
 40
9.761858529449
 40
9.761858529449
 40
10.761858529449
 40
10.761858529449
 40
10.761858529449
 40
11.761858529449
 40
11.761858529449
 40
11.761858529449
 40
14.643587608024
 40
14.643587608024
 40
14.643587608024
 40
14.643587608024
 10
-29.566907206976
 20
65.754026582497
 30
0.0
 10
-29.656202632019
 20
65.599247845755
 30
0.0
 10
-29.821309960319
 20
65.503887809242
 30
0.0
 10
-30.0
 20
65.503887809242
 30
0.0
 10
-30.178690039681
 20
65.503887809242
 30
0.0
 10
-30.343797367981
 20
65.599247845755
 30
0.0
 10
-30.433092793024
 20
65.754026582497
 30
0.0
 10
-30.91311436817
 20
66.586063979416
 30
0.0
 10
-31.393135943316
 20
67.418101376336
 30
0.0
 10
-31.873157518462
 20
68.250138773255
 30
0.0
 10
-31.962410034253
 20
68.40484313396
 30
0.0
 10
-31.962364233888
 20
68.595407936085
 30
0.0
 10
-31.873037365088
 20
68.750069377001
 30
0.0
 10
-31.783710496288
 20
68.904730817918
 30
0.0
 10
-31.61866889895
 20
69.0
 30
0.0
 10
-31.440064725438
 20
69.0
 30
0.0
 10
-30.480021575146
 20
69.0
 30
0.0
 10
-29.519978424854
 20
69.0
 30
0.0
 10
-28.559935274563
 20
69.0
 30
0.0
 10
-28.38133110105
 20
69.0
 30
0.0
 10
-28.216289503712
 20
68.904730817918
 30
0.0
 10
-28.126962634912
 20
68.750069377001
 30
0.0
 10
-28.037635766112
 20
68.595407936085
 30
0.0
 10
-28.037589965747
 20
68.404843133959
 30
0.0
 10
-28.126842481538
 20
68.250138773255
 30
0.0
 10
-28.606864056684
 20
67.418101376336
 30
0.0
 10
-29.08688563183
 20
66.586063979416
 30
0.0
 10
-29.566907206976
 20
65.754026582497
 30
0.0
  0
SPLINE
  5
15c
100
AcDbEntity
  8
Default
100
AcDbSpline
 70
     9
 71
     3
 72
    32
 73
    28
 74
     0
 42
0.0000001
 43
0.0000001
 40
0.0
 40
0.0
 40
0.0
 40
0.0
 40
1.0
 40
1.0
 40
1.0
 40
2.0
 40
2.0
 40
2.0
 40
3.149357372685
 40
3.149357372685
 40
3.149357372685
 40
4.149357372685
 40
4.149357372685
 40
4.149357372685
 40
5.149357372685
 40
5.149357372685
 40
5.149357372685
 40
6.298076745113
 40
6.298076745113
 40
6.298076745113
 40
7.298076745113
 40
7.298076745113
 40
7.298076745113
 40
8.298076745113
 40
8.298076745113
 40
8.298076745113
 40
9.447434117798
 40
9.447434117798
 40
9.447434117798
 40
9.447434117798
 10
-22.066907206976
 20
64.245418016183
 30
0.0
 10
-22.156202632019
 20
64.400196752925
 30
0.0
 10
-22.321309960319
 20
64.495556789438
 30
0.0
 10
-22.5
 20
64.495556789438
 30
0.0
 10
-22.678690039681
 20
64.495556789438
 30
0.0
 10
-22.843797367981
 20
64.400196752925
 30
0.0
 10
-22.933092793024
 20
64.245418016183
 30
0.0
 10
-23.124546021762
 20
63.913565753037
 30
0.0
 10
-23.315999250501
 20
63.581713489891
 30
0.0
 10
-23.507452479239
 20
63.249861226745
 30
0.0
 10
-23.59670499503
 20
63.09515686604
 30
0.0
 10
-23.596659194665
 20
62.904592063915
 30
0.0
 10
-23.507332325865
 20
62.749930622999
 30
0.0
 10
-23.418005457065
 20
62.595269182082
 30
0.0
 10
-23.252963859726
 20
62.5
 30
0.0
 10
-23.074359686214
 20
62.5
 30
0.0
 10
-22.691453228738
 20
62.5
 30
0.0
 10
-22.308546771262
 20
62.5
 30
0.0
 10
-21.925640313786
 20
62.5
 30
0.0
 10
-21.747036140274
 20
62.5
 30
0.0
 10
-21.581994542935
 20
62.595269182082
 30
0.0
 10
-21.492667674135
 20
62.749930622999
 30
0.0
 10
-21.403340805335
 20
62.904592063915
 30
0.0
 10
-21.403295004971
 20
63.09515686604
 30
0.0
 10
-21.492547520762
 20
63.249861226745
 30
0.0
 10
-21.6840007495
 20
63.581713489891
 30
0.0
 10
-21.875453978238
 20
63.913565753037
 30
0.0
 10
-22.066907206976
 20
64.245418016183
 30
0.0
  0
SPLINE
  5
15d
100
AcDbEntity
  8
Default
100
AcDbSpline
 70
     9
 71
     3
 72
    32
 73
    28
 74
     0
 42
0.0000001
 43
0.0000001
 40
0.0
 40
0.0
 40
0.0
 40
0.0
 40
1.0
 40
1.0
 40
1.0
 40
2.0
 40
2.0
 40
2.0
 40
10.078844196244
 40
10.078844196244
 40
10.078844196244
 40
11.078844196244
 40
11.078844196244
 40
11.078844196244
 40
12.078844196244
 40
12.078844196244
 40
12.078844196244
 40
20.153203882458
 40
20.153203882458
 40
20.153203882458
 40
21.153203882458
 40
21.153203882458
 40
21.153203882458
 40
22.153203882458
 40
22.153203882458
 40
22.153203882458
 40
30.232048078702
 40
30.232048078702
 40
30.232048078702
 40
30.232048078702
 10
-21.200721620927
 20
127.252637925047
 30
0.0
 10
-21.468607896058
 20
126.788301714819
 30
0.0
 10
-21.963929880956
 20
126.502221605281
 30
0.0
 10
-22.5
 20
126.502221605281
 30
0.0
 10
-23.036070119044
 20
126.502221605281
 30
0.0
 10
-23.531392103942
 20
126.788301714819
 30
0.0
 10
-23.799278379073
 20
127.252637925047
 30
0.0
 10
-25.145004993442
 20
129.585230723286
 30
0.0
 10
-26.490731607811
 20
131.917823521526
 30
0.0
 10
-27.83645822218
 20
134.250416319766
 30
0.0
 10
-28.104215769553
 20
134.714529401879
 30
0.0
 10
-28.10407836846
 20
135.286223808255
 30
0.0
 10
-27.83609776206
 20
135.750208131004
 30
0.0
 10
-27.56811715566
 20
136.214192453753
 30
0.0
 10
-27.072992363643
 20
136.5
 30
0.0
 10
-26.537179843107
 20
136.5
 30
0.0
 10
-23.845726614369
 20
136.5
 30
0.0
 10
-21.154273385631
 20
136.5
 30
0.0
 10
-18.462820156893
 20
136.5
 30
0.0
 10
-17.927007636357
 20
136.5
 30
0.0
 10
-17.43188284434
 20
136.214192453753
 30
0.0
 10
-17.16390223794
 20
135.750208131004
 30
0.0
 10
-16.89592163154
 20
135.286223808255
 30
0.0
 10
-16.895784230447
 20
134.714529401879
 30
0.0
 10
-17.16354177782
 20
134.250416319766
 30
0.0
 10
-18.509268392189
 20
131.917823521526
 30
0.0
 10
-19.854995006558
 20
129.585230723286
 30
0.0
 10
-21.200721620927
 20
127.252637925047
 30
0.0
  0
SPLINE
  5
15e
100
AcDbEntity
  8
Default
100
AcDbSpline
 70
     9
 71
     3
 72
    32
 73
    28
 74
     0
 42
0.0000001
 43
0.0000001
 40
0.0
 40
0.0
 40
0.0
 40
0.0
 40
1.0
 40
1.0
 40
1.0
 40
2.0
 40
2.0
 40
2.0
 40
8.346472490354
 40
8.346472490354
 40
8.346472490354
 40
9.346472490354
 40
9.346472490354
 40
9.346472490354
 40
10.346472490354
 40
10.346472490354
 40
10.346472490354
 40
16.689422098122
 40
16.689422098122
 40
16.689422098122
 40
17.689422098122
 40
17.689422098122
 40
17.689422098122
 40
18.689422098122
 40
18.689422098122
 40
18.689422098122
 40
25.035894588476
 40
25.035894588476
 40
25.035894588476
 40
25.035894588476
 10
-6.633814413951
 20
102.503054553112
 30
0.0
 10
-6.812405264039
 20
102.193497079627
 30
0.0
 10
-7.142619920637
 20
102.002777006601
 30
0.0
 10
-7.5
 20
102.002777006601
 30
0.0
 10
-7.857380079363
 20
102.002777006601
 30
0.0
 10
-8.187594735961
 20
102.193497079627
 30
0.0
 10
-8.366185586049
 20
102.503054553112
 30
0.0
 10
-9.42334385401
 20
104.335462217578
 30
0.0
 10
-10.480502121971
 20
106.167869882044
 30
0.0
 10
-11.537660389933
 20
108.000277546511
 30
0.0
 10
-11.716165421514
 20
108.309686267919
 30
0.0
 10
-11.716073820786
 20
108.69081587217
 30
0.0
 10
-11.537420083186
 20
109.000138754003
 30
0.0
 10
-11.358766345586
 20
109.309461635835
 30
0.0
 10
-11.028683150908
 20
109.5
 30
0.0
 10
-10.671474803884
 20
109.5
 30
0.0
 10
-8.557158267961
 20
109.5
 30
0.0
 10
-6.442841732039
 20
109.5
 30
0.0
 10
-4.328525196116
 20
109.5
 30
0.0
 10
-3.971316849092
 20
109.5
 30
0.0
 10
-3.641233654414
 20
109.309461635835
 30
0.0
 10
-3.462579916814
 20
109.000138754002
 30
0.0
 10
-3.283926179214
 20
108.69081587217
 30
0.0
 10
-3.283834578486
 20
108.309686267919
 30
0.0
 10
-3.462339610067
 20
108.00027754651
 30
0.0
 10
-4.519497878029
 20
106.167869882044
 30
0.0
 10
-5.57665614599
 20
104.335462217578
 30
0.0
 10
-6.633814413951
 20
102.503054553112
 30
0.0
  0
SPLINE
  5
15f
100
AcDbEntity
  8
Default
100
AcDbSpline
 70
     9
 71
     3
 72
    32
 73
    28
 74
     0
 42
0.0000001
 43
0.0000001
 40
0.0
 40
0.0
 40
0.0
 40
0.0
 40
1.0
 40
1.0
 40
1.0
 40
2.0
 40
2.0
 40
2.0
 40
11.805769764661
 40
11.805769764661
 40
11.805769764661
 40
12.805769764661
 40
12.805769764661
 40
12.805769764661
 40
13.805769764661
 40
13.805769764661
 40
13.805769764661
 40
23.616985666794
 40
23.616985666794
 40
23.616985666794
 40
24.616985666794
 40
24.616985666794
 40
24.616985666794
 40
25.616985666794
 40
25.616985666794
 40
25.616985666794
 40
35.428201568928
 40
35.428201568928
 40
35.428201568928
 40
35.428201568928
 10
-21.202163261403
 20
147.750416319766
 30
0.0
 10
-21.469920808776
 20
148.214529401879
 30
0.0
 10
-21.469783407683
 20
148.786223808255
 30
0.0
 10
-21.201802801283
 20
149.250208131004
 30
0.0
 10
-20.933822194883
 20
149.714192453753
 30
0.0
 10
-20.438697402867
 20
150.0
 30
0.0
 10
-19.90288488233
 20
150.0
 30
0.0
 10
-16.634294960777
 20
150.0
 30
0.0
 10
-13.365705039223
 20
150.0
 30
0.0
 10
-10.09711511767
 20
150.0
 30
0.0
 10
-9.561302597133
 20
150.0
 30
0.0
 10
-9.066177805117
 20
149.714192453752
 30
0.0
 10
-8.798197198717
 20
149.250208131003
 30
0.0
 10
-8.530216592317
 20
148.786223808254
 30
0.0
 10
-8.530079191224
 20
148.214529401878
 30
0.0
 10
-8.797836738596
 20
147.750416319765
 30
0.0
 10
-10.432131699374
 20
144.917638387753
 30
0.0
 10
-12.06642666015
 20
142.08486045574
 30
0.0
 10
-13.700721620927
 20
139.252082523726
 30
0.0
 10
-13.968607896058
 20
138.787746313499
 30
0.0
 10
-14.463929880956
 20
138.501666203961
 30
0.0
 10
-15.0
 20
138.501666203961
 30
0.0
 10
-15.536070119044
 20
138.501666203961
 30
0.0
 10
-16.031392103942
 20
138.787746313499
 30
0.0
 10
-16.299278379073
 20
139.252082523726
 30
0.0
 10
-17.93357333985
 20
142.08486045574
 30
0.0
 10
-19.567868300626
 20
144.917638387753
 30
0.0
 10
-21.202163261403
 20
147.750416319766
 30
0.0
  0
SPLINE
  5
160
100
AcDbEntity
  8
Default
100
AcDbSpline
 70
     9
 71
     3
 72
    32
 73
    28
 74
     0
 42
0.0000001
 43
0.0000001
 40
0.0
 40
0.0
 40
0.0
 40
0.0
 40
1.0
 40
1.0
 40
1.0
 40
2.0
 40
2.0
 40
2.0
 40
8.346472490354
 40
8.346472490354
 40
8.346472490354
 40
9.346472490354
 40
9.346472490354
 40
9.346472490354
 40
10.346472490354
 40
10.346472490354
 40
10.346472490354
 40
16.689422098122
 40
16.689422098122
 40
16.689422098122
 40
17.689422098122
 40
17.689422098122
 40
17.689422098122
 40
18.689422098122
 40
18.689422098122
 40
18.689422098122
 40
25.035894588476
 40
25.035894588476
 40
25.035894588476
 40
25.035894588476
 10
-13.700721620927
 20
132.746806673633
 30
0.0
 10
-13.968607896058
 20
133.21114288386
 30
0.0
 10
-14.463929880956
 20
133.497222993399
 30
0.0
 10
-15.0
 20
133.497222993399
 30
0.0
 10
-15.536070119044
 20
133.497222993399
 30
0.0
 10
-16.031392103942
 20
133.21114288386
 30
0.0
 10
-16.299278379073
 20
132.746806673633
 30
0.0
 10
-17.356436647034
 20
130.914399009167
 30
0.0
 10
-18.413594914996
 20
129.081991344701
 30
0.0
 10
-19.470753182957
 20
127.249583680234
 30
0.0
 10
-19.73851073033
 20
126.785470598121
 30
0.0
 10
-19.738373329236
 20
126.213776191745
 30
0.0
 10
-19.470392722836
 20
125.749791868996
 30
0.0
 10
-19.202412116436
 20
125.285807546247
 30
0.0
 10
-18.70728732442
 20
125.0
 30
0.0
 10
-18.171474803884
 20
125.0
 30
0.0
 10
-16.057158267961
 20
125.0
 30
0.0
 10
-13.942841732039
 20
125.0
 30
0.0
 10
-11.828525196116
 20
125.0
 30
0.0
 10
-11.29271267558
 20
125.0
 30
0.0
 10
-10.797587883564
 20
125.285807546247
 30
0.0
 10
-10.529607277164
 20
125.749791868996
 30
0.0
 10
-10.261626670764
 20
126.213776191745
 30
0.0
 10
-10.26148926967
 20
126.785470598121
 30
0.0
 10
-10.529246817043
 20
127.249583680234
 30
0.0
 10
-11.586405085005
 20
129.081991344701
 30
0.0
 10
-12.643563352966
 20
130.914399009167
 30
0.0
 10
-13.700721620927
 20
132.746806673633
 30
0.0
  0
SPLINE
  5
161
100
AcDbEntity
  8
Default
100
AcDbSpline
 70
     9
 71
     3
 72
    32
 73
    28
 74
     0
 42
0.0000001
 43
0.0000001
 40
0.0
 40
0.0
 40
0.0
 40
0.0
 40
1.0
 40
1.0
 40
1.0
 40
2.0
 40
2.0
 40
2.0
 40
4.881729078574
 40
4.881729078574
 40
4.881729078574
 40
5.881729078574
 40
5.881729078574
 40
5.881729078574
 40
6.881729078574
 40
6.881729078574
 40
6.881729078574
 40
9.761858529449
 40
9.761858529449
 40
9.761858529449
 40
10.761858529449
 40
10.761858529449
 40
10.761858529449
 40
11.761858529449
 40
11.761858529449
 40
11.761858529449
 40
14.643587608024
 40
14.643587608024
 40
14.643587608024
 40
14.643587608024
 10
-14.566907206976
 20
78.245973417503
 30
0.0
 10
-14.656202632019
 20
78.400752154245
 30
0.0
 10
-14.821309960319
 20
78.496112190758
 30
0.0
 10
-15.0
 20
78.496112190758
 30
0.0
 10
-15.178690039681
 20
78.496112190758
 30
0.0
 10
-15.343797367981
 20
78.400752154245
 30
0.0
 10
-15.433092793024
 20
78.245973417503
 30
0.0
 10
-15.91311436817
 20
77.413936020584
 30
0.0
 10
-16.393135943316
 20
76.581898623664
 30
0.0
 10
-16.873157518462
 20
75.749861226745
 30
0.0
 10
-16.962410034253
 20
75.59515686604
 30
0.0
 10
-16.962364233888
 20
75.404592063915
 30
0.0
 10
-16.873037365088
 20
75.249930622999
 30
0.0
 10
-16.783710496288
 20
75.095269182082
 30
0.0
 10
-16.61866889895
 20
75.0
 30
0.0
 10
-16.440064725438
 20
75.0
 30
0.0
 10
-15.480021575146
 20
75.0
 30
0.0
 10
-14.519978424854
 20
75.0
 30
0.0
 10
-13.559935274563
 20
75.0
 30
0.0
 10
-13.38133110105
 20
75.0
 30
0.0
 10
-13.216289503712
 20
75.095269182082
 30
0.0
 10
-13.126962634912
 20
75.249930622999
 30
0.0
 10
-13.037635766112
 20
75.404592063915
 30
0.0
 10
-13.037589965747
 20
75.59515686604
 30
0.0
 10
-13.126842481538
 20
75.749861226745
 30
0.0
 10
-13.606864056684
 20
76.581898623664
 30
0.0
 10
-14.08688563183
 20
77.413936020584
 30
0.0
 10
-14.566907206976
 20
78.245973417503
 30
0.0
  0
SPLINE
  5
162
100
AcDbEntity
  8
Default
100
AcDbSpline
 70
     9
 71
     3
 72
    32
 73
    28
 74
     0
 42
0.0000001
 43
0.0000001
 40
0.0
 40
0.0
 40
0.0
 40
0.0
 40
1.0
 40
1.0
 40
1.0
 40
2.0
 40
2.0
 40
2.0
 40
3.149357372685
 40
3.149357372685
 40
3.149357372685
 40
4.149357372685
 40
4.149357372685
 40
4.149357372685
 40
5.149357372685
 40
5.149357372685
 40
5.149357372685
 40
6.298076745113
 40
6.298076745113
 40
6.298076745113
 40
7.298076745113
 40
7.298076745113
 40
7.298076745113
 40
8.298076745113
 40
8.298076745113
 40
8.298076745113
 40
9.447434117798
 40
9.447434117798
 40
9.447434117798
 40
9.447434117798
 10
-7.066907206976
 20
64.245418016183
 30
0.0
 10
-7.156202632019
 20
64.400196752925
 30
0.0
 10
-7.321309960319
 20
64.495556789438
 30
0.0
 10
-7.5
 20
64.495556789438
 30
0.0
 10
-7.678690039681
 20
64.495556789438
 30
0.0
 10
-7.843797367981
 20
64.400196752925
 30
0.0
 10
-7.933092793024
 20
64.245418016183
 30
0.0
 10
-8.124546021762
 20
63.913565753037
 30
0.0
 10
-8.315999250501
 20
63.581713489891
 30
0.0
 10
-8.507452479239
 20
63.249861226745
 30
0.0
 10
-8.59670499503
 20
63.09515686604
 30
0.0
 10
-8.596659194665
 20
62.904592063915
 30
0.0
 10
-8.507332325865
 20
62.749930622999
 30
0.0
 10
-8.418005457065
 20
62.595269182082
 30
0.0
 10
-8.252963859726
 20
62.5
 30
0.0
 10
-8.074359686214
 20
62.5
 30
0.0
 10
-7.691453228738
 20
62.5
 30
0.0
 10
-7.308546771262
 20
62.5
 30
0.0
 10
-6.925640313786
 20
62.5
 30
0.0
 10
-6.747036140274
 20
62.5
 30
0.0
 10
-6.581994542935
 20
62.595269182082
 30
0.0
 10
-6.492667674135
 20
62.749930622999
 30
0.0
 10
-6.403340805335
 20
62.904592063915
 30
0.0
 10
-6.403295004971
 20
63.09515686604
 30
0.0
 10
-6.492547520762
 20
63.249861226745
 30
0.0
 10
-6.6840007495
 20
63.581713489891
 30
0.0
 10
-6.875453978238
 20
63.913565753037
 30
0.0
 10
-7.066907206976
 20
64.245418016183
 30
0.0
  0
SPLINE
  5
163
100
AcDbEntity
  8
Default
100
AcDbSpline
 70
     9
 71
     3
 72
    32
 73
    28
 74
     0
 42
0.0000001
 43
0.0000001
 40
0.0
 40
0.0
 40
0.0
 40
0.0
 40
1.0
 40
1.0
 40
1.0
 40
2.0
 40
2.0
 40
2.0
 40
3.149357372685
 40
3.149357372685
 40
3.149357372685
 40
4.149357372685
 40
4.149357372685
 40
4.149357372685
 40
5.149357372685
 40
5.149357372685
 40
5.149357372685
 40
6.298076745113
 40
6.298076745113
 40
6.298076745113
 40
7.298076745113
 40
7.298076745113
 40
7.298076745113
 40
8.298076745113
 40
8.298076745113
 40
8.298076745113
 40
9.447434117798
 40
9.447434117798
 40
9.447434117798
 40
9.447434117798
 10
-7.066907206976
 20
53.754581983817
 30
0.0
 10
-7.15620263202
 20
53.599803247075
 30
0.0
 10
-7.321309960319
 20
53.504443210562
 30
0.0
 10
-7.5
 20
53.504443210562
 30
0.0
 10
-7.678690039681
 20
53.504443210562
 30
0.0
 10
-7.843797367981
 20
53.599803247075
 30
0.0
 10
-7.933092793024
 20
53.754581983817
 30
0.0
 10
-8.124546021762
 20
54.086434246963
 30
0.0
 10
-8.315999250501
 20
54.418286510109
 30
0.0
 10
-8.507452479239
 20
54.750138773255
 30
0.0
 10
-8.59670499503
 20
54.90484313396
 30
0.0
 10
-8.596659194665
 20
55.095407936085
 30
0.0
 10
-8.507332325865
 20
55.250069377001
 30
0.0
 10
-8.418005457065
 20
55.404730817918
 30
0.0
 10
-8.252963859726
 20
55.5
 30
0.0
 10
-8.074359686214
 20
55.5
 30
0.0
 10
-7.691453228738
 20
55.5
 30
0.0
 10
-7.308546771262
 20
55.5
 30
0.0
 10
-6.925640313786
 20
55.5
 30
0.0
 10
-6.747036140274
 20
55.5
 30
0.0
 10
-6.581994542935
 20
55.404730817918
 30
0.0
 10
-6.492667674135
 20
55.250069377001
 30
0.0
 10
-6.403340805335
 20
55.095407936085
 30
0.0
 10
-6.403295004971
 20
54.90484313396
 30
0.0
 10
-6.492547520762
 20
54.750138773255
 30
0.0
 10
-6.6840007495
 20
54.418286510109
 30
0.0
 10
-6.875453978238
 20
54.086434246963
 30
0.0
 10
-7.066907206976
 20
53.754581983817
 30
0.0
  0
SPLINE
  5
164
100
AcDbEntity
  8
Default
100
AcDbSpline
 70
     9
 71
     3
 72
    32
 73
    28
 74
     0
 42
0.0000001
 43
0.0000001
 40
0.0
 40
0.0
 40
0.0
 40
0.0
 40
1.0
 40
1.0
 40
1.0
 40
2.0
 40
2.0
 40
2.0
 40
10.078844196244
 40
10.078844196244
 40
10.078844196244
 40
11.078844196244
 40
11.078844196244
 40
11.078844196244
 40
12.078844196244
 40
12.078844196244
 40
12.078844196244
 40
20.153203882458
 40
20.153203882458
 40
20.153203882458
 40
21.153203882458
 40
21.153203882458
 40
21.153203882458
 40
22.153203882458
 40
22.153203882458
 40
22.153203882458
 40
30.232048078702
 40
30.232048078702
 40
30.232048078702
 40
30.232048078702
 10
-6.200721620927
 20
146.747362074953
 30
0.0
 10
-6.468607896058
 20
147.211698285181
 30
0.0
 10
-6.963929880956
 20
147.497778394719
 30
0.0
 10
-7.5
 20
147.497778394719
 30
0.0
 10
-8.036070119044
 20
147.497778394719
 30
0.0
 10
-8.531392103942
 20
147.211698285181
 30
0.0
 10
-8.799278379073
 20
146.747362074953
 30
0.0
 10
-10.145004993442
 20
144.414769276714
 30
0.0
 10
-11.490731607811
 20
142.082176478474
 30
0.0
 10
-12.83645822218
 20
139.749583680234
 30
0.0
 10
-13.104215769553
 20
139.285470598121
 30
0.0
 10
-13.10407836846
 20
138.713776191745
 30
0.0
 10
-12.83609776206
 20
138.249791868996
 30
0.0
 10
-12.56811715566
 20
137.785807546247
 30
0.0
 10
-12.072992363643
 20
137.5
 30
0.0
 10
-11.537179843107
 20
137.5
 30
0.0
 10
-8.845726614369
 20
137.5
 30
0.0
 10
-6.154273385631
 20
137.5
 30
0.0
 10
-3.462820156893
 20
137.5
 30
0.0
 10
-2.927007636357
 20
137.5
 30
0.0
 10
-2.43188284434
 20
137.785807546247
 30
0.0
 10
-2.16390223794
 20
138.249791868996
 30
0.0
 10
-1.895921631541
 20
138.713776191745
 30
0.0
 10
-1.895784230447
 20
139.285470598121
 30
0.0
 10
-2.16354177782
 20
139.749583680234
 30
0.0
 10
-3.509268392189
 20
142.082176478474
 30
0.0
 10
-4.854995006558
 20
144.414769276714
 30
0.0
 10
-6.200721620927
 20
146.747362074953
 30
0.0
  0
SPLINE
  5
165
100
AcDbEntity
  8
Default
100
AcDbSpline
 70
     9
 71
     3
 72
    32
 73
    28
 74
     0
 42
0.0000001
 43
0.0000001
 40
0.0
 40
0.0
 40
0.0
 40
0.0
 40
1.0
 40
1.0
 40
1.0
 40
2.0
 40
2.0
 40
2.0
 40
6.614100784464
 40
6.614100784464
 40
6.614100784464
 40
7.614100784464
 40
7.614100784464
 40
7.614100784464
 40
8.614100784464
 40
8.614100784464
 40
8.614100784464
 40
13.225640313786
 40
13.225640313786
 40
13.225640313786
 40
14.225640313786
 40
14.225640313786
 40
14.225640313786
 40
15.225640313786
 40
15.225640313786
 40
15.225640313786
 40
19.83974109825
 40
19.83974109825
 40
19.83974109825
 40
19.83974109825
 10
-14.133814413952
 20
105.496390045568
 30
0.0
 10
-14.312405264039
 20
105.805947519053
 30
0.0
 10
-14.642619920637
 20
105.996667592078
 30
0.0
 10
-15.0
 20
105.996667592078
 30
0.0
 10
-15.357380079363
 20
105.996667592078
 30
0.0
 10
-15.687594735961
 20
105.805947519053
 30
0.0
 10
-15.866185586049
 20
105.496390045568
 30
0.0
 10
-16.634775507602
 20
104.164167514875
 30
0.0
 10
-17.403365429156
 20
102.831944984182
 30
0.0
 10
-18.171955350709
 20
101.49972245349
 30
0.0
 10
-18.350460382291
 20
101.190313732081
 30
0.0
 10
-18.350368781562
 20
100.80918412783
 30
0.0
 10
-18.171715043962
 20
100.499861245997
 30
0.0
 10
-17.993061306362
 20
100.190538364165
 30
0.0
 10
-17.662978111685
 20
100.0
 30
0.0
 10
-17.305769764661
 20
100.0
 30
0.0
 10
-15.768589921554
 20
100.0
 30
0.0
 10
-14.231410078446
 20
100.0
 30
0.0
 10
-12.694230235339
 20
100.0
 30
0.0
 10
-12.337021888315
 20
100.0
 30
0.0
 10
-12.006938693638
 20
100.190538364165
 30
0.0
 10
-11.828284956038
 20
100.499861245997
 30
0.0
 10
-11.649631218438
 20
100.80918412783
 30
0.0
 10
-11.649539617709
 20
101.190313732081
 30
0.0
 10
-11.828044649291
 20
101.499722453489
 30
0.0
 10
-12.596634570844
 20
102.831944984182
 30
0.0
 10
-13.365224492398
 20
104.164167514875
 30
0.0
 10
-14.133814413951
 20
105.496390045568
 30
0.0
  0
SPLINE
  5
166
100
AcDbEntity
  8
Default
100
AcDbSpline
 70
     9
 71
     3
 72
    32
 73
    28
 74
     0
 42
0.0000001
 43
0.0000001
 40
0.0
 40
0.0
 40
0.0
 40
0.0
 40
1.0
 40
1.0
 40
1.0
 40
2.0
 40
2.0
 40
2.0
 40
10.078844196244
 40
10.078844196244
 40
10.078844196244
 40
11.078844196244
 40
11.078844196244
 40
11.078844196244
 40
12.078844196244
 40
12.078844196244
 40
12.078844196244
 40
20.153203882458
 40
20.153203882458
 40
20.153203882458
 40
21.153203882458
 40
21.153203882458
 40
21.153203882458
 40
22.153203882458
 40
22.153203882458
 40
22.153203882458
 40
30.232048078702
 40
30.232048078702
 40
30.232048078702
 40
30.232048078702
 10
-6.200721620927
 20
127.252637925047
 30
0.0
 10
-6.468607896058
 20
126.788301714819
 30
0.0
 10
-6.963929880956
 20
126.502221605281
 30
0.0
 10
-7.5
 20
126.502221605281
 30
0.0
 10
-8.036070119044
 20
126.502221605281
 30
0.0
 10
-8.531392103942
 20
126.788301714819
 30
0.0
 10
-8.799278379073
 20
127.252637925047
 30
0.0
 10
-10.145004993442
 20
129.585230723286
 30
0.0
 10
-11.490731607811
 20
131.917823521526
 30
0.0
 10
-12.83645822218
 20
134.250416319766
 30
0.0
 10
-13.104215769553
 20
134.714529401879
 30
0.0
 10
-13.10407836846
 20
135.286223808255
 30
0.0
 10
-12.83609776206
 20
135.750208131004
 30
0.0
 10
-12.56811715566
 20
136.214192453753
 30
0.0
 10
-12.072992363643
 20
136.5
 30
0.0
 10
-11.537179843107
 20
136.5
 30
0.0
 10
-8.845726614369
 20
136.5
 30
0.0
 10
-6.154273385631
 20
136.5
 30
0.0
 10
-3.462820156893
 20
136.5
 30
0.0
 10
-2.927007636357
 20
136.5
 30
0.0
 10
-2.43188284434
 20
136.214192453753
 30
0.0
 10
-2.16390223794
 20
135.750208131004
 30
0.0
 10
-1.89592163154
 20
135.286223808255
 30
0.0
 10
-1.895784230447
 20
134.714529401879
 30
0.0
 10
-2.16354177782
 20
134.250416319766
 30
0.0
 10
-3.509268392189
 20
131.917823521526
 30
0.0
 10
-4.854995006558
 20
129.585230723286
 30
0.0
 10
-6.200721620927
 20
127.252637925047
 30
0.0
  0
SPLINE
  5
167
100
AcDbEntity
  8
Default
100
AcDbSpline
 70
     9
 71
     3
 72
    32
 73
    28
 74
     0
 42
0.0000001
 43
0.0000001
 40
0.0
 40
0.0
 40
0.0
 40
0.0
 40
1.0
 40
1.0
 40
1.0
 40
2.0
 40
2.0
 40
2.0
 40
8.346472490354
 40
8.346472490354
 40
8.346472490354
 40
9.346472490354
 40
9.346472490354
 40
9.346472490354
 40
10.346472490354
 40
10.346472490354
 40
10.346472490354
 40
16.689422098122
 40
16.689422098122
 40
16.689422098122
 40
17.689422098122
 40
17.689422098122
 40
17.689422098122
 40
18.689422098122
 40
18.689422098122
 40
18.689422098122
 40
25.035894588476
 40
25.035894588476
 40
25.035894588476
 40
25.035894588476
 10
-13.700721620927
 20
115.253193326367
 30
0.0
 10
-13.968607896058
 20
114.788857116139
 30
0.0
 10
-14.463929880956
 20
114.502777006601
 30
0.0
 10
-15.0
 20
114.502777006601
 30
0.0
 10
-15.536070119044
 20
114.502777006601
 30
0.0
 10
-16.031392103942
 20
114.78885711614
 30
0.0
 10
-16.299278379073
 20
115.253193326367
 30
0.0
 10
-17.356436647034
 20
117.085600990833
 30
0.0
 10
-18.413594914996
 20
118.918008655299
 30
0.0
 10
-19.470753182957
 20
120.750416319766
 30
0.0
 10
-19.73851073033
 20
121.214529401879
 30
0.0
 10
-19.738373329236
 20
121.786223808255
 30
0.0
 10
-19.470392722836
 20
122.250208131004
 30
0.0
 10
-19.202412116436
 20
122.714192453753
 30
0.0
 10
-18.70728732442
 20
123.0
 30
0.0
 10
-18.171474803884
 20
123.0
 30
0.0
 10
-16.057158267961
 20
123.0
 30
0.0
 10
-13.942841732039
 20
123.0
 30
0.0
 10
-11.828525196116
 20
123.0
 30
0.0
 10
-11.29271267558
 20
123.0
 30
0.0
 10
-10.797587883564
 20
122.714192453753
 30
0.0
 10
-10.529607277164
 20
122.250208131004
 30
0.0
 10
-10.261626670764
 20
121.786223808255
 30
0.0
 10
-10.26148926967
 20
121.214529401879
 30
0.0
 10
-10.529246817043
 20
120.750416319766
 30
0.0
 10
-11.586405085005
 20
118.918008655299
 30
0.0
 10
-12.643563352966
 20
117.085600990833
 30
0.0
 10
-13.700721620927
 20
115.253193326367
 30
0.0
  0
SPLINE
  5
168
100
AcDbEntity
  8
Default
100
AcDbSpline
 70
     9
 71
     3
 72
    32
 73
    28
 74
     0
 42
0.0000001
 43
0.0000001
 40
0.0
 40
0.0
 40
0.0
 40
0.0
 40
1.0
 40
1.0
 40
1.0
 40
2.0
 40
2.0
 40
2.0
 40
4.881729078574
 40
4.881729078574
 40
4.881729078574
 40
5.881729078574
 40
5.881729078574
 40
5.881729078574
 40
6.881729078574
 40
6.881729078574
 40
6.881729078574
 40
9.761858529449
 40
9.761858529449
 40
9.761858529449
 40
10.761858529449
 40
10.761858529449
 40
10.761858529449
 40
11.761858529449
 40
11.761858529449
 40
11.761858529449
 40
14.643587608024
 40
14.643587608024
 40
14.643587608024
 40
14.643587608024
 10
-6.633814413951
 20
78.504165355752
 30
0.0
 10
-6.812405264039
 20
78.194607882267
 30
0.0
 10
-7.142619920637
 20
78.003887809242
 30
0.0
 10
-7.5
 20
78.003887809242
 30
0.0
 10
-7.857380079363
 20
78.003887809242
 30
0.0
 10
-8.187594735961
 20
78.194607882267
 30
0.0
 10
-8.366185586049
 20
78.504165355752
 30
0.0
 10
-8.846207161194
 20
79.336202752672
 30
0.0
 10
-9.32622873634
 20
80.168240149591
 30
0.0
 10
-9.806250311486
 20
81.00027754651
 30
0.0
 10
-9.984755343068
 20
81.309686267919
 30
0.0
 10
-9.984663742339
 20
81.69081587217
 30
0.0
 10
-9.806010004739
 20
82.000138754003
 30
0.0
 10
-9.627356267139
 20
82.309461635835
 30
0.0
 10
-9.297273072462
 20
82.5
 30
0.0
 10
-8.940064725438
 20
82.5
 30
0.0
 10
-7.980021575146
 20
82.5
 30
0.0
 10
-7.019978424854
 20
82.5
 30
0.0
 10
-6.059935274563
 20
82.5
 30
0.0
 10
-5.702726927538
 20
82.5
 30
0.0
 10
-5.372643732861
 20
82.309461635835
 30
0.0
 10
-5.193989995261
 20
82.000138754003
 30
0.0
 10
-5.015336257661
 20
81.69081587217
 30
0.0
 10
-5.015244656932
 20
81.309686267919
 30
0.0
 10
-5.193749688514
 20
81.000277546511
 30
0.0
 10
-5.67377126366
 20
80.168240149591
 30
0.0
 10
-6.153792838806
 20
79.336202752672
 30
0.0
 10
-6.633814413951
 20
78.504165355752
 30
0.0
  0
SPLINE
  5
169
100
AcDbEntity
  8
Default
100
AcDbSpline
 70
     9
 71
     3
 72
    32
 73
    28
 74
     0
 42
0.0000001
 43
0.0000001
 40
0.0
 40
0.0
 40
0.0
 40
0.0
 40
1.0
 40
1.0
 40
1.0
 40
2.0
 40
2.0
 40
2.0
 40
4.881729078574
 40
4.881729078574
 40
4.881729078574
 40
5.881729078574
 40
5.881729078574
 40
5.881729078574
 40
6.881729078574
 40
6.881729078574
 40
6.881729078574
 40
9.761858529449
 40
9.761858529449
 40
9.761858529449
 40
10.761858529449
 40
10.761858529449
 40
10.761858529449
 40
11.761858529449
 40
11.761858529449
 40
11.761858529449
 40
14.643587608024
 40
14.643587608024
 40
14.643587608024
 40
14.643587608024
 10
-14.566907206976
 20
65.754026582497
 30
0.0
 10
-14.656202632019
 20
65.599247845755
 30
0.0
 10
-14.821309960319
 20
65.503887809242
 30
0.0
 10
-15.0
 20
65.503887809242
 30
0.0
 10
-15.178690039681
 20
65.503887809242
 30
0.0
 10
-15.343797367981
 20
65.599247845755
 30
0.0
 10
-15.433092793024
 20
65.754026582497
 30
0.0
 10
-15.91311436817
 20
66.586063979416
 30
0.0
 10
-16.393135943316
 20
67.418101376336
 30
0.0
 10
-16.873157518462
 20
68.250138773255
 30
0.0
 10
-16.962410034253
 20
68.40484313396
 30
0.0
 10
-16.962364233888
 20
68.595407936085
 30
0.0
 10
-16.873037365088
 20
68.750069377001
 30
0.0
 10
-16.783710496288
 20
68.904730817918
 30
0.0
 10
-16.61866889895
 20
69.0
 30
0.0
 10
-16.440064725438
 20
69.0
 30
0.0
 10
-15.480021575146
 20
69.0
 30
0.0
 10
-14.519978424854
 20
69.0
 30
0.0
 10
-13.559935274563
 20
69.0
 30
0.0
 10
-13.38133110105
 20
69.0
 30
0.0
 10
-13.216289503712
 20
68.904730817918
 30
0.0
 10
-13.126962634912
 20
68.750069377001
 30
0.0
 10
-13.037635766112
 20
68.595407936085
 30
0.0
 10
-13.037589965747
 20
68.40484313396
 30
0.0
 10
-13.126842481538
 20
68.250138773255
 30
0.0
 10
-13.606864056684
 20
67.418101376336
 30
0.0
 10
-14.08688563183
 20
66.586063979416
 30
0.0
 10
-14.566907206976
 20
65.754026582497
 30
0.0
  0
SPLINE
  5
16a
100
AcDbEntity
  8
Default
100
AcDbSpline
 70
     9
 71
     3
 72
    32
 73
    28
 74
     0
 42
0.0000001
 43
0.0000001
 40
0.0
 40
0.0
 40
0.0
 40
0.0
 40
1.0
 40
1.0
 40
1.0
 40
2.0
 40
2.0
 40
2.0
 40
6.614100784464
 40
6.614100784464
 40
6.614100784464
 40
7.614100784464
 40
7.614100784464
 40
7.614100784464
 40
8.614100784464
 40
8.614100784464
 40
8.614100784464
 40
13.225640313786
 40
13.225640313786
 40
13.225640313786
 40
14.225640313786
 40
14.225640313786
 40
14.225640313786
 40
15.225640313786
 40
15.225640313786
 40
15.225640313786
 40
19.83974109825
 40
19.83974109825
 40
19.83974109825
 40
19.83974109825
 10
-14.133814413951
 20
90.503609954432
 30
0.0
 10
-14.312405264039
 20
90.194052480947
 30
0.0
 10
-14.642619920637
 20
90.003332407922
 30
0.0
 10
-15.0
 20
90.003332407922
 30
0.0
 10
-15.357380079363
 20
90.003332407922
 30
0.0
 10
-15.687594735961
 20
90.194052480947
 30
0.0
 10
-15.866185586049
 20
90.503609954432
 30
0.0
 10
-16.634775507602
 20
91.835832485125
 30
0.0
 10
-17.403365429156
 20
93.168055015818
 30
0.0
 10
-18.171955350709
 20
94.50027754651
 30
0.0
 10
-18.350460382291
 20
94.809686267919
 30
0.0
 10
-18.350368781562
 20
95.19081587217
 30
0.0
 10
-18.171715043962
 20
95.500138754003
 30
0.0
 10
-17.993061306362
 20
95.809461635835
 30
0.0
 10
-17.662978111685
 20
96.0
 30
0.0
 10
-17.305769764661
 20
96.0
 30
0.0
 10
-15.768589921554
 20
96.0
 30
0.0
 10
-14.231410078446
 20
96.0
 30
0.0
 10
-12.694230235339
 20
96.0
 30
0.0
 10
-12.337021888315
 20
96.0
 30
0.0
 10
-12.006938693638
 20
95.809461635835
 30
0.0
 10
-11.828284956038
 20
95.500138754002
 30
0.0
 10
-11.649631218438
 20
95.19081587217
 30
0.0
 10
-11.649539617709
 20
94.809686267919
 30
0.0
 10
-11.828044649291
 20
94.50027754651
 30
0.0
 10
-12.596634570844
 20
93.168055015818
 30
0.0
 10
-13.365224492398
 20
91.835832485125
 30
0.0
 10
-14.133814413951
 20
90.503609954432
 30
0.0
  0
SPLINE
  5
16b
100
AcDbEntity
  8
Default
100
AcDbSpline
 70
     9
 71
     3
 72
    32
 73
    28
 74
     0
 42
0.0000001
 43
0.0000001
 40
0.0
 40
0.0
 40
0.0
 40
0.0
 40
1.0
 40
1.0
 40
1.0
 40
2.0
 40
2.0
 40
2.0
 40
4.881729078574
 40
4.881729078574
 40
4.881729078574
 40
5.881729078574
 40
5.881729078574
 40
5.881729078574
 40
6.881729078574
 40
6.881729078574
 40
6.881729078574
 40
9.761858529449
 40
9.761858529449
 40
9.761858529449
 40
10.761858529449
 40
10.761858529449
 40
10.761858529449
 40
11.761858529449
 40
11.761858529449
 40
11.761858529449
 40
14.643587608024
 40
14.643587608024
 40
14.643587608024
 40
14.643587608024
 10
-6.633814413951
 20
91.495834644248
 30
0.0
 10
-6.812405264039
 20
91.805392117733
 30
0.0
 10
-7.142619920637
 20
91.996112190758
 30
0.0
 10
-7.5
 20
91.996112190758
 30
0.0
 10
-7.857380079363
 20
91.996112190758
 30
0.0
 10
-8.187594735961
 20
91.805392117733
 30
0.0
 10
-8.366185586049
 20
91.495834644248
 30
0.0
 10
-8.846207161194
 20
90.663797247328
 30
0.0
 10
-9.32622873634
 20
89.831759850409
 30
0.0
 10
-9.806250311486
 20
88.99972245349
 30
0.0
 10
-9.984755343068
 20
88.690313732081
 30
0.0
 10
-9.984663742339
 20
88.30918412783
 30
0.0
 10
-9.806010004739
 20
87.999861245997
 30
0.0
 10
-9.627356267139
 20
87.690538364165
 30
0.0
 10
-9.297273072462
 20
87.5
 30
0.0
 10
-8.940064725437
 20
87.5
 30
0.0
 10
-7.980021575146
 20
87.5
 30
0.0
 10
-7.019978424854
 20
87.5
 30
0.0
 10
-6.059935274563
 20
87.5
 30
0.0
 10
-5.702726927538
 20
87.5
 30
0.0
 10
-5.372643732861
 20
87.690538364165
 30
0.0
 10
-5.193989995261
 20
87.999861245998
 30
0.0
 10
-5.015336257661
 20
88.30918412783
 30
0.0
 10
-5.015244656932
 20
88.690313732081
 30
0.0
 10
-5.193749688514
 20
88.99972245349
 30
0.0
 10
-5.67377126366
 20
89.831759850409
 30
0.0
 10
-6.153792838806
 20
90.663797247328
 30
0.0
 10
-6.633814413951
 20
91.495834644248
 30
0.0
  0
SPLINE
  5
16c
100
AcDbEntity
  8
Default
100
AcDbSpline
 70
     9
 71
     3
 72
    32
 73
    28
 74
     0
 42
0.0000001
 43
0.0000001
 40
0.0
 40
0.0
 40
0.0
 40
0.0
 40
1.0
 40
1.0
 40
1.0
 40
2.0
 40
2.0
 40
2.0
 40
8.346472490354
 40
8.346472490354
 40
8.346472490354
 40
9.346472490354
 40
9.346472490354
 40
9.346472490354
 40
10.346472490354
 40
10.346472490354
 40
10.346472490354
 40
16.689422098122
 40
16.689422098122
 40
16.689422098122
 40
17.689422098122
 40
17.689422098122
 40
17.689422098122
 40
18.689422098122
 40
18.689422098122
 40
18.689422098122
 40
25.035894588476
 40
25.035894588476
 40
25.035894588476
 40
25.035894588476
 10
-6.633814413951
 20
119.496945446888
 30
0.0
 10
-6.812405264039
 20
119.806502920373
 30
0.0
 10
-7.142619920637
 20
119.997222993399
 30
0.0
 10
-7.5
 20
119.997222993399
 30
0.0
 10
-7.857380079363
 20
119.997222993399
 30
0.0
 10
-8.187594735961
 20
119.806502920373
 30
0.0
 10
-8.366185586049
 20
119.496945446888
 30
0.0
 10
-9.42334385401
 20
117.664537782422
 30
0.0
 10
-10.480502121971
 20
115.832130117956
 30
0.0
 10
-11.537660389933
 20
113.99972245349
 30
0.0
 10
-11.716165421514
 20
113.690313732081
 30
0.0
 10
-11.716073820786
 20
113.30918412783
 30
0.0
 10
-11.537420083186
 20
112.999861245997
 30
0.0
 10
-11.358766345586
 20
112.690538364165
 30
0.0
 10
-11.028683150908
 20
112.5
 30
0.0
 10
-10.671474803884
 20
112.5
 30
0.0
 10
-8.557158267961
 20
112.5
 30
0.0
 10
-6.442841732039
 20
112.5
 30
0.0
 10
-4.328525196116
 20
112.5
 30
0.0
 10
-3.971316849092
 20
112.5
 30
0.0
 10
-3.641233654414
 20
112.690538364165
 30
0.0
 10
-3.462579916815
 20
112.999861245997
 30
0.0
 10
-3.283926179215
 20
113.30918412783
 30
0.0
 10
-3.283834578486
 20
113.690313732081
 30
0.0
 10
-3.462339610068
 20
113.999722453489
 30
0.0
 10
-4.519497878029
 20
115.832130117956
 30
0.0
 10
-5.57665614599
 20
117.664537782422
 30
0.0
 10
-6.633814413951
 20
119.496945446888
 30
0.0
  0
SPLINE
  5
16d
100
AcDbEntity
  8
Default
100
AcDbSpline
 70
     9
 71
     3
 72
    32
 73
    28
 74
     0
 42
0.0000001
 43
0.0000001
 40
0.0
 40
0.0
 40
0.0
 40
0.0
 40
1.0
 40
1.0
 40
1.0
 40
2.0
 40
2.0
 40
2.0
 40
4.881729078574
 40
4.881729078574
 40
4.881729078574
 40
5.881729078574
 40
5.881729078574
 40
5.881729078574
 40
6.881729078574
 40
6.881729078574
 40
6.881729078574
 40
9.761858529449
 40
9.761858529449
 40
9.761858529449
 40
10.761858529449
 40
10.761858529449
 40
10.761858529449
 40
11.761858529449
 40
11.761858529449
 40
11.761858529449
 40
14.643587608024
 40
14.643587608024
 40
14.643587608024
 40
14.643587608024
 10
-44.566907206976
 20
65.754026582497
 30
0.0
 10
-44.656202632019
 20
65.599247845755
 30
0.0
 10
-44.821309960319
 20
65.503887809242
 30
0.0
 10
-45.0
 20
65.503887809242
 30
0.0
 10
-45.178690039681
 20
65.503887809242
 30
0.0
 10
-45.343797367981
 20
65.599247845755
 30
0.0
 10
-45.433092793024
 20
65.754026582497
 30
0.0
 10
-45.91311436817
 20
66.586063979416
 30
0.0
 10
-46.393135943316
 20
67.418101376336
 30
0.0
 10
-46.873157518462
 20
68.250138773255
 30
0.0
 10
-46.962410034253
 20
68.40484313396
 30
0.0
 10
-46.962364233888
 20
68.595407936085
 30
0.0
 10
-46.873037365088
 20
68.750069377001
 30
0.0
 10
-46.783710496288
 20
68.904730817918
 30
0.0
 10
-46.61866889895
 20
69.0
 30
0.0
 10
-46.440064725438
 20
69.0
 30
0.0
 10
-45.480021575146
 20
69.0
 30
0.0
 10
-44.519978424854
 20
69.0
 30
0.0
 10
-43.559935274563
 20
69.0
 30
0.0
 10
-43.38133110105
 20
69.0
 30
0.0
 10
-43.216289503712
 20
68.904730817918
 30
0.0
 10
-43.126962634912
 20
68.750069377001
 30
0.0
 10
-43.037635766112
 20
68.595407936085
 30
0.0
 10
-43.037589965747
 20
68.404843133959
 30
0.0
 10
-43.126842481538
 20
68.250138773255
 30
0.0
 10
-43.606864056684
 20
67.418101376336
 30
0.0
 10
-44.08688563183
 20
66.586063979416
 30
0.0
 10
-44.566907206976
 20
65.754026582497
 30
0.0
  0
SPLINE
  5
16e
100
AcDbEntity
  8
Default
100
AcDbSpline
 70
     9
 71
     3
 72
    32
 73
    28
 74
     0
 42
0.0000001
 43
0.0000001
 40
0.0
 40
0.0
 40
0.0
 40
0.0
 40
1.0
 40
1.0
 40
1.0
 40
2.0
 40
2.0
 40
2.0
 40
4.881729078574
 40
4.881729078574
 40
4.881729078574
 40
5.881729078574
 40
5.881729078574
 40
5.881729078574
 40
6.881729078574
 40
6.881729078574
 40
6.881729078574
 40
9.761858529449
 40
9.761858529449
 40
9.761858529449
 40
10.761858529449
 40
10.761858529449
 40
10.761858529449
 40
11.761858529449
 40
11.761858529449
 40
11.761858529449
 40
14.643587608024
 40
14.643587608024
 40
14.643587608024
 40
14.643587608024
 10
-36.633814413951
 20
78.504165355752
 30
0.0
 10
-36.812405264039
 20
78.194607882267
 30
0.0
 10
-37.142619920637
 20
78.003887809242
 30
0.0
 10
-37.5
 20
78.003887809242
 30
0.0
 10
-37.857380079363
 20
78.003887809242
 30
0.0
 10
-38.187594735961
 20
78.194607882267
 30
0.0
 10
-38.366185586049
 20
78.504165355752
 30
0.0
 10
-38.846207161194
 20
79.336202752672
 30
0.0
 10
-39.32622873634
 20
80.168240149591
 30
0.0
 10
-39.806250311486
 20
81.00027754651
 30
0.0
 10
-39.984755343068
 20
81.309686267919
 30
0.0
 10
-39.984663742339
 20
81.69081587217
 30
0.0
 10
-39.806010004739
 20
82.000138754003
 30
0.0
 10
-39.627356267139
 20
82.309461635835
 30
0.0
 10
-39.297273072462
 20
82.5
 30
0.0
 10
-38.940064725438
 20
82.5
 30
0.0
 10
-37.980021575146
 20
82.5
 30
0.0
 10
-37.019978424854
 20
82.5
 30
0.0
 10
-36.059935274563
 20
82.5
 30
0.0
 10
-35.702726927538
 20
82.5
 30
0.0
 10
-35.372643732861
 20
82.309461635835
 30
0.0
 10
-35.193989995261
 20
82.000138754003
 30
0.0
 10
-35.015336257661
 20
81.69081587217
 30
0.0
 10
-35.015244656932
 20
81.309686267919
 30
0.0
 10
-35.193749688514
 20
81.000277546511
 30
0.0
 10
-35.67377126366
 20
80.168240149591
 30
0.0
 10
-36.153792838806
 20
79.336202752672
 30
0.0
 10
-36.633814413951
 20
78.504165355752
 30
0.0
  0
SPLINE
  5
16f
100
AcDbEntity
  8
Default
100
AcDbSpline
 70
     9
 71
     3
 72
    32
 73
    28
 74
     0
 42
0.0000001
 43
0.0000001
 40
0.0
 40
0.0
 40
0.0
 40
0.0
 40
1.0
 40
1.0
 40
1.0
 40
2.0
 40
2.0
 40
2.0
 40
3.149357372685
 40
3.149357372685
 40
3.149357372685
 40
4.149357372685
 40
4.149357372685
 40
4.149357372685
 40
5.149357372685
 40
5.149357372685
 40
5.149357372685
 40
6.298076745113
 40
6.298076745113
 40
6.298076745113
 40
7.298076745113
 40
7.298076745113
 40
7.298076745113
 40
8.298076745113
 40
8.298076745113
 40
8.298076745113
 40
9.447434117798
 40
9.447434117798
 40
9.447434117798
 40
9.447434117798
 10
-37.066907206976
 20
53.754581983817
 30
0.0
 10
-37.15620263202
 20
53.599803247075
 30
0.0
 10
-37.321309960319
 20
53.504443210562
 30
0.0
 10
-37.5
 20
53.504443210562
 30
0.0
 10
-37.678690039681
 20
53.504443210562
 30
0.0
 10
-37.843797367981
 20
53.599803247075
 30
0.0
 10
-37.933092793024
 20
53.754581983817
 30
0.0
 10
-38.124546021762
 20
54.086434246963
 30
0.0
 10
-38.315999250501
 20
54.418286510109
 30
0.0
 10
-38.507452479239
 20
54.750138773255
 30
0.0
 10
-38.59670499503
 20
54.90484313396
 30
0.0
 10
-38.596659194665
 20
55.095407936085
 30
0.0
 10
-38.507332325865
 20
55.250069377001
 30
0.0
 10
-38.418005457065
 20
55.404730817918
 30
0.0
 10
-38.252963859726
 20
55.5
 30
0.0
 10
-38.074359686214
 20
55.5
 30
0.0
 10
-37.691453228738
 20
55.5
 30
0.0
 10
-37.308546771262
 20
55.5
 30
0.0
 10
-36.925640313786
 20
55.5
 30
0.0
 10
-36.747036140274
 20
55.5
 30
0.0
 10
-36.581994542935
 20
55.404730817918
 30
0.0
 10
-36.492667674135
 20
55.250069377001
 30
0.0
 10
-36.403340805335
 20
55.095407936085
 30
0.0
 10
-36.403295004971
 20
54.90484313396
 30
0.0
 10
-36.492547520762
 20
54.750138773255
 30
0.0
 10
-36.6840007495
 20
54.418286510109
 30
0.0
 10
-36.875453978238
 20
54.086434246963
 30
0.0
 10
-37.066907206976
 20
53.754581983817
 30
0.0
  0
SPLINE
  5
170
100
AcDbEntity
  8
Default
100
AcDbSpline
 70
     9
 71
     3
 72
    32
 73
    28
 74
     0
 42
0.0000001
 43
0.0000001
 40
0.0
 40
0.0
 40
0.0
 40
0.0
 40
1.0
 40
1.0
 40
1.0
 40
2.0
 40
2.0
 40
2.0
 40
3.149357372685
 40
3.149357372685
 40
3.149357372685
 40
4.149357372685
 40
4.149357372685
 40
4.149357372685
 40
5.149357372685
 40
5.149357372685
 40
5.149357372685
 40
6.298076745113
 40
6.298076745113
 40
6.298076745113
 40
7.298076745113
 40
7.298076745113
 40
7.298076745113
 40
8.298076745113
 40
8.298076745113
 40
8.298076745113
 40
9.447434117798
 40
9.447434117798
 40
9.447434117798
 40
9.447434117798
 10
-37.066907206976
 20
64.245418016183
 30
0.0
 10
-37.156202632019
 20
64.400196752925
 30
0.0
 10
-37.321309960319
 20
64.495556789438
 30
0.0
 10
-37.5
 20
64.495556789438
 30
0.0
 10
-37.678690039681
 20
64.495556789438
 30
0.0
 10
-37.843797367981
 20
64.400196752925
 30
0.0
 10
-37.933092793024
 20
64.245418016183
 30
0.0
 10
-38.124546021762
 20
63.913565753037
 30
0.0
 10
-38.315999250501
 20
63.581713489891
 30
0.0
 10
-38.507452479239
 20
63.249861226745
 30
0.0
 10
-38.59670499503
 20
63.09515686604
 30
0.0
 10
-38.596659194665
 20
62.904592063915
 30
0.0
 10
-38.507332325865
 20
62.749930622999
 30
0.0
 10
-38.418005457065
 20
62.595269182082
 30
0.0
 10
-38.252963859726
 20
62.5
 30
0.0
 10
-38.074359686214
 20
62.5
 30
0.0
 10
-37.691453228738
 20
62.5
 30
0.0
 10
-37.308546771262
 20
62.5
 30
0.0
 10
-36.925640313786
 20
62.5
 30
0.0
 10
-36.747036140274
 20
62.5
 30
0.0
 10
-36.581994542935
 20
62.595269182082
 30
0.0
 10
-36.492667674135
 20
62.749930622999
 30
0.0
 10
-36.403340805335
 20
62.904592063915
 30
0.0
 10
-36.403295004971
 20
63.09515686604
 30
0.0
 10
-36.492547520762
 20
63.249861226745
 30
0.0
 10
-36.6840007495
 20
63.581713489891
 30
0.0
 10
-36.875453978238
 20
63.913565753037
 30
0.0
 10
-37.066907206976
 20
64.245418016183
 30
0.0
  0
SPLINE
  5
171
100
AcDbEntity
  8
Default
100
AcDbSpline
 70
     9
 71
     3
 72
    32
 73
    28
 74
     0
 42
0.0000001
 43
0.0000001
 40
0.0
 40
0.0
 40
0.0
 40
0.0
 40
1.0
 40
1.0
 40
1.0
 40
2.0
 40
2.0
 40
2.0
 40
8.346472490354
 40
8.346472490354
 40
8.346472490354
 40
9.346472490354
 40
9.346472490354
 40
9.346472490354
 40
10.346472490354
 40
10.346472490354
 40
10.346472490354
 40
16.689422098122
 40
16.689422098122
 40
16.689422098122
 40
17.689422098122
 40
17.689422098122
 40
17.689422098122
 40
18.689422098122
 40
18.689422098122
 40
18.689422098122
 40
25.035894588476
 40
25.035894588476
 40
25.035894588476
 40
25.035894588476
 10
-58.700721620927
 20
132.746806673633
 30
0.0
 10
-58.968607896058
 20
133.21114288386
 30
0.0
 10
-59.463929880956
 20
133.497222993399
 30
0.0
 10
-60.0
 20
133.497222993399
 30
0.0
 10
-60.536070119044
 20
133.497222993399
 30
0.0
 10
-61.031392103942
 20
133.21114288386
 30
0.0
 10
-61.299278379073
 20
132.746806673633
 30
0.0
 10
-62.356436647034
 20
130.914399009167
 30
0.0
 10
-63.413594914996
 20
129.081991344701
 30
0.0
 10
-64.470753182957
 20
127.249583680234
 30
0.0
 10
-64.73851073033
 20
126.785470598121
 30
0.0
 10
-64.738373329236
 20
126.213776191745
 30
0.0
 10
-64.470392722836
 20
125.749791868996
 30
0.0
 10
-64.202412116436
 20
125.285807546247
 30
0.0
 10
-63.70728732442
 20
125.0
 30
0.0
 10
-63.171474803884
 20
125.0
 30
0.0
 10
-61.057158267961
 20
125.0
 30
0.0
 10
-58.942841732039
 20
125.0
 30
0.0
 10
-56.828525196116
 20
125.0
 30
0.0
 10
-56.29271267558
 20
125.0
 30
0.0
 10
-55.797587883564
 20
125.285807546247
 30
0.0
 10
-55.529607277164
 20
125.749791868996
 30
0.0
 10
-55.261626670764
 20
126.213776191745
 30
0.0
 10
-55.26148926967
 20
126.785470598121
 30
0.0
 10
-55.529246817043
 20
127.249583680234
 30
0.0
 10
-56.586405085005
 20
129.081991344701
 30
0.0
 10
-57.643563352966
 20
130.914399009167
 30
0.0
 10
-58.700721620927
 20
132.746806673633
 30
0.0
  0
SPLINE
  5
172
100
AcDbEntity
  8
Default
100
AcDbSpline
 70
     9
 71
     3
 72
    32
 73
    28
 74
     0
 42
0.0000001
 43
0.0000001
 40
0.0
 40
0.0
 40
0.0
 40
0.0
 40
1.0
 40
1.0
 40
1.0
 40
2.0
 40
2.0
 40
2.0
 40
11.805769764661
 40
11.805769764661
 40
11.805769764661
 40
12.805769764661
 40
12.805769764661
 40
12.805769764661
 40
13.805769764661
 40
13.805769764661
 40
13.805769764661
 40
23.616985666794
 40
23.616985666794
 40
23.616985666794
 40
24.616985666794
 40
24.616985666794
 40
24.616985666794
 40
25.616985666794
 40
25.616985666794
 40
25.616985666794
 40
35.428201568928
 40
35.428201568928
 40
35.428201568928
 40
35.428201568928
 10
-66.202163261403
 20
147.750416319766
 30
0.0
 10
-66.469920808776
 20
148.214529401879
 30
0.0
 10
-66.469783407683
 20
148.786223808255
 30
0.0
 10
-66.201802801283
 20
149.250208131004
 30
0.0
 10
-65.933822194883
 20
149.714192453753
 30
0.0
 10
-65.438697402867
 20
150.0
 30
0.0
 10
-64.90288488233
 20
150.0
 30
0.0
 10
-61.634294960777
 20
150.0
 30
0.0
 10
-58.365705039223
 20
150.0
 30
0.0
 10
-55.09711511767
 20
150.0
 30
0.0
 10
-54.561302597133
 20
150.0
 30
0.0
 10
-54.066177805117
 20
149.714192453752
 30
0.0
 10
-53.798197198717
 20
149.250208131003
 30
0.0
 10
-53.530216592317
 20
148.786223808254
 30
0.0
 10
-53.530079191224
 20
148.214529401878
 30
0.0
 10
-53.797836738596
 20
147.750416319765
 30
0.0
 10
-55.432131699374
 20
144.917638387753
 30
0.0
 10
-57.06642666015
 20
142.08486045574
 30
0.0
 10
-58.700721620927
 20
139.252082523726
 30
0.0
 10
-58.968607896058
 20
138.787746313499
 30
0.0
 10
-59.463929880956
 20
138.501666203961
 30
0.0
 10
-60.0
 20
138.501666203961
 30
0.0
 10
-60.536070119044
 20
138.501666203961
 30
0.0
 10
-61.031392103942
 20
138.787746313499
 30
0.0
 10
-61.299278379073
 20
139.252082523726
 30
0.0
 10
-62.93357333985
 20
142.08486045574
 30
0.0
 10
-64.567868300626
 20
144.917638387753
 30
0.0
 10
-66.202163261403
 20
147.750416319766
 30
0.0
  0
SPLINE
  5
173
100
AcDbEntity
  8
Default
100
AcDbSpline
 70
     9
 71
     3
 72
    32
 73
    28
 74
     0
 42
0.0000001
 43
0.0000001
 40
0.0
 40
0.0
 40
0.0
 40
0.0
 40
1.0
 40
1.0
 40
1.0
 40
2.0
 40
2.0
 40
2.0
 40
8.346472490354
 40
8.346472490354
 40
8.346472490354
 40
9.346472490354
 40
9.346472490354
 40
9.346472490354
 40
10.346472490354
 40
10.346472490354
 40
10.346472490354
 40
16.689422098122
 40
16.689422098122
 40
16.689422098122
 40
17.689422098122
 40
17.689422098122
 40
17.689422098122
 40
18.689422098122
 40
18.689422098122
 40
18.689422098122
 40
25.035894588476
 40
25.035894588476
 40
25.035894588476
 40
25.035894588476
 10
-58.700721620927
 20
115.253193326367
 30
0.0
 10
-58.968607896058
 20
114.788857116139
 30
0.0
 10
-59.463929880956
 20
114.502777006601
 30
0.0
 10
-60.0
 20
114.502777006601
 30
0.0
 10
-60.536070119044
 20
114.502777006601
 30
0.0
 10
-61.031392103942
 20
114.78885711614
 30
0.0
 10
-61.299278379073
 20
115.253193326367
 30
0.0
 10
-62.356436647034
 20
117.085600990833
 30
0.0
 10
-63.413594914996
 20
118.918008655299
 30
0.0
 10
-64.470753182957
 20
120.750416319766
 30
0.0
 10
-64.73851073033
 20
121.214529401879
 30
0.0
 10
-64.738373329236
 20
121.786223808255
 30
0.0
 10
-64.470392722836
 20
122.250208131004
 30
0.0
 10
-64.202412116436
 20
122.714192453753
 30
0.0
 10
-63.70728732442
 20
123.0
 30
0.0
 10
-63.171474803884
 20
123.0
 30
0.0
 10
-61.057158267961
 20
123.0
 30
0.0
 10
-58.942841732039
 20
123.0
 30
0.0
 10
-56.828525196116
 20
123.0
 30
0.0
 10
-56.29271267558
 20
123.0
 30
0.0
 10
-55.797587883564
 20
122.714192453753
 30
0.0
 10
-55.529607277164
 20
122.250208131004
 30
0.0
 10
-55.261626670764
 20
121.786223808255
 30
0.0
 10
-55.26148926967
 20
121.214529401879
 30
0.0
 10
-55.529246817043
 20
120.750416319766
 30
0.0
 10
-56.586405085005
 20
118.918008655299
 30
0.0
 10
-57.643563352966
 20
117.085600990833
 30
0.0
 10
-58.700721620927
 20
115.253193326367
 30
0.0
  0
SPLINE
  5
174
100
AcDbEntity
  8
Default
100
AcDbSpline
 70
     9
 71
     3
 72
    32
 73
    28
 74
     0
 42
0.0000001
 43
0.0000001
 40
0.0
 40
0.0
 40
0.0
 40
0.0
 40
1.0
 40
1.0
 40
1.0
 40
2.0
 40
2.0
 40
2.0
 40
8.346472490354
 40
8.346472490354
 40
8.346472490354
 40
9.346472490354
 40
9.346472490354
 40
9.346472490354
 40
10.346472490354
 40
10.346472490354
 40
10.346472490354
 40
16.689422098122
 40
16.689422098122
 40
16.689422098122
 40
17.689422098122
 40
17.689422098122
 40
17.689422098122
 40
18.689422098122
 40
18.689422098122
 40
18.689422098122
 40
25.035894588476
 40
25.035894588476
 40
25.035894588476
 40
25.035894588476
 10
-51.633814413951
 20
119.496945446888
 30
0.0
 10
-51.812405264039
 20
119.806502920373
 30
0.0
 10
-52.142619920637
 20
119.997222993399
 30
0.0
 10
-52.5
 20
119.997222993399
 30
0.0
 10
-52.857380079363
 20
119.997222993399
 30
0.0
 10
-53.187594735961
 20
119.806502920373
 30
0.0
 10
-53.366185586049
 20
119.496945446888
 30
0.0
 10
-54.42334385401
 20
117.664537782422
 30
0.0
 10
-55.480502121971
 20
115.832130117956
 30
0.0
 10
-56.537660389933
 20
113.99972245349
 30
0.0
 10
-56.716165421514
 20
113.690313732081
 30
0.0
 10
-56.716073820786
 20
113.30918412783
 30
0.0
 10
-56.537420083186
 20
112.999861245997
 30
0.0
 10
-56.358766345586
 20
112.690538364165
 30
0.0
 10
-56.028683150908
 20
112.5
 30
0.0
 10
-55.671474803884
 20
112.5
 30
0.0
 10
-53.557158267961
 20
112.5
 30
0.0
 10
-51.442841732039
 20
112.5
 30
0.0
 10
-49.328525196116
 20
112.5
 30
0.0
 10
-48.971316849092
 20
112.5
 30
0.0
 10
-48.641233654414
 20
112.690538364165
 30
0.0
 10
-48.462579916815
 20
112.999861245997
 30
0.0
 10
-48.283926179215
 20
113.30918412783
 30
0.0
 10
-48.283834578486
 20
113.690313732081
 30
0.0
 10
-48.462339610068
 20
113.999722453489
 30
0.0
 10
-49.519497878029
 20
115.832130117956
 30
0.0
 10
-50.57665614599
 20
117.664537782422
 30
0.0
 10
-51.633814413951
 20
119.496945446888
 30
0.0
  0
SPLINE
  5
175
100
AcDbEntity
  8
Default
100
AcDbSpline
 70
     9
 71
     3
 72
    32
 73
    28
 74
     0
 42
0.0000001
 43
0.0000001
 40
0.0
 40
0.0
 40
0.0
 40
0.0
 40
1.0
 40
1.0
 40
1.0
 40
2.0
 40
2.0
 40
2.0
 40
10.078844196244
 40
10.078844196244
 40
10.078844196244
 40
11.078844196244
 40
11.078844196244
 40
11.078844196244
 40
12.078844196244
 40
12.078844196244
 40
12.078844196244
 40
20.153203882458
 40
20.153203882458
 40
20.153203882458
 40
21.153203882458
 40
21.153203882458
 40
21.153203882458
 40
22.153203882458
 40
22.153203882458
 40
22.153203882458
 40
30.232048078702
 40
30.232048078702
 40
30.232048078702
 40
30.232048078702
 10
-51.200721620927
 20
146.747362074953
 30
0.0
 10
-51.468607896058
 20
147.211698285181
 30
0.0
 10
-51.963929880956
 20
147.497778394719
 30
0.0
 10
-52.5
 20
147.497778394719
 30
0.0
 10
-53.036070119044
 20
147.497778394719
 30
0.0
 10
-53.531392103942
 20
147.211698285181
 30
0.0
 10
-53.799278379073
 20
146.747362074953
 30
0.0
 10
-55.145004993442
 20
144.414769276714
 30
0.0
 10
-56.490731607811
 20
142.082176478474
 30
0.0
 10
-57.83645822218
 20
139.749583680234
 30
0.0
 10
-58.104215769553
 20
139.285470598121
 30
0.0
 10
-58.10407836846
 20
138.713776191745
 30
0.0
 10
-57.83609776206
 20
138.249791868996
 30
0.0
 10
-57.56811715566
 20
137.785807546247
 30
0.0
 10
-57.072992363643
 20
137.5
 30
0.0
 10
-56.537179843107
 20
137.5
 30
0.0
 10
-53.845726614369
 20
137.5
 30
0.0
 10
-51.154273385631
 20
137.5
 30
0.0
 10
-48.462820156893
 20
137.5
 30
0.0
 10
-47.927007636357
 20
137.5
 30
0.0
 10
-47.43188284434
 20
137.785807546247
 30
0.0
 10
-47.16390223794
 20
138.249791868996
 30
0.0
 10
-46.895921631541
 20
138.713776191745
 30
0.0
 10
-46.895784230447
 20
139.285470598121
 30
0.0
 10
-47.16354177782
 20
139.749583680234
 30
0.0
 10
-48.509268392189
 20
142.082176478474
 30
0.0
 10
-49.854995006558
 20
144.414769276714
 30
0.0
 10
-51.200721620927
 20
146.747362074953
 30
0.0
  0
SPLINE
  5
176
100
AcDbEntity
  8
Default
100
AcDbSpline
 70
     9
 71
     3
 72
    32
 73
    28
 74
     0
 42
0.0000001
 43
0.0000001
 40
0.0
 40
0.0
 40
0.0
 40
0.0
 40
1.0
 40
1.0
 40
1.0
 40
2.0
 40
2.0
 40
2.0
 40
10.078844196244
 40
10.078844196244
 40
10.078844196244
 40
11.078844196244
 40
11.078844196244
 40
11.078844196244
 40
12.078844196244
 40
12.078844196244
 40
12.078844196244
 40
20.153203882458
 40
20.153203882458
 40
20.153203882458
 40
21.153203882458
 40
21.153203882458
 40
21.153203882458
 40
22.153203882458
 40
22.153203882458
 40
22.153203882458
 40
30.232048078702
 40
30.232048078702
 40
30.232048078702
 40
30.232048078702
 10
-51.200721620927
 20
127.252637925047
 30
0.0
 10
-51.468607896058
 20
126.788301714819
 30
0.0
 10
-51.963929880956
 20
126.502221605281
 30
0.0
 10
-52.5
 20
126.502221605281
 30
0.0
 10
-53.036070119044
 20
126.502221605281
 30
0.0
 10
-53.531392103942
 20
126.788301714819
 30
0.0
 10
-53.799278379073
 20
127.252637925047
 30
0.0
 10
-55.145004993442
 20
129.585230723286
 30
0.0
 10
-56.490731607811
 20
131.917823521526
 30
0.0
 10
-57.83645822218
 20
134.250416319766
 30
0.0
 10
-58.104215769553
 20
134.714529401879
 30
0.0
 10
-58.10407836846
 20
135.286223808255
 30
0.0
 10
-57.83609776206
 20
135.750208131004
 30
0.0
 10
-57.56811715566
 20
136.214192453753
 30
0.0
 10
-57.072992363643
 20
136.5
 30
0.0
 10
-56.537179843107
 20
136.5
 30
0.0
 10
-53.845726614369
 20
136.5
 30
0.0
 10
-51.154273385631
 20
136.5
 30
0.0
 10
-48.462820156893
 20
136.5
 30
0.0
 10
-47.927007636357
 20
136.5
 30
0.0
 10
-47.43188284434
 20
136.214192453753
 30
0.0
 10
-47.16390223794
 20
135.750208131004
 30
0.0
 10
-46.895921631541
 20
135.286223808255
 30
0.0
 10
-46.895784230447
 20
134.714529401879
 30
0.0
 10
-47.16354177782
 20
134.250416319766
 30
0.0
 10
-48.509268392189
 20
131.917823521526
 30
0.0
 10
-49.854995006558
 20
129.585230723286
 30
0.0
 10
-51.200721620927
 20
127.252637925047
 30
0.0
  0
SPLINE
  5
177
100
AcDbEntity
  8
Default
100
AcDbSpline
 70
     9
 71
     3
 72
    32
 73
    28
 74
     0
 42
0.0000001
 43
0.0000001
 40
0.0
 40
0.0
 40
0.0
 40
0.0
 40
1.0
 40
1.0
 40
1.0
 40
2.0
 40
2.0
 40
2.0
 40
6.614100784464
 40
6.614100784464
 40
6.614100784464
 40
7.614100784464
 40
7.614100784464
 40
7.614100784464
 40
8.614100784464
 40
8.614100784464
 40
8.614100784464
 40
13.225640313786
 40
13.225640313786
 40
13.225640313786
 40
14.225640313786
 40
14.225640313786
 40
14.225640313786
 40
15.225640313786
 40
15.225640313786
 40
15.225640313786
 40
19.83974109825
 40
19.83974109825
 40
19.83974109825
 40
19.83974109825
 10
-44.133814413952
 20
105.496390045568
 30
0.0
 10
-44.312405264039
 20
105.805947519053
 30
0.0
 10
-44.642619920637
 20
105.996667592078
 30
0.0
 10
-45.0
 20
105.996667592078
 30
0.0
 10
-45.357380079363
 20
105.996667592078
 30
0.0
 10
-45.687594735961
 20
105.805947519053
 30
0.0
 10
-45.866185586049
 20
105.496390045568
 30
0.0
 10
-46.634775507602
 20
104.164167514875
 30
0.0
 10
-47.403365429156
 20
102.831944984182
 30
0.0
 10
-48.171955350709
 20
101.49972245349
 30
0.0
 10
-48.350460382291
 20
101.190313732081
 30
0.0
 10
-48.350368781562
 20
100.80918412783
 30
0.0
 10
-48.171715043962
 20
100.499861245997
 30
0.0
 10
-47.993061306362
 20
100.190538364165
 30
0.0
 10
-47.662978111685
 20
100.0
 30
0.0
 10
-47.305769764661
 20
100.0
 30
0.0
 10
-45.768589921554
 20
100.0
 30
0.0
 10
-44.231410078446
 20
100.0
 30
0.0
 10
-42.694230235339
 20
100.0
 30
0.0
 10
-42.337021888315
 20
100.0
 30
0.0
 10
-42.006938693638
 20
100.190538364165
 30
0.0
 10
-41.828284956038
 20
100.499861245997
 30
0.0
 10
-41.649631218438
 20
100.80918412783
 30
0.0
 10
-41.649539617709
 20
101.190313732081
 30
0.0
 10
-41.828044649291
 20
101.499722453489
 30
0.0
 10
-42.596634570844
 20
102.831944984182
 30
0.0
 10
-43.365224492398
 20
104.164167514875
 30
0.0
 10
-44.133814413951
 20
105.496390045568
 30
0.0
  0
SPLINE
  5
178
100
AcDbEntity
  8
Default
100
AcDbSpline
 70
     9
 71
     3
 72
    32
 73
    28
 74
     0
 42
0.0000001
 43
0.0000001
 40
0.0
 40
0.0
 40
0.0
 40
0.0
 40
1.0
 40
1.0
 40
1.0
 40
2.0
 40
2.0
 40
2.0
 40
3.149357372685
 40
3.149357372685
 40
3.149357372685
 40
4.149357372685
 40
4.149357372685
 40
4.149357372685
 40
5.149357372685
 40
5.149357372685
 40
5.149357372685
 40
6.298076745113
 40
6.298076745113
 40
6.298076745113
 40
7.298076745113
 40
7.298076745113
 40
7.298076745113
 40
8.298076745113
 40
8.298076745113
 40
8.298076745113
 40
9.447434117798
 40
9.447434117798
 40
9.447434117798
 40
9.447434117798
 10
-52.066907206976
 20
64.245418016183
 30
0.0
 10
-52.156202632019
 20
64.400196752925
 30
0.0
 10
-52.321309960319
 20
64.495556789438
 30
0.0
 10
-52.5
 20
64.495556789438
 30
0.0
 10
-52.678690039681
 20
64.495556789438
 30
0.0
 10
-52.843797367981
 20
64.400196752925
 30
0.0
 10
-52.933092793024
 20
64.245418016183
 30
0.0
 10
-53.124546021762
 20
63.913565753037
 30
0.0
 10
-53.315999250501
 20
63.581713489891
 30
0.0
 10
-53.507452479239
 20
63.249861226745
 30
0.0
 10
-53.59670499503
 20
63.09515686604
 30
0.0
 10
-53.596659194665
 20
62.904592063915
 30
0.0
 10
-53.507332325865
 20
62.749930622999
 30
0.0
 10
-53.418005457065
 20
62.595269182082
 30
0.0
 10
-53.252963859726
 20
62.5
 30
0.0
 10
-53.074359686214
 20
62.5
 30
0.0
 10
-52.691453228738
 20
62.5
 30
0.0
 10
-52.308546771262
 20
62.5
 30
0.0
 10
-51.925640313786
 20
62.5
 30
0.0
 10
-51.747036140274
 20
62.5
 30
0.0
 10
-51.581994542935
 20
62.595269182082
 30
0.0
 10
-51.492667674135
 20
62.749930622999
 30
0.0
 10
-51.403340805335
 20
62.904592063915
 30
0.0
 10
-51.403295004971
 20
63.09515686604
 30
0.0
 10
-51.492547520762
 20
63.249861226745
 30
0.0
 10
-51.6840007495
 20
63.581713489891
 30
0.0
 10
-51.875453978238
 20
63.913565753037
 30
0.0
 10
-52.066907206976
 20
64.245418016183
 30
0.0
  0
SPLINE
  5
179
100
AcDbEntity
  8
Default
100
AcDbSpline
 70
     9
 71
     3
 72
    32
 73
    28
 74
     0
 42
0.0000001
 43
0.0000001
 40
0.0
 40
0.0
 40
0.0
 40
0.0
 40
1.0
 40
1.0
 40
1.0
 40
2.0
 40
2.0
 40
2.0
 40
4.881729078574
 40
4.881729078574
 40
4.881729078574
 40
5.881729078574
 40
5.881729078574
 40
5.881729078574
 40
6.881729078574
 40
6.881729078574
 40
6.881729078574
 40
9.761858529449
 40
9.761858529449
 40
9.761858529449
 40
10.761858529449
 40
10.761858529449
 40
10.761858529449
 40
11.761858529449
 40
11.761858529449
 40
11.761858529449
 40
14.643587608024
 40
14.643587608024
 40
14.643587608024
 40
14.643587608024
 10
-51.633814413951
 20
91.495834644248
 30
0.0
 10
-51.812405264039
 20
91.805392117733
 30
0.0
 10
-52.142619920637
 20
91.996112190758
 30
0.0
 10
-52.5
 20
91.996112190758
 30
0.0
 10
-52.857380079363
 20
91.996112190758
 30
0.0
 10
-53.187594735961
 20
91.805392117733
 30
0.0
 10
-53.366185586049
 20
91.495834644248
 30
0.0
 10
-53.846207161194
 20
90.663797247328
 30
0.0
 10
-54.32622873634
 20
89.831759850409
 30
0.0
 10
-54.806250311486
 20
88.99972245349
 30
0.0
 10
-54.984755343068
 20
88.690313732081
 30
0.0
 10
-54.984663742339
 20
88.30918412783
 30
0.0
 10
-54.806010004739
 20
87.999861245997
 30
0.0
 10
-54.627356267139
 20
87.690538364165
 30
0.0
 10
-54.297273072462
 20
87.5
 30
0.0
 10
-53.940064725438
 20
87.5
 30
0.0
 10
-52.980021575146
 20
87.5
 30
0.0
 10
-52.019978424854
 20
87.5
 30
0.0
 10
-51.059935274563
 20
87.5
 30
0.0
 10
-50.702726927538
 20
87.5
 30
0.0
 10
-50.372643732861
 20
87.690538364165
 30
0.0
 10
-50.193989995261
 20
87.999861245998
 30
0.0
 10
-50.015336257661
 20
88.30918412783
 30
0.0
 10
-50.015244656932
 20
88.690313732081
 30
0.0
 10
-50.193749688514
 20
88.99972245349
 30
0.0
 10
-50.67377126366
 20
89.831759850409
 30
0.0
 10
-51.153792838806
 20
90.663797247328
 30
0.0
 10
-51.633814413951
 20
91.495834644248
 30
0.0
  0
SPLINE
  5
17a
100
AcDbEntity
  8
Default
100
AcDbSpline
 70
     9
 71
     3
 72
    32
 73
    28
 74
     0
 42
0.0000001
 43
0.0000001
 40
0.0
 40
0.0
 40
0.0
 40
0.0
 40
1.0
 40
1.0
 40
1.0
 40
2.0
 40
2.0
 40
2.0
 40
8.346472490354
 40
8.346472490354
 40
8.346472490354
 40
9.346472490354
 40
9.346472490354
 40
9.346472490354
 40
10.346472490354
 40
10.346472490354
 40
10.346472490354
 40
16.689422098122
 40
16.689422098122
 40
16.689422098122
 40
17.689422098122
 40
17.689422098122
 40
17.689422098122
 40
18.689422098122
 40
18.689422098122
 40
18.689422098122
 40
25.035894588476
 40
25.035894588476
 40
25.035894588476
 40
25.035894588476
 10
-43.700721620927
 20
132.746806673633
 30
0.0
 10
-43.968607896058
 20
133.21114288386
 30
0.0
 10
-44.463929880956
 20
133.497222993399
 30
0.0
 10
-45.0
 20
133.497222993399
 30
0.0
 10
-45.536070119044
 20
133.497222993399
 30
0.0
 10
-46.031392103942
 20
133.21114288386
 30
0.0
 10
-46.299278379073
 20
132.746806673633
 30
0.0
 10
-47.356436647034
 20
130.914399009167
 30
0.0
 10
-48.413594914996
 20
129.081991344701
 30
0.0
 10
-49.470753182957
 20
127.249583680234
 30
0.0
 10
-49.73851073033
 20
126.785470598121
 30
0.0
 10
-49.738373329236
 20
126.213776191745
 30
0.0
 10
-49.470392722836
 20
125.749791868996
 30
0.0
 10
-49.202412116436
 20
125.285807546247
 30
0.0
 10
-48.70728732442
 20
125.0
 30
0.0
 10
-48.171474803884
 20
125.0
 30
0.0
 10
-46.057158267961
 20
125.0
 30
0.0
 10
-43.942841732039
 20
125.0
 30
0.0
 10
-41.828525196116
 20
125.0
 30
0.0
 10
-41.29271267558
 20
125.0
 30
0.0
 10
-40.797587883564
 20
125.285807546247
 30
0.0
 10
-40.529607277164
 20
125.749791868996
 30
0.0
 10
-40.261626670764
 20
126.213776191745
 30
0.0
 10
-40.26148926967
 20
126.785470598121
 30
0.0
 10
-40.529246817043
 20
127.249583680234
 30
0.0
 10
-41.586405085005
 20
129.081991344701
 30
0.0
 10
-42.643563352966
 20
130.914399009167
 30
0.0
 10
-43.700721620927
 20
132.746806673633
 30
0.0
  0
SPLINE
  5
17b
100
AcDbEntity
  8
Default
100
AcDbSpline
 70
     9
 71
     3
 72
    32
 73
    28
 74
     0
 42
0.0000001
 43
0.0000001
 40
0.0
 40
0.0
 40
0.0
 40
0.0
 40
1.0
 40
1.0
 40
1.0
 40
2.0
 40
2.0
 40
2.0
 40
4.881729078574
 40
4.881729078574
 40
4.881729078574
 40
5.881729078574
 40
5.881729078574
 40
5.881729078574
 40
6.881729078574
 40
6.881729078574
 40
6.881729078574
 40
9.761858529449
 40
9.761858529449
 40
9.761858529449
 40
10.761858529449
 40
10.761858529449
 40
10.761858529449
 40
11.761858529449
 40
11.761858529449
 40
11.761858529449
 40
14.643587608024
 40
14.643587608024
 40
14.643587608024
 40
14.643587608024
 10
-51.633814413951
 20
78.504165355752
 30
0.0
 10
-51.812405264039
 20
78.194607882267
 30
0.0
 10
-52.142619920637
 20
78.003887809242
 30
0.0
 10
-52.5
 20
78.003887809242
 30
0.0
 10
-52.857380079363
 20
78.003887809242
 30
0.0
 10
-53.187594735961
 20
78.194607882267
 30
0.0
 10
-53.366185586049
 20
78.504165355752
 30
0.0
 10
-53.846207161194
 20
79.336202752672
 30
0.0
 10
-54.32622873634
 20
80.168240149591
 30
0.0
 10
-54.806250311486
 20
81.00027754651
 30
0.0
 10
-54.984755343068
 20
81.309686267919
 30
0.0
 10
-54.984663742339
 20
81.69081587217
 30
0.0
 10
-54.806010004739
 20
82.000138754003
 30
0.0
 10
-54.627356267139
 20
82.309461635835
 30
0.0
 10
-54.297273072462
 20
82.5
 30
0.0
 10
-53.940064725438
 20
82.5
 30
0.0
 10
-52.980021575146
 20
82.5
 30
0.0
 10
-52.019978424854
 20
82.5
 30
0.0
 10
-51.059935274563
 20
82.5
 30
0.0
 10
-50.702726927538
 20
82.5
 30
0.0
 10
-50.372643732861
 20
82.309461635835
 30
0.0
 10
-50.193989995261
 20
82.000138754003
 30
0.0
 10
-50.015336257661
 20
81.69081587217
 30
0.0
 10
-50.015244656932
 20
81.309686267919
 30
0.0
 10
-50.193749688514
 20
81.000277546511
 30
0.0
 10
-50.67377126366
 20
80.168240149591
 30
0.0
 10
-51.153792838806
 20
79.336202752672
 30
0.0
 10
-51.633814413951
 20
78.504165355752
 30
0.0
  0
SPLINE
  5
17c
100
AcDbEntity
  8
Default
100
AcDbSpline
 70
     9
 71
     3
 72
    32
 73
    28
 74
     0
 42
0.0000001
 43
0.0000001
 40
0.0
 40
0.0
 40
0.0
 40
0.0
 40
1.0
 40
1.0
 40
1.0
 40
2.0
 40
2.0
 40
2.0
 40
8.346472490354
 40
8.346472490354
 40
8.346472490354
 40
9.346472490354
 40
9.346472490354
 40
9.346472490354
 40
10.346472490354
 40
10.346472490354
 40
10.346472490354
 40
16.689422098122
 40
16.689422098122
 40
16.689422098122
 40
17.689422098122
 40
17.689422098122
 40
17.689422098122
 40
18.689422098122
 40
18.689422098122
 40
18.689422098122
 40
25.035894588476
 40
25.035894588476
 40
25.035894588476
 40
25.035894588476
 10
-36.633814413951
 20
102.503054553112
 30
0.0
 10
-36.812405264039
 20
102.193497079627
 30
0.0
 10
-37.142619920637
 20
102.002777006601
 30
0.0
 10
-37.5
 20
102.002777006601
 30
0.0
 10
-37.857380079363
 20
102.002777006601
 30
0.0
 10
-38.187594735961
 20
102.193497079627
 30
0.0
 10
-38.366185586049
 20
102.503054553112
 30
0.0
 10
-39.42334385401
 20
104.335462217578
 30
0.0
 10
-40.480502121971
 20
106.167869882044
 30
0.0
 10
-41.537660389933
 20
108.000277546511
 30
0.0
 10
-41.716165421514
 20
108.309686267919
 30
0.0
 10
-41.716073820786
 20
108.69081587217
 30
0.0
 10
-41.537420083186
 20
109.000138754003
 30
0.0
 10
-41.358766345586
 20
109.309461635835
 30
0.0
 10
-41.028683150908
 20
109.5
 30
0.0
 10
-40.671474803884
 20
109.5
 30
0.0
 10
-38.557158267961
 20
109.5
 30
0.0
 10
-36.442841732039
 20
109.5
 30
0.0
 10
-34.328525196116
 20
109.5
 30
0.0
 10
-33.971316849092
 20
109.5
 30
0.0
 10
-33.641233654414
 20
109.309461635835
 30
0.0
 10
-33.462579916814
 20
109.000138754002
 30
0.0
 10
-33.283926179214
 20
108.69081587217
 30
0.0
 10
-33.283834578486
 20
108.309686267919
 30
0.0
 10
-33.462339610067
 20
108.00027754651
 30
0.0
 10
-34.519497878029
 20
106.167869882044
 30
0.0
 10
-35.57665614599
 20
104.335462217578
 30
0.0
 10
-36.633814413951
 20
102.503054553112
 30
0.0
  0
SPLINE
  5
17d
100
AcDbEntity
  8
Default
100
AcDbSpline
 70
     9
 71
     3
 72
    32
 73
    28
 74
     0
 42
0.0000001
 43
0.0000001
 40
0.0
 40
0.0
 40
0.0
 40
0.0
 40
1.0
 40
1.0
 40
1.0
 40
2.0
 40
2.0
 40
2.0
 40
6.614100784464
 40
6.614100784464
 40
6.614100784464
 40
7.614100784464
 40
7.614100784464
 40
7.614100784464
 40
8.614100784464
 40
8.614100784464
 40
8.614100784464
 40
13.225640313786
 40
13.225640313786
 40
13.225640313786
 40
14.225640313786
 40
14.225640313786
 40
14.225640313786
 40
15.225640313786
 40
15.225640313786
 40
15.225640313786
 40
19.83974109825
 40
19.83974109825
 40
19.83974109825
 40
19.83974109825
 10
-59.133814413952
 20
105.496390045568
 30
0.0
 10
-59.312405264039
 20
105.805947519053
 30
0.0
 10
-59.642619920637
 20
105.996667592078
 30
0.0
 10
-60.0
 20
105.996667592078
 30
0.0
 10
-60.357380079363
 20
105.996667592078
 30
0.0
 10
-60.687594735961
 20
105.805947519053
 30
0.0
 10
-60.866185586049
 20
105.496390045568
 30
0.0
 10
-61.634775507602
 20
104.164167514875
 30
0.0
 10
-62.403365429156
 20
102.831944984182
 30
0.0
 10
-63.171955350709
 20
101.49972245349
 30
0.0
 10
-63.350460382291
 20
101.190313732081
 30
0.0
 10
-63.350368781562
 20
100.80918412783
 30
0.0
 10
-63.171715043962
 20
100.499861245997
 30
0.0
 10
-62.993061306362
 20
100.190538364165
 30
0.0
 10
-62.662978111685
 20
100.0
 30
0.0
 10
-62.305769764661
 20
100.0
 30
0.0
 10
-60.768589921554
 20
100.0
 30
0.0
 10
-59.231410078446
 20
100.0
 30
0.0
 10
-57.694230235339
 20
100.0
 30
0.0
 10
-57.337021888315
 20
100.0
 30
0.0
 10
-57.006938693638
 20
100.190538364165
 30
0.0
 10
-56.828284956038
 20
100.499861245997
 30
0.0
 10
-56.649631218438
 20
100.80918412783
 30
0.0
 10
-56.649539617709
 20
101.190313732081
 30
0.0
 10
-56.828044649291
 20
101.49972245349
 30
0.0
 10
-57.596634570844
 20
102.831944984182
 30
0.0
 10
-58.365224492398
 20
104.164167514875
 30
0.0
 10
-59.133814413951
 20
105.496390045568
 30
0.0
  0
SPLINE
  5
17e
100
AcDbEntity
  8
Default
100
AcDbSpline
 70
     9
 71
     3
 72
    32
 73
    28
 74
     0
 42
0.0000001
 43
0.0000001
 40
0.0
 40
0.0
 40
0.0
 40
0.0
 40
1.0
 40
1.0
 40
1.0
 40
2.0
 40
2.0
 40
2.0
 40
8.346472490354
 40
8.346472490354
 40
8.346472490354
 40
9.346472490354
 40
9.346472490354
 40
9.346472490354
 40
10.346472490354
 40
10.346472490354
 40
10.346472490354
 40
16.689422098122
 40
16.689422098122
 40
16.689422098122
 40
17.689422098122
 40
17.689422098122
 40
17.689422098122
 40
18.689422098122
 40
18.689422098122
 40
18.689422098122
 40
25.035894588476
 40
25.035894588476
 40
25.035894588476
 40
25.035894588476
 10
-36.633814413951
 20
119.496945446888
 30
0.0
 10
-36.812405264039
 20
119.806502920373
 30
0.0
 10
-37.142619920637
 20
119.997222993399
 30
0.0
 10
-37.5
 20
119.997222993399
 30
0.0
 10
-37.857380079363
 20
119.997222993399
 30
0.0
 10
-38.187594735961
 20
119.806502920373
 30
0.0
 10
-38.366185586049
 20
119.496945446888
 30
0.0
 10
-39.42334385401
 20
117.664537782422
 30
0.0
 10
-40.480502121971
 20
115.832130117956
 30
0.0
 10
-41.537660389933
 20
113.99972245349
 30
0.0
 10
-41.716165421514
 20
113.690313732081
 30
0.0
 10
-41.716073820786
 20
113.30918412783
 30
0.0
 10
-41.537420083186
 20
112.999861245997
 30
0.0
 10
-41.358766345586
 20
112.690538364165
 30
0.0
 10
-41.028683150908
 20
112.5
 30
0.0
 10
-40.671474803884
 20
112.5
 30
0.0
 10
-38.557158267961
 20
112.5
 30
0.0
 10
-36.442841732039
 20
112.5
 30
0.0
 10
-34.328525196116
 20
112.5
 30
0.0
 10
-33.971316849092
 20
112.5
 30
0.0
 10
-33.641233654414
 20
112.690538364165
 30
0.0
 10
-33.462579916815
 20
112.999861245997
 30
0.0
 10
-33.283926179215
 20
113.30918412783
 30
0.0
 10
-33.283834578486
 20
113.690313732081
 30
0.0
 10
-33.462339610068
 20
113.999722453489
 30
0.0
 10
-34.519497878029
 20
115.832130117956
 30
0.0
 10
-35.57665614599
 20
117.664537782422
 30
0.0
 10
-36.633814413951
 20
119.496945446888
 30
0.0
  0
SPLINE
  5
17f
100
AcDbEntity
  8
Default
100
AcDbSpline
 70
     9
 71
     3
 72
    32
 73
    28
 74
     0
 42
0.0000001
 43
0.0000001
 40
0.0
 40
0.0
 40
0.0
 40
0.0
 40
1.0
 40
1.0
 40
1.0
 40
2.0
 40
2.0
 40
2.0
 40
4.881729078574
 40
4.881729078574
 40
4.881729078574
 40
5.881729078574
 40
5.881729078574
 40
5.881729078574
 40
6.881729078574
 40
6.881729078574
 40
6.881729078574
 40
9.761858529449
 40
9.761858529449
 40
9.761858529449
 40
10.761858529449
 40
10.761858529449
 40
10.761858529449
 40
11.761858529449
 40
11.761858529449
 40
11.761858529449
 40
14.643587608024
 40
14.643587608024
 40
14.643587608024
 40
14.643587608024
 10
-59.566907206976
 20
65.754026582497
 30
0.0
 10
-59.656202632019
 20
65.599247845755
 30
0.0
 10
-59.821309960319
 20
65.503887809242
 30
0.0
 10
-60.0
 20
65.503887809242
 30
0.0
 10
-60.178690039681
 20
65.503887809242
 30
0.0
 10
-60.343797367981
 20
65.599247845755
 30
0.0
 10
-60.433092793024
 20
65.754026582497
 30
0.0
 10
-60.91311436817
 20
66.586063979416
 30
0.0
 10
-61.393135943316
 20
67.418101376336
 30
0.0
 10
-61.873157518462
 20
68.250138773255
 30
0.0
 10
-61.962410034253
 20
68.40484313396
 30
0.0
 10
-61.962364233888
 20
68.595407936085
 30
0.0
 10
-61.873037365088
 20
68.750069377001
 30
0.0
 10
-61.783710496288
 20
68.904730817918
 30
0.0
 10
-61.61866889895
 20
69.0
 30
0.0
 10
-61.440064725438
 20
69.0
 30
0.0
 10
-60.480021575146
 20
69.0
 30
0.0
 10
-59.519978424854
 20
69.0
 30
0.0
 10
-58.559935274563
 20
69.0
 30
0.0
 10
-58.38133110105
 20
69.0
 30
0.0
 10
-58.216289503712
 20
68.904730817918
 30
0.0
 10
-58.126962634912
 20
68.750069377001
 30
0.0
 10
-58.037635766112
 20
68.595407936085
 30
0.0
 10
-58.037589965747
 20
68.404843133959
 30
0.0
 10
-58.126842481538
 20
68.250138773255
 30
0.0
 10
-58.606864056684
 20
67.418101376336
 30
0.0
 10
-59.08688563183
 20
66.586063979416
 30
0.0
 10
-59.566907206976
 20
65.754026582497
 30
0.0
  0
SPLINE
  5
180
100
AcDbEntity
  8
Default
100
AcDbSpline
 70
     9
 71
     3
 72
    32
 73
    28
 74
     0
 42
0.0000001
 43
0.0000001
 40
0.0
 40
0.0
 40
0.0
 40
0.0
 40
1.0
 40
1.0
 40
1.0
 40
2.0
 40
2.0
 40
2.0
 40
4.881729078574
 40
4.881729078574
 40
4.881729078574
 40
5.881729078574
 40
5.881729078574
 40
5.881729078574
 40
6.881729078574
 40
6.881729078574
 40
6.881729078574
 40
9.761858529449
 40
9.761858529449
 40
9.761858529449
 40
10.761858529449
 40
10.761858529449
 40
10.761858529449
 40
11.761858529449
 40
11.761858529449
 40
11.761858529449
 40
14.643587608024
 40
14.643587608024
 40
14.643587608024
 40
14.643587608024
 10
-44.566907206976
 20
78.245973417503
 30
0.0
 10
-44.656202632019
 20
78.400752154245
 30
0.0
 10
-44.821309960319
 20
78.496112190758
 30
0.0
 10
-45.0
 20
78.496112190758
 30
0.0
 10
-45.178690039681
 20
78.496112190758
 30
0.0
 10
-45.343797367981
 20
78.400752154245
 30
0.0
 10
-45.433092793024
 20
78.245973417503
 30
0.0
 10
-45.91311436817
 20
77.413936020584
 30
0.0
 10
-46.393135943316
 20
76.581898623664
 30
0.0
 10
-46.873157518462
 20
75.749861226745
 30
0.0
 10
-46.962410034253
 20
75.59515686604
 30
0.0
 10
-46.962364233888
 20
75.404592063915
 30
0.0
 10
-46.873037365088
 20
75.249930622999
 30
0.0
 10
-46.783710496288
 20
75.095269182082
 30
0.0
 10
-46.61866889895
 20
75.0
 30
0.0
 10
-46.440064725438
 20
75.0
 30
0.0
 10
-45.480021575146
 20
75.0
 30
0.0
 10
-44.519978424854
 20
75.0
 30
0.0
 10
-43.559935274563
 20
75.0
 30
0.0
 10
-43.38133110105
 20
75.0
 30
0.0
 10
-43.216289503712
 20
75.095269182082
 30
0.0
 10
-43.126962634912
 20
75.249930622999
 30
0.0
 10
-43.037635766112
 20
75.404592063915
 30
0.0
 10
-43.037589965747
 20
75.59515686604
 30
0.0
 10
-43.126842481538
 20
75.749861226745
 30
0.0
 10
-43.606864056684
 20
76.581898623664
 30
0.0
 10
-44.08688563183
 20
77.413936020584
 30
0.0
 10
-44.566907206976
 20
78.245973417503
 30
0.0
  0
SPLINE
  5
181
100
AcDbEntity
  8
Default
100
AcDbSpline
 70
     9
 71
     3
 72
    32
 73
    28
 74
     0
 42
0.0000001
 43
0.0000001
 40
0.0
 40
0.0
 40
0.0
 40
0.0
 40
1.0
 40
1.0
 40
1.0
 40
2.0
 40
2.0
 40
2.0
 40
3.149357372685
 40
3.149357372685
 40
3.149357372685
 40
4.149357372685
 40
4.149357372685
 40
4.149357372685
 40
5.149357372685
 40
5.149357372685
 40
5.149357372685
 40
6.298076745113
 40
6.298076745113
 40
6.298076745113
 40
7.298076745113
 40
7.298076745113
 40
7.298076745113
 40
8.298076745113
 40
8.298076745113
 40
8.298076745113
 40
9.447434117798
 40
9.447434117798
 40
9.447434117798
 40
9.447434117798
 10
-52.066907206976
 20
53.754581983817
 30
0.0
 10
-52.15620263202
 20
53.599803247075
 30
0.0
 10
-52.321309960319
 20
53.504443210562
 30
0.0
 10
-52.5
 20
53.504443210562
 30
0.0
 10
-52.678690039681
 20
53.504443210562
 30
0.0
 10
-52.843797367981
 20
53.599803247075
 30
0.0
 10
-52.933092793024
 20
53.754581983817
 30
0.0
 10
-53.124546021762
 20
54.086434246963
 30
0.0
 10
-53.315999250501
 20
54.418286510109
 30
0.0
 10
-53.507452479239
 20
54.750138773255
 30
0.0
 10
-53.59670499503
 20
54.90484313396
 30
0.0
 10
-53.596659194665
 20
55.095407936085
 30
0.0
 10
-53.507332325865
 20
55.250069377001
 30
0.0
 10
-53.418005457065
 20
55.404730817918
 30
0.0
 10
-53.252963859726
 20
55.5
 30
0.0
 10
-53.074359686214
 20
55.5
 30
0.0
 10
-52.691453228738
 20
55.5
 30
0.0
 10
-52.308546771262
 20
55.5
 30
0.0
 10
-51.925640313786
 20
55.5
 30
0.0
 10
-51.747036140274
 20
55.5
 30
0.0
 10
-51.581994542935
 20
55.404730817918
 30
0.0
 10
-51.492667674135
 20
55.250069377001
 30
0.0
 10
-51.403340805335
 20
55.095407936085
 30
0.0
 10
-51.403295004971
 20
54.90484313396
 30
0.0
 10
-51.492547520762
 20
54.750138773255
 30
0.0
 10
-51.6840007495
 20
54.418286510109
 30
0.0
 10
-51.875453978238
 20
54.086434246963
 30
0.0
 10
-52.066907206976
 20
53.754581983817
 30
0.0
  0
SPLINE
  5
182
100
AcDbEntity
  8
Default
100
AcDbSpline
 70
     9
 71
     3
 72
    32
 73
    28
 74
     0
 42
0.0000001
 43
0.0000001
 40
0.0
 40
0.0
 40
0.0
 40
0.0
 40
1.0
 40
1.0
 40
1.0
 40
2.0
 40
2.0
 40
2.0
 40
8.346472490354
 40
8.346472490354
 40
8.346472490354
 40
9.346472490354
 40
9.346472490354
 40
9.346472490354
 40
10.346472490354
 40
10.346472490354
 40
10.346472490354
 40
16.689422098122
 40
16.689422098122
 40
16.689422098122
 40
17.689422098122
 40
17.689422098122
 40
17.689422098122
 40
18.689422098122
 40
18.689422098122
 40
18.689422098122
 40
25.035894588476
 40
25.035894588476
 40
25.035894588476
 40
25.035894588476
 10
-51.633814413951
 20
102.503054553112
 30
0.0
 10
-51.812405264039
 20
102.193497079627
 30
0.0
 10
-52.142619920637
 20
102.002777006601
 30
0.0
 10
-52.5
 20
102.002777006601
 30
0.0
 10
-52.857380079363
 20
102.002777006601
 30
0.0
 10
-53.187594735961
 20
102.193497079627
 30
0.0
 10
-53.366185586049
 20
102.503054553112
 30
0.0
 10
-54.42334385401
 20
104.335462217578
 30
0.0
 10
-55.480502121971
 20
106.167869882044
 30
0.0
 10
-56.537660389933
 20
108.000277546511
 30
0.0
 10
-56.716165421514
 20
108.309686267919
 30
0.0
 10
-56.716073820786
 20
108.69081587217
 30
0.0
 10
-56.537420083186
 20
109.000138754003
 30
0.0
 10
-56.358766345586
 20
109.309461635835
 30
0.0
 10
-56.028683150908
 20
109.5
 30
0.0
 10
-55.671474803884
 20
109.5
 30
0.0
 10
-53.557158267961
 20
109.5
 30
0.0
 10
-51.442841732039
 20
109.5
 30
0.0
 10
-49.328525196116
 20
109.5
 30
0.0
 10
-48.971316849092
 20
109.5
 30
0.0
 10
-48.641233654414
 20
109.309461635835
 30
0.0
 10
-48.462579916814
 20
109.000138754002
 30
0.0
 10
-48.283926179214
 20
108.69081587217
 30
0.0
 10
-48.283834578486
 20
108.309686267919
 30
0.0
 10
-48.462339610067
 20
108.00027754651
 30
0.0
 10
-49.519497878029
 20
106.167869882044
 30
0.0
 10
-50.57665614599
 20
104.335462217578
 30
0.0
 10
-51.633814413951
 20
102.503054553112
 30
0.0
  0
SPLINE
  5
183
100
AcDbEntity
  8
Default
100
AcDbSpline
 70
     9
 71
     3
 72
    32
 73
    28
 74
     0
 42
0.0000001
 43
0.0000001
 40
0.0
 40
0.0
 40
0.0
 40
0.0
 40
1.0
 40
1.0
 40
1.0
 40
2.0
 40
2.0
 40
2.0
 40
6.614100784464
 40
6.614100784464
 40
6.614100784464
 40
7.614100784464
 40
7.614100784464
 40
7.614100784464
 40
8.614100784464
 40
8.614100784464
 40
8.614100784464
 40
13.225640313786
 40
13.225640313786
 40
13.225640313786
 40
14.225640313786
 40
14.225640313786
 40
14.225640313786
 40
15.225640313786
 40
15.225640313786
 40
15.225640313786
 40
19.83974109825
 40
19.83974109825
 40
19.83974109825
 40
19.83974109825
 10
-59.133814413951
 20
90.503609954432
 30
0.0
 10
-59.312405264039
 20
90.194052480947
 30
0.0
 10
-59.642619920637
 20
90.003332407922
 30
0.0
 10
-60.0
 20
90.003332407922
 30
0.0
 10
-60.357380079363
 20
90.003332407922
 30
0.0
 10
-60.687594735961
 20
90.194052480947
 30
0.0
 10
-60.866185586049
 20
90.503609954432
 30
0.0
 10
-61.634775507602
 20
91.835832485125
 30
0.0
 10
-62.403365429156
 20
93.168055015818
 30
0.0
 10
-63.171955350709
 20
94.50027754651
 30
0.0
 10
-63.350460382291
 20
94.809686267919
 30
0.0
 10
-63.350368781562
 20
95.19081587217
 30
0.0
 10
-63.171715043962
 20
95.500138754003
 30
0.0
 10
-62.993061306362
 20
95.809461635835
 30
0.0
 10
-62.662978111685
 20
96.0
 30
0.0
 10
-62.305769764661
 20
96.0
 30
0.0
 10
-60.768589921554
 20
96.0
 30
0.0
 10
-59.231410078446
 20
96.0
 30
0.0
 10
-57.694230235339
 20
96.0
 30
0.0
 10
-57.337021888315
 20
96.0
 30
0.0
 10
-57.006938693638
 20
95.809461635835
 30
0.0
 10
-56.828284956038
 20
95.500138754002
 30
0.0
 10
-56.649631218438
 20
95.19081587217
 30
0.0
 10
-56.649539617709
 20
94.809686267919
 30
0.0
 10
-56.828044649291
 20
94.50027754651
 30
0.0
 10
-57.596634570844
 20
93.168055015818
 30
0.0
 10
-58.365224492398
 20
91.835832485125
 30
0.0
 10
-59.133814413951
 20
90.503609954432
 30
0.0
  0
SPLINE
  5
184
100
AcDbEntity
  8
Default
100
AcDbSpline
 70
     9
 71
     3
 72
    32
 73
    28
 74
     0
 42
0.0000001
 43
0.0000001
 40
0.0
 40
0.0
 40
0.0
 40
0.0
 40
1.0
 40
1.0
 40
1.0
 40
2.0
 40
2.0
 40
2.0
 40
10.078844196244
 40
10.078844196244
 40
10.078844196244
 40
11.078844196244
 40
11.078844196244
 40
11.078844196244
 40
12.078844196244
 40
12.078844196244
 40
12.078844196244
 40
20.153203882458
 40
20.153203882458
 40
20.153203882458
 40
21.153203882458
 40
21.153203882458
 40
21.153203882458
 40
22.153203882458
 40
22.153203882458
 40
22.153203882458
 40
30.232048078702
 40
30.232048078702
 40
30.232048078702
 40
30.232048078702
 10
-36.200721620927
 20
146.747362074953
 30
0.0
 10
-36.468607896058
 20
147.211698285181
 30
0.0
 10
-36.963929880956
 20
147.497778394719
 30
0.0
 10
-37.5
 20
147.497778394719
 30
0.0
 10
-38.036070119044
 20
147.497778394719
 30
0.0
 10
-38.531392103942
 20
147.211698285181
 30
0.0
 10
-38.799278379073
 20
146.747362074953
 30
0.0
 10
-40.145004993442
 20
144.414769276714
 30
0.0
 10
-41.490731607811
 20
142.082176478474
 30
0.0
 10
-42.83645822218
 20
139.749583680234
 30
0.0
 10
-43.104215769553
 20
139.285470598121
 30
0.0
 10
-43.10407836846
 20
138.713776191745
 30
0.0
 10
-42.83609776206
 20
138.249791868996
 30
0.0
 10
-42.56811715566
 20
137.785807546247
 30
0.0
 10
-42.072992363643
 20
137.5
 30
0.0
 10
-41.537179843107
 20
137.5
 30
0.0
 10
-38.845726614369
 20
137.5
 30
0.0
 10
-36.154273385631
 20
137.5
 30
0.0
 10
-33.462820156893
 20
137.5
 30
0.0
 10
-32.927007636357
 20
137.5
 30
0.0
 10
-32.43188284434
 20
137.785807546247
 30
0.0
 10
-32.163902237941
 20
138.249791868996
 30
0.0
 10
-31.895921631541
 20
138.713776191745
 30
0.0
 10
-31.895784230447
 20
139.285470598121
 30
0.0
 10
-32.16354177782
 20
139.749583680234
 30
0.0
 10
-33.509268392189
 20
142.082176478474
 30
0.0
 10
-34.854995006558
 20
144.414769276714
 30
0.0
 10
-36.200721620927
 20
146.747362074953
 30
0.0
  0
SPLINE
  5
185
100
AcDbEntity
  8
Default
100
AcDbSpline
 70
     9
 71
     3
 72
    32
 73
    28
 74
     0
 42
0.0000001
 43
0.0000001
 40
0.0
 40
0.0
 40
0.0
 40
0.0
 40
1.0
 40
1.0
 40
1.0
 40
2.0
 40
2.0
 40
2.0
 40
10.078844196244
 40
10.078844196244
 40
10.078844196244
 40
11.078844196244
 40
11.078844196244
 40
11.078844196244
 40
12.078844196244
 40
12.078844196244
 40
12.078844196244
 40
20.153203882458
 40
20.153203882458
 40
20.153203882458
 40
21.153203882458
 40
21.153203882458
 40
21.153203882458
 40
22.153203882458
 40
22.153203882458
 40
22.153203882458
 40
30.232048078702
 40
30.232048078702
 40
30.232048078702
 40
30.232048078702
 10
-36.200721620927
 20
127.252637925047
 30
0.0
 10
-36.468607896058
 20
126.788301714819
 30
0.0
 10
-36.963929880956
 20
126.502221605281
 30
0.0
 10
-37.5
 20
126.502221605281
 30
0.0
 10
-38.036070119044
 20
126.502221605281
 30
0.0
 10
-38.531392103942
 20
126.788301714819
 30
0.0
 10
-38.799278379073
 20
127.252637925047
 30
0.0
 10
-40.145004993442
 20
129.585230723286
 30
0.0
 10
-41.490731607811
 20
131.917823521526
 30
0.0
 10
-42.83645822218
 20
134.250416319766
 30
0.0
 10
-43.104215769553
 20
134.714529401879
 30
0.0
 10
-43.10407836846
 20
135.286223808255
 30
0.0
 10
-42.83609776206
 20
135.750208131004
 30
0.0
 10
-42.56811715566
 20
136.214192453753
 30
0.0
 10
-42.072992363643
 20
136.5
 30
0.0
 10
-41.537179843107
 20
136.5
 30
0.0
 10
-38.845726614369
 20
136.5
 30
0.0
 10
-36.154273385631
 20
136.5
 30
0.0
 10
-33.462820156893
 20
136.5
 30
0.0
 10
-32.927007636357
 20
136.5
 30
0.0
 10
-32.43188284434
 20
136.214192453753
 30
0.0
 10
-32.16390223794
 20
135.750208131004
 30
0.0
 10
-31.89592163154
 20
135.286223808255
 30
0.0
 10
-31.895784230447
 20
134.714529401879
 30
0.0
 10
-32.16354177782
 20
134.250416319766
 30
0.0
 10
-33.509268392189
 20
131.917823521526
 30
0.0
 10
-34.854995006558
 20
129.585230723286
 30
0.0
 10
-36.200721620927
 20
127.252637925047
 30
0.0
  0
SPLINE
  5
186
100
AcDbEntity
  8
Default
100
AcDbSpline
 70
     9
 71
     3
 72
    32
 73
    28
 74
     0
 42
0.0000001
 43
0.0000001
 40
0.0
 40
0.0
 40
0.0
 40
0.0
 40
1.0
 40
1.0
 40
1.0
 40
2.0
 40
2.0
 40
2.0
 40
8.346472490354
 40
8.346472490354
 40
8.346472490354
 40
9.346472490354
 40
9.346472490354
 40
9.346472490354
 40
10.346472490354
 40
10.346472490354
 40
10.346472490354
 40
16.689422098122
 40
16.689422098122
 40
16.689422098122
 40
17.689422098122
 40
17.689422098122
 40
17.689422098122
 40
18.689422098122
 40
18.689422098122
 40
18.689422098122
 40
25.035894588476
 40
25.035894588476
 40
25.035894588476
 40
25.035894588476
 10
-43.700721620927
 20
115.253193326367
 30
0.0
 10
-43.968607896058
 20
114.788857116139
 30
0.0
 10
-44.463929880956
 20
114.502777006601
 30
0.0
 10
-45.0
 20
114.502777006601
 30
0.0
 10
-45.536070119044
 20
114.502777006601
 30
0.0
 10
-46.031392103942
 20
114.78885711614
 30
0.0
 10
-46.299278379073
 20
115.253193326367
 30
0.0
 10
-47.356436647034
 20
117.085600990833
 30
0.0
 10
-48.413594914996
 20
118.918008655299
 30
0.0
 10
-49.470753182957
 20
120.750416319766
 30
0.0
 10
-49.73851073033
 20
121.214529401879
 30
0.0
 10
-49.738373329236
 20
121.786223808255
 30
0.0
 10
-49.470392722836
 20
122.250208131004
 30
0.0
 10
-49.202412116436
 20
122.714192453753
 30
0.0
 10
-48.70728732442
 20
123.0
 30
0.0
 10
-48.171474803884
 20
123.0
 30
0.0
 10
-46.057158267961
 20
123.0
 30
0.0
 10
-43.942841732039
 20
123.0
 30
0.0
 10
-41.828525196116
 20
123.0
 30
0.0
 10
-41.29271267558
 20
123.0
 30
0.0
 10
-40.797587883564
 20
122.714192453753
 30
0.0
 10
-40.529607277164
 20
122.250208131004
 30
0.0
 10
-40.261626670764
 20
121.786223808255
 30
0.0
 10
-40.26148926967
 20
121.214529401879
 30
0.0
 10
-40.529246817043
 20
120.750416319766
 30
0.0
 10
-41.586405085005
 20
118.918008655299
 30
0.0
 10
-42.643563352966
 20
117.085600990833
 30
0.0
 10
-43.700721620927
 20
115.253193326367
 30
0.0
  0
SPLINE
  5
187
100
AcDbEntity
  8
Default
100
AcDbSpline
 70
     9
 71
     3
 72
    32
 73
    28
 74
     0
 42
0.0000001
 43
0.0000001
 40
0.0
 40
0.0
 40
0.0
 40
0.0
 40
1.0
 40
1.0
 40
1.0
 40
2.0
 40
2.0
 40
2.0
 40
6.614100784464
 40
6.614100784464
 40
6.614100784464
 40
7.614100784464
 40
7.614100784464
 40
7.614100784464
 40
8.614100784464
 40
8.614100784464
 40
8.614100784464
 40
13.225640313786
 40
13.225640313786
 40
13.225640313786
 40
14.225640313786
 40
14.225640313786
 40
14.225640313786
 40
15.225640313786
 40
15.225640313786
 40
15.225640313786
 40
19.83974109825
 40
19.83974109825
 40
19.83974109825
 40
19.83974109825
 10
-44.133814413951
 20
90.503609954432
 30
0.0
 10
-44.312405264039
 20
90.194052480947
 30
0.0
 10
-44.642619920637
 20
90.003332407922
 30
0.0
 10
-45.0
 20
90.003332407922
 30
0.0
 10
-45.357380079363
 20
90.003332407922
 30
0.0
 10
-45.687594735961
 20
90.194052480947
 30
0.0
 10
-45.866185586049
 20
90.503609954432
 30
0.0
 10
-46.634775507602
 20
91.835832485125
 30
0.0
 10
-47.403365429156
 20
93.168055015818
 30
0.0
 10
-48.171955350709
 20
94.50027754651
 30
0.0
 10
-48.350460382291
 20
94.809686267919
 30
0.0
 10
-48.350368781562
 20
95.19081587217
 30
0.0
 10
-48.171715043962
 20
95.500138754003
 30
0.0
 10
-47.993061306362
 20
95.809461635835
 30
0.0
 10
-47.662978111685
 20
96.0
 30
0.0
 10
-47.305769764661
 20
96.0
 30
0.0
 10
-45.768589921554
 20
96.0
 30
0.0
 10
-44.231410078446
 20
96.0
 30
0.0
 10
-42.694230235339
 20
96.0
 30
0.0
 10
-42.337021888315
 20
96.0
 30
0.0
 10
-42.006938693638
 20
95.809461635835
 30
0.0
 10
-41.828284956038
 20
95.500138754002
 30
0.0
 10
-41.649631218438
 20
95.19081587217
 30
0.0
 10
-41.649539617709
 20
94.809686267919
 30
0.0
 10
-41.828044649291
 20
94.50027754651
 30
0.0
 10
-42.596634570844
 20
93.168055015818
 30
0.0
 10
-43.365224492398
 20
91.835832485125
 30
0.0
 10
-44.133814413951
 20
90.503609954432
 30
0.0
  0
SPLINE
  5
188
100
AcDbEntity
  8
Default
100
AcDbSpline
 70
     9
 71
     3
 72
    32
 73
    28
 74
     0
 42
0.0000001
 43
0.0000001
 40
0.0
 40
0.0
 40
0.0
 40
0.0
 40
1.0
 40
1.0
 40
1.0
 40
2.0
 40
2.0
 40
2.0
 40
4.881729078574
 40
4.881729078574
 40
4.881729078574
 40
5.881729078574
 40
5.881729078574
 40
5.881729078574
 40
6.881729078574
 40
6.881729078574
 40
6.881729078574
 40
9.761858529449
 40
9.761858529449
 40
9.761858529449
 40
10.761858529449
 40
10.761858529449
 40
10.761858529449
 40
11.761858529449
 40
11.761858529449
 40
11.761858529449
 40
14.643587608024
 40
14.643587608024
 40
14.643587608024
 40
14.643587608024
 10
-59.566907206976
 20
78.245973417503
 30
0.0
 10
-59.656202632019
 20
78.400752154245
 30
0.0
 10
-59.821309960319
 20
78.496112190758
 30
0.0
 10
-60.0
 20
78.496112190758
 30
0.0
 10
-60.178690039681
 20
78.496112190758
 30
0.0
 10
-60.343797367981
 20
78.400752154245
 30
0.0
 10
-60.433092793024
 20
78.245973417503
 30
0.0
 10
-60.91311436817
 20
77.413936020584
 30
0.0
 10
-61.393135943316
 20
76.581898623664
 30
0.0
 10
-61.873157518462
 20
75.749861226745
 30
0.0
 10
-61.962410034253
 20
75.59515686604
 30
0.0
 10
-61.962364233888
 20
75.404592063915
 30
0.0
 10
-61.873037365088
 20
75.249930622999
 30
0.0
 10
-61.783710496288
 20
75.095269182082
 30
0.0
 10
-61.61866889895
 20
75.0
 30
0.0
 10
-61.440064725438
 20
75.0
 30
0.0
 10
-60.480021575146
 20
75.0
 30
0.0
 10
-59.519978424854
 20
75.0
 30
0.0
 10
-58.559935274563
 20
75.0
 30
0.0
 10
-58.38133110105
 20
75.0
 30
0.0
 10
-58.216289503712
 20
75.095269182082
 30
0.0
 10
-58.126962634912
 20
75.249930622999
 30
0.0
 10
-58.037635766112
 20
75.404592063915
 30
0.0
 10
-58.037589965747
 20
75.59515686604
 30
0.0
 10
-58.126842481538
 20
75.749861226745
 30
0.0
 10
-58.606864056684
 20
76.581898623664
 30
0.0
 10
-59.08688563183
 20
77.413936020584
 30
0.0
 10
-59.566907206976
 20
78.245973417503
 30
0.0
  0
SPLINE
  5
189
100
AcDbEntity
  8
Default
100
AcDbSpline
 70
     9
 71
     3
 72
    32
 73
    28
 74
     0
 42
0.0000001
 43
0.0000001
 40
0.0
 40
0.0
 40
0.0
 40
0.0
 40
1.0
 40
1.0
 40
1.0
 40
2.0
 40
2.0
 40
2.0
 40
4.881729078574
 40
4.881729078574
 40
4.881729078574
 40
5.881729078574
 40
5.881729078574
 40
5.881729078574
 40
6.881729078574
 40
6.881729078574
 40
6.881729078574
 40
9.761858529449
 40
9.761858529449
 40
9.761858529449
 40
10.761858529449
 40
10.761858529449
 40
10.761858529449
 40
11.761858529449
 40
11.761858529449
 40
11.761858529449
 40
14.643587608024
 40
14.643587608024
 40
14.643587608024
 40
14.643587608024
 10
-36.633814413951
 20
91.495834644248
 30
0.0
 10
-36.812405264039
 20
91.805392117733
 30
0.0
 10
-37.142619920637
 20
91.996112190758
 30
0.0
 10
-37.5
 20
91.996112190758
 30
0.0
 10
-37.857380079363
 20
91.996112190758
 30
0.0
 10
-38.187594735961
 20
91.805392117733
 30
0.0
 10
-38.366185586049
 20
91.495834644248
 30
0.0
 10
-38.846207161194
 20
90.663797247328
 30
0.0
 10
-39.32622873634
 20
89.831759850409
 30
0.0
 10
-39.806250311486
 20
88.99972245349
 30
0.0
 10
-39.984755343068
 20
88.690313732081
 30
0.0
 10
-39.984663742339
 20
88.30918412783
 30
0.0
 10
-39.806010004739
 20
87.999861245997
 30
0.0
 10
-39.627356267139
 20
87.690538364165
 30
0.0
 10
-39.297273072462
 20
87.5
 30
0.0
 10
-38.940064725438
 20
87.5
 30
0.0
 10
-37.980021575146
 20
87.5
 30
0.0
 10
-37.019978424854
 20
87.5
 30
0.0
 10
-36.059935274563
 20
87.5
 30
0.0
 10
-35.702726927538
 20
87.5
 30
0.0
 10
-35.372643732861
 20
87.690538364165
 30
0.0
 10
-35.193989995261
 20
87.999861245998
 30
0.0
 10
-35.015336257661
 20
88.30918412783
 30
0.0
 10
-35.015244656932
 20
88.690313732081
 30
0.0
 10
-35.193749688514
 20
88.99972245349
 30
0.0
 10
-35.67377126366
 20
89.831759850409
 30
0.0
 10
-36.153792838806
 20
90.663797247328
 30
0.0
 10
-36.633814413951
 20
91.495834644248
 30
0.0
  0
SPLINE
  5
18a
100
AcDbEntity
  8
Default
100
AcDbSpline
 70
     9
 71
     3
 72
    32
 73
    28
 74
     0
 42
0.0000001
 43
0.0000001
 40
0.0
 40
0.0
 40
0.0
 40
0.0
 40
1.0
 40
1.0
 40
1.0
 40
2.0
 40
2.0
 40
2.0
 40
11.805769764661
 40
11.805769764661
 40
11.805769764661
 40
12.805769764661
 40
12.805769764661
 40
12.805769764661
 40
13.805769764661
 40
13.805769764661
 40
13.805769764661
 40
23.616985666794
 40
23.616985666794
 40
23.616985666794
 40
24.616985666794
 40
24.616985666794
 40
24.616985666794
 40
25.616985666794
 40
25.616985666794
 40
25.616985666794
 40
35.428201568928
 40
35.428201568928
 40
35.428201568928
 40
35.428201568928
 10
-51.202163261403
 20
147.750416319766
 30
0.0
 10
-51.469920808776
 20
148.214529401879
 30
0.0
 10
-51.469783407683
 20
148.786223808255
 30
0.0
 10
-51.201802801283
 20
149.250208131004
 30
0.0
 10
-50.933822194883
 20
149.714192453753
 30
0.0
 10
-50.438697402867
 20
150.0
 30
0.0
 10
-49.90288488233
 20
150.0
 30
0.0
 10
-46.634294960777
 20
150.0
 30
0.0
 10
-43.365705039223
 20
150.0
 30
0.0
 10
-40.09711511767
 20
150.0
 30
0.0
 10
-39.561302597133
 20
150.0
 30
0.0
 10
-39.066177805117
 20
149.714192453752
 30
0.0
 10
-38.798197198717
 20
149.250208131003
 30
0.0
 10
-38.530216592317
 20
148.786223808254
 30
0.0
 10
-38.530079191224
 20
148.214529401878
 30
0.0
 10
-38.797836738596
 20
147.750416319765
 30
0.0
 10
-40.432131699374
 20
144.917638387753
 30
0.0
 10
-42.06642666015
 20
142.08486045574
 30
0.0
 10
-43.700721620927
 20
139.252082523726
 30
0.0
 10
-43.968607896058
 20
138.787746313499
 30
0.0
 10
-44.463929880956
 20
138.501666203961
 30
0.0
 10
-45.0
 20
138.501666203961
 30
0.0
 10
-45.536070119044
 20
138.501666203961
 30
0.0
 10
-46.031392103942
 20
138.787746313499
 30
0.0
 10
-46.299278379073
 20
139.252082523726
 30
0.0
 10
-47.93357333985
 20
142.08486045574
 30
0.0
 10
-49.567868300626
 20
144.917638387753
 30
0.0
 10
-51.202163261403
 20
147.750416319766
 30
0.0
  0
ENDSEC
  0
SECTION
  2
OBJECTS
  0
DICTIONARY
  5
C
330
0
100
AcDbDictionary
281
     1
  3
ACAD_2007HEADERVARS_RT
350
AA
  3
ACAD_COLOR
350
6B
  3
ACAD_GROUP
350
D
  3
ACAD_LAYOUT
350
6A
  3
ACAD_MATERIAL
350
10
  3
ACAD_MLEADERSTYLE
350
6E
  3
ACAD_MLINESTYLE
350
67
  3
ACAD_PLOTSETTINGS
350
69
  3
ACAD_PLOTSTYLENAME
350
E
  3
ACAD_SCALELIST
350
3A
  3
ACAD_TABLESTYLE
350
6C
  3
ACAD_VISUALSTYLE
350
29
  3
ACDB_RECOMPOSE_DATA
350
A8
  3
AcDbVariableDictionary
350
9C
  3
DWGPROPS
350
A9
  0
DICTIONARY
  5
9A
330
5C
100
AcDbDictionary
280
     1
281
     1
  3
ADSK_XREC_LAYER_RECONCILED
360
9B
  0
DICTIONARY
  5
AA
102
{ACAD_REACTORS
330
C
102
}
330
C
100
AcDbDictionary
281
     1
  3
DIMJOGANG
350
AB
  0
DICTIONARY
  5
6B
102
{ACAD_REACTORS
330
C
102
}
330
C
100
AcDbDictionary
281
     1
  0
DICTIONARY
  5
D
102
{ACAD_REACTORS
330
C
102
}
330
C
100
AcDbDictionary
281
     1
  0
DICTIONARY
  5
6A
102
{ACAD_REACTORS
330
C
102
}
330
C
100
AcDbDictionary
281
     1
  3
Layout1
350
74
  3
Layout2
350
7C
  3
Model
350
78
  0
DICTIONARY
  5
10
102
{ACAD_REACTORS
330
C
102
}
330
C
100
AcDbDictionary
281
     1
  3
ByBlock
350
19
  3
ByLayer
350
11
  3
Global
350
21
  0
DICTIONARY
  5
6E
102
{ACAD_REACTORS
330
C
102
}
330
C
100
AcDbDictionary
281
     1
  3
Standard
350
6F
  0
DICTIONARY
  5
67
102
{ACAD_REACTORS
330
C
102
}
330
C
100
AcDbDictionary
281
     1
  3
Standard
350
68
  0
DICTIONARY
  5
69
102
{ACAD_REACTORS
330
C
102
}
330
C
100
AcDbDictionary
281
     1
  0
ACDBDICTIONARYWDFLT
  5
E
102
{ACAD_REACTORS
330
C
102
}
330
C
100
AcDbDictionary
281
     1
  3
Normal
350
F
100
AcDbDictionaryWithDefault
340
F
  0
DICTIONARY
  5
3A
102
{ACAD_REACTORS
330
C
102
}
330
C
100
AcDbDictionary
281
     1
  3
A0
350
3B
  3
A1
350
3C
  3
A2
350
3D
  3
A3
350
3E
  3
A4
350
3F
  3
A5
350
40
  3
A6
350
41
  3
A7
350
42
  3
A8
350
43
  3
A9
350
44
  3
B0
350
45
  3
B1
350
46
  3
B2
350
47
  3
B3
350
48
  3
B4
350
49
  3
B5
350
4A
  3
B6
350
4B
  3
B7
350
4C
  3
B8
350
4D
  3
B9
350
4E
  3
C0
350
4F
  3
C1
350
50
  3
C2
350
51
  3
C3
350
52
  3
C4
350
53
  3
C5
350
54
  3
C6
350
55
  3
C7
350
56
  3
C8
350
57
  3
C9
350
58
  3
D0
350
59
  3
D1
350
5A
  3
D2
350
5B
  0
DICTIONARY
  5
6C
102
{ACAD_REACTORS
330
C
102
}
330
C
100
AcDbDictionary
281
     1
  3
Standard
350
6D
  0
DICTIONARY
  5
29
102
{ACAD_REACTORS
330
C
102
}
330
C
100
AcDbDictionary
281
     1
  3
2dWireframe
350
2F
  3
3D Hidden
350
31
  3
3dWireframe
350
30
  3
Basic
350
2E
  3
Brighten
350
35
  3
ColorChange
350
39
  3
Conceptual
350
32
  3
Dim
350
34
  3
Facepattern
350
38
  3
Flat
350
2A
  3
FlatWithEdges
350
2B
  3
Gouraud
350
2C
  3
GouraudWithEdges
350
2D
  3
Linepattern
350
37
  3
Realistic
350
33
  3
Thicken
350
36
  0
XRECORD
  5
A8
102
{ACAD_REACTORS
330
C
102
}
330
C
100
AcDbXrecord
280
     1
 90
     1
330
6D
  0
DICTIONARY
  5
9C
102
{ACAD_REACTORS
330
C
102
}
330
C
100
AcDbDictionary
281
     1
  3
CANNOSCALE
350
A0
  3
CMLEADERSTYLE
350
9E
  3
CTABLESTYLE
350
9D
  3
DIMASSOC
350
A5
  3
HIDETEXT
350
A4
  3
INDEXCTL
350
A3
  3
LIGHTINGUNITS
350
A1
  3
MSLTSCALE
350
9F
  3
SORTENTS
350
A2
  0
XRECORD
  5
A9
102
{ACAD_REACTORS
330
C
102
}
330
C
100
AcDbXrecord
280
     1
  1
DWGPROPS COOKIE
  2

  3

  4

  6

  7

  8
Michael
  9

300
=
301
=
302
=
303
=
304
=
305
=
306
=
307
=
308
=
309
=
 40
0.002929872685
 41
2456236.994979560841
 42
2456236.997909063008
  1

 90
     0
  0
XRECORD
  5
9B
102
{ACAD_REACTORS
330
9A
102
}
330
9A
100
AcDbXrecord
280
     1
290
1
  0
XRECORD
  5
AB
102
{ACAD_REACTORS
330
AA
102
}
330
AA
100
AcDbXrecord
280
     1
 40
1.570796326795
  0
LAYOUT
  5
74
102
{ACAD_XDICTIONARY
360
B1
102
}
102
{ACAD_REACTORS
330
6A
102
}
330
6A
100
AcDbPlotSettings
  1

  2
Auto Canon Bubble-Jet BJC-1000 on MGIBSON-HOME
  4

  6

 40
0.0
 41
0.0
 42
0.0
 43
0.0
 44
0.0
 45
0.0
 46
0.0
 47
0.0
 48
0.0
 49
0.0
140
0.0
141
0.0
142
1.0
143
1.0
 70
   688
 72
     0
 73
     0
 74
     5
  7

 75
    16
147
1.0
148
0.0
149
0.0
100
AcDbLayout
  1
Layout1
 70
     1
 71
     1
 10
0.0
 20
0.0
 11
420.0
 21
297.0
 12
0.0
 22
0.0
 32
0.0
 14
100000000000000000000.0
 24
100000000000000000000.0
 34
100000000000000000000.0
 15
-100000000000000000000.0
 25
-100000000000000000000.0
 35
-100000000000000000000.0
146
0.0
 13
0.0
 23
0.0
 33
0.0
 16
1.0
 26
0.0
 36
0.0
 17
0.0
 27
1.0
 37
0.0
 76
     0
330
71
  0
LAYOUT
  5
7C
102
{ACAD_XDICTIONARY
360
B5
102
}
102
{ACAD_REACTORS
330
6A
102
}
330
6A
100
AcDbPlotSettings
  1

  2
Auto Canon Bubble-Jet BJC-1000 on MGIBSON-HOME
  4

  6

 40
0.0
 41
0.0
 42
0.0
 43
0.0
 44
0.0
 45
0.0
 46
0.0
 47
0.0
 48
0.0
 49
0.0
140
0.0
141
0.0
142
1.0
143
1.0
 70
   688
 72
     0
 73
     0
 74
     5
  7

 75
    16
147
1.0
148
0.0
149
0.0
100
AcDbLayout
  1
Layout2
 70
     1
 71
     2
 10
0.0
 20
0.0
 11
12.0
 21
9.0
 12
0.0
 22
0.0
 32
0.0
 14
0.0
 24
0.0
 34
0.0
 15
0.0
 25
0.0
 35
0.0
146
0.0
 13
0.0
 23
0.0
 33
0.0
 16
1.0
 26
0.0
 36
0.0
 17
0.0
 27
1.0
 37
0.0
 76
     0
330
79
  0
LAYOUT
  5
78
102
{ACAD_XDICTIONARY
360
B3
102
}
102
{ACAD_REACTORS
330
6A
102
}
330
6A
100
AcDbPlotSettings
  1

  2
Auto Canon Bubble-Jet BJC-1000 on MGIBSON-HOME
  4

  6

 40
0.0
 41
0.0
 42
0.0
 43
0.0
 44
0.0
 45
0.0
 46
0.0
 47
0.0
 48
0.0
 49
0.0
140
0.0
141
0.0
142
1.0
143
1.0
 70
  1712
 72
     0
 73
     0
 74
     0
  7

 75
     0
147
1.0
148
0.0
149
0.0
100
AcDbLayout
  1
Model
 70
     1
 71
     0
 10
0.0
 20
0.0
 11
12.0
 21
9.0
 12
0.0
 22
0.0
 32
0.0
 14
0.0
 24
0.0
 34
0.0
 15
0.0
 25
0.0
 35
0.0
146
0.0
 13
0.0
 23
0.0
 33
0.0
 16
1.0
 26
0.0
 36
0.0
 17
0.0
 27
1.0
 37
0.0
 76
     0
330
75
331
5F
  0
MATERIAL
  5
19
102
{ACAD_XDICTIONARY
360
1A
102
}
102
{ACAD_REACTORS
330
10
102
}
330
10
100
AcDbMaterial
  1
ByBlock
 72
     0
 43
0.020833333333
 43
0.0
 43
0.0
 43
0.0
 43
0.0
 43
0.020833333333
 43
0.0
 43
0.0
 43
0.0
 43
0.0
 43
1.0
 43
0.0
 43
0.0
 43
0.0
 43
0.0
 43
1.0
 77
     0
 47
0.020833333333
 47
0.0
 47
0.0
 47
0.0
 47
0.0
 47
0.020833333333
 47
0.0
 47
0.0
 47
0.0
 47
0.0
 47
1.0
 47
0.0
 47
0.0
 47
0.0
 47
0.0
 47
1.0
171
     0
 49
0.020833333333
 49
0.0
 49
0.0
 49
0.0
 49
0.0
 49
0.020833333333
 49
0.0
 49
0.0
 49
0.0
 49
0.0
 49
1.0
 49
0.0
 49
0.0
 49
0.0
 49
0.0
 49
1.0
175
     0
142
0.020833333333
142
0.0
142
0.0
142
0.0
142
0.0
142
0.020833333333
142
0.0
142
0.0
142
0.0
142
0.0
142
1.0
142
0.0
142
0.0
142
0.0
142
0.0
142
1.0
179
0
144
0.020833333333
144
0.0
144
0.0
144
0.0
144
0.0
144
0.020833333333
144
0.0
144
0.0
144
0.0
144
0.0
144
1.0
144
0.0
144
0.0
144
0.0
144
0.0
144
1.0
147
0.020833333333
147
0.0
147
0.0
147
0.0
147
0.0
147
0.020833333333
147
0.0
147
0.0
147
0.0
147
0.0
147
1.0
147
0.0
147
0.0
147
0.0
147
0.0
147
1.0
  0
MATERIAL
  5
11
102
{ACAD_XDICTIONARY
360
12
102
}
102
{ACAD_REACTORS
330
10
102
}
330
10
100
AcDbMaterial
  1
ByLayer
 72
     0
 43
0.020833333333
 43
0.0
 43
0.0
 43
0.0
 43
0.0
 43
0.020833333333
 43
0.0
 43
0.0
 43
0.0
 43
0.0
 43
1.0
 43
0.0
 43
0.0
 43
0.0
 43
0.0
 43
1.0
 77
     0
 47
0.020833333333
 47
0.0
 47
0.0
 47
0.0
 47
0.0
 47
0.020833333333
 47
0.0
 47
0.0
 47
0.0
 47
0.0
 47
1.0
 47
0.0
 47
0.0
 47
0.0
 47
0.0
 47
1.0
171
     0
 49
0.020833333333
 49
0.0
 49
0.0
 49
0.0
 49
0.0
 49
0.020833333333
 49
0.0
 49
0.0
 49
0.0
 49
0.0
 49
1.0
 49
0.0
 49
0.0
 49
0.0
 49
0.0
 49
1.0
175
     0
142
0.020833333333
142
0.0
142
0.0
142
0.0
142
0.0
142
0.020833333333
142
0.0
142
0.0
142
0.0
142
0.0
142
1.0
142
0.0
142
0.0
142
0.0
142
0.0
142
1.0
179
0
144
0.020833333333
144
0.0
144
0.0
144
0.0
144
0.0
144
0.020833333333
144
0.0
144
0.0
144
0.0
144
0.0
144
1.0
144
0.0
144
0.0
144
0.0
144
0.0
144
1.0
147
0.020833333333
147
0.0
147
0.0
147
0.0
147
0.0
147
0.020833333333
147
0.0
147
0.0
147
0.0
147
0.0
147
1.0
147
0.0
147
0.0
147
0.0
147
0.0
147
1.0
  0
MATERIAL
  5
21
102
{ACAD_XDICTIONARY
360
22
102
}
102
{ACAD_REACTORS
330
10
102
}
330
10
100
AcDbMaterial
  1
Global
 72
     0
 43
0.020833333333
 43
0.0
 43
0.0
 43
0.0
 43
0.0
 43
0.020833333333
 43
0.0
 43
0.0
 43
0.0
 43
0.0
 43
1.0
 43
0.0
 43
0.0
 43
0.0
 43
0.0
 43
1.0
 77
     0
 47
0.020833333333
 47
0.0
 47
0.0
 47
0.0
 47
0.0
 47
0.020833333333
 47
0.0
 47
0.0
 47
0.0
 47
0.0
 47
1.0
 47
0.0
 47
0.0
 47
0.0
 47
0.0
 47
1.0
171
     0
 49
0.020833333333
 49
0.0
 49
0.0
 49
0.0
 49
0.0
 49
0.020833333333
 49
0.0
 49
0.0
 49
0.0
 49
0.0
 49
1.0
 49
0.0
 49
0.0
 49
0.0
 49
0.0
 49
1.0
175
     0
142
0.020833333333
142
0.0
142
0.0
142
0.0
142
0.0
142
0.020833333333
142
0.0
142
0.0
142
0.0
142
0.0
142
1.0
142
0.0
142
0.0
142
0.0
142
0.0
142
1.0
179
0
144
0.020833333333
144
0.0
144
0.0
144
0.0
144
0.0
144
0.020833333333
144
0.0
144
0.0
144
0.0
144
0.0
144
1.0
144
0.0
144
0.0
144
0.0
144
0.0
144
1.0
147
0.020833333333
147
0.0
147
0.0
147
0.0
147
0.0
147
0.020833333333
147
0.0
147
0.0
147
0.0
147
0.0
147
1.0
147
0.0
147
0.0
147
0.0
147
0.0
147
1.0
  0
MLEADERSTYLE
  5
6F
102
{ACAD_REACTORS
330
6E
102
}
330
6E
100
AcDbMLeaderStyle
170
     2
171
     1
172
     0
 90
     2
 40
0.0
 41
0.0
173
     1
 91
-1056964608
340
63
 92
    -2
290
1
 42
0.09
291
1
 43
0.36
  3
Standard
 44
0.18
300

342
5D
174
     1
178
     6
175
     1
176
     0
 93
-1056964608
 45
0.18
292
0
297
0
 46
0.18
 94
-1056964608
 47
1.0
 49
1.0
140
1.0
293
1
141
0.0
294
1
177
     0
142
1.0
295
0
296
0
143
0.125
1001
ACAD_MLEADERVER
1070
     2
  0
MLINESTYLE
  5
68
102
{ACAD_REACTORS
330
67
102
}
330
67
100
AcDbMlineStyle
  2
STANDARD
 70
     0
  3

 62
   256
 51
90.0
 52
90.0
 71
     2
 49
0.5
 62
   256
  6
BYLAYER
 49
-0.5
 62
   256
  6
BYLAYER
  0
ACDBPLACEHOLDER
  5
F
102
{ACAD_REACTORS
330
E
102
}
330
E
  0
SCALE
  5
3B
102
{ACAD_REACTORS
330
3A
102
}
330
3A
100
AcDbScale
 70
     0
300
1:1
140
1.0
141
1.0
290
1
  0
SCALE
  5
3C
102
{ACAD_REACTORS
330
3A
102
}
330
3A
100
AcDbScale
 70
     0
300
1:2
140
1.0
141
2.0
290
0
  0
SCALE
  5
3D
102
{ACAD_REACTORS
330
3A
102
}
330
3A
100
AcDbScale
 70
     0
300
1:4
140
1.0
141
4.0
290
0
  0
SCALE
  5
3E
102
{ACAD_REACTORS
330
3A
102
}
330
3A
100
AcDbScale
 70
     0
300
1:5
140
1.0
141
5.0
290
0
  0
SCALE
  5
3F
102
{ACAD_REACTORS
330
3A
102
}
330
3A
100
AcDbScale
 70
     0
300
1:8
140
1.0
141
8.0
290
0
  0
SCALE
  5
40
102
{ACAD_REACTORS
330
3A
102
}
330
3A
100
AcDbScale
 70
     0
300
1:10
140
1.0
141
10.0
290
0
  0
SCALE
  5
41
102
{ACAD_REACTORS
330
3A
102
}
330
3A
100
AcDbScale
 70
     0
300
1:16
140
1.0
141
16.0
290
0
  0
SCALE
  5
42
102
{ACAD_REACTORS
330
3A
102
}
330
3A
100
AcDbScale
 70
     0
300
1:20
140
1.0
141
20.0
290
0
  0
SCALE
  5
43
102
{ACAD_REACTORS
330
3A
102
}
330
3A
100
AcDbScale
 70
     0
300
1:30
140
1.0
141
30.0
290
0
  0
SCALE
  5
44
102
{ACAD_REACTORS
330
3A
102
}
330
3A
100
AcDbScale
 70
     0
300
1:40
140
1.0
141
40.0
290
0
  0
SCALE
  5
45
102
{ACAD_REACTORS
330
3A
102
}
330
3A
100
AcDbScale
 70
     0
300
1:50
140
1.0
141
50.0
290
0
  0
SCALE
  5
46
102
{ACAD_REACTORS
330
3A
102
}
330
3A
100
AcDbScale
 70
     0
300
1:100
140
1.0
141
100.0
290
0
  0
SCALE
  5
47
102
{ACAD_REACTORS
330
3A
102
}
330
3A
100
AcDbScale
 70
     0
300
2:1
140
2.0
141
1.0
290
0
  0
SCALE
  5
48
102
{ACAD_REACTORS
330
3A
102
}
330
3A
100
AcDbScale
 70
     0
300
4:1
140
4.0
141
1.0
290
0
  0
SCALE
  5
49
102
{ACAD_REACTORS
330
3A
102
}
330
3A
100
AcDbScale
 70
     0
300
8:1
140
8.0
141
1.0
290
0
  0
SCALE
  5
4A
102
{ACAD_REACTORS
330
3A
102
}
330
3A
100
AcDbScale
 70
     0
300
10:1
140
10.0
141
1.0
290
0
  0
SCALE
  5
4B
102
{ACAD_REACTORS
330
3A
102
}
330
3A
100
AcDbScale
 70
     0
300
100:1
140
100.0
141
1.0
290
0
  0
SCALE
  5
4C
102
{ACAD_REACTORS
330
3A
102
}
330
3A
100
AcDbScale
 70
     0
300
1/128" = 1'-0"
140
0.0078125
141
12.0
290
0
  0
SCALE
  5
4D
102
{ACAD_REACTORS
330
3A
102
}
330
3A
100
AcDbScale
 70
     0
300
1/64" = 1'-0"
140
0.015625
141
12.0
290
0
  0
SCALE
  5
4E
102
{ACAD_REACTORS
330
3A
102
}
330
3A
100
AcDbScale
 70
     0
300
1/32" = 1'-0"
140
0.03125
141
12.0
290
0
  0
SCALE
  5
4F
102
{ACAD_REACTORS
330
3A
102
}
330
3A
100
AcDbScale
 70
     0
300
1/16" = 1'-0"
140
0.0625
141
12.0
290
0
  0
SCALE
  5
50
102
{ACAD_REACTORS
330
3A
102
}
330
3A
100
AcDbScale
 70
     0
300
3/32" = 1'-0"
140
0.09375
141
12.0
290
0
  0
SCALE
  5
51
102
{ACAD_REACTORS
330
3A
102
}
330
3A
100
AcDbScale
 70
     0
300
1/8" = 1'-0"
140
0.125
141
12.0
290
0
  0
SCALE
  5
52
102
{ACAD_REACTORS
330
3A
102
}
330
3A
100
AcDbScale
 70
     0
300
3/16" = 1'-0"
140
0.1875
141
12.0
290
0
  0
SCALE
  5
53
102
{ACAD_REACTORS
330
3A
102
}
330
3A
100
AcDbScale
 70
     0
300
1/4" = 1'-0"
140
0.25
141
12.0
290
0
  0
SCALE
  5
54
102
{ACAD_REACTORS
330
3A
102
}
330
3A
100
AcDbScale
 70
     0
300
3/8" = 1'-0"
140
0.375
141
12.0
290
0
  0
SCALE
  5
55
102
{ACAD_REACTORS
330
3A
102
}
330
3A
100
AcDbScale
 70
     0
300
1/2" = 1'-0"
140
0.5
141
12.0
290
0
  0
SCALE
  5
56
102
{ACAD_REACTORS
330
3A
102
}
330
3A
100
AcDbScale
 70
     0
300
3/4" = 1'-0"
140
0.75
141
12.0
290
0
  0
SCALE
  5
57
102
{ACAD_REACTORS
330
3A
102
}
330
3A
100
AcDbScale
 70
     0
300
1" = 1'-0"
140
1.0
141
12.0
290
0
  0
SCALE
  5
58
102
{ACAD_REACTORS
330
3A
102
}
330
3A
100
AcDbScale
 70
     0
300
1-1/2" = 1'-0"
140
1.5
141
12.0
290
0
  0
SCALE
  5
59
102
{ACAD_REACTORS
330
3A
102
}
330
3A
100
AcDbScale
 70
     0
300
3" = 1'-0"
140
3.0
141
12.0
290
0
  0
SCALE
  5
5A
102
{ACAD_REACTORS
330
3A
102
}
330
3A
100
AcDbScale
 70
     0
300
6" = 1'-0"
140
6.0
141
12.0
290
0
  0
SCALE
  5
5B
102
{ACAD_REACTORS
330
3A
102
}
330
3A
100
AcDbScale
 70
     0
300
1'-0" = 1'-0"
140
12.0
141
12.0
290
0
  0
TABLESTYLE
  5
6D
102
{ACAD_XDICTIONARY
360
A6
102
}
102
{ACAD_REACTORS
330
6C
102
}
330
6C
100
AcDbTableStyle
  3
Standard
 70
     0
 71
     0
 40
1.5
 41
1.5
280
     0
281
     0
  7
Standard
140
4.5
170
     2
 62
     0
 63
     7
283
     0
274
    -2
284
     1
 64
     0
275
    -2
285
     1
 65
     0
276
-2
286
     1
 66
     0
277
-2
287
     1
 67
     0
278
-2
288
     1
 68
     0
279
-2
289
     1
 69
     0
  7
Standard
140
6.0
170
     5
 62
     0
 63
     7
283
     0
274
    -2
284
     1
 64
     0
275
    -2
285
     1
 65
     0
276
-2
286
     1
 66
     0
277
-2
287
     1
 67
     0
278
-2
288
     1
 68
     0
279
-2
289
     1
 69
     0
  7
Standard
140
4.5
170
     5
 62
     0
 63
     7
283
     0
274
    -2
284
     1
 64
     0
275
    -2
285
     1
 65
     0
276
-2
286
     1
 66
     0
277
-2
287
     1
 67
     0
278
-2
288
     1
 68
     0
279
-2
289
     1
 69
     0
  0
VISUALSTYLE
  5
2F
102
{ACAD_REACTORS
330
29
102
}
330
29
100
AcDbVisualStyle
  2
2dWireframe
 70
     4
 71
     0
 72
     2
 73
     0
 90
     0
 40
-0.6
 41
-30.0
 62
     5
 63
     7
 74
     1
 91
     4
 64
     7
 65
   257
 75
     1
175
     1
 42
1.0
 92
     0
 66
   257
 43
1.0
 76
     1
 77
     6
 78
     2
 67
     7
 79
     5
170
     0
171
     0
290
0
174
     0
 93
     1
 44
0.0
173
     0
291
0
 45
0.0
1001
ACAD
1000
AcDbSavedByObjectVersion
1070
     0
  0
VISUALSTYLE
  5
31
102
{ACAD_REACTORS
330
29
102
}
330
29
100
AcDbVisualStyle
  2
3D Hidden
 70
     6
 71
     1
 72
     2
 73
     2
 90
     0
 40
-0.6
 41
-30.0
 62
     5
 63
     7
 74
     2
 91
     2
 64
     7
 65
   257
 75
     2
175
     1
 42
40.0
 92
     0
 66
   257
 43
1.0
 76
     1
 77
     6
 78
     2
 67
     7
 79
     3
170
     0
171
     0
290
0
174
     0
 93
     1
 44
0.0
173
     0
291
0
 45
0.0
1001
ACAD
1000
AcDbSavedByObjectVersion
1070
     0
  0
VISUALSTYLE
  5
30
102
{ACAD_REACTORS
330
29
102
}
330
29
100
AcDbVisualStyle
  2
3dWireframe
 70
     5
 71
     0
 72
     2
 73
     0
 90
     0
 40
-0.6
 41
-30.0
 62
     5
 63
     7
 74
     1
 91
     4
 64
     7
 65
   257
 75
     1
175
     1
 42
1.0
 92
     0
 66
   257
 43
1.0
 76
     1
 77
     6
 78
     2
 67
     7
 79
     5
170
     0
171
     0
290
0
174
     0
 93
     1
 44
0.0
173
     0
291
0
 45
0.0
1001
ACAD
1000
AcDbSavedByObjectVersion
1070
     0
  0
VISUALSTYLE
  5
2E
102
{ACAD_REACTORS
330
29
102
}
330
29
100
AcDbVisualStyle
  2
Basic
 70
     7
 71
     1
 72
     0
 73
     1
 90
     0
 40
-0.6
 41
-30.0
 62
     5
 63
     7
 74
     0
 91
     4
 64
     7
 65
   257
 75
     1
175
     1
 42
1.0
 92
     8
 66
     7
 43
1.0
 76
     1
 77
     6
 78
     2
 67
     7
 79
     5
170
     0
171
     0
290
0
174
     0
 93
     1
 44
0.0
173
     0
291
1
 45
0.0
1001
ACAD
1000
AcDbSavedByObjectVersion
1070
     0
  0
VISUALSTYLE
  5
35
102
{ACAD_REACTORS
330
29
102
}
330
29
100
AcDbVisualStyle
  2
Brighten
 70
    12
 71
     2
 72
     2
 73
     0
 90
     0
 40
-0.6
 41
-30.0
 62
     5
 63
     7
 74
     1
 91
     4
 64
     7
 65
   257
 75
     1
175
     1
 42
1.0
 92
     8
 66
     7
 43
1.0
 76
     1
 77
     6
 78
     2
 67
     7
 79
     5
170
     0
171
     0
290
0
174
     0
 93
     1
 44
50.0
173
     0
291
1
 45
0.0
1001
ACAD
1000
AcDbSavedByObjectVersion
1070
     0
  0
VISUALSTYLE
  5
39
102
{ACAD_REACTORS
330
29
102
}
330
29
100
AcDbVisualStyle
  2
ColorChange
 70
    16
 71
     2
 72
     2
 73
     3
 90
     0
 40
-0.6
 41
-30.0
 62
     5
 63
     8
 74
     1
 91
     4
 64
     7
 65
   257
 75
     1
175
     1
 42
1.0
 92
     8
 66
     8
 43
1.0
 76
     1
 77
     6
 78
     2
 67
     7
 79
     5
170
     0
171
     0
290
0
174
     0
 93
     1
 44
0.0
173
     0
291
1
 45
0.0
1001
ACAD
1000
AcDbSavedByObjectVersion
1070
     0
  0
VISUALSTYLE
  5
32
102
{ACAD_REACTORS
330
29
102
}
330
29
100
AcDbVisualStyle
  2
Conceptual
 70
     9
 71
     3
 72
     2
 73
     0
 90
     0
 40
-0.6
 41
-30.0
 62
     5
 63
     7
 74
     2
 91
     2
 64
     7
 65
   257
 75
     1
175
     1
 42
40.0
 92
     8
 66
     7
 43
1.0
 76
     1
 77
     6
 78
     2
 67
     7
 79
     3
170
     0
171
     0
290
0
174
     0
 93
     1
 44
0.0
173
     0
291
0
 45
0.0
1001
ACAD
1000
AcDbSavedByObjectVersion
1070
     0
  0
VISUALSTYLE
  5
34
102
{ACAD_REACTORS
330
29
102
}
330
29
100
AcDbVisualStyle
  2
Dim
 70
    11
 71
     2
 72
     2
 73
     0
 90
     0
 40
-0.6
 41
-30.0
 62
     5
 63
     7
 74
     1
 91
     4
 64
     7
 65
   257
 75
     1
175
     1
 42
1.0
 92
     8
 66
     7
 43
1.0
 76
     1
 77
     6
 78
     2
 67
     7
 79
     5
170
     0
171
     0
290
0
174
     0
 93
     1
 44
-50.0
173
     0
291
1
 45
0.0
1001
ACAD
1000
AcDbSavedByObjectVersion
1070
     0
  0
VISUALSTYLE
  5
38
102
{ACAD_REACTORS
330
29
102
}
330
29
100
AcDbVisualStyle
  2
Facepattern
 70
    15
 71
     2
 72
     2
 73
     0
 90
     0
 40
-0.6
 41
-30.0
 62
     5
 63
     7
 74
     1
 91
     4
 64
     7
 65
   257
 75
     1
175
     1
 42
1.0
 92
     8
 66
     7
 43
1.0
 76
     1
 77
     6
 78
     2
 67
     7
 79
     5
170
     0
171
     0
290
0
174
     0
 93
     1
 44
0.0
173
     0
291
1
 45
0.0
1001
ACAD
1000
AcDbSavedByObjectVersion
1070
     0
  0
VISUALSTYLE
  5
2A
102
{ACAD_REACTORS
330
29
102
}
330
29
100
AcDbVisualStyle
  2
Flat
 70
     0
 71
     2
 72
     1
 73
     1
 90
     2
 40
-0.6
 41
30.0
 62
     5
 63
     7
 74
     0
 91
     4
 64
     7
 65
   257
 75
     1
175
     1
 42
1.0
 92
     8
 66
     7
 43
1.0
 76
     1
 77
     6
 78
     2
 67
     7
 79
     5
170
     0
171
     0
290
0
174
     0
 93
    13
 44
0.0
173
     0
291
1
 45
0.0
1001
ACAD
1000
AcDbSavedByObjectVersion
1070
     0
  0
VISUALSTYLE
  5
2B
102
{ACAD_REACTORS
330
29
102
}
330
29
100
AcDbVisualStyle
  2
FlatWithEdges
 70
     1
 71
     2
 72
     1
 73
     1
 90
     2
 40
-0.6
 41
30.0
 62
     5
 63
     7
 74
     1
 91
     4
 64
     7
 65
   257
 75
     1
175
     1
 42
1.0
 92
     0
 66
   257
 43
1.0
 76
     1
 77
     6
 78
     2
 67
     7
 79
     5
170
     0
171
     0
290
0
174
     0
 93
    13
 44
0.0
173
     0
291
1
 45
0.0
1001
ACAD
1000
AcDbSavedByObjectVersion
1070
     0
  0
VISUALSTYLE
  5
2C
102
{ACAD_REACTORS
330
29
102
}
330
29
100
AcDbVisualStyle
  2
Gouraud
 70
     2
 71
     2
 72
     2
 73
     1
 90
     2
 40
-0.6
 41
30.0
 62
     5
 63
     7
 74
     0
 91
     4
 64
     7
 65
   257
 75
     1
175
     1
 42
1.0
 92
     0
 66
     7
 43
1.0
 76
     1
 77
     6
 78
     2
 67
     7
 79
     5
170
     0
171
     0
290
0
174
     0
 93
    13
 44
0.0
173
     0
291
1
 45
0.0
1001
ACAD
1000
AcDbSavedByObjectVersion
1070
     0
  0
VISUALSTYLE
  5
2D
102
{ACAD_REACTORS
330
29
102
}
330
29
100
AcDbVisualStyle
  2
GouraudWithEdges
 70
     3
 71
     2
 72
     2
 73
     1
 90
     2
 40
-0.6
 41
30.0
 62
     5
 63
     7
 74
     1
 91
     4
 64
     7
 65
   257
 75
     1
175
     1
 42
1.0
 92
     0
 66
   257
 43
1.0
 76
     1
 77
     6
 78
     2
 67
     7
 79
     5
170
     0
171
     0
290
0
174
     0
 93
    13
 44
0.0
173
     0
291
1
 45
0.0
1001
ACAD
1000
AcDbSavedByObjectVersion
1070
     0
  0
VISUALSTYLE
  5
37
102
{ACAD_REACTORS
330
29
102
}
330
29
100
AcDbVisualStyle
  2
Linepattern
 70
    14
 71
     2
 72
     2
 73
     0
 90
     0
 40
-0.6
 41
-30.0
 62
     5
 63
     7
 74
     1
 91
     4
 64
     7
 65
   257
 75
     7
175
     7
 42
1.0
 92
     8
 66
     7
 43
1.0
 76
     1
 77
     6
 78
     2
 67
     7
 79
     5
170
     0
171
     0
290
0
174
     0
 93
     1
 44
0.0
173
     0
291
1
 45
0.0
1001
ACAD
1000
AcDbSavedByObjectVersion
1070
     0
  0
VISUALSTYLE
  5
33
102
{ACAD_REACTORS
330
29
102
}
330
29
100
AcDbVisualStyle
  2
Realistic
 70
     8
 71
     2
 72
     2
 73
     0
 90
     0
 40
-0.6
 41
-30.0
 62
     5
 63
     7
 74
     1
 91
     0
 64
     7
 65
   257
 75
     1
175
     1
 42
1.0
 92
     8
 66
     8
 43
1.0
 76
     1
 77
     6
 78
     2
 67
     7
 79
     5
170
     0
171
     0
290
0
174
     0
 93
    13
 44
0.0
173
     0
291
0
 45
0.0
1001
ACAD
1000
AcDbSavedByObjectVersion
1070
     0
  0
VISUALSTYLE
  5
36
102
{ACAD_REACTORS
330
29
102
}
330
29
100
AcDbVisualStyle
  2
Thicken
 70
    13
 71
     2
 72
     2
 73
     0
 90
     0
 40
-0.6
 41
-30.0
 62
     5
 63
     7
 74
     1
 91
     4
 64
     7
 65
   257
 75
     1
175
     1
 42
1.0
 92
    12
 66
     7
 43
1.0
 76
     1
 77
     6
 78
     2
 67
     7
 79
     5
170
     0
171
     0
290
0
174
     0
 93
     1
 44
0.0
173
     0
291
1
 45
0.0
1001
ACAD
1000
AcDbSavedByObjectVersion
1070
     0
  0
DICTIONARYVAR
  5
A0
102
{ACAD_REACTORS
330
9C
102
}
330
9C
100
DictionaryVariables
280
     0
  1
1:1
  0
DICTIONARYVAR
  5
9E
102
{ACAD_REACTORS
330
9C
102
}
330
9C
100
DictionaryVariables
280
     0
  1
STANDARD
  0
DICTIONARYVAR
  5
9D
102
{ACAD_REACTORS
330
9C
102
}
330
9C
100
DictionaryVariables
280
     0
  1
STANDARD
  0
DICTIONARYVAR
  5
A5
102
{ACAD_REACTORS
330
9C
102
}
330
9C
100
DictionaryVariables
280
     0
  1
2
  0
DICTIONARYVAR
  5
A4
102
{ACAD_REACTORS
330
9C
102
}
330
9C
100
DictionaryVariables
280
     0
  1
1
  0
DICTIONARYVAR
  5
A3
102
{ACAD_REACTORS
330
9C
102
}
330
9C
100
DictionaryVariables
280
     0
  1
0
  0
DICTIONARYVAR
  5
A1
102
{ACAD_REACTORS
330
9C
102
}
330
9C
100
DictionaryVariables
280
     0
  1
2
  0
DICTIONARYVAR
  5
9F
102
{ACAD_REACTORS
330
9C
102
}
330
9C
100
DictionaryVariables
280
     0
  1
1
  0
DICTIONARYVAR
  5
A2
102
{ACAD_REACTORS
330
9C
102
}
330
9C
100
DictionaryVariables
280
     0
  1
127
  0
DICTIONARY
  5
B1
330
74
100
AcDbDictionary
280
     1
281
     1
  3
ACAD_XREC_ROUNDTRIP
360
B2
  0
DICTIONARY
  5
B5
330
7C
100
AcDbDictionary
280
     1
281
     1
  3
ACAD_XREC_ROUNDTRIP
360
B6
  0
DICTIONARY
  5
B3
330
78
100
AcDbDictionary
280
     1
281
     1
  3
ACAD_XREC_ROUNDTRIP
360
B4
  0
DICTIONARY
  5
1A
330
19
100
AcDbDictionary
280
     1
281
     1
  3
ACAD_XREC_ROUNDTRIP
360
AD
  3
BUMPTILE
360
1C
  3
DIFFUSETILE
360
1B
  3
OPACITYTILE
360
1F
  3
REFLECTIONTILE
360
1E
  3
REFRACTIONTILE
360
20
  3
SPECULARTILE
360
1D
  0
DICTIONARY
  5
12
330
11
100
AcDbDictionary
280
     1
281
     1
  3
ACAD_XREC_ROUNDTRIP
360
AC
  3
BUMPTILE
360
14
  3
DIFFUSETILE
360
13
  3
OPACITYTILE
360
17
  3
REFLECTIONTILE
360
16
  3
REFRACTIONTILE
360
18
  3
SPECULARTILE
360
15
  0
DICTIONARY
  5
22
330
21
100
AcDbDictionary
280
     1
281
     1
  3
ACAD_XREC_ROUNDTRIP
360
AE
  3
BUMPTILE
360
24
  3
DIFFUSETILE
360
23
  3
OPACITYTILE
360
27
  3
REFLECTIONTILE
360
26
  3
REFRACTIONTILE
360
28
  3
SPECULARTILE
360
25
  0
DICTIONARY
  5
A6
330
6D
100
AcDbDictionary
280
     1
281
     1
  3
ACAD_ROUNDTRIP_2008_TABLESTYLE_CELLSTYLEMAP
360
A7
  3
ACAD_XREC_ROUNDTRIP
360
B0
  0
XRECORD
  5
B2
102
{ACAD_REACTORS
330
B1
102
}
330
B1
100
AcDbXrecord
280
     1
102
SHADEPLOT
 70
     0
102
SHADEPLOTRESLEVEL
 70
     2
102
SHADEPLOTCUSTOMDPI
 70
   300
  0
XRECORD
  5
B6
102
{ACAD_REACTORS
330
B5
102
}
330
B5
100
AcDbXrecord
280
     1
102
SHADEPLOT
 70
     0
102
SHADEPLOTRESLEVEL
 70
     2
102
SHADEPLOTCUSTOMDPI
 70
   300
  0
XRECORD
  5
B4
102
{ACAD_REACTORS
330
B3
102
}
330
B3
100
AcDbXrecord
280
     1
102
SHADEPLOT
 70
     0
102
SHADEPLOTRESLEVEL
 70
     2
102
SHADEPLOTCUSTOMDPI
 70
   300
  0
XRECORD
  5
AD
102
{ACAD_REACTORS
330
1A
102
}
330
1A
100
AcDbXrecord
280
     1
102
MATERIAL
148
0.0
149
0.0
149
0.0
 93
     0
 94
   127
282
     0
 72
     0
 77
     0
171
     0
175
     0
179
0
273
     0
  0
XRECORD
  5
1C
102
{ACAD_REACTORS
330
1A
102
}
330
1A
100
AcDbXrecord
280
     1
270
     1
271
     1
  0
XRECORD
  5
1B
102
{ACAD_REACTORS
330
1A
102
}
330
1A
100
AcDbXrecord
280
     1
270
     1
271
     1
  0
XRECORD
  5
1F
102
{ACAD_REACTORS
330
1A
102
}
330
1A
100
AcDbXrecord
280
     1
270
     1
271
     1
  0
XRECORD
  5
1E
102
{ACAD_REACTORS
330
1A
102
}
330
1A
100
AcDbXrecord
280
     1
270
     1
271
     1
  0
XRECORD
  5
20
102
{ACAD_REACTORS
330
1A
102
}
330
1A
100
AcDbXrecord
280
     1
270
     1
271
     1
  0
XRECORD
  5
1D
102
{ACAD_REACTORS
330
1A
102
}
330
1A
100
AcDbXrecord
280
     1
270
     1
271
     1
  0
XRECORD
  5
AC
102
{ACAD_REACTORS
330
12
102
}
330
12
100
AcDbXrecord
280
     1
102
MATERIAL
148
0.0
149
0.0
149
0.0
 93
     0
 94
   127
282
     0
 72
     0
 77
     0
171
     0
175
     0
179
0
273
     0
  0
XRECORD
  5
14
102
{ACAD_REACTORS
330
12
102
}
330
12
100
AcDbXrecord
280
     1
270
     1
271
     1
  0
XRECORD
  5
13
102
{ACAD_REACTORS
330
12
102
}
330
12
100
AcDbXrecord
280
     1
270
     1
271
     1
  0
XRECORD
  5
17
102
{ACAD_REACTORS
330
12
102
}
330
12
100
AcDbXrecord
280
     1
270
     1
271
     1
  0
XRECORD
  5
16
102
{ACAD_REACTORS
330
12
102
}
330
12
100
AcDbXrecord
280
     1
270
     1
271
     1
  0
XRECORD
  5
18
102
{ACAD_REACTORS
330
12
102
}
330
12
100
AcDbXrecord
280
     1
270
     1
271
     1
  0
XRECORD
  5
15
102
{ACAD_REACTORS
330
12
102
}
330
12
100
AcDbXrecord
280
     1
270
     1
271
     1
  0
XRECORD
  5
AE
102
{ACAD_REACTORS
330
22
102
}
330
22
100
AcDbXrecord
280
     1
102
MATERIAL
148
0.0
149
0.0
149
0.0
 93
     0
 94
   127
282
     0
 72
     0
 77
     0
171
     0
175
     0
179
0
273
     0
  0
XRECORD
  5
24
102
{ACAD_REACTORS
330
22
102
}
330
22
100
AcDbXrecord
280
     1
270
     1
271
     1
  0
XRECORD
  5
23
102
{ACAD_REACTORS
330
22
102
}
330
22
100
AcDbXrecord
280
     1
270
     1
271
     1
  0
XRECORD
  5
27
102
{ACAD_REACTORS
330
22
102
}
330
22
100
AcDbXrecord
280
     1
270
     1
271
     1
  0
XRECORD
  5
26
102
{ACAD_REACTORS
330
22
102
}
330
22
100
AcDbXrecord
280
     1
270
     1
271
     1
  0
XRECORD
  5
28
102
{ACAD_REACTORS
330
22
102
}
330
22
100
AcDbXrecord
280
     1
270
     1
271
     1
  0
XRECORD
  5
25
102
{ACAD_REACTORS
330
22
102
}
330
22
100
AcDbXrecord
280
     1
270
     1
271
     1
  0
CELLSTYLEMAP
  5
A7
102
{ACAD_REACTORS
330
A6
102
}
330
A6
100
AcDbCellStyleMap
 90
     3
300
CELLSTYLE
  1
TABLEFORMAT_BEGIN
 90
     5
170
     1
 91
     0
 92
 32768
 62
   257
 93
     1
300
CONTENTFORMAT
  1
CONTENTFORMAT_BEGIN
 90
     0
 91
     0
 92
   512
 93
     0
300

 40
0.0
140
1.0
 94
     5
 62
     0
340
5D
144
6.0
309
CONTENTFORMAT_END
171
     1
301
MARGIN
  1
CELLMARGIN_BEGIN
 40
1.5
 40
1.5
 40
1.5
 40
1.5
 40
4.5
 40
4.5
309
CELLMARGIN_END
 94
     6
 95
     1
302
GRIDFORMAT
  1
GRIDFORMAT_BEGIN
 90
     0
 91
     1
 62
     0
 92
    -2
340
0
 93
     0
 40
1.125
309
GRIDFORMAT_END
 95
     2
302
GRIDFORMAT
  1
GRIDFORMAT_BEGIN
 90
     0
 91
     1
 62
     0
 92
    -2
340
0
 93
     0
 40
1.125
309
GRIDFORMAT_END
 95
     4
302
GRIDFORMAT
  1
GRIDFORMAT_BEGIN
 90
     0
 91
     1
 62
     0
 92
    -2
340
0
 93
     0
 40
1.125
309
GRIDFORMAT_END
 95
     8
302
GRIDFORMAT
  1
GRIDFORMAT_BEGIN
 90
     0
 91
     1
 62
     0
 92
    -2
340
0
 93
     0
 40
1.125
309
GRIDFORMAT_END
 95
    16
302
GRIDFORMAT
  1
GRIDFORMAT_BEGIN
 90
     0
 91
     1
 62
     0
 92
    -2
340
0
 93
     0
 40
1.125
309
GRIDFORMAT_END
 95
    32
302
GRIDFORMAT
  1
GRIDFORMAT_BEGIN
 90
     0
 91
     1
 62
     0
 92
    -2
340
0
 93
     0
 40
1.125
309
GRIDFORMAT_END
309
TABLEFORMAT_END
  1
CELLSTYLE_BEGIN
 90
     1
 91
     1
300
_TITLE
309
CELLSTYLE_END
300
CELLSTYLE
  1
TABLEFORMAT_BEGIN
 90
     5
170
     1
 91
     0
 92
     0
 62
   257
 93
     1
300
CONTENTFORMAT
  1
CONTENTFORMAT_BEGIN
 90
     0
 91
     0
 92
   512
 93
     0
300

 40
0.0
140
1.0
 94
     5
 62
     0
340
5D
144
4.5
309
CONTENTFORMAT_END
171
     1
301
MARGIN
  1
CELLMARGIN_BEGIN
 40
1.5
 40
1.5
 40
1.5
 40
1.5
 40
4.5
 40
4.5
309
CELLMARGIN_END
 94
     6
 95
     1
302
GRIDFORMAT
  1
GRIDFORMAT_BEGIN
 90
     0
 91
     1
 62
     0
 92
    -2
340
0
 93
     0
 40
1.125
309
GRIDFORMAT_END
 95
     2
302
GRIDFORMAT
  1
GRIDFORMAT_BEGIN
 90
     0
 91
     1
 62
     0
 92
    -2
340
0
 93
     0
 40
1.125
309
GRIDFORMAT_END
 95
     4
302
GRIDFORMAT
  1
GRIDFORMAT_BEGIN
 90
     0
 91
     1
 62
     0
 92
    -2
340
0
 93
     0
 40
1.125
309
GRIDFORMAT_END
 95
     8
302
GRIDFORMAT
  1
GRIDFORMAT_BEGIN
 90
     0
 91
     1
 62
     0
 92
    -2
340
0
 93
     0
 40
1.125
309
GRIDFORMAT_END
 95
    16
302
GRIDFORMAT
  1
GRIDFORMAT_BEGIN
 90
     0
 91
     1
 62
     0
 92
    -2
340
0
 93
     0
 40
1.125
309
GRIDFORMAT_END
 95
    32
302
GRIDFORMAT
  1
GRIDFORMAT_BEGIN
 90
     0
 91
     1
 62
     0
 92
    -2
340
0
 93
     0
 40
1.125
309
GRIDFORMAT_END
309
TABLEFORMAT_END
  1
CELLSTYLE_BEGIN
 90
     2
 91
     1
300
_HEADER
309
CELLSTYLE_END
300
CELLSTYLE
  1
TABLEFORMAT_BEGIN
 90
     5
170
     1
 91
     0
 92
     0
 62
   257
 93
     1
300
CONTENTFORMAT
  1
CONTENTFORMAT_BEGIN
 90
     0
 91
     0
 92
   512
 93
     0
300

 40
0.0
140
1.0
 94
     2
 62
     0
340
5D
144
4.5
309
CONTENTFORMAT_END
171
     1
301
MARGIN
  1
CELLMARGIN_BEGIN
 40
1.5
 40
1.5
 40
1.5
 40
1.5
 40
4.5
 40
4.5
309
CELLMARGIN_END
 94
     6
 95
     1
302
GRIDFORMAT
  1
GRIDFORMAT_BEGIN
 90
     0
 91
     1
 62
     0
 92
    -2
340
0
 93
     0
 40
1.125
309
GRIDFORMAT_END
 95
     2
302
GRIDFORMAT
  1
GRIDFORMAT_BEGIN
 90
     0
 91
     1
 62
     0
 92
    -2
340
0
 93
     0
 40
1.125
309
GRIDFORMAT_END
 95
     4
302
GRIDFORMAT
  1
GRIDFORMAT_BEGIN
 90
     0
 91
     1
 62
     0
 92
    -2
340
0
 93
     0
 40
1.125
309
GRIDFORMAT_END
 95
     8
302
GRIDFORMAT
  1
GRIDFORMAT_BEGIN
 90
     0
 91
     1
 62
     0
 92
    -2
340
0
 93
     0
 40
1.125
309
GRIDFORMAT_END
 95
    16
302
GRIDFORMAT
  1
GRIDFORMAT_BEGIN
 90
     0
 91
     1
 62
     0
 92
    -2
340
0
 93
     0
 40
1.125
309
GRIDFORMAT_END
 95
    32
302
GRIDFORMAT
  1
GRIDFORMAT_BEGIN
 90
     0
 91
     1
 62
     0
 92
    -2
340
0
 93
     0
 40
1.125
309
GRIDFORMAT_END
309
TABLEFORMAT_END
  1
CELLSTYLE_BEGIN
 90
     3
 91
     2
300
_DATA
309
CELLSTYLE_END
  0
XRECORD
  5
B0
102
{ACAD_REACTORS
330
A6
102
}
330
A6
100
AcDbXrecord
280
     1
102
ACAD_ROUNDTRIP_PRE2007_TABLESTYLE
 90
   512
 91
     0
  1

 92
   512
 93
     0
  2

 94
   512
 95
     0
  3

  0
ENDSEC
  0
EOF
