solid OBJECT
  facet normal 0.999465 0.032720 0.000000
    outer loop
      vertex -73.503212 134.098107 -4.500000
      vertex -73.500000 134.000000 -4.500000
      vertex -73.503212 134.098107 -6.000000
    endloop
  endfacet
  facet normal 0.999465 0.032720 0.000000
    outer loop
      vertex -73.500000 134.000000 -4.500000
      vertex -73.500000 134.000000 -6.000000
      vertex -73.503212 134.098107 -6.000000
    endloop
  endfacet
  facet normal 0.995184 0.098021 -0.000000
    outer loop
      vertex -73.503212 134.098107 -6.000000
      vertex -73.512834 134.195797 -6.000000
      vertex -73.503212 134.098107 -4.500000
    endloop
  endfacet
  facet normal 0.995184 0.098021 -0.000000
    outer loop
      vertex -73.512834 134.195797 -6.000000
      vertex -73.512834 134.195797 -4.500000
      vertex -73.503212 134.098107 -4.500000
    endloop
  endfacet
  facet normal 0.986643 0.162899 -0.000000
    outer loop
      vertex -73.512834 134.195797 -6.000000
      vertex -73.528822 134.292637 -6.000000
      vertex -73.512834 134.195797 -4.500000
    endloop
  endfacet
  facet normal 0.986643 0.162899 -0.000000
    outer loop
      vertex -73.528822 134.292637 -6.000000
      vertex -73.528822 134.292637 -4.500000
      vertex -73.512834 134.195797 -4.500000
    endloop
  endfacet
  facet normal 0.973876 0.227079 -0.000000
    outer loop
      vertex -73.528822 134.292637 -6.000000
      vertex -73.551113 134.388234 -6.000000
      vertex -73.528822 134.292637 -4.500000
    endloop
  endfacet
  facet normal 0.973876 0.227079 -0.000000
    outer loop
      vertex -73.551113 134.388234 -6.000000
      vertex -73.551113 134.388234 -4.500000
      vertex -73.528822 134.292637 -4.500000
    endloop
  endfacet
  facet normal 0.956940 0.290287 -0.000000
    outer loop
      vertex -73.551113 134.388234 -6.000000
      vertex -73.579605 134.482159 -6.000000
      vertex -73.551113 134.388234 -4.500000
    endloop
  endfacet
  facet normal 0.956940 0.290287 -0.000000
    outer loop
      vertex -73.579605 134.482159 -6.000000
      vertex -73.579605 134.482159 -4.500000
      vertex -73.551113 134.388234 -4.500000
    endloop
  endfacet
  facet normal 0.935906 0.352251 -0.000000
    outer loop
      vertex -73.579605 134.482159 -6.000000
      vertex -73.614182 134.574028 -6.000000
      vertex -73.579605 134.482159 -4.500000
    endloop
  endfacet
  facet normal 0.935906 0.352251 -0.000000
    outer loop
      vertex -73.614182 134.574028 -6.000000
      vertex -73.614182 134.574028 -4.500000
      vertex -73.579605 134.482159 -4.500000
    endloop
  endfacet
  facet normal 0.910863 0.412709 -0.000000
    outer loop
      vertex -73.614182 134.574028 -6.000000
      vertex -73.654693 134.663437 -6.000000
      vertex -73.614182 134.574028 -4.500000
    endloop
  endfacet
  facet normal 0.910863 0.412709 -0.000000
    outer loop
      vertex -73.654693 134.663437 -6.000000
      vertex -73.654693 134.663437 -4.500000
      vertex -73.614182 134.574028 -4.500000
    endloop
  endfacet
  facet normal 0.881920 0.471399 -0.000000
    outer loop
      vertex -73.654693 134.663437 -6.000000
      vertex -73.700963 134.750002 -6.000000
      vertex -73.654693 134.663437 -4.500000
    endloop
  endfacet
  facet normal 0.881920 0.471399 -0.000000
    outer loop
      vertex -73.700963 134.750002 -6.000000
      vertex -73.700963 134.750002 -4.500000
      vertex -73.654693 134.663437 -4.500000
    endloop
  endfacet
  facet normal 0.849201 0.528069 -0.000000
    outer loop
      vertex -73.700963 134.750002 -6.000000
      vertex -73.752796 134.833356 -6.000000
      vertex -73.700963 134.750002 -4.500000
    endloop
  endfacet
  facet normal 0.849201 0.528069 -0.000000
    outer loop
      vertex -73.752796 134.833356 -6.000000
      vertex -73.752796 134.833356 -4.500000
      vertex -73.700963 134.750002 -4.500000
    endloop
  endfacet
  facet normal 0.812846 0.582478 -0.000000
    outer loop
      vertex -73.752796 134.833356 -6.000000
      vertex -73.809970 134.913143 -6.000000
      vertex -73.752796 134.833356 -4.500000
    endloop
  endfacet
  facet normal 0.812846 0.582478 -0.000000
    outer loop
      vertex -73.809970 134.913143 -6.000000
      vertex -73.809970 134.913143 -4.500000
      vertex -73.752796 134.833356 -4.500000
    endloop
  endfacet
  facet normal 0.773010 0.634393 -0.000000
    outer loop
      vertex -73.809970 134.913143 -6.000000
      vertex -73.872240 134.989019 -6.000000
      vertex -73.809970 134.913143 -4.500000
    endloop
  endfacet
  facet normal 0.773010 0.634393 -0.000000
    outer loop
      vertex -73.872240 134.989019 -6.000000
      vertex -73.872240 134.989019 -4.500000
      vertex -73.809970 134.913143 -4.500000
    endloop
  endfacet
  facet normal 0.729864 0.683592 -0.000000
    outer loop
      vertex -73.872240 134.989019 -6.000000
      vertex -73.939340 135.060660 -6.000000
      vertex -73.872240 134.989019 -4.500000
    endloop
  endfacet
  facet normal 0.729864 0.683592 -0.000000
    outer loop
      vertex -73.939340 135.060660 -6.000000
      vertex -73.939340 135.060660 -4.500000
      vertex -73.872240 134.989019 -4.500000
    endloop
  endfacet
  facet normal 0.683592 0.729864 -0.000000
    outer loop
      vertex -73.939340 135.060660 -6.000000
      vertex -74.010981 135.127760 -6.000000
      vertex -73.939340 135.060660 -4.500000
    endloop
  endfacet
  facet normal 0.683592 0.729864 -0.000000
    outer loop
      vertex -74.010981 135.127760 -6.000000
      vertex -74.010981 135.127760 -4.500000
      vertex -73.939340 135.060660 -4.500000
    endloop
  endfacet
  facet normal 0.634393 0.773010 -0.000000
    outer loop
      vertex -74.010981 135.127760 -6.000000
      vertex -74.086857 135.190030 -6.000000
      vertex -74.010981 135.127760 -4.500000
    endloop
  endfacet
  facet normal 0.634393 0.773010 -0.000000
    outer loop
      vertex -74.086857 135.190030 -6.000000
      vertex -74.086857 135.190030 -4.500000
      vertex -74.010981 135.127760 -4.500000
    endloop
  endfacet
  facet normal 0.582478 0.812846 -0.000000
    outer loop
      vertex -74.086857 135.190030 -6.000000
      vertex -74.166644 135.247204 -6.000000
      vertex -74.086857 135.190030 -4.500000
    endloop
  endfacet
  facet normal 0.582478 0.812846 -0.000000
    outer loop
      vertex -74.166644 135.247204 -6.000000
      vertex -74.166644 135.247204 -4.500000
      vertex -74.086857 135.190030 -4.500000
    endloop
  endfacet
  facet normal 0.528069 0.849201 -0.000000
    outer loop
      vertex -74.166644 135.247204 -6.000000
      vertex -74.249998 135.299037 -6.000000
      vertex -74.166644 135.247204 -4.500000
    endloop
  endfacet
  facet normal 0.528069 0.849201 -0.000000
    outer loop
      vertex -74.249998 135.299037 -6.000000
      vertex -74.249998 135.299037 -4.500000
      vertex -74.166644 135.247204 -4.500000
    endloop
  endfacet
  facet normal 0.471399 0.881920 -0.000000
    outer loop
      vertex -74.249998 135.299037 -6.000000
      vertex -74.336563 135.345307 -6.000000
      vertex -74.249998 135.299037 -4.500000
    endloop
  endfacet
  facet normal 0.471399 0.881920 -0.000000
    outer loop
      vertex -74.336563 135.345307 -6.000000
      vertex -74.336563 135.345307 -4.500000
      vertex -74.249998 135.299037 -4.500000
    endloop
  endfacet
  facet normal 0.412709 0.910863 -0.000000
    outer loop
      vertex -74.336563 135.345307 -6.000000
      vertex -74.425972 135.385818 -6.000000
      vertex -74.336563 135.345307 -4.500000
    endloop
  endfacet
  facet normal 0.412709 0.910863 -0.000000
    outer loop
      vertex -74.425972 135.385818 -6.000000
      vertex -74.425972 135.385818 -4.500000
      vertex -74.336563 135.345307 -4.500000
    endloop
  endfacet
  facet normal 0.352251 0.935906 -0.000000
    outer loop
      vertex -74.425972 135.385818 -6.000000
      vertex -74.517841 135.420395 -6.000000
      vertex -74.425972 135.385818 -4.500000
    endloop
  endfacet
  facet normal 0.352251 0.935906 -0.000000
    outer loop
      vertex -74.517841 135.420395 -6.000000
      vertex -74.517841 135.420395 -4.500000
      vertex -74.425972 135.385818 -4.500000
    endloop
  endfacet
  facet normal 0.290287 0.956940 -0.000000
    outer loop
      vertex -74.517841 135.420395 -6.000000
      vertex -74.611766 135.448887 -6.000000
      vertex -74.517841 135.420395 -4.500000
    endloop
  endfacet
  facet normal 0.290287 0.956940 -0.000000
    outer loop
      vertex -74.611766 135.448887 -6.000000
      vertex -74.611766 135.448887 -4.500000
      vertex -74.517841 135.420395 -4.500000
    endloop
  endfacet
  facet normal 0.227079 0.973876 -0.000000
    outer loop
      vertex -74.611766 135.448887 -6.000000
      vertex -74.707363 135.471178 -6.000000
      vertex -74.611766 135.448887 -4.500000
    endloop
  endfacet
  facet normal 0.227079 0.973876 -0.000000
    outer loop
      vertex -74.707363 135.471178 -6.000000
      vertex -74.707363 135.471178 -4.500000
      vertex -74.611766 135.448887 -4.500000
    endloop
  endfacet
  facet normal 0.162899 0.986643 -0.000000
    outer loop
      vertex -74.707363 135.471178 -6.000000
      vertex -74.804203 135.487166 -6.000000
      vertex -74.707363 135.471178 -4.500000
    endloop
  endfacet
  facet normal 0.162899 0.986643 -0.000000
    outer loop
      vertex -74.804203 135.487166 -6.000000
      vertex -74.804203 135.487166 -4.500000
      vertex -74.707363 135.471178 -4.500000
    endloop
  endfacet
  facet normal 0.098021 0.995184 -0.000000
    outer loop
      vertex -74.804203 135.487166 -6.000000
      vertex -74.901893 135.496788 -6.000000
      vertex -74.804203 135.487166 -4.500000
    endloop
  endfacet
  facet normal 0.098021 0.995184 -0.000000
    outer loop
      vertex -74.901893 135.496788 -6.000000
      vertex -74.901893 135.496788 -4.500000
      vertex -74.804203 135.487166 -4.500000
    endloop
  endfacet
  facet normal 0.032720 0.999465 -0.000000
    outer loop
      vertex -74.901893 135.496788 -6.000000
      vertex -75.000000 135.500000 -6.000000
      vertex -74.901893 135.496788 -4.500000
    endloop
  endfacet
  facet normal 0.032720 0.999465 -0.000000
    outer loop
      vertex -75.000000 135.500000 -6.000000
      vertex -75.000000 135.500000 -4.500000
      vertex -74.901893 135.496788 -4.500000
    endloop
  endfacet
  facet normal 0.000000 1.000000 0.000000
    outer loop
      vertex -75.000000 135.500000 -4.500000
      vertex -75.000000 135.500000 -6.000000
      vertex -75.625000 135.500000 -6.000000
    endloop
  endfacet
  facet normal -0.000000 1.000000 0.000000
    outer loop
      vertex -75.625000 135.500000 -4.500000
      vertex -75.000000 135.500000 -4.500000
      vertex -75.625000 135.500000 -6.000000
    endloop
  endfacet
  facet normal 0.000000 1.000000 0.000000
    outer loop
      vertex -78.375000 135.500000 -6.000000
      vertex -78.375000 135.500000 -4.500000
      vertex -75.625000 135.500000 -4.500000
    endloop
  endfacet
  facet normal 0.000000 1.000000 0.000000
    outer loop
      vertex -75.625000 135.500000 -4.500000
      vertex -75.625000 135.500000 -6.000000
      vertex -78.375000 135.500000 -6.000000
    endloop
  endfacet
  facet normal 0.000000 1.000000 0.000000
    outer loop
      vertex -105.375000 135.500000 -6.000000
      vertex -105.375000 135.500000 -4.500000
      vertex -104.062500 135.500000 -4.500000
    endloop
  endfacet
  facet normal 0.000000 1.000000 -0.000000
    outer loop
      vertex -104.062500 135.500000 -6.000000
      vertex -105.375000 135.500000 -6.000000
      vertex -104.062500 135.500000 -4.500000
    endloop
  endfacet
  facet normal 0.000000 1.000000 0.000000
    outer loop
      vertex -104.062500 135.500000 -6.000000
      vertex -104.062500 135.500000 -4.500000
      vertex -102.000000 135.500000 -4.500000
    endloop
  endfacet
  facet normal 0.000000 1.000000 0.000000
    outer loop
      vertex -102.000000 135.500000 -4.500000
      vertex -102.000000 135.500000 -6.000000
      vertex -104.062500 135.500000 -6.000000
    endloop
  endfacet
  facet normal 0.000000 1.000000 0.000000
    outer loop
      vertex -91.875000 135.500000 -4.500000
      vertex -88.500000 135.500000 -4.500000
      vertex -91.875000 135.500000 -6.000000
    endloop
  endfacet
  facet normal 0.000000 1.000000 0.000000
    outer loop
      vertex -88.500000 135.500000 -4.500000
      vertex -88.500000 135.500000 -6.000000
      vertex -91.875000 135.500000 -6.000000
    endloop
  endfacet
  facet normal 0.000000 1.000000 0.000000
    outer loop
      vertex -83.750000 135.500000 -6.000000
      vertex -85.125000 135.500000 -6.000000
      vertex -85.125000 135.500000 -4.500000
    endloop
  endfacet
  facet normal 0.000000 1.000000 -0.000000
    outer loop
      vertex -83.750000 135.500000 -6.000000
      vertex -85.125000 135.500000 -4.500000
      vertex -83.750000 135.500000 -4.500000
    endloop
  endfacet
  facet normal -0.000000 1.000000 0.000000
    outer loop
      vertex -83.750000 135.500000 -4.500000
      vertex -81.750000 135.500000 -4.500000
      vertex -81.750000 135.500000 -6.000000
    endloop
  endfacet
  facet normal 0.000000 1.000000 0.000000
    outer loop
      vertex -83.750000 135.500000 -4.500000
      vertex -81.750000 135.500000 -6.000000
      vertex -83.750000 135.500000 -6.000000
    endloop
  endfacet
  facet normal -0.000000 1.000000 0.000000
    outer loop
      vertex -79.687500 135.500000 -4.500000
      vertex -78.375000 135.500000 -4.500000
      vertex -78.375000 135.500000 -6.000000
    endloop
  endfacet
  facet normal 0.000000 1.000000 0.000000
    outer loop
      vertex -79.687500 135.500000 -4.500000
      vertex -78.375000 135.500000 -6.000000
      vertex -79.687500 135.500000 -6.000000
    endloop
  endfacet
  facet normal 0.000000 1.000000 0.000000
    outer loop
      vertex -81.750000 135.500000 -6.000000
      vertex -81.750000 135.500000 -4.500000
      vertex -79.687500 135.500000 -4.500000
    endloop
  endfacet
  facet normal 0.000000 1.000000 0.000000
    outer loop
      vertex -79.687500 135.500000 -4.500000
      vertex -79.687500 135.500000 -6.000000
      vertex -81.750000 135.500000 -6.000000
    endloop
  endfacet
  facet normal 0.000000 1.000000 0.000000
    outer loop
      vertex -88.500000 135.500000 -6.000000
      vertex -88.500000 135.500000 -4.500000
      vertex -87.812500 135.500000 -4.500000
    endloop
  endfacet
  facet normal 0.000000 1.000000 -0.000000
    outer loop
      vertex -87.812500 135.500000 -6.000000
      vertex -88.500000 135.500000 -6.000000
      vertex -87.812500 135.500000 -4.500000
    endloop
  endfacet
  facet normal 0.000000 1.000000 0.000000
    outer loop
      vertex -87.812500 135.500000 -6.000000
      vertex -87.812500 135.500000 -4.500000
      vertex -85.125000 135.500000 -4.500000
    endloop
  endfacet
  facet normal 0.000000 1.000000 0.000000
    outer loop
      vertex -85.125000 135.500000 -4.500000
      vertex -85.125000 135.500000 -6.000000
      vertex -87.812500 135.500000 -6.000000
    endloop
  endfacet
  facet normal -0.000000 1.000000 0.000000
    outer loop
      vertex -95.937500 135.500000 -4.500000
      vertex -95.250000 135.500000 -4.500000
      vertex -95.250000 135.500000 -6.000000
    endloop
  endfacet
  facet normal 0.000000 1.000000 0.000000
    outer loop
      vertex -95.937500 135.500000 -4.500000
      vertex -95.250000 135.500000 -6.000000
      vertex -95.937500 135.500000 -6.000000
    endloop
  endfacet
  facet normal 0.000000 1.000000 0.000000
    outer loop
      vertex -98.625000 135.500000 -6.000000
      vertex -98.625000 135.500000 -4.500000
      vertex -95.937500 135.500000 -4.500000
    endloop
  endfacet
  facet normal 0.000000 1.000000 0.000000
    outer loop
      vertex -95.937500 135.500000 -4.500000
      vertex -95.937500 135.500000 -6.000000
      vertex -98.625000 135.500000 -6.000000
    endloop
  endfacet
  facet normal -0.000000 1.000000 0.000000
    outer loop
      vertex -95.250000 135.500000 -4.500000
      vertex -91.875000 135.500000 -4.500000
      vertex -95.250000 135.500000 -6.000000
    endloop
  endfacet
  facet normal 0.000000 1.000000 0.000000
    outer loop
      vertex -91.875000 135.500000 -4.500000
      vertex -91.875000 135.500000 -6.000000
      vertex -95.250000 135.500000 -6.000000
    endloop
  endfacet
  facet normal -0.000000 1.000000 0.000000
    outer loop
      vertex -100.000000 135.500000 -4.500000
      vertex -98.625000 135.500000 -4.500000
      vertex -98.625000 135.500000 -6.000000
    endloop
  endfacet
  facet normal 0.000000 1.000000 0.000000
    outer loop
      vertex -100.000000 135.500000 -4.500000
      vertex -98.625000 135.500000 -6.000000
      vertex -100.000000 135.500000 -6.000000
    endloop
  endfacet
  facet normal 0.000000 1.000000 0.000000
    outer loop
      vertex -102.000000 135.500000 -6.000000
      vertex -102.000000 135.500000 -4.500000
      vertex -100.000000 135.500000 -4.500000
    endloop
  endfacet
  facet normal 0.000000 1.000000 0.000000
    outer loop
      vertex -100.000000 135.500000 -4.500000
      vertex -100.000000 135.500000 -6.000000
      vertex -102.000000 135.500000 -6.000000
    endloop
  endfacet
  facet normal -0.000000 1.000000 0.000000
    outer loop
      vertex -116.250000 135.500000 -4.500000
      vertex -115.500000 135.500000 -4.500000
      vertex -115.500000 135.500000 -6.000000
    endloop
  endfacet
  facet normal 0.000000 1.000000 0.000000
    outer loop
      vertex -116.250000 135.500000 -4.500000
      vertex -115.500000 135.500000 -6.000000
      vertex -116.250000 135.500000 -6.000000
    endloop
  endfacet
  facet normal 0.000000 1.000000 0.000000
    outer loop
      vertex -116.250000 135.500000 -6.000000
      vertex -118.875000 135.500000 -6.000000
      vertex -118.875000 135.500000 -4.500000
    endloop
  endfacet
  facet normal -0.000000 1.000000 0.000000
    outer loop
      vertex -118.875000 135.500000 -4.500000
      vertex -116.250000 135.500000 -4.500000
      vertex -116.250000 135.500000 -6.000000
    endloop
  endfacet
  facet normal -0.000000 1.000000 0.000000
    outer loop
      vertex -112.125000 135.500000 -4.500000
      vertex -108.750000 135.500000 -4.500000
      vertex -112.125000 135.500000 -6.000000
    endloop
  endfacet
  facet normal 0.000000 1.000000 0.000000
    outer loop
      vertex -108.750000 135.500000 -4.500000
      vertex -108.750000 135.500000 -6.000000
      vertex -112.125000 135.500000 -6.000000
    endloop
  endfacet
  facet normal 0.000000 1.000000 0.000000
    outer loop
      vertex -108.750000 135.500000 -6.000000
      vertex -108.750000 135.500000 -4.500000
      vertex -108.125000 135.500000 -4.500000
    endloop
  endfacet
  facet normal 0.000000 1.000000 -0.000000
    outer loop
      vertex -108.125000 135.500000 -6.000000
      vertex -108.750000 135.500000 -6.000000
      vertex -108.125000 135.500000 -4.500000
    endloop
  endfacet
  facet normal 0.000000 1.000000 0.000000
    outer loop
      vertex -108.125000 135.500000 -6.000000
      vertex -108.125000 135.500000 -4.500000
      vertex -105.375000 135.500000 -4.500000
    endloop
  endfacet
  facet normal 0.000000 1.000000 0.000000
    outer loop
      vertex -105.375000 135.500000 -4.500000
      vertex -105.375000 135.500000 -6.000000
      vertex -108.125000 135.500000 -6.000000
    endloop
  endfacet
  facet normal 0.000000 1.000000 -0.000000
    outer loop
      vertex -115.500000 135.500000 -6.000000
      vertex -115.500000 135.500000 -4.500000
      vertex -112.187500 135.500000 -4.500000
    endloop
  endfacet
  facet normal 0.000000 1.000000 -0.000000
    outer loop
      vertex -112.187500 135.500000 -6.000000
      vertex -115.500000 135.500000 -6.000000
      vertex -112.187500 135.500000 -4.500000
    endloop
  endfacet
  facet normal 0.000000 1.000000 0.000000
    outer loop
      vertex -112.187500 135.500000 -6.000000
      vertex -112.187500 135.500000 -4.500000
      vertex -112.125000 135.500000 -4.500000
    endloop
  endfacet
  facet normal 0.000000 1.000000 0.000000
    outer loop
      vertex -112.125000 135.500000 -4.500000
      vertex -112.125000 135.500000 -6.000000
      vertex -112.187500 135.500000 -6.000000
    endloop
  endfacet
  facet normal 0.000000 1.000000 0.000000
    outer loop
      vertex -125.625000 135.500000 -6.000000
      vertex -125.625000 135.500000 -4.500000
      vertex -124.375000 135.500000 -4.500000
    endloop
  endfacet
  facet normal 0.000000 1.000000 -0.000000
    outer loop
      vertex -124.375000 135.500000 -6.000000
      vertex -125.625000 135.500000 -6.000000
      vertex -124.375000 135.500000 -4.500000
    endloop
  endfacet
  facet normal 0.000000 1.000000 0.000000
    outer loop
      vertex -124.375000 135.500000 -6.000000
      vertex -124.375000 135.500000 -4.500000
      vertex -122.250000 135.500000 -4.500000
    endloop
  endfacet
  facet normal 0.000000 1.000000 0.000000
    outer loop
      vertex -122.250000 135.500000 -4.500000
      vertex -122.250000 135.500000 -6.000000
      vertex -124.375000 135.500000 -6.000000
    endloop
  endfacet
  facet normal -0.000000 1.000000 0.000000
    outer loop
      vertex -120.312500 135.500000 -4.500000
      vertex -118.875000 135.500000 -4.500000
      vertex -118.875000 135.500000 -6.000000
    endloop
  endfacet
  facet normal 0.000000 1.000000 0.000000
    outer loop
      vertex -120.312500 135.500000 -4.500000
      vertex -118.875000 135.500000 -6.000000
      vertex -120.312500 135.500000 -6.000000
    endloop
  endfacet
  facet normal 0.000000 1.000000 0.000000
    outer loop
      vertex -120.312500 135.500000 -6.000000
      vertex -122.250000 135.500000 -6.000000
      vertex -122.250000 135.500000 -4.500000
    endloop
  endfacet
  facet normal -0.000000 1.000000 0.000000
    outer loop
      vertex -122.250000 135.500000 -4.500000
      vertex -120.312500 135.500000 -4.500000
      vertex -120.312500 135.500000 -6.000000
    endloop
  endfacet
  facet normal 0.000000 1.000000 0.000000
    outer loop
      vertex -128.437500 135.500000 -6.000000
      vertex -129.000000 135.500000 -6.000000
      vertex -129.000000 135.500000 -4.500000
    endloop
  endfacet
  facet normal 0.000000 1.000000 -0.000000
    outer loop
      vertex -128.437500 135.500000 -6.000000
      vertex -129.000000 135.500000 -4.500000
      vertex -128.437500 135.500000 -4.500000
    endloop
  endfacet
  facet normal 0.000000 1.000000 0.000000
    outer loop
      vertex -125.625000 135.500000 -4.500000
      vertex -125.625000 135.500000 -6.000000
      vertex -128.437500 135.500000 -6.000000
    endloop
  endfacet
  facet normal 0.000000 1.000000 0.000000
    outer loop
      vertex -128.437500 135.500000 -6.000000
      vertex -128.437500 135.500000 -4.500000
      vertex -125.625000 135.500000 -4.500000
    endloop
  endfacet
  facet normal -1.000000 -0.000000 -0.000000
    outer loop
      vertex -126.500000 121.666667 -4.500000
      vertex -126.500000 126.000000 -4.500000
      vertex -126.500000 121.666667 -6.000000
    endloop
  endfacet
  facet normal -1.000000 -0.000000 -0.000000
    outer loop
      vertex -126.500000 126.000000 -4.500000
      vertex -126.500000 126.000000 -6.000000
      vertex -126.500000 121.666667 -6.000000
    endloop
  endfacet
  facet normal -1.000000 -0.000000 0.000000
    outer loop
      vertex -126.500000 117.333333 -6.000000
      vertex -126.500000 117.333333 -4.500000
      vertex -126.500000 121.625000 -4.500000
    endloop
  endfacet
  facet normal -1.000000 -0.000000 0.000000
    outer loop
      vertex -126.500000 121.625000 -6.000000
      vertex -126.500000 117.333333 -6.000000
      vertex -126.500000 121.625000 -4.500000
    endloop
  endfacet
  facet normal -1.000000 0.000000 0.000000
    outer loop
      vertex -126.500000 121.625000 -6.000000
      vertex -126.500000 121.625000 -4.500000
      vertex -126.500000 121.666667 -4.500000
    endloop
  endfacet
  facet normal -1.000000 0.000000 -0.000000
    outer loop
      vertex -126.500000 121.666667 -4.500000
      vertex -126.500000 121.666667 -6.000000
      vertex -126.500000 121.625000 -6.000000
    endloop
  endfacet
  facet normal -1.000000 -0.000000 -0.000000
    outer loop
      vertex -126.500000 117.333333 -4.500000
      vertex -126.500000 117.333333 -6.000000
      vertex -126.500000 117.000000 -6.000000
    endloop
  endfacet
  facet normal -1.000000 -0.000000 -0.000000
    outer loop
      vertex -126.500000 117.000000 -4.500000
      vertex -126.500000 117.333333 -4.500000
      vertex -126.500000 117.000000 -6.000000
    endloop
  endfacet
  facet normal -1.000000 -0.000000 0.000000
    outer loop
      vertex -126.500000 113.000000 -6.000000
      vertex -126.500000 113.000000 -4.500000
      vertex -126.500000 117.000000 -4.500000
    endloop
  endfacet
  facet normal -1.000000 -0.000000 -0.000000
    outer loop
      vertex -126.500000 117.000000 -4.500000
      vertex -126.500000 117.000000 -6.000000
      vertex -126.500000 113.000000 -6.000000
    endloop
  endfacet
  facet normal -1.000000 0.000000 0.000000
    outer loop
      vertex -126.500000 112.375000 -4.500000
      vertex -126.500000 113.000000 -4.500000
      vertex -126.500000 113.000000 -6.000000
    endloop
  endfacet
  facet normal -1.000000 0.000000 0.000000
    outer loop
      vertex -126.500000 112.375000 -4.500000
      vertex -126.500000 113.000000 -6.000000
      vertex -126.500000 112.375000 -6.000000
    endloop
  endfacet
  facet normal -1.000000 -0.000000 0.000000
    outer loop
      vertex -126.500000 108.666667 -6.000000
      vertex -126.500000 108.666667 -4.500000
      vertex -126.500000 112.375000 -4.500000
    endloop
  endfacet
  facet normal -1.000000 -0.000000 -0.000000
    outer loop
      vertex -126.500000 112.375000 -4.500000
      vertex -126.500000 112.375000 -6.000000
      vertex -126.500000 108.666667 -6.000000
    endloop
  endfacet
  facet normal -1.000000 0.000000 0.000000
    outer loop
      vertex -126.500000 107.750000 -4.500000
      vertex -126.500000 108.666667 -4.500000
      vertex -126.500000 108.666667 -6.000000
    endloop
  endfacet
  facet normal -1.000000 0.000000 0.000000
    outer loop
      vertex -126.500000 107.750000 -4.500000
      vertex -126.500000 108.666667 -6.000000
      vertex -126.500000 107.750000 -6.000000
    endloop
  endfacet
  facet normal -1.000000 -0.000000 0.000000
    outer loop
      vertex -126.500000 104.333333 -4.500000
      vertex -126.500000 107.750000 -4.500000
      vertex -126.500000 107.750000 -6.000000
    endloop
  endfacet
  facet normal -1.000000 -0.000000 -0.000000
    outer loop
      vertex -126.500000 104.333333 -4.500000
      vertex -126.500000 107.750000 -6.000000
      vertex -126.500000 104.333333 -6.000000
    endloop
  endfacet
  facet normal -1.000000 -0.000000 -0.000000
    outer loop
      vertex -126.500000 104.333333 -4.500000
      vertex -126.500000 104.333333 -6.000000
      vertex -126.500000 103.125000 -6.000000
    endloop
  endfacet
  facet normal -1.000000 -0.000000 -0.000000
    outer loop
      vertex -126.500000 103.125000 -4.500000
      vertex -126.500000 104.333333 -4.500000
      vertex -126.500000 103.125000 -6.000000
    endloop
  endfacet
  facet normal -1.000000 -0.000000 -0.000000
    outer loop
      vertex -126.500000 103.125000 -4.500000
      vertex -126.500000 103.125000 -6.000000
      vertex -126.500000 100.000000 -6.000000
    endloop
  endfacet
  facet normal -1.000000 -0.000000 0.000000
    outer loop
      vertex -126.500000 100.000000 -6.000000
      vertex -126.500000 100.000000 -4.500000
      vertex -126.500000 103.125000 -4.500000
    endloop
  endfacet
  facet normal -0.999465 -0.032720 -0.000000
    outer loop
      vertex -126.496788 99.901893 -4.500000
      vertex -126.500000 100.000000 -4.500000
      vertex -126.496788 99.901893 -6.000000
    endloop
  endfacet
  facet normal -0.999465 -0.032720 -0.000000
    outer loop
      vertex -126.500000 100.000000 -4.500000
      vertex -126.500000 100.000000 -6.000000
      vertex -126.496788 99.901893 -6.000000
    endloop
  endfacet
  facet normal -0.995184 -0.098021 0.000000
    outer loop
      vertex -126.496788 99.901893 -6.000000
      vertex -126.487166 99.804203 -6.000000
      vertex -126.496788 99.901893 -4.500000
    endloop
  endfacet
  facet normal -0.995184 -0.098021 0.000000
    outer loop
      vertex -126.487166 99.804203 -6.000000
      vertex -126.487166 99.804203 -4.500000
      vertex -126.496788 99.901893 -4.500000
    endloop
  endfacet
  facet normal -0.986643 -0.162899 0.000000
    outer loop
      vertex -126.487166 99.804203 -6.000000
      vertex -126.471178 99.707363 -6.000000
      vertex -126.487166 99.804203 -4.500000
    endloop
  endfacet
  facet normal -0.986643 -0.162899 0.000000
    outer loop
      vertex -126.471178 99.707363 -6.000000
      vertex -126.471178 99.707363 -4.500000
      vertex -126.487166 99.804203 -4.500000
    endloop
  endfacet
  facet normal -0.973876 -0.227079 0.000000
    outer loop
      vertex -126.471178 99.707363 -6.000000
      vertex -126.448887 99.611766 -6.000000
      vertex -126.471178 99.707363 -4.500000
    endloop
  endfacet
  facet normal -0.973876 -0.227079 0.000000
    outer loop
      vertex -126.448887 99.611766 -6.000000
      vertex -126.448887 99.611766 -4.500000
      vertex -126.471178 99.707363 -4.500000
    endloop
  endfacet
  facet normal -0.956940 -0.290287 0.000000
    outer loop
      vertex -126.448887 99.611766 -6.000000
      vertex -126.420395 99.517841 -6.000000
      vertex -126.448887 99.611766 -4.500000
    endloop
  endfacet
  facet normal -0.956940 -0.290287 0.000000
    outer loop
      vertex -126.420395 99.517841 -6.000000
      vertex -126.420395 99.517841 -4.500000
      vertex -126.448887 99.611766 -4.500000
    endloop
  endfacet
  facet normal -0.935906 -0.352251 0.000000
    outer loop
      vertex -126.420395 99.517841 -6.000000
      vertex -126.385818 99.425972 -6.000000
      vertex -126.420395 99.517841 -4.500000
    endloop
  endfacet
  facet normal -0.935906 -0.352251 0.000000
    outer loop
      vertex -126.385818 99.425972 -6.000000
      vertex -126.385818 99.425972 -4.500000
      vertex -126.420395 99.517841 -4.500000
    endloop
  endfacet
  facet normal -0.910863 -0.412709 0.000000
    outer loop
      vertex -126.385818 99.425972 -6.000000
      vertex -126.345307 99.336563 -6.000000
      vertex -126.385818 99.425972 -4.500000
    endloop
  endfacet
  facet normal -0.910863 -0.412709 0.000000
    outer loop
      vertex -126.345307 99.336563 -6.000000
      vertex -126.345307 99.336563 -4.500000
      vertex -126.385818 99.425972 -4.500000
    endloop
  endfacet
  facet normal -0.881920 -0.471399 0.000000
    outer loop
      vertex -126.345307 99.336563 -6.000000
      vertex -126.299037 99.249998 -6.000000
      vertex -126.345307 99.336563 -4.500000
    endloop
  endfacet
  facet normal -0.881920 -0.471399 0.000000
    outer loop
      vertex -126.299037 99.249998 -6.000000
      vertex -126.299037 99.249998 -4.500000
      vertex -126.345307 99.336563 -4.500000
    endloop
  endfacet
  facet normal -0.849201 -0.528069 0.000000
    outer loop
      vertex -126.299037 99.249998 -6.000000
      vertex -126.247204 99.166644 -6.000000
      vertex -126.299037 99.249998 -4.500000
    endloop
  endfacet
  facet normal -0.849201 -0.528069 0.000000
    outer loop
      vertex -126.247204 99.166644 -6.000000
      vertex -126.247204 99.166644 -4.500000
      vertex -126.299037 99.249998 -4.500000
    endloop
  endfacet
  facet normal -0.812846 -0.582478 0.000000
    outer loop
      vertex -126.247204 99.166644 -6.000000
      vertex -126.190030 99.086857 -6.000000
      vertex -126.247204 99.166644 -4.500000
    endloop
  endfacet
  facet normal -0.812846 -0.582478 0.000000
    outer loop
      vertex -126.190030 99.086857 -6.000000
      vertex -126.190030 99.086857 -4.500000
      vertex -126.247204 99.166644 -4.500000
    endloop
  endfacet
  facet normal -0.773010 -0.634393 0.000000
    outer loop
      vertex -126.190030 99.086857 -6.000000
      vertex -126.127760 99.010981 -6.000000
      vertex -126.190030 99.086857 -4.500000
    endloop
  endfacet
  facet normal -0.773010 -0.634393 0.000000
    outer loop
      vertex -126.127760 99.010981 -6.000000
      vertex -126.127760 99.010981 -4.500000
      vertex -126.190030 99.086857 -4.500000
    endloop
  endfacet
  facet normal -0.729864 -0.683592 0.000000
    outer loop
      vertex -126.127760 99.010981 -6.000000
      vertex -126.060660 98.939340 -6.000000
      vertex -126.127760 99.010981 -4.500000
    endloop
  endfacet
  facet normal -0.729864 -0.683592 0.000000
    outer loop
      vertex -126.060660 98.939340 -6.000000
      vertex -126.060660 98.939340 -4.500000
      vertex -126.127760 99.010981 -4.500000
    endloop
  endfacet
  facet normal -0.683592 -0.729864 0.000000
    outer loop
      vertex -126.060660 98.939340 -6.000000
      vertex -125.989019 98.872240 -6.000000
      vertex -126.060660 98.939340 -4.500000
    endloop
  endfacet
  facet normal -0.683592 -0.729864 0.000000
    outer loop
      vertex -125.989019 98.872240 -6.000000
      vertex -125.989019 98.872240 -4.500000
      vertex -126.060660 98.939340 -4.500000
    endloop
  endfacet
  facet normal -0.634393 -0.773010 0.000000
    outer loop
      vertex -125.989019 98.872240 -6.000000
      vertex -125.913143 98.809970 -6.000000
      vertex -125.989019 98.872240 -4.500000
    endloop
  endfacet
  facet normal -0.634393 -0.773010 0.000000
    outer loop
      vertex -125.913143 98.809970 -6.000000
      vertex -125.913143 98.809970 -4.500000
      vertex -125.989019 98.872240 -4.500000
    endloop
  endfacet
  facet normal -0.582478 -0.812846 0.000000
    outer loop
      vertex -125.913143 98.809970 -6.000000
      vertex -125.833356 98.752796 -6.000000
      vertex -125.913143 98.809970 -4.500000
    endloop
  endfacet
  facet normal -0.582478 -0.812846 0.000000
    outer loop
      vertex -125.833356 98.752796 -6.000000
      vertex -125.833356 98.752796 -4.500000
      vertex -125.913143 98.809970 -4.500000
    endloop
  endfacet
  facet normal -0.528069 -0.849201 0.000000
    outer loop
      vertex -125.833356 98.752796 -6.000000
      vertex -125.750002 98.700963 -6.000000
      vertex -125.833356 98.752796 -4.500000
    endloop
  endfacet
  facet normal -0.528069 -0.849201 0.000000
    outer loop
      vertex -125.750002 98.700963 -6.000000
      vertex -125.750002 98.700963 -4.500000
      vertex -125.833356 98.752796 -4.500000
    endloop
  endfacet
  facet normal -0.471399 -0.881920 0.000000
    outer loop
      vertex -125.750002 98.700963 -6.000000
      vertex -125.663437 98.654693 -6.000000
      vertex -125.750002 98.700963 -4.500000
    endloop
  endfacet
  facet normal -0.471399 -0.881920 0.000000
    outer loop
      vertex -125.663437 98.654693 -6.000000
      vertex -125.663437 98.654693 -4.500000
      vertex -125.750002 98.700963 -4.500000
    endloop
  endfacet
  facet normal -0.412709 -0.910863 0.000000
    outer loop
      vertex -125.663437 98.654693 -6.000000
      vertex -125.574028 98.614182 -6.000000
      vertex -125.663437 98.654693 -4.500000
    endloop
  endfacet
  facet normal -0.412709 -0.910863 0.000000
    outer loop
      vertex -125.574028 98.614182 -6.000000
      vertex -125.574028 98.614182 -4.500000
      vertex -125.663437 98.654693 -4.500000
    endloop
  endfacet
  facet normal -0.352251 -0.935906 0.000000
    outer loop
      vertex -125.574028 98.614182 -6.000000
      vertex -125.482159 98.579605 -6.000000
      vertex -125.574028 98.614182 -4.500000
    endloop
  endfacet
  facet normal -0.352251 -0.935906 0.000000
    outer loop
      vertex -125.482159 98.579605 -6.000000
      vertex -125.482159 98.579605 -4.500000
      vertex -125.574028 98.614182 -4.500000
    endloop
  endfacet
  facet normal -0.290287 -0.956940 0.000000
    outer loop
      vertex -125.482159 98.579605 -6.000000
      vertex -125.388234 98.551113 -6.000000
      vertex -125.482159 98.579605 -4.500000
    endloop
  endfacet
  facet normal -0.290287 -0.956940 0.000000
    outer loop
      vertex -125.388234 98.551113 -6.000000
      vertex -125.388234 98.551113 -4.500000
      vertex -125.482159 98.579605 -4.500000
    endloop
  endfacet
  facet normal -0.227079 -0.973876 0.000000
    outer loop
      vertex -125.388234 98.551113 -6.000000
      vertex -125.292637 98.528822 -6.000000
      vertex -125.388234 98.551113 -4.500000
    endloop
  endfacet
  facet normal -0.227079 -0.973876 0.000000
    outer loop
      vertex -125.292637 98.528822 -6.000000
      vertex -125.292637 98.528822 -4.500000
      vertex -125.388234 98.551113 -4.500000
    endloop
  endfacet
  facet normal -0.162899 -0.986643 0.000000
    outer loop
      vertex -125.292637 98.528822 -6.000000
      vertex -125.195797 98.512834 -6.000000
      vertex -125.292637 98.528822 -4.500000
    endloop
  endfacet
  facet normal -0.162899 -0.986643 0.000000
    outer loop
      vertex -125.195797 98.512834 -6.000000
      vertex -125.195797 98.512834 -4.500000
      vertex -125.292637 98.528822 -4.500000
    endloop
  endfacet
  facet normal -0.098021 -0.995184 0.000000
    outer loop
      vertex -125.195797 98.512834 -6.000000
      vertex -125.098107 98.503212 -6.000000
      vertex -125.195797 98.512834 -4.500000
    endloop
  endfacet
  facet normal -0.098021 -0.995184 0.000000
    outer loop
      vertex -125.098107 98.503212 -6.000000
      vertex -125.098107 98.503212 -4.500000
      vertex -125.195797 98.512834 -4.500000
    endloop
  endfacet
  facet normal -0.032720 -0.999465 0.000000
    outer loop
      vertex -125.098107 98.503212 -6.000000
      vertex -125.000000 98.500000 -6.000000
      vertex -125.098107 98.503212 -4.500000
    endloop
  endfacet
  facet normal -0.032720 -0.999465 0.000000
    outer loop
      vertex -125.000000 98.500000 -6.000000
      vertex -125.000000 98.500000 -4.500000
      vertex -125.098107 98.503212 -4.500000
    endloop
  endfacet
  facet normal -0.000000 -1.000000 0.000000
    outer loop
      vertex -124.375000 98.500000 -4.500000
      vertex -125.000000 98.500000 -4.500000
      vertex -125.000000 98.500000 -6.000000
    endloop
  endfacet
  facet normal 0.000000 -1.000000 -0.000000
    outer loop
      vertex -124.375000 98.500000 -4.500000
      vertex -125.000000 98.500000 -6.000000
      vertex -124.375000 98.500000 -6.000000
    endloop
  endfacet
  facet normal 0.000000 -1.000000 0.000000
    outer loop
      vertex -121.625000 98.500000 -6.000000
      vertex -121.625000 98.500000 -4.500000
      vertex -124.375000 98.500000 -4.500000
    endloop
  endfacet
  facet normal 0.000000 -1.000000 0.000000
    outer loop
      vertex -124.375000 98.500000 -4.500000
      vertex -124.375000 98.500000 -6.000000
      vertex -121.625000 98.500000 -6.000000
    endloop
  endfacet
  facet normal 0.000000 -1.000000 0.000000
    outer loop
      vertex -94.625000 98.500000 -6.000000
      vertex -94.625000 98.500000 -4.500000
      vertex -95.937500 98.500000 -4.500000
    endloop
  endfacet
  facet normal 0.000000 -1.000000 0.000000
    outer loop
      vertex -95.937500 98.500000 -6.000000
      vertex -94.625000 98.500000 -6.000000
      vertex -95.937500 98.500000 -4.500000
    endloop
  endfacet
  facet normal 0.000000 -1.000000 0.000000
    outer loop
      vertex -95.937500 98.500000 -6.000000
      vertex -95.937500 98.500000 -4.500000
      vertex -98.000000 98.500000 -4.500000
    endloop
  endfacet
  facet normal 0.000000 -1.000000 0.000000
    outer loop
      vertex -98.000000 98.500000 -4.500000
      vertex -98.000000 98.500000 -6.000000
      vertex -95.937500 98.500000 -6.000000
    endloop
  endfacet
  facet normal -0.000000 -1.000000 -0.000000
    outer loop
      vertex -108.125000 98.500000 -4.500000
      vertex -111.500000 98.500000 -4.500000
      vertex -108.125000 98.500000 -6.000000
    endloop
  endfacet
  facet normal 0.000000 -1.000000 0.000000
    outer loop
      vertex -111.500000 98.500000 -4.500000
      vertex -111.500000 98.500000 -6.000000
      vertex -108.125000 98.500000 -6.000000
    endloop
  endfacet
  facet normal 0.000000 -1.000000 0.000000
    outer loop
      vertex -114.875000 98.500000 -6.000000
      vertex -114.875000 98.500000 -4.500000
      vertex -116.250000 98.500000 -4.500000
    endloop
  endfacet
  facet normal 0.000000 -1.000000 0.000000
    outer loop
      vertex -116.250000 98.500000 -6.000000
      vertex -114.875000 98.500000 -6.000000
      vertex -116.250000 98.500000 -4.500000
    endloop
  endfacet
  facet normal 0.000000 -1.000000 0.000000
    outer loop
      vertex -116.250000 98.500000 -6.000000
      vertex -116.250000 98.500000 -4.500000
      vertex -118.250000 98.500000 -4.500000
    endloop
  endfacet
  facet normal 0.000000 -1.000000 0.000000
    outer loop
      vertex -118.250000 98.500000 -4.500000
      vertex -118.250000 98.500000 -6.000000
      vertex -116.250000 98.500000 -6.000000
    endloop
  endfacet
  facet normal -0.000000 -1.000000 0.000000
    outer loop
      vertex -120.312500 98.500000 -4.500000
      vertex -121.625000 98.500000 -4.500000
      vertex -121.625000 98.500000 -6.000000
    endloop
  endfacet
  facet normal 0.000000 -1.000000 -0.000000
    outer loop
      vertex -120.312500 98.500000 -4.500000
      vertex -121.625000 98.500000 -6.000000
      vertex -120.312500 98.500000 -6.000000
    endloop
  endfacet
  facet normal 0.000000 -1.000000 0.000000
    outer loop
      vertex -118.250000 98.500000 -6.000000
      vertex -118.250000 98.500000 -4.500000
      vertex -120.312500 98.500000 -4.500000
    endloop
  endfacet
  facet normal 0.000000 -1.000000 0.000000
    outer loop
      vertex -120.312500 98.500000 -4.500000
      vertex -120.312500 98.500000 -6.000000
      vertex -118.250000 98.500000 -6.000000
    endloop
  endfacet
  facet normal 0.000000 -1.000000 0.000000
    outer loop
      vertex -111.500000 98.500000 -6.000000
      vertex -111.500000 98.500000 -4.500000
      vertex -112.187500 98.500000 -4.500000
    endloop
  endfacet
  facet normal 0.000000 -1.000000 0.000000
    outer loop
      vertex -112.187500 98.500000 -6.000000
      vertex -111.500000 98.500000 -6.000000
      vertex -112.187500 98.500000 -4.500000
    endloop
  endfacet
  facet normal 0.000000 -1.000000 0.000000
    outer loop
      vertex -112.187500 98.500000 -6.000000
      vertex -112.187500 98.500000 -4.500000
      vertex -114.875000 98.500000 -4.500000
    endloop
  endfacet
  facet normal 0.000000 -1.000000 0.000000
    outer loop
      vertex -114.875000 98.500000 -4.500000
      vertex -114.875000 98.500000 -6.000000
      vertex -112.187500 98.500000 -6.000000
    endloop
  endfacet
  facet normal -0.000000 -1.000000 0.000000
    outer loop
      vertex -104.062500 98.500000 -4.500000
      vertex -104.750000 98.500000 -4.500000
      vertex -104.750000 98.500000 -6.000000
    endloop
  endfacet
  facet normal 0.000000 -1.000000 -0.000000
    outer loop
      vertex -104.062500 98.500000 -4.500000
      vertex -104.750000 98.500000 -6.000000
      vertex -104.062500 98.500000 -6.000000
    endloop
  endfacet
  facet normal 0.000000 -1.000000 0.000000
    outer loop
      vertex -101.375000 98.500000 -6.000000
      vertex -101.375000 98.500000 -4.500000
      vertex -104.062500 98.500000 -4.500000
    endloop
  endfacet
  facet normal 0.000000 -1.000000 0.000000
    outer loop
      vertex -104.062500 98.500000 -4.500000
      vertex -104.062500 98.500000 -6.000000
      vertex -101.375000 98.500000 -6.000000
    endloop
  endfacet
  facet normal -0.000000 -1.000000 -0.000000
    outer loop
      vertex -104.750000 98.500000 -4.500000
      vertex -108.125000 98.500000 -4.500000
      vertex -104.750000 98.500000 -6.000000
    endloop
  endfacet
  facet normal 0.000000 -1.000000 0.000000
    outer loop
      vertex -108.125000 98.500000 -4.500000
      vertex -108.125000 98.500000 -6.000000
      vertex -104.750000 98.500000 -6.000000
    endloop
  endfacet
  facet normal -0.000000 -1.000000 0.000000
    outer loop
      vertex -100.000000 98.500000 -4.500000
      vertex -101.375000 98.500000 -4.500000
      vertex -101.375000 98.500000 -6.000000
    endloop
  endfacet
  facet normal 0.000000 -1.000000 -0.000000
    outer loop
      vertex -100.000000 98.500000 -4.500000
      vertex -101.375000 98.500000 -6.000000
      vertex -100.000000 98.500000 -6.000000
    endloop
  endfacet
  facet normal 0.000000 -1.000000 0.000000
    outer loop
      vertex -98.000000 98.500000 -6.000000
      vertex -98.000000 98.500000 -4.500000
      vertex -100.000000 98.500000 -4.500000
    endloop
  endfacet
  facet normal 0.000000 -1.000000 0.000000
    outer loop
      vertex -100.000000 98.500000 -4.500000
      vertex -100.000000 98.500000 -6.000000
      vertex -98.000000 98.500000 -6.000000
    endloop
  endfacet
  facet normal 0.000000 -1.000000 0.000000
    outer loop
      vertex -83.750000 98.500000 -4.500000
      vertex -84.500000 98.500000 -4.500000
      vertex -84.500000 98.500000 -6.000000
    endloop
  endfacet
  facet normal 0.000000 -1.000000 0.000000
    outer loop
      vertex -83.750000 98.500000 -4.500000
      vertex -84.500000 98.500000 -6.000000
      vertex -83.750000 98.500000 -6.000000
    endloop
  endfacet
  facet normal 0.000000 -1.000000 0.000000
    outer loop
      vertex -81.125000 98.500000 -6.000000
      vertex -81.125000 98.500000 -4.500000
      vertex -83.750000 98.500000 -4.500000
    endloop
  endfacet
  facet normal 0.000000 -1.000000 0.000000
    outer loop
      vertex -83.750000 98.500000 -4.500000
      vertex -83.750000 98.500000 -6.000000
      vertex -81.125000 98.500000 -6.000000
    endloop
  endfacet
  facet normal -0.000000 -1.000000 -0.000000
    outer loop
      vertex -87.875000 98.500000 -4.500000
      vertex -91.250000 98.500000 -4.500000
      vertex -87.875000 98.500000 -6.000000
    endloop
  endfacet
  facet normal 0.000000 -1.000000 0.000000
    outer loop
      vertex -91.250000 98.500000 -4.500000
      vertex -91.250000 98.500000 -6.000000
      vertex -87.875000 98.500000 -6.000000
    endloop
  endfacet
  facet normal 0.000000 -1.000000 0.000000
    outer loop
      vertex -91.250000 98.500000 -6.000000
      vertex -91.250000 98.500000 -4.500000
      vertex -91.875000 98.500000 -4.500000
    endloop
  endfacet
  facet normal 0.000000 -1.000000 0.000000
    outer loop
      vertex -91.875000 98.500000 -6.000000
      vertex -91.250000 98.500000 -6.000000
      vertex -91.875000 98.500000 -4.500000
    endloop
  endfacet
  facet normal 0.000000 -1.000000 0.000000
    outer loop
      vertex -91.875000 98.500000 -6.000000
      vertex -91.875000 98.500000 -4.500000
      vertex -94.625000 98.500000 -4.500000
    endloop
  endfacet
  facet normal 0.000000 -1.000000 0.000000
    outer loop
      vertex -94.625000 98.500000 -4.500000
      vertex -94.625000 98.500000 -6.000000
      vertex -91.875000 98.500000 -6.000000
    endloop
  endfacet
  facet normal 0.000000 -1.000000 0.000000
    outer loop
      vertex -84.500000 98.500000 -6.000000
      vertex -84.500000 98.500000 -4.500000
      vertex -87.812500 98.500000 -4.500000
    endloop
  endfacet
  facet normal 0.000000 -1.000000 0.000000
    outer loop
      vertex -87.812500 98.500000 -6.000000
      vertex -84.500000 98.500000 -6.000000
      vertex -87.812500 98.500000 -4.500000
    endloop
  endfacet
  facet normal 0.000000 -1.000000 0.000000
    outer loop
      vertex -87.812500 98.500000 -6.000000
      vertex -87.812500 98.500000 -4.500000
      vertex -87.875000 98.500000 -4.500000
    endloop
  endfacet
  facet normal 0.000000 -1.000000 0.000000
    outer loop
      vertex -87.875000 98.500000 -4.500000
      vertex -87.875000 98.500000 -6.000000
      vertex -87.812500 98.500000 -6.000000
    endloop
  endfacet
  facet normal 0.000000 -1.000000 0.000000
    outer loop
      vertex -74.375000 98.500000 -6.000000
      vertex -74.375000 98.500000 -4.500000
      vertex -75.625000 98.500000 -4.500000
    endloop
  endfacet
  facet normal 0.000000 -1.000000 0.000000
    outer loop
      vertex -75.625000 98.500000 -6.000000
      vertex -74.375000 98.500000 -6.000000
      vertex -75.625000 98.500000 -4.500000
    endloop
  endfacet
  facet normal 0.000000 -1.000000 0.000000
    outer loop
      vertex -75.625000 98.500000 -6.000000
      vertex -75.625000 98.500000 -4.500000
      vertex -77.750000 98.500000 -4.500000
    endloop
  endfacet
  facet normal 0.000000 -1.000000 0.000000
    outer loop
      vertex -77.750000 98.500000 -4.500000
      vertex -77.750000 98.500000 -6.000000
      vertex -75.625000 98.500000 -6.000000
    endloop
  endfacet
  facet normal -0.000000 -1.000000 0.000000
    outer loop
      vertex -79.687500 98.500000 -4.500000
      vertex -81.125000 98.500000 -4.500000
      vertex -81.125000 98.500000 -6.000000
    endloop
  endfacet
  facet normal 0.000000 -1.000000 -0.000000
    outer loop
      vertex -79.687500 98.500000 -4.500000
      vertex -81.125000 98.500000 -6.000000
      vertex -79.687500 98.500000 -6.000000
    endloop
  endfacet
  facet normal 0.000000 -1.000000 0.000000
    outer loop
      vertex -77.750000 98.500000 -6.000000
      vertex -77.750000 98.500000 -4.500000
      vertex -79.687500 98.500000 -4.500000
    endloop
  endfacet
  facet normal 0.000000 -1.000000 0.000000
    outer loop
      vertex -79.687500 98.500000 -4.500000
      vertex -79.687500 98.500000 -6.000000
      vertex -77.750000 98.500000 -6.000000
    endloop
  endfacet
  facet normal 0.000000 -1.000000 0.000000
    outer loop
      vertex -71.562500 98.500000 -6.000000
      vertex -71.000000 98.500000 -6.000000
      vertex -71.000000 98.500000 -4.500000
    endloop
  endfacet
  facet normal 0.000000 -1.000000 0.000000
    outer loop
      vertex -71.562500 98.500000 -6.000000
      vertex -71.000000 98.500000 -4.500000
      vertex -71.562500 98.500000 -4.500000
    endloop
  endfacet
  facet normal -0.000000 -1.000000 0.000000
    outer loop
      vertex -71.562500 98.500000 -4.500000
      vertex -74.375000 98.500000 -4.500000
      vertex -74.375000 98.500000 -6.000000
    endloop
  endfacet
  facet normal 0.000000 -1.000000 0.000000
    outer loop
      vertex -74.375000 98.500000 -6.000000
      vertex -71.562500 98.500000 -6.000000
      vertex -71.562500 98.500000 -4.500000
    endloop
  endfacet
  facet normal 0.024544 -0.999699 0.000000
    outer loop
      vertex -70.828246 98.504217 -4.500000
      vertex -71.000000 98.500000 -4.500000
      vertex -70.828246 98.504217 -6.000000
    endloop
  endfacet
  facet normal 0.024544 -0.999699 0.000000
    outer loop
      vertex -71.000000 98.500000 -4.500000
      vertex -71.000000 98.500000 -6.000000
      vertex -70.828246 98.504217 -6.000000
    endloop
  endfacet
  facet normal 0.073569 -0.997290 0.000000
    outer loop
      vertex -70.828246 98.504217 -6.000000
      vertex -70.656928 98.516855 -6.000000
      vertex -70.828246 98.504217 -4.500000
    endloop
  endfacet
  facet normal 0.073569 -0.997290 0.000000
    outer loop
      vertex -70.656928 98.516855 -6.000000
      vertex -70.656928 98.516855 -4.500000
      vertex -70.828246 98.504217 -4.500000
    endloop
  endfacet
  facet normal 0.122413 -0.992479 0.000000
    outer loop
      vertex -70.656928 98.516855 -6.000000
      vertex -70.486442 98.537882 -6.000000
      vertex -70.656928 98.516855 -4.500000
    endloop
  endfacet
  facet normal 0.122413 -0.992479 0.000000
    outer loop
      vertex -70.486442 98.537882 -6.000000
      vertex -70.486442 98.537882 -4.500000
      vertex -70.656928 98.516855 -4.500000
    endloop
  endfacet
  facet normal 0.170963 -0.985277 0.000000
    outer loop
      vertex -70.486442 98.537882 -6.000000
      vertex -70.317179 98.567252 -6.000000
      vertex -70.486442 98.537882 -4.500000
    endloop
  endfacet
  facet normal 0.170963 -0.985277 0.000000
    outer loop
      vertex -70.317179 98.567252 -6.000000
      vertex -70.317179 98.567252 -4.500000
      vertex -70.486442 98.537882 -4.500000
    endloop
  endfacet
  facet normal 0.219103 -0.975702 0.000000
    outer loop
      vertex -70.317179 98.567252 -6.000000
      vertex -70.149561 98.604893 -6.000000
      vertex -70.317179 98.567252 -4.500000
    endloop
  endfacet
  facet normal 0.219103 -0.975702 0.000000
    outer loop
      vertex -70.149561 98.604893 -6.000000
      vertex -70.149561 98.604893 -4.500000
      vertex -70.317179 98.567252 -4.500000
    endloop
  endfacet
  facet normal 0.266715 -0.963775 0.000000
    outer loop
      vertex -70.149561 98.604893 -6.000000
      vertex -69.983995 98.650712 -6.000000
      vertex -70.149561 98.604893 -4.500000
    endloop
  endfacet
  facet normal 0.266715 -0.963775 0.000000
    outer loop
      vertex -69.983995 98.650712 -6.000000
      vertex -69.983995 98.650712 -4.500000
      vertex -70.149561 98.604893 -4.500000
    endloop
  endfacet
  facet normal 0.313684 -0.949527 0.000000
    outer loop
      vertex -69.983995 98.650712 -6.000000
      vertex -69.820877 98.704599 -6.000000
      vertex -69.983995 98.650712 -4.500000
    endloop
  endfacet
  facet normal 0.313684 -0.949527 0.000000
    outer loop
      vertex -69.820877 98.704599 -6.000000
      vertex -69.820877 98.704599 -4.500000
      vertex -69.983995 98.650712 -4.500000
    endloop
  endfacet
  facet normal 0.359897 -0.932992 0.000000
    outer loop
      vertex -69.820877 98.704599 -6.000000
      vertex -69.660602 98.766424 -6.000000
      vertex -69.820877 98.704599 -4.500000
    endloop
  endfacet
  facet normal 0.359897 -0.932992 0.000000
    outer loop
      vertex -69.660602 98.766424 -6.000000
      vertex -69.660602 98.766424 -4.500000
      vertex -69.820877 98.704599 -4.500000
    endloop
  endfacet
  facet normal 0.405243 -0.914209 0.000000
    outer loop
      vertex -69.660602 98.766424 -6.000000
      vertex -69.503553 98.836039 -6.000000
      vertex -69.660602 98.766424 -4.500000
    endloop
  endfacet
  facet normal 0.405243 -0.914209 0.000000
    outer loop
      vertex -69.503553 98.836039 -6.000000
      vertex -69.503553 98.836039 -4.500000
      vertex -69.660602 98.766424 -4.500000
    endloop
  endfacet
  facet normal 0.449612 -0.893224 0.000000
    outer loop
      vertex -69.503553 98.836039 -6.000000
      vertex -69.350110 98.913276 -6.000000
      vertex -69.503553 98.836039 -4.500000
    endloop
  endfacet
  facet normal 0.449612 -0.893224 0.000000
    outer loop
      vertex -69.350110 98.913276 -6.000000
      vertex -69.350110 98.913276 -4.500000
      vertex -69.503553 98.836039 -4.500000
    endloop
  endfacet
  facet normal 0.492898 -0.870087 0.000000
    outer loop
      vertex -69.350110 98.913276 -6.000000
      vertex -69.200640 98.997950 -6.000000
      vertex -69.350110 98.913276 -4.500000
    endloop
  endfacet
  facet normal 0.492898 -0.870087 0.000000
    outer loop
      vertex -69.200640 98.997950 -6.000000
      vertex -69.200640 98.997950 -4.500000
      vertex -69.350110 98.913276 -4.500000
    endloop
  endfacet
  facet normal 0.534998 -0.844853 0.000000
    outer loop
      vertex -69.200640 98.997950 -6.000000
      vertex -69.055502 99.089858 -6.000000
      vertex -69.200640 98.997950 -4.500000
    endloop
  endfacet
  facet normal 0.534998 -0.844853 0.000000
    outer loop
      vertex -69.055502 99.089858 -6.000000
      vertex -69.055502 99.089858 -4.500000
      vertex -69.200640 98.997950 -4.500000
    endloop
  endfacet
  facet normal 0.575809 -0.817584 0.000000
    outer loop
      vertex -69.055502 99.089858 -6.000000
      vertex -68.915049 99.188776 -6.000000
      vertex -69.055502 99.089858 -4.500000
    endloop
  endfacet
  facet normal 0.575809 -0.817584 0.000000
    outer loop
      vertex -68.915049 99.188776 -6.000000
      vertex -68.915049 99.188776 -4.500000
      vertex -69.055502 99.089858 -4.500000
    endloop
  endfacet
  facet normal 0.615232 -0.788346 0.000000
    outer loop
      vertex -68.915049 99.188776 -6.000000
      vertex -68.779621 99.294465 -6.000000
      vertex -68.915049 99.188776 -4.500000
    endloop
  endfacet
  facet normal 0.615232 -0.788346 0.000000
    outer loop
      vertex -68.779621 99.294465 -6.000000
      vertex -68.779621 99.294465 -4.500000
      vertex -68.915049 99.188776 -4.500000
    endloop
  endfacet
  facet normal 0.653173 -0.757209 0.000000
    outer loop
      vertex -68.779621 99.294465 -6.000000
      vertex -68.649543 99.406671 -6.000000
      vertex -68.779621 99.294465 -4.500000
    endloop
  endfacet
  facet normal 0.653173 -0.757209 0.000000
    outer loop
      vertex -68.649543 99.406671 -6.000000
      vertex -68.649543 99.406671 -4.500000
      vertex -68.779621 99.294465 -4.500000
    endloop
  endfacet
  facet normal 0.689541 -0.724247 0.000000
    outer loop
      vertex -68.649543 99.406671 -6.000000
      vertex -68.525126 99.525126 -6.000000
      vertex -68.649543 99.406671 -4.500000
    endloop
  endfacet
  facet normal 0.689541 -0.724247 0.000000
    outer loop
      vertex -68.525126 99.525126 -6.000000
      vertex -68.525126 99.525126 -4.500000
      vertex -68.649543 99.406671 -4.500000
    endloop
  endfacet
  facet normal 0.724247 -0.689541 0.000000
    outer loop
      vertex -68.525126 99.525126 -6.000000
      vertex -68.406671 99.649543 -6.000000
      vertex -68.525126 99.525126 -4.500000
    endloop
  endfacet
  facet normal 0.724247 -0.689541 0.000000
    outer loop
      vertex -68.406671 99.649543 -6.000000
      vertex -68.406671 99.649543 -4.500000
      vertex -68.525126 99.525126 -4.500000
    endloop
  endfacet
  facet normal 0.757209 -0.653173 0.000000
    outer loop
      vertex -68.406671 99.649543 -6.000000
      vertex -68.294465 99.779621 -6.000000
      vertex -68.406671 99.649543 -4.500000
    endloop
  endfacet
  facet normal 0.757209 -0.653173 0.000000
    outer loop
      vertex -68.294465 99.779621 -6.000000
      vertex -68.294465 99.779621 -4.500000
      vertex -68.406671 99.649543 -4.500000
    endloop
  endfacet
  facet normal 0.788346 -0.615232 0.000000
    outer loop
      vertex -68.294465 99.779621 -6.000000
      vertex -68.188776 99.915049 -6.000000
      vertex -68.294465 99.779621 -4.500000
    endloop
  endfacet
  facet normal 0.788346 -0.615232 0.000000
    outer loop
      vertex -68.188776 99.915049 -6.000000
      vertex -68.188776 99.915049 -4.500000
      vertex -68.294465 99.779621 -4.500000
    endloop
  endfacet
  facet normal 0.817584 -0.575809 0.000000
    outer loop
      vertex -68.188776 99.915049 -6.000000
      vertex -68.089858 100.055502 -6.000000
      vertex -68.188776 99.915049 -4.500000
    endloop
  endfacet
  facet normal 0.817584 -0.575809 0.000000
    outer loop
      vertex -68.089858 100.055502 -6.000000
      vertex -68.089858 100.055502 -4.500000
      vertex -68.188776 99.915049 -4.500000
    endloop
  endfacet
  facet normal 0.844853 -0.534998 0.000000
    outer loop
      vertex -68.089858 100.055502 -6.000000
      vertex -67.997950 100.200640 -6.000000
      vertex -68.089858 100.055502 -4.500000
    endloop
  endfacet
  facet normal 0.844853 -0.534998 0.000000
    outer loop
      vertex -67.997950 100.200640 -6.000000
      vertex -67.997950 100.200640 -4.500000
      vertex -68.089858 100.055502 -4.500000
    endloop
  endfacet
  facet normal 0.870087 -0.492898 0.000000
    outer loop
      vertex -67.997950 100.200640 -6.000000
      vertex -67.913276 100.350110 -6.000000
      vertex -67.997950 100.200640 -4.500000
    endloop
  endfacet
  facet normal 0.870087 -0.492898 0.000000
    outer loop
      vertex -67.913276 100.350110 -6.000000
      vertex -67.913276 100.350110 -4.500000
      vertex -67.997950 100.200640 -4.500000
    endloop
  endfacet
  facet normal 0.893224 -0.449612 0.000000
    outer loop
      vertex -67.913276 100.350110 -6.000000
      vertex -67.836039 100.503553 -6.000000
      vertex -67.913276 100.350110 -4.500000
    endloop
  endfacet
  facet normal 0.893224 -0.449612 0.000000
    outer loop
      vertex -67.836039 100.503553 -6.000000
      vertex -67.836039 100.503553 -4.500000
      vertex -67.913276 100.350110 -4.500000
    endloop
  endfacet
  facet normal 0.914209 -0.405243 0.000000
    outer loop
      vertex -67.836039 100.503553 -6.000000
      vertex -67.766424 100.660602 -6.000000
      vertex -67.836039 100.503553 -4.500000
    endloop
  endfacet
  facet normal 0.914209 -0.405243 0.000000
    outer loop
      vertex -67.766424 100.660602 -6.000000
      vertex -67.766424 100.660602 -4.500000
      vertex -67.836039 100.503553 -4.500000
    endloop
  endfacet
  facet normal 0.932992 -0.359897 0.000000
    outer loop
      vertex -67.766424 100.660602 -6.000000
      vertex -67.704599 100.820877 -6.000000
      vertex -67.766424 100.660602 -4.500000
    endloop
  endfacet
  facet normal 0.932992 -0.359897 0.000000
    outer loop
      vertex -67.704599 100.820877 -6.000000
      vertex -67.704599 100.820877 -4.500000
      vertex -67.766424 100.660602 -4.500000
    endloop
  endfacet
  facet normal 0.949527 -0.313684 0.000000
    outer loop
      vertex -67.704599 100.820877 -6.000000
      vertex -67.650712 100.983995 -6.000000
      vertex -67.704599 100.820877 -4.500000
    endloop
  endfacet
  facet normal 0.949527 -0.313684 0.000000
    outer loop
      vertex -67.650712 100.983995 -6.000000
      vertex -67.650712 100.983995 -4.500000
      vertex -67.704599 100.820877 -4.500000
    endloop
  endfacet
  facet normal 0.963775 -0.266715 0.000000
    outer loop
      vertex -67.650712 100.983995 -6.000000
      vertex -67.604893 101.149561 -6.000000
      vertex -67.650712 100.983995 -4.500000
    endloop
  endfacet
  facet normal 0.963775 -0.266715 0.000000
    outer loop
      vertex -67.604893 101.149561 -6.000000
      vertex -67.604893 101.149561 -4.500000
      vertex -67.650712 100.983995 -4.500000
    endloop
  endfacet
  facet normal 0.975702 -0.219103 0.000000
    outer loop
      vertex -67.604893 101.149561 -6.000000
      vertex -67.567252 101.317179 -6.000000
      vertex -67.604893 101.149561 -4.500000
    endloop
  endfacet
  facet normal 0.975702 -0.219103 0.000000
    outer loop
      vertex -67.567252 101.317179 -6.000000
      vertex -67.567252 101.317179 -4.500000
      vertex -67.604893 101.149561 -4.500000
    endloop
  endfacet
  facet normal 0.985277 -0.170963 0.000000
    outer loop
      vertex -67.567252 101.317179 -6.000000
      vertex -67.537882 101.486442 -6.000000
      vertex -67.567252 101.317179 -4.500000
    endloop
  endfacet
  facet normal 0.985277 -0.170963 0.000000
    outer loop
      vertex -67.537882 101.486442 -6.000000
      vertex -67.537882 101.486442 -4.500000
      vertex -67.567252 101.317179 -4.500000
    endloop
  endfacet
  facet normal 0.992479 -0.122413 0.000000
    outer loop
      vertex -67.537882 101.486442 -6.000000
      vertex -67.516855 101.656928 -6.000000
      vertex -67.537882 101.486442 -4.500000
    endloop
  endfacet
  facet normal 0.992479 -0.122413 0.000000
    outer loop
      vertex -67.516855 101.656928 -6.000000
      vertex -67.516855 101.656928 -4.500000
      vertex -67.537882 101.486442 -4.500000
    endloop
  endfacet
  facet normal 0.997290 -0.073569 0.000000
    outer loop
      vertex -67.516855 101.656928 -6.000000
      vertex -67.504217 101.828246 -6.000000
      vertex -67.516855 101.656928 -4.500000
    endloop
  endfacet
  facet normal 0.997290 -0.073569 0.000000
    outer loop
      vertex -67.504217 101.828246 -6.000000
      vertex -67.504217 101.828246 -4.500000
      vertex -67.516855 101.656928 -4.500000
    endloop
  endfacet
  facet normal 0.999699 -0.024544 0.000000
    outer loop
      vertex -67.504217 101.828246 -6.000000
      vertex -67.500000 102.000000 -6.000000
      vertex -67.504217 101.828246 -4.500000
    endloop
  endfacet
  facet normal 0.999699 -0.024544 0.000000
    outer loop
      vertex -67.500000 102.000000 -6.000000
      vertex -67.500000 102.000000 -4.500000
      vertex -67.504217 101.828246 -4.500000
    endloop
  endfacet
  facet normal 0.999699 0.024544 -0.000000
    outer loop
      vertex -67.500000 102.000000 -6.000000
      vertex -67.504217 102.171754 -6.000000
      vertex -67.500000 102.000000 -4.500000
    endloop
  endfacet
  facet normal 0.999699 0.024544 -0.000000
    outer loop
      vertex -67.504217 102.171754 -6.000000
      vertex -67.504217 102.171754 -4.500000
      vertex -67.500000 102.000000 -4.500000
    endloop
  endfacet
  facet normal 0.997290 0.073569 -0.000000
    outer loop
      vertex -67.504217 102.171754 -6.000000
      vertex -67.516855 102.343072 -6.000000
      vertex -67.504217 102.171754 -4.500000
    endloop
  endfacet
  facet normal 0.997290 0.073569 -0.000000
    outer loop
      vertex -67.516855 102.343072 -6.000000
      vertex -67.516855 102.343072 -4.500000
      vertex -67.504217 102.171754 -4.500000
    endloop
  endfacet
  facet normal 0.992479 0.122413 -0.000000
    outer loop
      vertex -67.516855 102.343072 -6.000000
      vertex -67.537882 102.513558 -6.000000
      vertex -67.516855 102.343072 -4.500000
    endloop
  endfacet
  facet normal 0.992479 0.122413 -0.000000
    outer loop
      vertex -67.537882 102.513558 -6.000000
      vertex -67.537882 102.513558 -4.500000
      vertex -67.516855 102.343072 -4.500000
    endloop
  endfacet
  facet normal 0.985277 0.170963 -0.000000
    outer loop
      vertex -67.537882 102.513558 -6.000000
      vertex -67.567252 102.682821 -6.000000
      vertex -67.537882 102.513558 -4.500000
    endloop
  endfacet
  facet normal 0.985277 0.170963 -0.000000
    outer loop
      vertex -67.567252 102.682821 -6.000000
      vertex -67.567252 102.682821 -4.500000
      vertex -67.537882 102.513558 -4.500000
    endloop
  endfacet
  facet normal 0.975702 0.219103 -0.000000
    outer loop
      vertex -67.567252 102.682821 -6.000000
      vertex -67.604893 102.850439 -6.000000
      vertex -67.567252 102.682821 -4.500000
    endloop
  endfacet
  facet normal 0.975702 0.219103 -0.000000
    outer loop
      vertex -67.604893 102.850439 -6.000000
      vertex -67.604893 102.850439 -4.500000
      vertex -67.567252 102.682821 -4.500000
    endloop
  endfacet
  facet normal 0.963775 0.266715 -0.000000
    outer loop
      vertex -67.604893 102.850439 -6.000000
      vertex -67.650712 103.016005 -6.000000
      vertex -67.604893 102.850439 -4.500000
    endloop
  endfacet
  facet normal 0.963775 0.266715 -0.000000
    outer loop
      vertex -67.650712 103.016005 -6.000000
      vertex -67.650712 103.016005 -4.500000
      vertex -67.604893 102.850439 -4.500000
    endloop
  endfacet
  facet normal 0.944270 0.329172 0.000000
    outer loop
      vertex -67.685732 103.125002 -6.000000
      vertex -67.704599 103.179123 -6.000000
      vertex -67.704599 103.179123 -4.500000
    endloop
  endfacet
  facet normal 0.944270 0.329172 -0.000000
    outer loop
      vertex -67.685732 103.125002 -6.000000
      vertex -67.704599 103.179123 -4.500000
      vertex -67.685732 103.125002 -4.500000
    endloop
  endfacet
  facet normal 0.952064 0.305899 0.000000
    outer loop
      vertex -67.650712 103.016005 -4.500000
      vertex -67.650712 103.016005 -6.000000
      vertex -67.685732 103.125002 -6.000000
    endloop
  endfacet
  facet normal 0.952064 0.305899 -0.000000
    outer loop
      vertex -67.685732 103.125002 -6.000000
      vertex -67.685732 103.125002 -4.500000
      vertex -67.650712 103.016005 -4.500000
    endloop
  endfacet
  facet normal 0.932992 0.359897 -0.000000
    outer loop
      vertex -67.704599 103.179123 -6.000000
      vertex -67.766424 103.339398 -6.000000
      vertex -67.704599 103.179123 -4.500000
    endloop
  endfacet
  facet normal 0.932992 0.359897 -0.000000
    outer loop
      vertex -67.766424 103.339398 -6.000000
      vertex -67.766424 103.339398 -4.500000
      vertex -67.704599 103.179123 -4.500000
    endloop
  endfacet
  facet normal 0.914209 0.405243 -0.000000
    outer loop
      vertex -67.766424 103.339398 -6.000000
      vertex -67.836039 103.496447 -6.000000
      vertex -67.766424 103.339398 -4.500000
    endloop
  endfacet
  facet normal 0.914209 0.405243 -0.000000
    outer loop
      vertex -67.836039 103.496447 -6.000000
      vertex -67.836039 103.496447 -4.500000
      vertex -67.766424 103.339398 -4.500000
    endloop
  endfacet
  facet normal 0.893224 0.449612 -0.000000
    outer loop
      vertex -67.836039 103.496447 -6.000000
      vertex -67.913276 103.649890 -6.000000
      vertex -67.836039 103.496447 -4.500000
    endloop
  endfacet
  facet normal 0.893224 0.449612 -0.000000
    outer loop
      vertex -67.913276 103.649890 -6.000000
      vertex -67.913276 103.649890 -4.500000
      vertex -67.836039 103.496447 -4.500000
    endloop
  endfacet
  facet normal 0.870087 0.492898 -0.000000
    outer loop
      vertex -67.913276 103.649890 -6.000000
      vertex -67.997950 103.799360 -6.000000
      vertex -67.913276 103.649890 -4.500000
    endloop
  endfacet
  facet normal 0.870087 0.492898 -0.000000
    outer loop
      vertex -67.997950 103.799360 -6.000000
      vertex -67.997950 103.799360 -4.500000
      vertex -67.913276 103.649890 -4.500000
    endloop
  endfacet
  facet normal 0.844853 0.534998 -0.000000
    outer loop
      vertex -67.997950 103.799360 -6.000000
      vertex -68.089858 103.944498 -6.000000
      vertex -67.997950 103.799360 -4.500000
    endloop
  endfacet
  facet normal 0.844853 0.534998 -0.000000
    outer loop
      vertex -68.089858 103.944498 -6.000000
      vertex -68.089858 103.944498 -4.500000
      vertex -67.997950 103.799360 -4.500000
    endloop
  endfacet
  facet normal 0.817584 0.575809 -0.000000
    outer loop
      vertex -68.089858 103.944498 -6.000000
      vertex -68.188776 104.084951 -6.000000
      vertex -68.089858 103.944498 -4.500000
    endloop
  endfacet
  facet normal 0.817584 0.575809 -0.000000
    outer loop
      vertex -68.188776 104.084951 -6.000000
      vertex -68.188776 104.084951 -4.500000
      vertex -68.089858 103.944498 -4.500000
    endloop
  endfacet
  facet normal 0.788346 0.615232 -0.000000
    outer loop
      vertex -68.188776 104.084951 -6.000000
      vertex -68.294465 104.220379 -6.000000
      vertex -68.188776 104.084951 -4.500000
    endloop
  endfacet
  facet normal 0.788346 0.615232 -0.000000
    outer loop
      vertex -68.294465 104.220379 -6.000000
      vertex -68.294465 104.220379 -4.500000
      vertex -68.188776 104.084951 -4.500000
    endloop
  endfacet
  facet normal 0.757209 0.653173 -0.000000
    outer loop
      vertex -68.294465 104.220379 -6.000000
      vertex -68.406671 104.350457 -6.000000
      vertex -68.294465 104.220379 -4.500000
    endloop
  endfacet
  facet normal 0.757209 0.653173 -0.000000
    outer loop
      vertex -68.406671 104.350457 -6.000000
      vertex -68.406671 104.350457 -4.500000
      vertex -68.294465 104.220379 -4.500000
    endloop
  endfacet
  facet normal 0.724247 0.689541 -0.000000
    outer loop
      vertex -68.406671 104.350457 -6.000000
      vertex -68.525126 104.474874 -6.000000
      vertex -68.406671 104.350457 -4.500000
    endloop
  endfacet
  facet normal 0.724247 0.689541 -0.000000
    outer loop
      vertex -68.525126 104.474874 -6.000000
      vertex -68.525126 104.474874 -4.500000
      vertex -68.406671 104.350457 -4.500000
    endloop
  endfacet
  facet normal 0.689541 0.724247 -0.000000
    outer loop
      vertex -68.525126 104.474874 -6.000000
      vertex -68.649543 104.593329 -6.000000
      vertex -68.525126 104.474874 -4.500000
    endloop
  endfacet
  facet normal 0.689541 0.724247 -0.000000
    outer loop
      vertex -68.649543 104.593329 -6.000000
      vertex -68.649543 104.593329 -4.500000
      vertex -68.525126 104.474874 -4.500000
    endloop
  endfacet
  facet normal 0.653173 0.757209 -0.000000
    outer loop
      vertex -68.649543 104.593329 -6.000000
      vertex -68.779621 104.705535 -6.000000
      vertex -68.649543 104.593329 -4.500000
    endloop
  endfacet
  facet normal 0.653173 0.757209 -0.000000
    outer loop
      vertex -68.779621 104.705535 -6.000000
      vertex -68.779621 104.705535 -4.500000
      vertex -68.649543 104.593329 -4.500000
    endloop
  endfacet
  facet normal 0.615232 0.788346 -0.000000
    outer loop
      vertex -68.779621 104.705535 -6.000000
      vertex -68.915049 104.811224 -6.000000
      vertex -68.779621 104.705535 -4.500000
    endloop
  endfacet
  facet normal 0.615232 0.788346 -0.000000
    outer loop
      vertex -68.915049 104.811224 -6.000000
      vertex -68.915049 104.811224 -4.500000
      vertex -68.779621 104.705535 -4.500000
    endloop
  endfacet
  facet normal 0.575809 0.817584 -0.000000
    outer loop
      vertex -68.915049 104.811224 -6.000000
      vertex -69.055502 104.910142 -6.000000
      vertex -68.915049 104.811224 -4.500000
    endloop
  endfacet
  facet normal 0.575809 0.817584 -0.000000
    outer loop
      vertex -69.055502 104.910142 -6.000000
      vertex -69.055502 104.910142 -4.500000
      vertex -68.915049 104.811224 -4.500000
    endloop
  endfacet
  facet normal 0.534998 0.844853 -0.000000
    outer loop
      vertex -69.055502 104.910142 -6.000000
      vertex -69.200640 105.002050 -6.000000
      vertex -69.055502 104.910142 -4.500000
    endloop
  endfacet
  facet normal 0.534998 0.844853 -0.000000
    outer loop
      vertex -69.200640 105.002050 -6.000000
      vertex -69.200640 105.002050 -4.500000
      vertex -69.055502 104.910142 -4.500000
    endloop
  endfacet
  facet normal 0.492898 0.870087 -0.000000
    outer loop
      vertex -69.200640 105.002050 -6.000000
      vertex -69.350110 105.086724 -6.000000
      vertex -69.200640 105.002050 -4.500000
    endloop
  endfacet
  facet normal 0.492898 0.870087 -0.000000
    outer loop
      vertex -69.350110 105.086724 -6.000000
      vertex -69.350110 105.086724 -4.500000
      vertex -69.200640 105.002050 -4.500000
    endloop
  endfacet
  facet normal 0.449612 0.893224 -0.000000
    outer loop
      vertex -69.350110 105.086724 -6.000000
      vertex -69.503553 105.163961 -6.000000
      vertex -69.350110 105.086724 -4.500000
    endloop
  endfacet
  facet normal 0.449612 0.893224 -0.000000
    outer loop
      vertex -69.503553 105.163961 -6.000000
      vertex -69.503553 105.163961 -4.500000
      vertex -69.350110 105.086724 -4.500000
    endloop
  endfacet
  facet normal 0.405243 0.914209 -0.000000
    outer loop
      vertex -69.503553 105.163961 -6.000000
      vertex -69.660602 105.233576 -6.000000
      vertex -69.503553 105.163961 -4.500000
    endloop
  endfacet
  facet normal 0.405243 0.914209 -0.000000
    outer loop
      vertex -69.660602 105.233576 -6.000000
      vertex -69.660602 105.233576 -4.500000
      vertex -69.503553 105.163961 -4.500000
    endloop
  endfacet
  facet normal 0.359897 0.932992 -0.000000
    outer loop
      vertex -69.660602 105.233576 -6.000000
      vertex -69.820877 105.295401 -6.000000
      vertex -69.660602 105.233576 -4.500000
    endloop
  endfacet
  facet normal 0.359897 0.932992 -0.000000
    outer loop
      vertex -69.820877 105.295401 -6.000000
      vertex -69.820877 105.295401 -4.500000
      vertex -69.660602 105.233576 -4.500000
    endloop
  endfacet
  facet normal 0.313684 0.949527 -0.000000
    outer loop
      vertex -69.820877 105.295401 -6.000000
      vertex -69.983995 105.349288 -6.000000
      vertex -69.820877 105.295401 -4.500000
    endloop
  endfacet
  facet normal 0.313684 0.949527 -0.000000
    outer loop
      vertex -69.983995 105.349288 -6.000000
      vertex -69.983995 105.349288 -4.500000
      vertex -69.820877 105.295401 -4.500000
    endloop
  endfacet
  facet normal 0.266715 0.963775 -0.000000
    outer loop
      vertex -69.983995 105.349288 -6.000000
      vertex -70.149561 105.395107 -6.000000
      vertex -69.983995 105.349288 -4.500000
    endloop
  endfacet
  facet normal 0.266715 0.963775 -0.000000
    outer loop
      vertex -70.149561 105.395107 -6.000000
      vertex -70.149561 105.395107 -4.500000
      vertex -69.983995 105.349288 -4.500000
    endloop
  endfacet
  facet normal 0.219103 0.975702 -0.000000
    outer loop
      vertex -70.149561 105.395107 -6.000000
      vertex -70.317179 105.432748 -6.000000
      vertex -70.149561 105.395107 -4.500000
    endloop
  endfacet
  facet normal 0.219103 0.975702 -0.000000
    outer loop
      vertex -70.317179 105.432748 -6.000000
      vertex -70.317179 105.432748 -4.500000
      vertex -70.149561 105.395107 -4.500000
    endloop
  endfacet
  facet normal 0.170963 0.985277 -0.000000
    outer loop
      vertex -70.317179 105.432748 -6.000000
      vertex -70.486442 105.462118 -6.000000
      vertex -70.317179 105.432748 -4.500000
    endloop
  endfacet
  facet normal 0.170963 0.985277 -0.000000
    outer loop
      vertex -70.486442 105.462118 -6.000000
      vertex -70.486442 105.462118 -4.500000
      vertex -70.317179 105.432748 -4.500000
    endloop
  endfacet
  facet normal 0.122413 0.992479 -0.000000
    outer loop
      vertex -70.486442 105.462118 -6.000000
      vertex -70.656928 105.483145 -6.000000
      vertex -70.486442 105.462118 -4.500000
    endloop
  endfacet
  facet normal 0.122413 0.992479 -0.000000
    outer loop
      vertex -70.656928 105.483145 -6.000000
      vertex -70.656928 105.483145 -4.500000
      vertex -70.486442 105.462118 -4.500000
    endloop
  endfacet
  facet normal 0.073569 0.997290 -0.000000
    outer loop
      vertex -70.656928 105.483145 -6.000000
      vertex -70.828246 105.495783 -6.000000
      vertex -70.656928 105.483145 -4.500000
    endloop
  endfacet
  facet normal 0.073569 0.997290 -0.000000
    outer loop
      vertex -70.828246 105.495783 -6.000000
      vertex -70.828246 105.495783 -4.500000
      vertex -70.656928 105.483145 -4.500000
    endloop
  endfacet
  facet normal 0.024544 0.999699 -0.000000
    outer loop
      vertex -70.828246 105.495783 -6.000000
      vertex -71.000000 105.500000 -6.000000
      vertex -70.828246 105.495783 -4.500000
    endloop
  endfacet
  facet normal 0.024544 0.999699 -0.000000
    outer loop
      vertex -71.000000 105.500000 -6.000000
      vertex -71.000000 105.500000 -4.500000
      vertex -70.828246 105.495783 -4.500000
    endloop
  endfacet
  facet normal 0.024544 0.999699 0.000000
    outer loop
      vertex -71.122681 105.503012 -4.500000
      vertex -71.000000 105.500000 -4.500000
      vertex -71.122681 105.503012 -6.000000
    endloop
  endfacet
  facet normal 0.024544 0.999699 0.000000
    outer loop
      vertex -71.000000 105.500000 -4.500000
      vertex -71.000000 105.500000 -6.000000
      vertex -71.122681 105.503012 -6.000000
    endloop
  endfacet
  facet normal 0.073569 0.997290 -0.000000
    outer loop
      vertex -71.122681 105.503012 -6.000000
      vertex -71.245051 105.512039 -6.000000
      vertex -71.122681 105.503012 -4.500000
    endloop
  endfacet
  facet normal 0.073569 0.997290 -0.000000
    outer loop
      vertex -71.245051 105.512039 -6.000000
      vertex -71.245051 105.512039 -4.500000
      vertex -71.122681 105.503012 -4.500000
    endloop
  endfacet
  facet normal 0.122413 0.992479 -0.000000
    outer loop
      vertex -71.245051 105.512039 -6.000000
      vertex -71.366827 105.527059 -6.000000
      vertex -71.245051 105.512039 -4.500000
    endloop
  endfacet
  facet normal 0.122413 0.992479 -0.000000
    outer loop
      vertex -71.366827 105.527059 -6.000000
      vertex -71.366827 105.527059 -4.500000
      vertex -71.245051 105.512039 -4.500000
    endloop
  endfacet
  facet normal 0.170963 0.985277 -0.000000
    outer loop
      vertex -71.366827 105.527059 -6.000000
      vertex -71.487729 105.548037 -6.000000
      vertex -71.366827 105.527059 -4.500000
    endloop
  endfacet
  facet normal 0.170963 0.985277 -0.000000
    outer loop
      vertex -71.487729 105.548037 -6.000000
      vertex -71.487729 105.548037 -4.500000
      vertex -71.366827 105.527059 -4.500000
    endloop
  endfacet
  facet normal 0.234003 0.972236 -0.000000
    outer loop
      vertex -71.607456 105.574923 -6.000000
      vertex -71.607456 105.574923 -4.500000
      vertex -71.562510 105.564105 -4.500000
    endloop
  endfacet
  facet normal 0.234003 0.972236 -0.000000
    outer loop
      vertex -71.562510 105.564105 -6.000000
      vertex -71.607456 105.574923 -6.000000
      vertex -71.562510 105.564105 -4.500000
    endloop
  endfacet
  facet normal 0.210072 0.977686 0.000000
    outer loop
      vertex -71.562510 105.564105 -4.500000
      vertex -71.487729 105.548037 -4.500000
      vertex -71.487729 105.548037 -6.000000
    endloop
  endfacet
  facet normal 0.210072 0.977686 0.000000
    outer loop
      vertex -71.487729 105.548037 -6.000000
      vertex -71.562510 105.564105 -6.000000
      vertex -71.562510 105.564105 -4.500000
    endloop
  endfacet
  facet normal 0.266715 0.963775 -0.000000
    outer loop
      vertex -71.607456 105.574923 -6.000000
      vertex -71.725718 105.607651 -6.000000
      vertex -71.607456 105.574923 -4.500000
    endloop
  endfacet
  facet normal 0.266715 0.963775 -0.000000
    outer loop
      vertex -71.725718 105.607651 -6.000000
      vertex -71.725718 105.607651 -4.500000
      vertex -71.607456 105.574923 -4.500000
    endloop
  endfacet
  facet normal 0.313684 0.949527 -0.000000
    outer loop
      vertex -71.725718 105.607651 -6.000000
      vertex -71.842231 105.646142 -6.000000
      vertex -71.725718 105.607651 -4.500000
    endloop
  endfacet
  facet normal 0.313684 0.949527 -0.000000
    outer loop
      vertex -71.842231 105.646142 -6.000000
      vertex -71.842231 105.646142 -4.500000
      vertex -71.725718 105.607651 -4.500000
    endloop
  endfacet
  facet normal 0.359897 0.932992 -0.000000
    outer loop
      vertex -71.842231 105.646142 -6.000000
      vertex -71.956713 105.690303 -6.000000
      vertex -71.842231 105.646142 -4.500000
    endloop
  endfacet
  facet normal 0.359897 0.932992 -0.000000
    outer loop
      vertex -71.956713 105.690303 -6.000000
      vertex -71.956713 105.690303 -4.500000
      vertex -71.842231 105.646142 -4.500000
    endloop
  endfacet
  facet normal 0.405243 0.914209 -0.000000
    outer loop
      vertex -71.956713 105.690303 -6.000000
      vertex -72.068891 105.740028 -6.000000
      vertex -71.956713 105.690303 -4.500000
    endloop
  endfacet
  facet normal 0.405243 0.914209 -0.000000
    outer loop
      vertex -72.068891 105.740028 -6.000000
      vertex -72.068891 105.740028 -4.500000
      vertex -71.956713 105.690303 -4.500000
    endloop
  endfacet
  facet normal 0.449612 0.893224 -0.000000
    outer loop
      vertex -72.068891 105.740028 -6.000000
      vertex -72.178493 105.795197 -6.000000
      vertex -72.068891 105.740028 -4.500000
    endloop
  endfacet
  facet normal 0.449612 0.893224 -0.000000
    outer loop
      vertex -72.178493 105.795197 -6.000000
      vertex -72.178493 105.795197 -4.500000
      vertex -72.068891 105.740028 -4.500000
    endloop
  endfacet
  facet normal 0.492898 0.870087 -0.000000
    outer loop
      vertex -72.178493 105.795197 -6.000000
      vertex -72.285257 105.855679 -6.000000
      vertex -72.178493 105.795197 -4.500000
    endloop
  endfacet
  facet normal 0.492898 0.870087 -0.000000
    outer loop
      vertex -72.285257 105.855679 -6.000000
      vertex -72.285257 105.855679 -4.500000
      vertex -72.178493 105.795197 -4.500000
    endloop
  endfacet
  facet normal 0.534998 0.844853 -0.000000
    outer loop
      vertex -72.285257 105.855679 -6.000000
      vertex -72.388927 105.921327 -6.000000
      vertex -72.285257 105.855679 -4.500000
    endloop
  endfacet
  facet normal 0.534998 0.844853 -0.000000
    outer loop
      vertex -72.388927 105.921327 -6.000000
      vertex -72.388927 105.921327 -4.500000
      vertex -72.285257 105.855679 -4.500000
    endloop
  endfacet
  facet normal 0.575809 0.817584 -0.000000
    outer loop
      vertex -72.388927 105.921327 -6.000000
      vertex -72.489251 105.991983 -6.000000
      vertex -72.388927 105.921327 -4.500000
    endloop
  endfacet
  facet normal 0.575809 0.817584 -0.000000
    outer loop
      vertex -72.489251 105.991983 -6.000000
      vertex -72.489251 105.991983 -4.500000
      vertex -72.388927 105.921327 -4.500000
    endloop
  endfacet
  facet normal 0.615232 0.788346 -0.000000
    outer loop
      vertex -72.489251 105.991983 -6.000000
      vertex -72.585985 106.067475 -6.000000
      vertex -72.489251 105.991983 -4.500000
    endloop
  endfacet
  facet normal 0.615232 0.788346 -0.000000
    outer loop
      vertex -72.585985 106.067475 -6.000000
      vertex -72.585985 106.067475 -4.500000
      vertex -72.489251 105.991983 -4.500000
    endloop
  endfacet
  facet normal 0.653173 0.757209 -0.000000
    outer loop
      vertex -72.585985 106.067475 -6.000000
      vertex -72.678898 106.147622 -6.000000
      vertex -72.585985 106.067475 -4.500000
    endloop
  endfacet
  facet normal 0.653173 0.757209 -0.000000
    outer loop
      vertex -72.678898 106.147622 -6.000000
      vertex -72.678898 106.147622 -4.500000
      vertex -72.585985 106.067475 -4.500000
    endloop
  endfacet
  facet normal 0.689541 0.724247 -0.000000
    outer loop
      vertex -72.678898 106.147622 -6.000000
      vertex -72.767767 106.232233 -6.000000
      vertex -72.678898 106.147622 -4.500000
    endloop
  endfacet
  facet normal 0.689541 0.724247 -0.000000
    outer loop
      vertex -72.767767 106.232233 -6.000000
      vertex -72.767767 106.232233 -4.500000
      vertex -72.678898 106.147622 -4.500000
    endloop
  endfacet
  facet normal 0.724247 0.689541 -0.000000
    outer loop
      vertex -72.767767 106.232233 -6.000000
      vertex -72.852378 106.321102 -6.000000
      vertex -72.767767 106.232233 -4.500000
    endloop
  endfacet
  facet normal 0.724247 0.689541 -0.000000
    outer loop
      vertex -72.852378 106.321102 -6.000000
      vertex -72.852378 106.321102 -4.500000
      vertex -72.767767 106.232233 -4.500000
    endloop
  endfacet
  facet normal 0.757209 0.653173 -0.000000
    outer loop
      vertex -72.852378 106.321102 -6.000000
      vertex -72.932525 106.414015 -6.000000
      vertex -72.852378 106.321102 -4.500000
    endloop
  endfacet
  facet normal 0.757209 0.653173 -0.000000
    outer loop
      vertex -72.932525 106.414015 -6.000000
      vertex -72.932525 106.414015 -4.500000
      vertex -72.852378 106.321102 -4.500000
    endloop
  endfacet
  facet normal 0.788346 0.615232 -0.000000
    outer loop
      vertex -72.932525 106.414015 -6.000000
      vertex -73.008017 106.510749 -6.000000
      vertex -72.932525 106.414015 -4.500000
    endloop
  endfacet
  facet normal 0.788346 0.615232 -0.000000
    outer loop
      vertex -73.008017 106.510749 -6.000000
      vertex -73.008017 106.510749 -4.500000
      vertex -72.932525 106.414015 -4.500000
    endloop
  endfacet
  facet normal 0.817584 0.575809 -0.000000
    outer loop
      vertex -73.008017 106.510749 -6.000000
      vertex -73.078673 106.611073 -6.000000
      vertex -73.008017 106.510749 -4.500000
    endloop
  endfacet
  facet normal 0.817584 0.575809 -0.000000
    outer loop
      vertex -73.078673 106.611073 -6.000000
      vertex -73.078673 106.611073 -4.500000
      vertex -73.008017 106.510749 -4.500000
    endloop
  endfacet
  facet normal 0.844853 0.534998 -0.000000
    outer loop
      vertex -73.078673 106.611073 -6.000000
      vertex -73.144321 106.714743 -6.000000
      vertex -73.078673 106.611073 -4.500000
    endloop
  endfacet
  facet normal 0.844853 0.534998 -0.000000
    outer loop
      vertex -73.144321 106.714743 -6.000000
      vertex -73.144321 106.714743 -4.500000
      vertex -73.078673 106.611073 -4.500000
    endloop
  endfacet
  facet normal 0.870087 0.492898 -0.000000
    outer loop
      vertex -73.144321 106.714743 -6.000000
      vertex -73.204803 106.821507 -6.000000
      vertex -73.144321 106.714743 -4.500000
    endloop
  endfacet
  facet normal 0.870087 0.492898 -0.000000
    outer loop
      vertex -73.204803 106.821507 -6.000000
      vertex -73.204803 106.821507 -4.500000
      vertex -73.144321 106.714743 -4.500000
    endloop
  endfacet
  facet normal 0.893224 0.449612 -0.000000
    outer loop
      vertex -73.204803 106.821507 -6.000000
      vertex -73.259972 106.931109 -6.000000
      vertex -73.204803 106.821507 -4.500000
    endloop
  endfacet
  facet normal 0.893224 0.449612 -0.000000
    outer loop
      vertex -73.259972 106.931109 -6.000000
      vertex -73.259972 106.931109 -4.500000
      vertex -73.204803 106.821507 -4.500000
    endloop
  endfacet
  facet normal 0.914209 0.405243 -0.000000
    outer loop
      vertex -73.259972 106.931109 -6.000000
      vertex -73.309697 107.043287 -6.000000
      vertex -73.259972 106.931109 -4.500000
    endloop
  endfacet
  facet normal 0.914209 0.405243 -0.000000
    outer loop
      vertex -73.309697 107.043287 -6.000000
      vertex -73.309697 107.043287 -4.500000
      vertex -73.259972 106.931109 -4.500000
    endloop
  endfacet
  facet normal 0.932992 0.359897 -0.000000
    outer loop
      vertex -73.309697 107.043287 -6.000000
      vertex -73.353858 107.157769 -6.000000
      vertex -73.309697 107.043287 -4.500000
    endloop
  endfacet
  facet normal 0.932992 0.359897 -0.000000
    outer loop
      vertex -73.353858 107.157769 -6.000000
      vertex -73.353858 107.157769 -4.500000
      vertex -73.309697 107.043287 -4.500000
    endloop
  endfacet
  facet normal 0.949527 0.313684 -0.000000
    outer loop
      vertex -73.353858 107.157769 -6.000000
      vertex -73.392349 107.274282 -6.000000
      vertex -73.353858 107.157769 -4.500000
    endloop
  endfacet
  facet normal 0.949527 0.313684 -0.000000
    outer loop
      vertex -73.392349 107.274282 -6.000000
      vertex -73.392349 107.274282 -4.500000
      vertex -73.353858 107.157769 -4.500000
    endloop
  endfacet
  facet normal 0.963775 0.266715 -0.000000
    outer loop
      vertex -73.392349 107.274282 -6.000000
      vertex -73.425077 107.392544 -6.000000
      vertex -73.392349 107.274282 -4.500000
    endloop
  endfacet
  facet normal 0.963775 0.266715 -0.000000
    outer loop
      vertex -73.425077 107.392544 -6.000000
      vertex -73.425077 107.392544 -4.500000
      vertex -73.392349 107.274282 -4.500000
    endloop
  endfacet
  facet normal 0.975702 0.219103 -0.000000
    outer loop
      vertex -73.425077 107.392544 -6.000000
      vertex -73.451963 107.512271 -6.000000
      vertex -73.425077 107.392544 -4.500000
    endloop
  endfacet
  facet normal 0.975702 0.219103 -0.000000
    outer loop
      vertex -73.451963 107.512271 -6.000000
      vertex -73.451963 107.512271 -4.500000
      vertex -73.425077 107.392544 -4.500000
    endloop
  endfacet
  facet normal 0.985277 0.170963 -0.000000
    outer loop
      vertex -73.451963 107.512271 -6.000000
      vertex -73.472941 107.633173 -6.000000
      vertex -73.451963 107.512271 -4.500000
    endloop
  endfacet
  facet normal 0.985277 0.170963 -0.000000
    outer loop
      vertex -73.472941 107.633173 -6.000000
      vertex -73.472941 107.633173 -4.500000
      vertex -73.451963 107.512271 -4.500000
    endloop
  endfacet
  facet normal 0.995086 0.099011 -0.000000
    outer loop
      vertex -73.487961 107.754949 -6.000000
      vertex -73.487961 107.754949 -4.500000
      vertex -73.487468 107.749996 -4.500000
    endloop
  endfacet
  facet normal 0.995086 0.099011 -0.000000
    outer loop
      vertex -73.487468 107.749996 -6.000000
      vertex -73.487961 107.754949 -6.000000
      vertex -73.487468 107.749996 -4.500000
    endloop
  endfacet
  facet normal 0.992357 0.123400 -0.000000
    outer loop
      vertex -73.472941 107.633173 -6.000000
      vertex -73.487468 107.749996 -6.000000
      vertex -73.487468 107.749996 -4.500000
    endloop
  endfacet
  facet normal 0.992357 0.123400 -0.000000
    outer loop
      vertex -73.472941 107.633173 -6.000000
      vertex -73.487468 107.749996 -4.500000
      vertex -73.472941 107.633173 -4.500000
    endloop
  endfacet
  facet normal 0.997290 0.073569 -0.000000
    outer loop
      vertex -73.487961 107.754949 -6.000000
      vertex -73.496988 107.877319 -6.000000
      vertex -73.487961 107.754949 -4.500000
    endloop
  endfacet
  facet normal 0.997290 0.073569 -0.000000
    outer loop
      vertex -73.496988 107.877319 -6.000000
      vertex -73.496988 107.877319 -4.500000
      vertex -73.487961 107.754949 -4.500000
    endloop
  endfacet
  facet normal 0.999699 0.024544 -0.000000
    outer loop
      vertex -73.496988 107.877319 -6.000000
      vertex -73.500000 108.000000 -6.000000
      vertex -73.496988 107.877319 -4.500000
    endloop
  endfacet
  facet normal 0.999699 0.024544 -0.000000
    outer loop
      vertex -73.500000 108.000000 -6.000000
      vertex -73.500000 108.000000 -4.500000
      vertex -73.496988 107.877319 -4.500000
    endloop
  endfacet
  facet normal 0.000000 0.000000 -1.000000
    outer loop
      vertex -71.000000 98.500000 -6.000000
      vertex -71.562500 98.500000 -6.000000
      vertex -71.562503 101.173205 -6.000000
    endloop
  endfacet
  facet normal 0.000000 0.000000 -1.000000
    outer loop
      vertex -67.685732 103.125002 -6.000000
      vertex -67.650712 103.016005 -6.000000
      vertex -67.604893 102.850439 -6.000000
    endloop
  endfacet
  facet normal 0.000000 -0.000000 -1.000000
    outer loop
      vertex -71.528288 102.849066 -6.000000
      vertex -71.562503 102.826795 -6.000000
      vertex -71.562500 103.125000 -6.000000
    endloop
  endfacet
  facet normal 0.000000 -0.000000 -1.000000
    outer loop
      vertex -71.485653 102.874152 -6.000000
      vertex -71.528288 102.849066 -6.000000
      vertex -71.562500 103.125000 -6.000000
    endloop
  endfacet
  facet normal -0.000000 -0.000000 -1.000000
    outer loop
      vertex -71.441829 102.897099 -6.000000
      vertex -71.485653 102.874152 -6.000000
      vertex -71.562500 103.125000 -6.000000
    endloop
  endfacet
  facet normal -0.000000 0.000000 -1.000000
    outer loop
      vertex -71.396853 102.917882 -6.000000
      vertex -71.441829 102.897099 -6.000000
      vertex -71.562500 103.125000 -6.000000
    endloop
  endfacet
  facet normal 0.000000 0.000000 -1.000000
    outer loop
      vertex -71.351048 102.936358 -6.000000
      vertex -71.396853 102.917882 -6.000000
      vertex -71.562500 103.125000 -6.000000
    endloop
  endfacet
  facet normal -0.000000 -0.000000 -1.000000
    outer loop
      vertex -71.304296 102.952578 -6.000000
      vertex -71.351048 102.936358 -6.000000
      vertex -71.562500 103.125000 -6.000000
    endloop
  endfacet
  facet normal 0.000000 -0.000000 -1.000000
    outer loop
      vertex -67.504217 101.828246 -6.000000
      vertex -67.516855 101.656928 -6.000000
      vertex -67.537882 101.486442 -6.000000
    endloop
  endfacet
  facet normal 0.000000 0.000000 -1.000000
    outer loop
      vertex -67.537882 102.513558 -6.000000
      vertex -67.516855 102.343072 -6.000000
      vertex -67.504217 102.171754 -6.000000
    endloop
  endfacet
  facet normal 0.000000 -0.000000 -1.000000
    outer loop
      vertex -70.486442 98.537882 -6.000000
      vertex -70.656928 98.516855 -6.000000
      vertex -70.828246 98.504217 -6.000000
    endloop
  endfacet
  facet normal 0.000000 -0.000000 -1.000000
    outer loop
      vertex -69.350110 98.913276 -6.000000
      vertex -69.503553 98.836039 -6.000000
      vertex -69.660602 98.766424 -6.000000
    endloop
  endfacet
  facet normal 0.000000 -0.000000 -1.000000
    outer loop
      vertex -67.766424 100.660602 -6.000000
      vertex -67.836039 100.503553 -6.000000
      vertex -67.913276 100.350110 -6.000000
    endloop
  endfacet
  facet normal 0.000000 -0.000000 -1.000000
    outer loop
      vertex -68.649543 99.406671 -6.000000
      vertex -68.779621 99.294465 -6.000000
      vertex -68.915049 99.188776 -6.000000
    endloop
  endfacet
  facet normal 0.000000 -0.000000 -1.000000
    outer loop
      vertex -68.188776 99.915049 -6.000000
      vertex -68.294465 99.779621 -6.000000
      vertex -68.406671 99.649543 -6.000000
    endloop
  endfacet
  facet normal -0.000000 0.000000 -1.000000
    outer loop
      vertex -69.660602 98.766424 -6.000000
      vertex -69.820877 98.704599 -6.000000
      vertex -69.983995 98.650712 -6.000000
    endloop
  endfacet
  facet normal -0.000000 0.000000 -1.000000
    outer loop
      vertex -67.650712 100.983995 -6.000000
      vertex -67.704599 100.820877 -6.000000
      vertex -67.766424 100.660602 -6.000000
    endloop
  endfacet
  facet normal -0.000000 0.000000 -1.000000
    outer loop
      vertex -68.406671 99.649543 -6.000000
      vertex -68.525126 99.525126 -6.000000
      vertex -68.649543 99.406671 -6.000000
    endloop
  endfacet
  facet normal 0.000000 -0.000000 -1.000000
    outer loop
      vertex -69.055502 99.089858 -6.000000
      vertex -69.200640 98.997950 -6.000000
      vertex -69.350110 98.913276 -6.000000
    endloop
  endfacet
  facet normal 0.000000 -0.000000 -1.000000
    outer loop
      vertex -67.913276 100.350110 -6.000000
      vertex -67.997950 100.200640 -6.000000
      vertex -68.089858 100.055502 -6.000000
    endloop
  endfacet
  facet normal -0.000000 0.000000 -1.000000
    outer loop
      vertex -67.567252 101.317179 -6.000000
      vertex -67.604893 101.149561 -6.000000
      vertex -67.650712 100.983995 -6.000000
    endloop
  endfacet
  facet normal 0.000000 0.000000 -1.000000
    outer loop
      vertex -69.983995 98.650712 -6.000000
      vertex -70.149561 98.604893 -6.000000
      vertex -70.317179 98.567252 -6.000000
    endloop
  endfacet
  facet normal 0.000000 0.000000 -1.000000
    outer loop
      vertex -67.604893 102.850439 -6.000000
      vertex -67.567252 102.682821 -6.000000
      vertex -67.537882 102.513558 -6.000000
    endloop
  endfacet
  facet normal 0.000000 0.000000 -1.000000
    outer loop
      vertex -67.504217 102.171754 -6.000000
      vertex -67.500000 102.000000 -6.000000
      vertex -67.504217 101.828246 -6.000000
    endloop
  endfacet
  facet normal -0.000000 0.000000 -1.000000
    outer loop
      vertex -71.256831 102.966456 -6.000000
      vertex -71.304296 102.952578 -6.000000
      vertex -71.562500 103.125000 -6.000000
    endloop
  endfacet
  facet normal 0.000000 0.000000 -1.000000
    outer loop
      vertex -71.208721 102.977975 -6.000000
      vertex -71.256831 102.966456 -6.000000
      vertex -71.562500 103.125000 -6.000000
    endloop
  endfacet
  facet normal -0.000000 -0.000000 -1.000000
    outer loop
      vertex -71.160099 102.987101 -6.000000
      vertex -71.208721 102.977975 -6.000000
      vertex -71.562500 103.125000 -6.000000
    endloop
  endfacet
  facet normal 0.000000 0.000000 -1.000000
    outer loop
      vertex -71.111088 102.993811 -6.000000
      vertex -71.160099 102.987101 -6.000000
      vertex -71.562500 103.125000 -6.000000
    endloop
  endfacet
  facet normal 0.000000 -0.000000 -1.000000
    outer loop
      vertex -70.317179 98.567252 -6.000000
      vertex -70.486442 98.537882 -6.000000
      vertex -70.828246 98.504217 -6.000000
    endloop
  endfacet
  facet normal 0.000000 -0.000000 -1.000000
    outer loop
      vertex -67.504217 101.828246 -6.000000
      vertex -67.537882 101.486442 -6.000000
      vertex -67.567252 101.317179 -6.000000
    endloop
  endfacet
  facet normal -0.000000 0.000000 -1.000000
    outer loop
      vertex -68.089858 100.055502 -6.000000
      vertex -68.188776 99.915049 -6.000000
      vertex -68.406671 99.649543 -6.000000
    endloop
  endfacet
  facet normal -0.000000 0.000000 -1.000000
    outer loop
      vertex -68.649543 99.406671 -6.000000
      vertex -68.915049 99.188776 -6.000000
      vertex -69.055502 99.089858 -6.000000
    endloop
  endfacet
  facet normal -0.000000 0.000000 -1.000000
    outer loop
      vertex -71.061809 102.998088 -6.000000
      vertex -71.111088 102.993811 -6.000000
      vertex -71.562500 103.125000 -6.000000
    endloop
  endfacet
  facet normal -0.000000 0.000000 -1.000000
    outer loop
      vertex -71.012370 102.999923 -6.000000
      vertex -71.061809 102.998088 -6.000000
      vertex -71.562500 103.125000 -6.000000
    endloop
  endfacet
  facet normal 0.000000 0.000000 -1.000000
    outer loop
      vertex -70.962899 102.999312 -6.000000
      vertex -71.012370 102.999923 -6.000000
      vertex -71.562500 103.125000 -6.000000
    endloop
  endfacet
  facet normal 0.000000 0.000000 -1.000000
    outer loop
      vertex -67.685732 103.125002 -6.000000
      vertex -67.604893 102.850439 -6.000000
      vertex -67.537882 102.513558 -6.000000
    endloop
  endfacet
  facet normal -0.000000 -0.000000 -1.000000
    outer loop
      vertex -70.913525 102.996254 -6.000000
      vertex -70.962899 102.999312 -6.000000
      vertex -71.562500 103.125000 -6.000000
    endloop
  endfacet
  facet normal -0.000000 0.000000 -1.000000
    outer loop
      vertex -70.317179 98.567252 -6.000000
      vertex -70.828246 98.504217 -6.000000
      vertex -71.000000 98.500000 -6.000000
    endloop
  endfacet
  facet normal -0.000000 0.000000 -1.000000
    outer loop
      vertex -70.317179 98.567252 -6.000000
      vertex -71.000000 98.500000 -6.000000
      vertex -71.562503 101.173205 -6.000000
    endloop
  endfacet
  facet normal 0.000000 -0.000000 -1.000000
    outer loop
      vertex -69.350110 98.913276 -6.000000
      vertex -69.660602 98.766424 -6.000000
      vertex -69.983995 98.650712 -6.000000
    endloop
  endfacet
  facet normal -0.000000 0.000000 -1.000000
    outer loop
      vertex -67.650712 100.983995 -6.000000
      vertex -67.766424 100.660602 -6.000000
      vertex -67.913276 100.350110 -6.000000
    endloop
  endfacet
  facet normal -0.000000 0.000000 -1.000000
    outer loop
      vertex -67.537882 102.513558 -6.000000
      vertex -67.504217 102.171754 -6.000000
      vertex -67.504217 101.828246 -6.000000
    endloop
  endfacet
  facet normal -0.000000 -0.000000 -1.000000
    outer loop
      vertex -70.864305 102.990751 -6.000000
      vertex -70.913525 102.996254 -6.000000
      vertex -71.562500 103.125000 -6.000000
    endloop
  endfacet
  facet normal -0.000000 -0.000000 -1.000000
    outer loop
      vertex -70.815533 102.982839 -6.000000
      vertex -70.864305 102.990751 -6.000000
      vertex -71.562500 103.125000 -6.000000
    endloop
  endfacet
  facet normal 0.000000 -0.000000 -1.000000
    outer loop
      vertex -67.504217 101.828246 -6.000000
      vertex -67.567252 101.317179 -6.000000
      vertex -67.650712 100.983995 -6.000000
    endloop
  endfacet
  facet normal 0.000000 -0.000000 -1.000000
    outer loop
      vertex -68.089858 100.055502 -6.000000
      vertex -68.406671 99.649543 -6.000000
      vertex -68.649543 99.406671 -6.000000
    endloop
  endfacet
  facet normal -0.000000 0.000000 -1.000000
    outer loop
      vertex -68.649543 99.406671 -6.000000
      vertex -69.055502 99.089858 -6.000000
      vertex -69.350110 98.913276 -6.000000
    endloop
  endfacet
  facet normal -0.000000 0.000000 -1.000000
    outer loop
      vertex -67.650712 100.983995 -6.000000
      vertex -67.913276 100.350110 -6.000000
      vertex -68.089858 100.055502 -6.000000
    endloop
  endfacet
  facet normal 0.000000 -0.000000 -1.000000
    outer loop
      vertex -69.350110 98.913276 -6.000000
      vertex -69.983995 98.650712 -6.000000
      vertex -70.317179 98.567252 -6.000000
    endloop
  endfacet
  facet normal -0.000000 -0.000000 -1.000000
    outer loop
      vertex -69.350110 98.913276 -6.000000
      vertex -70.317179 98.567252 -6.000000
      vertex -71.562503 101.173205 -6.000000
    endloop
  endfacet
  facet normal 0.000000 0.000000 -1.000000
    outer loop
      vertex -67.685732 103.125002 -6.000000
      vertex -67.537882 102.513558 -6.000000
      vertex -67.504217 101.828246 -6.000000
    endloop
  endfacet
  facet normal 0.000000 -0.000000 -1.000000
    outer loop
      vertex -68.089858 100.055502 -6.000000
      vertex -68.649543 99.406671 -6.000000
      vertex -69.350110 98.913276 -6.000000
    endloop
  endfacet
  facet normal 0.000000 -0.000000 -1.000000
    outer loop
      vertex -67.504217 101.828246 -6.000000
      vertex -67.650712 100.983995 -6.000000
      vertex -68.089858 100.055502 -6.000000
    endloop
  endfacet
  facet normal -0.000000 0.000000 -1.000000
    outer loop
      vertex -67.685732 103.125002 -6.000000
      vertex -67.504217 101.828246 -6.000000
      vertex -68.089858 100.055502 -6.000000
    endloop
  endfacet
  facet normal -0.000000 0.000000 -1.000000
    outer loop
      vertex -67.685732 103.125002 -6.000000
      vertex -68.089858 100.055502 -6.000000
      vertex -69.350110 98.913276 -6.000000
    endloop
  endfacet
  facet normal 0.000000 0.000000 -1.000000
    outer loop
      vertex -69.350110 98.913276 -6.000000
      vertex -71.562503 101.173205 -6.000000
      vertex -71.528288 101.150934 -6.000000
    endloop
  endfacet
  facet normal 0.000000 0.000000 -1.000000
    outer loop
      vertex -69.350110 98.913276 -6.000000
      vertex -71.528288 101.150934 -6.000000
      vertex -71.485653 101.125848 -6.000000
    endloop
  endfacet
  facet normal 0.000000 0.000000 -1.000000
    outer loop
      vertex -69.350110 98.913276 -6.000000
      vertex -71.485653 101.125848 -6.000000
      vertex -71.441829 101.102901 -6.000000
    endloop
  endfacet
  facet normal -0.000000 -0.000000 -1.000000
    outer loop
      vertex -69.350110 98.913276 -6.000000
      vertex -71.441829 101.102901 -6.000000
      vertex -71.396853 101.082118 -6.000000
    endloop
  endfacet
  facet normal 0.000000 0.000000 -1.000000
    outer loop
      vertex -69.350110 98.913276 -6.000000
      vertex -71.396853 101.082118 -6.000000
      vertex -71.351048 101.063642 -6.000000
    endloop
  endfacet
  facet normal 0.000000 0.000000 -1.000000
    outer loop
      vertex -69.350110 98.913276 -6.000000
      vertex -71.351048 101.063642 -6.000000
      vertex -71.304296 101.047422 -6.000000
    endloop
  endfacet
  facet normal 0.000000 0.000000 -1.000000
    outer loop
      vertex -69.350110 98.913276 -6.000000
      vertex -71.304296 101.047422 -6.000000
      vertex -71.256831 101.033544 -6.000000
    endloop
  endfacet
  facet normal 0.000000 0.000000 -1.000000
    outer loop
      vertex -69.350110 98.913276 -6.000000
      vertex -71.256831 101.033544 -6.000000
      vertex -71.208721 101.022025 -6.000000
    endloop
  endfacet
  facet normal 0.000000 0.000000 -1.000000
    outer loop
      vertex -69.350110 98.913276 -6.000000
      vertex -71.208721 101.022025 -6.000000
      vertex -71.160099 101.012899 -6.000000
    endloop
  endfacet
  facet normal 0.000000 0.000000 -1.000000
    outer loop
      vertex -69.350110 98.913276 -6.000000
      vertex -71.160099 101.012899 -6.000000
      vertex -71.111088 101.006189 -6.000000
    endloop
  endfacet
  facet normal 0.000000 0.000000 -1.000000
    outer loop
      vertex -69.350110 98.913276 -6.000000
      vertex -71.111088 101.006189 -6.000000
      vertex -71.061809 101.001912 -6.000000
    endloop
  endfacet
  facet normal 0.000000 0.000000 -1.000000
    outer loop
      vertex -69.350110 98.913276 -6.000000
      vertex -71.061809 101.001912 -6.000000
      vertex -71.012370 101.000077 -6.000000
    endloop
  endfacet
  facet normal 0.000000 0.000000 -1.000000
    outer loop
      vertex -69.350110 98.913276 -6.000000
      vertex -71.012370 101.000077 -6.000000
      vertex -70.962899 101.000688 -6.000000
    endloop
  endfacet
  facet normal -0.000000 0.000000 -1.000000
    outer loop
      vertex -69.350110 98.913276 -6.000000
      vertex -70.962899 101.000688 -6.000000
      vertex -70.913525 101.003746 -6.000000
    endloop
  endfacet
  facet normal -0.000000 -0.000000 -1.000000
    outer loop
      vertex -69.350110 98.913276 -6.000000
      vertex -70.913525 101.003746 -6.000000
      vertex -70.864305 101.009249 -6.000000
    endloop
  endfacet
  facet normal -0.000000 0.000000 -1.000000
    outer loop
      vertex -69.350110 98.913276 -6.000000
      vertex -70.864305 101.009249 -6.000000
      vertex -70.815533 101.017161 -6.000000
    endloop
  endfacet
  facet normal -0.000000 0.000000 -1.000000
    outer loop
      vertex -69.350110 98.913276 -6.000000
      vertex -70.815533 101.017161 -6.000000
      vertex -70.767152 101.027487 -6.000000
    endloop
  endfacet
  facet normal -0.000000 -0.000000 -1.000000
    outer loop
      vertex -69.350110 98.913276 -6.000000
      vertex -70.767152 101.027487 -6.000000
      vertex -70.719342 101.040192 -6.000000
    endloop
  endfacet
  facet normal 0.000000 0.000000 -1.000000
    outer loop
      vertex -69.350110 98.913276 -6.000000
      vertex -70.719342 101.040192 -6.000000
      vertex -70.672220 101.055246 -6.000000
    endloop
  endfacet
  facet normal 0.000000 0.000000 -1.000000
    outer loop
      vertex -69.350110 98.913276 -6.000000
      vertex -70.672220 101.055246 -6.000000
      vertex -70.625900 101.072612 -6.000000
    endloop
  endfacet
  facet normal -0.000000 -0.000000 -1.000000
    outer loop
      vertex -69.350110 98.913276 -6.000000
      vertex -70.625900 101.072612 -6.000000
      vertex -70.580495 101.092247 -6.000000
    endloop
  endfacet
  facet normal 0.000000 0.000000 -1.000000
    outer loop
      vertex -69.350110 98.913276 -6.000000
      vertex -70.580495 101.092247 -6.000000
      vertex -70.536117 101.114103 -6.000000
    endloop
  endfacet
  facet normal -0.000000 -0.000000 -1.000000
    outer loop
      vertex -69.350110 98.913276 -6.000000
      vertex -70.536117 101.114103 -6.000000
      vertex -70.492875 101.138128 -6.000000
    endloop
  endfacet
  facet normal 0.000000 0.000000 -1.000000
    outer loop
      vertex -69.350110 98.913276 -6.000000
      vertex -70.492875 101.138128 -6.000000
      vertex -70.450873 101.164261 -6.000000
    endloop
  endfacet
  facet normal -0.000000 0.000000 -1.000000
    outer loop
      vertex -69.350110 98.913276 -6.000000
      vertex -70.450873 101.164261 -6.000000
      vertex -70.410215 101.192440 -6.000000
    endloop
  endfacet
  facet normal -0.000000 0.000000 -1.000000
    outer loop
      vertex -67.685732 103.125002 -6.000000
      vertex -69.350110 98.913276 -6.000000
      vertex -70.410215 101.192440 -6.000000
    endloop
  endfacet
  facet normal 0.000000 -0.000000 -1.000000
    outer loop
      vertex -67.685732 103.125002 -6.000000
      vertex -70.410215 101.192440 -6.000000
      vertex -70.371000 101.222595 -6.000000
    endloop
  endfacet
  facet normal 0.000000 -0.000000 -1.000000
    outer loop
      vertex -67.685732 103.125002 -6.000000
      vertex -70.371000 101.222595 -6.000000
      vertex -70.333324 101.254652 -6.000000
    endloop
  endfacet
  facet normal -0.000000 0.000000 -1.000000
    outer loop
      vertex -67.685732 103.125002 -6.000000
      vertex -70.333324 101.254652 -6.000000
      vertex -70.297280 101.288534 -6.000000
    endloop
  endfacet
  facet normal 0.000000 -0.000000 -1.000000
    outer loop
      vertex -67.685732 103.125002 -6.000000
      vertex -70.297280 101.288534 -6.000000
      vertex -70.262955 101.324156 -6.000000
    endloop
  endfacet
  facet normal -0.000000 0.000000 -1.000000
    outer loop
      vertex -67.685732 103.125002 -6.000000
      vertex -70.262955 101.324156 -6.000000
      vertex -70.230434 101.361433 -6.000000
    endloop
  endfacet
  facet normal 0.000000 -0.000000 -1.000000
    outer loop
      vertex -67.685732 103.125002 -6.000000
      vertex -70.230434 101.361433 -6.000000
      vertex -70.199851 101.400199 -6.000000
    endloop
  endfacet
  facet normal -0.000000 0.000000 -1.000000
    outer loop
      vertex -67.685732 103.125002 -6.000000
      vertex -70.199851 101.400199 -6.000000
      vertex -70.171116 101.440579 -6.000000
    endloop
  endfacet
  facet normal 0.000000 -0.000000 -1.000000
    outer loop
      vertex -67.685732 103.125002 -6.000000
      vertex -70.171116 101.440579 -6.000000
      vertex -70.144466 101.482254 -6.000000
    endloop
  endfacet
  facet normal -0.000000 0.000000 -1.000000
    outer loop
      vertex -67.685732 103.125002 -6.000000
      vertex -70.144466 101.482254 -6.000000
      vertex -70.119908 101.525196 -6.000000
    endloop
  endfacet
  facet normal 0.000000 -0.000000 -1.000000
    outer loop
      vertex -67.685732 103.125002 -6.000000
      vertex -70.119908 101.525196 -6.000000
      vertex -70.097505 101.569300 -6.000000
    endloop
  endfacet
  facet normal -0.000000 0.000000 -1.000000
    outer loop
      vertex -67.685732 103.125002 -6.000000
      vertex -70.097505 101.569300 -6.000000
      vertex -70.077310 101.614458 -6.000000
    endloop
  endfacet
  facet normal 0.000000 -0.000000 -1.000000
    outer loop
      vertex -67.685732 103.125002 -6.000000
      vertex -70.077310 101.614458 -6.000000
      vertex -70.059372 101.660560 -6.000000
    endloop
  endfacet
  facet normal 0.000000 -0.000000 -1.000000
    outer loop
      vertex -67.685732 103.125002 -6.000000
      vertex -70.059372 101.660560 -6.000000
      vertex -70.043737 101.707493 -6.000000
    endloop
  endfacet
  facet normal 0.000000 -0.000000 -1.000000
    outer loop
      vertex -67.685732 103.125002 -6.000000
      vertex -70.043737 101.707493 -6.000000
      vertex -70.030441 101.755142 -6.000000
    endloop
  endfacet
  facet normal -0.000000 0.000000 -1.000000
    outer loop
      vertex -67.685732 103.125002 -6.000000
      vertex -70.030441 101.755142 -6.000000
      vertex -70.019518 101.803391 -6.000000
    endloop
  endfacet
  facet normal 0.000000 -0.000000 -1.000000
    outer loop
      vertex -67.685732 103.125002 -6.000000
      vertex -70.019518 101.803391 -6.000000
      vertex -70.010994 101.852122 -6.000000
    endloop
  endfacet
  facet normal -0.000000 0.000000 -1.000000
    outer loop
      vertex -67.685732 103.125002 -6.000000
      vertex -70.010994 101.852122 -6.000000
      vertex -70.004892 101.901211 -6.000000
    endloop
  endfacet
  facet normal 0.000000 0.000000 -1.000000
    outer loop
      vertex -67.685732 103.125002 -6.000000
      vertex -70.004892 101.901211 -6.000000
      vertex -70.001224 101.950541 -6.000000
    endloop
  endfacet
  facet normal 0.000000 0.000000 -1.000000
    outer loop
      vertex -67.685732 103.125002 -6.000000
      vertex -70.001224 101.950541 -6.000000
      vertex -70.000000 102.000000 -6.000000
    endloop
  endfacet
  facet normal 0.000000 -0.000000 -1.000000
    outer loop
      vertex -67.685732 103.125002 -6.000000
      vertex -70.000000 102.000000 -6.000000
      vertex -70.001224 102.049459 -6.000000
    endloop
  endfacet
  facet normal 0.000000 0.000000 -1.000000
    outer loop
      vertex -67.685732 103.125002 -6.000000
      vertex -70.001224 102.049459 -6.000000
      vertex -70.004892 102.098789 -6.000000
    endloop
  endfacet
  facet normal -0.000000 0.000000 -1.000000
    outer loop
      vertex -67.685732 103.125002 -6.000000
      vertex -70.004892 102.098789 -6.000000
      vertex -70.010994 102.147878 -6.000000
    endloop
  endfacet
  facet normal 0.000000 0.000000 -1.000000
    outer loop
      vertex -67.685732 103.125002 -6.000000
      vertex -70.010994 102.147878 -6.000000
      vertex -70.019518 102.196609 -6.000000
    endloop
  endfacet
  facet normal 0.000000 0.000000 -1.000000
    outer loop
      vertex -67.685732 103.125002 -6.000000
      vertex -70.019518 102.196609 -6.000000
      vertex -70.030441 102.244858 -6.000000
    endloop
  endfacet
  facet normal 0.000000 0.000000 -1.000000
    outer loop
      vertex -67.685732 103.125002 -6.000000
      vertex -70.030441 102.244858 -6.000000
      vertex -70.043737 102.292507 -6.000000
    endloop
  endfacet
  facet normal 0.000000 -0.000000 -1.000000
    outer loop
      vertex -67.685732 103.125002 -6.000000
      vertex -70.043737 102.292507 -6.000000
      vertex -70.059372 102.339440 -6.000000
    endloop
  endfacet
  facet normal 0.000000 0.000000 -1.000000
    outer loop
      vertex -67.685732 103.125002 -6.000000
      vertex -70.059372 102.339440 -6.000000
      vertex -70.077310 102.385542 -6.000000
    endloop
  endfacet
  facet normal -0.000000 0.000000 -1.000000
    outer loop
      vertex -67.685732 103.125002 -6.000000
      vertex -70.077310 102.385542 -6.000000
      vertex -70.097505 102.430700 -6.000000
    endloop
  endfacet
  facet normal 0.000000 -0.000000 -1.000000
    outer loop
      vertex -67.685732 103.125002 -6.000000
      vertex -70.097505 102.430700 -6.000000
      vertex -70.119908 102.474804 -6.000000
    endloop
  endfacet
  facet normal -0.000000 0.000000 -1.000000
    outer loop
      vertex -67.685732 103.125002 -6.000000
      vertex -70.119908 102.474804 -6.000000
      vertex -70.144466 102.517746 -6.000000
    endloop
  endfacet
  facet normal 0.000000 -0.000000 -1.000000
    outer loop
      vertex -67.685732 103.125002 -6.000000
      vertex -70.144466 102.517746 -6.000000
      vertex -70.171116 102.559421 -6.000000
    endloop
  endfacet
  facet normal 0.000000 -0.000000 -1.000000
    outer loop
      vertex -67.685732 103.125002 -6.000000
      vertex -70.171116 102.559421 -6.000000
      vertex -70.199851 102.599801 -6.000000
    endloop
  endfacet
  facet normal 0.000000 0.000000 -1.000000
    outer loop
      vertex -67.685732 103.125002 -6.000000
      vertex -70.199851 102.599801 -6.000000
      vertex -70.230434 102.638567 -6.000000
    endloop
  endfacet
  facet normal -0.000000 0.000000 -1.000000
    outer loop
      vertex -67.685732 103.125002 -6.000000
      vertex -70.230434 102.638567 -6.000000
      vertex -70.262955 102.675844 -6.000000
    endloop
  endfacet
  facet normal 0.000000 -0.000000 -1.000000
    outer loop
      vertex -67.685732 103.125002 -6.000000
      vertex -70.262955 102.675844 -6.000000
      vertex -70.297280 102.711466 -6.000000
    endloop
  endfacet
  facet normal -0.000000 0.000000 -1.000000
    outer loop
      vertex -67.685732 103.125002 -6.000000
      vertex -70.297280 102.711466 -6.000000
      vertex -70.333324 102.745348 -6.000000
    endloop
  endfacet
  facet normal 0.000000 0.000000 -1.000000
    outer loop
      vertex -67.685732 103.125002 -6.000000
      vertex -70.333324 102.745348 -6.000000
      vertex -70.371000 102.777405 -6.000000
    endloop
  endfacet
  facet normal 0.000000 -0.000000 -1.000000
    outer loop
      vertex -67.685732 103.125002 -6.000000
      vertex -70.371000 102.777405 -6.000000
      vertex -70.410215 102.807560 -6.000000
    endloop
  endfacet
  facet normal -0.000000 0.000000 -1.000000
    outer loop
      vertex -67.685732 103.125002 -6.000000
      vertex -70.410215 102.807560 -6.000000
      vertex -70.450873 102.835739 -6.000000
    endloop
  endfacet
  facet normal 0.000000 -0.000000 -1.000000
    outer loop
      vertex -67.685732 103.125002 -6.000000
      vertex -70.450873 102.835739 -6.000000
      vertex -70.492875 102.861872 -6.000000
    endloop
  endfacet
  facet normal 0.000000 -0.000000 -1.000000
    outer loop
      vertex -67.685732 103.125002 -6.000000
      vertex -70.492875 102.861872 -6.000000
      vertex -70.536117 102.885897 -6.000000
    endloop
  endfacet
  facet normal -0.000000 0.000000 -1.000000
    outer loop
      vertex -67.685732 103.125002 -6.000000
      vertex -70.536117 102.885897 -6.000000
      vertex -70.580495 102.907753 -6.000000
    endloop
  endfacet
  facet normal -0.000000 0.000000 -1.000000
    outer loop
      vertex -67.685732 103.125002 -6.000000
      vertex -70.580495 102.907753 -6.000000
      vertex -70.625900 102.927388 -6.000000
    endloop
  endfacet
  facet normal 0.000000 -0.000000 -1.000000
    outer loop
      vertex -67.685732 103.125002 -6.000000
      vertex -70.625900 102.927388 -6.000000
      vertex -70.672220 102.944754 -6.000000
    endloop
  endfacet
  facet normal 0.000000 0.000000 -1.000000
    outer loop
      vertex -67.685732 103.125002 -6.000000
      vertex -70.672220 102.944754 -6.000000
      vertex -70.719342 102.959808 -6.000000
    endloop
  endfacet
  facet normal 0.000000 -0.000000 -1.000000
    outer loop
      vertex -67.685732 103.125002 -6.000000
      vertex -70.719342 102.959808 -6.000000
      vertex -70.767152 102.972513 -6.000000
    endloop
  endfacet
  facet normal 0.000000 0.000000 -1.000000
    outer loop
      vertex -67.685732 103.125002 -6.000000
      vertex -70.767152 102.972513 -6.000000
      vertex -70.815533 102.982839 -6.000000
    endloop
  endfacet
  facet normal -0.000000 0.000000 -1.000000
    outer loop
      vertex -71.562500 103.125000 -6.000000
      vertex -67.685732 103.125002 -6.000000
      vertex -70.815533 102.982839 -6.000000
    endloop
  endfacet
  facet normal -0.000000 0.000000 -1.000000
    outer loop
      vertex -67.685732 103.125002 -6.000000
      vertex -71.562500 103.125000 -6.000000
      vertex -71.562510 105.564105 -6.000000
    endloop
  endfacet
  facet normal -0.000000 -0.000000 -1.000000
    outer loop
      vertex -67.766424 103.339398 -6.000000
      vertex -67.704599 103.179123 -6.000000
      vertex -67.685732 103.125002 -6.000000
    endloop
  endfacet
  facet normal 0.000000 0.000000 -1.000000
    outer loop
      vertex -70.828246 105.495783 -6.000000
      vertex -70.656928 105.483145 -6.000000
      vertex -70.486442 105.462118 -6.000000
    endloop
  endfacet
  facet normal 0.000000 0.000000 -1.000000
    outer loop
      vertex -67.913276 103.649890 -6.000000
      vertex -67.836039 103.496447 -6.000000
      vertex -67.766424 103.339398 -6.000000
    endloop
  endfacet
  facet normal 0.000000 0.000000 -1.000000
    outer loop
      vertex -69.660602 105.233576 -6.000000
      vertex -69.503553 105.163961 -6.000000
      vertex -69.350110 105.086724 -6.000000
    endloop
  endfacet
  facet normal 0.000000 0.000000 -1.000000
    outer loop
      vertex -68.406671 104.350457 -6.000000
      vertex -68.294465 104.220379 -6.000000
      vertex -68.188776 104.084951 -6.000000
    endloop
  endfacet
  facet normal 0.000000 0.000000 -1.000000
    outer loop
      vertex -68.915049 104.811224 -6.000000
      vertex -68.779621 104.705535 -6.000000
      vertex -68.649543 104.593329 -6.000000
    endloop
  endfacet
  facet normal -0.000000 -0.000000 -1.000000
    outer loop
      vertex -69.983995 105.349288 -6.000000
      vertex -69.820877 105.295401 -6.000000
      vertex -69.660602 105.233576 -6.000000
    endloop
  endfacet
  facet normal -0.000000 -0.000000 -1.000000
    outer loop
      vertex -68.649543 104.593329 -6.000000
      vertex -68.525126 104.474874 -6.000000
      vertex -68.406671 104.350457 -6.000000
    endloop
  endfacet
  facet normal 0.000000 0.000000 -1.000000
    outer loop
      vertex -69.350110 105.086724 -6.000000
      vertex -69.200640 105.002050 -6.000000
      vertex -69.055502 104.910142 -6.000000
    endloop
  endfacet
  facet normal 0.000000 0.000000 -1.000000
    outer loop
      vertex -68.089858 103.944498 -6.000000
      vertex -67.997950 103.799360 -6.000000
      vertex -67.913276 103.649890 -6.000000
    endloop
  endfacet
  facet normal -0.000000 -0.000000 -1.000000
    outer loop
      vertex -70.317179 105.432748 -6.000000
      vertex -70.149561 105.395107 -6.000000
      vertex -69.983995 105.349288 -6.000000
    endloop
  endfacet
  facet normal 0.000000 0.000000 -1.000000
    outer loop
      vertex -70.828246 105.495783 -6.000000
      vertex -70.486442 105.462118 -6.000000
      vertex -70.317179 105.432748 -6.000000
    endloop
  endfacet
  facet normal -0.000000 -0.000000 -1.000000
    outer loop
      vertex -68.406671 104.350457 -6.000000
      vertex -68.188776 104.084951 -6.000000
      vertex -68.089858 103.944498 -6.000000
    endloop
  endfacet
  facet normal -0.000000 -0.000000 -1.000000
    outer loop
      vertex -69.055502 104.910142 -6.000000
      vertex -68.915049 104.811224 -6.000000
      vertex -68.649543 104.593329 -6.000000
    endloop
  endfacet
  facet normal 0.000000 0.000000 -1.000000
    outer loop
      vertex -67.913276 103.649890 -6.000000
      vertex -67.766424 103.339398 -6.000000
      vertex -67.685732 103.125002 -6.000000
    endloop
  endfacet
  facet normal -0.000000 -0.000000 -1.000000
    outer loop
      vertex -71.000000 105.500000 -6.000000
      vertex -70.828246 105.495783 -6.000000
      vertex -70.317179 105.432748 -6.000000
    endloop
  endfacet
  facet normal -0.000000 -0.000000 -1.000000
    outer loop
      vertex -69.983995 105.349288 -6.000000
      vertex -69.660602 105.233576 -6.000000
      vertex -69.350110 105.086724 -6.000000
    endloop
  endfacet
  facet normal -0.000000 -0.000000 -1.000000
    outer loop
      vertex -71.122681 105.503012 -6.000000
      vertex -71.000000 105.500000 -6.000000
      vertex -70.317179 105.432748 -6.000000
    endloop
  endfacet
  facet normal 0.000000 0.000000 -1.000000
    outer loop
      vertex -68.649543 104.593329 -6.000000
      vertex -68.406671 104.350457 -6.000000
      vertex -68.089858 103.944498 -6.000000
    endloop
  endfacet
  facet normal -0.000000 -0.000000 -1.000000
    outer loop
      vertex -69.350110 105.086724 -6.000000
      vertex -69.055502 104.910142 -6.000000
      vertex -68.649543 104.593329 -6.000000
    endloop
  endfacet
  facet normal -0.000000 -0.000000 -1.000000
    outer loop
      vertex -68.089858 103.944498 -6.000000
      vertex -67.913276 103.649890 -6.000000
      vertex -67.685732 103.125002 -6.000000
    endloop
  endfacet
  facet normal 0.000000 0.000000 -1.000000
    outer loop
      vertex -71.245051 105.512039 -6.000000
      vertex -71.122681 105.503012 -6.000000
      vertex -70.317179 105.432748 -6.000000
    endloop
  endfacet
  facet normal 0.000000 0.000000 -1.000000
    outer loop
      vertex -70.317179 105.432748 -6.000000
      vertex -69.983995 105.349288 -6.000000
      vertex -69.350110 105.086724 -6.000000
    endloop
  endfacet
  facet normal 0.000000 0.000000 -1.000000
    outer loop
      vertex -69.350110 105.086724 -6.000000
      vertex -68.649543 104.593329 -6.000000
      vertex -68.089858 103.944498 -6.000000
    endloop
  endfacet
  facet normal 0.000000 0.000000 -1.000000
    outer loop
      vertex -71.245051 105.512039 -6.000000
      vertex -70.317179 105.432748 -6.000000
      vertex -69.350110 105.086724 -6.000000
    endloop
  endfacet
  facet normal 0.000000 0.000000 -1.000000
    outer loop
      vertex -71.245051 105.512039 -6.000000
      vertex -69.350110 105.086724 -6.000000
      vertex -68.089858 103.944498 -6.000000
    endloop
  endfacet
  facet normal -0.000000 -0.000000 -1.000000
    outer loop
      vertex -71.366827 105.527059 -6.000000
      vertex -71.245051 105.512039 -6.000000
      vertex -68.089858 103.944498 -6.000000
    endloop
  endfacet
  facet normal -0.000000 -0.000000 -1.000000
    outer loop
      vertex -71.487729 105.548037 -6.000000
      vertex -71.366827 105.527059 -6.000000
      vertex -68.089858 103.944498 -6.000000
    endloop
  endfacet
  facet normal 0.000000 0.000000 -1.000000
    outer loop
      vertex -71.562510 105.564105 -6.000000
      vertex -71.487729 105.548037 -6.000000
      vertex -68.089858 103.944498 -6.000000
    endloop
  endfacet
  facet normal -0.000000 -0.000000 -1.000000
    outer loop
      vertex -71.562510 105.564105 -6.000000
      vertex -68.089858 103.944498 -6.000000
      vertex -67.685732 103.125002 -6.000000
    endloop
  endfacet
  facet normal 0.000000 -0.000000 -1.000000
    outer loop
      vertex -100.000000 103.125000 -6.000000
      vertex -100.000000 98.500000 -6.000000
      vertex -101.375000 98.500000 -6.000000
    endloop
  endfacet
  facet normal 0.000000 0.000000 -1.000000
    outer loop
      vertex -101.375000 98.500000 -6.000000
      vertex -104.062500 98.500000 -6.000000
      vertex -104.062500 103.125000 -6.000000
    endloop
  endfacet
  facet normal 0.000000 0.000000 -1.000000
    outer loop
      vertex -104.062500 103.125000 -6.000000
      vertex -100.000000 103.125000 -6.000000
      vertex -101.375000 98.500000 -6.000000
    endloop
  endfacet
  facet normal 0.000000 0.000000 -1.000000
    outer loop
      vertex -84.500000 98.500000 -6.000000
      vertex -87.812500 98.500000 -6.000000
      vertex -87.812500 103.125000 -6.000000
    endloop
  endfacet
  facet normal 0.000000 0.000000 -1.000000
    outer loop
      vertex -84.500000 98.500000 -6.000000
      vertex -87.812500 103.125000 -6.000000
      vertex -83.750000 103.125000 -6.000000
    endloop
  endfacet
  facet normal 0.000000 -0.000000 -1.000000
    outer loop
      vertex -83.750000 103.125000 -6.000000
      vertex -83.750000 98.500000 -6.000000
      vertex -84.500000 98.500000 -6.000000
    endloop
  endfacet
  facet normal 0.000000 0.000000 -1.000000
    outer loop
      vertex -77.750000 98.500000 -6.000000
      vertex -79.687500 98.500000 -6.000000
      vertex -79.687500 103.125000 -6.000000
    endloop
  endfacet
  facet normal 0.000000 0.000000 -1.000000
    outer loop
      vertex -75.625000 103.125000 -6.000000
      vertex -75.625000 98.500000 -6.000000
      vertex -77.750000 98.500000 -6.000000
    endloop
  endfacet
  facet normal 0.000000 0.000000 -1.000000
    outer loop
      vertex -79.687500 103.125000 -6.000000
      vertex -75.625000 103.125000 -6.000000
      vertex -77.750000 98.500000 -6.000000
    endloop
  endfacet
  facet normal 0.000000 -0.000000 -1.000000
    outer loop
      vertex -71.562503 101.173205 -6.000000
      vertex -71.562500 98.500000 -6.000000
      vertex -74.375000 98.500000 -6.000000
    endloop
  endfacet
  facet normal 0.000000 0.000000 -1.000000
    outer loop
      vertex -71.562503 101.173205 -6.000000
      vertex -74.375000 98.500000 -6.000000
      vertex -75.625000 98.500000 -6.000000
    endloop
  endfacet
  facet normal -0.000000 0.000000 -1.000000
    outer loop
      vertex -71.562503 101.173205 -6.000000
      vertex -75.625000 98.500000 -6.000000
      vertex -75.625000 103.125000 -6.000000
    endloop
  endfacet
  facet normal 0.000000 -0.000000 -1.000000
    outer loop
      vertex -71.562500 103.125000 -6.000000
      vertex -71.562503 102.826795 -6.000000
      vertex -71.569630 102.821901 -6.000000
    endloop
  endfacet
  facet normal -0.000000 0.000000 -1.000000
    outer loop
      vertex -71.562500 103.125000 -6.000000
      vertex -71.569630 102.821901 -6.000000
      vertex -71.609579 102.792725 -6.000000
    endloop
  endfacet
  facet normal 0.000000 -0.000000 -1.000000
    outer loop
      vertex -71.562500 103.125000 -6.000000
      vertex -71.609579 102.792725 -6.000000
      vertex -71.648036 102.761609 -6.000000
    endloop
  endfacet
  facet normal 0.000000 0.000000 -1.000000
    outer loop
      vertex -71.562500 103.125000 -6.000000
      vertex -71.648036 102.761609 -6.000000
      vertex -71.684908 102.728630 -6.000000
    endloop
  endfacet
  facet normal 0.000000 -0.000000 -1.000000
    outer loop
      vertex -71.562500 103.125000 -6.000000
      vertex -71.684908 102.728630 -6.000000
      vertex -71.720103 102.693867 -6.000000
    endloop
  endfacet
  facet normal -0.000000 0.000000 -1.000000
    outer loop
      vertex -71.562500 103.125000 -6.000000
      vertex -71.720103 102.693867 -6.000000
      vertex -71.753536 102.657407 -6.000000
    endloop
  endfacet
  facet normal 0.000000 0.000000 -1.000000
    outer loop
      vertex -71.562500 103.125000 -6.000000
      vertex -71.753536 102.657407 -6.000000
      vertex -71.785125 102.619337 -6.000000
    endloop
  endfacet
  facet normal 0.000000 -0.000000 -1.000000
    outer loop
      vertex -71.562500 103.125000 -6.000000
      vertex -71.785125 102.619337 -6.000000
      vertex -71.814793 102.579752 -6.000000
    endloop
  endfacet
  facet normal -0.000000 0.000000 -1.000000
    outer loop
      vertex -71.562500 103.125000 -6.000000
      vertex -71.814793 102.579752 -6.000000
      vertex -71.842467 102.538748 -6.000000
    endloop
  endfacet
  facet normal -0.000000 0.000000 -1.000000
    outer loop
      vertex -71.562500 103.125000 -6.000000
      vertex -71.842467 102.538748 -6.000000
      vertex -71.868079 102.496427 -6.000000
    endloop
  endfacet
  facet normal 0.000000 0.000000 -1.000000
    outer loop
      vertex -71.562500 103.125000 -6.000000
      vertex -71.868079 102.496427 -6.000000
      vertex -71.891566 102.452891 -6.000000
    endloop
  endfacet
  facet normal 0.000000 0.000000 -1.000000
    outer loop
      vertex -75.625000 103.125000 -6.000000
      vertex -71.562500 103.125000 -6.000000
      vertex -71.891566 102.452891 -6.000000
    endloop
  endfacet
  facet normal 0.000000 0.000000 -1.000000
    outer loop
      vertex -75.625000 103.125000 -6.000000
      vertex -71.891566 102.452891 -6.000000
      vertex -71.912848 102.408299 -6.000000
    endloop
  endfacet
  facet normal -0.000000 -0.000000 -1.000000
    outer loop
      vertex -75.625000 103.125000 -6.000000
      vertex -71.912848 102.408299 -6.000000
      vertex -71.931944 102.362602 -6.000000
    endloop
  endfacet
  facet normal 0.000000 -0.000000 -1.000000
    outer loop
      vertex -75.625000 103.125000 -6.000000
      vertex -71.931944 102.362602 -6.000000
      vertex -71.948736 102.316070 -6.000000
    endloop
  endfacet
  facet normal 0.000000 -0.000000 -1.000000
    outer loop
      vertex -75.625000 103.125000 -6.000000
      vertex -71.948736 102.316070 -6.000000
      vertex -71.963206 102.268765 -6.000000
    endloop
  endfacet
  facet normal 0.000000 0.000000 -1.000000
    outer loop
      vertex -75.625000 103.125000 -6.000000
      vertex -71.963206 102.268765 -6.000000
      vertex -71.975319 102.220801 -6.000000
    endloop
  endfacet
  facet normal -0.000000 -0.000000 -1.000000
    outer loop
      vertex -75.625000 103.125000 -6.000000
      vertex -71.975319 102.220801 -6.000000
      vertex -71.985045 102.172296 -6.000000
    endloop
  endfacet
  facet normal -0.000000 -0.000000 -1.000000
    outer loop
      vertex -75.625000 103.125000 -6.000000
      vertex -71.985045 102.172296 -6.000000
      vertex -71.992361 102.123370 -6.000000
    endloop
  endfacet
  facet normal 0.000000 0.000000 -1.000000
    outer loop
      vertex -75.625000 103.125000 -6.000000
      vertex -71.992361 102.123370 -6.000000
      vertex -71.997247 102.074147 -6.000000
    endloop
  endfacet
  facet normal 0.000000 0.000000 -1.000000
    outer loop
      vertex -75.625000 103.125000 -6.000000
      vertex -71.997247 102.074147 -6.000000
      vertex -71.999694 102.024737 -6.000000
    endloop
  endfacet
  facet normal -0.000000 -0.000000 -1.000000
    outer loop
      vertex -75.625000 103.125000 -6.000000
      vertex -71.999694 102.024737 -6.000000
      vertex -71.999694 101.975263 -6.000000
    endloop
  endfacet
  facet normal 0.000000 0.000000 -1.000000
    outer loop
      vertex -75.625000 103.125000 -6.000000
      vertex -71.999694 101.975263 -6.000000
      vertex -71.997247 101.925853 -6.000000
    endloop
  endfacet
  facet normal -0.000000 -0.000000 -1.000000
    outer loop
      vertex -75.625000 103.125000 -6.000000
      vertex -71.997247 101.925853 -6.000000
      vertex -71.992361 101.876630 -6.000000
    endloop
  endfacet
  facet normal -0.000000 -0.000000 -1.000000
    outer loop
      vertex -75.625000 103.125000 -6.000000
      vertex -71.992361 101.876630 -6.000000
      vertex -71.985045 101.827704 -6.000000
    endloop
  endfacet
  facet normal -0.000000 -0.000000 -1.000000
    outer loop
      vertex -75.625000 103.125000 -6.000000
      vertex -71.985045 101.827704 -6.000000
      vertex -71.975319 101.779199 -6.000000
    endloop
  endfacet
  facet normal 0.000000 0.000000 -1.000000
    outer loop
      vertex -75.625000 103.125000 -6.000000
      vertex -71.975319 101.779199 -6.000000
      vertex -71.963206 101.731235 -6.000000
    endloop
  endfacet
  facet normal -0.000000 -0.000000 -1.000000
    outer loop
      vertex -75.625000 103.125000 -6.000000
      vertex -71.963206 101.731235 -6.000000
      vertex -71.948736 101.683930 -6.000000
    endloop
  endfacet
  facet normal 0.000000 0.000000 -1.000000
    outer loop
      vertex -75.625000 103.125000 -6.000000
      vertex -71.948736 101.683930 -6.000000
      vertex -71.931944 101.637398 -6.000000
    endloop
  endfacet
  facet normal -0.000000 -0.000000 -1.000000
    outer loop
      vertex -75.625000 103.125000 -6.000000
      vertex -71.931944 101.637398 -6.000000
      vertex -71.912848 101.591701 -6.000000
    endloop
  endfacet
  facet normal -0.000000 -0.000000 -1.000000
    outer loop
      vertex -75.625000 103.125000 -6.000000
      vertex -71.912848 101.591701 -6.000000
      vertex -71.891566 101.547109 -6.000000
    endloop
  endfacet
  facet normal 0.000000 0.000000 -1.000000
    outer loop
      vertex -75.625000 103.125000 -6.000000
      vertex -71.891566 101.547109 -6.000000
      vertex -71.868079 101.503573 -6.000000
    endloop
  endfacet
  facet normal -0.000000 -0.000000 -1.000000
    outer loop
      vertex -75.625000 103.125000 -6.000000
      vertex -71.868079 101.503573 -6.000000
      vertex -71.842467 101.461252 -6.000000
    endloop
  endfacet
  facet normal -0.000000 -0.000000 -1.000000
    outer loop
      vertex -75.625000 103.125000 -6.000000
      vertex -71.842467 101.461252 -6.000000
      vertex -71.814793 101.420248 -6.000000
    endloop
  endfacet
  facet normal -0.000000 -0.000000 -1.000000
    outer loop
      vertex -75.625000 103.125000 -6.000000
      vertex -71.814793 101.420248 -6.000000
      vertex -71.785125 101.380663 -6.000000
    endloop
  endfacet
  facet normal 0.000000 0.000000 -1.000000
    outer loop
      vertex -75.625000 103.125000 -6.000000
      vertex -71.785125 101.380663 -6.000000
      vertex -71.753536 101.342593 -6.000000
    endloop
  endfacet
  facet normal 0.000000 0.000000 -1.000000
    outer loop
      vertex -75.625000 103.125000 -6.000000
      vertex -71.753536 101.342593 -6.000000
      vertex -71.720103 101.306133 -6.000000
    endloop
  endfacet
  facet normal 0.000000 0.000000 -1.000000
    outer loop
      vertex -75.625000 103.125000 -6.000000
      vertex -71.720103 101.306133 -6.000000
      vertex -71.684908 101.271370 -6.000000
    endloop
  endfacet
  facet normal 0.000000 0.000000 -1.000000
    outer loop
      vertex -75.625000 103.125000 -6.000000
      vertex -71.684908 101.271370 -6.000000
      vertex -71.648036 101.238391 -6.000000
    endloop
  endfacet
  facet normal -0.000000 -0.000000 -1.000000
    outer loop
      vertex -75.625000 103.125000 -6.000000
      vertex -71.648036 101.238391 -6.000000
      vertex -71.609579 101.207275 -6.000000
    endloop
  endfacet
  facet normal -0.000000 -0.000000 -1.000000
    outer loop
      vertex -75.625000 103.125000 -6.000000
      vertex -71.609579 101.207275 -6.000000
      vertex -71.569630 101.178099 -6.000000
    endloop
  endfacet
  facet normal 0.000000 0.000000 -1.000000
    outer loop
      vertex -75.625000 103.125000 -6.000000
      vertex -71.569630 101.178099 -6.000000
      vertex -71.562503 101.173205 -6.000000
    endloop
  endfacet
  facet normal 0.000000 -0.000000 -1.000000
    outer loop
      vertex -79.687500 103.125000 -6.000000
      vertex -79.687500 98.500000 -6.000000
      vertex -81.125000 98.500000 -6.000000
    endloop
  endfacet
  facet normal 0.000000 0.000000 -1.000000
    outer loop
      vertex -81.125000 98.500000 -6.000000
      vertex -83.750000 98.500000 -6.000000
      vertex -83.750000 103.125000 -6.000000
    endloop
  endfacet
  facet normal 0.000000 0.000000 -1.000000
    outer loop
      vertex -83.750000 103.125000 -6.000000
      vertex -79.687500 103.125000 -6.000000
      vertex -81.125000 98.500000 -6.000000
    endloop
  endfacet
  facet normal 0.000000 0.000000 -1.000000
    outer loop
      vertex -94.625000 98.500000 -6.000000
      vertex -95.937500 98.500000 -6.000000
      vertex -95.937500 103.125000 -6.000000
    endloop
  endfacet
  facet normal 0.000000 -0.000000 -1.000000
    outer loop
      vertex -91.875000 103.125000 -6.000000
      vertex -91.875000 98.500000 -6.000000
      vertex -94.625000 98.500000 -6.000000
    endloop
  endfacet
  facet normal 0.000000 0.000000 -1.000000
    outer loop
      vertex -95.937500 103.125000 -6.000000
      vertex -91.875000 103.125000 -6.000000
      vertex -94.625000 98.500000 -6.000000
    endloop
  endfacet
  facet normal 0.000000 0.000000 -1.000000
    outer loop
      vertex -91.875000 103.125000 -6.000000
      vertex -87.812500 103.125000 -6.000000
      vertex -87.812500 98.500000 -6.000000
    endloop
  endfacet
  facet normal 0.000000 0.000000 -1.000000
    outer loop
      vertex -91.250000 98.500000 -6.000000
      vertex -91.875000 98.500000 -6.000000
      vertex -91.875000 103.125000 -6.000000
    endloop
  endfacet
  facet normal 0.000000 0.000000 -1.000000
    outer loop
      vertex -87.875000 98.500000 -6.000000
      vertex -91.250000 98.500000 -6.000000
      vertex -91.875000 103.125000 -6.000000
    endloop
  endfacet
  facet normal 0.000000 0.000000 -1.000000
    outer loop
      vertex -91.875000 103.125000 -6.000000
      vertex -87.812500 98.500000 -6.000000
      vertex -87.875000 98.500000 -6.000000
    endloop
  endfacet
  facet normal 0.000000 0.000000 -1.000000
    outer loop
      vertex -98.000000 98.500000 -6.000000
      vertex -100.000000 98.500000 -6.000000
      vertex -100.000000 103.125000 -6.000000
    endloop
  endfacet
  facet normal 0.000000 -0.000000 -1.000000
    outer loop
      vertex -95.937500 103.125000 -6.000000
      vertex -95.937500 98.500000 -6.000000
      vertex -98.000000 98.500000 -6.000000
    endloop
  endfacet
  facet normal 0.000000 0.000000 -1.000000
    outer loop
      vertex -100.000000 103.125000 -6.000000
      vertex -95.937500 103.125000 -6.000000
      vertex -98.000000 98.500000 -6.000000
    endloop
  endfacet
  facet normal 0.000000 -0.000000 -1.000000
    outer loop
      vertex -116.250000 103.125000 -6.000000
      vertex -116.250000 98.500000 -6.000000
      vertex -118.250000 98.500000 -6.000000
    endloop
  endfacet
  facet normal 0.000000 0.000000 -1.000000
    outer loop
      vertex -118.250000 98.500000 -6.000000
      vertex -120.312500 98.500000 -6.000000
      vertex -120.312500 103.125000 -6.000000
    endloop
  endfacet
  facet normal 0.000000 0.000000 -1.000000
    outer loop
      vertex -120.312500 103.125000 -6.000000
      vertex -116.250000 103.125000 -6.000000
      vertex -118.250000 98.500000 -6.000000
    endloop
  endfacet
  facet normal 0.000000 -0.000000 -1.000000
    outer loop
      vertex -108.125000 103.125000 -6.000000
      vertex -108.125000 98.500000 -6.000000
      vertex -111.500000 98.500000 -6.000000
    endloop
  endfacet
  facet normal 0.000000 0.000000 -1.000000
    outer loop
      vertex -112.187500 103.125000 -6.000000
      vertex -108.125000 103.125000 -6.000000
      vertex -111.500000 98.500000 -6.000000
    endloop
  endfacet
  facet normal 0.000000 0.000000 -1.000000
    outer loop
      vertex -112.187500 103.125000 -6.000000
      vertex -111.500000 98.500000 -6.000000
      vertex -112.187500 98.500000 -6.000000
    endloop
  endfacet
  facet normal 0.000000 0.000000 -1.000000
    outer loop
      vertex -104.750000 98.500000 -6.000000
      vertex -108.125000 98.500000 -6.000000
      vertex -108.125000 103.125000 -6.000000
    endloop
  endfacet
  facet normal 0.000000 0.000000 -1.000000
    outer loop
      vertex -104.750000 98.500000 -6.000000
      vertex -108.125000 103.125000 -6.000000
      vertex -104.062500 103.125000 -6.000000
    endloop
  endfacet
  facet normal 0.000000 -0.000000 -1.000000
    outer loop
      vertex -104.062500 103.125000 -6.000000
      vertex -104.062500 98.500000 -6.000000
      vertex -104.750000 98.500000 -6.000000
    endloop
  endfacet
  facet normal 0.000000 0.000000 -1.000000
    outer loop
      vertex -114.875000 98.500000 -6.000000
      vertex -116.250000 98.500000 -6.000000
      vertex -116.250000 103.125000 -6.000000
    endloop
  endfacet
  facet normal 0.000000 -0.000000 -1.000000
    outer loop
      vertex -112.187500 103.125000 -6.000000
      vertex -112.187500 98.500000 -6.000000
      vertex -114.875000 98.500000 -6.000000
    endloop
  endfacet
  facet normal 0.000000 0.000000 -1.000000
    outer loop
      vertex -116.250000 103.125000 -6.000000
      vertex -112.187500 103.125000 -6.000000
      vertex -114.875000 98.500000 -6.000000
    endloop
  endfacet
  facet normal 0.000000 0.000000 -1.000000
    outer loop
      vertex -126.500000 100.000000 -6.000000
      vertex -126.500000 103.125000 -6.000000
      vertex -124.375000 103.125000 -6.000000
    endloop
  endfacet
  facet normal 0.000000 0.000000 -1.000000
    outer loop
      vertex -126.500000 100.000000 -6.000000
      vertex -124.375000 103.125000 -6.000000
      vertex -124.375000 98.500000 -6.000000
    endloop
  endfacet
  facet normal 0.000000 0.000000 -1.000000
    outer loop
      vertex -125.663437 98.654693 -6.000000
      vertex -125.750002 98.700963 -6.000000
      vertex -125.833356 98.752796 -6.000000
    endloop
  endfacet
  facet normal 0.000000 0.000000 -1.000000
    outer loop
      vertex -126.247204 99.166644 -6.000000
      vertex -126.299037 99.249998 -6.000000
      vertex -126.345307 99.336563 -6.000000
    endloop
  endfacet
  facet normal 0.000000 0.000000 -1.000000
    outer loop
      vertex -125.388234 98.551113 -6.000000
      vertex -125.482159 98.579605 -6.000000
      vertex -125.574028 98.614182 -6.000000
    endloop
  endfacet
  facet normal -0.000000 -0.000000 -1.000000
    outer loop
      vertex -126.385818 99.425972 -6.000000
      vertex -126.420395 99.517841 -6.000000
      vertex -126.448887 99.611766 -6.000000
    endloop
  endfacet
  facet normal -0.000000 -0.000000 -1.000000
    outer loop
      vertex -126.448887 99.611766 -6.000000
      vertex -126.471178 99.707363 -6.000000
      vertex -126.487166 99.804203 -6.000000
    endloop
  endfacet
  facet normal 0.000000 0.000000 -1.000000
    outer loop
      vertex -125.195797 98.512834 -6.000000
      vertex -125.292637 98.528822 -6.000000
      vertex -125.388234 98.551113 -6.000000
    endloop
  endfacet
  facet normal 0.000000 0.000000 -1.000000
    outer loop
      vertex -126.127760 99.010981 -6.000000
      vertex -126.190030 99.086857 -6.000000
      vertex -126.247204 99.166644 -6.000000
    endloop
  endfacet
  facet normal -0.000000 -0.000000 -1.000000
    outer loop
      vertex -125.833356 98.752796 -6.000000
      vertex -125.913143 98.809970 -6.000000
      vertex -125.989019 98.872240 -6.000000
    endloop
  endfacet
  facet normal 0.000000 0.000000 -1.000000
    outer loop
      vertex -125.989019 98.872240 -6.000000
      vertex -126.060660 98.939340 -6.000000
      vertex -126.127760 99.010981 -6.000000
    endloop
  endfacet
  facet normal -0.000000 -0.000000 -1.000000
    outer loop
      vertex -125.000000 98.500000 -6.000000
      vertex -125.098107 98.503212 -6.000000
      vertex -125.195797 98.512834 -6.000000
    endloop
  endfacet
  facet normal -0.000000 -0.000000 -1.000000
    outer loop
      vertex -126.487166 99.804203 -6.000000
      vertex -126.496788 99.901893 -6.000000
      vertex -126.500000 100.000000 -6.000000
    endloop
  endfacet
  facet normal -0.000000 -0.000000 -1.000000
    outer loop
      vertex -126.247204 99.166644 -6.000000
      vertex -126.345307 99.336563 -6.000000
      vertex -126.385818 99.425972 -6.000000
    endloop
  endfacet
  facet normal -0.000000 -0.000000 -1.000000
    outer loop
      vertex -125.574028 98.614182 -6.000000
      vertex -125.663437 98.654693 -6.000000
      vertex -125.833356 98.752796 -6.000000
    endloop
  endfacet
  facet normal -0.000000 -0.000000 -1.000000
    outer loop
      vertex -125.195797 98.512834 -6.000000
      vertex -125.388234 98.551113 -6.000000
      vertex -125.574028 98.614182 -6.000000
    endloop
  endfacet
  facet normal -0.000000 -0.000000 -1.000000
    outer loop
      vertex -126.385818 99.425972 -6.000000
      vertex -126.448887 99.611766 -6.000000
      vertex -126.487166 99.804203 -6.000000
    endloop
  endfacet
  facet normal -0.000000 -0.000000 -1.000000
    outer loop
      vertex -125.989019 98.872240 -6.000000
      vertex -126.127760 99.010981 -6.000000
      vertex -126.247204 99.166644 -6.000000
    endloop
  endfacet
  facet normal 0.000000 0.000000 -1.000000
    outer loop
      vertex -125.574028 98.614182 -6.000000
      vertex -125.833356 98.752796 -6.000000
      vertex -125.989019 98.872240 -6.000000
    endloop
  endfacet
  facet normal 0.000000 0.000000 -1.000000
    outer loop
      vertex -125.000000 98.500000 -6.000000
      vertex -125.195797 98.512834 -6.000000
      vertex -125.574028 98.614182 -6.000000
    endloop
  endfacet
  facet normal -0.000000 -0.000000 -1.000000
    outer loop
      vertex -126.385818 99.425972 -6.000000
      vertex -126.487166 99.804203 -6.000000
      vertex -126.500000 100.000000 -6.000000
    endloop
  endfacet
  facet normal 0.000000 0.000000 -1.000000
    outer loop
      vertex -126.385818 99.425972 -6.000000
      vertex -126.500000 100.000000 -6.000000
      vertex -124.375000 98.500000 -6.000000
    endloop
  endfacet
  facet normal -0.000000 -0.000000 -1.000000
    outer loop
      vertex -125.989019 98.872240 -6.000000
      vertex -126.247204 99.166644 -6.000000
      vertex -126.385818 99.425972 -6.000000
    endloop
  endfacet
  facet normal 0.000000 0.000000 -1.000000
    outer loop
      vertex -125.989019 98.872240 -6.000000
      vertex -126.385818 99.425972 -6.000000
      vertex -124.375000 98.500000 -6.000000
    endloop
  endfacet
  facet normal -0.000000 -0.000000 -1.000000
    outer loop
      vertex -125.000000 98.500000 -6.000000
      vertex -125.574028 98.614182 -6.000000
      vertex -125.989019 98.872240 -6.000000
    endloop
  endfacet
  facet normal -0.000000 -0.000000 -1.000000
    outer loop
      vertex -124.375000 98.500000 -6.000000
      vertex -125.000000 98.500000 -6.000000
      vertex -125.989019 98.872240 -6.000000
    endloop
  endfacet
  facet normal 0.000000 -0.000000 -1.000000
    outer loop
      vertex -120.312500 103.125000 -6.000000
      vertex -120.312500 98.500000 -6.000000
      vertex -121.625000 98.500000 -6.000000
    endloop
  endfacet
  facet normal 0.000000 0.000000 -1.000000
    outer loop
      vertex -121.625000 98.500000 -6.000000
      vertex -124.375000 98.500000 -6.000000
      vertex -124.375000 103.125000 -6.000000
    endloop
  endfacet
  facet normal 0.000000 0.000000 -1.000000
    outer loop
      vertex -124.375000 103.125000 -6.000000
      vertex -120.312500 103.125000 -6.000000
      vertex -121.625000 98.500000 -6.000000
    endloop
  endfacet
  facet normal 0.000000 0.000000 -1.000000
    outer loop
      vertex -104.062500 103.125000 -6.000000
      vertex -104.062500 107.750000 -6.000000
      vertex -100.000000 107.750000 -6.000000
    endloop
  endfacet
  facet normal 0.000000 0.000000 -1.000000
    outer loop
      vertex -104.062500 103.125000 -6.000000
      vertex -100.000000 107.750000 -6.000000
      vertex -100.000000 103.125000 -6.000000
    endloop
  endfacet
  facet normal 0.000000 0.000000 -1.000000
    outer loop
      vertex -87.812500 103.125000 -6.000000
      vertex -87.812500 107.750000 -6.000000
      vertex -83.750000 107.750000 -6.000000
    endloop
  endfacet
  facet normal 0.000000 0.000000 -1.000000
    outer loop
      vertex -87.812500 103.125000 -6.000000
      vertex -83.750000 107.750000 -6.000000
      vertex -83.750000 103.125000 -6.000000
    endloop
  endfacet
  facet normal 0.000000 0.000000 -1.000000
    outer loop
      vertex -79.687500 103.125000 -6.000000
      vertex -79.687500 107.750000 -6.000000
      vertex -75.625000 107.750000 -6.000000
    endloop
  endfacet
  facet normal 0.000000 0.000000 -1.000000
    outer loop
      vertex -79.687500 103.125000 -6.000000
      vertex -75.625000 107.750000 -6.000000
      vertex -75.625000 103.125000 -6.000000
    endloop
  endfacet
  facet normal 0.000000 -0.000000 -1.000000
    outer loop
      vertex -71.562510 105.564105 -6.000000
      vertex -71.562500 103.125000 -6.000000
      vertex -75.625000 103.125000 -6.000000
    endloop
  endfacet
  facet normal 0.000000 0.000000 -1.000000
    outer loop
      vertex -75.625000 103.125000 -6.000000
      vertex -75.625000 107.750000 -6.000000
      vertex -73.487468 107.749996 -6.000000
    endloop
  endfacet
  facet normal -0.000000 0.000000 -1.000000
    outer loop
      vertex -71.607456 105.574923 -6.000000
      vertex -71.562510 105.564105 -6.000000
      vertex -75.625000 103.125000 -6.000000
    endloop
  endfacet
  facet normal 0.000000 0.000000 -1.000000
    outer loop
      vertex -71.725718 105.607651 -6.000000
      vertex -71.607456 105.574923 -6.000000
      vertex -75.625000 103.125000 -6.000000
    endloop
  endfacet
  facet normal 0.000000 -0.000000 -1.000000
    outer loop
      vertex -71.842231 105.646142 -6.000000
      vertex -71.725718 105.607651 -6.000000
      vertex -75.625000 103.125000 -6.000000
    endloop
  endfacet
  facet normal -0.000000 0.000000 -1.000000
    outer loop
      vertex -71.956713 105.690303 -6.000000
      vertex -71.842231 105.646142 -6.000000
      vertex -75.625000 103.125000 -6.000000
    endloop
  endfacet
  facet normal 0.000000 -0.000000 -1.000000
    outer loop
      vertex -72.068891 105.740028 -6.000000
      vertex -71.956713 105.690303 -6.000000
      vertex -75.625000 103.125000 -6.000000
    endloop
  endfacet
  facet normal -0.000000 0.000000 -1.000000
    outer loop
      vertex -72.178493 105.795197 -6.000000
      vertex -72.068891 105.740028 -6.000000
      vertex -75.625000 103.125000 -6.000000
    endloop
  endfacet
  facet normal 0.000000 0.000000 -1.000000
    outer loop
      vertex -72.285257 105.855679 -6.000000
      vertex -72.178493 105.795197 -6.000000
      vertex -75.625000 103.125000 -6.000000
    endloop
  endfacet
  facet normal 0.000000 -0.000000 -1.000000
    outer loop
      vertex -72.388927 105.921327 -6.000000
      vertex -72.285257 105.855679 -6.000000
      vertex -75.625000 103.125000 -6.000000
    endloop
  endfacet
  facet normal -0.000000 0.000000 -1.000000
    outer loop
      vertex -72.489251 105.991983 -6.000000
      vertex -72.388927 105.921327 -6.000000
      vertex -75.625000 103.125000 -6.000000
    endloop
  endfacet
  facet normal 0.000000 -0.000000 -1.000000
    outer loop
      vertex -72.585985 106.067475 -6.000000
      vertex -72.489251 105.991983 -6.000000
      vertex -75.625000 103.125000 -6.000000
    endloop
  endfacet
  facet normal -0.000000 0.000000 -1.000000
    outer loop
      vertex -72.678898 106.147622 -6.000000
      vertex -72.585985 106.067475 -6.000000
      vertex -75.625000 103.125000 -6.000000
    endloop
  endfacet
  facet normal 0.000000 -0.000000 -1.000000
    outer loop
      vertex -72.767767 106.232233 -6.000000
      vertex -72.678898 106.147622 -6.000000
      vertex -75.625000 103.125000 -6.000000
    endloop
  endfacet
  facet normal -0.000000 0.000000 -1.000000
    outer loop
      vertex -72.852378 106.321102 -6.000000
      vertex -72.767767 106.232233 -6.000000
      vertex -75.625000 103.125000 -6.000000
    endloop
  endfacet
  facet normal 0.000000 -0.000000 -1.000000
    outer loop
      vertex -72.932525 106.414015 -6.000000
      vertex -72.852378 106.321102 -6.000000
      vertex -75.625000 103.125000 -6.000000
    endloop
  endfacet
  facet normal 0.000000 -0.000000 -1.000000
    outer loop
      vertex -73.008017 106.510749 -6.000000
      vertex -72.932525 106.414015 -6.000000
      vertex -75.625000 103.125000 -6.000000
    endloop
  endfacet
  facet normal -0.000000 0.000000 -1.000000
    outer loop
      vertex -73.078673 106.611073 -6.000000
      vertex -73.008017 106.510749 -6.000000
      vertex -75.625000 103.125000 -6.000000
    endloop
  endfacet
  facet normal -0.000000 0.000000 -1.000000
    outer loop
      vertex -73.144321 106.714743 -6.000000
      vertex -73.078673 106.611073 -6.000000
      vertex -75.625000 103.125000 -6.000000
    endloop
  endfacet
  facet normal 0.000000 0.000000 -1.000000
    outer loop
      vertex -73.204803 106.821507 -6.000000
      vertex -73.144321 106.714743 -6.000000
      vertex -75.625000 103.125000 -6.000000
    endloop
  endfacet
  facet normal 0.000000 -0.000000 -1.000000
    outer loop
      vertex -73.259972 106.931109 -6.000000
      vertex -73.204803 106.821507 -6.000000
      vertex -75.625000 103.125000 -6.000000
    endloop
  endfacet
  facet normal -0.000000 0.000000 -1.000000
    outer loop
      vertex -73.309697 107.043287 -6.000000
      vertex -73.259972 106.931109 -6.000000
      vertex -75.625000 103.125000 -6.000000
    endloop
  endfacet
  facet normal 0.000000 -0.000000 -1.000000
    outer loop
      vertex -73.353858 107.157769 -6.000000
      vertex -73.309697 107.043287 -6.000000
      vertex -75.625000 103.125000 -6.000000
    endloop
  endfacet
  facet normal -0.000000 0.000000 -1.000000
    outer loop
      vertex -73.392349 107.274282 -6.000000
      vertex -73.353858 107.157769 -6.000000
      vertex -75.625000 103.125000 -6.000000
    endloop
  endfacet
  facet normal 0.000000 0.000000 -1.000000
    outer loop
      vertex -73.425077 107.392544 -6.000000
      vertex -73.392349 107.274282 -6.000000
      vertex -75.625000 103.125000 -6.000000
    endloop
  endfacet
  facet normal 0.000000 0.000000 -1.000000
    outer loop
      vertex -73.451963 107.512271 -6.000000
      vertex -73.425077 107.392544 -6.000000
      vertex -75.625000 103.125000 -6.000000
    endloop
  endfacet
  facet normal 0.000000 0.000000 -1.000000
    outer loop
      vertex -73.472941 107.633173 -6.000000
      vertex -73.451963 107.512271 -6.000000
      vertex -75.625000 103.125000 -6.000000
    endloop
  endfacet
  facet normal 0.000000 -0.000000 -1.000000
    outer loop
      vertex -75.625000 103.125000 -6.000000
      vertex -73.487468 107.749996 -6.000000
      vertex -73.472941 107.633173 -6.000000
    endloop
  endfacet
  facet normal 0.000000 0.000000 -1.000000
    outer loop
      vertex -83.750000 103.125000 -6.000000
      vertex -83.750000 107.750000 -6.000000
      vertex -79.687500 107.750000 -6.000000
    endloop
  endfacet
  facet normal 0.000000 0.000000 -1.000000
    outer loop
      vertex -83.750000 103.125000 -6.000000
      vertex -79.687500 107.750000 -6.000000
      vertex -79.687500 103.125000 -6.000000
    endloop
  endfacet
  facet normal 0.000000 0.000000 -1.000000
    outer loop
      vertex -95.937500 103.125000 -6.000000
      vertex -95.937500 107.750000 -6.000000
      vertex -91.875000 107.750000 -6.000000
    endloop
  endfacet
  facet normal 0.000000 0.000000 -1.000000
    outer loop
      vertex -95.937500 103.125000 -6.000000
      vertex -91.875000 107.750000 -6.000000
      vertex -91.875000 103.125000 -6.000000
    endloop
  endfacet
  facet normal 0.000000 0.000000 -1.000000
    outer loop
      vertex -91.875000 103.125000 -6.000000
      vertex -91.875000 107.750000 -6.000000
      vertex -87.812500 107.750000 -6.000000
    endloop
  endfacet
  facet normal 0.000000 0.000000 -1.000000
    outer loop
      vertex -91.875000 103.125000 -6.000000
      vertex -87.812500 107.750000 -6.000000
      vertex -87.812500 103.125000 -6.000000
    endloop
  endfacet
  facet normal 0.000000 0.000000 -1.000000
    outer loop
      vertex -100.000000 103.125000 -6.000000
      vertex -100.000000 107.750000 -6.000000
      vertex -95.937500 107.750000 -6.000000
    endloop
  endfacet
  facet normal 0.000000 0.000000 -1.000000
    outer loop
      vertex -100.000000 103.125000 -6.000000
      vertex -95.937500 107.750000 -6.000000
      vertex -95.937500 103.125000 -6.000000
    endloop
  endfacet
  facet normal 0.000000 0.000000 -1.000000
    outer loop
      vertex -120.312500 103.125000 -6.000000
      vertex -120.312500 107.750000 -6.000000
      vertex -116.250000 107.750000 -6.000000
    endloop
  endfacet
  facet normal 0.000000 0.000000 -1.000000
    outer loop
      vertex -120.312500 103.125000 -6.000000
      vertex -116.250000 107.750000 -6.000000
      vertex -116.250000 103.125000 -6.000000
    endloop
  endfacet
  facet normal 0.000000 0.000000 -1.000000
    outer loop
      vertex -112.187500 103.125000 -6.000000
      vertex -112.187500 107.750000 -6.000000
      vertex -108.125000 107.750000 -6.000000
    endloop
  endfacet
  facet normal 0.000000 0.000000 -1.000000
    outer loop
      vertex -112.187500 103.125000 -6.000000
      vertex -108.125000 107.750000 -6.000000
      vertex -108.125000 103.125000 -6.000000
    endloop
  endfacet
  facet normal 0.000000 0.000000 -1.000000
    outer loop
      vertex -108.125000 103.125000 -6.000000
      vertex -108.125000 107.750000 -6.000000
      vertex -104.062500 107.750000 -6.000000
    endloop
  endfacet
  facet normal 0.000000 0.000000 -1.000000
    outer loop
      vertex -108.125000 103.125000 -6.000000
      vertex -104.062500 107.750000 -6.000000
      vertex -104.062500 103.125000 -6.000000
    endloop
  endfacet
  facet normal 0.000000 0.000000 -1.000000
    outer loop
      vertex -116.250000 103.125000 -6.000000
      vertex -116.250000 107.750000 -6.000000
      vertex -112.187500 107.750000 -6.000000
    endloop
  endfacet
  facet normal 0.000000 0.000000 -1.000000
    outer loop
      vertex -116.250000 103.125000 -6.000000
      vertex -112.187500 107.750000 -6.000000
      vertex -112.187500 103.125000 -6.000000
    endloop
  endfacet
  facet normal 0.000000 -0.000000 -1.000000
    outer loop
      vertex -124.375000 103.125000 -6.000000
      vertex -126.500000 103.125000 -6.000000
      vertex -126.500000 104.333333 -6.000000
    endloop
  endfacet
  facet normal -0.000000 0.000000 -1.000000
    outer loop
      vertex -126.500000 104.333333 -6.000000
      vertex -126.500000 107.750000 -6.000000
      vertex -124.375000 107.750000 -6.000000
    endloop
  endfacet
  facet normal 0.000000 0.000000 -1.000000
    outer loop
      vertex -124.375000 107.750000 -6.000000
      vertex -124.375000 103.125000 -6.000000
      vertex -126.500000 104.333333 -6.000000
    endloop
  endfacet
  facet normal 0.000000 0.000000 -1.000000
    outer loop
      vertex -124.375000 103.125000 -6.000000
      vertex -124.375000 107.750000 -6.000000
      vertex -120.312500 107.750000 -6.000000
    endloop
  endfacet
  facet normal 0.000000 0.000000 -1.000000
    outer loop
      vertex -124.375000 103.125000 -6.000000
      vertex -120.312500 107.750000 -6.000000
      vertex -120.312500 103.125000 -6.000000
    endloop
  endfacet
  facet normal 0.000000 0.000000 -1.000000
    outer loop
      vertex -104.062500 107.750000 -6.000000
      vertex -104.062500 112.375000 -6.000000
      vertex -100.000000 112.375000 -6.000000
    endloop
  endfacet
  facet normal 0.000000 0.000000 -1.000000
    outer loop
      vertex -104.062500 107.750000 -6.000000
      vertex -100.000000 112.375000 -6.000000
      vertex -100.000000 107.750000 -6.000000
    endloop
  endfacet
  facet normal 0.000000 0.000000 -1.000000
    outer loop
      vertex -87.812500 107.750000 -6.000000
      vertex -87.812500 112.375000 -6.000000
      vertex -83.750000 112.375000 -6.000000
    endloop
  endfacet
  facet normal 0.000000 0.000000 -1.000000
    outer loop
      vertex -87.812500 107.750000 -6.000000
      vertex -83.750000 112.375000 -6.000000
      vertex -83.750000 107.750000 -6.000000
    endloop
  endfacet
  facet normal 0.000000 0.000000 -1.000000
    outer loop
      vertex -79.687500 107.750000 -6.000000
      vertex -79.687500 112.375000 -6.000000
      vertex -75.625000 112.375000 -6.000000
    endloop
  endfacet
  facet normal 0.000000 0.000000 -1.000000
    outer loop
      vertex -79.687500 107.750000 -6.000000
      vertex -75.625000 112.375000 -6.000000
      vertex -75.625000 107.750000 -6.000000
    endloop
  endfacet
  facet normal -0.000000 0.000000 -1.000000
    outer loop
      vertex -75.625000 107.750000 -6.000000
      vertex -75.625000 112.375000 -6.000000
      vertex -73.500000 112.375000 -6.000000
    endloop
  endfacet
  facet normal 0.000000 -0.000000 -1.000000
    outer loop
      vertex -73.487961 107.754949 -6.000000
      vertex -73.487468 107.749996 -6.000000
      vertex -75.625000 107.750000 -6.000000
    endloop
  endfacet
  facet normal 0.000000 -0.000000 -1.000000
    outer loop
      vertex -73.496988 107.877319 -6.000000
      vertex -73.487961 107.754949 -6.000000
      vertex -75.625000 107.750000 -6.000000
    endloop
  endfacet
  facet normal -0.000000 0.000000 -1.000000
    outer loop
      vertex -73.500000 108.000000 -6.000000
      vertex -73.496988 107.877319 -6.000000
      vertex -75.625000 107.750000 -6.000000
    endloop
  endfacet
  facet normal 0.000000 -0.000000 -1.000000
    outer loop
      vertex -73.500000 112.333333 -6.000000
      vertex -73.500000 108.000000 -6.000000
      vertex -75.625000 107.750000 -6.000000
    endloop
  endfacet
  facet normal -0.000000 0.000000 -1.000000
    outer loop
      vertex -75.625000 107.750000 -6.000000
      vertex -73.500000 112.375000 -6.000000
      vertex -73.500000 112.333333 -6.000000
    endloop
  endfacet
  facet normal 0.000000 0.000000 -1.000000
    outer loop
      vertex -83.750000 107.750000 -6.000000
      vertex -83.750000 112.375000 -6.000000
      vertex -79.687500 112.375000 -6.000000
    endloop
  endfacet
  facet normal 0.000000 0.000000 -1.000000
    outer loop
      vertex -83.750000 107.750000 -6.000000
      vertex -79.687500 112.375000 -6.000000
      vertex -79.687500 107.750000 -6.000000
    endloop
  endfacet
  facet normal 0.000000 0.000000 -1.000000
    outer loop
      vertex -95.937500 107.750000 -6.000000
      vertex -95.937500 112.375000 -6.000000
      vertex -91.875000 112.375000 -6.000000
    endloop
  endfacet
  facet normal 0.000000 0.000000 -1.000000
    outer loop
      vertex -95.937500 107.750000 -6.000000
      vertex -91.875000 112.375000 -6.000000
      vertex -91.875000 107.750000 -6.000000
    endloop
  endfacet
  facet normal 0.000000 0.000000 -1.000000
    outer loop
      vertex -91.875000 107.750000 -6.000000
      vertex -91.875000 112.375000 -6.000000
      vertex -87.812500 112.375000 -6.000000
    endloop
  endfacet
  facet normal 0.000000 0.000000 -1.000000
    outer loop
      vertex -91.875000 107.750000 -6.000000
      vertex -87.812500 112.375000 -6.000000
      vertex -87.812500 107.750000 -6.000000
    endloop
  endfacet
  facet normal 0.000000 0.000000 -1.000000
    outer loop
      vertex -100.000000 107.750000 -6.000000
      vertex -100.000000 112.375000 -6.000000
      vertex -95.937500 112.375000 -6.000000
    endloop
  endfacet
  facet normal 0.000000 0.000000 -1.000000
    outer loop
      vertex -100.000000 107.750000 -6.000000
      vertex -95.937500 112.375000 -6.000000
      vertex -95.937500 107.750000 -6.000000
    endloop
  endfacet
  facet normal 0.000000 0.000000 -1.000000
    outer loop
      vertex -120.312500 107.750000 -6.000000
      vertex -120.312500 112.375000 -6.000000
      vertex -116.250000 112.375000 -6.000000
    endloop
  endfacet
  facet normal 0.000000 0.000000 -1.000000
    outer loop
      vertex -120.312500 107.750000 -6.000000
      vertex -116.250000 112.375000 -6.000000
      vertex -116.250000 107.750000 -6.000000
    endloop
  endfacet
  facet normal 0.000000 0.000000 -1.000000
    outer loop
      vertex -112.187500 107.750000 -6.000000
      vertex -112.187500 112.375000 -6.000000
      vertex -108.125000 112.375000 -6.000000
    endloop
  endfacet
  facet normal 0.000000 0.000000 -1.000000
    outer loop
      vertex -112.187500 107.750000 -6.000000
      vertex -108.125000 112.375000 -6.000000
      vertex -108.125000 107.750000 -6.000000
    endloop
  endfacet
  facet normal 0.000000 0.000000 -1.000000
    outer loop
      vertex -108.125000 107.750000 -6.000000
      vertex -108.125000 112.375000 -6.000000
      vertex -104.062500 112.375000 -6.000000
    endloop
  endfacet
  facet normal 0.000000 0.000000 -1.000000
    outer loop
      vertex -108.125000 107.750000 -6.000000
      vertex -104.062500 112.375000 -6.000000
      vertex -104.062500 107.750000 -6.000000
    endloop
  endfacet
  facet normal 0.000000 0.000000 -1.000000
    outer loop
      vertex -116.250000 107.750000 -6.000000
      vertex -116.250000 112.375000 -6.000000
      vertex -112.187500 112.375000 -6.000000
    endloop
  endfacet
  facet normal 0.000000 0.000000 -1.000000
    outer loop
      vertex -116.250000 107.750000 -6.000000
      vertex -112.187500 112.375000 -6.000000
      vertex -112.187500 107.750000 -6.000000
    endloop
  endfacet
  facet normal -0.000000 0.000000 -1.000000
    outer loop
      vertex -124.375000 107.750000 -6.000000
      vertex -126.500000 107.750000 -6.000000
      vertex -126.500000 108.666667 -6.000000
    endloop
  endfacet
  facet normal 0.000000 -0.000000 -1.000000
    outer loop
      vertex -126.500000 108.666667 -6.000000
      vertex -126.500000 112.375000 -6.000000
      vertex -124.375000 112.375000 -6.000000
    endloop
  endfacet
  facet normal 0.000000 -0.000000 -1.000000
    outer loop
      vertex -124.375000 112.375000 -6.000000
      vertex -124.375000 107.750000 -6.000000
      vertex -126.500000 108.666667 -6.000000
    endloop
  endfacet
  facet normal 0.000000 0.000000 -1.000000
    outer loop
      vertex -124.375000 107.750000 -6.000000
      vertex -124.375000 112.375000 -6.000000
      vertex -120.312500 112.375000 -6.000000
    endloop
  endfacet
  facet normal 0.000000 0.000000 -1.000000
    outer loop
      vertex -124.375000 107.750000 -6.000000
      vertex -120.312500 112.375000 -6.000000
      vertex -120.312500 107.750000 -6.000000
    endloop
  endfacet
  facet normal 0.000000 0.000000 -1.000000
    outer loop
      vertex -104.062500 112.375000 -6.000000
      vertex -104.062500 117.000000 -6.000000
      vertex -100.000000 117.000000 -6.000000
    endloop
  endfacet
  facet normal 0.000000 0.000000 -1.000000
    outer loop
      vertex -104.062500 112.375000 -6.000000
      vertex -100.000000 117.000000 -6.000000
      vertex -100.000000 112.375000 -6.000000
    endloop
  endfacet
  facet normal 0.000000 0.000000 -1.000000
    outer loop
      vertex -87.812500 112.375000 -6.000000
      vertex -87.812500 117.000000 -6.000000
      vertex -83.750000 117.000000 -6.000000
    endloop
  endfacet
  facet normal 0.000000 0.000000 -1.000000
    outer loop
      vertex -87.812500 112.375000 -6.000000
      vertex -83.750000 117.000000 -6.000000
      vertex -83.750000 112.375000 -6.000000
    endloop
  endfacet
  facet normal 0.000000 0.000000 -1.000000
    outer loop
      vertex -79.687500 112.375000 -6.000000
      vertex -79.687500 117.000000 -6.000000
      vertex -75.625000 117.000000 -6.000000
    endloop
  endfacet
  facet normal 0.000000 0.000000 -1.000000
    outer loop
      vertex -79.687500 112.375000 -6.000000
      vertex -75.625000 117.000000 -6.000000
      vertex -75.625000 112.375000 -6.000000
    endloop
  endfacet
  facet normal -0.000000 0.000000 -1.000000
    outer loop
      vertex -73.500000 116.666667 -6.000000
      vertex -73.500000 112.375000 -6.000000
      vertex -75.625000 112.375000 -6.000000
    endloop
  endfacet
  facet normal -0.000000 0.000000 -1.000000
    outer loop
      vertex -73.500000 116.666667 -6.000000
      vertex -75.625000 112.375000 -6.000000
      vertex -75.625000 117.000000 -6.000000
    endloop
  endfacet
  facet normal 0.000000 0.000000 -1.000000
    outer loop
      vertex -75.625000 117.000000 -6.000000
      vertex -73.500000 117.000000 -6.000000
      vertex -73.500000 116.666667 -6.000000
    endloop
  endfacet
  facet normal 0.000000 0.000000 -1.000000
    outer loop
      vertex -83.750000 112.375000 -6.000000
      vertex -83.750000 117.000000 -6.000000
      vertex -79.687500 117.000000 -6.000000
    endloop
  endfacet
  facet normal 0.000000 0.000000 -1.000000
    outer loop
      vertex -83.750000 112.375000 -6.000000
      vertex -79.687500 117.000000 -6.000000
      vertex -79.687500 112.375000 -6.000000
    endloop
  endfacet
  facet normal 0.000000 0.000000 -1.000000
    outer loop
      vertex -95.937500 112.375000 -6.000000
      vertex -95.937500 117.000000 -6.000000
      vertex -91.875000 117.000000 -6.000000
    endloop
  endfacet
  facet normal 0.000000 0.000000 -1.000000
    outer loop
      vertex -95.937500 112.375000 -6.000000
      vertex -91.875000 117.000000 -6.000000
      vertex -91.875000 112.375000 -6.000000
    endloop
  endfacet
  facet normal 0.000000 0.000000 -1.000000
    outer loop
      vertex -91.875000 112.375000 -6.000000
      vertex -91.875000 117.000000 -6.000000
      vertex -87.812500 117.000000 -6.000000
    endloop
  endfacet
  facet normal 0.000000 0.000000 -1.000000
    outer loop
      vertex -91.875000 112.375000 -6.000000
      vertex -87.812500 117.000000 -6.000000
      vertex -87.812500 112.375000 -6.000000
    endloop
  endfacet
  facet normal 0.000000 0.000000 -1.000000
    outer loop
      vertex -100.000000 112.375000 -6.000000
      vertex -100.000000 117.000000 -6.000000
      vertex -95.937500 117.000000 -6.000000
    endloop
  endfacet
  facet normal 0.000000 0.000000 -1.000000
    outer loop
      vertex -100.000000 112.375000 -6.000000
      vertex -95.937500 117.000000 -6.000000
      vertex -95.937500 112.375000 -6.000000
    endloop
  endfacet
  facet normal 0.000000 0.000000 -1.000000
    outer loop
      vertex -120.312500 112.375000 -6.000000
      vertex -120.312500 117.000000 -6.000000
      vertex -116.250000 117.000000 -6.000000
    endloop
  endfacet
  facet normal 0.000000 0.000000 -1.000000
    outer loop
      vertex -120.312500 112.375000 -6.000000
      vertex -116.250000 117.000000 -6.000000
      vertex -116.250000 112.375000 -6.000000
    endloop
  endfacet
  facet normal 0.000000 0.000000 -1.000000
    outer loop
      vertex -112.187500 112.375000 -6.000000
      vertex -112.187500 117.000000 -6.000000
      vertex -108.125000 117.000000 -6.000000
    endloop
  endfacet
  facet normal 0.000000 0.000000 -1.000000
    outer loop
      vertex -112.187500 112.375000 -6.000000
      vertex -108.125000 117.000000 -6.000000
      vertex -108.125000 112.375000 -6.000000
    endloop
  endfacet
  facet normal 0.000000 0.000000 -1.000000
    outer loop
      vertex -108.125000 112.375000 -6.000000
      vertex -108.125000 117.000000 -6.000000
      vertex -104.062500 117.000000 -6.000000
    endloop
  endfacet
  facet normal 0.000000 0.000000 -1.000000
    outer loop
      vertex -108.125000 112.375000 -6.000000
      vertex -104.062500 117.000000 -6.000000
      vertex -104.062500 112.375000 -6.000000
    endloop
  endfacet
  facet normal 0.000000 0.000000 -1.000000
    outer loop
      vertex -116.250000 112.375000 -6.000000
      vertex -116.250000 117.000000 -6.000000
      vertex -112.187500 117.000000 -6.000000
    endloop
  endfacet
  facet normal 0.000000 0.000000 -1.000000
    outer loop
      vertex -116.250000 112.375000 -6.000000
      vertex -112.187500 117.000000 -6.000000
      vertex -112.187500 112.375000 -6.000000
    endloop
  endfacet
  facet normal 0.000000 0.000000 -1.000000
    outer loop
      vertex -124.375000 112.375000 -6.000000
      vertex -126.500000 112.375000 -6.000000
      vertex -126.500000 113.000000 -6.000000
    endloop
  endfacet
  facet normal 0.000000 0.000000 -1.000000
    outer loop
      vertex -126.500000 113.000000 -6.000000
      vertex -126.500000 117.000000 -6.000000
      vertex -124.375000 117.000000 -6.000000
    endloop
  endfacet
  facet normal 0.000000 -0.000000 -1.000000
    outer loop
      vertex -124.375000 117.000000 -6.000000
      vertex -124.375000 112.375000 -6.000000
      vertex -126.500000 113.000000 -6.000000
    endloop
  endfacet
  facet normal 0.000000 0.000000 -1.000000
    outer loop
      vertex -124.375000 112.375000 -6.000000
      vertex -124.375000 117.000000 -6.000000
      vertex -120.312500 117.000000 -6.000000
    endloop
  endfacet
  facet normal 0.000000 0.000000 -1.000000
    outer loop
      vertex -124.375000 112.375000 -6.000000
      vertex -120.312500 117.000000 -6.000000
      vertex -120.312500 112.375000 -6.000000
    endloop
  endfacet
  facet normal 0.000000 0.000000 -1.000000
    outer loop
      vertex -104.062500 117.000000 -6.000000
      vertex -104.062500 121.625000 -6.000000
      vertex -100.000000 121.625000 -6.000000
    endloop
  endfacet
  facet normal 0.000000 0.000000 -1.000000
    outer loop
      vertex -104.062500 117.000000 -6.000000
      vertex -100.000000 121.625000 -6.000000
      vertex -100.000000 117.000000 -6.000000
    endloop
  endfacet
  facet normal 0.000000 0.000000 -1.000000
    outer loop
      vertex -87.812500 117.000000 -6.000000
      vertex -87.812500 121.625000 -6.000000
      vertex -83.750000 121.625000 -6.000000
    endloop
  endfacet
  facet normal 0.000000 0.000000 -1.000000
    outer loop
      vertex -87.812500 117.000000 -6.000000
      vertex -83.750000 121.625000 -6.000000
      vertex -83.750000 117.000000 -6.000000
    endloop
  endfacet
  facet normal 0.000000 0.000000 -1.000000
    outer loop
      vertex -79.687500 117.000000 -6.000000
      vertex -79.687500 121.625000 -6.000000
      vertex -75.625000 121.625000 -6.000000
    endloop
  endfacet
  facet normal 0.000000 0.000000 -1.000000
    outer loop
      vertex -79.687500 117.000000 -6.000000
      vertex -75.625000 121.625000 -6.000000
      vertex -75.625000 117.000000 -6.000000
    endloop
  endfacet
  facet normal 0.000000 0.000000 -1.000000
    outer loop
      vertex -75.625000 121.625000 -6.000000
      vertex -73.500000 121.625000 -6.000000
      vertex -73.500000 121.000000 -6.000000
    endloop
  endfacet
  facet normal 0.000000 0.000000 -1.000000
    outer loop
      vertex -73.500000 121.000000 -6.000000
      vertex -73.500000 117.000000 -6.000000
      vertex -75.625000 117.000000 -6.000000
    endloop
  endfacet
  facet normal 0.000000 0.000000 -1.000000
    outer loop
      vertex -75.625000 117.000000 -6.000000
      vertex -75.625000 121.625000 -6.000000
      vertex -73.500000 121.000000 -6.000000
    endloop
  endfacet
  facet normal 0.000000 0.000000 -1.000000
    outer loop
      vertex -83.750000 117.000000 -6.000000
      vertex -83.750000 121.625000 -6.000000
      vertex -79.687500 121.625000 -6.000000
    endloop
  endfacet
  facet normal 0.000000 0.000000 -1.000000
    outer loop
      vertex -83.750000 117.000000 -6.000000
      vertex -79.687500 121.625000 -6.000000
      vertex -79.687500 117.000000 -6.000000
    endloop
  endfacet
  facet normal 0.000000 0.000000 -1.000000
    outer loop
      vertex -95.937500 117.000000 -6.000000
      vertex -95.937500 121.625000 -6.000000
      vertex -91.875000 121.625000 -6.000000
    endloop
  endfacet
  facet normal 0.000000 0.000000 -1.000000
    outer loop
      vertex -95.937500 117.000000 -6.000000
      vertex -91.875000 121.625000 -6.000000
      vertex -91.875000 117.000000 -6.000000
    endloop
  endfacet
  facet normal 0.000000 0.000000 -1.000000
    outer loop
      vertex -91.875000 117.000000 -6.000000
      vertex -91.875000 121.625000 -6.000000
      vertex -87.812500 121.625000 -6.000000
    endloop
  endfacet
  facet normal 0.000000 0.000000 -1.000000
    outer loop
      vertex -91.875000 117.000000 -6.000000
      vertex -87.812500 121.625000 -6.000000
      vertex -87.812500 117.000000 -6.000000
    endloop
  endfacet
  facet normal 0.000000 0.000000 -1.000000
    outer loop
      vertex -100.000000 117.000000 -6.000000
      vertex -100.000000 121.625000 -6.000000
      vertex -95.937500 121.625000 -6.000000
    endloop
  endfacet
  facet normal 0.000000 0.000000 -1.000000
    outer loop
      vertex -100.000000 117.000000 -6.000000
      vertex -95.937500 121.625000 -6.000000
      vertex -95.937500 117.000000 -6.000000
    endloop
  endfacet
  facet normal 0.000000 0.000000 -1.000000
    outer loop
      vertex -120.312500 117.000000 -6.000000
      vertex -120.312500 121.625000 -6.000000
      vertex -116.250000 121.625000 -6.000000
    endloop
  endfacet
  facet normal 0.000000 0.000000 -1.000000
    outer loop
      vertex -120.312500 117.000000 -6.000000
      vertex -116.250000 121.625000 -6.000000
      vertex -116.250000 117.000000 -6.000000
    endloop
  endfacet
  facet normal 0.000000 0.000000 -1.000000
    outer loop
      vertex -112.187500 117.000000 -6.000000
      vertex -112.187500 121.625000 -6.000000
      vertex -108.125000 121.625000 -6.000000
    endloop
  endfacet
  facet normal 0.000000 0.000000 -1.000000
    outer loop
      vertex -112.187500 117.000000 -6.000000
      vertex -108.125000 121.625000 -6.000000
      vertex -108.125000 117.000000 -6.000000
    endloop
  endfacet
  facet normal 0.000000 0.000000 -1.000000
    outer loop
      vertex -108.125000 117.000000 -6.000000
      vertex -108.125000 121.625000 -6.000000
      vertex -104.062500 121.625000 -6.000000
    endloop
  endfacet
  facet normal 0.000000 0.000000 -1.000000
    outer loop
      vertex -108.125000 117.000000 -6.000000
      vertex -104.062500 121.625000 -6.000000
      vertex -104.062500 117.000000 -6.000000
    endloop
  endfacet
  facet normal 0.000000 0.000000 -1.000000
    outer loop
      vertex -116.250000 117.000000 -6.000000
      vertex -116.250000 121.625000 -6.000000
      vertex -112.187500 121.625000 -6.000000
    endloop
  endfacet
  facet normal 0.000000 0.000000 -1.000000
    outer loop
      vertex -116.250000 117.000000 -6.000000
      vertex -112.187500 121.625000 -6.000000
      vertex -112.187500 117.000000 -6.000000
    endloop
  endfacet
  facet normal 0.000000 0.000000 -1.000000
    outer loop
      vertex -126.500000 117.333333 -6.000000
      vertex -126.500000 121.625000 -6.000000
      vertex -124.375000 121.625000 -6.000000
    endloop
  endfacet
  facet normal 0.000000 0.000000 -1.000000
    outer loop
      vertex -126.500000 117.333333 -6.000000
      vertex -124.375000 121.625000 -6.000000
      vertex -124.375000 117.000000 -6.000000
    endloop
  endfacet
  facet normal 0.000000 -0.000000 -1.000000
    outer loop
      vertex -124.375000 117.000000 -6.000000
      vertex -126.500000 117.000000 -6.000000
      vertex -126.500000 117.333333 -6.000000
    endloop
  endfacet
  facet normal 0.000000 0.000000 -1.000000
    outer loop
      vertex -124.375000 117.000000 -6.000000
      vertex -124.375000 121.625000 -6.000000
      vertex -120.312500 121.625000 -6.000000
    endloop
  endfacet
  facet normal 0.000000 0.000000 -1.000000
    outer loop
      vertex -124.375000 117.000000 -6.000000
      vertex -120.312500 121.625000 -6.000000
      vertex -120.312500 117.000000 -6.000000
    endloop
  endfacet
  facet normal 0.000000 0.000000 -1.000000
    outer loop
      vertex -104.062500 121.625000 -6.000000
      vertex -104.062500 126.250000 -6.000000
      vertex -100.000000 126.250000 -6.000000
    endloop
  endfacet
  facet normal 0.000000 0.000000 -1.000000
    outer loop
      vertex -104.062500 121.625000 -6.000000
      vertex -100.000000 126.250000 -6.000000
      vertex -100.000000 121.625000 -6.000000
    endloop
  endfacet
  facet normal 0.000000 0.000000 -1.000000
    outer loop
      vertex -87.812500 121.625000 -6.000000
      vertex -87.812500 126.250000 -6.000000
      vertex -83.750000 126.250000 -6.000000
    endloop
  endfacet
  facet normal 0.000000 0.000000 -1.000000
    outer loop
      vertex -87.812500 121.625000 -6.000000
      vertex -83.750000 126.250000 -6.000000
      vertex -83.750000 121.625000 -6.000000
    endloop
  endfacet
  facet normal 0.000000 0.000000 -1.000000
    outer loop
      vertex -79.687500 121.625000 -6.000000
      vertex -79.687500 126.250000 -6.000000
      vertex -75.625000 126.250000 -6.000000
    endloop
  endfacet
  facet normal 0.000000 0.000000 -1.000000
    outer loop
      vertex -79.687500 121.625000 -6.000000
      vertex -75.625000 126.250000 -6.000000
      vertex -75.625000 121.625000 -6.000000
    endloop
  endfacet
  facet normal 0.000000 0.000000 -1.000000
    outer loop
      vertex -75.625000 126.250000 -6.000000
      vertex -73.500000 126.250000 -6.000000
      vertex -73.500000 125.333333 -6.000000
    endloop
  endfacet
  facet normal 0.000000 0.000000 -1.000000
    outer loop
      vertex -73.500000 125.333333 -6.000000
      vertex -73.500000 121.625000 -6.000000
      vertex -75.625000 121.625000 -6.000000
    endloop
  endfacet
  facet normal 0.000000 0.000000 -1.000000
    outer loop
      vertex -75.625000 121.625000 -6.000000
      vertex -75.625000 126.250000 -6.000000
      vertex -73.500000 125.333333 -6.000000
    endloop
  endfacet
  facet normal 0.000000 0.000000 -1.000000
    outer loop
      vertex -83.750000 121.625000 -6.000000
      vertex -83.750000 126.250000 -6.000000
      vertex -79.687500 126.250000 -6.000000
    endloop
  endfacet
  facet normal 0.000000 0.000000 -1.000000
    outer loop
      vertex -83.750000 121.625000 -6.000000
      vertex -79.687500 126.250000 -6.000000
      vertex -79.687500 121.625000 -6.000000
    endloop
  endfacet
  facet normal 0.000000 0.000000 -1.000000
    outer loop
      vertex -95.937500 121.625000 -6.000000
      vertex -95.937500 126.250000 -6.000000
      vertex -91.875000 126.250000 -6.000000
    endloop
  endfacet
  facet normal 0.000000 0.000000 -1.000000
    outer loop
      vertex -95.937500 121.625000 -6.000000
      vertex -91.875000 126.250000 -6.000000
      vertex -91.875000 121.625000 -6.000000
    endloop
  endfacet
  facet normal 0.000000 0.000000 -1.000000
    outer loop
      vertex -91.875000 121.625000 -6.000000
      vertex -91.875000 126.250000 -6.000000
      vertex -87.812500 126.250000 -6.000000
    endloop
  endfacet
  facet normal 0.000000 0.000000 -1.000000
    outer loop
      vertex -91.875000 121.625000 -6.000000
      vertex -87.812500 126.250000 -6.000000
      vertex -87.812500 121.625000 -6.000000
    endloop
  endfacet
  facet normal 0.000000 0.000000 -1.000000
    outer loop
      vertex -100.000000 121.625000 -6.000000
      vertex -100.000000 126.250000 -6.000000
      vertex -95.937500 126.250000 -6.000000
    endloop
  endfacet
  facet normal 0.000000 0.000000 -1.000000
    outer loop
      vertex -100.000000 121.625000 -6.000000
      vertex -95.937500 126.250000 -6.000000
      vertex -95.937500 121.625000 -6.000000
    endloop
  endfacet
  facet normal 0.000000 0.000000 -1.000000
    outer loop
      vertex -120.312500 121.625000 -6.000000
      vertex -120.312500 126.250000 -6.000000
      vertex -116.250000 126.250000 -6.000000
    endloop
  endfacet
  facet normal 0.000000 0.000000 -1.000000
    outer loop
      vertex -120.312500 121.625000 -6.000000
      vertex -116.250000 126.250000 -6.000000
      vertex -116.250000 121.625000 -6.000000
    endloop
  endfacet
  facet normal 0.000000 0.000000 -1.000000
    outer loop
      vertex -112.187500 121.625000 -6.000000
      vertex -112.187500 126.250000 -6.000000
      vertex -108.125000 126.250000 -6.000000
    endloop
  endfacet
  facet normal 0.000000 0.000000 -1.000000
    outer loop
      vertex -112.187500 121.625000 -6.000000
      vertex -108.125000 126.250000 -6.000000
      vertex -108.125000 121.625000 -6.000000
    endloop
  endfacet
  facet normal 0.000000 0.000000 -1.000000
    outer loop
      vertex -108.125000 121.625000 -6.000000
      vertex -108.125000 126.250000 -6.000000
      vertex -104.062500 126.250000 -6.000000
    endloop
  endfacet
  facet normal 0.000000 0.000000 -1.000000
    outer loop
      vertex -108.125000 121.625000 -6.000000
      vertex -104.062500 126.250000 -6.000000
      vertex -104.062500 121.625000 -6.000000
    endloop
  endfacet
  facet normal 0.000000 0.000000 -1.000000
    outer loop
      vertex -116.250000 121.625000 -6.000000
      vertex -116.250000 126.250000 -6.000000
      vertex -112.187500 126.250000 -6.000000
    endloop
  endfacet
  facet normal 0.000000 0.000000 -1.000000
    outer loop
      vertex -116.250000 121.625000 -6.000000
      vertex -112.187500 126.250000 -6.000000
      vertex -112.187500 121.625000 -6.000000
    endloop
  endfacet
  facet normal 0.000000 0.000000 -1.000000
    outer loop
      vertex -124.375000 126.250000 -6.000000
      vertex -124.375000 121.625000 -6.000000
      vertex -126.500000 121.625000 -6.000000
    endloop
  endfacet
  facet normal 0.000000 0.000000 -1.000000
    outer loop
      vertex -126.512039 126.245051 -6.000000
      vertex -126.512532 126.250004 -6.000000
      vertex -124.375000 126.250000 -6.000000
    endloop
  endfacet
  facet normal -0.000000 0.000000 -1.000000
    outer loop
      vertex -126.503012 126.122681 -6.000000
      vertex -126.512039 126.245051 -6.000000
      vertex -124.375000 126.250000 -6.000000
    endloop
  endfacet
  facet normal 0.000000 -0.000000 -1.000000
    outer loop
      vertex -126.500000 126.000000 -6.000000
      vertex -126.503012 126.122681 -6.000000
      vertex -124.375000 126.250000 -6.000000
    endloop
  endfacet
  facet normal -0.000000 0.000000 -1.000000
    outer loop
      vertex -126.500000 121.666667 -6.000000
      vertex -126.500000 126.000000 -6.000000
      vertex -124.375000 126.250000 -6.000000
    endloop
  endfacet
  facet normal 0.000000 0.000000 -1.000000
    outer loop
      vertex -124.375000 126.250000 -6.000000
      vertex -126.500000 121.625000 -6.000000
      vertex -126.500000 121.666667 -6.000000
    endloop
  endfacet
  facet normal 0.000000 0.000000 -1.000000
    outer loop
      vertex -124.375000 121.625000 -6.000000
      vertex -124.375000 126.250000 -6.000000
      vertex -120.312500 126.250000 -6.000000
    endloop
  endfacet
  facet normal 0.000000 0.000000 -1.000000
    outer loop
      vertex -124.375000 121.625000 -6.000000
      vertex -120.312500 126.250000 -6.000000
      vertex -120.312500 121.625000 -6.000000
    endloop
  endfacet
  facet normal 0.000000 0.000000 -1.000000
    outer loop
      vertex -104.062500 126.250000 -6.000000
      vertex -104.062500 130.875000 -6.000000
      vertex -100.000000 130.875000 -6.000000
    endloop
  endfacet
  facet normal 0.000000 0.000000 -1.000000
    outer loop
      vertex -104.062500 126.250000 -6.000000
      vertex -100.000000 130.875000 -6.000000
      vertex -100.000000 126.250000 -6.000000
    endloop
  endfacet
  facet normal 0.000000 0.000000 -1.000000
    outer loop
      vertex -87.812500 126.250000 -6.000000
      vertex -87.812500 130.875000 -6.000000
      vertex -83.750000 130.875000 -6.000000
    endloop
  endfacet
  facet normal 0.000000 0.000000 -1.000000
    outer loop
      vertex -87.812500 126.250000 -6.000000
      vertex -83.750000 130.875000 -6.000000
      vertex -83.750000 126.250000 -6.000000
    endloop
  endfacet
  facet normal 0.000000 0.000000 -1.000000
    outer loop
      vertex -79.687500 126.250000 -6.000000
      vertex -79.687500 130.875000 -6.000000
      vertex -75.625000 130.875000 -6.000000
    endloop
  endfacet
  facet normal 0.000000 0.000000 -1.000000
    outer loop
      vertex -79.687500 126.250000 -6.000000
      vertex -75.625000 130.875000 -6.000000
      vertex -75.625000 126.250000 -6.000000
    endloop
  endfacet
  facet normal 0.000000 0.000000 -1.000000
    outer loop
      vertex -75.625000 130.875000 -6.000000
      vertex -73.500000 130.875000 -6.000000
      vertex -73.500000 129.666667 -6.000000
    endloop
  endfacet
  facet normal 0.000000 -0.000000 -1.000000
    outer loop
      vertex -73.500000 129.666667 -6.000000
      vertex -73.500000 126.250000 -6.000000
      vertex -75.625000 126.250000 -6.000000
    endloop
  endfacet
  facet normal -0.000000 0.000000 -1.000000
    outer loop
      vertex -75.625000 126.250000 -6.000000
      vertex -75.625000 130.875000 -6.000000
      vertex -73.500000 129.666667 -6.000000
    endloop
  endfacet
  facet normal 0.000000 0.000000 -1.000000
    outer loop
      vertex -83.750000 126.250000 -6.000000
      vertex -83.750000 130.875000 -6.000000
      vertex -79.687500 130.875000 -6.000000
    endloop
  endfacet
  facet normal 0.000000 0.000000 -1.000000
    outer loop
      vertex -83.750000 126.250000 -6.000000
      vertex -79.687500 130.875000 -6.000000
      vertex -79.687500 126.250000 -6.000000
    endloop
  endfacet
  facet normal 0.000000 0.000000 -1.000000
    outer loop
      vertex -95.937500 126.250000 -6.000000
      vertex -95.937500 130.875000 -6.000000
      vertex -91.875000 130.875000 -6.000000
    endloop
  endfacet
  facet normal 0.000000 0.000000 -1.000000
    outer loop
      vertex -95.937500 126.250000 -6.000000
      vertex -91.875000 130.875000 -6.000000
      vertex -91.875000 126.250000 -6.000000
    endloop
  endfacet
  facet normal 0.000000 0.000000 -1.000000
    outer loop
      vertex -91.875000 126.250000 -6.000000
      vertex -91.875000 130.875000 -6.000000
      vertex -87.812500 130.875000 -6.000000
    endloop
  endfacet
  facet normal 0.000000 0.000000 -1.000000
    outer loop
      vertex -91.875000 126.250000 -6.000000
      vertex -87.812500 130.875000 -6.000000
      vertex -87.812500 126.250000 -6.000000
    endloop
  endfacet
  facet normal 0.000000 0.000000 -1.000000
    outer loop
      vertex -100.000000 126.250000 -6.000000
      vertex -100.000000 130.875000 -6.000000
      vertex -95.937500 130.875000 -6.000000
    endloop
  endfacet
  facet normal 0.000000 0.000000 -1.000000
    outer loop
      vertex -100.000000 126.250000 -6.000000
      vertex -95.937500 130.875000 -6.000000
      vertex -95.937500 126.250000 -6.000000
    endloop
  endfacet
  facet normal 0.000000 0.000000 -1.000000
    outer loop
      vertex -120.312500 126.250000 -6.000000
      vertex -120.312500 130.875000 -6.000000
      vertex -116.250000 130.875000 -6.000000
    endloop
  endfacet
  facet normal 0.000000 0.000000 -1.000000
    outer loop
      vertex -120.312500 126.250000 -6.000000
      vertex -116.250000 130.875000 -6.000000
      vertex -116.250000 126.250000 -6.000000
    endloop
  endfacet
  facet normal 0.000000 0.000000 -1.000000
    outer loop
      vertex -112.187500 126.250000 -6.000000
      vertex -112.187500 130.875000 -6.000000
      vertex -108.125000 130.875000 -6.000000
    endloop
  endfacet
  facet normal 0.000000 0.000000 -1.000000
    outer loop
      vertex -112.187500 126.250000 -6.000000
      vertex -108.125000 130.875000 -6.000000
      vertex -108.125000 126.250000 -6.000000
    endloop
  endfacet
  facet normal 0.000000 0.000000 -1.000000
    outer loop
      vertex -108.125000 126.250000 -6.000000
      vertex -108.125000 130.875000 -6.000000
      vertex -104.062500 130.875000 -6.000000
    endloop
  endfacet
  facet normal 0.000000 0.000000 -1.000000
    outer loop
      vertex -108.125000 126.250000 -6.000000
      vertex -104.062500 130.875000 -6.000000
      vertex -104.062500 126.250000 -6.000000
    endloop
  endfacet
  facet normal 0.000000 0.000000 -1.000000
    outer loop
      vertex -116.250000 126.250000 -6.000000
      vertex -116.250000 130.875000 -6.000000
      vertex -112.187500 130.875000 -6.000000
    endloop
  endfacet
  facet normal 0.000000 0.000000 -1.000000
    outer loop
      vertex -116.250000 126.250000 -6.000000
      vertex -112.187500 130.875000 -6.000000
      vertex -112.187500 126.250000 -6.000000
    endloop
  endfacet
  facet normal 0.000000 0.000000 -1.000000
    outer loop
      vertex -128.437490 128.435895 -6.000000
      vertex -128.437500 130.875000 -6.000000
      vertex -124.375000 130.875000 -6.000000
    endloop
  endfacet
  facet normal 0.000000 -0.000000 -1.000000
    outer loop
      vertex -124.375000 130.875000 -6.000000
      vertex -124.375000 126.250000 -6.000000
      vertex -126.512532 126.250004 -6.000000
    endloop
  endfacet
  facet normal 0.000000 -0.000000 -1.000000
    outer loop
      vertex -128.392544 128.425077 -6.000000
      vertex -128.437490 128.435895 -6.000000
      vertex -124.375000 130.875000 -6.000000
    endloop
  endfacet
  facet normal -0.000000 -0.000000 -1.000000
    outer loop
      vertex -128.274282 128.392349 -6.000000
      vertex -128.392544 128.425077 -6.000000
      vertex -124.375000 130.875000 -6.000000
    endloop
  endfacet
  facet normal -0.000000 0.000000 -1.000000
    outer loop
      vertex -128.157769 128.353858 -6.000000
      vertex -128.274282 128.392349 -6.000000
      vertex -124.375000 130.875000 -6.000000
    endloop
  endfacet
  facet normal 0.000000 -0.000000 -1.000000
    outer loop
      vertex -128.043287 128.309697 -6.000000
      vertex -128.157769 128.353858 -6.000000
      vertex -124.375000 130.875000 -6.000000
    endloop
  endfacet
  facet normal -0.000000 0.000000 -1.000000
    outer loop
      vertex -127.931109 128.259972 -6.000000
      vertex -128.043287 128.309697 -6.000000
      vertex -124.375000 130.875000 -6.000000
    endloop
  endfacet
  facet normal 0.000000 -0.000000 -1.000000
    outer loop
      vertex -127.821507 128.204803 -6.000000
      vertex -127.931109 128.259972 -6.000000
      vertex -124.375000 130.875000 -6.000000
    endloop
  endfacet
  facet normal -0.000000 -0.000000 -1.000000
    outer loop
      vertex -127.714743 128.144321 -6.000000
      vertex -127.821507 128.204803 -6.000000
      vertex -124.375000 130.875000 -6.000000
    endloop
  endfacet
  facet normal -0.000000 0.000000 -1.000000
    outer loop
      vertex -127.611073 128.078673 -6.000000
      vertex -127.714743 128.144321 -6.000000
      vertex -124.375000 130.875000 -6.000000
    endloop
  endfacet
  facet normal 0.000000 0.000000 -1.000000
    outer loop
      vertex -127.510749 128.008017 -6.000000
      vertex -127.611073 128.078673 -6.000000
      vertex -124.375000 130.875000 -6.000000
    endloop
  endfacet
  facet normal 0.000000 0.000000 -1.000000
    outer loop
      vertex -127.414015 127.932525 -6.000000
      vertex -127.510749 128.008017 -6.000000
      vertex -124.375000 130.875000 -6.000000
    endloop
  endfacet
  facet normal 0.000000 -0.000000 -1.000000
    outer loop
      vertex -127.321102 127.852378 -6.000000
      vertex -127.414015 127.932525 -6.000000
      vertex -124.375000 130.875000 -6.000000
    endloop
  endfacet
  facet normal -0.000000 0.000000 -1.000000
    outer loop
      vertex -127.232233 127.767767 -6.000000
      vertex -127.321102 127.852378 -6.000000
      vertex -124.375000 130.875000 -6.000000
    endloop
  endfacet
  facet normal 0.000000 -0.000000 -1.000000
    outer loop
      vertex -127.147622 127.678898 -6.000000
      vertex -127.232233 127.767767 -6.000000
      vertex -124.375000 130.875000 -6.000000
    endloop
  endfacet
  facet normal -0.000000 0.000000 -1.000000
    outer loop
      vertex -127.067475 127.585985 -6.000000
      vertex -127.147622 127.678898 -6.000000
      vertex -124.375000 130.875000 -6.000000
    endloop
  endfacet
  facet normal 0.000000 0.000000 -1.000000
    outer loop
      vertex -126.991983 127.489251 -6.000000
      vertex -127.067475 127.585985 -6.000000
      vertex -124.375000 130.875000 -6.000000
    endloop
  endfacet
  facet normal 0.000000 0.000000 -1.000000
    outer loop
      vertex -126.921327 127.388927 -6.000000
      vertex -126.991983 127.489251 -6.000000
      vertex -124.375000 130.875000 -6.000000
    endloop
  endfacet
  facet normal 0.000000 -0.000000 -1.000000
    outer loop
      vertex -126.855679 127.285257 -6.000000
      vertex -126.921327 127.388927 -6.000000
      vertex -124.375000 130.875000 -6.000000
    endloop
  endfacet
  facet normal -0.000000 -0.000000 -1.000000
    outer loop
      vertex -126.795197 127.178493 -6.000000
      vertex -126.855679 127.285257 -6.000000
      vertex -124.375000 130.875000 -6.000000
    endloop
  endfacet
  facet normal -0.000000 0.000000 -1.000000
    outer loop
      vertex -126.740028 127.068891 -6.000000
      vertex -126.795197 127.178493 -6.000000
      vertex -124.375000 130.875000 -6.000000
    endloop
  endfacet
  facet normal 0.000000 -0.000000 -1.000000
    outer loop
      vertex -126.690303 126.956713 -6.000000
      vertex -126.740028 127.068891 -6.000000
      vertex -124.375000 130.875000 -6.000000
    endloop
  endfacet
  facet normal -0.000000 0.000000 -1.000000
    outer loop
      vertex -126.646142 126.842231 -6.000000
      vertex -126.690303 126.956713 -6.000000
      vertex -124.375000 130.875000 -6.000000
    endloop
  endfacet
  facet normal 0.000000 -0.000000 -1.000000
    outer loop
      vertex -126.607651 126.725718 -6.000000
      vertex -126.646142 126.842231 -6.000000
      vertex -124.375000 130.875000 -6.000000
    endloop
  endfacet
  facet normal -0.000000 -0.000000 -1.000000
    outer loop
      vertex -126.574923 126.607456 -6.000000
      vertex -126.607651 126.725718 -6.000000
      vertex -124.375000 130.875000 -6.000000
    endloop
  endfacet
  facet normal -0.000000 -0.000000 -1.000000
    outer loop
      vertex -126.548037 126.487729 -6.000000
      vertex -126.574923 126.607456 -6.000000
      vertex -124.375000 130.875000 -6.000000
    endloop
  endfacet
  facet normal -0.000000 -0.000000 -1.000000
    outer loop
      vertex -126.527059 126.366827 -6.000000
      vertex -126.548037 126.487729 -6.000000
      vertex -124.375000 130.875000 -6.000000
    endloop
  endfacet
  facet normal -0.000000 0.000000 -1.000000
    outer loop
      vertex -124.375000 130.875000 -6.000000
      vertex -126.512532 126.250004 -6.000000
      vertex -126.527059 126.366827 -6.000000
    endloop
  endfacet
  facet normal 0.000000 0.000000 -1.000000
    outer loop
      vertex -124.375000 126.250000 -6.000000
      vertex -124.375000 130.875000 -6.000000
      vertex -120.312500 130.875000 -6.000000
    endloop
  endfacet
  facet normal 0.000000 0.000000 -1.000000
    outer loop
      vertex -124.375000 126.250000 -6.000000
      vertex -120.312500 130.875000 -6.000000
      vertex -120.312500 126.250000 -6.000000
    endloop
  endfacet
  facet normal 0.000000 0.000000 -1.000000
    outer loop
      vertex -132.314268 130.874998 -6.000000
      vertex -128.437500 130.875000 -6.000000
      vertex -128.437490 128.435895 -6.000000
    endloop
  endfacet
  facet normal 0.000000 0.000000 -1.000000
    outer loop
      vertex -132.233576 130.660602 -6.000000
      vertex -132.295401 130.820877 -6.000000
      vertex -132.314268 130.874998 -6.000000
    endloop
  endfacet
  facet normal -0.000000 -0.000000 -1.000000
    outer loop
      vertex -129.171754 128.504217 -6.000000
      vertex -129.343072 128.516855 -6.000000
      vertex -129.513558 128.537882 -6.000000
    endloop
  endfacet
  facet normal -0.000000 -0.000000 -1.000000
    outer loop
      vertex -132.086724 130.350110 -6.000000
      vertex -132.163961 130.503553 -6.000000
      vertex -132.233576 130.660602 -6.000000
    endloop
  endfacet
  facet normal -0.000000 -0.000000 -1.000000
    outer loop
      vertex -130.339398 128.766424 -6.000000
      vertex -130.496447 128.836039 -6.000000
      vertex -130.649890 128.913276 -6.000000
    endloop
  endfacet
  facet normal -0.000000 -0.000000 -1.000000
    outer loop
      vertex -131.084951 129.188776 -6.000000
      vertex -131.220379 129.294465 -6.000000
      vertex -131.350457 129.406671 -6.000000
    endloop
  endfacet
  facet normal -0.000000 -0.000000 -1.000000
    outer loop
      vertex -131.593329 129.649543 -6.000000
      vertex -131.705535 129.779621 -6.000000
      vertex -131.811224 129.915049 -6.000000
    endloop
  endfacet
  facet normal 0.000000 0.000000 -1.000000
    outer loop
      vertex -130.016005 128.650712 -6.000000
      vertex -130.179123 128.704599 -6.000000
      vertex -130.339398 128.766424 -6.000000
    endloop
  endfacet
  facet normal 0.000000 0.000000 -1.000000
    outer loop
      vertex -131.350457 129.406671 -6.000000
      vertex -131.474874 129.525126 -6.000000
      vertex -131.593329 129.649543 -6.000000
    endloop
  endfacet
  facet normal -0.000000 -0.000000 -1.000000
    outer loop
      vertex -130.649890 128.913276 -6.000000
      vertex -130.799360 128.997950 -6.000000
      vertex -130.944498 129.089858 -6.000000
    endloop
  endfacet
  facet normal -0.000000 -0.000000 -1.000000
    outer loop
      vertex -131.910142 130.055502 -6.000000
      vertex -132.002050 130.200640 -6.000000
      vertex -132.086724 130.350110 -6.000000
    endloop
  endfacet
  facet normal 0.000000 0.000000 -1.000000
    outer loop
      vertex -129.682821 128.567252 -6.000000
      vertex -129.850439 128.604893 -6.000000
      vertex -130.016005 128.650712 -6.000000
    endloop
  endfacet
  facet normal -0.000000 -0.000000 -1.000000
    outer loop
      vertex -129.171754 128.504217 -6.000000
      vertex -129.513558 128.537882 -6.000000
      vertex -129.682821 128.567252 -6.000000
    endloop
  endfacet
  facet normal 0.000000 0.000000 -1.000000
    outer loop
      vertex -130.944498 129.089858 -6.000000
      vertex -131.084951 129.188776 -6.000000
      vertex -131.350457 129.406671 -6.000000
    endloop
  endfacet
  facet normal 0.000000 0.000000 -1.000000
    outer loop
      vertex -131.593329 129.649543 -6.000000
      vertex -131.811224 129.915049 -6.000000
      vertex -131.910142 130.055502 -6.000000
    endloop
  endfacet
  facet normal -0.000000 -0.000000 -1.000000
    outer loop
      vertex -132.086724 130.350110 -6.000000
      vertex -132.233576 130.660602 -6.000000
      vertex -132.314268 130.874998 -6.000000
    endloop
  endfacet
  facet normal 0.000000 0.000000 -1.000000
    outer loop
      vertex -129.000000 128.500000 -6.000000
      vertex -129.171754 128.504217 -6.000000
      vertex -129.682821 128.567252 -6.000000
    endloop
  endfacet
  facet normal 0.000000 0.000000 -1.000000
    outer loop
      vertex -130.016005 128.650712 -6.000000
      vertex -130.339398 128.766424 -6.000000
      vertex -130.649890 128.913276 -6.000000
    endloop
  endfacet
  facet normal 0.000000 0.000000 -1.000000
    outer loop
      vertex -128.877319 128.496988 -6.000000
      vertex -129.000000 128.500000 -6.000000
      vertex -129.682821 128.567252 -6.000000
    endloop
  endfacet
  facet normal -0.000000 -0.000000 -1.000000
    outer loop
      vertex -130.944498 129.089858 -6.000000
      vertex -131.350457 129.406671 -6.000000
      vertex -131.593329 129.649543 -6.000000
    endloop
  endfacet
  facet normal 0.000000 0.000000 -1.000000
    outer loop
      vertex -131.593329 129.649543 -6.000000
      vertex -131.910142 130.055502 -6.000000
      vertex -132.086724 130.350110 -6.000000
    endloop
  endfacet
  facet normal -0.000000 -0.000000 -1.000000
    outer loop
      vertex -128.754949 128.487961 -6.000000
      vertex -128.877319 128.496988 -6.000000
      vertex -129.682821 128.567252 -6.000000
    endloop
  endfacet
  facet normal 0.000000 0.000000 -1.000000
    outer loop
      vertex -130.016005 128.650712 -6.000000
      vertex -130.649890 128.913276 -6.000000
      vertex -130.944498 129.089858 -6.000000
    endloop
  endfacet
  facet normal 0.000000 0.000000 -1.000000
    outer loop
      vertex -128.754949 128.487961 -6.000000
      vertex -129.682821 128.567252 -6.000000
      vertex -130.016005 128.650712 -6.000000
    endloop
  endfacet
  facet normal -0.000000 -0.000000 -1.000000
    outer loop
      vertex -128.633173 128.472941 -6.000000
      vertex -128.754949 128.487961 -6.000000
      vertex -130.016005 128.650712 -6.000000
    endloop
  endfacet
  facet normal 0.000000 0.000000 -1.000000
    outer loop
      vertex -131.593329 129.649543 -6.000000
      vertex -132.086724 130.350110 -6.000000
      vertex -132.314268 130.874998 -6.000000
    endloop
  endfacet
  facet normal 0.000000 0.000000 -1.000000
    outer loop
      vertex -131.593329 129.649543 -6.000000
      vertex -132.314268 130.874998 -6.000000
      vertex -128.437490 128.435895 -6.000000
    endloop
  endfacet
  facet normal 0.000000 0.000000 -1.000000
    outer loop
      vertex -130.016005 128.650712 -6.000000
      vertex -130.944498 129.089858 -6.000000
      vertex -131.593329 129.649543 -6.000000
    endloop
  endfacet
  facet normal -0.000000 -0.000000 -1.000000
    outer loop
      vertex -128.633173 128.472941 -6.000000
      vertex -130.016005 128.650712 -6.000000
      vertex -131.593329 129.649543 -6.000000
    endloop
  endfacet
  facet normal 0.000000 0.000000 -1.000000
    outer loop
      vertex -128.512271 128.451963 -6.000000
      vertex -128.633173 128.472941 -6.000000
      vertex -131.593329 129.649543 -6.000000
    endloop
  endfacet
  facet normal -0.000000 -0.000000 -1.000000
    outer loop
      vertex -128.437490 128.435895 -6.000000
      vertex -128.512271 128.451963 -6.000000
      vertex -131.593329 129.649543 -6.000000
    endloop
  endfacet
  facet normal 0.000000 0.000000 -1.000000
    outer loop
      vertex -102.000000 135.500000 -6.000000
      vertex -100.000000 135.500000 -6.000000
      vertex -100.000000 130.875000 -6.000000
    endloop
  endfacet
  facet normal 0.000000 0.000000 -1.000000
    outer loop
      vertex -104.062500 130.875000 -6.000000
      vertex -104.062500 135.500000 -6.000000
      vertex -102.000000 135.500000 -6.000000
    endloop
  endfacet
  facet normal 0.000000 0.000000 -1.000000
    outer loop
      vertex -100.000000 130.875000 -6.000000
      vertex -104.062500 130.875000 -6.000000
      vertex -102.000000 135.500000 -6.000000
    endloop
  endfacet
  facet normal 0.000000 0.000000 -1.000000
    outer loop
      vertex -85.125000 135.500000 -6.000000
      vertex -83.750000 135.500000 -6.000000
      vertex -83.750000 130.875000 -6.000000
    endloop
  endfacet
  facet normal 0.000000 0.000000 -1.000000
    outer loop
      vertex -87.812500 130.875000 -6.000000
      vertex -87.812500 135.500000 -6.000000
      vertex -85.125000 135.500000 -6.000000
    endloop
  endfacet
  facet normal 0.000000 0.000000 -1.000000
    outer loop
      vertex -83.750000 130.875000 -6.000000
      vertex -87.812500 130.875000 -6.000000
      vertex -85.125000 135.500000 -6.000000
    endloop
  endfacet
  facet normal 0.000000 0.000000 -1.000000
    outer loop
      vertex -79.687500 130.875000 -6.000000
      vertex -79.687500 135.500000 -6.000000
      vertex -78.375000 135.500000 -6.000000
    endloop
  endfacet
  facet normal 0.000000 0.000000 -1.000000
    outer loop
      vertex -78.375000 135.500000 -6.000000
      vertex -75.625000 135.500000 -6.000000
      vertex -75.625000 130.875000 -6.000000
    endloop
  endfacet
  facet normal 0.000000 0.000000 -1.000000
    outer loop
      vertex -75.625000 130.875000 -6.000000
      vertex -79.687500 130.875000 -6.000000
      vertex -78.375000 135.500000 -6.000000
    endloop
  endfacet
  facet normal 0.000000 0.000000 -1.000000
    outer loop
      vertex -73.500000 134.000000 -6.000000
      vertex -73.500000 130.875000 -6.000000
      vertex -75.625000 130.875000 -6.000000
    endloop
  endfacet
  facet normal -0.000000 0.000000 -1.000000
    outer loop
      vertex -73.500000 134.000000 -6.000000
      vertex -75.625000 130.875000 -6.000000
      vertex -75.625000 135.500000 -6.000000
    endloop
  endfacet
  facet normal -0.000000 -0.000000 -1.000000
    outer loop
      vertex -73.752796 134.833356 -6.000000
      vertex -73.700963 134.750002 -6.000000
      vertex -73.654693 134.663437 -6.000000
    endloop
  endfacet
  facet normal 0.000000 0.000000 -1.000000
    outer loop
      vertex -74.336563 135.345307 -6.000000
      vertex -74.249998 135.299037 -6.000000
      vertex -74.166644 135.247204 -6.000000
    endloop
  endfacet
  facet normal -0.000000 -0.000000 -1.000000
    outer loop
      vertex -74.611766 135.448887 -6.000000
      vertex -74.517841 135.420395 -6.000000
      vertex -74.425972 135.385818 -6.000000
    endloop
  endfacet
  facet normal -0.000000 -0.000000 -1.000000
    outer loop
      vertex -73.614182 134.574028 -6.000000
      vertex -73.579605 134.482159 -6.000000
      vertex -73.551113 134.388234 -6.000000
    endloop
  endfacet
  facet normal 0.000000 0.000000 -1.000000
    outer loop
      vertex -73.551113 134.388234 -6.000000
      vertex -73.528822 134.292637 -6.000000
      vertex -73.512834 134.195797 -6.000000
    endloop
  endfacet
  facet normal 0.000000 0.000000 -1.000000
    outer loop
      vertex -74.804203 135.487166 -6.000000
      vertex -74.707363 135.471178 -6.000000
      vertex -74.611766 135.448887 -6.000000
    endloop
  endfacet
  facet normal -0.000000 -0.000000 -1.000000
    outer loop
      vertex -74.166644 135.247204 -6.000000
      vertex -74.086857 135.190030 -6.000000
      vertex -74.010981 135.127760 -6.000000
    endloop
  endfacet
  facet normal 0.000000 0.000000 -1.000000
    outer loop
      vertex -73.872240 134.989019 -6.000000
      vertex -73.809970 134.913143 -6.000000
      vertex -73.752796 134.833356 -6.000000
    endloop
  endfacet
  facet normal -0.000000 -0.000000 -1.000000
    outer loop
      vertex -74.010981 135.127760 -6.000000
      vertex -73.939340 135.060660 -6.000000
      vertex -73.872240 134.989019 -6.000000
    endloop
  endfacet
  facet normal 0.000000 0.000000 -1.000000
    outer loop
      vertex -73.512834 134.195797 -6.000000
      vertex -73.503212 134.098107 -6.000000
      vertex -73.500000 134.000000 -6.000000
    endloop
  endfacet
  facet normal 0.000000 0.000000 -1.000000
    outer loop
      vertex -75.000000 135.500000 -6.000000
      vertex -74.901893 135.496788 -6.000000
      vertex -74.804203 135.487166 -6.000000
    endloop
  endfacet
  facet normal 0.000000 0.000000 -1.000000
    outer loop
      vertex -73.752796 134.833356 -6.000000
      vertex -73.654693 134.663437 -6.000000
      vertex -73.614182 134.574028 -6.000000
    endloop
  endfacet
  facet normal 0.000000 0.000000 -1.000000
    outer loop
      vertex -74.425972 135.385818 -6.000000
      vertex -74.336563 135.345307 -6.000000
      vertex -74.166644 135.247204 -6.000000
    endloop
  endfacet
  facet normal -0.000000 -0.000000 -1.000000
    outer loop
      vertex -74.804203 135.487166 -6.000000
      vertex -74.611766 135.448887 -6.000000
      vertex -74.425972 135.385818 -6.000000
    endloop
  endfacet
  facet normal 0.000000 0.000000 -1.000000
    outer loop
      vertex -73.614182 134.574028 -6.000000
      vertex -73.551113 134.388234 -6.000000
      vertex -73.512834 134.195797 -6.000000
    endloop
  endfacet
  facet normal -0.000000 -0.000000 -1.000000
    outer loop
      vertex -74.166644 135.247204 -6.000000
      vertex -74.010981 135.127760 -6.000000
      vertex -73.872240 134.989019 -6.000000
    endloop
  endfacet
  facet normal 0.000000 0.000000 -1.000000
    outer loop
      vertex -73.872240 134.989019 -6.000000
      vertex -73.752796 134.833356 -6.000000
      vertex -73.614182 134.574028 -6.000000
    endloop
  endfacet
  facet normal 0.000000 0.000000 -1.000000
    outer loop
      vertex -75.000000 135.500000 -6.000000
      vertex -74.804203 135.487166 -6.000000
      vertex -74.425972 135.385818 -6.000000
    endloop
  endfacet
  facet normal 0.000000 0.000000 -1.000000
    outer loop
      vertex -73.614182 134.574028 -6.000000
      vertex -73.512834 134.195797 -6.000000
      vertex -73.500000 134.000000 -6.000000
    endloop
  endfacet
  facet normal -0.000000 -0.000000 -1.000000
    outer loop
      vertex -73.614182 134.574028 -6.000000
      vertex -73.500000 134.000000 -6.000000
      vertex -75.625000 135.500000 -6.000000
    endloop
  endfacet
  facet normal -0.000000 -0.000000 -1.000000
    outer loop
      vertex -74.425972 135.385818 -6.000000
      vertex -74.166644 135.247204 -6.000000
      vertex -73.872240 134.989019 -6.000000
    endloop
  endfacet
  facet normal -0.000000 -0.000000 -1.000000
    outer loop
      vertex -75.000000 135.500000 -6.000000
      vertex -74.425972 135.385818 -6.000000
      vertex -73.872240 134.989019 -6.000000
    endloop
  endfacet
  facet normal 0.000000 0.000000 -1.000000
    outer loop
      vertex -75.000000 135.500000 -6.000000
      vertex -73.872240 134.989019 -6.000000
      vertex -73.614182 134.574028 -6.000000
    endloop
  endfacet
  facet normal 0.000000 0.000000 -1.000000
    outer loop
      vertex -75.625000 135.500000 -6.000000
      vertex -75.000000 135.500000 -6.000000
      vertex -73.614182 134.574028 -6.000000
    endloop
  endfacet
  facet normal 0.000000 0.000000 -1.000000
    outer loop
      vertex -83.750000 130.875000 -6.000000
      vertex -83.750000 135.500000 -6.000000
      vertex -81.750000 135.500000 -6.000000
    endloop
  endfacet
  facet normal 0.000000 0.000000 -1.000000
    outer loop
      vertex -81.750000 135.500000 -6.000000
      vertex -79.687500 135.500000 -6.000000
      vertex -79.687500 130.875000 -6.000000
    endloop
  endfacet
  facet normal 0.000000 0.000000 -1.000000
    outer loop
      vertex -79.687500 130.875000 -6.000000
      vertex -83.750000 130.875000 -6.000000
      vertex -81.750000 135.500000 -6.000000
    endloop
  endfacet
  facet normal 0.000000 0.000000 -1.000000
    outer loop
      vertex -95.250000 135.500000 -6.000000
      vertex -91.875000 135.500000 -6.000000
      vertex -91.875000 130.875000 -6.000000
    endloop
  endfacet
  facet normal 0.000000 -0.000000 -1.000000
    outer loop
      vertex -95.250000 135.500000 -6.000000
      vertex -91.875000 130.875000 -6.000000
      vertex -95.937500 130.875000 -6.000000
    endloop
  endfacet
  facet normal 0.000000 0.000000 -1.000000
    outer loop
      vertex -95.937500 130.875000 -6.000000
      vertex -95.937500 135.500000 -6.000000
      vertex -95.250000 135.500000 -6.000000
    endloop
  endfacet
  facet normal 0.000000 0.000000 -1.000000
    outer loop
      vertex -91.875000 130.875000 -6.000000
      vertex -91.875000 135.500000 -6.000000
      vertex -88.500000 135.500000 -6.000000
    endloop
  endfacet
  facet normal 0.000000 0.000000 -1.000000
    outer loop
      vertex -87.812500 130.875000 -6.000000
      vertex -91.875000 130.875000 -6.000000
      vertex -88.500000 135.500000 -6.000000
    endloop
  endfacet
  facet normal 0.000000 0.000000 -1.000000
    outer loop
      vertex -87.812500 130.875000 -6.000000
      vertex -88.500000 135.500000 -6.000000
      vertex -87.812500 135.500000 -6.000000
    endloop
  endfacet
  facet normal 0.000000 0.000000 -1.000000
    outer loop
      vertex -100.000000 130.875000 -6.000000
      vertex -100.000000 135.500000 -6.000000
      vertex -98.625000 135.500000 -6.000000
    endloop
  endfacet
  facet normal 0.000000 0.000000 -1.000000
    outer loop
      vertex -98.625000 135.500000 -6.000000
      vertex -95.937500 135.500000 -6.000000
      vertex -95.937500 130.875000 -6.000000
    endloop
  endfacet
  facet normal 0.000000 0.000000 -1.000000
    outer loop
      vertex -95.937500 130.875000 -6.000000
      vertex -100.000000 130.875000 -6.000000
      vertex -98.625000 135.500000 -6.000000
    endloop
  endfacet
  facet normal 0.000000 0.000000 -1.000000
    outer loop
      vertex -120.312500 130.875000 -6.000000
      vertex -120.312500 135.500000 -6.000000
      vertex -118.875000 135.500000 -6.000000
    endloop
  endfacet
  facet normal 0.000000 0.000000 -1.000000
    outer loop
      vertex -118.875000 135.500000 -6.000000
      vertex -116.250000 135.500000 -6.000000
      vertex -116.250000 130.875000 -6.000000
    endloop
  endfacet
  facet normal 0.000000 0.000000 -1.000000
    outer loop
      vertex -116.250000 130.875000 -6.000000
      vertex -120.312500 130.875000 -6.000000
      vertex -118.875000 135.500000 -6.000000
    endloop
  endfacet
  facet normal 0.000000 0.000000 -1.000000
    outer loop
      vertex -108.125000 130.875000 -6.000000
      vertex -112.187500 130.875000 -6.000000
      vertex -112.187500 135.500000 -6.000000
    endloop
  endfacet
  facet normal 0.000000 0.000000 -1.000000
    outer loop
      vertex -108.750000 135.500000 -6.000000
      vertex -108.125000 135.500000 -6.000000
      vertex -108.125000 130.875000 -6.000000
    endloop
  endfacet
  facet normal 0.000000 0.000000 -1.000000
    outer loop
      vertex -112.125000 135.500000 -6.000000
      vertex -108.750000 135.500000 -6.000000
      vertex -108.125000 130.875000 -6.000000
    endloop
  endfacet
  facet normal 0.000000 0.000000 -1.000000
    outer loop
      vertex -108.125000 130.875000 -6.000000
      vertex -112.187500 135.500000 -6.000000
      vertex -112.125000 135.500000 -6.000000
    endloop
  endfacet
  facet normal 0.000000 0.000000 -1.000000
    outer loop
      vertex -105.375000 135.500000 -6.000000
      vertex -104.062500 135.500000 -6.000000
      vertex -104.062500 130.875000 -6.000000
    endloop
  endfacet
  facet normal 0.000000 0.000000 -1.000000
    outer loop
      vertex -108.125000 130.875000 -6.000000
      vertex -108.125000 135.500000 -6.000000
      vertex -105.375000 135.500000 -6.000000
    endloop
  endfacet
  facet normal 0.000000 0.000000 -1.000000
    outer loop
      vertex -104.062500 130.875000 -6.000000
      vertex -108.125000 130.875000 -6.000000
      vertex -105.375000 135.500000 -6.000000
    endloop
  endfacet
  facet normal 0.000000 0.000000 -1.000000
    outer loop
      vertex -115.500000 135.500000 -6.000000
      vertex -112.187500 135.500000 -6.000000
      vertex -112.187500 130.875000 -6.000000
    endloop
  endfacet
  facet normal 0.000000 -0.000000 -1.000000
    outer loop
      vertex -115.500000 135.500000 -6.000000
      vertex -112.187500 130.875000 -6.000000
      vertex -116.250000 130.875000 -6.000000
    endloop
  endfacet
  facet normal 0.000000 0.000000 -1.000000
    outer loop
      vertex -116.250000 130.875000 -6.000000
      vertex -116.250000 135.500000 -6.000000
      vertex -115.500000 135.500000 -6.000000
    endloop
  endfacet
  facet normal 0.000000 0.000000 -1.000000
    outer loop
      vertex -128.437497 132.826795 -6.000000
      vertex -128.437500 135.500000 -6.000000
      vertex -125.625000 135.500000 -6.000000
    endloop
  endfacet
  facet normal 0.000000 0.000000 -1.000000
    outer loop
      vertex -128.437497 132.826795 -6.000000
      vertex -125.625000 135.500000 -6.000000
      vertex -124.375000 135.500000 -6.000000
    endloop
  endfacet
  facet normal 0.000000 0.000000 -1.000000
    outer loop
      vertex -128.437497 132.826795 -6.000000
      vertex -124.375000 135.500000 -6.000000
      vertex -124.375000 130.875000 -6.000000
    endloop
  endfacet
  facet normal -0.000000 -0.000000 -1.000000
    outer loop
      vertex -128.437500 130.875000 -6.000000
      vertex -128.437497 131.173205 -6.000000
      vertex -128.430370 131.178099 -6.000000
    endloop
  endfacet
  facet normal 0.000000 -0.000000 -1.000000
    outer loop
      vertex -128.437500 130.875000 -6.000000
      vertex -128.430370 131.178099 -6.000000
      vertex -128.390421 131.207275 -6.000000
    endloop
  endfacet
  facet normal -0.000000 0.000000 -1.000000
    outer loop
      vertex -128.437500 130.875000 -6.000000
      vertex -128.390421 131.207275 -6.000000
      vertex -128.351964 131.238391 -6.000000
    endloop
  endfacet
  facet normal 0.000000 -0.000000 -1.000000
    outer loop
      vertex -128.437500 130.875000 -6.000000
      vertex -128.351964 131.238391 -6.000000
      vertex -128.315092 131.271370 -6.000000
    endloop
  endfacet
  facet normal -0.000000 0.000000 -1.000000
    outer loop
      vertex -128.437500 130.875000 -6.000000
      vertex -128.315092 131.271370 -6.000000
      vertex -128.279897 131.306133 -6.000000
    endloop
  endfacet
  facet normal 0.000000 -0.000000 -1.000000
    outer loop
      vertex -128.437500 130.875000 -6.000000
      vertex -128.279897 131.306133 -6.000000
      vertex -128.246464 131.342593 -6.000000
    endloop
  endfacet
  facet normal -0.000000 0.000000 -1.000000
    outer loop
      vertex -128.437500 130.875000 -6.000000
      vertex -128.246464 131.342593 -6.000000
      vertex -128.214875 131.380663 -6.000000
    endloop
  endfacet
  facet normal -0.000000 0.000000 -1.000000
    outer loop
      vertex -128.437500 130.875000 -6.000000
      vertex -128.214875 131.380663 -6.000000
      vertex -128.185207 131.420248 -6.000000
    endloop
  endfacet
  facet normal 0.000000 0.000000 -1.000000
    outer loop
      vertex -128.437500 130.875000 -6.000000
      vertex -128.185207 131.420248 -6.000000
      vertex -128.157533 131.461252 -6.000000
    endloop
  endfacet
  facet normal 0.000000 0.000000 -1.000000
    outer loop
      vertex -128.437500 130.875000 -6.000000
      vertex -128.157533 131.461252 -6.000000
      vertex -128.131921 131.503573 -6.000000
    endloop
  endfacet
  facet normal 0.000000 0.000000 -1.000000
    outer loop
      vertex -128.437500 130.875000 -6.000000
      vertex -128.131921 131.503573 -6.000000
      vertex -128.108434 131.547109 -6.000000
    endloop
  endfacet
  facet normal 0.000000 0.000000 -1.000000
    outer loop
      vertex -124.375000 130.875000 -6.000000
      vertex -128.437500 130.875000 -6.000000
      vertex -128.108434 131.547109 -6.000000
    endloop
  endfacet
  facet normal -0.000000 -0.000000 -1.000000
    outer loop
      vertex -124.375000 130.875000 -6.000000
      vertex -128.108434 131.547109 -6.000000
      vertex -128.087152 131.591701 -6.000000
    endloop
  endfacet
  facet normal 0.000000 0.000000 -1.000000
    outer loop
      vertex -124.375000 130.875000 -6.000000
      vertex -128.087152 131.591701 -6.000000
      vertex -128.068056 131.637398 -6.000000
    endloop
  endfacet
  facet normal -0.000000 -0.000000 -1.000000
    outer loop
      vertex -124.375000 130.875000 -6.000000
      vertex -128.068056 131.637398 -6.000000
      vertex -128.051264 131.683930 -6.000000
    endloop
  endfacet
  facet normal 0.000000 0.000000 -1.000000
    outer loop
      vertex -124.375000 130.875000 -6.000000
      vertex -128.051264 131.683930 -6.000000
      vertex -128.036794 131.731235 -6.000000
    endloop
  endfacet
  facet normal 0.000000 0.000000 -1.000000
    outer loop
      vertex -124.375000 130.875000 -6.000000
      vertex -128.036794 131.731235 -6.000000
      vertex -128.024681 131.779199 -6.000000
    endloop
  endfacet
  facet normal 0.000000 0.000000 -1.000000
    outer loop
      vertex -124.375000 130.875000 -6.000000
      vertex -128.024681 131.779199 -6.000000
      vertex -128.014955 131.827704 -6.000000
    endloop
  endfacet
  facet normal -0.000000 -0.000000 -1.000000
    outer loop
      vertex -124.375000 130.875000 -6.000000
      vertex -128.014955 131.827704 -6.000000
      vertex -128.007639 131.876630 -6.000000
    endloop
  endfacet
  facet normal 0.000000 0.000000 -1.000000
    outer loop
      vertex -124.375000 130.875000 -6.000000
      vertex -128.007639 131.876630 -6.000000
      vertex -128.002753 131.925853 -6.000000
    endloop
  endfacet
  facet normal 0.000000 0.000000 -1.000000
    outer loop
      vertex -124.375000 130.875000 -6.000000
      vertex -128.002753 131.925853 -6.000000
      vertex -128.000306 131.975263 -6.000000
    endloop
  endfacet
  facet normal -0.000000 -0.000000 -1.000000
    outer loop
      vertex -124.375000 130.875000 -6.000000
      vertex -128.000306 131.975263 -6.000000
      vertex -128.000306 132.024737 -6.000000
    endloop
  endfacet
  facet normal 0.000000 0.000000 -1.000000
    outer loop
      vertex -124.375000 130.875000 -6.000000
      vertex -128.000306 132.024737 -6.000000
      vertex -128.002753 132.074147 -6.000000
    endloop
  endfacet
  facet normal 0.000000 0.000000 -1.000000
    outer loop
      vertex -124.375000 130.875000 -6.000000
      vertex -128.002753 132.074147 -6.000000
      vertex -128.007639 132.123370 -6.000000
    endloop
  endfacet
  facet normal 0.000000 0.000000 -1.000000
    outer loop
      vertex -124.375000 130.875000 -6.000000
      vertex -128.007639 132.123370 -6.000000
      vertex -128.014955 132.172296 -6.000000
    endloop
  endfacet
  facet normal -0.000000 -0.000000 -1.000000
    outer loop
      vertex -124.375000 130.875000 -6.000000
      vertex -128.014955 132.172296 -6.000000
      vertex -128.024681 132.220801 -6.000000
    endloop
  endfacet
  facet normal -0.000000 -0.000000 -1.000000
    outer loop
      vertex -124.375000 130.875000 -6.000000
      vertex -128.024681 132.220801 -6.000000
      vertex -128.036794 132.268765 -6.000000
    endloop
  endfacet
  facet normal 0.000000 0.000000 -1.000000
    outer loop
      vertex -124.375000 130.875000 -6.000000
      vertex -128.036794 132.268765 -6.000000
      vertex -128.051264 132.316070 -6.000000
    endloop
  endfacet
  facet normal -0.000000 -0.000000 -1.000000
    outer loop
      vertex -124.375000 130.875000 -6.000000
      vertex -128.051264 132.316070 -6.000000
      vertex -128.068056 132.362602 -6.000000
    endloop
  endfacet
  facet normal -0.000000 -0.000000 -1.000000
    outer loop
      vertex -124.375000 130.875000 -6.000000
      vertex -128.068056 132.362602 -6.000000
      vertex -128.087152 132.408299 -6.000000
    endloop
  endfacet
  facet normal 0.000000 0.000000 -1.000000
    outer loop
      vertex -124.375000 130.875000 -6.000000
      vertex -128.087152 132.408299 -6.000000
      vertex -128.108434 132.452891 -6.000000
    endloop
  endfacet
  facet normal 0.000000 0.000000 -1.000000
    outer loop
      vertex -124.375000 130.875000 -6.000000
      vertex -128.108434 132.452891 -6.000000
      vertex -128.131921 132.496427 -6.000000
    endloop
  endfacet
  facet normal -0.000000 -0.000000 -1.000000
    outer loop
      vertex -124.375000 130.875000 -6.000000
      vertex -128.131921 132.496427 -6.000000
      vertex -128.157533 132.538748 -6.000000
    endloop
  endfacet
  facet normal 0.000000 0.000000 -1.000000
    outer loop
      vertex -124.375000 130.875000 -6.000000
      vertex -128.157533 132.538748 -6.000000
      vertex -128.185207 132.579752 -6.000000
    endloop
  endfacet
  facet normal 0.000000 0.000000 -1.000000
    outer loop
      vertex -124.375000 130.875000 -6.000000
      vertex -128.185207 132.579752 -6.000000
      vertex -128.214875 132.619337 -6.000000
    endloop
  endfacet
  facet normal 0.000000 0.000000 -1.000000
    outer loop
      vertex -124.375000 130.875000 -6.000000
      vertex -128.214875 132.619337 -6.000000
      vertex -128.246464 132.657407 -6.000000
    endloop
  endfacet
  facet normal 0.000000 0.000000 -1.000000
    outer loop
      vertex -124.375000 130.875000 -6.000000
      vertex -128.246464 132.657407 -6.000000
      vertex -128.279897 132.693867 -6.000000
    endloop
  endfacet
  facet normal 0.000000 0.000000 -1.000000
    outer loop
      vertex -124.375000 130.875000 -6.000000
      vertex -128.279897 132.693867 -6.000000
      vertex -128.315092 132.728630 -6.000000
    endloop
  endfacet
  facet normal -0.000000 -0.000000 -1.000000
    outer loop
      vertex -124.375000 130.875000 -6.000000
      vertex -128.315092 132.728630 -6.000000
      vertex -128.351964 132.761609 -6.000000
    endloop
  endfacet
  facet normal -0.000000 -0.000000 -1.000000
    outer loop
      vertex -124.375000 130.875000 -6.000000
      vertex -128.351964 132.761609 -6.000000
      vertex -128.390421 132.792725 -6.000000
    endloop
  endfacet
  facet normal 0.000000 0.000000 -1.000000
    outer loop
      vertex -124.375000 130.875000 -6.000000
      vertex -128.390421 132.792725 -6.000000
      vertex -128.430370 132.821901 -6.000000
    endloop
  endfacet
  facet normal 0.000000 0.000000 -1.000000
    outer loop
      vertex -124.375000 130.875000 -6.000000
      vertex -128.430370 132.821901 -6.000000
      vertex -128.437497 132.826795 -6.000000
    endloop
  endfacet
  facet normal 0.000000 0.000000 -1.000000
    outer loop
      vertex -122.250000 135.500000 -6.000000
      vertex -120.312500 135.500000 -6.000000
      vertex -120.312500 130.875000 -6.000000
    endloop
  endfacet
  facet normal 0.000000 0.000000 -1.000000
    outer loop
      vertex -124.375000 130.875000 -6.000000
      vertex -124.375000 135.500000 -6.000000
      vertex -122.250000 135.500000 -6.000000
    endloop
  endfacet
  facet normal 0.000000 0.000000 -1.000000
    outer loop
      vertex -120.312500 130.875000 -6.000000
      vertex -124.375000 130.875000 -6.000000
      vertex -122.250000 135.500000 -6.000000
    endloop
  endfacet
  facet normal 0.000000 0.000000 -1.000000
    outer loop
      vertex -129.000000 135.500000 -6.000000
      vertex -128.437500 135.500000 -6.000000
      vertex -128.437497 132.826795 -6.000000
    endloop
  endfacet
  facet normal 0.000000 0.000000 -1.000000
    outer loop
      vertex -132.314268 130.874998 -6.000000
      vertex -132.349288 130.983995 -6.000000
      vertex -132.395107 131.149561 -6.000000
    endloop
  endfacet
  facet normal -0.000000 -0.000000 -1.000000
    outer loop
      vertex -128.471712 131.150934 -6.000000
      vertex -128.437497 131.173205 -6.000000
      vertex -128.437500 130.875000 -6.000000
    endloop
  endfacet
  facet normal 0.000000 0.000000 -1.000000
    outer loop
      vertex -128.514347 131.125848 -6.000000
      vertex -128.471712 131.150934 -6.000000
      vertex -128.437500 130.875000 -6.000000
    endloop
  endfacet
  facet normal 0.000000 0.000000 -1.000000
    outer loop
      vertex -128.558171 131.102901 -6.000000
      vertex -128.514347 131.125848 -6.000000
      vertex -128.437500 130.875000 -6.000000
    endloop
  endfacet
  facet normal 0.000000 0.000000 -1.000000
    outer loop
      vertex -128.603147 131.082118 -6.000000
      vertex -128.558171 131.102901 -6.000000
      vertex -128.437500 130.875000 -6.000000
    endloop
  endfacet
  facet normal -0.000000 -0.000000 -1.000000
    outer loop
      vertex -128.648952 131.063642 -6.000000
      vertex -128.603147 131.082118 -6.000000
      vertex -128.437500 130.875000 -6.000000
    endloop
  endfacet
  facet normal 0.000000 0.000000 -1.000000
    outer loop
      vertex -128.695704 131.047422 -6.000000
      vertex -128.648952 131.063642 -6.000000
      vertex -128.437500 130.875000 -6.000000
    endloop
  endfacet
  facet normal -0.000000 0.000000 -1.000000
    outer loop
      vertex -132.495783 132.171754 -6.000000
      vertex -132.483145 132.343072 -6.000000
      vertex -132.462118 132.513558 -6.000000
    endloop
  endfacet
  facet normal -0.000000 -0.000000 -1.000000
    outer loop
      vertex -132.462118 131.486442 -6.000000
      vertex -132.483145 131.656928 -6.000000
      vertex -132.495783 131.828246 -6.000000
    endloop
  endfacet
  facet normal -0.000000 0.000000 -1.000000
    outer loop
      vertex -129.513558 135.462118 -6.000000
      vertex -129.343072 135.483145 -6.000000
      vertex -129.171754 135.495783 -6.000000
    endloop
  endfacet
  facet normal -0.000000 0.000000 -1.000000
    outer loop
      vertex -130.649890 135.086724 -6.000000
      vertex -130.496447 135.163961 -6.000000
      vertex -130.339398 135.233576 -6.000000
    endloop
  endfacet
  facet normal -0.000000 0.000000 -1.000000
    outer loop
      vertex -132.233576 133.339398 -6.000000
      vertex -132.163961 133.496447 -6.000000
      vertex -132.086724 133.649890 -6.000000
    endloop
  endfacet
  facet normal -0.000000 0.000000 -1.000000
    outer loop
      vertex -131.350457 134.593329 -6.000000
      vertex -131.220379 134.705535 -6.000000
      vertex -131.084951 134.811224 -6.000000
    endloop
  endfacet
  facet normal -0.000000 0.000000 -1.000000
    outer loop
      vertex -131.811224 134.084951 -6.000000
      vertex -131.705535 134.220379 -6.000000
      vertex -131.593329 134.350457 -6.000000
    endloop
  endfacet
  facet normal 0.000000 -0.000000 -1.000000
    outer loop
      vertex -130.339398 135.233576 -6.000000
      vertex -130.179123 135.295401 -6.000000
      vertex -130.016005 135.349288 -6.000000
    endloop
  endfacet
  facet normal 0.000000 -0.000000 -1.000000
    outer loop
      vertex -132.349288 133.016005 -6.000000
      vertex -132.295401 133.179123 -6.000000
      vertex -132.233576 133.339398 -6.000000
    endloop
  endfacet
  facet normal 0.000000 -0.000000 -1.000000
    outer loop
      vertex -131.593329 134.350457 -6.000000
      vertex -131.474874 134.474874 -6.000000
      vertex -131.350457 134.593329 -6.000000
    endloop
  endfacet
  facet normal -0.000000 0.000000 -1.000000
    outer loop
      vertex -132.086724 133.649890 -6.000000
      vertex -132.002050 133.799360 -6.000000
      vertex -131.910142 133.944498 -6.000000
    endloop
  endfacet
  facet normal -0.000000 0.000000 -1.000000
    outer loop
      vertex -130.944498 134.910142 -6.000000
      vertex -130.799360 135.002050 -6.000000
      vertex -130.649890 135.086724 -6.000000
    endloop
  endfacet
  facet normal 0.000000 0.000000 -1.000000
    outer loop
      vertex -130.016005 135.349288 -6.000000
      vertex -129.850439 135.395107 -6.000000
      vertex -129.682821 135.432748 -6.000000
    endloop
  endfacet
  facet normal 0.000000 -0.000000 -1.000000
    outer loop
      vertex -132.432748 132.682821 -6.000000
      vertex -132.395107 132.850439 -6.000000
      vertex -132.349288 133.016005 -6.000000
    endloop
  endfacet
  facet normal 0.000000 0.000000 -1.000000
    outer loop
      vertex -132.395107 131.149561 -6.000000
      vertex -132.432748 131.317179 -6.000000
      vertex -132.462118 131.486442 -6.000000
    endloop
  endfacet
  facet normal -0.000000 0.000000 -1.000000
    outer loop
      vertex -132.495783 131.828246 -6.000000
      vertex -132.500000 132.000000 -6.000000
      vertex -132.495783 132.171754 -6.000000
    endloop
  endfacet
  facet normal -0.000000 -0.000000 -1.000000
    outer loop
      vertex -128.743169 131.033544 -6.000000
      vertex -128.695704 131.047422 -6.000000
      vertex -128.437500 130.875000 -6.000000
    endloop
  endfacet
  facet normal 0.000000 0.000000 -1.000000
    outer loop
      vertex -128.791279 131.022025 -6.000000
      vertex -128.743169 131.033544 -6.000000
      vertex -128.437500 130.875000 -6.000000
    endloop
  endfacet
  facet normal -0.000000 -0.000000 -1.000000
    outer loop
      vertex -128.839901 131.012899 -6.000000
      vertex -128.791279 131.022025 -6.000000
      vertex -128.437500 130.875000 -6.000000
    endloop
  endfacet
  facet normal -0.000000 0.000000 -1.000000
    outer loop
      vertex -128.888912 131.006189 -6.000000
      vertex -128.839901 131.012899 -6.000000
      vertex -128.437500 130.875000 -6.000000
    endloop
  endfacet
  facet normal -0.000000 0.000000 -1.000000
    outer loop
      vertex -132.495783 132.171754 -6.000000
      vertex -132.462118 132.513558 -6.000000
      vertex -132.432748 132.682821 -6.000000
    endloop
  endfacet
  facet normal -0.000000 0.000000 -1.000000
    outer loop
      vertex -129.682821 135.432748 -6.000000
      vertex -129.513558 135.462118 -6.000000
      vertex -129.171754 135.495783 -6.000000
    endloop
  endfacet
  facet normal 0.000000 -0.000000 -1.000000
    outer loop
      vertex -131.350457 134.593329 -6.000000
      vertex -131.084951 134.811224 -6.000000
      vertex -130.944498 134.910142 -6.000000
    endloop
  endfacet
  facet normal 0.000000 -0.000000 -1.000000
    outer loop
      vertex -131.910142 133.944498 -6.000000
      vertex -131.811224 134.084951 -6.000000
      vertex -131.593329 134.350457 -6.000000
    endloop
  endfacet
  facet normal 0.000000 0.000000 -1.000000
    outer loop
      vertex -128.938191 131.001912 -6.000000
      vertex -128.888912 131.006189 -6.000000
      vertex -128.437500 130.875000 -6.000000
    endloop
  endfacet
  facet normal 0.000000 0.000000 -1.000000
    outer loop
      vertex -128.987630 131.000077 -6.000000
      vertex -128.938191 131.001912 -6.000000
      vertex -128.437500 130.875000 -6.000000
    endloop
  endfacet
  facet normal -0.000000 -0.000000 -1.000000
    outer loop
      vertex -129.037101 131.000688 -6.000000
      vertex -128.987630 131.000077 -6.000000
      vertex -128.437500 130.875000 -6.000000
    endloop
  endfacet
  facet normal 0.000000 0.000000 -1.000000
    outer loop
      vertex -132.314268 130.874998 -6.000000
      vertex -132.395107 131.149561 -6.000000
      vertex -132.462118 131.486442 -6.000000
    endloop
  endfacet
  facet normal 0.000000 0.000000 -1.000000
    outer loop
      vertex -129.086475 131.003746 -6.000000
      vertex -129.037101 131.000688 -6.000000
      vertex -128.437500 130.875000 -6.000000
    endloop
  endfacet
  facet normal 0.000000 -0.000000 -1.000000
    outer loop
      vertex -129.682821 135.432748 -6.000000
      vertex -129.171754 135.495783 -6.000000
      vertex -129.000000 135.500000 -6.000000
    endloop
  endfacet
  facet normal -0.000000 0.000000 -1.000000
    outer loop
      vertex -129.682821 135.432748 -6.000000
      vertex -129.000000 135.500000 -6.000000
      vertex -128.437497 132.826795 -6.000000
    endloop
  endfacet
  facet normal -0.000000 0.000000 -1.000000
    outer loop
      vertex -130.649890 135.086724 -6.000000
      vertex -130.339398 135.233576 -6.000000
      vertex -130.016005 135.349288 -6.000000
    endloop
  endfacet
  facet normal 0.000000 -0.000000 -1.000000
    outer loop
      vertex -132.349288 133.016005 -6.000000
      vertex -132.233576 133.339398 -6.000000
      vertex -132.086724 133.649890 -6.000000
    endloop
  endfacet
  facet normal 0.000000 -0.000000 -1.000000
    outer loop
      vertex -132.462118 131.486442 -6.000000
      vertex -132.495783 131.828246 -6.000000
      vertex -132.495783 132.171754 -6.000000
    endloop
  endfacet
  facet normal 0.000000 0.000000 -1.000000
    outer loop
      vertex -129.135695 131.009249 -6.000000
      vertex -129.086475 131.003746 -6.000000
      vertex -128.437500 130.875000 -6.000000
    endloop
  endfacet
  facet normal 0.000000 0.000000 -1.000000
    outer loop
      vertex -129.184467 131.017161 -6.000000
      vertex -129.135695 131.009249 -6.000000
      vertex -128.437500 130.875000 -6.000000
    endloop
  endfacet
  facet normal -0.000000 0.000000 -1.000000
    outer loop
      vertex -132.495783 132.171754 -6.000000
      vertex -132.432748 132.682821 -6.000000
      vertex -132.349288 133.016005 -6.000000
    endloop
  endfacet
  facet normal -0.000000 0.000000 -1.000000
    outer loop
      vertex -131.593329 134.350457 -6.000000
      vertex -131.350457 134.593329 -6.000000
      vertex -130.944498 134.910142 -6.000000
    endloop
  endfacet
  facet normal 0.000000 -0.000000 -1.000000
    outer loop
      vertex -132.086724 133.649890 -6.000000
      vertex -131.910142 133.944498 -6.000000
      vertex -131.593329 134.350457 -6.000000
    endloop
  endfacet
  facet normal 0.000000 -0.000000 -1.000000
    outer loop
      vertex -130.944498 134.910142 -6.000000
      vertex -130.649890 135.086724 -6.000000
      vertex -130.016005 135.349288 -6.000000
    endloop
  endfacet
  facet normal -0.000000 -0.000000 -1.000000
    outer loop
      vertex -132.314268 130.874998 -6.000000
      vertex -132.462118 131.486442 -6.000000
      vertex -132.495783 132.171754 -6.000000
    endloop
  endfacet
  facet normal -0.000000 0.000000 -1.000000
    outer loop
      vertex -130.944498 134.910142 -6.000000
      vertex -130.016005 135.349288 -6.000000
      vertex -129.682821 135.432748 -6.000000
    endloop
  endfacet
  facet normal 0.000000 0.000000 -1.000000
    outer loop
      vertex -130.944498 134.910142 -6.000000
      vertex -129.682821 135.432748 -6.000000
      vertex -128.437497 132.826795 -6.000000
    endloop
  endfacet
  facet normal -0.000000 0.000000 -1.000000
    outer loop
      vertex -132.495783 132.171754 -6.000000
      vertex -132.349288 133.016005 -6.000000
      vertex -132.086724 133.649890 -6.000000
    endloop
  endfacet
  facet normal 0.000000 -0.000000 -1.000000
    outer loop
      vertex -132.314268 130.874998 -6.000000
      vertex -132.495783 132.171754 -6.000000
      vertex -132.086724 133.649890 -6.000000
    endloop
  endfacet
  facet normal -0.000000 0.000000 -1.000000
    outer loop
      vertex -132.086724 133.649890 -6.000000
      vertex -131.593329 134.350457 -6.000000
      vertex -130.944498 134.910142 -6.000000
    endloop
  endfacet
  facet normal 0.000000 -0.000000 -1.000000
    outer loop
      vertex -132.314268 130.874998 -6.000000
      vertex -132.086724 133.649890 -6.000000
      vertex -130.944498 134.910142 -6.000000
    endloop
  endfacet
  facet normal -0.000000 -0.000000 -1.000000
    outer loop
      vertex -130.944498 134.910142 -6.000000
      vertex -128.437497 132.826795 -6.000000
      vertex -128.471712 132.849066 -6.000000
    endloop
  endfacet
  facet normal -0.000000 -0.000000 -1.000000
    outer loop
      vertex -130.944498 134.910142 -6.000000
      vertex -128.471712 132.849066 -6.000000
      vertex -128.514347 132.874152 -6.000000
    endloop
  endfacet
  facet normal 0.000000 0.000000 -1.000000
    outer loop
      vertex -130.944498 134.910142 -6.000000
      vertex -128.514347 132.874152 -6.000000
      vertex -128.558171 132.897099 -6.000000
    endloop
  endfacet
  facet normal 0.000000 0.000000 -1.000000
    outer loop
      vertex -130.944498 134.910142 -6.000000
      vertex -128.558171 132.897099 -6.000000
      vertex -128.603147 132.917882 -6.000000
    endloop
  endfacet
  facet normal 0.000000 0.000000 -1.000000
    outer loop
      vertex -130.944498 134.910142 -6.000000
      vertex -128.603147 132.917882 -6.000000
      vertex -128.648952 132.936358 -6.000000
    endloop
  endfacet
  facet normal 0.000000 0.000000 -1.000000
    outer loop
      vertex -130.944498 134.910142 -6.000000
      vertex -128.648952 132.936358 -6.000000
      vertex -128.695704 132.952578 -6.000000
    endloop
  endfacet
  facet normal 0.000000 0.000000 -1.000000
    outer loop
      vertex -130.944498 134.910142 -6.000000
      vertex -128.695704 132.952578 -6.000000
      vertex -128.743169 132.966456 -6.000000
    endloop
  endfacet
  facet normal -0.000000 -0.000000 -1.000000
    outer loop
      vertex -130.944498 134.910142 -6.000000
      vertex -128.743169 132.966456 -6.000000
      vertex -128.791279 132.977975 -6.000000
    endloop
  endfacet
  facet normal -0.000000 -0.000000 -1.000000
    outer loop
      vertex -130.944498 134.910142 -6.000000
      vertex -128.791279 132.977975 -6.000000
      vertex -128.839901 132.987101 -6.000000
    endloop
  endfacet
  facet normal -0.000000 -0.000000 -1.000000
    outer loop
      vertex -130.944498 134.910142 -6.000000
      vertex -128.839901 132.987101 -6.000000
      vertex -128.888912 132.993811 -6.000000
    endloop
  endfacet
  facet normal -0.000000 -0.000000 -1.000000
    outer loop
      vertex -130.944498 134.910142 -6.000000
      vertex -128.888912 132.993811 -6.000000
      vertex -128.938191 132.998088 -6.000000
    endloop
  endfacet
  facet normal -0.000000 -0.000000 -1.000000
    outer loop
      vertex -130.944498 134.910142 -6.000000
      vertex -128.938191 132.998088 -6.000000
      vertex -128.987630 132.999923 -6.000000
    endloop
  endfacet
  facet normal -0.000000 -0.000000 -1.000000
    outer loop
      vertex -130.944498 134.910142 -6.000000
      vertex -128.987630 132.999923 -6.000000
      vertex -129.037101 132.999312 -6.000000
    endloop
  endfacet
  facet normal 0.000000 -0.000000 -1.000000
    outer loop
      vertex -130.944498 134.910142 -6.000000
      vertex -129.037101 132.999312 -6.000000
      vertex -129.086475 132.996254 -6.000000
    endloop
  endfacet
  facet normal 0.000000 0.000000 -1.000000
    outer loop
      vertex -130.944498 134.910142 -6.000000
      vertex -129.086475 132.996254 -6.000000
      vertex -129.135695 132.990751 -6.000000
    endloop
  endfacet
  facet normal 0.000000 -0.000000 -1.000000
    outer loop
      vertex -130.944498 134.910142 -6.000000
      vertex -129.135695 132.990751 -6.000000
      vertex -129.184467 132.982839 -6.000000
    endloop
  endfacet
  facet normal -0.000000 -0.000000 -1.000000
    outer loop
      vertex -130.944498 134.910142 -6.000000
      vertex -129.184467 132.982839 -6.000000
      vertex -129.232848 132.972513 -6.000000
    endloop
  endfacet
  facet normal 0.000000 0.000000 -1.000000
    outer loop
      vertex -130.944498 134.910142 -6.000000
      vertex -129.232848 132.972513 -6.000000
      vertex -129.280658 132.959808 -6.000000
    endloop
  endfacet
  facet normal 0.000000 0.000000 -1.000000
    outer loop
      vertex -130.944498 134.910142 -6.000000
      vertex -129.280658 132.959808 -6.000000
      vertex -129.327780 132.944754 -6.000000
    endloop
  endfacet
  facet normal -0.000000 -0.000000 -1.000000
    outer loop
      vertex -130.944498 134.910142 -6.000000
      vertex -129.327780 132.944754 -6.000000
      vertex -129.374100 132.927388 -6.000000
    endloop
  endfacet
  facet normal 0.000000 0.000000 -1.000000
    outer loop
      vertex -130.944498 134.910142 -6.000000
      vertex -129.374100 132.927388 -6.000000
      vertex -129.419505 132.907753 -6.000000
    endloop
  endfacet
  facet normal 0.000000 0.000000 -1.000000
    outer loop
      vertex -130.944498 134.910142 -6.000000
      vertex -129.419505 132.907753 -6.000000
      vertex -129.463883 132.885897 -6.000000
    endloop
  endfacet
  facet normal -0.000000 -0.000000 -1.000000
    outer loop
      vertex -130.944498 134.910142 -6.000000
      vertex -129.463883 132.885897 -6.000000
      vertex -129.507125 132.861872 -6.000000
    endloop
  endfacet
  facet normal 0.000000 0.000000 -1.000000
    outer loop
      vertex -130.944498 134.910142 -6.000000
      vertex -129.507125 132.861872 -6.000000
      vertex -129.549127 132.835739 -6.000000
    endloop
  endfacet
  facet normal -0.000000 -0.000000 -1.000000
    outer loop
      vertex -130.944498 134.910142 -6.000000
      vertex -129.549127 132.835739 -6.000000
      vertex -129.589785 132.807560 -6.000000
    endloop
  endfacet
  facet normal 0.000000 -0.000000 -1.000000
    outer loop
      vertex -132.314268 130.874998 -6.000000
      vertex -130.944498 134.910142 -6.000000
      vertex -129.589785 132.807560 -6.000000
    endloop
  endfacet
  facet normal 0.000000 -0.000000 -1.000000
    outer loop
      vertex -132.314268 130.874998 -6.000000
      vertex -129.589785 132.807560 -6.000000
      vertex -129.629000 132.777405 -6.000000
    endloop
  endfacet
  facet normal -0.000000 0.000000 -1.000000
    outer loop
      vertex -132.314268 130.874998 -6.000000
      vertex -129.629000 132.777405 -6.000000
      vertex -129.666676 132.745348 -6.000000
    endloop
  endfacet
  facet normal -0.000000 0.000000 -1.000000
    outer loop
      vertex -132.314268 130.874998 -6.000000
      vertex -129.666676 132.745348 -6.000000
      vertex -129.702720 132.711466 -6.000000
    endloop
  endfacet
  facet normal 0.000000 -0.000000 -1.000000
    outer loop
      vertex -132.314268 130.874998 -6.000000
      vertex -129.702720 132.711466 -6.000000
      vertex -129.737045 132.675844 -6.000000
    endloop
  endfacet
  facet normal -0.000000 0.000000 -1.000000
    outer loop
      vertex -132.314268 130.874998 -6.000000
      vertex -129.737045 132.675844 -6.000000
      vertex -129.769566 132.638567 -6.000000
    endloop
  endfacet
  facet normal -0.000000 0.000000 -1.000000
    outer loop
      vertex -132.314268 130.874998 -6.000000
      vertex -129.769566 132.638567 -6.000000
      vertex -129.800149 132.599801 -6.000000
    endloop
  endfacet
  facet normal 0.000000 -0.000000 -1.000000
    outer loop
      vertex -132.314268 130.874998 -6.000000
      vertex -129.800149 132.599801 -6.000000
      vertex -129.828884 132.559421 -6.000000
    endloop
  endfacet
  facet normal -0.000000 0.000000 -1.000000
    outer loop
      vertex -132.314268 130.874998 -6.000000
      vertex -129.828884 132.559421 -6.000000
      vertex -129.855534 132.517746 -6.000000
    endloop
  endfacet
  facet normal 0.000000 -0.000000 -1.000000
    outer loop
      vertex -132.314268 130.874998 -6.000000
      vertex -129.855534 132.517746 -6.000000
      vertex -129.880092 132.474804 -6.000000
    endloop
  endfacet
  facet normal -0.000000 0.000000 -1.000000
    outer loop
      vertex -132.314268 130.874998 -6.000000
      vertex -129.880092 132.474804 -6.000000
      vertex -129.902495 132.430700 -6.000000
    endloop
  endfacet
  facet normal 0.000000 0.000000 -1.000000
    outer loop
      vertex -132.314268 130.874998 -6.000000
      vertex -129.902495 132.430700 -6.000000
      vertex -129.922690 132.385542 -6.000000
    endloop
  endfacet
  facet normal 0.000000 0.000000 -1.000000
    outer loop
      vertex -132.314268 130.874998 -6.000000
      vertex -129.922690 132.385542 -6.000000
      vertex -129.940628 132.339440 -6.000000
    endloop
  endfacet
  facet normal 0.000000 0.000000 -1.000000
    outer loop
      vertex -132.314268 130.874998 -6.000000
      vertex -129.940628 132.339440 -6.000000
      vertex -129.956263 132.292507 -6.000000
    endloop
  endfacet
  facet normal 0.000000 0.000000 -1.000000
    outer loop
      vertex -132.314268 130.874998 -6.000000
      vertex -129.956263 132.292507 -6.000000
      vertex -129.969559 132.244858 -6.000000
    endloop
  endfacet
  facet normal 0.000000 0.000000 -1.000000
    outer loop
      vertex -132.314268 130.874998 -6.000000
      vertex -129.969559 132.244858 -6.000000
      vertex -129.980482 132.196609 -6.000000
    endloop
  endfacet
  facet normal 0.000000 0.000000 -1.000000
    outer loop
      vertex -132.314268 130.874998 -6.000000
      vertex -129.980482 132.196609 -6.000000
      vertex -129.989006 132.147878 -6.000000
    endloop
  endfacet
  facet normal -0.000000 0.000000 -1.000000
    outer loop
      vertex -132.314268 130.874998 -6.000000
      vertex -129.989006 132.147878 -6.000000
      vertex -129.995108 132.098789 -6.000000
    endloop
  endfacet
  facet normal -0.000000 0.000000 -1.000000
    outer loop
      vertex -132.314268 130.874998 -6.000000
      vertex -129.995108 132.098789 -6.000000
      vertex -129.998776 132.049459 -6.000000
    endloop
  endfacet
  facet normal 0.000000 -0.000000 -1.000000
    outer loop
      vertex -132.314268 130.874998 -6.000000
      vertex -129.998776 132.049459 -6.000000
      vertex -130.000000 132.000000 -6.000000
    endloop
  endfacet
  facet normal -0.000000 0.000000 -1.000000
    outer loop
      vertex -132.314268 130.874998 -6.000000
      vertex -130.000000 132.000000 -6.000000
      vertex -129.998776 131.950541 -6.000000
    endloop
  endfacet
  facet normal 0.000000 -0.000000 -1.000000
    outer loop
      vertex -132.314268 130.874998 -6.000000
      vertex -129.998776 131.950541 -6.000000
      vertex -129.995108 131.901211 -6.000000
    endloop
  endfacet
  facet normal -0.000000 0.000000 -1.000000
    outer loop
      vertex -132.314268 130.874998 -6.000000
      vertex -129.995108 131.901211 -6.000000
      vertex -129.989006 131.852122 -6.000000
    endloop
  endfacet
  facet normal 0.000000 -0.000000 -1.000000
    outer loop
      vertex -132.314268 130.874998 -6.000000
      vertex -129.989006 131.852122 -6.000000
      vertex -129.980482 131.803391 -6.000000
    endloop
  endfacet
  facet normal -0.000000 0.000000 -1.000000
    outer loop
      vertex -132.314268 130.874998 -6.000000
      vertex -129.980482 131.803391 -6.000000
      vertex -129.969559 131.755142 -6.000000
    endloop
  endfacet
  facet normal -0.000000 -0.000000 -1.000000
    outer loop
      vertex -132.314268 130.874998 -6.000000
      vertex -129.969559 131.755142 -6.000000
      vertex -129.956263 131.707493 -6.000000
    endloop
  endfacet
  facet normal 0.000000 -0.000000 -1.000000
    outer loop
      vertex -132.314268 130.874998 -6.000000
      vertex -129.956263 131.707493 -6.000000
      vertex -129.940628 131.660560 -6.000000
    endloop
  endfacet
  facet normal -0.000000 0.000000 -1.000000
    outer loop
      vertex -132.314268 130.874998 -6.000000
      vertex -129.940628 131.660560 -6.000000
      vertex -129.922690 131.614458 -6.000000
    endloop
  endfacet
  facet normal 0.000000 -0.000000 -1.000000
    outer loop
      vertex -132.314268 130.874998 -6.000000
      vertex -129.922690 131.614458 -6.000000
      vertex -129.902495 131.569300 -6.000000
    endloop
  endfacet
  facet normal -0.000000 0.000000 -1.000000
    outer loop
      vertex -132.314268 130.874998 -6.000000
      vertex -129.902495 131.569300 -6.000000
      vertex -129.880092 131.525196 -6.000000
    endloop
  endfacet
  facet normal -0.000000 0.000000 -1.000000
    outer loop
      vertex -132.314268 130.874998 -6.000000
      vertex -129.880092 131.525196 -6.000000
      vertex -129.855534 131.482254 -6.000000
    endloop
  endfacet
  facet normal 0.000000 -0.000000 -1.000000
    outer loop
      vertex -132.314268 130.874998 -6.000000
      vertex -129.855534 131.482254 -6.000000
      vertex -129.828884 131.440579 -6.000000
    endloop
  endfacet
  facet normal -0.000000 0.000000 -1.000000
    outer loop
      vertex -132.314268 130.874998 -6.000000
      vertex -129.828884 131.440579 -6.000000
      vertex -129.800149 131.400199 -6.000000
    endloop
  endfacet
  facet normal -0.000000 -0.000000 -1.000000
    outer loop
      vertex -132.314268 130.874998 -6.000000
      vertex -129.800149 131.400199 -6.000000
      vertex -129.769566 131.361433 -6.000000
    endloop
  endfacet
  facet normal -0.000000 0.000000 -1.000000
    outer loop
      vertex -132.314268 130.874998 -6.000000
      vertex -129.769566 131.361433 -6.000000
      vertex -129.737045 131.324156 -6.000000
    endloop
  endfacet
  facet normal 0.000000 -0.000000 -1.000000
    outer loop
      vertex -132.314268 130.874998 -6.000000
      vertex -129.737045 131.324156 -6.000000
      vertex -129.702720 131.288534 -6.000000
    endloop
  endfacet
  facet normal -0.000000 0.000000 -1.000000
    outer loop
      vertex -132.314268 130.874998 -6.000000
      vertex -129.702720 131.288534 -6.000000
      vertex -129.666676 131.254652 -6.000000
    endloop
  endfacet
  facet normal -0.000000 -0.000000 -1.000000
    outer loop
      vertex -132.314268 130.874998 -6.000000
      vertex -129.666676 131.254652 -6.000000
      vertex -129.629000 131.222595 -6.000000
    endloop
  endfacet
  facet normal -0.000000 -0.000000 -1.000000
    outer loop
      vertex -132.314268 130.874998 -6.000000
      vertex -129.629000 131.222595 -6.000000
      vertex -129.589785 131.192440 -6.000000
    endloop
  endfacet
  facet normal 0.000000 -0.000000 -1.000000
    outer loop
      vertex -132.314268 130.874998 -6.000000
      vertex -129.589785 131.192440 -6.000000
      vertex -129.549127 131.164261 -6.000000
    endloop
  endfacet
  facet normal -0.000000 0.000000 -1.000000
    outer loop
      vertex -132.314268 130.874998 -6.000000
      vertex -129.549127 131.164261 -6.000000
      vertex -129.507125 131.138128 -6.000000
    endloop
  endfacet
  facet normal -0.000000 0.000000 -1.000000
    outer loop
      vertex -132.314268 130.874998 -6.000000
      vertex -129.507125 131.138128 -6.000000
      vertex -129.463883 131.114103 -6.000000
    endloop
  endfacet
  facet normal 0.000000 -0.000000 -1.000000
    outer loop
      vertex -132.314268 130.874998 -6.000000
      vertex -129.463883 131.114103 -6.000000
      vertex -129.419505 131.092247 -6.000000
    endloop
  endfacet
  facet normal 0.000000 0.000000 -1.000000
    outer loop
      vertex -132.314268 130.874998 -6.000000
      vertex -129.419505 131.092247 -6.000000
      vertex -129.374100 131.072612 -6.000000
    endloop
  endfacet
  facet normal -0.000000 0.000000 -1.000000
    outer loop
      vertex -132.314268 130.874998 -6.000000
      vertex -129.374100 131.072612 -6.000000
      vertex -129.327780 131.055246 -6.000000
    endloop
  endfacet
  facet normal 0.000000 -0.000000 -1.000000
    outer loop
      vertex -132.314268 130.874998 -6.000000
      vertex -129.327780 131.055246 -6.000000
      vertex -129.280658 131.040192 -6.000000
    endloop
  endfacet
  facet normal -0.000000 0.000000 -1.000000
    outer loop
      vertex -132.314268 130.874998 -6.000000
      vertex -129.280658 131.040192 -6.000000
      vertex -129.232848 131.027487 -6.000000
    endloop
  endfacet
  facet normal 0.000000 -0.000000 -1.000000
    outer loop
      vertex -132.314268 130.874998 -6.000000
      vertex -129.232848 131.027487 -6.000000
      vertex -129.184467 131.017161 -6.000000
    endloop
  endfacet
  facet normal -0.000000 0.000000 -1.000000
    outer loop
      vertex -128.437500 130.875000 -6.000000
      vertex -132.314268 130.874998 -6.000000
      vertex -129.184467 131.017161 -6.000000
    endloop
  endfacet
  facet normal -0.999694 -0.024737 0.000000
    outer loop
      vertex -70.001224 102.049459 -6.000000
      vertex -70.000000 102.000000 -6.000000
      vertex -70.001224 102.049459 -4.500000
    endloop
  endfacet
  facet normal -0.999694 -0.024737 0.000000
    outer loop
      vertex -70.000000 102.000000 -6.000000
      vertex -70.000000 102.000000 -4.500000
      vertex -70.001224 102.049459 -4.500000
    endloop
  endfacet
  facet normal -0.997247 -0.074147 -0.000000
    outer loop
      vertex -70.001224 102.049459 -4.500000
      vertex -70.004892 102.098789 -4.500000
      vertex -70.001224 102.049459 -6.000000
    endloop
  endfacet
  facet normal -0.997247 -0.074147 -0.000000
    outer loop
      vertex -70.004892 102.098789 -4.500000
      vertex -70.004892 102.098789 -6.000000
      vertex -70.001224 102.049459 -6.000000
    endloop
  endfacet
  facet normal -0.992361 -0.123371 -0.000000
    outer loop
      vertex -70.004892 102.098789 -4.500000
      vertex -70.010994 102.147878 -4.500000
      vertex -70.004892 102.098789 -6.000000
    endloop
  endfacet
  facet normal -0.992361 -0.123371 -0.000000
    outer loop
      vertex -70.010994 102.147878 -4.500000
      vertex -70.010994 102.147878 -6.000000
      vertex -70.004892 102.098789 -6.000000
    endloop
  endfacet
  facet normal -0.985045 -0.172296 -0.000000
    outer loop
      vertex -70.010994 102.147878 -4.500000
      vertex -70.019518 102.196609 -4.500000
      vertex -70.010994 102.147878 -6.000000
    endloop
  endfacet
  facet normal -0.985045 -0.172296 -0.000000
    outer loop
      vertex -70.019518 102.196609 -4.500000
      vertex -70.019518 102.196609 -6.000000
      vertex -70.010994 102.147878 -6.000000
    endloop
  endfacet
  facet normal -0.975319 -0.220801 -0.000000
    outer loop
      vertex -70.019518 102.196609 -4.500000
      vertex -70.030441 102.244858 -4.500000
      vertex -70.019518 102.196609 -6.000000
    endloop
  endfacet
  facet normal -0.975319 -0.220801 0.000000
    outer loop
      vertex -70.030441 102.244858 -4.500000
      vertex -70.030441 102.244858 -6.000000
      vertex -70.019518 102.196609 -6.000000
    endloop
  endfacet
  facet normal -0.963206 -0.268765 0.000000
    outer loop
      vertex -70.030441 102.244858 -4.500000
      vertex -70.043737 102.292507 -4.500000
      vertex -70.030441 102.244858 -6.000000
    endloop
  endfacet
  facet normal -0.963206 -0.268765 0.000000
    outer loop
      vertex -70.043737 102.292507 -4.500000
      vertex -70.043737 102.292507 -6.000000
      vertex -70.030441 102.244858 -6.000000
    endloop
  endfacet
  facet normal -0.948736 -0.316070 0.000000
    outer loop
      vertex -70.043737 102.292507 -4.500000
      vertex -70.059372 102.339440 -4.500000
      vertex -70.043737 102.292507 -6.000000
    endloop
  endfacet
  facet normal -0.948736 -0.316070 -0.000000
    outer loop
      vertex -70.059372 102.339440 -4.500000
      vertex -70.059372 102.339440 -6.000000
      vertex -70.043737 102.292507 -6.000000
    endloop
  endfacet
  facet normal -0.931944 -0.362602 -0.000000
    outer loop
      vertex -70.059372 102.339440 -4.500000
      vertex -70.077310 102.385542 -4.500000
      vertex -70.059372 102.339440 -6.000000
    endloop
  endfacet
  facet normal -0.931944 -0.362602 -0.000000
    outer loop
      vertex -70.077310 102.385542 -4.500000
      vertex -70.077310 102.385542 -6.000000
      vertex -70.059372 102.339440 -6.000000
    endloop
  endfacet
  facet normal -0.912872 -0.408246 -0.000000
    outer loop
      vertex -70.077310 102.385542 -4.500000
      vertex -70.097505 102.430700 -4.500000
      vertex -70.077310 102.385542 -6.000000
    endloop
  endfacet
  facet normal -0.912872 -0.408246 -0.000000
    outer loop
      vertex -70.097505 102.430700 -4.500000
      vertex -70.097505 102.430700 -6.000000
      vertex -70.077310 102.385542 -6.000000
    endloop
  endfacet
  facet normal -0.891566 -0.452890 -0.000000
    outer loop
      vertex -70.097505 102.430700 -4.500000
      vertex -70.119908 102.474804 -4.500000
      vertex -70.097505 102.430700 -6.000000
    endloop
  endfacet
  facet normal -0.891566 -0.452890 -0.000000
    outer loop
      vertex -70.119908 102.474804 -4.500000
      vertex -70.119908 102.474804 -6.000000
      vertex -70.097505 102.430700 -6.000000
    endloop
  endfacet
  facet normal -0.868079 -0.496427 -0.000000
    outer loop
      vertex -70.119908 102.474804 -4.500000
      vertex -70.144466 102.517746 -4.500000
      vertex -70.119908 102.474804 -6.000000
    endloop
  endfacet
  facet normal -0.868079 -0.496427 -0.000000
    outer loop
      vertex -70.144466 102.517746 -4.500000
      vertex -70.144466 102.517746 -6.000000
      vertex -70.119908 102.474804 -6.000000
    endloop
  endfacet
  facet normal -0.842467 -0.538748 -0.000000
    outer loop
      vertex -70.144466 102.517746 -4.500000
      vertex -70.171116 102.559421 -4.500000
      vertex -70.144466 102.517746 -6.000000
    endloop
  endfacet
  facet normal -0.842467 -0.538748 -0.000000
    outer loop
      vertex -70.171116 102.559421 -4.500000
      vertex -70.171116 102.559421 -6.000000
      vertex -70.144466 102.517746 -6.000000
    endloop
  endfacet
  facet normal -0.814767 -0.579789 -0.000000
    outer loop
      vertex -70.171116 102.559421 -4.500000
      vertex -70.199851 102.599801 -4.500000
      vertex -70.171116 102.559421 -6.000000
    endloop
  endfacet
  facet normal -0.814767 -0.579789 -0.000000
    outer loop
      vertex -70.199851 102.599801 -4.500000
      vertex -70.199851 102.599801 -6.000000
      vertex -70.171116 102.559421 -6.000000
    endloop
  endfacet
  facet normal -0.785097 -0.619373 -0.000000
    outer loop
      vertex -70.199851 102.599801 -4.500000
      vertex -70.230434 102.638567 -4.500000
      vertex -70.199851 102.599801 -6.000000
    endloop
  endfacet
  facet normal -0.785097 -0.619373 -0.000000
    outer loop
      vertex -70.230434 102.638567 -4.500000
      vertex -70.230434 102.638567 -6.000000
      vertex -70.199851 102.599801 -6.000000
    endloop
  endfacet
  facet normal -0.753536 -0.657407 -0.000000
    outer loop
      vertex -70.230434 102.638567 -4.500000
      vertex -70.262955 102.675844 -4.500000
      vertex -70.230434 102.638567 -6.000000
    endloop
  endfacet
  facet normal -0.753536 -0.657407 -0.000000
    outer loop
      vertex -70.262955 102.675844 -4.500000
      vertex -70.262955 102.675844 -6.000000
      vertex -70.230434 102.638567 -6.000000
    endloop
  endfacet
  facet normal -0.720103 -0.693867 -0.000000
    outer loop
      vertex -70.262955 102.675844 -4.500000
      vertex -70.297280 102.711466 -4.500000
      vertex -70.262955 102.675844 -6.000000
    endloop
  endfacet
  facet normal -0.720103 -0.693867 -0.000000
    outer loop
      vertex -70.297280 102.711466 -4.500000
      vertex -70.297280 102.711466 -6.000000
      vertex -70.262955 102.675844 -6.000000
    endloop
  endfacet
  facet normal -0.684908 -0.728630 -0.000000
    outer loop
      vertex -70.297280 102.711466 -4.500000
      vertex -70.333324 102.745348 -4.500000
      vertex -70.297280 102.711466 -6.000000
    endloop
  endfacet
  facet normal -0.684908 -0.728630 -0.000000
    outer loop
      vertex -70.333324 102.745348 -4.500000
      vertex -70.333324 102.745348 -6.000000
      vertex -70.297280 102.711466 -6.000000
    endloop
  endfacet
  facet normal -0.648036 -0.761609 -0.000000
    outer loop
      vertex -70.333324 102.745348 -4.500000
      vertex -70.371000 102.777405 -4.500000
      vertex -70.333324 102.745348 -6.000000
    endloop
  endfacet
  facet normal -0.648036 -0.761609 -0.000000
    outer loop
      vertex -70.371000 102.777405 -4.500000
      vertex -70.371000 102.777405 -6.000000
      vertex -70.333324 102.745348 -6.000000
    endloop
  endfacet
  facet normal -0.609579 -0.792725 -0.000000
    outer loop
      vertex -70.371000 102.777405 -4.500000
      vertex -70.410215 102.807560 -4.500000
      vertex -70.371000 102.777405 -6.000000
    endloop
  endfacet
  facet normal -0.609579 -0.792725 -0.000000
    outer loop
      vertex -70.410215 102.807560 -4.500000
      vertex -70.410215 102.807560 -6.000000
      vertex -70.371000 102.777405 -6.000000
    endloop
  endfacet
  facet normal -0.569630 -0.821901 -0.000000
    outer loop
      vertex -70.410215 102.807560 -4.500000
      vertex -70.450873 102.835739 -4.500000
      vertex -70.410215 102.807560 -6.000000
    endloop
  endfacet
  facet normal -0.569630 -0.821901 -0.000000
    outer loop
      vertex -70.450873 102.835739 -4.500000
      vertex -70.450873 102.835739 -6.000000
      vertex -70.410215 102.807560 -6.000000
    endloop
  endfacet
  facet normal -0.528288 -0.849065 -0.000000
    outer loop
      vertex -70.450873 102.835739 -4.500000
      vertex -70.492875 102.861872 -4.500000
      vertex -70.450873 102.835739 -6.000000
    endloop
  endfacet
  facet normal -0.528288 -0.849065 -0.000000
    outer loop
      vertex -70.492875 102.861872 -4.500000
      vertex -70.492875 102.861872 -6.000000
      vertex -70.450873 102.835739 -6.000000
    endloop
  endfacet
  facet normal -0.485653 -0.874152 -0.000000
    outer loop
      vertex -70.492875 102.861872 -4.500000
      vertex -70.536117 102.885897 -4.500000
      vertex -70.492875 102.861872 -6.000000
    endloop
  endfacet
  facet normal -0.485653 -0.874152 -0.000000
    outer loop
      vertex -70.536117 102.885897 -4.500000
      vertex -70.536117 102.885897 -6.000000
      vertex -70.492875 102.861872 -6.000000
    endloop
  endfacet
  facet normal -0.441829 -0.897099 -0.000000
    outer loop
      vertex -70.536117 102.885897 -4.500000
      vertex -70.580495 102.907753 -4.500000
      vertex -70.536117 102.885897 -6.000000
    endloop
  endfacet
  facet normal -0.441829 -0.897099 -0.000000
    outer loop
      vertex -70.580495 102.907753 -4.500000
      vertex -70.580495 102.907753 -6.000000
      vertex -70.536117 102.885897 -6.000000
    endloop
  endfacet
  facet normal -0.396924 -0.917851 -0.000000
    outer loop
      vertex -70.580495 102.907753 -4.500000
      vertex -70.625900 102.927388 -4.500000
      vertex -70.580495 102.907753 -6.000000
    endloop
  endfacet
  facet normal -0.396924 -0.917851 -0.000000
    outer loop
      vertex -70.625900 102.927388 -4.500000
      vertex -70.625900 102.927388 -6.000000
      vertex -70.580495 102.907753 -6.000000
    endloop
  endfacet
  facet normal -0.351048 -0.936358 -0.000000
    outer loop
      vertex -70.625900 102.927388 -4.500000
      vertex -70.672220 102.944754 -4.500000
      vertex -70.625900 102.927388 -6.000000
    endloop
  endfacet
  facet normal -0.351048 -0.936358 -0.000000
    outer loop
      vertex -70.672220 102.944754 -4.500000
      vertex -70.672220 102.944754 -6.000000
      vertex -70.625900 102.927388 -6.000000
    endloop
  endfacet
  facet normal -0.304312 -0.952572 -0.000000
    outer loop
      vertex -70.672220 102.944754 -4.500000
      vertex -70.719342 102.959808 -4.500000
      vertex -70.672220 102.944754 -6.000000
    endloop
  endfacet
  facet normal -0.304312 -0.952572 -0.000000
    outer loop
      vertex -70.719342 102.959808 -4.500000
      vertex -70.719342 102.959808 -6.000000
      vertex -70.672220 102.944754 -6.000000
    endloop
  endfacet
  facet normal -0.256831 -0.966456 -0.000000
    outer loop
      vertex -70.719342 102.959808 -4.500000
      vertex -70.767152 102.972513 -4.500000
      vertex -70.719342 102.959808 -6.000000
    endloop
  endfacet
  facet normal -0.256831 -0.966456 -0.000000
    outer loop
      vertex -70.767152 102.972513 -4.500000
      vertex -70.767152 102.972513 -6.000000
      vertex -70.719342 102.959808 -6.000000
    endloop
  endfacet
  facet normal -0.208721 -0.977975 -0.000000
    outer loop
      vertex -70.767152 102.972513 -4.500000
      vertex -70.815533 102.982839 -4.500000
      vertex -70.815533 102.982839 -6.000000
    endloop
  endfacet
  facet normal -0.208721 -0.977975 -0.000000
    outer loop
      vertex -70.767152 102.972513 -4.500000
      vertex -70.815533 102.982839 -6.000000
      vertex -70.767152 102.972513 -6.000000
    endloop
  endfacet
  facet normal -0.160130 -0.987096 -0.000000
    outer loop
      vertex -70.815533 102.982839 -4.500000
      vertex -70.864305 102.990751 -4.500000
      vertex -70.864305 102.990751 -6.000000
    endloop
  endfacet
  facet normal -0.160130 -0.987096 -0.000000
    outer loop
      vertex -70.815533 102.982839 -4.500000
      vertex -70.864305 102.990751 -6.000000
      vertex -70.815533 102.982839 -6.000000
    endloop
  endfacet
  facet normal -0.111119 -0.993807 -0.000000
    outer loop
      vertex -70.864305 102.990751 -4.500000
      vertex -70.913525 102.996254 -4.500000
      vertex -70.864305 102.990751 -6.000000
    endloop
  endfacet
  facet normal -0.111119 -0.993807 -0.000000
    outer loop
      vertex -70.913525 102.996254 -4.500000
      vertex -70.913525 102.996254 -6.000000
      vertex -70.864305 102.990751 -6.000000
    endloop
  endfacet
  facet normal -0.061807 -0.998088 -0.000000
    outer loop
      vertex -70.913525 102.996254 -4.500000
      vertex -70.962899 102.999312 -4.500000
      vertex -70.913525 102.996254 -6.000000
    endloop
  endfacet
  facet normal -0.061807 -0.998088 -0.000000
    outer loop
      vertex -70.962899 102.999312 -4.500000
      vertex -70.962899 102.999312 -6.000000
      vertex -70.913525 102.996254 -6.000000
    endloop
  endfacet
  facet normal -0.012369 -0.999923 -0.000000
    outer loop
      vertex -70.962899 102.999312 -4.500000
      vertex -71.012370 102.999923 -4.500000
      vertex -70.962899 102.999312 -6.000000
    endloop
  endfacet
  facet normal -0.012369 -0.999923 -0.000000
    outer loop
      vertex -71.012370 102.999923 -4.500000
      vertex -71.012370 102.999923 -6.000000
      vertex -70.962899 102.999312 -6.000000
    endloop
  endfacet
  facet normal 0.037100 -0.999312 0.000000
    outer loop
      vertex -71.012370 102.999923 -4.500000
      vertex -71.061809 102.998088 -4.500000
      vertex -71.012370 102.999923 -6.000000
    endloop
  endfacet
  facet normal 0.037100 -0.999312 0.000000
    outer loop
      vertex -71.061809 102.998088 -4.500000
      vertex -71.061809 102.998088 -6.000000
      vertex -71.012370 102.999923 -6.000000
    endloop
  endfacet
  facet normal 0.086475 -0.996254 0.000000
    outer loop
      vertex -71.061809 102.998088 -4.500000
      vertex -71.111088 102.993811 -4.500000
      vertex -71.061809 102.998088 -6.000000
    endloop
  endfacet
  facet normal 0.086475 -0.996254 0.000000
    outer loop
      vertex -71.111088 102.993811 -4.500000
      vertex -71.111088 102.993811 -6.000000
      vertex -71.061809 102.998088 -6.000000
    endloop
  endfacet
  facet normal 0.135635 -0.990759 0.000000
    outer loop
      vertex -71.111088 102.993811 -4.500000
      vertex -71.160099 102.987101 -4.500000
      vertex -71.160099 102.987101 -6.000000
    endloop
  endfacet
  facet normal 0.135635 -0.990759 0.000000
    outer loop
      vertex -71.111088 102.993811 -4.500000
      vertex -71.160099 102.987101 -6.000000
      vertex -71.111088 102.993811 -6.000000
    endloop
  endfacet
  facet normal 0.184467 -0.982839 0.000000
    outer loop
      vertex -71.160099 102.987101 -4.500000
      vertex -71.208721 102.977975 -4.500000
      vertex -71.208721 102.977975 -6.000000
    endloop
  endfacet
  facet normal 0.184467 -0.982839 0.000000
    outer loop
      vertex -71.160099 102.987101 -4.500000
      vertex -71.208721 102.977975 -6.000000
      vertex -71.160099 102.987101 -6.000000
    endloop
  endfacet
  facet normal 0.232848 -0.972513 0.000000
    outer loop
      vertex -71.208721 102.977975 -4.500000
      vertex -71.256831 102.966456 -4.500000
      vertex -71.208721 102.977975 -6.000000
    endloop
  endfacet
  facet normal 0.232848 -0.972513 0.000000
    outer loop
      vertex -71.256831 102.966456 -4.500000
      vertex -71.256831 102.966456 -6.000000
      vertex -71.208721 102.977975 -6.000000
    endloop
  endfacet
  facet normal 0.280649 -0.959810 0.000000
    outer loop
      vertex -71.256831 102.966456 -4.500000
      vertex -71.304296 102.952578 -4.500000
      vertex -71.256831 102.966456 -6.000000
    endloop
  endfacet
  facet normal 0.280649 -0.959810 0.000000
    outer loop
      vertex -71.304296 102.952578 -4.500000
      vertex -71.304296 102.952578 -6.000000
      vertex -71.256831 102.966456 -6.000000
    endloop
  endfacet
  facet normal 0.327772 -0.944757 0.000000
    outer loop
      vertex -71.304296 102.952578 -4.500000
      vertex -71.351048 102.936358 -4.500000
      vertex -71.304296 102.952578 -6.000000
    endloop
  endfacet
  facet normal 0.327772 -0.944757 0.000000
    outer loop
      vertex -71.351048 102.936358 -4.500000
      vertex -71.351048 102.936358 -6.000000
      vertex -71.304296 102.952578 -6.000000
    endloop
  endfacet
  facet normal 0.374064 -0.927403 0.000000
    outer loop
      vertex -71.351048 102.936358 -4.500000
      vertex -71.396853 102.917882 -4.500000
      vertex -71.351048 102.936358 -6.000000
    endloop
  endfacet
  facet normal 0.374064 -0.927403 0.000000
    outer loop
      vertex -71.396853 102.917882 -4.500000
      vertex -71.396853 102.917882 -6.000000
      vertex -71.351048 102.936358 -6.000000
    endloop
  endfacet
  facet normal 0.419470 -0.907769 0.000000
    outer loop
      vertex -71.396853 102.917882 -4.500000
      vertex -71.441829 102.897099 -4.500000
      vertex -71.396853 102.917882 -6.000000
    endloop
  endfacet
  facet normal 0.419470 -0.907769 0.000000
    outer loop
      vertex -71.441829 102.897099 -4.500000
      vertex -71.441829 102.897099 -6.000000
      vertex -71.396853 102.917882 -6.000000
    endloop
  endfacet
  facet normal 0.463883 -0.885897 0.000000
    outer loop
      vertex -71.441829 102.897099 -4.500000
      vertex -71.485653 102.874152 -4.500000
      vertex -71.441829 102.897099 -6.000000
    endloop
  endfacet
  facet normal 0.463883 -0.885897 0.000000
    outer loop
      vertex -71.485653 102.874152 -4.500000
      vertex -71.485653 102.874152 -6.000000
      vertex -71.441829 102.897099 -6.000000
    endloop
  endfacet
  facet normal 0.507125 -0.861872 0.000000
    outer loop
      vertex -71.485653 102.874152 -4.500000
      vertex -71.528288 102.849066 -4.500000
      vertex -71.485653 102.874152 -6.000000
    endloop
  endfacet
  facet normal 0.507125 -0.861872 0.000000
    outer loop
      vertex -71.528288 102.849066 -4.500000
      vertex -71.528288 102.849066 -6.000000
      vertex -71.485653 102.874152 -6.000000
    endloop
  endfacet
  facet normal 0.545509 -0.838105 -0.000216
    outer loop
      vertex -71.528288 102.849066 -4.500000
      vertex -71.562503 102.826795 -4.500000
      vertex -71.553580 102.832796 -5.250000
    endloop
  endfacet
  facet normal 0.566072 -0.824356 0.000139
    outer loop
      vertex -71.562503 102.826795 -4.500000
      vertex -71.569630 102.821901 -4.500000
      vertex -71.553580 102.832796 -5.250000
    endloop
  endfacet
  facet normal 0.561632 -0.827387 -0.000000
    outer loop
      vertex -71.569630 102.821901 -4.500000
      vertex -71.569630 102.821901 -6.000000
      vertex -71.553580 102.832796 -5.250000
    endloop
  endfacet
  facet normal 0.566072 -0.824356 -0.000139
    outer loop
      vertex -71.569630 102.821901 -6.000000
      vertex -71.562503 102.826795 -6.000000
      vertex -71.553580 102.832796 -5.250000
    endloop
  endfacet
  facet normal 0.545509 -0.838105 0.000216
    outer loop
      vertex -71.562503 102.826795 -6.000000
      vertex -71.528288 102.849066 -6.000000
      vertex -71.553580 102.832796 -5.250000
    endloop
  endfacet
  facet normal 0.540995 -0.841026 0.000000
    outer loop
      vertex -71.528288 102.849066 -6.000000
      vertex -71.528288 102.849066 -4.500000
      vertex -71.553580 102.832796 -5.250000
    endloop
  endfacet
  facet normal 0.589785 -0.807560 -0.000000
    outer loop
      vertex -71.569630 102.821901 -4.500000
      vertex -71.609579 102.792725 -4.500000
      vertex -71.569630 102.821901 -6.000000
    endloop
  endfacet
  facet normal 0.589785 -0.807560 0.000000
    outer loop
      vertex -71.609579 102.792725 -4.500000
      vertex -71.609579 102.792725 -6.000000
      vertex -71.569630 102.821901 -6.000000
    endloop
  endfacet
  facet normal 0.629000 -0.777405 0.000000
    outer loop
      vertex -71.609579 102.792725 -4.500000
      vertex -71.648036 102.761609 -4.500000
      vertex -71.609579 102.792725 -6.000000
    endloop
  endfacet
  facet normal 0.629000 -0.777405 -0.000000
    outer loop
      vertex -71.648036 102.761609 -4.500000
      vertex -71.648036 102.761609 -6.000000
      vertex -71.609579 102.792725 -6.000000
    endloop
  endfacet
  facet normal 0.666676 -0.745348 -0.000000
    outer loop
      vertex -71.648036 102.761609 -4.500000
      vertex -71.684908 102.728630 -4.500000
      vertex -71.648036 102.761609 -6.000000
    endloop
  endfacet
  facet normal 0.666676 -0.745348 -0.000000
    outer loop
      vertex -71.684908 102.728630 -4.500000
      vertex -71.684908 102.728630 -6.000000
      vertex -71.648036 102.761609 -6.000000
    endloop
  endfacet
  facet normal 0.702720 -0.711466 -0.000000
    outer loop
      vertex -71.684908 102.728630 -4.500000
      vertex -71.720103 102.693867 -4.500000
      vertex -71.684908 102.728630 -6.000000
    endloop
  endfacet
  facet normal 0.702720 -0.711466 0.000000
    outer loop
      vertex -71.720103 102.693867 -4.500000
      vertex -71.720103 102.693867 -6.000000
      vertex -71.684908 102.728630 -6.000000
    endloop
  endfacet
  facet normal 0.737045 -0.675844 0.000000
    outer loop
      vertex -71.720103 102.693867 -4.500000
      vertex -71.753536 102.657407 -4.500000
      vertex -71.720103 102.693867 -6.000000
    endloop
  endfacet
  facet normal 0.737045 -0.675844 0.000000
    outer loop
      vertex -71.753536 102.657407 -4.500000
      vertex -71.753536 102.657407 -6.000000
      vertex -71.720103 102.693867 -6.000000
    endloop
  endfacet
  facet normal 0.769566 -0.638567 0.000000
    outer loop
      vertex -71.753536 102.657407 -4.500000
      vertex -71.785125 102.619337 -4.500000
      vertex -71.753536 102.657407 -6.000000
    endloop
  endfacet
  facet normal 0.769566 -0.638567 0.000000
    outer loop
      vertex -71.785125 102.619337 -4.500000
      vertex -71.785125 102.619337 -6.000000
      vertex -71.753536 102.657407 -6.000000
    endloop
  endfacet
  facet normal 0.800204 -0.599728 0.000000
    outer loop
      vertex -71.785125 102.619337 -4.500000
      vertex -71.814793 102.579752 -4.500000
      vertex -71.785125 102.619337 -6.000000
    endloop
  endfacet
  facet normal 0.800204 -0.599728 0.000000
    outer loop
      vertex -71.814793 102.579752 -4.500000
      vertex -71.814793 102.579752 -6.000000
      vertex -71.785125 102.619337 -6.000000
    endloop
  endfacet
  facet normal 0.828884 -0.559421 0.000000
    outer loop
      vertex -71.814793 102.579752 -4.500000
      vertex -71.842467 102.538748 -4.500000
      vertex -71.814793 102.579752 -6.000000
    endloop
  endfacet
  facet normal 0.828884 -0.559421 -0.000000
    outer loop
      vertex -71.842467 102.538748 -4.500000
      vertex -71.842467 102.538748 -6.000000
      vertex -71.814793 102.579752 -6.000000
    endloop
  endfacet
  facet normal 0.855534 -0.517746 -0.000000
    outer loop
      vertex -71.842467 102.538748 -4.500000
      vertex -71.868079 102.496427 -4.500000
      vertex -71.842467 102.538748 -6.000000
    endloop
  endfacet
  facet normal 0.855534 -0.517746 0.000000
    outer loop
      vertex -71.868079 102.496427 -4.500000
      vertex -71.868079 102.496427 -6.000000
      vertex -71.842467 102.538748 -6.000000
    endloop
  endfacet
  facet normal 0.880092 -0.474804 0.000000
    outer loop
      vertex -71.868079 102.496427 -4.500000
      vertex -71.891566 102.452891 -4.500000
      vertex -71.868079 102.496427 -6.000000
    endloop
  endfacet
  facet normal 0.880092 -0.474804 0.000000
    outer loop
      vertex -71.891566 102.452891 -4.500000
      vertex -71.891566 102.452891 -6.000000
      vertex -71.868079 102.496427 -6.000000
    endloop
  endfacet
  facet normal 0.902483 -0.430726 0.000000
    outer loop
      vertex -71.891566 102.452891 -4.500000
      vertex -71.912848 102.408299 -4.500000
      vertex -71.891566 102.452891 -6.000000
    endloop
  endfacet
  facet normal 0.902483 -0.430726 0.000000
    outer loop
      vertex -71.912848 102.408299 -4.500000
      vertex -71.912848 102.408299 -6.000000
      vertex -71.891566 102.452891 -6.000000
    endloop
  endfacet
  facet normal 0.922679 -0.385568 0.000000
    outer loop
      vertex -71.912848 102.408299 -4.500000
      vertex -71.931944 102.362602 -4.500000
      vertex -71.912848 102.408299 -6.000000
    endloop
  endfacet
  facet normal 0.922679 -0.385568 0.000000
    outer loop
      vertex -71.931944 102.362602 -4.500000
      vertex -71.931944 102.362602 -6.000000
      vertex -71.912848 102.408299 -6.000000
    endloop
  endfacet
  facet normal 0.940628 -0.339440 0.000000
    outer loop
      vertex -71.931944 102.362602 -4.500000
      vertex -71.948736 102.316070 -4.500000
      vertex -71.931944 102.362602 -6.000000
    endloop
  endfacet
  facet normal 0.940628 -0.339440 0.000000
    outer loop
      vertex -71.948736 102.316070 -4.500000
      vertex -71.948736 102.316070 -6.000000
      vertex -71.931944 102.362602 -6.000000
    endloop
  endfacet
  facet normal 0.956263 -0.292507 0.000000
    outer loop
      vertex -71.948736 102.316070 -4.500000
      vertex -71.963206 102.268765 -4.500000
      vertex -71.948736 102.316070 -6.000000
    endloop
  endfacet
  facet normal 0.956263 -0.292507 0.000000
    outer loop
      vertex -71.963206 102.268765 -4.500000
      vertex -71.963206 102.268765 -6.000000
      vertex -71.948736 102.316070 -6.000000
    endloop
  endfacet
  facet normal 0.969559 -0.244858 0.000000
    outer loop
      vertex -71.963206 102.268765 -4.500000
      vertex -71.975319 102.220801 -4.500000
      vertex -71.963206 102.268765 -6.000000
    endloop
  endfacet
  facet normal 0.969559 -0.244858 0.000000
    outer loop
      vertex -71.975319 102.220801 -4.500000
      vertex -71.975319 102.220801 -6.000000
      vertex -71.963206 102.268765 -6.000000
    endloop
  endfacet
  facet normal 0.980482 -0.196609 0.000000
    outer loop
      vertex -71.975319 102.220801 -4.500000
      vertex -71.985045 102.172296 -4.500000
      vertex -71.975319 102.220801 -6.000000
    endloop
  endfacet
  facet normal 0.980482 -0.196609 0.000000
    outer loop
      vertex -71.985045 102.172296 -4.500000
      vertex -71.985045 102.172296 -6.000000
      vertex -71.975319 102.220801 -6.000000
    endloop
  endfacet
  facet normal 0.989006 -0.147879 0.000000
    outer loop
      vertex -71.985045 102.172296 -4.500000
      vertex -71.992361 102.123370 -4.500000
      vertex -71.985045 102.172296 -6.000000
    endloop
  endfacet
  facet normal 0.989006 -0.147879 0.000000
    outer loop
      vertex -71.992361 102.123370 -4.500000
      vertex -71.992361 102.123370 -6.000000
      vertex -71.985045 102.172296 -6.000000
    endloop
  endfacet
  facet normal 0.995108 -0.098789 0.000000
    outer loop
      vertex -71.992361 102.123370 -4.500000
      vertex -71.997247 102.074147 -4.500000
      vertex -71.992361 102.123370 -6.000000
    endloop
  endfacet
  facet normal 0.995108 -0.098789 0.000000
    outer loop
      vertex -71.997247 102.074147 -4.500000
      vertex -71.997247 102.074147 -6.000000
      vertex -71.992361 102.123370 -6.000000
    endloop
  endfacet
  facet normal 0.998776 -0.049457 0.000000
    outer loop
      vertex -71.997247 102.074147 -4.500000
      vertex -71.999694 102.024737 -4.500000
      vertex -71.997247 102.074147 -6.000000
    endloop
  endfacet
  facet normal 0.998776 -0.049457 0.000000
    outer loop
      vertex -71.999694 102.024737 -4.500000
      vertex -71.999694 102.024737 -6.000000
      vertex -71.997247 102.074147 -6.000000
    endloop
  endfacet
  facet normal 1.000000 0.000000 0.000000
    outer loop
      vertex -71.999694 102.024737 -4.500000
      vertex -71.999694 101.975263 -4.500000
      vertex -71.999694 102.024737 -6.000000
    endloop
  endfacet
  facet normal 1.000000 0.000000 0.000000
    outer loop
      vertex -71.999694 101.975263 -4.500000
      vertex -71.999694 101.975263 -6.000000
      vertex -71.999694 102.024737 -6.000000
    endloop
  endfacet
  facet normal 0.998776 0.049457 0.000000
    outer loop
      vertex -71.999694 101.975263 -4.500000
      vertex -71.997247 101.925853 -4.500000
      vertex -71.999694 101.975263 -6.000000
    endloop
  endfacet
  facet normal 0.998776 0.049457 0.000000
    outer loop
      vertex -71.997247 101.925853 -4.500000
      vertex -71.997247 101.925853 -6.000000
      vertex -71.999694 101.975263 -6.000000
    endloop
  endfacet
  facet normal 0.995108 0.098789 0.000000
    outer loop
      vertex -71.997247 101.925853 -4.500000
      vertex -71.992361 101.876630 -4.500000
      vertex -71.997247 101.925853 -6.000000
    endloop
  endfacet
  facet normal 0.995108 0.098789 0.000000
    outer loop
      vertex -71.992361 101.876630 -4.500000
      vertex -71.992361 101.876630 -6.000000
      vertex -71.997247 101.925853 -6.000000
    endloop
  endfacet
  facet normal 0.989006 0.147879 0.000000
    outer loop
      vertex -71.992361 101.876630 -4.500000
      vertex -71.985045 101.827704 -4.500000
      vertex -71.992361 101.876630 -6.000000
    endloop
  endfacet
  facet normal 0.989006 0.147879 0.000000
    outer loop
      vertex -71.985045 101.827704 -4.500000
      vertex -71.985045 101.827704 -6.000000
      vertex -71.992361 101.876630 -6.000000
    endloop
  endfacet
  facet normal 0.980482 0.196609 0.000000
    outer loop
      vertex -71.985045 101.827704 -4.500000
      vertex -71.975319 101.779199 -4.500000
      vertex -71.985045 101.827704 -6.000000
    endloop
  endfacet
  facet normal 0.980482 0.196609 0.000000
    outer loop
      vertex -71.975319 101.779199 -4.500000
      vertex -71.975319 101.779199 -6.000000
      vertex -71.985045 101.827704 -6.000000
    endloop
  endfacet
  facet normal 0.969559 0.244858 0.000000
    outer loop
      vertex -71.975319 101.779199 -4.500000
      vertex -71.963206 101.731235 -4.500000
      vertex -71.975319 101.779199 -6.000000
    endloop
  endfacet
  facet normal 0.969559 0.244858 0.000000
    outer loop
      vertex -71.963206 101.731235 -4.500000
      vertex -71.963206 101.731235 -6.000000
      vertex -71.975319 101.779199 -6.000000
    endloop
  endfacet
  facet normal 0.956263 0.292507 0.000000
    outer loop
      vertex -71.963206 101.731235 -4.500000
      vertex -71.948736 101.683930 -4.500000
      vertex -71.963206 101.731235 -6.000000
    endloop
  endfacet
  facet normal 0.956263 0.292507 0.000000
    outer loop
      vertex -71.948736 101.683930 -4.500000
      vertex -71.948736 101.683930 -6.000000
      vertex -71.963206 101.731235 -6.000000
    endloop
  endfacet
  facet normal 0.940628 0.339440 0.000000
    outer loop
      vertex -71.948736 101.683930 -4.500000
      vertex -71.931944 101.637398 -4.500000
      vertex -71.948736 101.683930 -6.000000
    endloop
  endfacet
  facet normal 0.940628 0.339440 0.000000
    outer loop
      vertex -71.931944 101.637398 -4.500000
      vertex -71.931944 101.637398 -6.000000
      vertex -71.948736 101.683930 -6.000000
    endloop
  endfacet
  facet normal 0.922679 0.385568 0.000000
    outer loop
      vertex -71.931944 101.637398 -4.500000
      vertex -71.912848 101.591701 -4.500000
      vertex -71.931944 101.637398 -6.000000
    endloop
  endfacet
  facet normal 0.922679 0.385568 0.000000
    outer loop
      vertex -71.912848 101.591701 -4.500000
      vertex -71.912848 101.591701 -6.000000
      vertex -71.931944 101.637398 -6.000000
    endloop
  endfacet
  facet normal 0.902483 0.430726 0.000000
    outer loop
      vertex -71.912848 101.591701 -4.500000
      vertex -71.891566 101.547109 -4.500000
      vertex -71.912848 101.591701 -6.000000
    endloop
  endfacet
  facet normal 0.902483 0.430726 0.000000
    outer loop
      vertex -71.891566 101.547109 -4.500000
      vertex -71.891566 101.547109 -6.000000
      vertex -71.912848 101.591701 -6.000000
    endloop
  endfacet
  facet normal 0.880092 0.474804 0.000000
    outer loop
      vertex -71.891566 101.547109 -4.500000
      vertex -71.868079 101.503573 -4.500000
      vertex -71.891566 101.547109 -6.000000
    endloop
  endfacet
  facet normal 0.880092 0.474804 0.000000
    outer loop
      vertex -71.868079 101.503573 -4.500000
      vertex -71.868079 101.503573 -6.000000
      vertex -71.891566 101.547109 -6.000000
    endloop
  endfacet
  facet normal 0.855534 0.517746 0.000000
    outer loop
      vertex -71.868079 101.503573 -4.500000
      vertex -71.842467 101.461252 -4.500000
      vertex -71.868079 101.503573 -6.000000
    endloop
  endfacet
  facet normal 0.855534 0.517746 0.000000
    outer loop
      vertex -71.842467 101.461252 -4.500000
      vertex -71.842467 101.461252 -6.000000
      vertex -71.868079 101.503573 -6.000000
    endloop
  endfacet
  facet normal 0.828884 0.559421 0.000000
    outer loop
      vertex -71.842467 101.461252 -4.500000
      vertex -71.814793 101.420248 -4.500000
      vertex -71.842467 101.461252 -6.000000
    endloop
  endfacet
  facet normal 0.828884 0.559421 0.000000
    outer loop
      vertex -71.814793 101.420248 -4.500000
      vertex -71.814793 101.420248 -6.000000
      vertex -71.842467 101.461252 -6.000000
    endloop
  endfacet
  facet normal 0.800204 0.599728 0.000000
    outer loop
      vertex -71.814793 101.420248 -4.500000
      vertex -71.785125 101.380663 -4.500000
      vertex -71.814793 101.420248 -6.000000
    endloop
  endfacet
  facet normal 0.800204 0.599728 0.000000
    outer loop
      vertex -71.785125 101.380663 -4.500000
      vertex -71.785125 101.380663 -6.000000
      vertex -71.814793 101.420248 -6.000000
    endloop
  endfacet
  facet normal 0.769566 0.638567 0.000000
    outer loop
      vertex -71.785125 101.380663 -4.500000
      vertex -71.753536 101.342593 -4.500000
      vertex -71.785125 101.380663 -6.000000
    endloop
  endfacet
  facet normal 0.769566 0.638567 0.000000
    outer loop
      vertex -71.753536 101.342593 -4.500000
      vertex -71.753536 101.342593 -6.000000
      vertex -71.785125 101.380663 -6.000000
    endloop
  endfacet
  facet normal 0.737045 0.675844 0.000000
    outer loop
      vertex -71.753536 101.342593 -4.500000
      vertex -71.720103 101.306133 -4.500000
      vertex -71.753536 101.342593 -6.000000
    endloop
  endfacet
  facet normal 0.737045 0.675844 0.000000
    outer loop
      vertex -71.720103 101.306133 -4.500000
      vertex -71.720103 101.306133 -6.000000
      vertex -71.753536 101.342593 -6.000000
    endloop
  endfacet
  facet normal 0.702720 0.711466 0.000000
    outer loop
      vertex -71.720103 101.306133 -4.500000
      vertex -71.684908 101.271370 -4.500000
      vertex -71.684908 101.271370 -6.000000
    endloop
  endfacet
  facet normal 0.702720 0.711466 0.000000
    outer loop
      vertex -71.720103 101.306133 -4.500000
      vertex -71.684908 101.271370 -6.000000
      vertex -71.720103 101.306133 -6.000000
    endloop
  endfacet
  facet normal 0.666676 0.745348 0.000000
    outer loop
      vertex -71.684908 101.271370 -4.500000
      vertex -71.648036 101.238391 -4.500000
      vertex -71.648036 101.238391 -6.000000
    endloop
  endfacet
  facet normal 0.666676 0.745348 0.000000
    outer loop
      vertex -71.684908 101.271370 -4.500000
      vertex -71.648036 101.238391 -6.000000
      vertex -71.684908 101.271370 -6.000000
    endloop
  endfacet
  facet normal 0.629000 0.777405 0.000000
    outer loop
      vertex -71.648036 101.238391 -4.500000
      vertex -71.609579 101.207275 -4.500000
      vertex -71.648036 101.238391 -6.000000
    endloop
  endfacet
  facet normal 0.629000 0.777405 0.000000
    outer loop
      vertex -71.609579 101.207275 -4.500000
      vertex -71.609579 101.207275 -6.000000
      vertex -71.648036 101.238391 -6.000000
    endloop
  endfacet
  facet normal 0.589785 0.807560 0.000000
    outer loop
      vertex -71.609579 101.207275 -4.500000
      vertex -71.569630 101.178099 -4.500000
      vertex -71.609579 101.207275 -6.000000
    endloop
  endfacet
  facet normal 0.589785 0.807560 0.000000
    outer loop
      vertex -71.569630 101.178099 -4.500000
      vertex -71.569630 101.178099 -6.000000
      vertex -71.609579 101.207275 -6.000000
    endloop
  endfacet
  facet normal 0.566072 0.824356 0.000139
    outer loop
      vertex -71.569630 101.178099 -4.500000
      vertex -71.562503 101.173205 -4.500000
      vertex -71.553580 101.167204 -5.250000
    endloop
  endfacet
  facet normal 0.545509 0.838105 -0.000216
    outer loop
      vertex -71.562503 101.173205 -4.500000
      vertex -71.528288 101.150934 -4.500000
      vertex -71.553580 101.167204 -5.250000
    endloop
  endfacet
  facet normal 0.540995 0.841026 0.000000
    outer loop
      vertex -71.528288 101.150934 -4.500000
      vertex -71.528288 101.150934 -6.000000
      vertex -71.553580 101.167204 -5.250000
    endloop
  endfacet
  facet normal 0.545509 0.838105 0.000216
    outer loop
      vertex -71.528288 101.150934 -6.000000
      vertex -71.562503 101.173205 -6.000000
      vertex -71.553580 101.167204 -5.250000
    endloop
  endfacet
  facet normal 0.566072 0.824356 -0.000139
    outer loop
      vertex -71.562503 101.173205 -6.000000
      vertex -71.569630 101.178099 -6.000000
      vertex -71.553580 101.167204 -5.250000
    endloop
  endfacet
  facet normal 0.561632 0.827387 -0.000000
    outer loop
      vertex -71.569630 101.178099 -6.000000
      vertex -71.569630 101.178099 -4.500000
      vertex -71.553580 101.167204 -5.250000
    endloop
  endfacet
  facet normal 0.507125 0.861872 0.000000
    outer loop
      vertex -71.528288 101.150934 -4.500000
      vertex -71.485653 101.125848 -4.500000
      vertex -71.528288 101.150934 -6.000000
    endloop
  endfacet
  facet normal 0.507125 0.861872 0.000000
    outer loop
      vertex -71.485653 101.125848 -4.500000
      vertex -71.485653 101.125848 -6.000000
      vertex -71.528288 101.150934 -6.000000
    endloop
  endfacet
  facet normal 0.463883 0.885897 0.000000
    outer loop
      vertex -71.485653 101.125848 -4.500000
      vertex -71.441829 101.102901 -4.500000
      vertex -71.485653 101.125848 -6.000000
    endloop
  endfacet
  facet normal 0.463883 0.885897 0.000000
    outer loop
      vertex -71.441829 101.102901 -4.500000
      vertex -71.441829 101.102901 -6.000000
      vertex -71.485653 101.125848 -6.000000
    endloop
  endfacet
  facet normal 0.419470 0.907769 0.000000
    outer loop
      vertex -71.441829 101.102901 -4.500000
      vertex -71.396853 101.082118 -4.500000
      vertex -71.441829 101.102901 -6.000000
    endloop
  endfacet
  facet normal 0.419470 0.907769 0.000000
    outer loop
      vertex -71.396853 101.082118 -4.500000
      vertex -71.396853 101.082118 -6.000000
      vertex -71.441829 101.102901 -6.000000
    endloop
  endfacet
  facet normal 0.374064 0.927403 0.000000
    outer loop
      vertex -71.396853 101.082118 -4.500000
      vertex -71.351048 101.063642 -4.500000
      vertex -71.396853 101.082118 -6.000000
    endloop
  endfacet
  facet normal 0.374064 0.927403 -0.000000
    outer loop
      vertex -71.351048 101.063642 -4.500000
      vertex -71.351048 101.063642 -6.000000
      vertex -71.396853 101.082118 -6.000000
    endloop
  endfacet
  facet normal 0.327772 0.944757 -0.000000
    outer loop
      vertex -71.351048 101.063642 -4.500000
      vertex -71.304296 101.047422 -4.500000
      vertex -71.351048 101.063642 -6.000000
    endloop
  endfacet
  facet normal 0.327772 0.944757 0.000000
    outer loop
      vertex -71.304296 101.047422 -4.500000
      vertex -71.304296 101.047422 -6.000000
      vertex -71.351048 101.063642 -6.000000
    endloop
  endfacet
  facet normal 0.280649 0.959810 0.000000
    outer loop
      vertex -71.304296 101.047422 -4.500000
      vertex -71.256831 101.033544 -4.500000
      vertex -71.304296 101.047422 -6.000000
    endloop
  endfacet
  facet normal 0.280649 0.959810 0.000000
    outer loop
      vertex -71.256831 101.033544 -4.500000
      vertex -71.256831 101.033544 -6.000000
      vertex -71.304296 101.047422 -6.000000
    endloop
  endfacet
  facet normal 0.232848 0.972513 0.000000
    outer loop
      vertex -71.256831 101.033544 -4.500000
      vertex -71.208721 101.022025 -4.500000
      vertex -71.256831 101.033544 -6.000000
    endloop
  endfacet
  facet normal 0.232848 0.972513 0.000000
    outer loop
      vertex -71.208721 101.022025 -4.500000
      vertex -71.208721 101.022025 -6.000000
      vertex -71.256831 101.033544 -6.000000
    endloop
  endfacet
  facet normal 0.184467 0.982839 0.000000
    outer loop
      vertex -71.208721 101.022025 -4.500000
      vertex -71.160099 101.012899 -4.500000
      vertex -71.208721 101.022025 -6.000000
    endloop
  endfacet
  facet normal 0.184467 0.982839 0.000000
    outer loop
      vertex -71.160099 101.012899 -4.500000
      vertex -71.160099 101.012899 -6.000000
      vertex -71.208721 101.022025 -6.000000
    endloop
  endfacet
  facet normal 0.135635 0.990759 0.000000
    outer loop
      vertex -71.160099 101.012899 -4.500000
      vertex -71.111088 101.006189 -4.500000
      vertex -71.111088 101.006189 -6.000000
    endloop
  endfacet
  facet normal 0.135635 0.990759 0.000000
    outer loop
      vertex -71.160099 101.012899 -4.500000
      vertex -71.111088 101.006189 -6.000000
      vertex -71.160099 101.012899 -6.000000
    endloop
  endfacet
  facet normal 0.086475 0.996254 0.000000
    outer loop
      vertex -71.111088 101.006189 -4.500000
      vertex -71.061809 101.001912 -4.500000
      vertex -71.061809 101.001912 -6.000000
    endloop
  endfacet
  facet normal 0.086475 0.996254 0.000000
    outer loop
      vertex -71.111088 101.006189 -4.500000
      vertex -71.061809 101.001912 -6.000000
      vertex -71.111088 101.006189 -6.000000
    endloop
  endfacet
  facet normal 0.037100 0.999312 0.000000
    outer loop
      vertex -71.061809 101.001912 -4.500000
      vertex -71.012370 101.000077 -4.500000
      vertex -71.061809 101.001912 -6.000000
    endloop
  endfacet
  facet normal 0.037100 0.999312 0.000000
    outer loop
      vertex -71.012370 101.000077 -4.500000
      vertex -71.012370 101.000077 -6.000000
      vertex -71.061809 101.001912 -6.000000
    endloop
  endfacet
  facet normal -0.012369 0.999923 0.000000
    outer loop
      vertex -71.012370 101.000077 -4.500000
      vertex -70.962899 101.000688 -4.500000
      vertex -71.012370 101.000077 -6.000000
    endloop
  endfacet
  facet normal -0.012369 0.999923 0.000000
    outer loop
      vertex -70.962899 101.000688 -4.500000
      vertex -70.962899 101.000688 -6.000000
      vertex -71.012370 101.000077 -6.000000
    endloop
  endfacet
  facet normal -0.061807 0.998088 0.000000
    outer loop
      vertex -70.962899 101.000688 -4.500000
      vertex -70.913525 101.003746 -4.500000
      vertex -70.962899 101.000688 -6.000000
    endloop
  endfacet
  facet normal -0.061807 0.998088 0.000000
    outer loop
      vertex -70.913525 101.003746 -4.500000
      vertex -70.913525 101.003746 -6.000000
      vertex -70.962899 101.000688 -6.000000
    endloop
  endfacet
  facet normal -0.111119 0.993807 0.000000
    outer loop
      vertex -70.913525 101.003746 -4.500000
      vertex -70.864305 101.009249 -4.500000
      vertex -70.913525 101.003746 -6.000000
    endloop
  endfacet
  facet normal -0.111119 0.993807 0.000000
    outer loop
      vertex -70.864305 101.009249 -4.500000
      vertex -70.864305 101.009249 -6.000000
      vertex -70.913525 101.003746 -6.000000
    endloop
  endfacet
  facet normal -0.160130 0.987096 0.000000
    outer loop
      vertex -70.864305 101.009249 -4.500000
      vertex -70.815533 101.017161 -4.500000
      vertex -70.864305 101.009249 -6.000000
    endloop
  endfacet
  facet normal -0.160130 0.987096 0.000000
    outer loop
      vertex -70.815533 101.017161 -4.500000
      vertex -70.815533 101.017161 -6.000000
      vertex -70.864305 101.009249 -6.000000
    endloop
  endfacet
  facet normal -0.208721 0.977975 0.000000
    outer loop
      vertex -70.815533 101.017161 -4.500000
      vertex -70.767152 101.027487 -4.500000
      vertex -70.815533 101.017161 -6.000000
    endloop
  endfacet
  facet normal -0.208721 0.977975 0.000000
    outer loop
      vertex -70.767152 101.027487 -4.500000
      vertex -70.767152 101.027487 -6.000000
      vertex -70.815533 101.017161 -6.000000
    endloop
  endfacet
  facet normal -0.256831 0.966456 0.000000
    outer loop
      vertex -70.767152 101.027487 -4.500000
      vertex -70.719342 101.040192 -4.500000
      vertex -70.767152 101.027487 -6.000000
    endloop
  endfacet
  facet normal -0.256831 0.966456 0.000000
    outer loop
      vertex -70.719342 101.040192 -4.500000
      vertex -70.719342 101.040192 -6.000000
      vertex -70.767152 101.027487 -6.000000
    endloop
  endfacet
  facet normal -0.304312 0.952572 0.000000
    outer loop
      vertex -70.719342 101.040192 -4.500000
      vertex -70.672220 101.055246 -4.500000
      vertex -70.719342 101.040192 -6.000000
    endloop
  endfacet
  facet normal -0.304312 0.952572 0.000000
    outer loop
      vertex -70.672220 101.055246 -4.500000
      vertex -70.672220 101.055246 -6.000000
      vertex -70.719342 101.040192 -6.000000
    endloop
  endfacet
  facet normal -0.351048 0.936358 0.000000
    outer loop
      vertex -70.672220 101.055246 -4.500000
      vertex -70.625900 101.072612 -4.500000
      vertex -70.672220 101.055246 -6.000000
    endloop
  endfacet
  facet normal -0.351048 0.936358 0.000000
    outer loop
      vertex -70.625900 101.072612 -4.500000
      vertex -70.625900 101.072612 -6.000000
      vertex -70.672220 101.055246 -6.000000
    endloop
  endfacet
  facet normal -0.396924 0.917851 0.000000
    outer loop
      vertex -70.625900 101.072612 -4.500000
      vertex -70.580495 101.092247 -4.500000
      vertex -70.625900 101.072612 -6.000000
    endloop
  endfacet
  facet normal -0.396924 0.917851 0.000000
    outer loop
      vertex -70.580495 101.092247 -4.500000
      vertex -70.580495 101.092247 -6.000000
      vertex -70.625900 101.072612 -6.000000
    endloop
  endfacet
  facet normal -0.441829 0.897099 0.000000
    outer loop
      vertex -70.580495 101.092247 -4.500000
      vertex -70.536117 101.114103 -4.500000
      vertex -70.580495 101.092247 -6.000000
    endloop
  endfacet
  facet normal -0.441829 0.897099 0.000000
    outer loop
      vertex -70.536117 101.114103 -4.500000
      vertex -70.536117 101.114103 -6.000000
      vertex -70.580495 101.092247 -6.000000
    endloop
  endfacet
  facet normal -0.485653 0.874152 0.000000
    outer loop
      vertex -70.536117 101.114103 -4.500000
      vertex -70.492875 101.138128 -4.500000
      vertex -70.536117 101.114103 -6.000000
    endloop
  endfacet
  facet normal -0.485653 0.874152 0.000000
    outer loop
      vertex -70.492875 101.138128 -4.500000
      vertex -70.492875 101.138128 -6.000000
      vertex -70.536117 101.114103 -6.000000
    endloop
  endfacet
  facet normal -0.528288 0.849065 0.000000
    outer loop
      vertex -70.492875 101.138128 -4.500000
      vertex -70.450873 101.164261 -4.500000
      vertex -70.492875 101.138128 -6.000000
    endloop
  endfacet
  facet normal -0.528288 0.849065 0.000000
    outer loop
      vertex -70.450873 101.164261 -4.500000
      vertex -70.450873 101.164261 -6.000000
      vertex -70.492875 101.138128 -6.000000
    endloop
  endfacet
  facet normal -0.569630 0.821901 -0.000000
    outer loop
      vertex -70.450873 101.164261 -4.500000
      vertex -70.410215 101.192440 -4.500000
      vertex -70.410215 101.192440 -6.000000
    endloop
  endfacet
  facet normal -0.569630 0.821901 0.000000
    outer loop
      vertex -70.450873 101.164261 -4.500000
      vertex -70.410215 101.192440 -6.000000
      vertex -70.450873 101.164261 -6.000000
    endloop
  endfacet
  facet normal -0.609579 0.792725 0.000000
    outer loop
      vertex -70.410215 101.192440 -4.500000
      vertex -70.371000 101.222595 -4.500000
      vertex -70.371000 101.222595 -6.000000
    endloop
  endfacet
  facet normal -0.609579 0.792725 -0.000000
    outer loop
      vertex -70.410215 101.192440 -4.500000
      vertex -70.371000 101.222595 -6.000000
      vertex -70.410215 101.192440 -6.000000
    endloop
  endfacet
  facet normal -0.648036 0.761609 -0.000000
    outer loop
      vertex -70.371000 101.222595 -4.500000
      vertex -70.333324 101.254652 -4.500000
      vertex -70.333324 101.254652 -6.000000
    endloop
  endfacet
  facet normal -0.648036 0.761609 0.000000
    outer loop
      vertex -70.371000 101.222595 -4.500000
      vertex -70.333324 101.254652 -6.000000
      vertex -70.371000 101.222595 -6.000000
    endloop
  endfacet
  facet normal -0.684908 0.728630 -0.000000
    outer loop
      vertex -70.333324 101.254652 -4.500000
      vertex -70.297280 101.288534 -4.500000
      vertex -70.297280 101.288534 -6.000000
    endloop
  endfacet
  facet normal -0.684908 0.728630 -0.000000
    outer loop
      vertex -70.333324 101.254652 -4.500000
      vertex -70.297280 101.288534 -6.000000
      vertex -70.333324 101.254652 -6.000000
    endloop
  endfacet
  facet normal -0.720103 0.693867 -0.000000
    outer loop
      vertex -70.297280 101.288534 -4.500000
      vertex -70.262955 101.324156 -4.500000
      vertex -70.262955 101.324156 -6.000000
    endloop
  endfacet
  facet normal -0.720103 0.693867 0.000000
    outer loop
      vertex -70.297280 101.288534 -4.500000
      vertex -70.262955 101.324156 -6.000000
      vertex -70.297280 101.288534 -6.000000
    endloop
  endfacet
  facet normal -0.753536 0.657407 0.000000
    outer loop
      vertex -70.262955 101.324156 -4.500000
      vertex -70.230434 101.361433 -4.500000
      vertex -70.230434 101.361433 -6.000000
    endloop
  endfacet
  facet normal -0.753536 0.657407 -0.000000
    outer loop
      vertex -70.262955 101.324156 -4.500000
      vertex -70.230434 101.361433 -6.000000
      vertex -70.262955 101.324156 -6.000000
    endloop
  endfacet
  facet normal -0.785097 0.619373 0.000000
    outer loop
      vertex -70.230434 101.361433 -4.500000
      vertex -70.199851 101.400199 -4.500000
      vertex -70.230434 101.361433 -6.000000
    endloop
  endfacet
  facet normal -0.785097 0.619373 0.000000
    outer loop
      vertex -70.199851 101.400199 -4.500000
      vertex -70.199851 101.400199 -6.000000
      vertex -70.230434 101.361433 -6.000000
    endloop
  endfacet
  facet normal -0.814767 0.579789 0.000000
    outer loop
      vertex -70.199851 101.400199 -4.500000
      vertex -70.171116 101.440579 -4.500000
      vertex -70.199851 101.400199 -6.000000
    endloop
  endfacet
  facet normal -0.814767 0.579789 0.000000
    outer loop
      vertex -70.171116 101.440579 -4.500000
      vertex -70.171116 101.440579 -6.000000
      vertex -70.199851 101.400199 -6.000000
    endloop
  endfacet
  facet normal -0.842467 0.538748 0.000000
    outer loop
      vertex -70.171116 101.440579 -4.500000
      vertex -70.144466 101.482254 -4.500000
      vertex -70.171116 101.440579 -6.000000
    endloop
  endfacet
  facet normal -0.842467 0.538748 0.000000
    outer loop
      vertex -70.144466 101.482254 -4.500000
      vertex -70.144466 101.482254 -6.000000
      vertex -70.171116 101.440579 -6.000000
    endloop
  endfacet
  facet normal -0.868079 0.496427 0.000000
    outer loop
      vertex -70.144466 101.482254 -4.500000
      vertex -70.119908 101.525196 -4.500000
      vertex -70.144466 101.482254 -6.000000
    endloop
  endfacet
  facet normal -0.868079 0.496427 0.000000
    outer loop
      vertex -70.119908 101.525196 -4.500000
      vertex -70.119908 101.525196 -6.000000
      vertex -70.144466 101.482254 -6.000000
    endloop
  endfacet
  facet normal -0.891566 0.452890 0.000000
    outer loop
      vertex -70.119908 101.525196 -4.500000
      vertex -70.097505 101.569300 -4.500000
      vertex -70.119908 101.525196 -6.000000
    endloop
  endfacet
  facet normal -0.891566 0.452890 0.000000
    outer loop
      vertex -70.097505 101.569300 -4.500000
      vertex -70.097505 101.569300 -6.000000
      vertex -70.119908 101.525196 -6.000000
    endloop
  endfacet
  facet normal -0.912872 0.408246 0.000000
    outer loop
      vertex -70.097505 101.569300 -4.500000
      vertex -70.077310 101.614458 -4.500000
      vertex -70.097505 101.569300 -6.000000
    endloop
  endfacet
  facet normal -0.912872 0.408246 0.000000
    outer loop
      vertex -70.077310 101.614458 -4.500000
      vertex -70.077310 101.614458 -6.000000
      vertex -70.097505 101.569300 -6.000000
    endloop
  endfacet
  facet normal -0.931944 0.362602 0.000000
    outer loop
      vertex -70.077310 101.614458 -4.500000
      vertex -70.059372 101.660560 -4.500000
      vertex -70.077310 101.614458 -6.000000
    endloop
  endfacet
  facet normal -0.931944 0.362602 0.000000
    outer loop
      vertex -70.059372 101.660560 -4.500000
      vertex -70.059372 101.660560 -6.000000
      vertex -70.077310 101.614458 -6.000000
    endloop
  endfacet
  facet normal -0.948736 0.316070 0.000000
    outer loop
      vertex -70.059372 101.660560 -4.500000
      vertex -70.043737 101.707493 -4.500000
      vertex -70.059372 101.660560 -6.000000
    endloop
  endfacet
  facet normal -0.948736 0.316070 0.000000
    outer loop
      vertex -70.043737 101.707493 -4.500000
      vertex -70.043737 101.707493 -6.000000
      vertex -70.059372 101.660560 -6.000000
    endloop
  endfacet
  facet normal -0.963206 0.268765 0.000000
    outer loop
      vertex -70.043737 101.707493 -4.500000
      vertex -70.030441 101.755142 -4.500000
      vertex -70.043737 101.707493 -6.000000
    endloop
  endfacet
  facet normal -0.963206 0.268765 0.000000
    outer loop
      vertex -70.030441 101.755142 -4.500000
      vertex -70.030441 101.755142 -6.000000
      vertex -70.043737 101.707493 -6.000000
    endloop
  endfacet
  facet normal -0.975319 0.220801 0.000000
    outer loop
      vertex -70.030441 101.755142 -4.500000
      vertex -70.019518 101.803391 -4.500000
      vertex -70.030441 101.755142 -6.000000
    endloop
  endfacet
  facet normal -0.975319 0.220801 0.000000
    outer loop
      vertex -70.019518 101.803391 -4.500000
      vertex -70.019518 101.803391 -6.000000
      vertex -70.030441 101.755142 -6.000000
    endloop
  endfacet
  facet normal -0.985045 0.172296 0.000000
    outer loop
      vertex -70.019518 101.803391 -4.500000
      vertex -70.010994 101.852122 -4.500000
      vertex -70.019518 101.803391 -6.000000
    endloop
  endfacet
  facet normal -0.985045 0.172296 0.000000
    outer loop
      vertex -70.010994 101.852122 -4.500000
      vertex -70.010994 101.852122 -6.000000
      vertex -70.019518 101.803391 -6.000000
    endloop
  endfacet
  facet normal -0.992361 0.123371 0.000000
    outer loop
      vertex -70.010994 101.852122 -4.500000
      vertex -70.004892 101.901211 -4.500000
      vertex -70.010994 101.852122 -6.000000
    endloop
  endfacet
  facet normal -0.992361 0.123371 0.000000
    outer loop
      vertex -70.004892 101.901211 -4.500000
      vertex -70.004892 101.901211 -6.000000
      vertex -70.010994 101.852122 -6.000000
    endloop
  endfacet
  facet normal -0.997247 0.074147 0.000000
    outer loop
      vertex -70.004892 101.901211 -4.500000
      vertex -70.001224 101.950541 -4.500000
      vertex -70.004892 101.901211 -6.000000
    endloop
  endfacet
  facet normal -0.997247 0.074147 0.000000
    outer loop
      vertex -70.001224 101.950541 -4.500000
      vertex -70.001224 101.950541 -6.000000
      vertex -70.004892 101.901211 -6.000000
    endloop
  endfacet
  facet normal -0.999694 0.024737 0.000000
    outer loop
      vertex -70.001224 101.950541 -4.500000
      vertex -70.000000 102.000000 -4.500000
      vertex -70.001224 101.950541 -6.000000
    endloop
  endfacet
  facet normal -0.999694 0.024737 0.000000
    outer loop
      vertex -70.000000 102.000000 -4.500000
      vertex -70.000000 102.000000 -6.000000
      vertex -70.001224 101.950541 -6.000000
    endloop
  endfacet
  facet normal 1.000000 -0.000000 0.000000
    outer loop
      vertex -73.500000 112.333333 -4.500000
      vertex -73.500000 108.000000 -4.500000
      vertex -73.500000 112.333333 -6.000000
    endloop
  endfacet
  facet normal 1.000000 -0.000000 0.000000
    outer loop
      vertex -73.500000 108.000000 -4.500000
      vertex -73.500000 108.000000 -6.000000
      vertex -73.500000 112.333333 -6.000000
    endloop
  endfacet
  facet normal 1.000000 -0.000000 0.000000
    outer loop
      vertex -73.500000 112.375000 -6.000000
      vertex -73.500000 116.666667 -6.000000
      vertex -73.500000 116.666667 -4.500000
    endloop
  endfacet
  facet normal 1.000000 -0.000000 -0.000000
    outer loop
      vertex -73.500000 112.375000 -6.000000
      vertex -73.500000 116.666667 -4.500000
      vertex -73.500000 112.375000 -4.500000
    endloop
  endfacet
  facet normal 1.000000 0.000000 0.000000
    outer loop
      vertex -73.500000 112.375000 -4.500000
      vertex -73.500000 112.333333 -4.500000
      vertex -73.500000 112.333333 -6.000000
    endloop
  endfacet
  facet normal 1.000000 0.000000 0.000000
    outer loop
      vertex -73.500000 112.333333 -6.000000
      vertex -73.500000 112.375000 -6.000000
      vertex -73.500000 112.375000 -4.500000
    endloop
  endfacet
  facet normal 1.000000 0.000000 0.000000
    outer loop
      vertex -73.500000 117.000000 -4.500000
      vertex -73.500000 116.666667 -4.500000
      vertex -73.500000 116.666667 -6.000000
    endloop
  endfacet
  facet normal 1.000000 -0.000000 0.000000
    outer loop
      vertex -73.500000 117.000000 -4.500000
      vertex -73.500000 116.666667 -6.000000
      vertex -73.500000 117.000000 -6.000000
    endloop
  endfacet
  facet normal 1.000000 -0.000000 0.000000
    outer loop
      vertex -73.500000 117.000000 -6.000000
      vertex -73.500000 121.000000 -6.000000
      vertex -73.500000 121.000000 -4.500000
    endloop
  endfacet
  facet normal 1.000000 -0.000000 0.000000
    outer loop
      vertex -73.500000 117.000000 -6.000000
      vertex -73.500000 121.000000 -4.500000
      vertex -73.500000 117.000000 -4.500000
    endloop
  endfacet
  facet normal 1.000000 -0.000000 0.000000
    outer loop
      vertex -73.500000 121.625000 -4.500000
      vertex -73.500000 121.000000 -4.500000
      vertex -73.500000 121.000000 -6.000000
    endloop
  endfacet
  facet normal 1.000000 0.000000 -0.000000
    outer loop
      vertex -73.500000 121.625000 -4.500000
      vertex -73.500000 121.000000 -6.000000
      vertex -73.500000 121.625000 -6.000000
    endloop
  endfacet
  facet normal 1.000000 -0.000000 0.000000
    outer loop
      vertex -73.500000 121.625000 -6.000000
      vertex -73.500000 125.333333 -6.000000
      vertex -73.500000 125.333333 -4.500000
    endloop
  endfacet
  facet normal 1.000000 -0.000000 -0.000000
    outer loop
      vertex -73.500000 121.625000 -6.000000
      vertex -73.500000 125.333333 -4.500000
      vertex -73.500000 121.625000 -4.500000
    endloop
  endfacet
  facet normal 1.000000 -0.000000 0.000000
    outer loop
      vertex -73.500000 126.250000 -4.500000
      vertex -73.500000 125.333333 -4.500000
      vertex -73.500000 125.333333 -6.000000
    endloop
  endfacet
  facet normal 1.000000 -0.000000 -0.000000
    outer loop
      vertex -73.500000 126.250000 -4.500000
      vertex -73.500000 125.333333 -6.000000
      vertex -73.500000 126.250000 -6.000000
    endloop
  endfacet
  facet normal 1.000000 -0.000000 -0.000000
    outer loop
      vertex -73.500000 126.250000 -6.000000
      vertex -73.500000 129.666667 -6.000000
      vertex -73.500000 129.666667 -4.500000
    endloop
  endfacet
  facet normal 1.000000 -0.000000 -0.000000
    outer loop
      vertex -73.500000 126.250000 -6.000000
      vertex -73.500000 129.666667 -4.500000
      vertex -73.500000 126.250000 -4.500000
    endloop
  endfacet
  facet normal 1.000000 -0.000000 -0.000000
    outer loop
      vertex -73.500000 130.875000 -4.500000
      vertex -73.500000 129.666667 -4.500000
      vertex -73.500000 129.666667 -6.000000
    endloop
  endfacet
  facet normal 1.000000 -0.000000 -0.000000
    outer loop
      vertex -73.500000 130.875000 -4.500000
      vertex -73.500000 129.666667 -6.000000
      vertex -73.500000 130.875000 -6.000000
    endloop
  endfacet
  facet normal 1.000000 -0.000000 0.000000
    outer loop
      vertex -73.500000 130.875000 -6.000000
      vertex -73.500000 134.000000 -6.000000
      vertex -73.500000 134.000000 -4.500000
    endloop
  endfacet
  facet normal 1.000000 -0.000000 -0.000000
    outer loop
      vertex -73.500000 130.875000 -6.000000
      vertex -73.500000 134.000000 -4.500000
      vertex -73.500000 130.875000 -4.500000
    endloop
  endfacet
  facet normal 0.999694 0.024737 -0.000000
    outer loop
      vertex -129.998776 131.950541 -6.000000
      vertex -130.000000 132.000000 -6.000000
      vertex -129.998776 131.950541 -4.500000
    endloop
  endfacet
  facet normal 0.999694 0.024737 -0.000000
    outer loop
      vertex -130.000000 132.000000 -6.000000
      vertex -130.000000 132.000000 -4.500000
      vertex -129.998776 131.950541 -4.500000
    endloop
  endfacet
  facet normal 0.997247 0.074147 0.000000
    outer loop
      vertex -129.998776 131.950541 -4.500000
      vertex -129.995108 131.901211 -4.500000
      vertex -129.998776 131.950541 -6.000000
    endloop
  endfacet
  facet normal 0.997247 0.074147 0.000000
    outer loop
      vertex -129.995108 131.901211 -4.500000
      vertex -129.995108 131.901211 -6.000000
      vertex -129.998776 131.950541 -6.000000
    endloop
  endfacet
  facet normal 0.992361 0.123371 0.000000
    outer loop
      vertex -129.995108 131.901211 -4.500000
      vertex -129.989006 131.852122 -4.500000
      vertex -129.995108 131.901211 -6.000000
    endloop
  endfacet
  facet normal 0.992361 0.123371 0.000000
    outer loop
      vertex -129.989006 131.852122 -4.500000
      vertex -129.989006 131.852122 -6.000000
      vertex -129.995108 131.901211 -6.000000
    endloop
  endfacet
  facet normal 0.985045 0.172296 0.000000
    outer loop
      vertex -129.989006 131.852122 -4.500000
      vertex -129.980482 131.803391 -4.500000
      vertex -129.989006 131.852122 -6.000000
    endloop
  endfacet
  facet normal 0.985045 0.172296 0.000000
    outer loop
      vertex -129.980482 131.803391 -4.500000
      vertex -129.980482 131.803391 -6.000000
      vertex -129.989006 131.852122 -6.000000
    endloop
  endfacet
  facet normal 0.975319 0.220801 0.000000
    outer loop
      vertex -129.980482 131.803391 -4.500000
      vertex -129.969559 131.755142 -4.500000
      vertex -129.980482 131.803391 -6.000000
    endloop
  endfacet
  facet normal 0.975319 0.220801 0.000000
    outer loop
      vertex -129.969559 131.755142 -4.500000
      vertex -129.969559 131.755142 -6.000000
      vertex -129.980482 131.803391 -6.000000
    endloop
  endfacet
  facet normal 0.963206 0.268765 0.000000
    outer loop
      vertex -129.969559 131.755142 -4.500000
      vertex -129.956263 131.707493 -4.500000
      vertex -129.969559 131.755142 -6.000000
    endloop
  endfacet
  facet normal 0.963206 0.268765 0.000000
    outer loop
      vertex -129.956263 131.707493 -4.500000
      vertex -129.956263 131.707493 -6.000000
      vertex -129.969559 131.755142 -6.000000
    endloop
  endfacet
  facet normal 0.948736 0.316070 0.000000
    outer loop
      vertex -129.956263 131.707493 -4.500000
      vertex -129.940628 131.660560 -4.500000
      vertex -129.956263 131.707493 -6.000000
    endloop
  endfacet
  facet normal 0.948736 0.316070 0.000000
    outer loop
      vertex -129.940628 131.660560 -4.500000
      vertex -129.940628 131.660560 -6.000000
      vertex -129.956263 131.707493 -6.000000
    endloop
  endfacet
  facet normal 0.931944 0.362602 0.000000
    outer loop
      vertex -129.940628 131.660560 -4.500000
      vertex -129.922690 131.614458 -4.500000
      vertex -129.922690 131.614458 -6.000000
    endloop
  endfacet
  facet normal 0.931944 0.362602 0.000000
    outer loop
      vertex -129.940628 131.660560 -4.500000
      vertex -129.922690 131.614458 -6.000000
      vertex -129.940628 131.660560 -6.000000
    endloop
  endfacet
  facet normal 0.912872 0.408246 0.000000
    outer loop
      vertex -129.922690 131.614458 -4.500000
      vertex -129.902495 131.569300 -4.500000
      vertex -129.902495 131.569300 -6.000000
    endloop
  endfacet
  facet normal 0.912872 0.408246 0.000000
    outer loop
      vertex -129.922690 131.614458 -4.500000
      vertex -129.902495 131.569300 -6.000000
      vertex -129.922690 131.614458 -6.000000
    endloop
  endfacet
  facet normal 0.891566 0.452890 0.000000
    outer loop
      vertex -129.902495 131.569300 -4.500000
      vertex -129.880092 131.525196 -4.500000
      vertex -129.902495 131.569300 -6.000000
    endloop
  endfacet
  facet normal 0.891566 0.452890 -0.000000
    outer loop
      vertex -129.880092 131.525196 -4.500000
      vertex -129.880092 131.525196 -6.000000
      vertex -129.902495 131.569300 -6.000000
    endloop
  endfacet
  facet normal 0.868079 0.496427 -0.000000
    outer loop
      vertex -129.880092 131.525196 -4.500000
      vertex -129.855534 131.482254 -4.500000
      vertex -129.880092 131.525196 -6.000000
    endloop
  endfacet
  facet normal 0.868079 0.496427 0.000000
    outer loop
      vertex -129.855534 131.482254 -4.500000
      vertex -129.855534 131.482254 -6.000000
      vertex -129.880092 131.525196 -6.000000
    endloop
  endfacet
  facet normal 0.842467 0.538748 0.000000
    outer loop
      vertex -129.855534 131.482254 -4.500000
      vertex -129.828884 131.440579 -4.500000
      vertex -129.855534 131.482254 -6.000000
    endloop
  endfacet
  facet normal 0.842467 0.538748 0.000000
    outer loop
      vertex -129.828884 131.440579 -4.500000
      vertex -129.828884 131.440579 -6.000000
      vertex -129.855534 131.482254 -6.000000
    endloop
  endfacet
  facet normal 0.814767 0.579789 0.000000
    outer loop
      vertex -129.828884 131.440579 -4.500000
      vertex -129.800149 131.400199 -4.500000
      vertex -129.828884 131.440579 -6.000000
    endloop
  endfacet
  facet normal 0.814767 0.579789 0.000000
    outer loop
      vertex -129.800149 131.400199 -4.500000
      vertex -129.800149 131.400199 -6.000000
      vertex -129.828884 131.440579 -6.000000
    endloop
  endfacet
  facet normal 0.785097 0.619373 0.000000
    outer loop
      vertex -129.800149 131.400199 -4.500000
      vertex -129.769566 131.361433 -4.500000
      vertex -129.800149 131.400199 -6.000000
    endloop
  endfacet
  facet normal 0.785097 0.619373 0.000000
    outer loop
      vertex -129.769566 131.361433 -4.500000
      vertex -129.769566 131.361433 -6.000000
      vertex -129.800149 131.400199 -6.000000
    endloop
  endfacet
  facet normal 0.753536 0.657407 0.000000
    outer loop
      vertex -129.769566 131.361433 -4.500000
      vertex -129.737045 131.324156 -4.500000
      vertex -129.769566 131.361433 -6.000000
    endloop
  endfacet
  facet normal 0.753536 0.657407 0.000000
    outer loop
      vertex -129.737045 131.324156 -4.500000
      vertex -129.737045 131.324156 -6.000000
      vertex -129.769566 131.361433 -6.000000
    endloop
  endfacet
  facet normal 0.720103 0.693867 0.000000
    outer loop
      vertex -129.737045 131.324156 -4.500000
      vertex -129.702720 131.288534 -4.500000
      vertex -129.737045 131.324156 -6.000000
    endloop
  endfacet
  facet normal 0.720103 0.693867 0.000000
    outer loop
      vertex -129.702720 131.288534 -4.500000
      vertex -129.702720 131.288534 -6.000000
      vertex -129.737045 131.324156 -6.000000
    endloop
  endfacet
  facet normal 0.684908 0.728630 0.000000
    outer loop
      vertex -129.702720 131.288534 -4.500000
      vertex -129.666676 131.254652 -4.500000
      vertex -129.666676 131.254652 -6.000000
    endloop
  endfacet
  facet normal 0.684908 0.728630 0.000000
    outer loop
      vertex -129.702720 131.288534 -4.500000
      vertex -129.666676 131.254652 -6.000000
      vertex -129.702720 131.288534 -6.000000
    endloop
  endfacet
  facet normal 0.648036 0.761609 0.000000
    outer loop
      vertex -129.666676 131.254652 -4.500000
      vertex -129.629000 131.222595 -4.500000
      vertex -129.629000 131.222595 -6.000000
    endloop
  endfacet
  facet normal 0.648036 0.761609 0.000000
    outer loop
      vertex -129.666676 131.254652 -4.500000
      vertex -129.629000 131.222595 -6.000000
      vertex -129.666676 131.254652 -6.000000
    endloop
  endfacet
  facet normal 0.609579 0.792725 0.000000
    outer loop
      vertex -129.629000 131.222595 -4.500000
      vertex -129.589785 131.192440 -4.500000
      vertex -129.629000 131.222595 -6.000000
    endloop
  endfacet
  facet normal 0.609579 0.792725 0.000000
    outer loop
      vertex -129.589785 131.192440 -4.500000
      vertex -129.589785 131.192440 -6.000000
      vertex -129.629000 131.222595 -6.000000
    endloop
  endfacet
  facet normal 0.569630 0.821901 0.000000
    outer loop
      vertex -129.589785 131.192440 -4.500000
      vertex -129.549127 131.164261 -4.500000
      vertex -129.589785 131.192440 -6.000000
    endloop
  endfacet
  facet normal 0.569630 0.821901 0.000000
    outer loop
      vertex -129.549127 131.164261 -4.500000
      vertex -129.549127 131.164261 -6.000000
      vertex -129.589785 131.192440 -6.000000
    endloop
  endfacet
  facet normal 0.528288 0.849065 0.000000
    outer loop
      vertex -129.549127 131.164261 -4.500000
      vertex -129.507125 131.138128 -4.500000
      vertex -129.549127 131.164261 -6.000000
    endloop
  endfacet
  facet normal 0.528288 0.849065 0.000000
    outer loop
      vertex -129.507125 131.138128 -4.500000
      vertex -129.507125 131.138128 -6.000000
      vertex -129.549127 131.164261 -6.000000
    endloop
  endfacet
  facet normal 0.485653 0.874152 0.000000
    outer loop
      vertex -129.507125 131.138128 -4.500000
      vertex -129.463883 131.114103 -4.500000
      vertex -129.507125 131.138128 -6.000000
    endloop
  endfacet
  facet normal 0.485653 0.874152 -0.000000
    outer loop
      vertex -129.463883 131.114103 -4.500000
      vertex -129.463883 131.114103 -6.000000
      vertex -129.507125 131.138128 -6.000000
    endloop
  endfacet
  facet normal 0.441829 0.897099 0.000000
    outer loop
      vertex -129.463883 131.114103 -4.500000
      vertex -129.419505 131.092247 -4.500000
      vertex -129.419505 131.092247 -6.000000
    endloop
  endfacet
  facet normal 0.441829 0.897099 -0.000000
    outer loop
      vertex -129.463883 131.114103 -4.500000
      vertex -129.419505 131.092247 -6.000000
      vertex -129.463883 131.114103 -6.000000
    endloop
  endfacet
  facet normal 0.396924 0.917851 -0.000000
    outer loop
      vertex -129.419505 131.092247 -4.500000
      vertex -129.374100 131.072612 -4.500000
      vertex -129.374100 131.072612 -6.000000
    endloop
  endfacet
  facet normal 0.396924 0.917851 0.000000
    outer loop
      vertex -129.419505 131.092247 -4.500000
      vertex -129.374100 131.072612 -6.000000
      vertex -129.419505 131.092247 -6.000000
    endloop
  endfacet
  facet normal 0.351048 0.936358 0.000000
    outer loop
      vertex -129.374100 131.072612 -4.500000
      vertex -129.327780 131.055246 -4.500000
      vertex -129.374100 131.072612 -6.000000
    endloop
  endfacet
  facet normal 0.351048 0.936358 0.000000
    outer loop
      vertex -129.327780 131.055246 -4.500000
      vertex -129.327780 131.055246 -6.000000
      vertex -129.374100 131.072612 -6.000000
    endloop
  endfacet
  facet normal 0.304312 0.952572 0.000000
    outer loop
      vertex -129.327780 131.055246 -4.500000
      vertex -129.280658 131.040192 -4.500000
      vertex -129.327780 131.055246 -6.000000
    endloop
  endfacet
  facet normal 0.304312 0.952572 -0.000000
    outer loop
      vertex -129.280658 131.040192 -4.500000
      vertex -129.280658 131.040192 -6.000000
      vertex -129.327780 131.055246 -6.000000
    endloop
  endfacet
  facet normal 0.256831 0.966456 -0.000000
    outer loop
      vertex -129.280658 131.040192 -4.500000
      vertex -129.232848 131.027487 -4.500000
      vertex -129.280658 131.040192 -6.000000
    endloop
  endfacet
  facet normal 0.256831 0.966456 0.000000
    outer loop
      vertex -129.232848 131.027487 -4.500000
      vertex -129.232848 131.027487 -6.000000
      vertex -129.280658 131.040192 -6.000000
    endloop
  endfacet
  facet normal 0.208721 0.977975 0.000000
    outer loop
      vertex -129.232848 131.027487 -4.500000
      vertex -129.184467 131.017161 -4.500000
      vertex -129.184467 131.017161 -6.000000
    endloop
  endfacet
  facet normal 0.208721 0.977975 0.000000
    outer loop
      vertex -129.232848 131.027487 -4.500000
      vertex -129.184467 131.017161 -6.000000
      vertex -129.232848 131.027487 -6.000000
    endloop
  endfacet
  facet normal 0.160130 0.987096 0.000000
    outer loop
      vertex -129.184467 131.017161 -4.500000
      vertex -129.135695 131.009249 -4.500000
      vertex -129.135695 131.009249 -6.000000
    endloop
  endfacet
  facet normal 0.160130 0.987096 0.000000
    outer loop
      vertex -129.184467 131.017161 -4.500000
      vertex -129.135695 131.009249 -6.000000
      vertex -129.184467 131.017161 -6.000000
    endloop
  endfacet
  facet normal 0.111119 0.993807 0.000000
    outer loop
      vertex -129.135695 131.009249 -4.500000
      vertex -129.086475 131.003746 -4.500000
      vertex -129.135695 131.009249 -6.000000
    endloop
  endfacet
  facet normal 0.111119 0.993807 0.000000
    outer loop
      vertex -129.086475 131.003746 -4.500000
      vertex -129.086475 131.003746 -6.000000
      vertex -129.135695 131.009249 -6.000000
    endloop
  endfacet
  facet normal 0.061807 0.998088 0.000000
    outer loop
      vertex -129.086475 131.003746 -4.500000
      vertex -129.037101 131.000688 -4.500000
      vertex -129.086475 131.003746 -6.000000
    endloop
  endfacet
  facet normal 0.061807 0.998088 0.000000
    outer loop
      vertex -129.037101 131.000688 -4.500000
      vertex -129.037101 131.000688 -6.000000
      vertex -129.086475 131.003746 -6.000000
    endloop
  endfacet
  facet normal 0.012369 0.999923 0.000000
    outer loop
      vertex -129.037101 131.000688 -4.500000
      vertex -128.987630 131.000077 -4.500000
      vertex -129.037101 131.000688 -6.000000
    endloop
  endfacet
  facet normal 0.012369 0.999923 0.000000
    outer loop
      vertex -128.987630 131.000077 -4.500000
      vertex -128.987630 131.000077 -6.000000
      vertex -129.037101 131.000688 -6.000000
    endloop
  endfacet
  facet normal -0.037100 0.999312 0.000000
    outer loop
      vertex -128.987630 131.000077 -4.500000
      vertex -128.938191 131.001912 -4.500000
      vertex -128.987630 131.000077 -6.000000
    endloop
  endfacet
  facet normal -0.037100 0.999312 0.000000
    outer loop
      vertex -128.938191 131.001912 -4.500000
      vertex -128.938191 131.001912 -6.000000
      vertex -128.987630 131.000077 -6.000000
    endloop
  endfacet
  facet normal -0.086475 0.996254 0.000000
    outer loop
      vertex -128.938191 131.001912 -4.500000
      vertex -128.888912 131.006189 -4.500000
      vertex -128.938191 131.001912 -6.000000
    endloop
  endfacet
  facet normal -0.086475 0.996254 0.000000
    outer loop
      vertex -128.888912 131.006189 -4.500000
      vertex -128.888912 131.006189 -6.000000
      vertex -128.938191 131.001912 -6.000000
    endloop
  endfacet
  facet normal -0.135635 0.990759 0.000000
    outer loop
      vertex -128.888912 131.006189 -4.500000
      vertex -128.839901 131.012899 -4.500000
      vertex -128.888912 131.006189 -6.000000
    endloop
  endfacet
  facet normal -0.135635 0.990759 0.000000
    outer loop
      vertex -128.839901 131.012899 -4.500000
      vertex -128.839901 131.012899 -6.000000
      vertex -128.888912 131.006189 -6.000000
    endloop
  endfacet
  facet normal -0.184467 0.982839 0.000000
    outer loop
      vertex -128.839901 131.012899 -4.500000
      vertex -128.791279 131.022025 -4.500000
      vertex -128.839901 131.012899 -6.000000
    endloop
  endfacet
  facet normal -0.184467 0.982839 0.000000
    outer loop
      vertex -128.791279 131.022025 -4.500000
      vertex -128.791279 131.022025 -6.000000
      vertex -128.839901 131.012899 -6.000000
    endloop
  endfacet
  facet normal -0.232848 0.972513 0.000000
    outer loop
      vertex -128.791279 131.022025 -4.500000
      vertex -128.743169 131.033544 -4.500000
      vertex -128.791279 131.022025 -6.000000
    endloop
  endfacet
  facet normal -0.232848 0.972513 0.000000
    outer loop
      vertex -128.743169 131.033544 -4.500000
      vertex -128.743169 131.033544 -6.000000
      vertex -128.791279 131.022025 -6.000000
    endloop
  endfacet
  facet normal -0.280649 0.959810 0.000000
    outer loop
      vertex -128.743169 131.033544 -4.500000
      vertex -128.695704 131.047422 -4.500000
      vertex -128.743169 131.033544 -6.000000
    endloop
  endfacet
  facet normal -0.280649 0.959810 0.000000
    outer loop
      vertex -128.695704 131.047422 -4.500000
      vertex -128.695704 131.047422 -6.000000
      vertex -128.743169 131.033544 -6.000000
    endloop
  endfacet
  facet normal -0.327772 0.944757 -0.000000
    outer loop
      vertex -128.695704 131.047422 -4.500000
      vertex -128.648952 131.063642 -4.500000
      vertex -128.648952 131.063642 -6.000000
    endloop
  endfacet
  facet normal -0.327772 0.944757 0.000000
    outer loop
      vertex -128.695704 131.047422 -4.500000
      vertex -128.648952 131.063642 -6.000000
      vertex -128.695704 131.047422 -6.000000
    endloop
  endfacet
  facet normal -0.374064 0.927403 0.000000
    outer loop
      vertex -128.648952 131.063642 -4.500000
      vertex -128.603147 131.082118 -4.500000
      vertex -128.603147 131.082118 -6.000000
    endloop
  endfacet
  facet normal -0.374064 0.927403 -0.000000
    outer loop
      vertex -128.648952 131.063642 -4.500000
      vertex -128.603147 131.082118 -6.000000
      vertex -128.648952 131.063642 -6.000000
    endloop
  endfacet
  facet normal -0.419470 0.907769 0.000000
    outer loop
      vertex -128.603147 131.082118 -4.500000
      vertex -128.558171 131.102901 -4.500000
      vertex -128.603147 131.082118 -6.000000
    endloop
  endfacet
  facet normal -0.419470 0.907769 0.000000
    outer loop
      vertex -128.558171 131.102901 -4.500000
      vertex -128.558171 131.102901 -6.000000
      vertex -128.603147 131.082118 -6.000000
    endloop
  endfacet
  facet normal -0.463883 0.885897 0.000000
    outer loop
      vertex -128.558171 131.102901 -4.500000
      vertex -128.514347 131.125848 -4.500000
      vertex -128.558171 131.102901 -6.000000
    endloop
  endfacet
  facet normal -0.463883 0.885897 0.000000
    outer loop
      vertex -128.514347 131.125848 -4.500000
      vertex -128.514347 131.125848 -6.000000
      vertex -128.558171 131.102901 -6.000000
    endloop
  endfacet
  facet normal -0.507125 0.861872 0.000000
    outer loop
      vertex -128.514347 131.125848 -4.500000
      vertex -128.471712 131.150934 -4.500000
      vertex -128.514347 131.125848 -6.000000
    endloop
  endfacet
  facet normal -0.507125 0.861872 0.000000
    outer loop
      vertex -128.471712 131.150934 -4.500000
      vertex -128.471712 131.150934 -6.000000
      vertex -128.514347 131.125848 -6.000000
    endloop
  endfacet
  facet normal -0.545509 0.838105 -0.000216
    outer loop
      vertex -128.471712 131.150934 -4.500000
      vertex -128.437497 131.173205 -4.500000
      vertex -128.446420 131.167204 -5.250000
    endloop
  endfacet
  facet normal -0.566072 0.824356 0.000139
    outer loop
      vertex -128.437497 131.173205 -4.500000
      vertex -128.430370 131.178099 -4.500000
      vertex -128.446420 131.167204 -5.250000
    endloop
  endfacet
  facet normal -0.561632 0.827387 0.000000
    outer loop
      vertex -128.430370 131.178099 -4.500000
      vertex -128.430370 131.178099 -6.000000
      vertex -128.446420 131.167204 -5.250000
    endloop
  endfacet
  facet normal -0.566072 0.824356 -0.000139
    outer loop
      vertex -128.430370 131.178099 -6.000000
      vertex -128.437497 131.173205 -6.000000
      vertex -128.446420 131.167204 -5.250000
    endloop
  endfacet
  facet normal -0.545509 0.838105 0.000216
    outer loop
      vertex -128.437497 131.173205 -6.000000
      vertex -128.471712 131.150934 -6.000000
      vertex -128.446420 131.167204 -5.250000
    endloop
  endfacet
  facet normal -0.540995 0.841026 0.000000
    outer loop
      vertex -128.471712 131.150934 -6.000000
      vertex -128.471712 131.150934 -4.500000
      vertex -128.446420 131.167204 -5.250000
    endloop
  endfacet
  facet normal -0.589785 0.807560 0.000000
    outer loop
      vertex -128.430370 131.178099 -4.500000
      vertex -128.390421 131.207275 -4.500000
      vertex -128.430370 131.178099 -6.000000
    endloop
  endfacet
  facet normal -0.589785 0.807560 0.000000
    outer loop
      vertex -128.390421 131.207275 -4.500000
      vertex -128.390421 131.207275 -6.000000
      vertex -128.430370 131.178099 -6.000000
    endloop
  endfacet
  facet normal -0.629000 0.777405 0.000000
    outer loop
      vertex -128.390421 131.207275 -4.500000
      vertex -128.351964 131.238391 -4.500000
      vertex -128.390421 131.207275 -6.000000
    endloop
  endfacet
  facet normal -0.629000 0.777405 0.000000
    outer loop
      vertex -128.351964 131.238391 -4.500000
      vertex -128.351964 131.238391 -6.000000
      vertex -128.390421 131.207275 -6.000000
    endloop
  endfacet
  facet normal -0.666676 0.745348 0.000000
    outer loop
      vertex -128.351964 131.238391 -4.500000
      vertex -128.315092 131.271370 -4.500000
      vertex -128.351964 131.238391 -6.000000
    endloop
  endfacet
  facet normal -0.666676 0.745348 -0.000000
    outer loop
      vertex -128.315092 131.271370 -4.500000
      vertex -128.315092 131.271370 -6.000000
      vertex -128.351964 131.238391 -6.000000
    endloop
  endfacet
  facet normal -0.702720 0.711466 0.000000
    outer loop
      vertex -128.315092 131.271370 -4.500000
      vertex -128.279897 131.306133 -4.500000
      vertex -128.279897 131.306133 -6.000000
    endloop
  endfacet
  facet normal -0.702720 0.711466 -0.000000
    outer loop
      vertex -128.315092 131.271370 -4.500000
      vertex -128.279897 131.306133 -6.000000
      vertex -128.315092 131.271370 -6.000000
    endloop
  endfacet
  facet normal -0.737045 0.675844 0.000000
    outer loop
      vertex -128.279897 131.306133 -4.500000
      vertex -128.246464 131.342593 -4.500000
      vertex -128.279897 131.306133 -6.000000
    endloop
  endfacet
  facet normal -0.737045 0.675844 0.000000
    outer loop
      vertex -128.246464 131.342593 -4.500000
      vertex -128.246464 131.342593 -6.000000
      vertex -128.279897 131.306133 -6.000000
    endloop
  endfacet
  facet normal -0.769566 0.638567 0.000000
    outer loop
      vertex -128.246464 131.342593 -4.500000
      vertex -128.214875 131.380663 -4.500000
      vertex -128.246464 131.342593 -6.000000
    endloop
  endfacet
  facet normal -0.769566 0.638567 0.000000
    outer loop
      vertex -128.214875 131.380663 -4.500000
      vertex -128.214875 131.380663 -6.000000
      vertex -128.246464 131.342593 -6.000000
    endloop
  endfacet
  facet normal -0.800204 0.599728 0.000000
    outer loop
      vertex -128.214875 131.380663 -4.500000
      vertex -128.185207 131.420248 -4.500000
      vertex -128.214875 131.380663 -6.000000
    endloop
  endfacet
  facet normal -0.800204 0.599728 0.000000
    outer loop
      vertex -128.185207 131.420248 -4.500000
      vertex -128.185207 131.420248 -6.000000
      vertex -128.214875 131.380663 -6.000000
    endloop
  endfacet
  facet normal -0.828884 0.559421 0.000000
    outer loop
      vertex -128.185207 131.420248 -4.500000
      vertex -128.157533 131.461252 -4.500000
      vertex -128.185207 131.420248 -6.000000
    endloop
  endfacet
  facet normal -0.828884 0.559421 0.000000
    outer loop
      vertex -128.157533 131.461252 -4.500000
      vertex -128.157533 131.461252 -6.000000
      vertex -128.185207 131.420248 -6.000000
    endloop
  endfacet
  facet normal -0.855534 0.517746 0.000000
    outer loop
      vertex -128.157533 131.461252 -4.500000
      vertex -128.131921 131.503573 -4.500000
      vertex -128.157533 131.461252 -6.000000
    endloop
  endfacet
  facet normal -0.855534 0.517746 0.000000
    outer loop
      vertex -128.131921 131.503573 -4.500000
      vertex -128.131921 131.503573 -6.000000
      vertex -128.157533 131.461252 -6.000000
    endloop
  endfacet
  facet normal -0.880092 0.474804 0.000000
    outer loop
      vertex -128.131921 131.503573 -4.500000
      vertex -128.108434 131.547109 -4.500000
      vertex -128.131921 131.503573 -6.000000
    endloop
  endfacet
  facet normal -0.880092 0.474804 0.000000
    outer loop
      vertex -128.108434 131.547109 -4.500000
      vertex -128.108434 131.547109 -6.000000
      vertex -128.131921 131.503573 -6.000000
    endloop
  endfacet
  facet normal -0.902483 0.430726 0.000000
    outer loop
      vertex -128.108434 131.547109 -4.500000
      vertex -128.087152 131.591701 -4.500000
      vertex -128.108434 131.547109 -6.000000
    endloop
  endfacet
  facet normal -0.902483 0.430726 0.000000
    outer loop
      vertex -128.087152 131.591701 -4.500000
      vertex -128.087152 131.591701 -6.000000
      vertex -128.108434 131.547109 -6.000000
    endloop
  endfacet
  facet normal -0.922679 0.385568 0.000000
    outer loop
      vertex -128.087152 131.591701 -4.500000
      vertex -128.068056 131.637398 -4.500000
      vertex -128.087152 131.591701 -6.000000
    endloop
  endfacet
  facet normal -0.922679 0.385568 0.000000
    outer loop
      vertex -128.068056 131.637398 -4.500000
      vertex -128.068056 131.637398 -6.000000
      vertex -128.087152 131.591701 -6.000000
    endloop
  endfacet
  facet normal -0.940628 0.339440 0.000000
    outer loop
      vertex -128.068056 131.637398 -4.500000
      vertex -128.051264 131.683930 -4.500000
      vertex -128.068056 131.637398 -6.000000
    endloop
  endfacet
  facet normal -0.940628 0.339440 0.000000
    outer loop
      vertex -128.051264 131.683930 -4.500000
      vertex -128.051264 131.683930 -6.000000
      vertex -128.068056 131.637398 -6.000000
    endloop
  endfacet
  facet normal -0.956263 0.292507 0.000000
    outer loop
      vertex -128.051264 131.683930 -4.500000
      vertex -128.036794 131.731235 -4.500000
      vertex -128.051264 131.683930 -6.000000
    endloop
  endfacet
  facet normal -0.956263 0.292507 0.000000
    outer loop
      vertex -128.036794 131.731235 -4.500000
      vertex -128.036794 131.731235 -6.000000
      vertex -128.051264 131.683930 -6.000000
    endloop
  endfacet
  facet normal -0.969559 0.244858 -0.000000
    outer loop
      vertex -128.036794 131.731235 -4.500000
      vertex -128.024681 131.779199 -4.500000
      vertex -128.024681 131.779199 -6.000000
    endloop
  endfacet
  facet normal -0.969559 0.244858 0.000000
    outer loop
      vertex -128.036794 131.731235 -4.500000
      vertex -128.024681 131.779199 -6.000000
      vertex -128.036794 131.731235 -6.000000
    endloop
  endfacet
  facet normal -0.980482 0.196609 0.000000
    outer loop
      vertex -128.024681 131.779199 -4.500000
      vertex -128.014955 131.827704 -4.500000
      vertex -128.014955 131.827704 -6.000000
    endloop
  endfacet
  facet normal -0.980482 0.196609 -0.000000
    outer loop
      vertex -128.024681 131.779199 -4.500000
      vertex -128.014955 131.827704 -6.000000
      vertex -128.024681 131.779199 -6.000000
    endloop
  endfacet
  facet normal -0.989006 0.147879 0.000000
    outer loop
      vertex -128.014955 131.827704 -4.500000
      vertex -128.007639 131.876630 -4.500000
      vertex -128.014955 131.827704 -6.000000
    endloop
  endfacet
  facet normal -0.989006 0.147879 0.000000
    outer loop
      vertex -128.007639 131.876630 -4.500000
      vertex -128.007639 131.876630 -6.000000
      vertex -128.014955 131.827704 -6.000000
    endloop
  endfacet
  facet normal -0.995108 0.098789 0.000000
    outer loop
      vertex -128.007639 131.876630 -4.500000
      vertex -128.002753 131.925853 -4.500000
      vertex -128.007639 131.876630 -6.000000
    endloop
  endfacet
  facet normal -0.995108 0.098789 0.000000
    outer loop
      vertex -128.002753 131.925853 -4.500000
      vertex -128.002753 131.925853 -6.000000
      vertex -128.007639 131.876630 -6.000000
    endloop
  endfacet
  facet normal -0.998776 0.049457 0.000000
    outer loop
      vertex -128.002753 131.925853 -4.500000
      vertex -128.000306 131.975263 -4.500000
      vertex -128.002753 131.925853 -6.000000
    endloop
  endfacet
  facet normal -0.998776 0.049457 0.000000
    outer loop
      vertex -128.000306 131.975263 -4.500000
      vertex -128.000306 131.975263 -6.000000
      vertex -128.002753 131.925853 -6.000000
    endloop
  endfacet
  facet normal -1.000000 0.000000 0.000000
    outer loop
      vertex -128.000306 131.975263 -4.500000
      vertex -128.000306 132.024737 -4.500000
      vertex -128.000306 131.975263 -6.000000
    endloop
  endfacet
  facet normal -1.000000 0.000000 -0.000000
    outer loop
      vertex -128.000306 132.024737 -4.500000
      vertex -128.000306 132.024737 -6.000000
      vertex -128.000306 131.975263 -6.000000
    endloop
  endfacet
  facet normal -0.998776 -0.049457 -0.000000
    outer loop
      vertex -128.000306 132.024737 -4.500000
      vertex -128.002753 132.074147 -4.500000
      vertex -128.000306 132.024737 -6.000000
    endloop
  endfacet
  facet normal -0.998776 -0.049457 -0.000000
    outer loop
      vertex -128.002753 132.074147 -4.500000
      vertex -128.002753 132.074147 -6.000000
      vertex -128.000306 132.024737 -6.000000
    endloop
  endfacet
  facet normal -0.995108 -0.098789 -0.000000
    outer loop
      vertex -128.002753 132.074147 -4.500000
      vertex -128.007639 132.123370 -4.500000
      vertex -128.007639 132.123370 -6.000000
    endloop
  endfacet
  facet normal -0.995108 -0.098789 -0.000000
    outer loop
      vertex -128.002753 132.074147 -4.500000
      vertex -128.007639 132.123370 -6.000000
      vertex -128.002753 132.074147 -6.000000
    endloop
  endfacet
  facet normal -0.989006 -0.147879 0.000000
    outer loop
      vertex -128.007639 132.123370 -4.500000
      vertex -128.014955 132.172296 -4.500000
      vertex -128.014955 132.172296 -6.000000
    endloop
  endfacet
  facet normal -0.989006 -0.147879 -0.000000
    outer loop
      vertex -128.007639 132.123370 -4.500000
      vertex -128.014955 132.172296 -6.000000
      vertex -128.007639 132.123370 -6.000000
    endloop
  endfacet
  facet normal -0.980482 -0.196609 -0.000000
    outer loop
      vertex -128.014955 132.172296 -4.500000
      vertex -128.024681 132.220801 -4.500000
      vertex -128.014955 132.172296 -6.000000
    endloop
  endfacet
  facet normal -0.980482 -0.196609 -0.000000
    outer loop
      vertex -128.024681 132.220801 -4.500000
      vertex -128.024681 132.220801 -6.000000
      vertex -128.014955 132.172296 -6.000000
    endloop
  endfacet
  facet normal -0.969559 -0.244858 -0.000000
    outer loop
      vertex -128.024681 132.220801 -4.500000
      vertex -128.036794 132.268765 -4.500000
      vertex -128.024681 132.220801 -6.000000
    endloop
  endfacet
  facet normal -0.969559 -0.244858 -0.000000
    outer loop
      vertex -128.036794 132.268765 -4.500000
      vertex -128.036794 132.268765 -6.000000
      vertex -128.024681 132.220801 -6.000000
    endloop
  endfacet
  facet normal -0.956263 -0.292507 -0.000000
    outer loop
      vertex -128.036794 132.268765 -4.500000
      vertex -128.051264 132.316070 -4.500000
      vertex -128.036794 132.268765 -6.000000
    endloop
  endfacet
  facet normal -0.956263 -0.292507 -0.000000
    outer loop
      vertex -128.051264 132.316070 -4.500000
      vertex -128.051264 132.316070 -6.000000
      vertex -128.036794 132.268765 -6.000000
    endloop
  endfacet
  facet normal -0.940628 -0.339440 -0.000000
    outer loop
      vertex -128.051264 132.316070 -4.500000
      vertex -128.068056 132.362602 -4.500000
      vertex -128.051264 132.316070 -6.000000
    endloop
  endfacet
  facet normal -0.940628 -0.339440 0.000000
    outer loop
      vertex -128.068056 132.362602 -4.500000
      vertex -128.068056 132.362602 -6.000000
      vertex -128.051264 132.316070 -6.000000
    endloop
  endfacet
  facet normal -0.922679 -0.385568 0.000000
    outer loop
      vertex -128.068056 132.362602 -4.500000
      vertex -128.087152 132.408299 -4.500000
      vertex -128.068056 132.362602 -6.000000
    endloop
  endfacet
  facet normal -0.922679 -0.385568 -0.000000
    outer loop
      vertex -128.087152 132.408299 -4.500000
      vertex -128.087152 132.408299 -6.000000
      vertex -128.068056 132.362602 -6.000000
    endloop
  endfacet
  facet normal -0.902483 -0.430726 -0.000000
    outer loop
      vertex -128.087152 132.408299 -4.500000
      vertex -128.108434 132.452891 -4.500000
      vertex -128.087152 132.408299 -6.000000
    endloop
  endfacet
  facet normal -0.902483 -0.430726 -0.000000
    outer loop
      vertex -128.108434 132.452891 -4.500000
      vertex -128.108434 132.452891 -6.000000
      vertex -128.087152 132.408299 -6.000000
    endloop
  endfacet
  facet normal -0.880092 -0.474804 -0.000000
    outer loop
      vertex -128.108434 132.452891 -4.500000
      vertex -128.131921 132.496427 -4.500000
      vertex -128.108434 132.452891 -6.000000
    endloop
  endfacet
  facet normal -0.880092 -0.474804 0.000000
    outer loop
      vertex -128.131921 132.496427 -4.500000
      vertex -128.131921 132.496427 -6.000000
      vertex -128.108434 132.452891 -6.000000
    endloop
  endfacet
  facet normal -0.855534 -0.517746 0.000000
    outer loop
      vertex -128.131921 132.496427 -4.500000
      vertex -128.157533 132.538748 -4.500000
      vertex -128.131921 132.496427 -6.000000
    endloop
  endfacet
  facet normal -0.855534 -0.517746 -0.000000
    outer loop
      vertex -128.157533 132.538748 -4.500000
      vertex -128.157533 132.538748 -6.000000
      vertex -128.131921 132.496427 -6.000000
    endloop
  endfacet
  facet normal -0.828884 -0.559421 -0.000000
    outer loop
      vertex -128.157533 132.538748 -4.500000
      vertex -128.185207 132.579752 -4.500000
      vertex -128.157533 132.538748 -6.000000
    endloop
  endfacet
  facet normal -0.828884 -0.559421 -0.000000
    outer loop
      vertex -128.185207 132.579752 -4.500000
      vertex -128.185207 132.579752 -6.000000
      vertex -128.157533 132.538748 -6.000000
    endloop
  endfacet
  facet normal -0.800204 -0.599728 -0.000000
    outer loop
      vertex -128.185207 132.579752 -4.500000
      vertex -128.214875 132.619337 -4.500000
      vertex -128.185207 132.579752 -6.000000
    endloop
  endfacet
  facet normal -0.800204 -0.599728 -0.000000
    outer loop
      vertex -128.214875 132.619337 -4.500000
      vertex -128.214875 132.619337 -6.000000
      vertex -128.185207 132.579752 -6.000000
    endloop
  endfacet
  facet normal -0.769566 -0.638567 -0.000000
    outer loop
      vertex -128.214875 132.619337 -4.500000
      vertex -128.246464 132.657407 -4.500000
      vertex -128.214875 132.619337 -6.000000
    endloop
  endfacet
  facet normal -0.769566 -0.638567 -0.000000
    outer loop
      vertex -128.246464 132.657407 -4.500000
      vertex -128.246464 132.657407 -6.000000
      vertex -128.214875 132.619337 -6.000000
    endloop
  endfacet
  facet normal -0.737045 -0.675844 -0.000000
    outer loop
      vertex -128.246464 132.657407 -4.500000
      vertex -128.279897 132.693867 -4.500000
      vertex -128.246464 132.657407 -6.000000
    endloop
  endfacet
  facet normal -0.737045 -0.675844 -0.000000
    outer loop
      vertex -128.279897 132.693867 -4.500000
      vertex -128.279897 132.693867 -6.000000
      vertex -128.246464 132.657407 -6.000000
    endloop
  endfacet
  facet normal -0.702720 -0.711466 -0.000000
    outer loop
      vertex -128.279897 132.693867 -4.500000
      vertex -128.315092 132.728630 -4.500000
      vertex -128.279897 132.693867 -6.000000
    endloop
  endfacet
  facet normal -0.702720 -0.711466 -0.000000
    outer loop
      vertex -128.315092 132.728630 -4.500000
      vertex -128.315092 132.728630 -6.000000
      vertex -128.279897 132.693867 -6.000000
    endloop
  endfacet
  facet normal -0.666676 -0.745348 -0.000000
    outer loop
      vertex -128.315092 132.728630 -4.500000
      vertex -128.351964 132.761609 -4.500000
      vertex -128.351964 132.761609 -6.000000
    endloop
  endfacet
  facet normal -0.666676 -0.745348 -0.000000
    outer loop
      vertex -128.315092 132.728630 -4.500000
      vertex -128.351964 132.761609 -6.000000
      vertex -128.315092 132.728630 -6.000000
    endloop
  endfacet
  facet normal -0.629000 -0.777405 -0.000000
    outer loop
      vertex -128.351964 132.761609 -4.500000
      vertex -128.390421 132.792725 -4.500000
      vertex -128.390421 132.792725 -6.000000
    endloop
  endfacet
  facet normal -0.629000 -0.777405 -0.000000
    outer loop
      vertex -128.351964 132.761609 -4.500000
      vertex -128.390421 132.792725 -6.000000
      vertex -128.351964 132.761609 -6.000000
    endloop
  endfacet
  facet normal -0.589785 -0.807560 0.000000
    outer loop
      vertex -128.390421 132.792725 -4.500000
      vertex -128.430370 132.821901 -4.500000
      vertex -128.430370 132.821901 -6.000000
    endloop
  endfacet
  facet normal -0.589785 -0.807560 -0.000000
    outer loop
      vertex -128.390421 132.792725 -4.500000
      vertex -128.430370 132.821901 -6.000000
      vertex -128.390421 132.792725 -6.000000
    endloop
  endfacet
  facet normal -0.566072 -0.824356 0.000139
    outer loop
      vertex -128.430370 132.821901 -4.500000
      vertex -128.437497 132.826795 -4.500000
      vertex -128.446420 132.832796 -5.250000
    endloop
  endfacet
  facet normal -0.545509 -0.838105 -0.000216
    outer loop
      vertex -128.437497 132.826795 -4.500000
      vertex -128.471712 132.849066 -4.500000
      vertex -128.446420 132.832796 -5.250000
    endloop
  endfacet
  facet normal -0.540995 -0.841026 -0.000000
    outer loop
      vertex -128.471712 132.849066 -4.500000
      vertex -128.471712 132.849066 -6.000000
      vertex -128.446420 132.832796 -5.250000
    endloop
  endfacet
  facet normal -0.545509 -0.838105 0.000216
    outer loop
      vertex -128.471712 132.849066 -6.000000
      vertex -128.437497 132.826795 -6.000000
      vertex -128.446420 132.832796 -5.250000
    endloop
  endfacet
  facet normal -0.566072 -0.824356 -0.000139
    outer loop
      vertex -128.437497 132.826795 -6.000000
      vertex -128.430370 132.821901 -6.000000
      vertex -128.446420 132.832796 -5.250000
    endloop
  endfacet
  facet normal -0.561632 -0.827387 0.000000
    outer loop
      vertex -128.430370 132.821901 -6.000000
      vertex -128.430370 132.821901 -4.500000
      vertex -128.446420 132.832796 -5.250000
    endloop
  endfacet
  facet normal -0.507125 -0.861872 -0.000000
    outer loop
      vertex -128.471712 132.849066 -4.500000
      vertex -128.514347 132.874152 -4.500000
      vertex -128.471712 132.849066 -6.000000
    endloop
  endfacet
  facet normal -0.507125 -0.861872 -0.000000
    outer loop
      vertex -128.514347 132.874152 -4.500000
      vertex -128.514347 132.874152 -6.000000
      vertex -128.471712 132.849066 -6.000000
    endloop
  endfacet
  facet normal -0.463883 -0.885897 -0.000000
    outer loop
      vertex -128.514347 132.874152 -4.500000
      vertex -128.558171 132.897099 -4.500000
      vertex -128.514347 132.874152 -6.000000
    endloop
  endfacet
  facet normal -0.463883 -0.885897 -0.000000
    outer loop
      vertex -128.558171 132.897099 -4.500000
      vertex -128.558171 132.897099 -6.000000
      vertex -128.514347 132.874152 -6.000000
    endloop
  endfacet
  facet normal -0.419470 -0.907769 -0.000000
    outer loop
      vertex -128.558171 132.897099 -4.500000
      vertex -128.603147 132.917882 -4.500000
      vertex -128.558171 132.897099 -6.000000
    endloop
  endfacet
  facet normal -0.419470 -0.907769 -0.000000
    outer loop
      vertex -128.603147 132.917882 -4.500000
      vertex -128.603147 132.917882 -6.000000
      vertex -128.558171 132.897099 -6.000000
    endloop
  endfacet
  facet normal -0.374064 -0.927403 -0.000000
    outer loop
      vertex -128.603147 132.917882 -4.500000
      vertex -128.648952 132.936358 -4.500000
      vertex -128.603147 132.917882 -6.000000
    endloop
  endfacet
  facet normal -0.374064 -0.927403 -0.000000
    outer loop
      vertex -128.648952 132.936358 -4.500000
      vertex -128.648952 132.936358 -6.000000
      vertex -128.603147 132.917882 -6.000000
    endloop
  endfacet
  facet normal -0.327772 -0.944757 -0.000000
    outer loop
      vertex -128.648952 132.936358 -4.500000
      vertex -128.695704 132.952578 -4.500000
      vertex -128.648952 132.936358 -6.000000
    endloop
  endfacet
  facet normal -0.327772 -0.944757 -0.000000
    outer loop
      vertex -128.695704 132.952578 -4.500000
      vertex -128.695704 132.952578 -6.000000
      vertex -128.648952 132.936358 -6.000000
    endloop
  endfacet
  facet normal -0.280649 -0.959810 -0.000000
    outer loop
      vertex -128.695704 132.952578 -4.500000
      vertex -128.743169 132.966456 -4.500000
      vertex -128.695704 132.952578 -6.000000
    endloop
  endfacet
  facet normal -0.280649 -0.959810 0.000000
    outer loop
      vertex -128.743169 132.966456 -4.500000
      vertex -128.743169 132.966456 -6.000000
      vertex -128.695704 132.952578 -6.000000
    endloop
  endfacet
  facet normal -0.232848 -0.972513 0.000000
    outer loop
      vertex -128.743169 132.966456 -4.500000
      vertex -128.791279 132.977975 -4.500000
      vertex -128.743169 132.966456 -6.000000
    endloop
  endfacet
  facet normal -0.232848 -0.972513 -0.000000
    outer loop
      vertex -128.791279 132.977975 -4.500000
      vertex -128.791279 132.977975 -6.000000
      vertex -128.743169 132.966456 -6.000000
    endloop
  endfacet
  facet normal -0.184467 -0.982839 -0.000000
    outer loop
      vertex -128.791279 132.977975 -4.500000
      vertex -128.839901 132.987101 -4.500000
      vertex -128.791279 132.977975 -6.000000
    endloop
  endfacet
  facet normal -0.184467 -0.982839 0.000000
    outer loop
      vertex -128.839901 132.987101 -4.500000
      vertex -128.839901 132.987101 -6.000000
      vertex -128.791279 132.977975 -6.000000
    endloop
  endfacet
  facet normal -0.135635 -0.990759 0.000000
    outer loop
      vertex -128.839901 132.987101 -4.500000
      vertex -128.888912 132.993811 -4.500000
      vertex -128.839901 132.987101 -6.000000
    endloop
  endfacet
  facet normal -0.135635 -0.990759 -0.000000
    outer loop
      vertex -128.888912 132.993811 -4.500000
      vertex -128.888912 132.993811 -6.000000
      vertex -128.839901 132.987101 -6.000000
    endloop
  endfacet
  facet normal -0.086475 -0.996254 -0.000000
    outer loop
      vertex -128.888912 132.993811 -4.500000
      vertex -128.938191 132.998088 -4.500000
      vertex -128.938191 132.998088 -6.000000
    endloop
  endfacet
  facet normal -0.086475 -0.996254 -0.000000
    outer loop
      vertex -128.888912 132.993811 -4.500000
      vertex -128.938191 132.998088 -6.000000
      vertex -128.888912 132.993811 -6.000000
    endloop
  endfacet
  facet normal -0.037100 -0.999312 -0.000000
    outer loop
      vertex -128.938191 132.998088 -4.500000
      vertex -128.987630 132.999923 -4.500000
      vertex -128.938191 132.998088 -6.000000
    endloop
  endfacet
  facet normal -0.037100 -0.999312 -0.000000
    outer loop
      vertex -128.987630 132.999923 -4.500000
      vertex -128.987630 132.999923 -6.000000
      vertex -128.938191 132.998088 -6.000000
    endloop
  endfacet
  facet normal 0.012369 -0.999923 0.000000
    outer loop
      vertex -128.987630 132.999923 -4.500000
      vertex -129.037101 132.999312 -4.500000
      vertex -128.987630 132.999923 -6.000000
    endloop
  endfacet
  facet normal 0.012369 -0.999923 0.000000
    outer loop
      vertex -129.037101 132.999312 -4.500000
      vertex -129.037101 132.999312 -6.000000
      vertex -128.987630 132.999923 -6.000000
    endloop
  endfacet
  facet normal 0.061807 -0.998088 0.000000
    outer loop
      vertex -129.037101 132.999312 -4.500000
      vertex -129.086475 132.996254 -4.500000
      vertex -129.037101 132.999312 -6.000000
    endloop
  endfacet
  facet normal 0.061807 -0.998088 -0.000000
    outer loop
      vertex -129.086475 132.996254 -4.500000
      vertex -129.086475 132.996254 -6.000000
      vertex -129.037101 132.999312 -6.000000
    endloop
  endfacet
  facet normal 0.111119 -0.993807 -0.000000
    outer loop
      vertex -129.086475 132.996254 -4.500000
      vertex -129.135695 132.990751 -4.500000
      vertex -129.086475 132.996254 -6.000000
    endloop
  endfacet
  facet normal 0.111119 -0.993807 0.000000
    outer loop
      vertex -129.135695 132.990751 -4.500000
      vertex -129.135695 132.990751 -6.000000
      vertex -129.086475 132.996254 -6.000000
    endloop
  endfacet
  facet normal 0.160130 -0.987096 0.000000
    outer loop
      vertex -129.135695 132.990751 -4.500000
      vertex -129.184467 132.982839 -4.500000
      vertex -129.184467 132.982839 -6.000000
    endloop
  endfacet
  facet normal 0.160130 -0.987096 0.000000
    outer loop
      vertex -129.135695 132.990751 -4.500000
      vertex -129.184467 132.982839 -6.000000
      vertex -129.135695 132.990751 -6.000000
    endloop
  endfacet
  facet normal 0.208721 -0.977975 0.000000
    outer loop
      vertex -129.184467 132.982839 -4.500000
      vertex -129.232848 132.972513 -4.500000
      vertex -129.232848 132.972513 -6.000000
    endloop
  endfacet
  facet normal 0.208721 -0.977975 0.000000
    outer loop
      vertex -129.184467 132.982839 -4.500000
      vertex -129.232848 132.972513 -6.000000
      vertex -129.184467 132.982839 -6.000000
    endloop
  endfacet
  facet normal 0.256831 -0.966456 0.000000
    outer loop
      vertex -129.232848 132.972513 -4.500000
      vertex -129.280658 132.959808 -4.500000
      vertex -129.232848 132.972513 -6.000000
    endloop
  endfacet
  facet normal 0.256831 -0.966456 0.000000
    outer loop
      vertex -129.280658 132.959808 -4.500000
      vertex -129.280658 132.959808 -6.000000
      vertex -129.232848 132.972513 -6.000000
    endloop
  endfacet
  facet normal 0.304312 -0.952572 0.000000
    outer loop
      vertex -129.280658 132.959808 -4.500000
      vertex -129.327780 132.944754 -4.500000
      vertex -129.280658 132.959808 -6.000000
    endloop
  endfacet
  facet normal 0.304312 -0.952572 0.000000
    outer loop
      vertex -129.327780 132.944754 -4.500000
      vertex -129.327780 132.944754 -6.000000
      vertex -129.280658 132.959808 -6.000000
    endloop
  endfacet
  facet normal 0.351048 -0.936358 0.000000
    outer loop
      vertex -129.327780 132.944754 -4.500000
      vertex -129.374100 132.927388 -4.500000
      vertex -129.327780 132.944754 -6.000000
    endloop
  endfacet
  facet normal 0.351048 -0.936358 0.000000
    outer loop
      vertex -129.374100 132.927388 -4.500000
      vertex -129.374100 132.927388 -6.000000
      vertex -129.327780 132.944754 -6.000000
    endloop
  endfacet
  facet normal 0.396924 -0.917851 0.000000
    outer loop
      vertex -129.374100 132.927388 -4.500000
      vertex -129.419505 132.907753 -4.500000
      vertex -129.419505 132.907753 -6.000000
    endloop
  endfacet
  facet normal 0.396924 -0.917851 0.000000
    outer loop
      vertex -129.374100 132.927388 -4.500000
      vertex -129.419505 132.907753 -6.000000
      vertex -129.374100 132.927388 -6.000000
    endloop
  endfacet
  facet normal 0.441829 -0.897099 0.000000
    outer loop
      vertex -129.419505 132.907753 -4.500000
      vertex -129.463883 132.885897 -4.500000
      vertex -129.463883 132.885897 -6.000000
    endloop
  endfacet
  facet normal 0.441829 -0.897099 0.000000
    outer loop
      vertex -129.419505 132.907753 -4.500000
      vertex -129.463883 132.885897 -6.000000
      vertex -129.419505 132.907753 -6.000000
    endloop
  endfacet
  facet normal 0.485653 -0.874152 0.000000
    outer loop
      vertex -129.463883 132.885897 -4.500000
      vertex -129.507125 132.861872 -4.500000
      vertex -129.463883 132.885897 -6.000000
    endloop
  endfacet
  facet normal 0.485653 -0.874152 0.000000
    outer loop
      vertex -129.507125 132.861872 -4.500000
      vertex -129.507125 132.861872 -6.000000
      vertex -129.463883 132.885897 -6.000000
    endloop
  endfacet
  facet normal 0.528288 -0.849065 0.000000
    outer loop
      vertex -129.507125 132.861872 -4.500000
      vertex -129.549127 132.835739 -4.500000
      vertex -129.507125 132.861872 -6.000000
    endloop
  endfacet
  facet normal 0.528288 -0.849065 0.000000
    outer loop
      vertex -129.549127 132.835739 -4.500000
      vertex -129.549127 132.835739 -6.000000
      vertex -129.507125 132.861872 -6.000000
    endloop
  endfacet
  facet normal 0.569630 -0.821901 0.000000
    outer loop
      vertex -129.549127 132.835739 -4.500000
      vertex -129.589785 132.807560 -4.500000
      vertex -129.549127 132.835739 -6.000000
    endloop
  endfacet
  facet normal 0.569630 -0.821901 0.000000
    outer loop
      vertex -129.589785 132.807560 -4.500000
      vertex -129.589785 132.807560 -6.000000
      vertex -129.549127 132.835739 -6.000000
    endloop
  endfacet
  facet normal 0.609579 -0.792725 0.000000
    outer loop
      vertex -129.589785 132.807560 -4.500000
      vertex -129.629000 132.777405 -4.500000
      vertex -129.589785 132.807560 -6.000000
    endloop
  endfacet
  facet normal 0.609579 -0.792725 0.000000
    outer loop
      vertex -129.629000 132.777405 -4.500000
      vertex -129.629000 132.777405 -6.000000
      vertex -129.589785 132.807560 -6.000000
    endloop
  endfacet
  facet normal 0.648036 -0.761609 0.000000
    outer loop
      vertex -129.629000 132.777405 -4.500000
      vertex -129.666676 132.745348 -4.500000
      vertex -129.629000 132.777405 -6.000000
    endloop
  endfacet
  facet normal 0.648036 -0.761609 -0.000000
    outer loop
      vertex -129.666676 132.745348 -4.500000
      vertex -129.666676 132.745348 -6.000000
      vertex -129.629000 132.777405 -6.000000
    endloop
  endfacet
  facet normal 0.684908 -0.728630 -0.000000
    outer loop
      vertex -129.666676 132.745348 -4.500000
      vertex -129.702720 132.711466 -4.500000
      vertex -129.666676 132.745348 -6.000000
    endloop
  endfacet
  facet normal 0.684908 -0.728630 0.000000
    outer loop
      vertex -129.702720 132.711466 -4.500000
      vertex -129.702720 132.711466 -6.000000
      vertex -129.666676 132.745348 -6.000000
    endloop
  endfacet
  facet normal 0.720103 -0.693867 0.000000
    outer loop
      vertex -129.702720 132.711466 -4.500000
      vertex -129.737045 132.675844 -4.500000
      vertex -129.737045 132.675844 -6.000000
    endloop
  endfacet
  facet normal 0.720103 -0.693867 0.000000
    outer loop
      vertex -129.702720 132.711466 -4.500000
      vertex -129.737045 132.675844 -6.000000
      vertex -129.702720 132.711466 -6.000000
    endloop
  endfacet
  facet normal 0.753536 -0.657407 0.000000
    outer loop
      vertex -129.737045 132.675844 -4.500000
      vertex -129.769566 132.638567 -4.500000
      vertex -129.769566 132.638567 -6.000000
    endloop
  endfacet
  facet normal 0.753536 -0.657407 0.000000
    outer loop
      vertex -129.737045 132.675844 -4.500000
      vertex -129.769566 132.638567 -6.000000
      vertex -129.737045 132.675844 -6.000000
    endloop
  endfacet
  facet normal 0.785097 -0.619373 0.000000
    outer loop
      vertex -129.769566 132.638567 -4.500000
      vertex -129.800149 132.599801 -4.500000
      vertex -129.769566 132.638567 -6.000000
    endloop
  endfacet
  facet normal 0.785097 -0.619373 0.000000
    outer loop
      vertex -129.800149 132.599801 -4.500000
      vertex -129.800149 132.599801 -6.000000
      vertex -129.769566 132.638567 -6.000000
    endloop
  endfacet
  facet normal 0.814767 -0.579789 0.000000
    outer loop
      vertex -129.800149 132.599801 -4.500000
      vertex -129.828884 132.559421 -4.500000
      vertex -129.800149 132.599801 -6.000000
    endloop
  endfacet
  facet normal 0.814767 -0.579789 0.000000
    outer loop
      vertex -129.828884 132.559421 -4.500000
      vertex -129.828884 132.559421 -6.000000
      vertex -129.800149 132.599801 -6.000000
    endloop
  endfacet
  facet normal 0.842467 -0.538748 0.000000
    outer loop
      vertex -129.828884 132.559421 -4.500000
      vertex -129.855534 132.517746 -4.500000
      vertex -129.828884 132.559421 -6.000000
    endloop
  endfacet
  facet normal 0.842467 -0.538748 0.000000
    outer loop
      vertex -129.855534 132.517746 -4.500000
      vertex -129.855534 132.517746 -6.000000
      vertex -129.828884 132.559421 -6.000000
    endloop
  endfacet
  facet normal 0.868079 -0.496427 0.000000
    outer loop
      vertex -129.855534 132.517746 -4.500000
      vertex -129.880092 132.474804 -4.500000
      vertex -129.880092 132.474804 -6.000000
    endloop
  endfacet
  facet normal 0.868079 -0.496427 0.000000
    outer loop
      vertex -129.855534 132.517746 -4.500000
      vertex -129.880092 132.474804 -6.000000
      vertex -129.855534 132.517746 -6.000000
    endloop
  endfacet
  facet normal 0.891566 -0.452890 0.000000
    outer loop
      vertex -129.880092 132.474804 -4.500000
      vertex -129.902495 132.430700 -4.500000
      vertex -129.902495 132.430700 -6.000000
    endloop
  endfacet
  facet normal 0.891566 -0.452890 0.000000
    outer loop
      vertex -129.880092 132.474804 -4.500000
      vertex -129.902495 132.430700 -6.000000
      vertex -129.880092 132.474804 -6.000000
    endloop
  endfacet
  facet normal 0.912872 -0.408246 0.000000
    outer loop
      vertex -129.902495 132.430700 -4.500000
      vertex -129.922690 132.385542 -4.500000
      vertex -129.922690 132.385542 -6.000000
    endloop
  endfacet
  facet normal 0.912872 -0.408246 0.000000
    outer loop
      vertex -129.902495 132.430700 -4.500000
      vertex -129.922690 132.385542 -6.000000
      vertex -129.902495 132.430700 -6.000000
    endloop
  endfacet
  facet normal 0.931944 -0.362602 0.000000
    outer loop
      vertex -129.922690 132.385542 -4.500000
      vertex -129.940628 132.339440 -4.500000
      vertex -129.940628 132.339440 -6.000000
    endloop
  endfacet
  facet normal 0.931944 -0.362602 0.000000
    outer loop
      vertex -129.922690 132.385542 -4.500000
      vertex -129.940628 132.339440 -6.000000
      vertex -129.922690 132.385542 -6.000000
    endloop
  endfacet
  facet normal 0.948736 -0.316070 0.000000
    outer loop
      vertex -129.940628 132.339440 -4.500000
      vertex -129.956263 132.292507 -4.500000
      vertex -129.940628 132.339440 -6.000000
    endloop
  endfacet
  facet normal 0.948736 -0.316070 0.000000
    outer loop
      vertex -129.956263 132.292507 -4.500000
      vertex -129.956263 132.292507 -6.000000
      vertex -129.940628 132.339440 -6.000000
    endloop
  endfacet
  facet normal 0.963206 -0.268765 0.000000
    outer loop
      vertex -129.956263 132.292507 -4.500000
      vertex -129.969559 132.244858 -4.500000
      vertex -129.956263 132.292507 -6.000000
    endloop
  endfacet
  facet normal 0.963206 -0.268765 0.000000
    outer loop
      vertex -129.969559 132.244858 -4.500000
      vertex -129.969559 132.244858 -6.000000
      vertex -129.956263 132.292507 -6.000000
    endloop
  endfacet
  facet normal 0.975319 -0.220801 0.000000
    outer loop
      vertex -129.969559 132.244858 -4.500000
      vertex -129.980482 132.196609 -4.500000
      vertex -129.969559 132.244858 -6.000000
    endloop
  endfacet
  facet normal 0.975319 -0.220801 0.000000
    outer loop
      vertex -129.980482 132.196609 -4.500000
      vertex -129.980482 132.196609 -6.000000
      vertex -129.969559 132.244858 -6.000000
    endloop
  endfacet
  facet normal 0.985045 -0.172296 0.000000
    outer loop
      vertex -129.980482 132.196609 -4.500000
      vertex -129.989006 132.147878 -4.500000
      vertex -129.980482 132.196609 -6.000000
    endloop
  endfacet
  facet normal 0.985045 -0.172296 0.000000
    outer loop
      vertex -129.989006 132.147878 -4.500000
      vertex -129.989006 132.147878 -6.000000
      vertex -129.980482 132.196609 -6.000000
    endloop
  endfacet
  facet normal 0.992361 -0.123371 0.000000
    outer loop
      vertex -129.989006 132.147878 -4.500000
      vertex -129.995108 132.098789 -4.500000
      vertex -129.989006 132.147878 -6.000000
    endloop
  endfacet
  facet normal 0.992361 -0.123371 0.000000
    outer loop
      vertex -129.995108 132.098789 -4.500000
      vertex -129.995108 132.098789 -6.000000
      vertex -129.989006 132.147878 -6.000000
    endloop
  endfacet
  facet normal 0.997247 -0.074147 0.000000
    outer loop
      vertex -129.995108 132.098789 -4.500000
      vertex -129.998776 132.049459 -4.500000
      vertex -129.995108 132.098789 -6.000000
    endloop
  endfacet
  facet normal 0.997247 -0.074147 0.000000
    outer loop
      vertex -129.998776 132.049459 -4.500000
      vertex -129.998776 132.049459 -6.000000
      vertex -129.995108 132.098789 -6.000000
    endloop
  endfacet
  facet normal 0.999694 -0.024737 0.000000
    outer loop
      vertex -129.998776 132.049459 -4.500000
      vertex -130.000000 132.000000 -4.500000
      vertex -129.998776 132.049459 -6.000000
    endloop
  endfacet
  facet normal 0.999694 -0.024737 0.000000
    outer loop
      vertex -130.000000 132.000000 -4.500000
      vertex -130.000000 132.000000 -6.000000
      vertex -129.998776 132.049459 -6.000000
    endloop
  endfacet
  facet normal -0.024544 -0.999699 -0.000000
    outer loop
      vertex -128.877319 128.496988 -4.500000
      vertex -129.000000 128.500000 -4.500000
      vertex -128.877319 128.496988 -6.000000
    endloop
  endfacet
  facet normal -0.024544 -0.999699 -0.000000
    outer loop
      vertex -129.000000 128.500000 -4.500000
      vertex -129.000000 128.500000 -6.000000
      vertex -128.877319 128.496988 -6.000000
    endloop
  endfacet
  facet normal -0.073569 -0.997290 0.000000
    outer loop
      vertex -128.877319 128.496988 -6.000000
      vertex -128.754949 128.487961 -6.000000
      vertex -128.877319 128.496988 -4.500000
    endloop
  endfacet
  facet normal -0.073569 -0.997290 0.000000
    outer loop
      vertex -128.754949 128.487961 -6.000000
      vertex -128.754949 128.487961 -4.500000
      vertex -128.877319 128.496988 -4.500000
    endloop
  endfacet
  facet normal -0.122413 -0.992479 0.000000
    outer loop
      vertex -128.754949 128.487961 -6.000000
      vertex -128.633173 128.472941 -6.000000
      vertex -128.754949 128.487961 -4.500000
    endloop
  endfacet
  facet normal -0.122413 -0.992479 0.000000
    outer loop
      vertex -128.633173 128.472941 -6.000000
      vertex -128.633173 128.472941 -4.500000
      vertex -128.754949 128.487961 -4.500000
    endloop
  endfacet
  facet normal -0.170963 -0.985277 0.000000
    outer loop
      vertex -128.633173 128.472941 -6.000000
      vertex -128.512271 128.451963 -6.000000
      vertex -128.633173 128.472941 -4.500000
    endloop
  endfacet
  facet normal -0.170963 -0.985277 0.000000
    outer loop
      vertex -128.512271 128.451963 -6.000000
      vertex -128.512271 128.451963 -4.500000
      vertex -128.633173 128.472941 -4.500000
    endloop
  endfacet
  facet normal -0.234003 -0.972236 0.000000
    outer loop
      vertex -128.392544 128.425077 -6.000000
      vertex -128.392544 128.425077 -4.500000
      vertex -128.437490 128.435895 -4.500000
    endloop
  endfacet
  facet normal -0.234003 -0.972236 0.000000
    outer loop
      vertex -128.437490 128.435895 -6.000000
      vertex -128.392544 128.425077 -6.000000
      vertex -128.437490 128.435895 -4.500000
    endloop
  endfacet
  facet normal -0.210072 -0.977686 0.000000
    outer loop
      vertex -128.437490 128.435895 -4.500000
      vertex -128.512271 128.451963 -4.500000
      vertex -128.512271 128.451963 -6.000000
    endloop
  endfacet
  facet normal -0.210072 -0.977686 0.000000
    outer loop
      vertex -128.512271 128.451963 -6.000000
      vertex -128.437490 128.435895 -6.000000
      vertex -128.437490 128.435895 -4.500000
    endloop
  endfacet
  facet normal -0.266715 -0.963775 0.000000
    outer loop
      vertex -128.392544 128.425077 -6.000000
      vertex -128.274282 128.392349 -6.000000
      vertex -128.392544 128.425077 -4.500000
    endloop
  endfacet
  facet normal -0.266715 -0.963775 0.000000
    outer loop
      vertex -128.274282 128.392349 -6.000000
      vertex -128.274282 128.392349 -4.500000
      vertex -128.392544 128.425077 -4.500000
    endloop
  endfacet
  facet normal -0.313684 -0.949527 0.000000
    outer loop
      vertex -128.274282 128.392349 -6.000000
      vertex -128.157769 128.353858 -6.000000
      vertex -128.274282 128.392349 -4.500000
    endloop
  endfacet
  facet normal -0.313684 -0.949527 0.000000
    outer loop
      vertex -128.157769 128.353858 -6.000000
      vertex -128.157769 128.353858 -4.500000
      vertex -128.274282 128.392349 -4.500000
    endloop
  endfacet
  facet normal -0.359897 -0.932992 0.000000
    outer loop
      vertex -128.157769 128.353858 -6.000000
      vertex -128.043287 128.309697 -6.000000
      vertex -128.157769 128.353858 -4.500000
    endloop
  endfacet
  facet normal -0.359897 -0.932992 0.000000
    outer loop
      vertex -128.043287 128.309697 -6.000000
      vertex -128.043287 128.309697 -4.500000
      vertex -128.157769 128.353858 -4.500000
    endloop
  endfacet
  facet normal -0.405243 -0.914209 0.000000
    outer loop
      vertex -128.043287 128.309697 -6.000000
      vertex -127.931109 128.259972 -6.000000
      vertex -128.043287 128.309697 -4.500000
    endloop
  endfacet
  facet normal -0.405243 -0.914209 0.000000
    outer loop
      vertex -127.931109 128.259972 -6.000000
      vertex -127.931109 128.259972 -4.500000
      vertex -128.043287 128.309697 -4.500000
    endloop
  endfacet
  facet normal -0.449612 -0.893224 0.000000
    outer loop
      vertex -127.931109 128.259972 -6.000000
      vertex -127.821507 128.204803 -6.000000
      vertex -127.931109 128.259972 -4.500000
    endloop
  endfacet
  facet normal -0.449612 -0.893224 0.000000
    outer loop
      vertex -127.821507 128.204803 -6.000000
      vertex -127.821507 128.204803 -4.500000
      vertex -127.931109 128.259972 -4.500000
    endloop
  endfacet
  facet normal -0.492898 -0.870087 0.000000
    outer loop
      vertex -127.821507 128.204803 -6.000000
      vertex -127.714743 128.144321 -6.000000
      vertex -127.821507 128.204803 -4.500000
    endloop
  endfacet
  facet normal -0.492898 -0.870087 0.000000
    outer loop
      vertex -127.714743 128.144321 -6.000000
      vertex -127.714743 128.144321 -4.500000
      vertex -127.821507 128.204803 -4.500000
    endloop
  endfacet
  facet normal -0.534998 -0.844853 0.000000
    outer loop
      vertex -127.714743 128.144321 -6.000000
      vertex -127.611073 128.078673 -6.000000
      vertex -127.714743 128.144321 -4.500000
    endloop
  endfacet
  facet normal -0.534998 -0.844853 0.000000
    outer loop
      vertex -127.611073 128.078673 -6.000000
      vertex -127.611073 128.078673 -4.500000
      vertex -127.714743 128.144321 -4.500000
    endloop
  endfacet
  facet normal -0.575809 -0.817584 0.000000
    outer loop
      vertex -127.611073 128.078673 -6.000000
      vertex -127.510749 128.008017 -6.000000
      vertex -127.611073 128.078673 -4.500000
    endloop
  endfacet
  facet normal -0.575809 -0.817584 0.000000
    outer loop
      vertex -127.510749 128.008017 -6.000000
      vertex -127.510749 128.008017 -4.500000
      vertex -127.611073 128.078673 -4.500000
    endloop
  endfacet
  facet normal -0.615232 -0.788346 0.000000
    outer loop
      vertex -127.510749 128.008017 -6.000000
      vertex -127.414015 127.932525 -6.000000
      vertex -127.510749 128.008017 -4.500000
    endloop
  endfacet
  facet normal -0.615232 -0.788346 0.000000
    outer loop
      vertex -127.414015 127.932525 -6.000000
      vertex -127.414015 127.932525 -4.500000
      vertex -127.510749 128.008017 -4.500000
    endloop
  endfacet
  facet normal -0.653173 -0.757209 0.000000
    outer loop
      vertex -127.414015 127.932525 -6.000000
      vertex -127.321102 127.852378 -6.000000
      vertex -127.414015 127.932525 -4.500000
    endloop
  endfacet
  facet normal -0.653173 -0.757209 0.000000
    outer loop
      vertex -127.321102 127.852378 -6.000000
      vertex -127.321102 127.852378 -4.500000
      vertex -127.414015 127.932525 -4.500000
    endloop
  endfacet
  facet normal -0.689541 -0.724247 0.000000
    outer loop
      vertex -127.321102 127.852378 -6.000000
      vertex -127.232233 127.767767 -6.000000
      vertex -127.321102 127.852378 -4.500000
    endloop
  endfacet
  facet normal -0.689541 -0.724247 0.000000
    outer loop
      vertex -127.232233 127.767767 -6.000000
      vertex -127.232233 127.767767 -4.500000
      vertex -127.321102 127.852378 -4.500000
    endloop
  endfacet
  facet normal -0.724247 -0.689541 0.000000
    outer loop
      vertex -127.232233 127.767767 -6.000000
      vertex -127.147622 127.678898 -6.000000
      vertex -127.232233 127.767767 -4.500000
    endloop
  endfacet
  facet normal -0.724247 -0.689541 0.000000
    outer loop
      vertex -127.147622 127.678898 -6.000000
      vertex -127.147622 127.678898 -4.500000
      vertex -127.232233 127.767767 -4.500000
    endloop
  endfacet
  facet normal -0.757209 -0.653173 0.000000
    outer loop
      vertex -127.147622 127.678898 -6.000000
      vertex -127.067475 127.585985 -6.000000
      vertex -127.147622 127.678898 -4.500000
    endloop
  endfacet
  facet normal -0.757209 -0.653173 0.000000
    outer loop
      vertex -127.067475 127.585985 -6.000000
      vertex -127.067475 127.585985 -4.500000
      vertex -127.147622 127.678898 -4.500000
    endloop
  endfacet
  facet normal -0.788346 -0.615232 0.000000
    outer loop
      vertex -127.067475 127.585985 -6.000000
      vertex -126.991983 127.489251 -6.000000
      vertex -127.067475 127.585985 -4.500000
    endloop
  endfacet
  facet normal -0.788346 -0.615232 0.000000
    outer loop
      vertex -126.991983 127.489251 -6.000000
      vertex -126.991983 127.489251 -4.500000
      vertex -127.067475 127.585985 -4.500000
    endloop
  endfacet
  facet normal -0.817584 -0.575809 0.000000
    outer loop
      vertex -126.991983 127.489251 -6.000000
      vertex -126.921327 127.388927 -6.000000
      vertex -126.991983 127.489251 -4.500000
    endloop
  endfacet
  facet normal -0.817584 -0.575809 0.000000
    outer loop
      vertex -126.921327 127.388927 -6.000000
      vertex -126.921327 127.388927 -4.500000
      vertex -126.991983 127.489251 -4.500000
    endloop
  endfacet
  facet normal -0.844853 -0.534998 0.000000
    outer loop
      vertex -126.921327 127.388927 -6.000000
      vertex -126.855679 127.285257 -6.000000
      vertex -126.921327 127.388927 -4.500000
    endloop
  endfacet
  facet normal -0.844853 -0.534998 0.000000
    outer loop
      vertex -126.855679 127.285257 -6.000000
      vertex -126.855679 127.285257 -4.500000
      vertex -126.921327 127.388927 -4.500000
    endloop
  endfacet
  facet normal -0.870087 -0.492898 0.000000
    outer loop
      vertex -126.855679 127.285257 -6.000000
      vertex -126.795197 127.178493 -6.000000
      vertex -126.855679 127.285257 -4.500000
    endloop
  endfacet
  facet normal -0.870087 -0.492898 0.000000
    outer loop
      vertex -126.795197 127.178493 -6.000000
      vertex -126.795197 127.178493 -4.500000
      vertex -126.855679 127.285257 -4.500000
    endloop
  endfacet
  facet normal -0.893224 -0.449612 0.000000
    outer loop
      vertex -126.795197 127.178493 -6.000000
      vertex -126.740028 127.068891 -6.000000
      vertex -126.795197 127.178493 -4.500000
    endloop
  endfacet
  facet normal -0.893224 -0.449612 0.000000
    outer loop
      vertex -126.740028 127.068891 -6.000000
      vertex -126.740028 127.068891 -4.500000
      vertex -126.795197 127.178493 -4.500000
    endloop
  endfacet
  facet normal -0.914209 -0.405243 0.000000
    outer loop
      vertex -126.740028 127.068891 -6.000000
      vertex -126.690303 126.956713 -6.000000
      vertex -126.740028 127.068891 -4.500000
    endloop
  endfacet
  facet normal -0.914209 -0.405243 0.000000
    outer loop
      vertex -126.690303 126.956713 -6.000000
      vertex -126.690303 126.956713 -4.500000
      vertex -126.740028 127.068891 -4.500000
    endloop
  endfacet
  facet normal -0.932992 -0.359897 0.000000
    outer loop
      vertex -126.690303 126.956713 -6.000000
      vertex -126.646142 126.842231 -6.000000
      vertex -126.690303 126.956713 -4.500000
    endloop
  endfacet
  facet normal -0.932992 -0.359897 0.000000
    outer loop
      vertex -126.646142 126.842231 -6.000000
      vertex -126.646142 126.842231 -4.500000
      vertex -126.690303 126.956713 -4.500000
    endloop
  endfacet
  facet normal -0.949527 -0.313684 0.000000
    outer loop
      vertex -126.646142 126.842231 -6.000000
      vertex -126.607651 126.725718 -6.000000
      vertex -126.646142 126.842231 -4.500000
    endloop
  endfacet
  facet normal -0.949527 -0.313684 0.000000
    outer loop
      vertex -126.607651 126.725718 -6.000000
      vertex -126.607651 126.725718 -4.500000
      vertex -126.646142 126.842231 -4.500000
    endloop
  endfacet
  facet normal -0.963775 -0.266715 0.000000
    outer loop
      vertex -126.607651 126.725718 -6.000000
      vertex -126.574923 126.607456 -6.000000
      vertex -126.607651 126.725718 -4.500000
    endloop
  endfacet
  facet normal -0.963775 -0.266715 0.000000
    outer loop
      vertex -126.574923 126.607456 -6.000000
      vertex -126.574923 126.607456 -4.500000
      vertex -126.607651 126.725718 -4.500000
    endloop
  endfacet
  facet normal -0.975702 -0.219103 0.000000
    outer loop
      vertex -126.574923 126.607456 -6.000000
      vertex -126.548037 126.487729 -6.000000
      vertex -126.574923 126.607456 -4.500000
    endloop
  endfacet
  facet normal -0.975702 -0.219103 0.000000
    outer loop
      vertex -126.548037 126.487729 -6.000000
      vertex -126.548037 126.487729 -4.500000
      vertex -126.574923 126.607456 -4.500000
    endloop
  endfacet
  facet normal -0.985277 -0.170963 0.000000
    outer loop
      vertex -126.548037 126.487729 -6.000000
      vertex -126.527059 126.366827 -6.000000
      vertex -126.548037 126.487729 -4.500000
    endloop
  endfacet
  facet normal -0.985277 -0.170963 0.000000
    outer loop
      vertex -126.527059 126.366827 -6.000000
      vertex -126.527059 126.366827 -4.500000
      vertex -126.548037 126.487729 -4.500000
    endloop
  endfacet
  facet normal -0.995086 -0.099011 0.000000
    outer loop
      vertex -126.512039 126.245051 -6.000000
      vertex -126.512039 126.245051 -4.500000
      vertex -126.512532 126.250004 -4.500000
    endloop
  endfacet
  facet normal -0.995086 -0.099011 0.000000
    outer loop
      vertex -126.512532 126.250004 -6.000000
      vertex -126.512039 126.245051 -6.000000
      vertex -126.512532 126.250004 -4.500000
    endloop
  endfacet
  facet normal -0.992357 -0.123400 0.000000
    outer loop
      vertex -126.527059 126.366827 -6.000000
      vertex -126.512532 126.250004 -6.000000
      vertex -126.512532 126.250004 -4.500000
    endloop
  endfacet
  facet normal -0.992357 -0.123400 0.000000
    outer loop
      vertex -126.527059 126.366827 -6.000000
      vertex -126.512532 126.250004 -4.500000
      vertex -126.527059 126.366827 -4.500000
    endloop
  endfacet
  facet normal -0.997290 -0.073569 0.000000
    outer loop
      vertex -126.512039 126.245051 -6.000000
      vertex -126.503012 126.122681 -6.000000
      vertex -126.512039 126.245051 -4.500000
    endloop
  endfacet
  facet normal -0.997290 -0.073569 0.000000
    outer loop
      vertex -126.503012 126.122681 -6.000000
      vertex -126.503012 126.122681 -4.500000
      vertex -126.512039 126.245051 -4.500000
    endloop
  endfacet
  facet normal -0.999699 -0.024544 0.000000
    outer loop
      vertex -126.503012 126.122681 -6.000000
      vertex -126.500000 126.000000 -6.000000
      vertex -126.503012 126.122681 -4.500000
    endloop
  endfacet
  facet normal -0.999699 -0.024544 0.000000
    outer loop
      vertex -126.500000 126.000000 -6.000000
      vertex -126.500000 126.000000 -4.500000
      vertex -126.503012 126.122681 -4.500000
    endloop
  endfacet
  facet normal 0.000000 -0.000000 1.000000
    outer loop
      vertex -128.437497 132.826795 -4.500000
      vertex -128.437500 135.500000 -4.500000
      vertex -129.000000 135.500000 -4.500000
    endloop
  endfacet
  facet normal 0.000000 0.000000 1.000000
    outer loop
      vertex -132.395107 131.149561 -4.500000
      vertex -132.349288 130.983995 -4.500000
      vertex -132.314268 130.874998 -4.500000
    endloop
  endfacet
  facet normal 0.000000 0.000000 1.000000
    outer loop
      vertex -128.437500 130.875000 -4.500000
      vertex -128.437497 131.173205 -4.500000
      vertex -128.471712 131.150934 -4.500000
    endloop
  endfacet
  facet normal 0.000000 0.000000 1.000000
    outer loop
      vertex -128.437500 130.875000 -4.500000
      vertex -128.471712 131.150934 -4.500000
      vertex -128.514347 131.125848 -4.500000
    endloop
  endfacet
  facet normal -0.000000 -0.000000 1.000000
    outer loop
      vertex -128.437500 130.875000 -4.500000
      vertex -128.514347 131.125848 -4.500000
      vertex -128.558171 131.102901 -4.500000
    endloop
  endfacet
  facet normal 0.000000 0.000000 1.000000
    outer loop
      vertex -128.437500 130.875000 -4.500000
      vertex -128.558171 131.102901 -4.500000
      vertex -128.603147 131.082118 -4.500000
    endloop
  endfacet
  facet normal 0.000000 0.000000 1.000000
    outer loop
      vertex -128.437500 130.875000 -4.500000
      vertex -128.603147 131.082118 -4.500000
      vertex -128.648952 131.063642 -4.500000
    endloop
  endfacet
  facet normal -0.000000 -0.000000 1.000000
    outer loop
      vertex -128.437500 130.875000 -4.500000
      vertex -128.648952 131.063642 -4.500000
      vertex -128.695704 131.047422 -4.500000
    endloop
  endfacet
  facet normal -0.000000 0.000000 1.000000
    outer loop
      vertex -132.462118 132.513558 -4.500000
      vertex -132.483145 132.343072 -4.500000
      vertex -132.495783 132.171754 -4.500000
    endloop
  endfacet
  facet normal 0.000000 0.000000 1.000000
    outer loop
      vertex -132.495783 131.828246 -4.500000
      vertex -132.483145 131.656928 -4.500000
      vertex -132.462118 131.486442 -4.500000
    endloop
  endfacet
  facet normal 0.000000 -0.000000 1.000000
    outer loop
      vertex -129.171754 135.495783 -4.500000
      vertex -129.343072 135.483145 -4.500000
      vertex -129.513558 135.462118 -4.500000
    endloop
  endfacet
  facet normal 0.000000 0.000000 1.000000
    outer loop
      vertex -130.339398 135.233576 -4.500000
      vertex -130.496447 135.163961 -4.500000
      vertex -130.649890 135.086724 -4.500000
    endloop
  endfacet
  facet normal 0.000000 0.000000 1.000000
    outer loop
      vertex -132.086724 133.649890 -4.500000
      vertex -132.163961 133.496447 -4.500000
      vertex -132.233576 133.339398 -4.500000
    endloop
  endfacet
  facet normal 0.000000 -0.000000 1.000000
    outer loop
      vertex -131.084951 134.811224 -4.500000
      vertex -131.220379 134.705535 -4.500000
      vertex -131.350457 134.593329 -4.500000
    endloop
  endfacet
  facet normal -0.000000 0.000000 1.000000
    outer loop
      vertex -131.593329 134.350457 -4.500000
      vertex -131.705535 134.220379 -4.500000
      vertex -131.811224 134.084951 -4.500000
    endloop
  endfacet
  facet normal 0.000000 0.000000 1.000000
    outer loop
      vertex -130.016005 135.349288 -4.500000
      vertex -130.179123 135.295401 -4.500000
      vertex -130.339398 135.233576 -4.500000
    endloop
  endfacet
  facet normal 0.000000 0.000000 1.000000
    outer loop
      vertex -132.233576 133.339398 -4.500000
      vertex -132.295401 133.179123 -4.500000
      vertex -132.349288 133.016005 -4.500000
    endloop
  endfacet
  facet normal -0.000000 0.000000 1.000000
    outer loop
      vertex -131.350457 134.593329 -4.500000
      vertex -131.474874 134.474874 -4.500000
      vertex -131.593329 134.350457 -4.500000
    endloop
  endfacet
  facet normal -0.000000 0.000000 1.000000
    outer loop
      vertex -131.910142 133.944498 -4.500000
      vertex -132.002050 133.799360 -4.500000
      vertex -132.086724 133.649890 -4.500000
    endloop
  endfacet
  facet normal 0.000000 -0.000000 1.000000
    outer loop
      vertex -130.649890 135.086724 -4.500000
      vertex -130.799360 135.002050 -4.500000
      vertex -130.944498 134.910142 -4.500000
    endloop
  endfacet
  facet normal 0.000000 -0.000000 1.000000
    outer loop
      vertex -129.682821 135.432748 -4.500000
      vertex -129.850439 135.395107 -4.500000
      vertex -130.016005 135.349288 -4.500000
    endloop
  endfacet
  facet normal -0.000000 0.000000 1.000000
    outer loop
      vertex -132.349288 133.016005 -4.500000
      vertex -132.395107 132.850439 -4.500000
      vertex -132.432748 132.682821 -4.500000
    endloop
  endfacet
  facet normal -0.000000 -0.000000 1.000000
    outer loop
      vertex -132.462118 131.486442 -4.500000
      vertex -132.432748 131.317179 -4.500000
      vertex -132.395107 131.149561 -4.500000
    endloop
  endfacet
  facet normal 0.000000 0.000000 1.000000
    outer loop
      vertex -132.495783 132.171754 -4.500000
      vertex -132.500000 132.000000 -4.500000
      vertex -132.495783 131.828246 -4.500000
    endloop
  endfacet
  facet normal 0.000000 0.000000 1.000000
    outer loop
      vertex -128.437500 130.875000 -4.500000
      vertex -128.695704 131.047422 -4.500000
      vertex -128.743169 131.033544 -4.500000
    endloop
  endfacet
  facet normal 0.000000 0.000000 1.000000
    outer loop
      vertex -128.437500 130.875000 -4.500000
      vertex -128.743169 131.033544 -4.500000
      vertex -128.791279 131.022025 -4.500000
    endloop
  endfacet
  facet normal 0.000000 0.000000 1.000000
    outer loop
      vertex -128.437500 130.875000 -4.500000
      vertex -128.791279 131.022025 -4.500000
      vertex -128.839901 131.012899 -4.500000
    endloop
  endfacet
  facet normal -0.000000 -0.000000 1.000000
    outer loop
      vertex -128.437500 130.875000 -4.500000
      vertex -128.839901 131.012899 -4.500000
      vertex -128.888912 131.006189 -4.500000
    endloop
  endfacet
  facet normal 0.000000 -0.000000 1.000000
    outer loop
      vertex -132.432748 132.682821 -4.500000
      vertex -132.462118 132.513558 -4.500000
      vertex -132.495783 132.171754 -4.500000
    endloop
  endfacet
  facet normal 0.000000 -0.000000 1.000000
    outer loop
      vertex -129.171754 135.495783 -4.500000
      vertex -129.513558 135.462118 -4.500000
      vertex -129.682821 135.432748 -4.500000
    endloop
  endfacet
  facet normal 0.000000 -0.000000 1.000000
    outer loop
      vertex -130.944498 134.910142 -4.500000
      vertex -131.084951 134.811224 -4.500000
      vertex -131.350457 134.593329 -4.500000
    endloop
  endfacet
  facet normal -0.000000 0.000000 1.000000
    outer loop
      vertex -131.593329 134.350457 -4.500000
      vertex -131.811224 134.084951 -4.500000
      vertex -131.910142 133.944498 -4.500000
    endloop
  endfacet
  facet normal 0.000000 0.000000 1.000000
    outer loop
      vertex -128.437500 130.875000 -4.500000
      vertex -128.888912 131.006189 -4.500000
      vertex -128.938191 131.001912 -4.500000
    endloop
  endfacet
  facet normal -0.000000 -0.000000 1.000000
    outer loop
      vertex -128.437500 130.875000 -4.500000
      vertex -128.938191 131.001912 -4.500000
      vertex -128.987630 131.000077 -4.500000
    endloop
  endfacet
  facet normal 0.000000 0.000000 1.000000
    outer loop
      vertex -128.437500 130.875000 -4.500000
      vertex -128.987630 131.000077 -4.500000
      vertex -129.037101 131.000688 -4.500000
    endloop
  endfacet
  facet normal -0.000000 -0.000000 1.000000
    outer loop
      vertex -132.462118 131.486442 -4.500000
      vertex -132.395107 131.149561 -4.500000
      vertex -132.314268 130.874998 -4.500000
    endloop
  endfacet
  facet normal 0.000000 0.000000 1.000000
    outer loop
      vertex -128.437500 130.875000 -4.500000
      vertex -129.037101 131.000688 -4.500000
      vertex -129.086475 131.003746 -4.500000
    endloop
  endfacet
  facet normal 0.000000 -0.000000 1.000000
    outer loop
      vertex -129.000000 135.500000 -4.500000
      vertex -129.171754 135.495783 -4.500000
      vertex -129.682821 135.432748 -4.500000
    endloop
  endfacet
  facet normal -0.000000 -0.000000 1.000000
    outer loop
      vertex -128.437497 132.826795 -4.500000
      vertex -129.000000 135.500000 -4.500000
      vertex -129.682821 135.432748 -4.500000
    endloop
  endfacet
  facet normal 0.000000 0.000000 1.000000
    outer loop
      vertex -130.016005 135.349288 -4.500000
      vertex -130.339398 135.233576 -4.500000
      vertex -130.649890 135.086724 -4.500000
    endloop
  endfacet
  facet normal 0.000000 0.000000 1.000000
    outer loop
      vertex -132.086724 133.649890 -4.500000
      vertex -132.233576 133.339398 -4.500000
      vertex -132.349288 133.016005 -4.500000
    endloop
  endfacet
  facet normal -0.000000 0.000000 1.000000
    outer loop
      vertex -132.495783 132.171754 -4.500000
      vertex -132.495783 131.828246 -4.500000
      vertex -132.462118 131.486442 -4.500000
    endloop
  endfacet
  facet normal -0.000000 -0.000000 1.000000
    outer loop
      vertex -128.437500 130.875000 -4.500000
      vertex -129.086475 131.003746 -4.500000
      vertex -129.135695 131.009249 -4.500000
    endloop
  endfacet
  facet normal -0.000000 -0.000000 1.000000
    outer loop
      vertex -128.437500 130.875000 -4.500000
      vertex -129.135695 131.009249 -4.500000
      vertex -129.184467 131.017161 -4.500000
    endloop
  endfacet
  facet normal 0.000000 0.000000 1.000000
    outer loop
      vertex -132.349288 133.016005 -4.500000
      vertex -132.432748 132.682821 -4.500000
      vertex -132.495783 132.171754 -4.500000
    endloop
  endfacet
  facet normal 0.000000 -0.000000 1.000000
    outer loop
      vertex -130.944498 134.910142 -4.500000
      vertex -131.350457 134.593329 -4.500000
      vertex -131.593329 134.350457 -4.500000
    endloop
  endfacet
  facet normal 0.000000 -0.000000 1.000000
    outer loop
      vertex -131.593329 134.350457 -4.500000
      vertex -131.910142 133.944498 -4.500000
      vertex -132.086724 133.649890 -4.500000
    endloop
  endfacet
  facet normal 0.000000 -0.000000 1.000000
    outer loop
      vertex -130.016005 135.349288 -4.500000
      vertex -130.649890 135.086724 -4.500000
      vertex -130.944498 134.910142 -4.500000
    endloop
  endfacet
  facet normal 0.000000 0.000000 1.000000
    outer loop
      vertex -132.495783 132.171754 -4.500000
      vertex -132.462118 131.486442 -4.500000
      vertex -132.314268 130.874998 -4.500000
    endloop
  endfacet
  facet normal 0.000000 -0.000000 1.000000
    outer loop
      vertex -129.682821 135.432748 -4.500000
      vertex -130.016005 135.349288 -4.500000
      vertex -130.944498 134.910142 -4.500000
    endloop
  endfacet
  facet normal 0.000000 0.000000 1.000000
    outer loop
      vertex -128.437497 132.826795 -4.500000
      vertex -129.682821 135.432748 -4.500000
      vertex -130.944498 134.910142 -4.500000
    endloop
  endfacet
  facet normal 0.000000 0.000000 1.000000
    outer loop
      vertex -132.086724 133.649890 -4.500000
      vertex -132.349288 133.016005 -4.500000
      vertex -132.495783 132.171754 -4.500000
    endloop
  endfacet
  facet normal 0.000000 0.000000 1.000000
    outer loop
      vertex -132.086724 133.649890 -4.500000
      vertex -132.495783 132.171754 -4.500000
      vertex -132.314268 130.874998 -4.500000
    endloop
  endfacet
  facet normal 0.000000 -0.000000 1.000000
    outer loop
      vertex -130.944498 134.910142 -4.500000
      vertex -131.593329 134.350457 -4.500000
      vertex -132.086724 133.649890 -4.500000
    endloop
  endfacet
  facet normal 0.000000 -0.000000 1.000000
    outer loop
      vertex -130.944498 134.910142 -4.500000
      vertex -132.086724 133.649890 -4.500000
      vertex -132.314268 130.874998 -4.500000
    endloop
  endfacet
  facet normal 0.000000 0.000000 1.000000
    outer loop
      vertex -128.471712 132.849066 -4.500000
      vertex -128.437497 132.826795 -4.500000
      vertex -130.944498 134.910142 -4.500000
    endloop
  endfacet
  facet normal 0.000000 0.000000 1.000000
    outer loop
      vertex -128.514347 132.874152 -4.500000
      vertex -128.471712 132.849066 -4.500000
      vertex -130.944498 134.910142 -4.500000
    endloop
  endfacet
  facet normal 0.000000 0.000000 1.000000
    outer loop
      vertex -128.558171 132.897099 -4.500000
      vertex -128.514347 132.874152 -4.500000
      vertex -130.944498 134.910142 -4.500000
    endloop
  endfacet
  facet normal 0.000000 0.000000 1.000000
    outer loop
      vertex -128.603147 132.917882 -4.500000
      vertex -128.558171 132.897099 -4.500000
      vertex -130.944498 134.910142 -4.500000
    endloop
  endfacet
  facet normal 0.000000 0.000000 1.000000
    outer loop
      vertex -128.648952 132.936358 -4.500000
      vertex -128.603147 132.917882 -4.500000
      vertex -130.944498 134.910142 -4.500000
    endloop
  endfacet
  facet normal -0.000000 -0.000000 1.000000
    outer loop
      vertex -128.695704 132.952578 -4.500000
      vertex -128.648952 132.936358 -4.500000
      vertex -130.944498 134.910142 -4.500000
    endloop
  endfacet
  facet normal 0.000000 0.000000 1.000000
    outer loop
      vertex -128.743169 132.966456 -4.500000
      vertex -128.695704 132.952578 -4.500000
      vertex -130.944498 134.910142 -4.500000
    endloop
  endfacet
  facet normal 0.000000 0.000000 1.000000
    outer loop
      vertex -128.791279 132.977975 -4.500000
      vertex -128.743169 132.966456 -4.500000
      vertex -130.944498 134.910142 -4.500000
    endloop
  endfacet
  facet normal -0.000000 -0.000000 1.000000
    outer loop
      vertex -128.839901 132.987101 -4.500000
      vertex -128.791279 132.977975 -4.500000
      vertex -130.944498 134.910142 -4.500000
    endloop
  endfacet
  facet normal 0.000000 0.000000 1.000000
    outer loop
      vertex -128.888912 132.993811 -4.500000
      vertex -128.839901 132.987101 -4.500000
      vertex -130.944498 134.910142 -4.500000
    endloop
  endfacet
  facet normal 0.000000 0.000000 1.000000
    outer loop
      vertex -128.938191 132.998088 -4.500000
      vertex -128.888912 132.993811 -4.500000
      vertex -130.944498 134.910142 -4.500000
    endloop
  endfacet
  facet normal 0.000000 0.000000 1.000000
    outer loop
      vertex -128.987630 132.999923 -4.500000
      vertex -128.938191 132.998088 -4.500000
      vertex -130.944498 134.910142 -4.500000
    endloop
  endfacet
  facet normal -0.000000 0.000000 1.000000
    outer loop
      vertex -129.037101 132.999312 -4.500000
      vertex -128.987630 132.999923 -4.500000
      vertex -130.944498 134.910142 -4.500000
    endloop
  endfacet
  facet normal -0.000000 0.000000 1.000000
    outer loop
      vertex -129.086475 132.996254 -4.500000
      vertex -129.037101 132.999312 -4.500000
      vertex -130.944498 134.910142 -4.500000
    endloop
  endfacet
  facet normal -0.000000 0.000000 1.000000
    outer loop
      vertex -129.135695 132.990751 -4.500000
      vertex -129.086475 132.996254 -4.500000
      vertex -130.944498 134.910142 -4.500000
    endloop
  endfacet
  facet normal -0.000000 -0.000000 1.000000
    outer loop
      vertex -129.184467 132.982839 -4.500000
      vertex -129.135695 132.990751 -4.500000
      vertex -130.944498 134.910142 -4.500000
    endloop
  endfacet
  facet normal 0.000000 0.000000 1.000000
    outer loop
      vertex -129.232848 132.972513 -4.500000
      vertex -129.184467 132.982839 -4.500000
      vertex -130.944498 134.910142 -4.500000
    endloop
  endfacet
  facet normal -0.000000 0.000000 1.000000
    outer loop
      vertex -129.280658 132.959808 -4.500000
      vertex -129.232848 132.972513 -4.500000
      vertex -130.944498 134.910142 -4.500000
    endloop
  endfacet
  facet normal -0.000000 -0.000000 1.000000
    outer loop
      vertex -129.327780 132.944754 -4.500000
      vertex -129.280658 132.959808 -4.500000
      vertex -130.944498 134.910142 -4.500000
    endloop
  endfacet
  facet normal 0.000000 0.000000 1.000000
    outer loop
      vertex -129.374100 132.927388 -4.500000
      vertex -129.327780 132.944754 -4.500000
      vertex -130.944498 134.910142 -4.500000
    endloop
  endfacet
  facet normal -0.000000 0.000000 1.000000
    outer loop
      vertex -129.419505 132.907753 -4.500000
      vertex -129.374100 132.927388 -4.500000
      vertex -130.944498 134.910142 -4.500000
    endloop
  endfacet
  facet normal -0.000000 0.000000 1.000000
    outer loop
      vertex -129.463883 132.885897 -4.500000
      vertex -129.419505 132.907753 -4.500000
      vertex -130.944498 134.910142 -4.500000
    endloop
  endfacet
  facet normal -0.000000 -0.000000 1.000000
    outer loop
      vertex -129.507125 132.861872 -4.500000
      vertex -129.463883 132.885897 -4.500000
      vertex -130.944498 134.910142 -4.500000
    endloop
  endfacet
  facet normal 0.000000 0.000000 1.000000
    outer loop
      vertex -129.549127 132.835739 -4.500000
      vertex -129.507125 132.861872 -4.500000
      vertex -130.944498 134.910142 -4.500000
    endloop
  endfacet
  facet normal -0.000000 -0.000000 1.000000
    outer loop
      vertex -129.589785 132.807560 -4.500000
      vertex -129.549127 132.835739 -4.500000
      vertex -130.944498 134.910142 -4.500000
    endloop
  endfacet
  facet normal 0.000000 0.000000 1.000000
    outer loop
      vertex -129.589785 132.807560 -4.500000
      vertex -130.944498 134.910142 -4.500000
      vertex -132.314268 130.874998 -4.500000
    endloop
  endfacet
  facet normal -0.000000 0.000000 1.000000
    outer loop
      vertex -129.629000 132.777405 -4.500000
      vertex -129.589785 132.807560 -4.500000
      vertex -132.314268 130.874998 -4.500000
    endloop
  endfacet
  facet normal 0.000000 -0.000000 1.000000
    outer loop
      vertex -129.666676 132.745348 -4.500000
      vertex -129.629000 132.777405 -4.500000
      vertex -132.314268 130.874998 -4.500000
    endloop
  endfacet
  facet normal 0.000000 -0.000000 1.000000
    outer loop
      vertex -129.702720 132.711466 -4.500000
      vertex -129.666676 132.745348 -4.500000
      vertex -132.314268 130.874998 -4.500000
    endloop
  endfacet
  facet normal 0.000000 -0.000000 1.000000
    outer loop
      vertex -129.737045 132.675844 -4.500000
      vertex -129.702720 132.711466 -4.500000
      vertex -132.314268 130.874998 -4.500000
    endloop
  endfacet
  facet normal 0.000000 -0.000000 1.000000
    outer loop
      vertex -129.769566 132.638567 -4.500000
      vertex -129.737045 132.675844 -4.500000
      vertex -132.314268 130.874998 -4.500000
    endloop
  endfacet
  facet normal -0.000000 0.000000 1.000000
    outer loop
      vertex -129.800149 132.599801 -4.500000
      vertex -129.769566 132.638567 -4.500000
      vertex -132.314268 130.874998 -4.500000
    endloop
  endfacet
  facet normal 0.000000 -0.000000 1.000000
    outer loop
      vertex -129.828884 132.559421 -4.500000
      vertex -129.800149 132.599801 -4.500000
      vertex -132.314268 130.874998 -4.500000
    endloop
  endfacet
  facet normal 0.000000 -0.000000 1.000000
    outer loop
      vertex -129.855534 132.517746 -4.500000
      vertex -129.828884 132.559421 -4.500000
      vertex -132.314268 130.874998 -4.500000
    endloop
  endfacet
  facet normal 0.000000 -0.000000 1.000000
    outer loop
      vertex -129.880092 132.474804 -4.500000
      vertex -129.855534 132.517746 -4.500000
      vertex -132.314268 130.874998 -4.500000
    endloop
  endfacet
  facet normal 0.000000 -0.000000 1.000000
    outer loop
      vertex -129.902495 132.430700 -4.500000
      vertex -129.880092 132.474804 -4.500000
      vertex -132.314268 130.874998 -4.500000
    endloop
  endfacet
  facet normal 0.000000 -0.000000 1.000000
    outer loop
      vertex -129.922690 132.385542 -4.500000
      vertex -129.902495 132.430700 -4.500000
      vertex -132.314268 130.874998 -4.500000
    endloop
  endfacet
  facet normal 0.000000 -0.000000 1.000000
    outer loop
      vertex -129.940628 132.339440 -4.500000
      vertex -129.922690 132.385542 -4.500000
      vertex -132.314268 130.874998 -4.500000
    endloop
  endfacet
  facet normal 0.000000 -0.000000 1.000000
    outer loop
      vertex -129.956263 132.292507 -4.500000
      vertex -129.940628 132.339440 -4.500000
      vertex -132.314268 130.874998 -4.500000
    endloop
  endfacet
  facet normal -0.000000 0.000000 1.000000
    outer loop
      vertex -129.969559 132.244858 -4.500000
      vertex -129.956263 132.292507 -4.500000
      vertex -132.314268 130.874998 -4.500000
    endloop
  endfacet
  facet normal 0.000000 -0.000000 1.000000
    outer loop
      vertex -129.980482 132.196609 -4.500000
      vertex -129.969559 132.244858 -4.500000
      vertex -132.314268 130.874998 -4.500000
    endloop
  endfacet
  facet normal 0.000000 -0.000000 1.000000
    outer loop
      vertex -129.989006 132.147878 -4.500000
      vertex -129.980482 132.196609 -4.500000
      vertex -132.314268 130.874998 -4.500000
    endloop
  endfacet
  facet normal 0.000000 -0.000000 1.000000
    outer loop
      vertex -129.995108 132.098789 -4.500000
      vertex -129.989006 132.147878 -4.500000
      vertex -132.314268 130.874998 -4.500000
    endloop
  endfacet
  facet normal 0.000000 -0.000000 1.000000
    outer loop
      vertex -129.998776 132.049459 -4.500000
      vertex -129.995108 132.098789 -4.500000
      vertex -132.314268 130.874998 -4.500000
    endloop
  endfacet
  facet normal 0.000000 -0.000000 1.000000
    outer loop
      vertex -130.000000 132.000000 -4.500000
      vertex -129.998776 132.049459 -4.500000
      vertex -132.314268 130.874998 -4.500000
    endloop
  endfacet
  facet normal 0.000000 0.000000 1.000000
    outer loop
      vertex -129.998776 131.950541 -4.500000
      vertex -130.000000 132.000000 -4.500000
      vertex -132.314268 130.874998 -4.500000
    endloop
  endfacet
  facet normal 0.000000 -0.000000 1.000000
    outer loop
      vertex -129.995108 131.901211 -4.500000
      vertex -129.998776 131.950541 -4.500000
      vertex -132.314268 130.874998 -4.500000
    endloop
  endfacet
  facet normal -0.000000 0.000000 1.000000
    outer loop
      vertex -129.989006 131.852122 -4.500000
      vertex -129.995108 131.901211 -4.500000
      vertex -132.314268 130.874998 -4.500000
    endloop
  endfacet
  facet normal 0.000000 0.000000 1.000000
    outer loop
      vertex -129.980482 131.803391 -4.500000
      vertex -129.989006 131.852122 -4.500000
      vertex -132.314268 130.874998 -4.500000
    endloop
  endfacet
  facet normal 0.000000 -0.000000 1.000000
    outer loop
      vertex -129.969559 131.755142 -4.500000
      vertex -129.980482 131.803391 -4.500000
      vertex -132.314268 130.874998 -4.500000
    endloop
  endfacet
  facet normal -0.000000 0.000000 1.000000
    outer loop
      vertex -129.956263 131.707493 -4.500000
      vertex -129.969559 131.755142 -4.500000
      vertex -132.314268 130.874998 -4.500000
    endloop
  endfacet
  facet normal 0.000000 0.000000 1.000000
    outer loop
      vertex -129.940628 131.660560 -4.500000
      vertex -129.956263 131.707493 -4.500000
      vertex -132.314268 130.874998 -4.500000
    endloop
  endfacet
  facet normal 0.000000 0.000000 1.000000
    outer loop
      vertex -129.922690 131.614458 -4.500000
      vertex -129.940628 131.660560 -4.500000
      vertex -132.314268 130.874998 -4.500000
    endloop
  endfacet
  facet normal 0.000000 0.000000 1.000000
    outer loop
      vertex -129.902495 131.569300 -4.500000
      vertex -129.922690 131.614458 -4.500000
      vertex -132.314268 130.874998 -4.500000
    endloop
  endfacet
  facet normal -0.000000 0.000000 1.000000
    outer loop
      vertex -129.880092 131.525196 -4.500000
      vertex -129.902495 131.569300 -4.500000
      vertex -132.314268 130.874998 -4.500000
    endloop
  endfacet
  facet normal 0.000000 -0.000000 1.000000
    outer loop
      vertex -129.855534 131.482254 -4.500000
      vertex -129.880092 131.525196 -4.500000
      vertex -132.314268 130.874998 -4.500000
    endloop
  endfacet
  facet normal -0.000000 0.000000 1.000000
    outer loop
      vertex -129.828884 131.440579 -4.500000
      vertex -129.855534 131.482254 -4.500000
      vertex -132.314268 130.874998 -4.500000
    endloop
  endfacet
  facet normal 0.000000 0.000000 1.000000
    outer loop
      vertex -129.800149 131.400199 -4.500000
      vertex -129.828884 131.440579 -4.500000
      vertex -132.314268 130.874998 -4.500000
    endloop
  endfacet
  facet normal 0.000000 0.000000 1.000000
    outer loop
      vertex -129.769566 131.361433 -4.500000
      vertex -129.800149 131.400199 -4.500000
      vertex -132.314268 130.874998 -4.500000
    endloop
  endfacet
  facet normal 0.000000 -0.000000 1.000000
    outer loop
      vertex -129.737045 131.324156 -4.500000
      vertex -129.769566 131.361433 -4.500000
      vertex -132.314268 130.874998 -4.500000
    endloop
  endfacet
  facet normal -0.000000 0.000000 1.000000
    outer loop
      vertex -129.702720 131.288534 -4.500000
      vertex -129.737045 131.324156 -4.500000
      vertex -132.314268 130.874998 -4.500000
    endloop
  endfacet
  facet normal 0.000000 -0.000000 1.000000
    outer loop
      vertex -129.666676 131.254652 -4.500000
      vertex -129.702720 131.288534 -4.500000
      vertex -132.314268 130.874998 -4.500000
    endloop
  endfacet
  facet normal -0.000000 0.000000 1.000000
    outer loop
      vertex -129.629000 131.222595 -4.500000
      vertex -129.666676 131.254652 -4.500000
      vertex -132.314268 130.874998 -4.500000
    endloop
  endfacet
  facet normal 0.000000 -0.000000 1.000000
    outer loop
      vertex -129.589785 131.192440 -4.500000
      vertex -129.629000 131.222595 -4.500000
      vertex -132.314268 130.874998 -4.500000
    endloop
  endfacet
  facet normal -0.000000 0.000000 1.000000
    outer loop
      vertex -129.549127 131.164261 -4.500000
      vertex -129.589785 131.192440 -4.500000
      vertex -132.314268 130.874998 -4.500000
    endloop
  endfacet
  facet normal 0.000000 0.000000 1.000000
    outer loop
      vertex -129.507125 131.138128 -4.500000
      vertex -129.549127 131.164261 -4.500000
      vertex -132.314268 130.874998 -4.500000
    endloop
  endfacet
  facet normal 0.000000 0.000000 1.000000
    outer loop
      vertex -129.463883 131.114103 -4.500000
      vertex -129.507125 131.138128 -4.500000
      vertex -132.314268 130.874998 -4.500000
    endloop
  endfacet
  facet normal 0.000000 -0.000000 1.000000
    outer loop
      vertex -129.419505 131.092247 -4.500000
      vertex -129.463883 131.114103 -4.500000
      vertex -132.314268 130.874998 -4.500000
    endloop
  endfacet
  facet normal 0.000000 0.000000 1.000000
    outer loop
      vertex -129.374100 131.072612 -4.500000
      vertex -129.419505 131.092247 -4.500000
      vertex -132.314268 130.874998 -4.500000
    endloop
  endfacet
  facet normal 0.000000 0.000000 1.000000
    outer loop
      vertex -129.327780 131.055246 -4.500000
      vertex -129.374100 131.072612 -4.500000
      vertex -132.314268 130.874998 -4.500000
    endloop
  endfacet
  facet normal -0.000000 0.000000 1.000000
    outer loop
      vertex -129.280658 131.040192 -4.500000
      vertex -129.327780 131.055246 -4.500000
      vertex -132.314268 130.874998 -4.500000
    endloop
  endfacet
  facet normal 0.000000 0.000000 1.000000
    outer loop
      vertex -129.232848 131.027487 -4.500000
      vertex -129.280658 131.040192 -4.500000
      vertex -132.314268 130.874998 -4.500000
    endloop
  endfacet
  facet normal -0.000000 0.000000 1.000000
    outer loop
      vertex -129.184467 131.017161 -4.500000
      vertex -129.232848 131.027487 -4.500000
      vertex -132.314268 130.874998 -4.500000
    endloop
  endfacet
  facet normal 0.000000 -0.000000 1.000000
    outer loop
      vertex -129.184467 131.017161 -4.500000
      vertex -132.314268 130.874998 -4.500000
      vertex -128.437500 130.875000 -4.500000
    endloop
  endfacet
  facet normal 0.000000 0.000000 1.000000
    outer loop
      vertex -128.437490 128.435895 -4.500000
      vertex -128.437500 130.875000 -4.500000
      vertex -132.314268 130.874998 -4.500000
    endloop
  endfacet
  facet normal 0.000000 0.000000 1.000000
    outer loop
      vertex -132.314268 130.874998 -4.500000
      vertex -132.295401 130.820877 -4.500000
      vertex -132.233576 130.660602 -4.500000
    endloop
  endfacet
  facet normal -0.000000 -0.000000 1.000000
    outer loop
      vertex -129.513558 128.537882 -4.500000
      vertex -129.343072 128.516855 -4.500000
      vertex -129.171754 128.504217 -4.500000
    endloop
  endfacet
  facet normal 0.000000 0.000000 1.000000
    outer loop
      vertex -132.233576 130.660602 -4.500000
      vertex -132.163961 130.503553 -4.500000
      vertex -132.086724 130.350110 -4.500000
    endloop
  endfacet
  facet normal 0.000000 0.000000 1.000000
    outer loop
      vertex -130.649890 128.913276 -4.500000
      vertex -130.496447 128.836039 -4.500000
      vertex -130.339398 128.766424 -4.500000
    endloop
  endfacet
  facet normal -0.000000 -0.000000 1.000000
    outer loop
      vertex -131.350457 129.406671 -4.500000
      vertex -131.220379 129.294465 -4.500000
      vertex -131.084951 129.188776 -4.500000
    endloop
  endfacet
  facet normal 0.000000 0.000000 1.000000
    outer loop
      vertex -131.811224 129.915049 -4.500000
      vertex -131.705535 129.779621 -4.500000
      vertex -131.593329 129.649543 -4.500000
    endloop
  endfacet
  facet normal 0.000000 0.000000 1.000000
    outer loop
      vertex -130.339398 128.766424 -4.500000
      vertex -130.179123 128.704599 -4.500000
      vertex -130.016005 128.650712 -4.500000
    endloop
  endfacet
  facet normal -0.000000 -0.000000 1.000000
    outer loop
      vertex -131.593329 129.649543 -4.500000
      vertex -131.474874 129.525126 -4.500000
      vertex -131.350457 129.406671 -4.500000
    endloop
  endfacet
  facet normal -0.000000 -0.000000 1.000000
    outer loop
      vertex -130.944498 129.089858 -4.500000
      vertex -130.799360 128.997950 -4.500000
      vertex -130.649890 128.913276 -4.500000
    endloop
  endfacet
  facet normal 0.000000 0.000000 1.000000
    outer loop
      vertex -132.086724 130.350110 -4.500000
      vertex -132.002050 130.200640 -4.500000
      vertex -131.910142 130.055502 -4.500000
    endloop
  endfacet
  facet normal -0.000000 -0.000000 1.000000
    outer loop
      vertex -130.016005 128.650712 -4.500000
      vertex -129.850439 128.604893 -4.500000
      vertex -129.682821 128.567252 -4.500000
    endloop
  endfacet
  facet normal 0.000000 0.000000 1.000000
    outer loop
      vertex -129.682821 128.567252 -4.500000
      vertex -129.513558 128.537882 -4.500000
      vertex -129.171754 128.504217 -4.500000
    endloop
  endfacet
  facet normal -0.000000 -0.000000 1.000000
    outer loop
      vertex -131.350457 129.406671 -4.500000
      vertex -131.084951 129.188776 -4.500000
      vertex -130.944498 129.089858 -4.500000
    endloop
  endfacet
  facet normal 0.000000 0.000000 1.000000
    outer loop
      vertex -131.910142 130.055502 -4.500000
      vertex -131.811224 129.915049 -4.500000
      vertex -131.593329 129.649543 -4.500000
    endloop
  endfacet
  facet normal 0.000000 0.000000 1.000000
    outer loop
      vertex -132.314268 130.874998 -4.500000
      vertex -132.233576 130.660602 -4.500000
      vertex -132.086724 130.350110 -4.500000
    endloop
  endfacet
  facet normal 0.000000 0.000000 1.000000
    outer loop
      vertex -129.682821 128.567252 -4.500000
      vertex -129.171754 128.504217 -4.500000
      vertex -129.000000 128.500000 -4.500000
    endloop
  endfacet
  facet normal 0.000000 0.000000 1.000000
    outer loop
      vertex -130.649890 128.913276 -4.500000
      vertex -130.339398 128.766424 -4.500000
      vertex -130.016005 128.650712 -4.500000
    endloop
  endfacet
  facet normal 0.000000 0.000000 1.000000
    outer loop
      vertex -129.682821 128.567252 -4.500000
      vertex -129.000000 128.500000 -4.500000
      vertex -128.877319 128.496988 -4.500000
    endloop
  endfacet
  facet normal -0.000000 -0.000000 1.000000
    outer loop
      vertex -131.593329 129.649543 -4.500000
      vertex -131.350457 129.406671 -4.500000
      vertex -130.944498 129.089858 -4.500000
    endloop
  endfacet
  facet normal -0.000000 -0.000000 1.000000
    outer loop
      vertex -132.086724 130.350110 -4.500000
      vertex -131.910142 130.055502 -4.500000
      vertex -131.593329 129.649543 -4.500000
    endloop
  endfacet
  facet normal -0.000000 -0.000000 1.000000
    outer loop
      vertex -129.682821 128.567252 -4.500000
      vertex -128.877319 128.496988 -4.500000
      vertex -128.754949 128.487961 -4.500000
    endloop
  endfacet
  facet normal -0.000000 -0.000000 1.000000
    outer loop
      vertex -130.944498 129.089858 -4.500000
      vertex -130.649890 128.913276 -4.500000
      vertex -130.016005 128.650712 -4.500000
    endloop
  endfacet
  facet normal -0.000000 -0.000000 1.000000
    outer loop
      vertex -130.016005 128.650712 -4.500000
      vertex -129.682821 128.567252 -4.500000
      vertex -128.754949 128.487961 -4.500000
    endloop
  endfacet
  facet normal 0.000000 0.000000 1.000000
    outer loop
      vertex -130.016005 128.650712 -4.500000
      vertex -128.754949 128.487961 -4.500000
      vertex -128.633173 128.472941 -4.500000
    endloop
  endfacet
  facet normal 0.000000 0.000000 1.000000
    outer loop
      vertex -132.314268 130.874998 -4.500000
      vertex -132.086724 130.350110 -4.500000
      vertex -131.593329 129.649543 -4.500000
    endloop
  endfacet
  facet normal 0.000000 0.000000 1.000000
    outer loop
      vertex -128.437490 128.435895 -4.500000
      vertex -132.314268 130.874998 -4.500000
      vertex -131.593329 129.649543 -4.500000
    endloop
  endfacet
  facet normal 0.000000 0.000000 1.000000
    outer loop
      vertex -131.593329 129.649543 -4.500000
      vertex -130.944498 129.089858 -4.500000
      vertex -130.016005 128.650712 -4.500000
    endloop
  endfacet
  facet normal 0.000000 0.000000 1.000000
    outer loop
      vertex -131.593329 129.649543 -4.500000
      vertex -130.016005 128.650712 -4.500000
      vertex -128.633173 128.472941 -4.500000
    endloop
  endfacet
  facet normal 0.000000 0.000000 1.000000
    outer loop
      vertex -131.593329 129.649543 -4.500000
      vertex -128.633173 128.472941 -4.500000
      vertex -128.512271 128.451963 -4.500000
    endloop
  endfacet
  facet normal 0.000000 0.000000 1.000000
    outer loop
      vertex -131.593329 129.649543 -4.500000
      vertex -128.512271 128.451963 -4.500000
      vertex -128.437490 128.435895 -4.500000
    endloop
  endfacet
  facet normal 0.000000 0.000000 1.000000
    outer loop
      vertex -98.625000 135.500000 -4.500000
      vertex -100.000000 135.500000 -4.500000
      vertex -100.000000 130.875000 -4.500000
    endloop
  endfacet
  facet normal 0.000000 -0.000000 1.000000
    outer loop
      vertex -95.937500 130.875000 -4.500000
      vertex -95.937500 135.500000 -4.500000
      vertex -98.625000 135.500000 -4.500000
    endloop
  endfacet
  facet normal 0.000000 0.000000 1.000000
    outer loop
      vertex -98.625000 135.500000 -4.500000
      vertex -100.000000 130.875000 -4.500000
      vertex -95.937500 130.875000 -4.500000
    endloop
  endfacet
  facet normal 0.000000 -0.000000 1.000000
    outer loop
      vertex -112.187500 130.875000 -4.500000
      vertex -112.187500 135.500000 -4.500000
      vertex -115.500000 135.500000 -4.500000
    endloop
  endfacet
  facet normal 0.000000 0.000000 1.000000
    outer loop
      vertex -116.250000 130.875000 -4.500000
      vertex -112.187500 130.875000 -4.500000
      vertex -115.500000 135.500000 -4.500000
    endloop
  endfacet
  facet normal 0.000000 0.000000 1.000000
    outer loop
      vertex -115.500000 135.500000 -4.500000
      vertex -116.250000 135.500000 -4.500000
      vertex -116.250000 130.875000 -4.500000
    endloop
  endfacet
  facet normal 0.000000 -0.000000 1.000000
    outer loop
      vertex -120.312500 130.875000 -4.500000
      vertex -120.312500 135.500000 -4.500000
      vertex -122.250000 135.500000 -4.500000
    endloop
  endfacet
  facet normal 0.000000 0.000000 1.000000
    outer loop
      vertex -122.250000 135.500000 -4.500000
      vertex -124.375000 135.500000 -4.500000
      vertex -124.375000 130.875000 -4.500000
    endloop
  endfacet
  facet normal 0.000000 0.000000 1.000000
    outer loop
      vertex -122.250000 135.500000 -4.500000
      vertex -124.375000 130.875000 -4.500000
      vertex -120.312500 130.875000 -4.500000
    endloop
  endfacet
  facet normal 0.000000 -0.000000 1.000000
    outer loop
      vertex -125.625000 135.500000 -4.500000
      vertex -128.437500 135.500000 -4.500000
      vertex -128.437497 132.826795 -4.500000
    endloop
  endfacet
  facet normal 0.000000 -0.000000 1.000000
    outer loop
      vertex -124.375000 135.500000 -4.500000
      vertex -125.625000 135.500000 -4.500000
      vertex -128.437497 132.826795 -4.500000
    endloop
  endfacet
  facet normal -0.000000 0.000000 1.000000
    outer loop
      vertex -124.375000 130.875000 -4.500000
      vertex -124.375000 135.500000 -4.500000
      vertex -128.437497 132.826795 -4.500000
    endloop
  endfacet
  facet normal -0.000000 0.000000 1.000000
    outer loop
      vertex -128.430370 131.178099 -4.500000
      vertex -128.437497 131.173205 -4.500000
      vertex -128.437500 130.875000 -4.500000
    endloop
  endfacet
  facet normal 0.000000 0.000000 1.000000
    outer loop
      vertex -128.390421 131.207275 -4.500000
      vertex -128.430370 131.178099 -4.500000
      vertex -128.437500 130.875000 -4.500000
    endloop
  endfacet
  facet normal 0.000000 0.000000 1.000000
    outer loop
      vertex -128.351964 131.238391 -4.500000
      vertex -128.390421 131.207275 -4.500000
      vertex -128.437500 130.875000 -4.500000
    endloop
  endfacet
  facet normal 0.000000 0.000000 1.000000
    outer loop
      vertex -128.315092 131.271370 -4.500000
      vertex -128.351964 131.238391 -4.500000
      vertex -128.437500 130.875000 -4.500000
    endloop
  endfacet
  facet normal 0.000000 0.000000 1.000000
    outer loop
      vertex -128.279897 131.306133 -4.500000
      vertex -128.315092 131.271370 -4.500000
      vertex -128.437500 130.875000 -4.500000
    endloop
  endfacet
  facet normal 0.000000 0.000000 1.000000
    outer loop
      vertex -128.246464 131.342593 -4.500000
      vertex -128.279897 131.306133 -4.500000
      vertex -128.437500 130.875000 -4.500000
    endloop
  endfacet
  facet normal 0.000000 0.000000 1.000000
    outer loop
      vertex -128.214875 131.380663 -4.500000
      vertex -128.246464 131.342593 -4.500000
      vertex -128.437500 130.875000 -4.500000
    endloop
  endfacet
  facet normal 0.000000 -0.000000 1.000000
    outer loop
      vertex -128.185207 131.420248 -4.500000
      vertex -128.214875 131.380663 -4.500000
      vertex -128.437500 130.875000 -4.500000
    endloop
  endfacet
  facet normal -0.000000 0.000000 1.000000
    outer loop
      vertex -128.157533 131.461252 -4.500000
      vertex -128.185207 131.420248 -4.500000
      vertex -128.437500 130.875000 -4.500000
    endloop
  endfacet
  facet normal 0.000000 0.000000 1.000000
    outer loop
      vertex -128.131921 131.503573 -4.500000
      vertex -128.157533 131.461252 -4.500000
      vertex -128.437500 130.875000 -4.500000
    endloop
  endfacet
  facet normal -0.000000 0.000000 1.000000
    outer loop
      vertex -128.108434 131.547109 -4.500000
      vertex -128.131921 131.503573 -4.500000
      vertex -128.437500 130.875000 -4.500000
    endloop
  endfacet
  facet normal 0.000000 -0.000000 1.000000
    outer loop
      vertex -128.108434 131.547109 -4.500000
      vertex -128.437500 130.875000 -4.500000
      vertex -124.375000 130.875000 -4.500000
    endloop
  endfacet
  facet normal 0.000000 0.000000 1.000000
    outer loop
      vertex -128.087152 131.591701 -4.500000
      vertex -128.108434 131.547109 -4.500000
      vertex -124.375000 130.875000 -4.500000
    endloop
  endfacet
  facet normal 0.000000 0.000000 1.000000
    outer loop
      vertex -128.068056 131.637398 -4.500000
      vertex -128.087152 131.591701 -4.500000
      vertex -124.375000 130.875000 -4.500000
    endloop
  endfacet
  facet normal -0.000000 -0.000000 1.000000
    outer loop
      vertex -128.051264 131.683930 -4.500000
      vertex -128.068056 131.637398 -4.500000
      vertex -124.375000 130.875000 -4.500000
    endloop
  endfacet
  facet normal 0.000000 0.000000 1.000000
    outer loop
      vertex -128.036794 131.731235 -4.500000
      vertex -128.051264 131.683930 -4.500000
      vertex -124.375000 130.875000 -4.500000
    endloop
  endfacet
  facet normal -0.000000 -0.000000 1.000000
    outer loop
      vertex -128.024681 131.779199 -4.500000
      vertex -128.036794 131.731235 -4.500000
      vertex -124.375000 130.875000 -4.500000
    endloop
  endfacet
  facet normal 0.000000 0.000000 1.000000
    outer loop
      vertex -128.014955 131.827704 -4.500000
      vertex -128.024681 131.779199 -4.500000
      vertex -124.375000 130.875000 -4.500000
    endloop
  endfacet
  facet normal 0.000000 0.000000 1.000000
    outer loop
      vertex -128.007639 131.876630 -4.500000
      vertex -128.014955 131.827704 -4.500000
      vertex -124.375000 130.875000 -4.500000
    endloop
  endfacet
  facet normal 0.000000 0.000000 1.000000
    outer loop
      vertex -128.002753 131.925853 -4.500000
      vertex -128.007639 131.876630 -4.500000
      vertex -124.375000 130.875000 -4.500000
    endloop
  endfacet
  facet normal 0.000000 0.000000 1.000000
    outer loop
      vertex -128.000306 131.975263 -4.500000
      vertex -128.002753 131.925853 -4.500000
      vertex -124.375000 130.875000 -4.500000
    endloop
  endfacet
  facet normal 0.000000 0.000000 1.000000
    outer loop
      vertex -128.000306 132.024737 -4.500000
      vertex -128.000306 131.975263 -4.500000
      vertex -124.375000 130.875000 -4.500000
    endloop
  endfacet
  facet normal -0.000000 -0.000000 1.000000
    outer loop
      vertex -128.002753 132.074147 -4.500000
      vertex -128.000306 132.024737 -4.500000
      vertex -124.375000 130.875000 -4.500000
    endloop
  endfacet
  facet normal 0.000000 0.000000 1.000000
    outer loop
      vertex -128.007639 132.123370 -4.500000
      vertex -128.002753 132.074147 -4.500000
      vertex -124.375000 130.875000 -4.500000
    endloop
  endfacet
  facet normal -0.000000 -0.000000 1.000000
    outer loop
      vertex -128.014955 132.172296 -4.500000
      vertex -128.007639 132.123370 -4.500000
      vertex -124.375000 130.875000 -4.500000
    endloop
  endfacet
  facet normal -0.000000 -0.000000 1.000000
    outer loop
      vertex -128.024681 132.220801 -4.500000
      vertex -128.014955 132.172296 -4.500000
      vertex -124.375000 130.875000 -4.500000
    endloop
  endfacet
  facet normal 0.000000 0.000000 1.000000
    outer loop
      vertex -128.036794 132.268765 -4.500000
      vertex -128.024681 132.220801 -4.500000
      vertex -124.375000 130.875000 -4.500000
    endloop
  endfacet
  facet normal 0.000000 0.000000 1.000000
    outer loop
      vertex -128.051264 132.316070 -4.500000
      vertex -128.036794 132.268765 -4.500000
      vertex -124.375000 130.875000 -4.500000
    endloop
  endfacet
  facet normal 0.000000 0.000000 1.000000
    outer loop
      vertex -128.068056 132.362602 -4.500000
      vertex -128.051264 132.316070 -4.500000
      vertex -124.375000 130.875000 -4.500000
    endloop
  endfacet
  facet normal 0.000000 0.000000 1.000000
    outer loop
      vertex -128.087152 132.408299 -4.500000
      vertex -128.068056 132.362602 -4.500000
      vertex -124.375000 130.875000 -4.500000
    endloop
  endfacet
  facet normal 0.000000 0.000000 1.000000
    outer loop
      vertex -128.108434 132.452891 -4.500000
      vertex -128.087152 132.408299 -4.500000
      vertex -124.375000 130.875000 -4.500000
    endloop
  endfacet
  facet normal 0.000000 0.000000 1.000000
    outer loop
      vertex -128.131921 132.496427 -4.500000
      vertex -128.108434 132.452891 -4.500000
      vertex -124.375000 130.875000 -4.500000
    endloop
  endfacet
  facet normal 0.000000 0.000000 1.000000
    outer loop
      vertex -128.157533 132.538748 -4.500000
      vertex -128.131921 132.496427 -4.500000
      vertex -124.375000 130.875000 -4.500000
    endloop
  endfacet
  facet normal 0.000000 0.000000 1.000000
    outer loop
      vertex -128.185207 132.579752 -4.500000
      vertex -128.157533 132.538748 -4.500000
      vertex -124.375000 130.875000 -4.500000
    endloop
  endfacet
  facet normal 0.000000 0.000000 1.000000
    outer loop
      vertex -128.214875 132.619337 -4.500000
      vertex -128.185207 132.579752 -4.500000
      vertex -124.375000 130.875000 -4.500000
    endloop
  endfacet
  facet normal 0.000000 0.000000 1.000000
    outer loop
      vertex -128.246464 132.657407 -4.500000
      vertex -128.214875 132.619337 -4.500000
      vertex -124.375000 130.875000 -4.500000
    endloop
  endfacet
  facet normal 0.000000 0.000000 1.000000
    outer loop
      vertex -128.279897 132.693867 -4.500000
      vertex -128.246464 132.657407 -4.500000
      vertex -124.375000 130.875000 -4.500000
    endloop
  endfacet
  facet normal 0.000000 0.000000 1.000000
    outer loop
      vertex -128.315092 132.728630 -4.500000
      vertex -128.279897 132.693867 -4.500000
      vertex -124.375000 130.875000 -4.500000
    endloop
  endfacet
  facet normal 0.000000 0.000000 1.000000
    outer loop
      vertex -128.351964 132.761609 -4.500000
      vertex -128.315092 132.728630 -4.500000
      vertex -124.375000 130.875000 -4.500000
    endloop
  endfacet
  facet normal 0.000000 0.000000 1.000000
    outer loop
      vertex -128.390421 132.792725 -4.500000
      vertex -128.351964 132.761609 -4.500000
      vertex -124.375000 130.875000 -4.500000
    endloop
  endfacet
  facet normal 0.000000 0.000000 1.000000
    outer loop
      vertex -128.430370 132.821901 -4.500000
      vertex -128.390421 132.792725 -4.500000
      vertex -124.375000 130.875000 -4.500000
    endloop
  endfacet
  facet normal -0.000000 -0.000000 1.000000
    outer loop
      vertex -128.437497 132.826795 -4.500000
      vertex -128.430370 132.821901 -4.500000
      vertex -124.375000 130.875000 -4.500000
    endloop
  endfacet
  facet normal 0.000000 0.000000 1.000000
    outer loop
      vertex -118.875000 135.500000 -4.500000
      vertex -120.312500 135.500000 -4.500000
      vertex -120.312500 130.875000 -4.500000
    endloop
  endfacet
  facet normal 0.000000 -0.000000 1.000000
    outer loop
      vertex -116.250000 130.875000 -4.500000
      vertex -116.250000 135.500000 -4.500000
      vertex -118.875000 135.500000 -4.500000
    endloop
  endfacet
  facet normal 0.000000 0.000000 1.000000
    outer loop
      vertex -118.875000 135.500000 -4.500000
      vertex -120.312500 130.875000 -4.500000
      vertex -116.250000 130.875000 -4.500000
    endloop
  endfacet
  facet normal 0.000000 -0.000000 1.000000
    outer loop
      vertex -104.062500 130.875000 -4.500000
      vertex -104.062500 135.500000 -4.500000
      vertex -105.375000 135.500000 -4.500000
    endloop
  endfacet
  facet normal 0.000000 0.000000 1.000000
    outer loop
      vertex -105.375000 135.500000 -4.500000
      vertex -108.125000 135.500000 -4.500000
      vertex -108.125000 130.875000 -4.500000
    endloop
  endfacet
  facet normal 0.000000 0.000000 1.000000
    outer loop
      vertex -105.375000 135.500000 -4.500000
      vertex -108.125000 130.875000 -4.500000
      vertex -104.062500 130.875000 -4.500000
    endloop
  endfacet
  facet normal 0.000000 0.000000 1.000000
    outer loop
      vertex -112.187500 135.500000 -4.500000
      vertex -112.187500 130.875000 -4.500000
      vertex -108.125000 130.875000 -4.500000
    endloop
  endfacet
  facet normal 0.000000 -0.000000 1.000000
    outer loop
      vertex -108.125000 130.875000 -4.500000
      vertex -108.125000 135.500000 -4.500000
      vertex -108.750000 135.500000 -4.500000
    endloop
  endfacet
  facet normal 0.000000 0.000000 1.000000
    outer loop
      vertex -108.125000 130.875000 -4.500000
      vertex -108.750000 135.500000 -4.500000
      vertex -112.125000 135.500000 -4.500000
    endloop
  endfacet
  facet normal 0.000000 0.000000 1.000000
    outer loop
      vertex -112.125000 135.500000 -4.500000
      vertex -112.187500 135.500000 -4.500000
      vertex -108.125000 130.875000 -4.500000
    endloop
  endfacet
  facet normal 0.000000 -0.000000 1.000000
    outer loop
      vertex -100.000000 130.875000 -4.500000
      vertex -100.000000 135.500000 -4.500000
      vertex -102.000000 135.500000 -4.500000
    endloop
  endfacet
  facet normal 0.000000 0.000000 1.000000
    outer loop
      vertex -102.000000 135.500000 -4.500000
      vertex -104.062500 135.500000 -4.500000
      vertex -104.062500 130.875000 -4.500000
    endloop
  endfacet
  facet normal 0.000000 0.000000 1.000000
    outer loop
      vertex -102.000000 135.500000 -4.500000
      vertex -104.062500 130.875000 -4.500000
      vertex -100.000000 130.875000 -4.500000
    endloop
  endfacet
  facet normal 0.000000 0.000000 1.000000
    outer loop
      vertex -81.750000 135.500000 -4.500000
      vertex -83.750000 135.500000 -4.500000
      vertex -83.750000 130.875000 -4.500000
    endloop
  endfacet
  facet normal 0.000000 -0.000000 1.000000
    outer loop
      vertex -79.687500 130.875000 -4.500000
      vertex -79.687500 135.500000 -4.500000
      vertex -81.750000 135.500000 -4.500000
    endloop
  endfacet
  facet normal 0.000000 0.000000 1.000000
    outer loop
      vertex -81.750000 135.500000 -4.500000
      vertex -83.750000 130.875000 -4.500000
      vertex -79.687500 130.875000 -4.500000
    endloop
  endfacet
  facet normal 0.000000 0.000000 1.000000
    outer loop
      vertex -88.500000 135.500000 -4.500000
      vertex -91.875000 135.500000 -4.500000
      vertex -91.875000 130.875000 -4.500000
    endloop
  endfacet
  facet normal 0.000000 0.000000 1.000000
    outer loop
      vertex -88.500000 135.500000 -4.500000
      vertex -91.875000 130.875000 -4.500000
      vertex -87.812500 130.875000 -4.500000
    endloop
  endfacet
  facet normal 0.000000 0.000000 1.000000
    outer loop
      vertex -87.812500 135.500000 -4.500000
      vertex -88.500000 135.500000 -4.500000
      vertex -87.812500 130.875000 -4.500000
    endloop
  endfacet
  facet normal 0.000000 0.000000 1.000000
    outer loop
      vertex -91.875000 130.875000 -4.500000
      vertex -91.875000 135.500000 -4.500000
      vertex -95.250000 135.500000 -4.500000
    endloop
  endfacet
  facet normal 0.000000 0.000000 1.000000
    outer loop
      vertex -95.937500 130.875000 -4.500000
      vertex -91.875000 130.875000 -4.500000
      vertex -95.250000 135.500000 -4.500000
    endloop
  endfacet
  facet normal 0.000000 0.000000 1.000000
    outer loop
      vertex -95.250000 135.500000 -4.500000
      vertex -95.937500 135.500000 -4.500000
      vertex -95.937500 130.875000 -4.500000
    endloop
  endfacet
  facet normal 0.000000 -0.000000 1.000000
    outer loop
      vertex -83.750000 130.875000 -4.500000
      vertex -83.750000 135.500000 -4.500000
      vertex -85.125000 135.500000 -4.500000
    endloop
  endfacet
  facet normal 0.000000 0.000000 1.000000
    outer loop
      vertex -85.125000 135.500000 -4.500000
      vertex -87.812500 135.500000 -4.500000
      vertex -87.812500 130.875000 -4.500000
    endloop
  endfacet
  facet normal 0.000000 0.000000 1.000000
    outer loop
      vertex -85.125000 135.500000 -4.500000
      vertex -87.812500 130.875000 -4.500000
      vertex -83.750000 130.875000 -4.500000
    endloop
  endfacet
  facet normal 0.000000 0.000000 1.000000
    outer loop
      vertex -75.625000 130.875000 -4.500000
      vertex -73.500000 130.875000 -4.500000
      vertex -73.500000 134.000000 -4.500000
    endloop
  endfacet
  facet normal 0.000000 0.000000 1.000000
    outer loop
      vertex -75.625000 135.500000 -4.500000
      vertex -75.625000 130.875000 -4.500000
      vertex -73.500000 134.000000 -4.500000
    endloop
  endfacet
  facet normal 0.000000 0.000000 1.000000
    outer loop
      vertex -73.654693 134.663437 -4.500000
      vertex -73.700963 134.750002 -4.500000
      vertex -73.752796 134.833356 -4.500000
    endloop
  endfacet
  facet normal 0.000000 0.000000 1.000000
    outer loop
      vertex -74.166644 135.247204 -4.500000
      vertex -74.249998 135.299037 -4.500000
      vertex -74.336563 135.345307 -4.500000
    endloop
  endfacet
  facet normal 0.000000 0.000000 1.000000
    outer loop
      vertex -74.425972 135.385818 -4.500000
      vertex -74.517841 135.420395 -4.500000
      vertex -74.611766 135.448887 -4.500000
    endloop
  endfacet
  facet normal -0.000000 -0.000000 1.000000
    outer loop
      vertex -73.551113 134.388234 -4.500000
      vertex -73.579605 134.482159 -4.500000
      vertex -73.614182 134.574028 -4.500000
    endloop
  endfacet
  facet normal 0.000000 0.000000 1.000000
    outer loop
      vertex -73.512834 134.195797 -4.500000
      vertex -73.528822 134.292637 -4.500000
      vertex -73.551113 134.388234 -4.500000
    endloop
  endfacet
  facet normal 0.000000 0.000000 1.000000
    outer loop
      vertex -74.611766 135.448887 -4.500000
      vertex -74.707363 135.471178 -4.500000
      vertex -74.804203 135.487166 -4.500000
    endloop
  endfacet
  facet normal 0.000000 0.000000 1.000000
    outer loop
      vertex -74.010981 135.127760 -4.500000
      vertex -74.086857 135.190030 -4.500000
      vertex -74.166644 135.247204 -4.500000
    endloop
  endfacet
  facet normal 0.000000 0.000000 1.000000
    outer loop
      vertex -73.752796 134.833356 -4.500000
      vertex -73.809970 134.913143 -4.500000
      vertex -73.872240 134.989019 -4.500000
    endloop
  endfacet
  facet normal 0.000000 0.000000 1.000000
    outer loop
      vertex -73.872240 134.989019 -4.500000
      vertex -73.939340 135.060660 -4.500000
      vertex -74.010981 135.127760 -4.500000
    endloop
  endfacet
  facet normal 0.000000 0.000000 1.000000
    outer loop
      vertex -73.500000 134.000000 -4.500000
      vertex -73.503212 134.098107 -4.500000
      vertex -73.512834 134.195797 -4.500000
    endloop
  endfacet
  facet normal 0.000000 0.000000 1.000000
    outer loop
      vertex -74.804203 135.487166 -4.500000
      vertex -74.901893 135.496788 -4.500000
      vertex -75.000000 135.500000 -4.500000
    endloop
  endfacet
  facet normal 0.000000 0.000000 1.000000
    outer loop
      vertex -73.614182 134.574028 -4.500000
      vertex -73.654693 134.663437 -4.500000
      vertex -73.752796 134.833356 -4.500000
    endloop
  endfacet
  facet normal 0.000000 0.000000 1.000000
    outer loop
      vertex -74.166644 135.247204 -4.500000
      vertex -74.336563 135.345307 -4.500000
      vertex -74.425972 135.385818 -4.500000
    endloop
  endfacet
  facet normal 0.000000 0.000000 1.000000
    outer loop
      vertex -74.425972 135.385818 -4.500000
      vertex -74.611766 135.448887 -4.500000
      vertex -74.804203 135.487166 -4.500000
    endloop
  endfacet
  facet normal 0.000000 0.000000 1.000000
    outer loop
      vertex -73.512834 134.195797 -4.500000
      vertex -73.551113 134.388234 -4.500000
      vertex -73.614182 134.574028 -4.500000
    endloop
  endfacet
  facet normal 0.000000 0.000000 1.000000
    outer loop
      vertex -73.872240 134.989019 -4.500000
      vertex -74.010981 135.127760 -4.500000
      vertex -74.166644 135.247204 -4.500000
    endloop
  endfacet
  facet normal -0.000000 -0.000000 1.000000
    outer loop
      vertex -73.614182 134.574028 -4.500000
      vertex -73.752796 134.833356 -4.500000
      vertex -73.872240 134.989019 -4.500000
    endloop
  endfacet
  facet normal 0.000000 0.000000 1.000000
    outer loop
      vertex -74.425972 135.385818 -4.500000
      vertex -74.804203 135.487166 -4.500000
      vertex -75.000000 135.500000 -4.500000
    endloop
  endfacet
  facet normal 0.000000 0.000000 1.000000
    outer loop
      vertex -73.500000 134.000000 -4.500000
      vertex -73.512834 134.195797 -4.500000
      vertex -73.614182 134.574028 -4.500000
    endloop
  endfacet
  facet normal 0.000000 0.000000 1.000000
    outer loop
      vertex -75.625000 135.500000 -4.500000
      vertex -73.500000 134.000000 -4.500000
      vertex -73.614182 134.574028 -4.500000
    endloop
  endfacet
  facet normal -0.000000 -0.000000 1.000000
    outer loop
      vertex -73.872240 134.989019 -4.500000
      vertex -74.166644 135.247204 -4.500000
      vertex -74.425972 135.385818 -4.500000
    endloop
  endfacet
  facet normal 0.000000 0.000000 1.000000
    outer loop
      vertex -73.872240 134.989019 -4.500000
      vertex -74.425972 135.385818 -4.500000
      vertex -75.000000 135.500000 -4.500000
    endloop
  endfacet
  facet normal -0.000000 -0.000000 1.000000
    outer loop
      vertex -73.614182 134.574028 -4.500000
      vertex -73.872240 134.989019 -4.500000
      vertex -75.000000 135.500000 -4.500000
    endloop
  endfacet
  facet normal 0.000000 0.000000 1.000000
    outer loop
      vertex -73.614182 134.574028 -4.500000
      vertex -75.000000 135.500000 -4.500000
      vertex -75.625000 135.500000 -4.500000
    endloop
  endfacet
  facet normal 0.000000 0.000000 1.000000
    outer loop
      vertex -78.375000 135.500000 -4.500000
      vertex -79.687500 135.500000 -4.500000
      vertex -79.687500 130.875000 -4.500000
    endloop
  endfacet
  facet normal 0.000000 0.000000 1.000000
    outer loop
      vertex -75.625000 130.875000 -4.500000
      vertex -75.625000 135.500000 -4.500000
      vertex -78.375000 135.500000 -4.500000
    endloop
  endfacet
  facet normal 0.000000 0.000000 1.000000
    outer loop
      vertex -78.375000 135.500000 -4.500000
      vertex -79.687500 130.875000 -4.500000
      vertex -75.625000 130.875000 -4.500000
    endloop
  endfacet
  facet normal 0.000000 0.000000 1.000000
    outer loop
      vertex -100.000000 130.875000 -4.500000
      vertex -100.000000 126.250000 -4.500000
      vertex -95.937500 126.250000 -4.500000
    endloop
  endfacet
  facet normal -0.000000 0.000000 1.000000
    outer loop
      vertex -100.000000 130.875000 -4.500000
      vertex -95.937500 126.250000 -4.500000
      vertex -95.937500 130.875000 -4.500000
    endloop
  endfacet
  facet normal 0.000000 0.000000 1.000000
    outer loop
      vertex -116.250000 130.875000 -4.500000
      vertex -116.250000 126.250000 -4.500000
      vertex -112.187500 126.250000 -4.500000
    endloop
  endfacet
  facet normal -0.000000 0.000000 1.000000
    outer loop
      vertex -116.250000 130.875000 -4.500000
      vertex -112.187500 126.250000 -4.500000
      vertex -112.187500 130.875000 -4.500000
    endloop
  endfacet
  facet normal 0.000000 0.000000 1.000000
    outer loop
      vertex -124.375000 130.875000 -4.500000
      vertex -124.375000 126.250000 -4.500000
      vertex -120.312500 126.250000 -4.500000
    endloop
  endfacet
  facet normal -0.000000 0.000000 1.000000
    outer loop
      vertex -124.375000 130.875000 -4.500000
      vertex -120.312500 126.250000 -4.500000
      vertex -120.312500 130.875000 -4.500000
    endloop
  endfacet
  facet normal 0.000000 0.000000 1.000000
    outer loop
      vertex -124.375000 130.875000 -4.500000
      vertex -128.437500 130.875000 -4.500000
      vertex -128.437490 128.435895 -4.500000
    endloop
  endfacet
  facet normal -0.000000 0.000000 1.000000
    outer loop
      vertex -126.512532 126.250004 -4.500000
      vertex -124.375000 126.250000 -4.500000
      vertex -124.375000 130.875000 -4.500000
    endloop
  endfacet
  facet normal 0.000000 0.000000 1.000000
    outer loop
      vertex -124.375000 130.875000 -4.500000
      vertex -128.437490 128.435895 -4.500000
      vertex -128.392544 128.425077 -4.500000
    endloop
  endfacet
  facet normal 0.000000 0.000000 1.000000
    outer loop
      vertex -124.375000 130.875000 -4.500000
      vertex -128.392544 128.425077 -4.500000
      vertex -128.274282 128.392349 -4.500000
    endloop
  endfacet
  facet normal 0.000000 -0.000000 1.000000
    outer loop
      vertex -124.375000 130.875000 -4.500000
      vertex -128.274282 128.392349 -4.500000
      vertex -128.157769 128.353858 -4.500000
    endloop
  endfacet
  facet normal -0.000000 0.000000 1.000000
    outer loop
      vertex -124.375000 130.875000 -4.500000
      vertex -128.157769 128.353858 -4.500000
      vertex -128.043287 128.309697 -4.500000
    endloop
  endfacet
  facet normal 0.000000 0.000000 1.000000
    outer loop
      vertex -124.375000 130.875000 -4.500000
      vertex -128.043287 128.309697 -4.500000
      vertex -127.931109 128.259972 -4.500000
    endloop
  endfacet
  facet normal -0.000000 0.000000 1.000000
    outer loop
      vertex -124.375000 130.875000 -4.500000
      vertex -127.931109 128.259972 -4.500000
      vertex -127.821507 128.204803 -4.500000
    endloop
  endfacet
  facet normal 0.000000 -0.000000 1.000000
    outer loop
      vertex -124.375000 130.875000 -4.500000
      vertex -127.821507 128.204803 -4.500000
      vertex -127.714743 128.144321 -4.500000
    endloop
  endfacet
  facet normal 0.000000 0.000000 1.000000
    outer loop
      vertex -124.375000 130.875000 -4.500000
      vertex -127.714743 128.144321 -4.500000
      vertex -127.611073 128.078673 -4.500000
    endloop
  endfacet
  facet normal 0.000000 0.000000 1.000000
    outer loop
      vertex -124.375000 130.875000 -4.500000
      vertex -127.611073 128.078673 -4.500000
      vertex -127.510749 128.008017 -4.500000
    endloop
  endfacet
  facet normal 0.000000 0.000000 1.000000
    outer loop
      vertex -124.375000 130.875000 -4.500000
      vertex -127.510749 128.008017 -4.500000
      vertex -127.414015 127.932525 -4.500000
    endloop
  endfacet
  facet normal 0.000000 0.000000 1.000000
    outer loop
      vertex -124.375000 130.875000 -4.500000
      vertex -127.414015 127.932525 -4.500000
      vertex -127.321102 127.852378 -4.500000
    endloop
  endfacet
  facet normal 0.000000 0.000000 1.000000
    outer loop
      vertex -124.375000 130.875000 -4.500000
      vertex -127.321102 127.852378 -4.500000
      vertex -127.232233 127.767767 -4.500000
    endloop
  endfacet
  facet normal 0.000000 0.000000 1.000000
    outer loop
      vertex -124.375000 130.875000 -4.500000
      vertex -127.232233 127.767767 -4.500000
      vertex -127.147622 127.678898 -4.500000
    endloop
  endfacet
  facet normal 0.000000 0.000000 1.000000
    outer loop
      vertex -124.375000 130.875000 -4.500000
      vertex -127.147622 127.678898 -4.500000
      vertex -127.067475 127.585985 -4.500000
    endloop
  endfacet
  facet normal 0.000000 0.000000 1.000000
    outer loop
      vertex -124.375000 130.875000 -4.500000
      vertex -127.067475 127.585985 -4.500000
      vertex -126.991983 127.489251 -4.500000
    endloop
  endfacet
  facet normal -0.000000 0.000000 1.000000
    outer loop
      vertex -124.375000 130.875000 -4.500000
      vertex -126.991983 127.489251 -4.500000
      vertex -126.921327 127.388927 -4.500000
    endloop
  endfacet
  facet normal 0.000000 -0.000000 1.000000
    outer loop
      vertex -124.375000 130.875000 -4.500000
      vertex -126.921327 127.388927 -4.500000
      vertex -126.855679 127.285257 -4.500000
    endloop
  endfacet
  facet normal -0.000000 0.000000 1.000000
    outer loop
      vertex -124.375000 130.875000 -4.500000
      vertex -126.855679 127.285257 -4.500000
      vertex -126.795197 127.178493 -4.500000
    endloop
  endfacet
  facet normal 0.000000 -0.000000 1.000000
    outer loop
      vertex -124.375000 130.875000 -4.500000
      vertex -126.795197 127.178493 -4.500000
      vertex -126.740028 127.068891 -4.500000
    endloop
  endfacet
  facet normal -0.000000 0.000000 1.000000
    outer loop
      vertex -124.375000 130.875000 -4.500000
      vertex -126.740028 127.068891 -4.500000
      vertex -126.690303 126.956713 -4.500000
    endloop
  endfacet
  facet normal 0.000000 -0.000000 1.000000
    outer loop
      vertex -124.375000 130.875000 -4.500000
      vertex -126.690303 126.956713 -4.500000
      vertex -126.646142 126.842231 -4.500000
    endloop
  endfacet
  facet normal -0.000000 0.000000 1.000000
    outer loop
      vertex -124.375000 130.875000 -4.500000
      vertex -126.646142 126.842231 -4.500000
      vertex -126.607651 126.725718 -4.500000
    endloop
  endfacet
  facet normal 0.000000 0.000000 1.000000
    outer loop
      vertex -124.375000 130.875000 -4.500000
      vertex -126.607651 126.725718 -4.500000
      vertex -126.574923 126.607456 -4.500000
    endloop
  endfacet
  facet normal 0.000000 0.000000 1.000000
    outer loop
      vertex -124.375000 130.875000 -4.500000
      vertex -126.574923 126.607456 -4.500000
      vertex -126.548037 126.487729 -4.500000
    endloop
  endfacet
  facet normal -0.000000 0.000000 1.000000
    outer loop
      vertex -124.375000 130.875000 -4.500000
      vertex -126.548037 126.487729 -4.500000
      vertex -126.527059 126.366827 -4.500000
    endloop
  endfacet
  facet normal 0.000000 -0.000000 1.000000
    outer loop
      vertex -126.527059 126.366827 -4.500000
      vertex -126.512532 126.250004 -4.500000
      vertex -124.375000 130.875000 -4.500000
    endloop
  endfacet
  facet normal 0.000000 0.000000 1.000000
    outer loop
      vertex -120.312500 130.875000 -4.500000
      vertex -120.312500 126.250000 -4.500000
      vertex -116.250000 126.250000 -4.500000
    endloop
  endfacet
  facet normal -0.000000 0.000000 1.000000
    outer loop
      vertex -120.312500 130.875000 -4.500000
      vertex -116.250000 126.250000 -4.500000
      vertex -116.250000 130.875000 -4.500000
    endloop
  endfacet
  facet normal 0.000000 0.000000 1.000000
    outer loop
      vertex -108.125000 130.875000 -4.500000
      vertex -108.125000 126.250000 -4.500000
      vertex -104.062500 126.250000 -4.500000
    endloop
  endfacet
  facet normal -0.000000 0.000000 1.000000
    outer loop
      vertex -108.125000 130.875000 -4.500000
      vertex -104.062500 126.250000 -4.500000
      vertex -104.062500 130.875000 -4.500000
    endloop
  endfacet
  facet normal 0.000000 0.000000 1.000000
    outer loop
      vertex -112.187500 130.875000 -4.500000
      vertex -112.187500 126.250000 -4.500000
      vertex -108.125000 126.250000 -4.500000
    endloop
  endfacet
  facet normal -0.000000 0.000000 1.000000
    outer loop
      vertex -112.187500 130.875000 -4.500000
      vertex -108.125000 126.250000 -4.500000
      vertex -108.125000 130.875000 -4.500000
    endloop
  endfacet
  facet normal 0.000000 0.000000 1.000000
    outer loop
      vertex -104.062500 130.875000 -4.500000
      vertex -104.062500 126.250000 -4.500000
      vertex -100.000000 126.250000 -4.500000
    endloop
  endfacet
  facet normal -0.000000 0.000000 1.000000
    outer loop
      vertex -104.062500 130.875000 -4.500000
      vertex -100.000000 126.250000 -4.500000
      vertex -100.000000 130.875000 -4.500000
    endloop
  endfacet
  facet normal 0.000000 0.000000 1.000000
    outer loop
      vertex -83.750000 130.875000 -4.500000
      vertex -83.750000 126.250000 -4.500000
      vertex -79.687500 126.250000 -4.500000
    endloop
  endfacet
  facet normal -0.000000 0.000000 1.000000
    outer loop
      vertex -83.750000 130.875000 -4.500000
      vertex -79.687500 126.250000 -4.500000
      vertex -79.687500 130.875000 -4.500000
    endloop
  endfacet
  facet normal 0.000000 0.000000 1.000000
    outer loop
      vertex -91.875000 130.875000 -4.500000
      vertex -91.875000 126.250000 -4.500000
      vertex -87.812500 126.250000 -4.500000
    endloop
  endfacet
  facet normal -0.000000 0.000000 1.000000
    outer loop
      vertex -91.875000 130.875000 -4.500000
      vertex -87.812500 126.250000 -4.500000
      vertex -87.812500 130.875000 -4.500000
    endloop
  endfacet
  facet normal 0.000000 0.000000 1.000000
    outer loop
      vertex -95.937500 130.875000 -4.500000
      vertex -95.937500 126.250000 -4.500000
      vertex -91.875000 126.250000 -4.500000
    endloop
  endfacet
  facet normal -0.000000 0.000000 1.000000
    outer loop
      vertex -95.937500 130.875000 -4.500000
      vertex -91.875000 126.250000 -4.500000
      vertex -91.875000 130.875000 -4.500000
    endloop
  endfacet
  facet normal 0.000000 0.000000 1.000000
    outer loop
      vertex -87.812500 130.875000 -4.500000
      vertex -87.812500 126.250000 -4.500000
      vertex -83.750000 126.250000 -4.500000
    endloop
  endfacet
  facet normal -0.000000 0.000000 1.000000
    outer loop
      vertex -87.812500 130.875000 -4.500000
      vertex -83.750000 126.250000 -4.500000
      vertex -83.750000 130.875000 -4.500000
    endloop
  endfacet
  facet normal 0.000000 -0.000000 1.000000
    outer loop
      vertex -73.500000 129.666667 -4.500000
      vertex -73.500000 130.875000 -4.500000
      vertex -75.625000 130.875000 -4.500000
    endloop
  endfacet
  facet normal -0.000000 0.000000 1.000000
    outer loop
      vertex -75.625000 126.250000 -4.500000
      vertex -73.500000 126.250000 -4.500000
      vertex -73.500000 129.666667 -4.500000
    endloop
  endfacet
  facet normal 0.000000 0.000000 1.000000
    outer loop
      vertex -73.500000 129.666667 -4.500000
      vertex -75.625000 130.875000 -4.500000
      vertex -75.625000 126.250000 -4.500000
    endloop
  endfacet
  facet normal 0.000000 0.000000 1.000000
    outer loop
      vertex -79.687500 130.875000 -4.500000
      vertex -79.687500 126.250000 -4.500000
      vertex -75.625000 126.250000 -4.500000
    endloop
  endfacet
  facet normal -0.000000 0.000000 1.000000
    outer loop
      vertex -79.687500 130.875000 -4.500000
      vertex -75.625000 126.250000 -4.500000
      vertex -75.625000 130.875000 -4.500000
    endloop
  endfacet
  facet normal 0.000000 0.000000 1.000000
    outer loop
      vertex -100.000000 126.250000 -4.500000
      vertex -100.000000 121.625000 -4.500000
      vertex -95.937500 121.625000 -4.500000
    endloop
  endfacet
  facet normal -0.000000 0.000000 1.000000
    outer loop
      vertex -100.000000 126.250000 -4.500000
      vertex -95.937500 121.625000 -4.500000
      vertex -95.937500 126.250000 -4.500000
    endloop
  endfacet
  facet normal 0.000000 0.000000 1.000000
    outer loop
      vertex -116.250000 126.250000 -4.500000
      vertex -116.250000 121.625000 -4.500000
      vertex -112.187500 121.625000 -4.500000
    endloop
  endfacet
  facet normal -0.000000 0.000000 1.000000
    outer loop
      vertex -116.250000 126.250000 -4.500000
      vertex -112.187500 121.625000 -4.500000
      vertex -112.187500 126.250000 -4.500000
    endloop
  endfacet
  facet normal 0.000000 0.000000 1.000000
    outer loop
      vertex -124.375000 126.250000 -4.500000
      vertex -124.375000 121.625000 -4.500000
      vertex -120.312500 121.625000 -4.500000
    endloop
  endfacet
  facet normal -0.000000 0.000000 1.000000
    outer loop
      vertex -124.375000 126.250000 -4.500000
      vertex -120.312500 121.625000 -4.500000
      vertex -120.312500 126.250000 -4.500000
    endloop
  endfacet
  facet normal -0.000000 0.000000 1.000000
    outer loop
      vertex -126.500000 121.625000 -4.500000
      vertex -124.375000 121.625000 -4.500000
      vertex -124.375000 126.250000 -4.500000
    endloop
  endfacet
  facet normal -0.000000 0.000000 1.000000
    outer loop
      vertex -124.375000 126.250000 -4.500000
      vertex -126.512532 126.250004 -4.500000
      vertex -126.512039 126.245051 -4.500000
    endloop
  endfacet
  facet normal 0.000000 0.000000 1.000000
    outer loop
      vertex -124.375000 126.250000 -4.500000
      vertex -126.512039 126.245051 -4.500000
      vertex -126.503012 126.122681 -4.500000
    endloop
  endfacet
  facet normal 0.000000 0.000000 1.000000
    outer loop
      vertex -124.375000 126.250000 -4.500000
      vertex -126.503012 126.122681 -4.500000
      vertex -126.500000 126.000000 -4.500000
    endloop
  endfacet
  facet normal 0.000000 -0.000000 1.000000
    outer loop
      vertex -124.375000 126.250000 -4.500000
      vertex -126.500000 126.000000 -4.500000
      vertex -126.500000 121.666667 -4.500000
    endloop
  endfacet
  facet normal -0.000000 0.000000 1.000000
    outer loop
      vertex -126.500000 121.666667 -4.500000
      vertex -126.500000 121.625000 -4.500000
      vertex -124.375000 126.250000 -4.500000
    endloop
  endfacet
  facet normal 0.000000 0.000000 1.000000
    outer loop
      vertex -120.312500 126.250000 -4.500000
      vertex -120.312500 121.625000 -4.500000
      vertex -116.250000 121.625000 -4.500000
    endloop
  endfacet
  facet normal -0.000000 0.000000 1.000000
    outer loop
      vertex -120.312500 126.250000 -4.500000
      vertex -116.250000 121.625000 -4.500000
      vertex -116.250000 126.250000 -4.500000
    endloop
  endfacet
  facet normal 0.000000 0.000000 1.000000
    outer loop
      vertex -108.125000 126.250000 -4.500000
      vertex -108.125000 121.625000 -4.500000
      vertex -104.062500 121.625000 -4.500000
    endloop
  endfacet
  facet normal -0.000000 0.000000 1.000000
    outer loop
      vertex -108.125000 126.250000 -4.500000
      vertex -104.062500 121.625000 -4.500000
      vertex -104.062500 126.250000 -4.500000
    endloop
  endfacet
  facet normal 0.000000 0.000000 1.000000
    outer loop
      vertex -112.187500 126.250000 -4.500000
      vertex -112.187500 121.625000 -4.500000
      vertex -108.125000 121.625000 -4.500000
    endloop
  endfacet
  facet normal -0.000000 0.000000 1.000000
    outer loop
      vertex -112.187500 126.250000 -4.500000
      vertex -108.125000 121.625000 -4.500000
      vertex -108.125000 126.250000 -4.500000
    endloop
  endfacet
  facet normal 0.000000 0.000000 1.000000
    outer loop
      vertex -104.062500 126.250000 -4.500000
      vertex -104.062500 121.625000 -4.500000
      vertex -100.000000 121.625000 -4.500000
    endloop
  endfacet
  facet normal -0.000000 0.000000 1.000000
    outer loop
      vertex -104.062500 126.250000 -4.500000
      vertex -100.000000 121.625000 -4.500000
      vertex -100.000000 126.250000 -4.500000
    endloop
  endfacet
  facet normal 0.000000 0.000000 1.000000
    outer loop
      vertex -83.750000 126.250000 -4.500000
      vertex -83.750000 121.625000 -4.500000
      vertex -79.687500 121.625000 -4.500000
    endloop
  endfacet
  facet normal -0.000000 0.000000 1.000000
    outer loop
      vertex -83.750000 126.250000 -4.500000
      vertex -79.687500 121.625000 -4.500000
      vertex -79.687500 126.250000 -4.500000
    endloop
  endfacet
  facet normal 0.000000 0.000000 1.000000
    outer loop
      vertex -91.875000 126.250000 -4.500000
      vertex -91.875000 121.625000 -4.500000
      vertex -87.812500 121.625000 -4.500000
    endloop
  endfacet
  facet normal -0.000000 0.000000 1.000000
    outer loop
      vertex -91.875000 126.250000 -4.500000
      vertex -87.812500 121.625000 -4.500000
      vertex -87.812500 126.250000 -4.500000
    endloop
  endfacet
  facet normal 0.000000 0.000000 1.000000
    outer loop
      vertex -95.937500 126.250000 -4.500000
      vertex -95.937500 121.625000 -4.500000
      vertex -91.875000 121.625000 -4.500000
    endloop
  endfacet
  facet normal -0.000000 0.000000 1.000000
    outer loop
      vertex -95.937500 126.250000 -4.500000
      vertex -91.875000 121.625000 -4.500000
      vertex -91.875000 126.250000 -4.500000
    endloop
  endfacet
  facet normal 0.000000 0.000000 1.000000
    outer loop
      vertex -87.812500 126.250000 -4.500000
      vertex -87.812500 121.625000 -4.500000
      vertex -83.750000 121.625000 -4.500000
    endloop
  endfacet
  facet normal -0.000000 0.000000 1.000000
    outer loop
      vertex -87.812500 126.250000 -4.500000
      vertex -83.750000 121.625000 -4.500000
      vertex -83.750000 126.250000 -4.500000
    endloop
  endfacet
  facet normal 0.000000 -0.000000 1.000000
    outer loop
      vertex -73.500000 125.333333 -4.500000
      vertex -73.500000 126.250000 -4.500000
      vertex -75.625000 126.250000 -4.500000
    endloop
  endfacet
  facet normal 0.000000 0.000000 1.000000
    outer loop
      vertex -75.625000 121.625000 -4.500000
      vertex -73.500000 121.625000 -4.500000
      vertex -73.500000 125.333333 -4.500000
    endloop
  endfacet
  facet normal 0.000000 0.000000 1.000000
    outer loop
      vertex -73.500000 125.333333 -4.500000
      vertex -75.625000 126.250000 -4.500000
      vertex -75.625000 121.625000 -4.500000
    endloop
  endfacet
  facet normal 0.000000 0.000000 1.000000
    outer loop
      vertex -79.687500 126.250000 -4.500000
      vertex -79.687500 121.625000 -4.500000
      vertex -75.625000 121.625000 -4.500000
    endloop
  endfacet
  facet normal -0.000000 0.000000 1.000000
    outer loop
      vertex -79.687500 126.250000 -4.500000
      vertex -75.625000 121.625000 -4.500000
      vertex -75.625000 126.250000 -4.500000
    endloop
  endfacet
  facet normal 0.000000 0.000000 1.000000
    outer loop
      vertex -100.000000 121.625000 -4.500000
      vertex -100.000000 117.000000 -4.500000
      vertex -95.937500 117.000000 -4.500000
    endloop
  endfacet
  facet normal -0.000000 0.000000 1.000000
    outer loop
      vertex -100.000000 121.625000 -4.500000
      vertex -95.937500 117.000000 -4.500000
      vertex -95.937500 121.625000 -4.500000
    endloop
  endfacet
  facet normal 0.000000 0.000000 1.000000
    outer loop
      vertex -116.250000 121.625000 -4.500000
      vertex -116.250000 117.000000 -4.500000
      vertex -112.187500 117.000000 -4.500000
    endloop
  endfacet
  facet normal -0.000000 0.000000 1.000000
    outer loop
      vertex -116.250000 121.625000 -4.500000
      vertex -112.187500 117.000000 -4.500000
      vertex -112.187500 121.625000 -4.500000
    endloop
  endfacet
  facet normal 0.000000 0.000000 1.000000
    outer loop
      vertex -124.375000 121.625000 -4.500000
      vertex -124.375000 117.000000 -4.500000
      vertex -120.312500 117.000000 -4.500000
    endloop
  endfacet
  facet normal -0.000000 0.000000 1.000000
    outer loop
      vertex -124.375000 121.625000 -4.500000
      vertex -120.312500 117.000000 -4.500000
      vertex -120.312500 121.625000 -4.500000
    endloop
  endfacet
  facet normal -0.000000 0.000000 1.000000
    outer loop
      vertex -124.375000 121.625000 -4.500000
      vertex -126.500000 121.625000 -4.500000
      vertex -126.500000 117.333333 -4.500000
    endloop
  endfacet
  facet normal 0.000000 -0.000000 1.000000
    outer loop
      vertex -124.375000 117.000000 -4.500000
      vertex -124.375000 121.625000 -4.500000
      vertex -126.500000 117.333333 -4.500000
    endloop
  endfacet
  facet normal 0.000000 0.000000 1.000000
    outer loop
      vertex -126.500000 117.333333 -4.500000
      vertex -126.500000 117.000000 -4.500000
      vertex -124.375000 117.000000 -4.500000
    endloop
  endfacet
  facet normal 0.000000 0.000000 1.000000
    outer loop
      vertex -120.312500 121.625000 -4.500000
      vertex -120.312500 117.000000 -4.500000
      vertex -116.250000 117.000000 -4.500000
    endloop
  endfacet
  facet normal -0.000000 0.000000 1.000000
    outer loop
      vertex -120.312500 121.625000 -4.500000
      vertex -116.250000 117.000000 -4.500000
      vertex -116.250000 121.625000 -4.500000
    endloop
  endfacet
  facet normal 0.000000 0.000000 1.000000
    outer loop
      vertex -108.125000 121.625000 -4.500000
      vertex -108.125000 117.000000 -4.500000
      vertex -104.062500 117.000000 -4.500000
    endloop
  endfacet
  facet normal -0.000000 0.000000 1.000000
    outer loop
      vertex -108.125000 121.625000 -4.500000
      vertex -104.062500 117.000000 -4.500000
      vertex -104.062500 121.625000 -4.500000
    endloop
  endfacet
  facet normal 0.000000 0.000000 1.000000
    outer loop
      vertex -112.187500 121.625000 -4.500000
      vertex -112.187500 117.000000 -4.500000
      vertex -108.125000 117.000000 -4.500000
    endloop
  endfacet
  facet normal -0.000000 0.000000 1.000000
    outer loop
      vertex -112.187500 121.625000 -4.500000
      vertex -108.125000 117.000000 -4.500000
      vertex -108.125000 121.625000 -4.500000
    endloop
  endfacet
  facet normal 0.000000 0.000000 1.000000
    outer loop
      vertex -104.062500 121.625000 -4.500000
      vertex -104.062500 117.000000 -4.500000
      vertex -100.000000 117.000000 -4.500000
    endloop
  endfacet
  facet normal -0.000000 0.000000 1.000000
    outer loop
      vertex -104.062500 121.625000 -4.500000
      vertex -100.000000 117.000000 -4.500000
      vertex -100.000000 121.625000 -4.500000
    endloop
  endfacet
  facet normal 0.000000 0.000000 1.000000
    outer loop
      vertex -83.750000 121.625000 -4.500000
      vertex -83.750000 117.000000 -4.500000
      vertex -79.687500 117.000000 -4.500000
    endloop
  endfacet
  facet normal -0.000000 0.000000 1.000000
    outer loop
      vertex -83.750000 121.625000 -4.500000
      vertex -79.687500 117.000000 -4.500000
      vertex -79.687500 121.625000 -4.500000
    endloop
  endfacet
  facet normal 0.000000 0.000000 1.000000
    outer loop
      vertex -91.875000 121.625000 -4.500000
      vertex -91.875000 117.000000 -4.500000
      vertex -87.812500 117.000000 -4.500000
    endloop
  endfacet
  facet normal -0.000000 0.000000 1.000000
    outer loop
      vertex -91.875000 121.625000 -4.500000
      vertex -87.812500 117.000000 -4.500000
      vertex -87.812500 121.625000 -4.500000
    endloop
  endfacet
  facet normal 0.000000 0.000000 1.000000
    outer loop
      vertex -95.937500 121.625000 -4.500000
      vertex -95.937500 117.000000 -4.500000
      vertex -91.875000 117.000000 -4.500000
    endloop
  endfacet
  facet normal -0.000000 0.000000 1.000000
    outer loop
      vertex -95.937500 121.625000 -4.500000
      vertex -91.875000 117.000000 -4.500000
      vertex -91.875000 121.625000 -4.500000
    endloop
  endfacet
  facet normal 0.000000 0.000000 1.000000
    outer loop
      vertex -87.812500 121.625000 -4.500000
      vertex -87.812500 117.000000 -4.500000
      vertex -83.750000 117.000000 -4.500000
    endloop
  endfacet
  facet normal -0.000000 0.000000 1.000000
    outer loop
      vertex -87.812500 121.625000 -4.500000
      vertex -83.750000 117.000000 -4.500000
      vertex -83.750000 121.625000 -4.500000
    endloop
  endfacet
  facet normal 0.000000 -0.000000 1.000000
    outer loop
      vertex -73.500000 121.000000 -4.500000
      vertex -73.500000 121.625000 -4.500000
      vertex -75.625000 121.625000 -4.500000
    endloop
  endfacet
  facet normal 0.000000 -0.000000 1.000000
    outer loop
      vertex -75.625000 117.000000 -4.500000
      vertex -73.500000 117.000000 -4.500000
      vertex -73.500000 121.000000 -4.500000
    endloop
  endfacet
  facet normal 0.000000 0.000000 1.000000
    outer loop
      vertex -73.500000 121.000000 -4.500000
      vertex -75.625000 121.625000 -4.500000
      vertex -75.625000 117.000000 -4.500000
    endloop
  endfacet
  facet normal 0.000000 0.000000 1.000000
    outer loop
      vertex -79.687500 121.625000 -4.500000
      vertex -79.687500 117.000000 -4.500000
      vertex -75.625000 117.000000 -4.500000
    endloop
  endfacet
  facet normal -0.000000 0.000000 1.000000
    outer loop
      vertex -79.687500 121.625000 -4.500000
      vertex -75.625000 117.000000 -4.500000
      vertex -75.625000 121.625000 -4.500000
    endloop
  endfacet
  facet normal 0.000000 0.000000 1.000000
    outer loop
      vertex -100.000000 117.000000 -4.500000
      vertex -100.000000 112.375000 -4.500000
      vertex -95.937500 112.375000 -4.500000
    endloop
  endfacet
  facet normal -0.000000 0.000000 1.000000
    outer loop
      vertex -100.000000 117.000000 -4.500000
      vertex -95.937500 112.375000 -4.500000
      vertex -95.937500 117.000000 -4.500000
    endloop
  endfacet
  facet normal 0.000000 0.000000 1.000000
    outer loop
      vertex -116.250000 117.000000 -4.500000
      vertex -116.250000 112.375000 -4.500000
      vertex -112.187500 112.375000 -4.500000
    endloop
  endfacet
  facet normal -0.000000 0.000000 1.000000
    outer loop
      vertex -116.250000 117.000000 -4.500000
      vertex -112.187500 112.375000 -4.500000
      vertex -112.187500 117.000000 -4.500000
    endloop
  endfacet
  facet normal 0.000000 0.000000 1.000000
    outer loop
      vertex -124.375000 117.000000 -4.500000
      vertex -124.375000 112.375000 -4.500000
      vertex -120.312500 112.375000 -4.500000
    endloop
  endfacet
  facet normal -0.000000 0.000000 1.000000
    outer loop
      vertex -124.375000 117.000000 -4.500000
      vertex -120.312500 112.375000 -4.500000
      vertex -120.312500 117.000000 -4.500000
    endloop
  endfacet
  facet normal -0.000000 -0.000000 1.000000
    outer loop
      vertex -126.500000 113.000000 -4.500000
      vertex -126.500000 112.375000 -4.500000
      vertex -124.375000 112.375000 -4.500000
    endloop
  endfacet
  facet normal 0.000000 0.000000 1.000000
    outer loop
      vertex -124.375000 117.000000 -4.500000
      vertex -126.500000 117.000000 -4.500000
      vertex -126.500000 113.000000 -4.500000
    endloop
  endfacet
  facet normal -0.000000 0.000000 1.000000
    outer loop
      vertex -126.500000 113.000000 -4.500000
      vertex -124.375000 112.375000 -4.500000
      vertex -124.375000 117.000000 -4.500000
    endloop
  endfacet
  facet normal 0.000000 0.000000 1.000000
    outer loop
      vertex -120.312500 117.000000 -4.500000
      vertex -120.312500 112.375000 -4.500000
      vertex -116.250000 112.375000 -4.500000
    endloop
  endfacet
  facet normal -0.000000 0.000000 1.000000
    outer loop
      vertex -120.312500 117.000000 -4.500000
      vertex -116.250000 112.375000 -4.500000
      vertex -116.250000 117.000000 -4.500000
    endloop
  endfacet
  facet normal 0.000000 0.000000 1.000000
    outer loop
      vertex -108.125000 117.000000 -4.500000
      vertex -108.125000 112.375000 -4.500000
      vertex -104.062500 112.375000 -4.500000
    endloop
  endfacet
  facet normal -0.000000 0.000000 1.000000
    outer loop
      vertex -108.125000 117.000000 -4.500000
      vertex -104.062500 112.375000 -4.500000
      vertex -104.062500 117.000000 -4.500000
    endloop
  endfacet
  facet normal 0.000000 0.000000 1.000000
    outer loop
      vertex -112.187500 117.000000 -4.500000
      vertex -112.187500 112.375000 -4.500000
      vertex -108.125000 112.375000 -4.500000
    endloop
  endfacet
  facet normal -0.000000 0.000000 1.000000
    outer loop
      vertex -112.187500 117.000000 -4.500000
      vertex -108.125000 112.375000 -4.500000
      vertex -108.125000 117.000000 -4.500000
    endloop
  endfacet
  facet normal 0.000000 0.000000 1.000000
    outer loop
      vertex -104.062500 117.000000 -4.500000
      vertex -104.062500 112.375000 -4.500000
      vertex -100.000000 112.375000 -4.500000
    endloop
  endfacet
  facet normal -0.000000 0.000000 1.000000
    outer loop
      vertex -104.062500 117.000000 -4.500000
      vertex -100.000000 112.375000 -4.500000
      vertex -100.000000 117.000000 -4.500000
    endloop
  endfacet
  facet normal 0.000000 0.000000 1.000000
    outer loop
      vertex -83.750000 117.000000 -4.500000
      vertex -83.750000 112.375000 -4.500000
      vertex -79.687500 112.375000 -4.500000
    endloop
  endfacet
  facet normal -0.000000 0.000000 1.000000
    outer loop
      vertex -83.750000 117.000000 -4.500000
      vertex -79.687500 112.375000 -4.500000
      vertex -79.687500 117.000000 -4.500000
    endloop
  endfacet
  facet normal 0.000000 0.000000 1.000000
    outer loop
      vertex -91.875000 117.000000 -4.500000
      vertex -91.875000 112.375000 -4.500000
      vertex -87.812500 112.375000 -4.500000
    endloop
  endfacet
  facet normal -0.000000 0.000000 1.000000
    outer loop
      vertex -91.875000 117.000000 -4.500000
      vertex -87.812500 112.375000 -4.500000
      vertex -87.812500 117.000000 -4.500000
    endloop
  endfacet
  facet normal 0.000000 0.000000 1.000000
    outer loop
      vertex -95.937500 117.000000 -4.500000
      vertex -95.937500 112.375000 -4.500000
      vertex -91.875000 112.375000 -4.500000
    endloop
  endfacet
  facet normal -0.000000 0.000000 1.000000
    outer loop
      vertex -95.937500 117.000000 -4.500000
      vertex -91.875000 112.375000 -4.500000
      vertex -91.875000 117.000000 -4.500000
    endloop
  endfacet
  facet normal 0.000000 0.000000 1.000000
    outer loop
      vertex -87.812500 117.000000 -4.500000
      vertex -87.812500 112.375000 -4.500000
      vertex -83.750000 112.375000 -4.500000
    endloop
  endfacet
  facet normal -0.000000 0.000000 1.000000
    outer loop
      vertex -87.812500 117.000000 -4.500000
      vertex -83.750000 112.375000 -4.500000
      vertex -83.750000 117.000000 -4.500000
    endloop
  endfacet
  facet normal -0.000000 0.000000 1.000000
    outer loop
      vertex -75.625000 112.375000 -4.500000
      vertex -73.500000 112.375000 -4.500000
      vertex -73.500000 116.666667 -4.500000
    endloop
  endfacet
  facet normal 0.000000 0.000000 1.000000
    outer loop
      vertex -75.625000 117.000000 -4.500000
      vertex -75.625000 112.375000 -4.500000
      vertex -73.500000 116.666667 -4.500000
    endloop
  endfacet
  facet normal 0.000000 0.000000 1.000000
    outer loop
      vertex -73.500000 116.666667 -4.500000
      vertex -73.500000 117.000000 -4.500000
      vertex -75.625000 117.000000 -4.500000
    endloop
  endfacet
  facet normal 0.000000 0.000000 1.000000
    outer loop
      vertex -79.687500 117.000000 -4.500000
      vertex -79.687500 112.375000 -4.500000
      vertex -75.625000 112.375000 -4.500000
    endloop
  endfacet
  facet normal -0.000000 0.000000 1.000000
    outer loop
      vertex -79.687500 117.000000 -4.500000
      vertex -75.625000 112.375000 -4.500000
      vertex -75.625000 117.000000 -4.500000
    endloop
  endfacet
  facet normal 0.000000 0.000000 1.000000
    outer loop
      vertex -100.000000 112.375000 -4.500000
      vertex -100.000000 107.750000 -4.500000
      vertex -95.937500 107.750000 -4.500000
    endloop
  endfacet
  facet normal -0.000000 0.000000 1.000000
    outer loop
      vertex -100.000000 112.375000 -4.500000
      vertex -95.937500 107.750000 -4.500000
      vertex -95.937500 112.375000 -4.500000
    endloop
  endfacet
  facet normal 0.000000 0.000000 1.000000
    outer loop
      vertex -116.250000 112.375000 -4.500000
      vertex -116.250000 107.750000 -4.500000
      vertex -112.187500 107.750000 -4.500000
    endloop
  endfacet
  facet normal -0.000000 0.000000 1.000000
    outer loop
      vertex -116.250000 112.375000 -4.500000
      vertex -112.187500 107.750000 -4.500000
      vertex -112.187500 112.375000 -4.500000
    endloop
  endfacet
  facet normal 0.000000 0.000000 1.000000
    outer loop
      vertex -124.375000 112.375000 -4.500000
      vertex -124.375000 107.750000 -4.500000
      vertex -120.312500 107.750000 -4.500000
    endloop
  endfacet
  facet normal -0.000000 0.000000 1.000000
    outer loop
      vertex -124.375000 112.375000 -4.500000
      vertex -120.312500 107.750000 -4.500000
      vertex -120.312500 112.375000 -4.500000
    endloop
  endfacet
  facet normal -0.000000 -0.000000 1.000000
    outer loop
      vertex -126.500000 108.666667 -4.500000
      vertex -126.500000 107.750000 -4.500000
      vertex -124.375000 107.750000 -4.500000
    endloop
  endfacet
  facet normal -0.000000 0.000000 1.000000
    outer loop
      vertex -124.375000 112.375000 -4.500000
      vertex -126.500000 112.375000 -4.500000
      vertex -126.500000 108.666667 -4.500000
    endloop
  endfacet
  facet normal -0.000000 0.000000 1.000000
    outer loop
      vertex -126.500000 108.666667 -4.500000
      vertex -124.375000 107.750000 -4.500000
      vertex -124.375000 112.375000 -4.500000
    endloop
  endfacet
  facet normal 0.000000 0.000000 1.000000
    outer loop
      vertex -120.312500 112.375000 -4.500000
      vertex -120.312500 107.750000 -4.500000
      vertex -116.250000 107.750000 -4.500000
    endloop
  endfacet
  facet normal -0.000000 0.000000 1.000000
    outer loop
      vertex -120.312500 112.375000 -4.500000
      vertex -116.250000 107.750000 -4.500000
      vertex -116.250000 112.375000 -4.500000
    endloop
  endfacet
  facet normal 0.000000 0.000000 1.000000
    outer loop
      vertex -108.125000 112.375000 -4.500000
      vertex -108.125000 107.750000 -4.500000
      vertex -104.062500 107.750000 -4.500000
    endloop
  endfacet
  facet normal -0.000000 0.000000 1.000000
    outer loop
      vertex -108.125000 112.375000 -4.500000
      vertex -104.062500 107.750000 -4.500000
      vertex -104.062500 112.375000 -4.500000
    endloop
  endfacet
  facet normal 0.000000 0.000000 1.000000
    outer loop
      vertex -112.187500 112.375000 -4.500000
      vertex -112.187500 107.750000 -4.500000
      vertex -108.125000 107.750000 -4.500000
    endloop
  endfacet
  facet normal -0.000000 0.000000 1.000000
    outer loop
      vertex -112.187500 112.375000 -4.500000
      vertex -108.125000 107.750000 -4.500000
      vertex -108.125000 112.375000 -4.500000
    endloop
  endfacet
  facet normal 0.000000 0.000000 1.000000
    outer loop
      vertex -104.062500 112.375000 -4.500000
      vertex -104.062500 107.750000 -4.500000
      vertex -100.000000 107.750000 -4.500000
    endloop
  endfacet
  facet normal -0.000000 0.000000 1.000000
    outer loop
      vertex -104.062500 112.375000 -4.500000
      vertex -100.000000 107.750000 -4.500000
      vertex -100.000000 112.375000 -4.500000
    endloop
  endfacet
  facet normal 0.000000 0.000000 1.000000
    outer loop
      vertex -83.750000 112.375000 -4.500000
      vertex -83.750000 107.750000 -4.500000
      vertex -79.687500 107.750000 -4.500000
    endloop
  endfacet
  facet normal -0.000000 0.000000 1.000000
    outer loop
      vertex -83.750000 112.375000 -4.500000
      vertex -79.687500 107.750000 -4.500000
      vertex -79.687500 112.375000 -4.500000
    endloop
  endfacet
  facet normal 0.000000 0.000000 1.000000
    outer loop
      vertex -91.875000 112.375000 -4.500000
      vertex -91.875000 107.750000 -4.500000
      vertex -87.812500 107.750000 -4.500000
    endloop
  endfacet
  facet normal -0.000000 0.000000 1.000000
    outer loop
      vertex -91.875000 112.375000 -4.500000
      vertex -87.812500 107.750000 -4.500000
      vertex -87.812500 112.375000 -4.500000
    endloop
  endfacet
  facet normal 0.000000 0.000000 1.000000
    outer loop
      vertex -95.937500 112.375000 -4.500000
      vertex -95.937500 107.750000 -4.500000
      vertex -91.875000 107.750000 -4.500000
    endloop
  endfacet
  facet normal -0.000000 0.000000 1.000000
    outer loop
      vertex -95.937500 112.375000 -4.500000
      vertex -91.875000 107.750000 -4.500000
      vertex -91.875000 112.375000 -4.500000
    endloop
  endfacet
  facet normal 0.000000 0.000000 1.000000
    outer loop
      vertex -87.812500 112.375000 -4.500000
      vertex -87.812500 107.750000 -4.500000
      vertex -83.750000 107.750000 -4.500000
    endloop
  endfacet
  facet normal -0.000000 0.000000 1.000000
    outer loop
      vertex -87.812500 112.375000 -4.500000
      vertex -83.750000 107.750000 -4.500000
      vertex -83.750000 112.375000 -4.500000
    endloop
  endfacet
  facet normal 0.000000 0.000000 1.000000
    outer loop
      vertex -73.500000 112.375000 -4.500000
      vertex -75.625000 112.375000 -4.500000
      vertex -75.625000 107.750000 -4.500000
    endloop
  endfacet
  facet normal 0.000000 -0.000000 1.000000
    outer loop
      vertex -75.625000 107.750000 -4.500000
      vertex -73.487468 107.749996 -4.500000
      vertex -73.487961 107.754949 -4.500000
    endloop
  endfacet
  facet normal 0.000000 0.000000 1.000000
    outer loop
      vertex -75.625000 107.750000 -4.500000
      vertex -73.487961 107.754949 -4.500000
      vertex -73.496988 107.877319 -4.500000
    endloop
  endfacet
  facet normal 0.000000 0.000000 1.000000
    outer loop
      vertex -75.625000 107.750000 -4.500000
      vertex -73.496988 107.877319 -4.500000
      vertex -73.500000 108.000000 -4.500000
    endloop
  endfacet
  facet normal 0.000000 0.000000 1.000000
    outer loop
      vertex -75.625000 107.750000 -4.500000
      vertex -73.500000 108.000000 -4.500000
      vertex -73.500000 112.333333 -4.500000
    endloop
  endfacet
  facet normal 0.000000 -0.000000 1.000000
    outer loop
      vertex -73.500000 112.333333 -4.500000
      vertex -73.500000 112.375000 -4.500000
      vertex -75.625000 107.750000 -4.500000
    endloop
  endfacet
  facet normal 0.000000 0.000000 1.000000
    outer loop
      vertex -79.687500 112.375000 -4.500000
      vertex -79.687500 107.750000 -4.500000
      vertex -75.625000 107.750000 -4.500000
    endloop
  endfacet
  facet normal -0.000000 0.000000 1.000000
    outer loop
      vertex -79.687500 112.375000 -4.500000
      vertex -75.625000 107.750000 -4.500000
      vertex -75.625000 112.375000 -4.500000
    endloop
  endfacet
  facet normal 0.000000 0.000000 1.000000
    outer loop
      vertex -100.000000 107.750000 -4.500000
      vertex -100.000000 103.125000 -4.500000
      vertex -95.937500 103.125000 -4.500000
    endloop
  endfacet
  facet normal -0.000000 0.000000 1.000000
    outer loop
      vertex -100.000000 107.750000 -4.500000
      vertex -95.937500 103.125000 -4.500000
      vertex -95.937500 107.750000 -4.500000
    endloop
  endfacet
  facet normal 0.000000 0.000000 1.000000
    outer loop
      vertex -116.250000 107.750000 -4.500000
      vertex -116.250000 103.125000 -4.500000
      vertex -112.187500 103.125000 -4.500000
    endloop
  endfacet
  facet normal -0.000000 0.000000 1.000000
    outer loop
      vertex -116.250000 107.750000 -4.500000
      vertex -112.187500 103.125000 -4.500000
      vertex -112.187500 107.750000 -4.500000
    endloop
  endfacet
  facet normal 0.000000 0.000000 1.000000
    outer loop
      vertex -124.375000 107.750000 -4.500000
      vertex -124.375000 103.125000 -4.500000
      vertex -120.312500 103.125000 -4.500000
    endloop
  endfacet
  facet normal -0.000000 0.000000 1.000000
    outer loop
      vertex -124.375000 107.750000 -4.500000
      vertex -120.312500 103.125000 -4.500000
      vertex -120.312500 107.750000 -4.500000
    endloop
  endfacet
  facet normal 0.000000 0.000000 1.000000
    outer loop
      vertex -126.500000 104.333333 -4.500000
      vertex -126.500000 103.125000 -4.500000
      vertex -124.375000 103.125000 -4.500000
    endloop
  endfacet
  facet normal -0.000000 0.000000 1.000000
    outer loop
      vertex -124.375000 107.750000 -4.500000
      vertex -126.500000 107.750000 -4.500000
      vertex -126.500000 104.333333 -4.500000
    endloop
  endfacet
  facet normal -0.000000 0.000000 1.000000
    outer loop
      vertex -126.500000 104.333333 -4.500000
      vertex -124.375000 103.125000 -4.500000
      vertex -124.375000 107.750000 -4.500000
    endloop
  endfacet
  facet normal 0.000000 0.000000 1.000000
    outer loop
      vertex -120.312500 107.750000 -4.500000
      vertex -120.312500 103.125000 -4.500000
      vertex -116.250000 103.125000 -4.500000
    endloop
  endfacet
  facet normal -0.000000 0.000000 1.000000
    outer loop
      vertex -120.312500 107.750000 -4.500000
      vertex -116.250000 103.125000 -4.500000
      vertex -116.250000 107.750000 -4.500000
    endloop
  endfacet
  facet normal 0.000000 0.000000 1.000000
    outer loop
      vertex -108.125000 107.750000 -4.500000
      vertex -108.125000 103.125000 -4.500000
      vertex -104.062500 103.125000 -4.500000
    endloop
  endfacet
  facet normal -0.000000 0.000000 1.000000
    outer loop
      vertex -108.125000 107.750000 -4.500000
      vertex -104.062500 103.125000 -4.500000
      vertex -104.062500 107.750000 -4.500000
    endloop
  endfacet
  facet normal 0.000000 0.000000 1.000000
    outer loop
      vertex -112.187500 107.750000 -4.500000
      vertex -112.187500 103.125000 -4.500000
      vertex -108.125000 103.125000 -4.500000
    endloop
  endfacet
  facet normal -0.000000 0.000000 1.000000
    outer loop
      vertex -112.187500 107.750000 -4.500000
      vertex -108.125000 103.125000 -4.500000
      vertex -108.125000 107.750000 -4.500000
    endloop
  endfacet
  facet normal 0.000000 0.000000 1.000000
    outer loop
      vertex -104.062500 107.750000 -4.500000
      vertex -104.062500 103.125000 -4.500000
      vertex -100.000000 103.125000 -4.500000
    endloop
  endfacet
  facet normal -0.000000 0.000000 1.000000
    outer loop
      vertex -104.062500 107.750000 -4.500000
      vertex -100.000000 103.125000 -4.500000
      vertex -100.000000 107.750000 -4.500000
    endloop
  endfacet
  facet normal 0.000000 0.000000 1.000000
    outer loop
      vertex -83.750000 107.750000 -4.500000
      vertex -83.750000 103.125000 -4.500000
      vertex -79.687500 103.125000 -4.500000
    endloop
  endfacet
  facet normal -0.000000 0.000000 1.000000
    outer loop
      vertex -83.750000 107.750000 -4.500000
      vertex -79.687500 103.125000 -4.500000
      vertex -79.687500 107.750000 -4.500000
    endloop
  endfacet
  facet normal 0.000000 0.000000 1.000000
    outer loop
      vertex -91.875000 107.750000 -4.500000
      vertex -91.875000 103.125000 -4.500000
      vertex -87.812500 103.125000 -4.500000
    endloop
  endfacet
  facet normal -0.000000 0.000000 1.000000
    outer loop
      vertex -91.875000 107.750000 -4.500000
      vertex -87.812500 103.125000 -4.500000
      vertex -87.812500 107.750000 -4.500000
    endloop
  endfacet
  facet normal 0.000000 0.000000 1.000000
    outer loop
      vertex -95.937500 107.750000 -4.500000
      vertex -95.937500 103.125000 -4.500000
      vertex -91.875000 103.125000 -4.500000
    endloop
  endfacet
  facet normal -0.000000 0.000000 1.000000
    outer loop
      vertex -95.937500 107.750000 -4.500000
      vertex -91.875000 103.125000 -4.500000
      vertex -91.875000 107.750000 -4.500000
    endloop
  endfacet
  facet normal 0.000000 0.000000 1.000000
    outer loop
      vertex -87.812500 107.750000 -4.500000
      vertex -87.812500 103.125000 -4.500000
      vertex -83.750000 103.125000 -4.500000
    endloop
  endfacet
  facet normal -0.000000 0.000000 1.000000
    outer loop
      vertex -87.812500 107.750000 -4.500000
      vertex -83.750000 103.125000 -4.500000
      vertex -83.750000 107.750000 -4.500000
    endloop
  endfacet
  facet normal 0.000000 0.000000 1.000000
    outer loop
      vertex -75.625000 103.125000 -4.500000
      vertex -71.562500 103.125000 -4.500000
      vertex -71.562510 105.564105 -4.500000
    endloop
  endfacet
  facet normal 0.000000 0.000000 1.000000
    outer loop
      vertex -73.487468 107.749996 -4.500000
      vertex -75.625000 107.750000 -4.500000
      vertex -75.625000 103.125000 -4.500000
    endloop
  endfacet
  facet normal 0.000000 0.000000 1.000000
    outer loop
      vertex -75.625000 103.125000 -4.500000
      vertex -71.562510 105.564105 -4.500000
      vertex -71.607456 105.574923 -4.500000
    endloop
  endfacet
  facet normal 0.000000 0.000000 1.000000
    outer loop
      vertex -75.625000 103.125000 -4.500000
      vertex -71.607456 105.574923 -4.500000
      vertex -71.725718 105.607651 -4.500000
    endloop
  endfacet
  facet normal -0.000000 0.000000 1.000000
    outer loop
      vertex -75.625000 103.125000 -4.500000
      vertex -71.725718 105.607651 -4.500000
      vertex -71.842231 105.646142 -4.500000
    endloop
  endfacet
  facet normal 0.000000 -0.000000 1.000000
    outer loop
      vertex -75.625000 103.125000 -4.500000
      vertex -71.842231 105.646142 -4.500000
      vertex -71.956713 105.690303 -4.500000
    endloop
  endfacet
  facet normal 0.000000 0.000000 1.000000
    outer loop
      vertex -75.625000 103.125000 -4.500000
      vertex -71.956713 105.690303 -4.500000
      vertex -72.068891 105.740028 -4.500000
    endloop
  endfacet
  facet normal 0.000000 -0.000000 1.000000
    outer loop
      vertex -75.625000 103.125000 -4.500000
      vertex -72.068891 105.740028 -4.500000
      vertex -72.178493 105.795197 -4.500000
    endloop
  endfacet
  facet normal -0.000000 0.000000 1.000000
    outer loop
      vertex -75.625000 103.125000 -4.500000
      vertex -72.178493 105.795197 -4.500000
      vertex -72.285257 105.855679 -4.500000
    endloop
  endfacet
  facet normal 0.000000 0.000000 1.000000
    outer loop
      vertex -75.625000 103.125000 -4.500000
      vertex -72.285257 105.855679 -4.500000
      vertex -72.388927 105.921327 -4.500000
    endloop
  endfacet
  facet normal 0.000000 0.000000 1.000000
    outer loop
      vertex -75.625000 103.125000 -4.500000
      vertex -72.388927 105.921327 -4.500000
      vertex -72.489251 105.991983 -4.500000
    endloop
  endfacet
  facet normal 0.000000 0.000000 1.000000
    outer loop
      vertex -75.625000 103.125000 -4.500000
      vertex -72.489251 105.991983 -4.500000
      vertex -72.585985 106.067475 -4.500000
    endloop
  endfacet
  facet normal 0.000000 0.000000 1.000000
    outer loop
      vertex -75.625000 103.125000 -4.500000
      vertex -72.585985 106.067475 -4.500000
      vertex -72.678898 106.147622 -4.500000
    endloop
  endfacet
  facet normal 0.000000 0.000000 1.000000
    outer loop
      vertex -75.625000 103.125000 -4.500000
      vertex -72.678898 106.147622 -4.500000
      vertex -72.767767 106.232233 -4.500000
    endloop
  endfacet
  facet normal 0.000000 0.000000 1.000000
    outer loop
      vertex -75.625000 103.125000 -4.500000
      vertex -72.767767 106.232233 -4.500000
      vertex -72.852378 106.321102 -4.500000
    endloop
  endfacet
  facet normal 0.000000 0.000000 1.000000
    outer loop
      vertex -75.625000 103.125000 -4.500000
      vertex -72.852378 106.321102 -4.500000
      vertex -72.932525 106.414015 -4.500000
    endloop
  endfacet
  facet normal -0.000000 0.000000 1.000000
    outer loop
      vertex -75.625000 103.125000 -4.500000
      vertex -72.932525 106.414015 -4.500000
      vertex -73.008017 106.510749 -4.500000
    endloop
  endfacet
  facet normal 0.000000 -0.000000 1.000000
    outer loop
      vertex -75.625000 103.125000 -4.500000
      vertex -73.008017 106.510749 -4.500000
      vertex -73.078673 106.611073 -4.500000
    endloop
  endfacet
  facet normal -0.000000 0.000000 1.000000
    outer loop
      vertex -75.625000 103.125000 -4.500000
      vertex -73.078673 106.611073 -4.500000
      vertex -73.144321 106.714743 -4.500000
    endloop
  endfacet
  facet normal 0.000000 -0.000000 1.000000
    outer loop
      vertex -75.625000 103.125000 -4.500000
      vertex -73.144321 106.714743 -4.500000
      vertex -73.204803 106.821507 -4.500000
    endloop
  endfacet
  facet normal -0.000000 0.000000 1.000000
    outer loop
      vertex -75.625000 103.125000 -4.500000
      vertex -73.204803 106.821507 -4.500000
      vertex -73.259972 106.931109 -4.500000
    endloop
  endfacet
  facet normal 0.000000 -0.000000 1.000000
    outer loop
      vertex -75.625000 103.125000 -4.500000
      vertex -73.259972 106.931109 -4.500000
      vertex -73.309697 107.043287 -4.500000
    endloop
  endfacet
  facet normal -0.000000 0.000000 1.000000
    outer loop
      vertex -75.625000 103.125000 -4.500000
      vertex -73.309697 107.043287 -4.500000
      vertex -73.353858 107.157769 -4.500000
    endloop
  endfacet
  facet normal 0.000000 -0.000000 1.000000
    outer loop
      vertex -75.625000 103.125000 -4.500000
      vertex -73.353858 107.157769 -4.500000
      vertex -73.392349 107.274282 -4.500000
    endloop
  endfacet
  facet normal 0.000000 0.000000 1.000000
    outer loop
      vertex -75.625000 103.125000 -4.500000
      vertex -73.392349 107.274282 -4.500000
      vertex -73.425077 107.392544 -4.500000
    endloop
  endfacet
  facet normal 0.000000 0.000000 1.000000
    outer loop
      vertex -75.625000 103.125000 -4.500000
      vertex -73.425077 107.392544 -4.500000
      vertex -73.451963 107.512271 -4.500000
    endloop
  endfacet
  facet normal 0.000000 -0.000000 1.000000
    outer loop
      vertex -75.625000 103.125000 -4.500000
      vertex -73.451963 107.512271 -4.500000
      vertex -73.472941 107.633173 -4.500000
    endloop
  endfacet
  facet normal -0.000000 0.000000 1.000000
    outer loop
      vertex -73.472941 107.633173 -4.500000
      vertex -73.487468 107.749996 -4.500000
      vertex -75.625000 103.125000 -4.500000
    endloop
  endfacet
  facet normal 0.000000 0.000000 1.000000
    outer loop
      vertex -79.687500 107.750000 -4.500000
      vertex -79.687500 103.125000 -4.500000
      vertex -75.625000 103.125000 -4.500000
    endloop
  endfacet
  facet normal -0.000000 0.000000 1.000000
    outer loop
      vertex -79.687500 107.750000 -4.500000
      vertex -75.625000 103.125000 -4.500000
      vertex -75.625000 107.750000 -4.500000
    endloop
  endfacet
  facet normal 0.000000 0.000000 1.000000
    outer loop
      vertex -71.562510 105.564105 -4.500000
      vertex -71.562500 103.125000 -4.500000
      vertex -67.685732 103.125002 -4.500000
    endloop
  endfacet
  facet normal 0.000000 0.000000 1.000000
    outer loop
      vertex -67.685732 103.125002 -4.500000
      vertex -67.704599 103.179123 -4.500000
      vertex -67.766424 103.339398 -4.500000
    endloop
  endfacet
  facet normal 0.000000 0.000000 1.000000
    outer loop
      vertex -70.486442 105.462118 -4.500000
      vertex -70.656928 105.483145 -4.500000
      vertex -70.828246 105.495783 -4.500000
    endloop
  endfacet
  facet normal 0.000000 0.000000 1.000000
    outer loop
      vertex -67.766424 103.339398 -4.500000
      vertex -67.836039 103.496447 -4.500000
      vertex -67.913276 103.649890 -4.500000
    endloop
  endfacet
  facet normal 0.000000 0.000000 1.000000
    outer loop
      vertex -69.350110 105.086724 -4.500000
      vertex -69.503553 105.163961 -4.500000
      vertex -69.660602 105.233576 -4.500000
    endloop
  endfacet
  facet normal -0.000000 -0.000000 1.000000
    outer loop
      vertex -68.188776 104.084951 -4.500000
      vertex -68.294465 104.220379 -4.500000
      vertex -68.406671 104.350457 -4.500000
    endloop
  endfacet
  facet normal 0.000000 0.000000 1.000000
    outer loop
      vertex -68.649543 104.593329 -4.500000
      vertex -68.779621 104.705535 -4.500000
      vertex -68.915049 104.811224 -4.500000
    endloop
  endfacet
  facet normal 0.000000 0.000000 1.000000
    outer loop
      vertex -69.660602 105.233576 -4.500000
      vertex -69.820877 105.295401 -4.500000
      vertex -69.983995 105.349288 -4.500000
    endloop
  endfacet
  facet normal 0.000000 0.000000 1.000000
    outer loop
      vertex -68.406671 104.350457 -4.500000
      vertex -68.525126 104.474874 -4.500000
      vertex -68.649543 104.593329 -4.500000
    endloop
  endfacet
  facet normal 0.000000 0.000000 1.000000
    outer loop
      vertex -69.055502 104.910142 -4.500000
      vertex -69.200640 105.002050 -4.500000
      vertex -69.350110 105.086724 -4.500000
    endloop
  endfacet
  facet normal -0.000000 -0.000000 1.000000
    outer loop
      vertex -67.913276 103.649890 -4.500000
      vertex -67.997950 103.799360 -4.500000
      vertex -68.089858 103.944498 -4.500000
    endloop
  endfacet
  facet normal 0.000000 0.000000 1.000000
    outer loop
      vertex -69.983995 105.349288 -4.500000
      vertex -70.149561 105.395107 -4.500000
      vertex -70.317179 105.432748 -4.500000
    endloop
  endfacet
  facet normal -0.000000 -0.000000 1.000000
    outer loop
      vertex -70.317179 105.432748 -4.500000
      vertex -70.486442 105.462118 -4.500000
      vertex -70.828246 105.495783 -4.500000
    endloop
  endfacet
  facet normal -0.000000 -0.000000 1.000000
    outer loop
      vertex -68.089858 103.944498 -4.500000
      vertex -68.188776 104.084951 -4.500000
      vertex -68.406671 104.350457 -4.500000
    endloop
  endfacet
  facet normal 0.000000 0.000000 1.000000
    outer loop
      vertex -68.649543 104.593329 -4.500000
      vertex -68.915049 104.811224 -4.500000
      vertex -69.055502 104.910142 -4.500000
    endloop
  endfacet
  facet normal 0.000000 0.000000 1.000000
    outer loop
      vertex -67.685732 103.125002 -4.500000
      vertex -67.766424 103.339398 -4.500000
      vertex -67.913276 103.649890 -4.500000
    endloop
  endfacet
  facet normal 0.000000 0.000000 1.000000
    outer loop
      vertex -70.317179 105.432748 -4.500000
      vertex -70.828246 105.495783 -4.500000
      vertex -71.000000 105.500000 -4.500000
    endloop
  endfacet
  facet normal 0.000000 0.000000 1.000000
    outer loop
      vertex -69.350110 105.086724 -4.500000
      vertex -69.660602 105.233576 -4.500000
      vertex -69.983995 105.349288 -4.500000
    endloop
  endfacet
  facet normal 0.000000 0.000000 1.000000
    outer loop
      vertex -70.317179 105.432748 -4.500000
      vertex -71.000000 105.500000 -4.500000
      vertex -71.122681 105.503012 -4.500000
    endloop
  endfacet
  facet normal 0.000000 0.000000 1.000000
    outer loop
      vertex -68.089858 103.944498 -4.500000
      vertex -68.406671 104.350457 -4.500000
      vertex -68.649543 104.593329 -4.500000
    endloop
  endfacet
  facet normal -0.000000 -0.000000 1.000000
    outer loop
      vertex -68.649543 104.593329 -4.500000
      vertex -69.055502 104.910142 -4.500000
      vertex -69.350110 105.086724 -4.500000
    endloop
  endfacet
  facet normal -0.000000 -0.000000 1.000000
    outer loop
      vertex -67.685732 103.125002 -4.500000
      vertex -67.913276 103.649890 -4.500000
      vertex -68.089858 103.944498 -4.500000
    endloop
  endfacet
  facet normal 0.000000 0.000000 1.000000
    outer loop
      vertex -70.317179 105.432748 -4.500000
      vertex -71.122681 105.503012 -4.500000
      vertex -71.245051 105.512039 -4.500000
    endloop
  endfacet
  facet normal 0.000000 0.000000 1.000000
    outer loop
      vertex -69.350110 105.086724 -4.500000
      vertex -69.983995 105.349288 -4.500000
      vertex -70.317179 105.432748 -4.500000
    endloop
  endfacet
  facet normal -0.000000 -0.000000 1.000000
    outer loop
      vertex -68.089858 103.944498 -4.500000
      vertex -68.649543 104.593329 -4.500000
      vertex -69.350110 105.086724 -4.500000
    endloop
  endfacet
  facet normal 0.000000 0.000000 1.000000
    outer loop
      vertex -69.350110 105.086724 -4.500000
      vertex -70.317179 105.432748 -4.500000
      vertex -71.245051 105.512039 -4.500000
    endloop
  endfacet
  facet normal -0.000000 -0.000000 1.000000
    outer loop
      vertex -68.089858 103.944498 -4.500000
      vertex -69.350110 105.086724 -4.500000
      vertex -71.245051 105.512039 -4.500000
    endloop
  endfacet
  facet normal -0.000000 -0.000000 1.000000
    outer loop
      vertex -68.089858 103.944498 -4.500000
      vertex -71.245051 105.512039 -4.500000
      vertex -71.366827 105.527059 -4.500000
    endloop
  endfacet
  facet normal -0.000000 -0.000000 1.000000
    outer loop
      vertex -68.089858 103.944498 -4.500000
      vertex -71.366827 105.527059 -4.500000
      vertex -71.487729 105.548037 -4.500000
    endloop
  endfacet
  facet normal -0.000000 -0.000000 1.000000
    outer loop
      vertex -68.089858 103.944498 -4.500000
      vertex -71.487729 105.548037 -4.500000
      vertex -71.562510 105.564105 -4.500000
    endloop
  endfacet
  facet normal 0.000000 0.000000 1.000000
    outer loop
      vertex -67.685732 103.125002 -4.500000
      vertex -68.089858 103.944498 -4.500000
      vertex -71.562510 105.564105 -4.500000
    endloop
  endfacet
  facet normal 0.000000 0.000000 1.000000
    outer loop
      vertex -100.000000 103.125000 -4.500000
      vertex -100.000000 98.500000 -4.500000
      vertex -98.000000 98.500000 -4.500000
    endloop
  endfacet
  facet normal 0.000000 0.000000 1.000000
    outer loop
      vertex -98.000000 98.500000 -4.500000
      vertex -95.937500 98.500000 -4.500000
      vertex -95.937500 103.125000 -4.500000
    endloop
  endfacet
  facet normal 0.000000 -0.000000 1.000000
    outer loop
      vertex -98.000000 98.500000 -4.500000
      vertex -95.937500 103.125000 -4.500000
      vertex -100.000000 103.125000 -4.500000
    endloop
  endfacet
  facet normal 0.000000 0.000000 1.000000
    outer loop
      vertex -116.250000 103.125000 -4.500000
      vertex -116.250000 98.500000 -4.500000
      vertex -114.875000 98.500000 -4.500000
    endloop
  endfacet
  facet normal 0.000000 0.000000 1.000000
    outer loop
      vertex -114.875000 98.500000 -4.500000
      vertex -112.187500 98.500000 -4.500000
      vertex -112.187500 103.125000 -4.500000
    endloop
  endfacet
  facet normal 0.000000 -0.000000 1.000000
    outer loop
      vertex -114.875000 98.500000 -4.500000
      vertex -112.187500 103.125000 -4.500000
      vertex -116.250000 103.125000 -4.500000
    endloop
  endfacet
  facet normal 0.000000 0.000000 1.000000
    outer loop
      vertex -121.625000 98.500000 -4.500000
      vertex -120.312500 98.500000 -4.500000
      vertex -120.312500 103.125000 -4.500000
    endloop
  endfacet
  facet normal 0.000000 0.000000 1.000000
    outer loop
      vertex -124.375000 103.125000 -4.500000
      vertex -124.375000 98.500000 -4.500000
      vertex -121.625000 98.500000 -4.500000
    endloop
  endfacet
  facet normal 0.000000 -0.000000 1.000000
    outer loop
      vertex -121.625000 98.500000 -4.500000
      vertex -120.312500 103.125000 -4.500000
      vertex -124.375000 103.125000 -4.500000
    endloop
  endfacet
  facet normal 0.000000 0.000000 1.000000
    outer loop
      vertex -124.375000 103.125000 -4.500000
      vertex -126.500000 103.125000 -4.500000
      vertex -126.500000 100.000000 -4.500000
    endloop
  endfacet
  facet normal 0.000000 -0.000000 1.000000
    outer loop
      vertex -124.375000 98.500000 -4.500000
      vertex -124.375000 103.125000 -4.500000
      vertex -126.500000 100.000000 -4.500000
    endloop
  endfacet
  facet normal -0.000000 -0.000000 1.000000
    outer loop
      vertex -125.833356 98.752796 -4.500000
      vertex -125.750002 98.700963 -4.500000
      vertex -125.663437 98.654693 -4.500000
    endloop
  endfacet
  facet normal -0.000000 -0.000000 1.000000
    outer loop
      vertex -126.345307 99.336563 -4.500000
      vertex -126.299037 99.249998 -4.500000
      vertex -126.247204 99.166644 -4.500000
    endloop
  endfacet
  facet normal 0.000000 0.000000 1.000000
    outer loop
      vertex -125.574028 98.614182 -4.500000
      vertex -125.482159 98.579605 -4.500000
      vertex -125.388234 98.551113 -4.500000
    endloop
  endfacet
  facet normal 0.000000 0.000000 1.000000
    outer loop
      vertex -126.448887 99.611766 -4.500000
      vertex -126.420395 99.517841 -4.500000
      vertex -126.385818 99.425972 -4.500000
    endloop
  endfacet
  facet normal -0.000000 -0.000000 1.000000
    outer loop
      vertex -126.487166 99.804203 -4.500000
      vertex -126.471178 99.707363 -4.500000
      vertex -126.448887 99.611766 -4.500000
    endloop
  endfacet
  facet normal 0.000000 0.000000 1.000000
    outer loop
      vertex -125.388234 98.551113 -4.500000
      vertex -125.292637 98.528822 -4.500000
      vertex -125.195797 98.512834 -4.500000
    endloop
  endfacet
  facet normal 0.000000 0.000000 1.000000
    outer loop
      vertex -126.247204 99.166644 -4.500000
      vertex -126.190030 99.086857 -4.500000
      vertex -126.127760 99.010981 -4.500000
    endloop
  endfacet
  facet normal -0.000000 -0.000000 1.000000
    outer loop
      vertex -125.989019 98.872240 -4.500000
      vertex -125.913143 98.809970 -4.500000
      vertex -125.833356 98.752796 -4.500000
    endloop
  endfacet
  facet normal 0.000000 0.000000 1.000000
    outer loop
      vertex -126.127760 99.010981 -4.500000
      vertex -126.060660 98.939340 -4.500000
      vertex -125.989019 98.872240 -4.500000
    endloop
  endfacet
  facet normal 0.000000 0.000000 1.000000
    outer loop
      vertex -125.195797 98.512834 -4.500000
      vertex -125.098107 98.503212 -4.500000
      vertex -125.000000 98.500000 -4.500000
    endloop
  endfacet
  facet normal 0.000000 0.000000 1.000000
    outer loop
      vertex -126.500000 100.000000 -4.500000
      vertex -126.496788 99.901893 -4.500000
      vertex -126.487166 99.804203 -4.500000
    endloop
  endfacet
  facet normal 0.000000 0.000000 1.000000
    outer loop
      vertex -126.385818 99.425972 -4.500000
      vertex -126.345307 99.336563 -4.500000
      vertex -126.247204 99.166644 -4.500000
    endloop
  endfacet
  facet normal -0.000000 -0.000000 1.000000
    outer loop
      vertex -125.833356 98.752796 -4.500000
      vertex -125.663437 98.654693 -4.500000
      vertex -125.574028 98.614182 -4.500000
    endloop
  endfacet
  facet normal 0.000000 0.000000 1.000000
    outer loop
      vertex -125.574028 98.614182 -4.500000
      vertex -125.388234 98.551113 -4.500000
      vertex -125.195797 98.512834 -4.500000
    endloop
  endfacet
  facet normal -0.000000 -0.000000 1.000000
    outer loop
      vertex -126.487166 99.804203 -4.500000
      vertex -126.448887 99.611766 -4.500000
      vertex -126.385818 99.425972 -4.500000
    endloop
  endfacet
  facet normal 0.000000 0.000000 1.000000
    outer loop
      vertex -126.247204 99.166644 -4.500000
      vertex -126.127760 99.010981 -4.500000
      vertex -125.989019 98.872240 -4.500000
    endloop
  endfacet
  facet normal 0.000000 0.000000 1.000000
    outer loop
      vertex -125.989019 98.872240 -4.500000
      vertex -125.833356 98.752796 -4.500000
      vertex -125.574028 98.614182 -4.500000
    endloop
  endfacet
  facet normal -0.000000 -0.000000 1.000000
    outer loop
      vertex -125.574028 98.614182 -4.500000
      vertex -125.195797 98.512834 -4.500000
      vertex -125.000000 98.500000 -4.500000
    endloop
  endfacet
  facet normal 0.000000 0.000000 1.000000
    outer loop
      vertex -126.500000 100.000000 -4.500000
      vertex -126.487166 99.804203 -4.500000
      vertex -126.385818 99.425972 -4.500000
    endloop
  endfacet
  facet normal 0.000000 0.000000 1.000000
    outer loop
      vertex -124.375000 98.500000 -4.500000
      vertex -126.500000 100.000000 -4.500000
      vertex -126.385818 99.425972 -4.500000
    endloop
  endfacet
  facet normal -0.000000 -0.000000 1.000000
    outer loop
      vertex -126.385818 99.425972 -4.500000
      vertex -126.247204 99.166644 -4.500000
      vertex -125.989019 98.872240 -4.500000
    endloop
  endfacet
  facet normal 0.000000 0.000000 1.000000
    outer loop
      vertex -124.375000 98.500000 -4.500000
      vertex -126.385818 99.425972 -4.500000
      vertex -125.989019 98.872240 -4.500000
    endloop
  endfacet
  facet normal 0.000000 0.000000 1.000000
    outer loop
      vertex -125.989019 98.872240 -4.500000
      vertex -125.574028 98.614182 -4.500000
      vertex -125.000000 98.500000 -4.500000
    endloop
  endfacet
  facet normal 0.000000 0.000000 1.000000
    outer loop
      vertex -125.989019 98.872240 -4.500000
      vertex -125.000000 98.500000 -4.500000
      vertex -124.375000 98.500000 -4.500000
    endloop
  endfacet
  facet normal 0.000000 0.000000 1.000000
    outer loop
      vertex -118.250000 98.500000 -4.500000
      vertex -116.250000 98.500000 -4.500000
      vertex -116.250000 103.125000 -4.500000
    endloop
  endfacet
  facet normal 0.000000 0.000000 1.000000
    outer loop
      vertex -120.312500 103.125000 -4.500000
      vertex -120.312500 98.500000 -4.500000
      vertex -118.250000 98.500000 -4.500000
    endloop
  endfacet
  facet normal 0.000000 -0.000000 1.000000
    outer loop
      vertex -118.250000 98.500000 -4.500000
      vertex -116.250000 103.125000 -4.500000
      vertex -120.312500 103.125000 -4.500000
    endloop
  endfacet
  facet normal 0.000000 0.000000 1.000000
    outer loop
      vertex -108.125000 103.125000 -4.500000
      vertex -108.125000 98.500000 -4.500000
      vertex -104.750000 98.500000 -4.500000
    endloop
  endfacet
  facet normal 0.000000 0.000000 1.000000
    outer loop
      vertex -104.062500 103.125000 -4.500000
      vertex -108.125000 103.125000 -4.500000
      vertex -104.750000 98.500000 -4.500000
    endloop
  endfacet
  facet normal 0.000000 0.000000 1.000000
    outer loop
      vertex -104.750000 98.500000 -4.500000
      vertex -104.062500 98.500000 -4.500000
      vertex -104.062500 103.125000 -4.500000
    endloop
  endfacet
  facet normal 0.000000 0.000000 1.000000
    outer loop
      vertex -111.500000 98.500000 -4.500000
      vertex -108.125000 98.500000 -4.500000
      vertex -108.125000 103.125000 -4.500000
    endloop
  endfacet
  facet normal 0.000000 -0.000000 1.000000
    outer loop
      vertex -111.500000 98.500000 -4.500000
      vertex -108.125000 103.125000 -4.500000
      vertex -112.187500 103.125000 -4.500000
    endloop
  endfacet
  facet normal 0.000000 0.000000 1.000000
    outer loop
      vertex -112.187500 98.500000 -4.500000
      vertex -111.500000 98.500000 -4.500000
      vertex -112.187500 103.125000 -4.500000
    endloop
  endfacet
  facet normal 0.000000 0.000000 1.000000
    outer loop
      vertex -101.375000 98.500000 -4.500000
      vertex -100.000000 98.500000 -4.500000
      vertex -100.000000 103.125000 -4.500000
    endloop
  endfacet
  facet normal 0.000000 0.000000 1.000000
    outer loop
      vertex -104.062500 103.125000 -4.500000
      vertex -104.062500 98.500000 -4.500000
      vertex -101.375000 98.500000 -4.500000
    endloop
  endfacet
  facet normal 0.000000 -0.000000 1.000000
    outer loop
      vertex -101.375000 98.500000 -4.500000
      vertex -100.000000 103.125000 -4.500000
      vertex -104.062500 103.125000 -4.500000
    endloop
  endfacet
  facet normal 0.000000 0.000000 1.000000
    outer loop
      vertex -81.125000 98.500000 -4.500000
      vertex -79.687500 98.500000 -4.500000
      vertex -79.687500 103.125000 -4.500000
    endloop
  endfacet
  facet normal 0.000000 0.000000 1.000000
    outer loop
      vertex -83.750000 103.125000 -4.500000
      vertex -83.750000 98.500000 -4.500000
      vertex -81.125000 98.500000 -4.500000
    endloop
  endfacet
  facet normal 0.000000 -0.000000 1.000000
    outer loop
      vertex -81.125000 98.500000 -4.500000
      vertex -79.687500 103.125000 -4.500000
      vertex -83.750000 103.125000 -4.500000
    endloop
  endfacet
  facet normal 0.000000 -0.000000 1.000000
    outer loop
      vertex -87.812500 98.500000 -4.500000
      vertex -87.812500 103.125000 -4.500000
      vertex -91.875000 103.125000 -4.500000
    endloop
  endfacet
  facet normal 0.000000 0.000000 1.000000
    outer loop
      vertex -91.875000 103.125000 -4.500000
      vertex -91.875000 98.500000 -4.500000
      vertex -91.250000 98.500000 -4.500000
    endloop
  endfacet
  facet normal 0.000000 0.000000 1.000000
    outer loop
      vertex -91.875000 103.125000 -4.500000
      vertex -91.250000 98.500000 -4.500000
      vertex -87.875000 98.500000 -4.500000
    endloop
  endfacet
  facet normal 0.000000 -0.000000 1.000000
    outer loop
      vertex -87.875000 98.500000 -4.500000
      vertex -87.812500 98.500000 -4.500000
      vertex -91.875000 103.125000 -4.500000
    endloop
  endfacet
  facet normal 0.000000 0.000000 1.000000
    outer loop
      vertex -95.937500 103.125000 -4.500000
      vertex -95.937500 98.500000 -4.500000
      vertex -94.625000 98.500000 -4.500000
    endloop
  endfacet
  facet normal 0.000000 0.000000 1.000000
    outer loop
      vertex -94.625000 98.500000 -4.500000
      vertex -91.875000 98.500000 -4.500000
      vertex -91.875000 103.125000 -4.500000
    endloop
  endfacet
  facet normal 0.000000 -0.000000 1.000000
    outer loop
      vertex -94.625000 98.500000 -4.500000
      vertex -91.875000 103.125000 -4.500000
      vertex -95.937500 103.125000 -4.500000
    endloop
  endfacet
  facet normal 0.000000 0.000000 1.000000
    outer loop
      vertex -87.812500 103.125000 -4.500000
      vertex -87.812500 98.500000 -4.500000
      vertex -84.500000 98.500000 -4.500000
    endloop
  endfacet
  facet normal 0.000000 0.000000 1.000000
    outer loop
      vertex -83.750000 103.125000 -4.500000
      vertex -87.812500 103.125000 -4.500000
      vertex -84.500000 98.500000 -4.500000
    endloop
  endfacet
  facet normal 0.000000 0.000000 1.000000
    outer loop
      vertex -84.500000 98.500000 -4.500000
      vertex -83.750000 98.500000 -4.500000
      vertex -83.750000 103.125000 -4.500000
    endloop
  endfacet
  facet normal 0.000000 0.000000 1.000000
    outer loop
      vertex -74.375000 98.500000 -4.500000
      vertex -71.562500 98.500000 -4.500000
      vertex -71.562503 101.173205 -4.500000
    endloop
  endfacet
  facet normal 0.000000 0.000000 1.000000
    outer loop
      vertex -75.625000 98.500000 -4.500000
      vertex -74.375000 98.500000 -4.500000
      vertex -71.562503 101.173205 -4.500000
    endloop
  endfacet
  facet normal 0.000000 0.000000 1.000000
    outer loop
      vertex -75.625000 103.125000 -4.500000
      vertex -75.625000 98.500000 -4.500000
      vertex -71.562503 101.173205 -4.500000
    endloop
  endfacet
  facet normal -0.000000 0.000000 1.000000
    outer loop
      vertex -71.569630 102.821901 -4.500000
      vertex -71.562503 102.826795 -4.500000
      vertex -71.562500 103.125000 -4.500000
    endloop
  endfacet
  facet normal 0.000000 0.000000 1.000000
    outer loop
      vertex -71.609579 102.792725 -4.500000
      vertex -71.569630 102.821901 -4.500000
      vertex -71.562500 103.125000 -4.500000
    endloop
  endfacet
  facet normal 0.000000 0.000000 1.000000
    outer loop
      vertex -71.648036 102.761609 -4.500000
      vertex -71.609579 102.792725 -4.500000
      vertex -71.562500 103.125000 -4.500000
    endloop
  endfacet
  facet normal 0.000000 -0.000000 1.000000
    outer loop
      vertex -71.684908 102.728630 -4.500000
      vertex -71.648036 102.761609 -4.500000
      vertex -71.562500 103.125000 -4.500000
    endloop
  endfacet
  facet normal -0.000000 0.000000 1.000000
    outer loop
      vertex -71.720103 102.693867 -4.500000
      vertex -71.684908 102.728630 -4.500000
      vertex -71.562500 103.125000 -4.500000
    endloop
  endfacet
  facet normal -0.000000 0.000000 1.000000
    outer loop
      vertex -71.753536 102.657407 -4.500000
      vertex -71.720103 102.693867 -4.500000
      vertex -71.562500 103.125000 -4.500000
    endloop
  endfacet
  facet normal 0.000000 -0.000000 1.000000
    outer loop
      vertex -71.785125 102.619337 -4.500000
      vertex -71.753536 102.657407 -4.500000
      vertex -71.562500 103.125000 -4.500000
    endloop
  endfacet
  facet normal 0.000000 0.000000 1.000000
    outer loop
      vertex -71.814793 102.579752 -4.500000
      vertex -71.785125 102.619337 -4.500000
      vertex -71.562500 103.125000 -4.500000
    endloop
  endfacet
  facet normal 0.000000 0.000000 1.000000
    outer loop
      vertex -71.842467 102.538748 -4.500000
      vertex -71.814793 102.579752 -4.500000
      vertex -71.562500 103.125000 -4.500000
    endloop
  endfacet
  facet normal 0.000000 0.000000 1.000000
    outer loop
      vertex -71.868079 102.496427 -4.500000
      vertex -71.842467 102.538748 -4.500000
      vertex -71.562500 103.125000 -4.500000
    endloop
  endfacet
  facet normal -0.000000 0.000000 1.000000
    outer loop
      vertex -71.891566 102.452891 -4.500000
      vertex -71.868079 102.496427 -4.500000
      vertex -71.562500 103.125000 -4.500000
    endloop
  endfacet
  facet normal 0.000000 -0.000000 1.000000
    outer loop
      vertex -71.891566 102.452891 -4.500000
      vertex -71.562500 103.125000 -4.500000
      vertex -75.625000 103.125000 -4.500000
    endloop
  endfacet
  facet normal 0.000000 0.000000 1.000000
    outer loop
      vertex -71.912848 102.408299 -4.500000
      vertex -71.891566 102.452891 -4.500000
      vertex -75.625000 103.125000 -4.500000
    endloop
  endfacet
  facet normal 0.000000 0.000000 1.000000
    outer loop
      vertex -71.931944 102.362602 -4.500000
      vertex -71.912848 102.408299 -4.500000
      vertex -75.625000 103.125000 -4.500000
    endloop
  endfacet
  facet normal -0.000000 -0.000000 1.000000
    outer loop
      vertex -71.948736 102.316070 -4.500000
      vertex -71.931944 102.362602 -4.500000
      vertex -75.625000 103.125000 -4.500000
    endloop
  endfacet
  facet normal 0.000000 0.000000 1.000000
    outer loop
      vertex -71.963206 102.268765 -4.500000
      vertex -71.948736 102.316070 -4.500000
      vertex -75.625000 103.125000 -4.500000
    endloop
  endfacet
  facet normal -0.000000 -0.000000 1.000000
    outer loop
      vertex -71.975319 102.220801 -4.500000
      vertex -71.963206 102.268765 -4.500000
      vertex -75.625000 103.125000 -4.500000
    endloop
  endfacet
  facet normal -0.000000 -0.000000 1.000000
    outer loop
      vertex -71.985045 102.172296 -4.500000
      vertex -71.975319 102.220801 -4.500000
      vertex -75.625000 103.125000 -4.500000
    endloop
  endfacet
  facet normal 0.000000 0.000000 1.000000
    outer loop
      vertex -71.992361 102.123370 -4.500000
      vertex -71.985045 102.172296 -4.500000
      vertex -75.625000 103.125000 -4.500000
    endloop
  endfacet
  facet normal 0.000000 -0.000000 1.000000
    outer loop
      vertex -71.997247 102.074147 -4.500000
      vertex -71.992361 102.123370 -4.500000
      vertex -75.625000 103.125000 -4.500000
    endloop
  endfacet
  facet normal 0.000000 -0.000000 1.000000
    outer loop
      vertex -71.999694 102.024737 -4.500000
      vertex -71.997247 102.074147 -4.500000
      vertex -75.625000 103.125000 -4.500000
    endloop
  endfacet
  facet normal -0.000000 -0.000000 1.000000
    outer loop
      vertex -71.999694 101.975263 -4.500000
      vertex -71.999694 102.024737 -4.500000
      vertex -75.625000 103.125000 -4.500000
    endloop
  endfacet
  facet normal 0.000000 0.000000 1.000000
    outer loop
      vertex -71.997247 101.925853 -4.500000
      vertex -71.999694 101.975263 -4.500000
      vertex -75.625000 103.125000 -4.500000
    endloop
  endfacet
  facet normal 0.000000 0.000000 1.000000
    outer loop
      vertex -71.992361 101.876630 -4.500000
      vertex -71.997247 101.925853 -4.500000
      vertex -75.625000 103.125000 -4.500000
    endloop
  endfacet
  facet normal 0.000000 0.000000 1.000000
    outer loop
      vertex -71.985045 101.827704 -4.500000
      vertex -71.992361 101.876630 -4.500000
      vertex -75.625000 103.125000 -4.500000
    endloop
  endfacet
  facet normal 0.000000 0.000000 1.000000
    outer loop
      vertex -71.975319 101.779199 -4.500000
      vertex -71.985045 101.827704 -4.500000
      vertex -75.625000 103.125000 -4.500000
    endloop
  endfacet
  facet normal 0.000000 0.000000 1.000000
    outer loop
      vertex -71.963206 101.731235 -4.500000
      vertex -71.975319 101.779199 -4.500000
      vertex -75.625000 103.125000 -4.500000
    endloop
  endfacet
  facet normal -0.000000 -0.000000 1.000000
    outer loop
      vertex -71.948736 101.683930 -4.500000
      vertex -71.963206 101.731235 -4.500000
      vertex -75.625000 103.125000 -4.500000
    endloop
  endfacet
  facet normal 0.000000 0.000000 1.000000
    outer loop
      vertex -71.931944 101.637398 -4.500000
      vertex -71.948736 101.683930 -4.500000
      vertex -75.625000 103.125000 -4.500000
    endloop
  endfacet
  facet normal 0.000000 0.000000 1.000000
    outer loop
      vertex -71.912848 101.591701 -4.500000
      vertex -71.931944 101.637398 -4.500000
      vertex -75.625000 103.125000 -4.500000
    endloop
  endfacet
  facet normal 0.000000 0.000000 1.000000
    outer loop
      vertex -71.891566 101.547109 -4.500000
      vertex -71.912848 101.591701 -4.500000
      vertex -75.625000 103.125000 -4.500000
    endloop
  endfacet
  facet normal -0.000000 -0.000000 1.000000
    outer loop
      vertex -71.868079 101.503573 -4.500000
      vertex -71.891566 101.547109 -4.500000
      vertex -75.625000 103.125000 -4.500000
    endloop
  endfacet
  facet normal 0.000000 0.000000 1.000000
    outer loop
      vertex -71.842467 101.461252 -4.500000
      vertex -71.868079 101.503573 -4.500000
      vertex -75.625000 103.125000 -4.500000
    endloop
  endfacet
  facet normal 0.000000 0.000000 1.000000
    outer loop
      vertex -71.814793 101.420248 -4.500000
      vertex -71.842467 101.461252 -4.500000
      vertex -75.625000 103.125000 -4.500000
    endloop
  endfacet
  facet normal 0.000000 0.000000 1.000000
    outer loop
      vertex -71.785125 101.380663 -4.500000
      vertex -71.814793 101.420248 -4.500000
      vertex -75.625000 103.125000 -4.500000
    endloop
  endfacet
  facet normal 0.000000 0.000000 1.000000
    outer loop
      vertex -71.753536 101.342593 -4.500000
      vertex -71.785125 101.380663 -4.500000
      vertex -75.625000 103.125000 -4.500000
    endloop
  endfacet
  facet normal 0.000000 0.000000 1.000000
    outer loop
      vertex -71.720103 101.306133 -4.500000
      vertex -71.753536 101.342593 -4.500000
      vertex -75.625000 103.125000 -4.500000
    endloop
  endfacet
  facet normal 0.000000 0.000000 1.000000
    outer loop
      vertex -71.684908 101.271370 -4.500000
      vertex -71.720103 101.306133 -4.500000
      vertex -75.625000 103.125000 -4.500000
    endloop
  endfacet
  facet normal 0.000000 0.000000 1.000000
    outer loop
      vertex -71.648036 101.238391 -4.500000
      vertex -71.684908 101.271370 -4.500000
      vertex -75.625000 103.125000 -4.500000
    endloop
  endfacet
  facet normal 0.000000 0.000000 1.000000
    outer loop
      vertex -71.609579 101.207275 -4.500000
      vertex -71.648036 101.238391 -4.500000
      vertex -75.625000 103.125000 -4.500000
    endloop
  endfacet
  facet normal 0.000000 0.000000 1.000000
    outer loop
      vertex -71.569630 101.178099 -4.500000
      vertex -71.609579 101.207275 -4.500000
      vertex -75.625000 103.125000 -4.500000
    endloop
  endfacet
  facet normal 0.000000 0.000000 1.000000
    outer loop
      vertex -71.562503 101.173205 -4.500000
      vertex -71.569630 101.178099 -4.500000
      vertex -75.625000 103.125000 -4.500000
    endloop
  endfacet
  facet normal 0.000000 0.000000 1.000000
    outer loop
      vertex -79.687500 103.125000 -4.500000
      vertex -79.687500 98.500000 -4.500000
      vertex -77.750000 98.500000 -4.500000
    endloop
  endfacet
  facet normal 0.000000 0.000000 1.000000
    outer loop
      vertex -77.750000 98.500000 -4.500000
      vertex -75.625000 98.500000 -4.500000
      vertex -75.625000 103.125000 -4.500000
    endloop
  endfacet
  facet normal 0.000000 -0.000000 1.000000
    outer loop
      vertex -77.750000 98.500000 -4.500000
      vertex -75.625000 103.125000 -4.500000
      vertex -79.687500 103.125000 -4.500000
    endloop
  endfacet
  facet normal 0.000000 0.000000 1.000000
    outer loop
      vertex -71.562503 101.173205 -4.500000
      vertex -71.562500 98.500000 -4.500000
      vertex -71.000000 98.500000 -4.500000
    endloop
  endfacet
  facet normal 0.000000 0.000000 1.000000
    outer loop
      vertex -67.604893 102.850439 -4.500000
      vertex -67.650712 103.016005 -4.500000
      vertex -67.685732 103.125002 -4.500000
    endloop
  endfacet
  facet normal 0.000000 0.000000 1.000000
    outer loop
      vertex -71.562500 103.125000 -4.500000
      vertex -71.562503 102.826795 -4.500000
      vertex -71.528288 102.849066 -4.500000
    endloop
  endfacet
  facet normal -0.000000 -0.000000 1.000000
    outer loop
      vertex -71.562500 103.125000 -4.500000
      vertex -71.528288 102.849066 -4.500000
      vertex -71.485653 102.874152 -4.500000
    endloop
  endfacet
  facet normal 0.000000 0.000000 1.000000
    outer loop
      vertex -71.562500 103.125000 -4.500000
      vertex -71.485653 102.874152 -4.500000
      vertex -71.441829 102.897099 -4.500000
    endloop
  endfacet
  facet normal 0.000000 0.000000 1.000000
    outer loop
      vertex -71.562500 103.125000 -4.500000
      vertex -71.441829 102.897099 -4.500000
      vertex -71.396853 102.917882 -4.500000
    endloop
  endfacet
  facet normal -0.000000 -0.000000 1.000000
    outer loop
      vertex -71.562500 103.125000 -4.500000
      vertex -71.396853 102.917882 -4.500000
      vertex -71.351048 102.936358 -4.500000
    endloop
  endfacet
  facet normal 0.000000 0.000000 1.000000
    outer loop
      vertex -71.562500 103.125000 -4.500000
      vertex -71.351048 102.936358 -4.500000
      vertex -71.304296 102.952578 -4.500000
    endloop
  endfacet
  facet normal 0.000000 -0.000000 1.000000
    outer loop
      vertex -67.537882 101.486442 -4.500000
      vertex -67.516855 101.656928 -4.500000
      vertex -67.504217 101.828246 -4.500000
    endloop
  endfacet
  facet normal -0.000000 -0.000000 1.000000
    outer loop
      vertex -67.504217 102.171754 -4.500000
      vertex -67.516855 102.343072 -4.500000
      vertex -67.537882 102.513558 -4.500000
    endloop
  endfacet
  facet normal -0.000000 0.000000 1.000000
    outer loop
      vertex -70.828246 98.504217 -4.500000
      vertex -70.656928 98.516855 -4.500000
      vertex -70.486442 98.537882 -4.500000
    endloop
  endfacet
  facet normal 0.000000 0.000000 1.000000
    outer loop
      vertex -69.660602 98.766424 -4.500000
      vertex -69.503553 98.836039 -4.500000
      vertex -69.350110 98.913276 -4.500000
    endloop
  endfacet
  facet normal 0.000000 0.000000 1.000000
    outer loop
      vertex -67.913276 100.350110 -4.500000
      vertex -67.836039 100.503553 -4.500000
      vertex -67.766424 100.660602 -4.500000
    endloop
  endfacet
  facet normal -0.000000 0.000000 1.000000
    outer loop
      vertex -68.915049 99.188776 -4.500000
      vertex -68.779621 99.294465 -4.500000
      vertex -68.649543 99.406671 -4.500000
    endloop
  endfacet
  facet normal 0.000000 -0.000000 1.000000
    outer loop
      vertex -68.406671 99.649543 -4.500000
      vertex -68.294465 99.779621 -4.500000
      vertex -68.188776 99.915049 -4.500000
    endloop
  endfacet
  facet normal 0.000000 0.000000 1.000000
    outer loop
      vertex -69.983995 98.650712 -4.500000
      vertex -69.820877 98.704599 -4.500000
      vertex -69.660602 98.766424 -4.500000
    endloop
  endfacet
  facet normal 0.000000 0.000000 1.000000
    outer loop
      vertex -67.766424 100.660602 -4.500000
      vertex -67.704599 100.820877 -4.500000
      vertex -67.650712 100.983995 -4.500000
    endloop
  endfacet
  facet normal 0.000000 -0.000000 1.000000
    outer loop
      vertex -68.649543 99.406671 -4.500000
      vertex -68.525126 99.525126 -4.500000
      vertex -68.406671 99.649543 -4.500000
    endloop
  endfacet
  facet normal -0.000000 0.000000 1.000000
    outer loop
      vertex -69.350110 98.913276 -4.500000
      vertex -69.200640 98.997950 -4.500000
      vertex -69.055502 99.089858 -4.500000
    endloop
  endfacet
  facet normal 0.000000 -0.000000 1.000000
    outer loop
      vertex -68.089858 100.055502 -4.500000
      vertex -67.997950 100.200640 -4.500000
      vertex -67.913276 100.350110 -4.500000
    endloop
  endfacet
  facet normal 0.000000 -0.000000 1.000000
    outer loop
      vertex -67.650712 100.983995 -4.500000
      vertex -67.604893 101.149561 -4.500000
      vertex -67.567252 101.317179 -4.500000
    endloop
  endfacet
  facet normal -0.000000 0.000000 1.000000
    outer loop
      vertex -70.317179 98.567252 -4.500000
      vertex -70.149561 98.604893 -4.500000
      vertex -69.983995 98.650712 -4.500000
    endloop
  endfacet
  facet normal 0.000000 0.000000 1.000000
    outer loop
      vertex -67.537882 102.513558 -4.500000
      vertex -67.567252 102.682821 -4.500000
      vertex -67.604893 102.850439 -4.500000
    endloop
  endfacet
  facet normal 0.000000 0.000000 1.000000
    outer loop
      vertex -67.504217 101.828246 -4.500000
      vertex -67.500000 102.000000 -4.500000
      vertex -67.504217 102.171754 -4.500000
    endloop
  endfacet
  facet normal -0.000000 -0.000000 1.000000
    outer loop
      vertex -71.562500 103.125000 -4.500000
      vertex -71.304296 102.952578 -4.500000
      vertex -71.256831 102.966456 -4.500000
    endloop
  endfacet
  facet normal -0.000000 -0.000000 1.000000
    outer loop
      vertex -71.562500 103.125000 -4.500000
      vertex -71.256831 102.966456 -4.500000
      vertex -71.208721 102.977975 -4.500000
    endloop
  endfacet
  facet normal 0.000000 0.000000 1.000000
    outer loop
      vertex -71.562500 103.125000 -4.500000
      vertex -71.208721 102.977975 -4.500000
      vertex -71.160099 102.987101 -4.500000
    endloop
  endfacet
  facet normal -0.000000 -0.000000 1.000000
    outer loop
      vertex -71.562500 103.125000 -4.500000
      vertex -71.160099 102.987101 -4.500000
      vertex -71.111088 102.993811 -4.500000
    endloop
  endfacet
  facet normal -0.000000 0.000000 1.000000
    outer loop
      vertex -70.828246 98.504217 -4.500000
      vertex -70.486442 98.537882 -4.500000
      vertex -70.317179 98.567252 -4.500000
    endloop
  endfacet
  facet normal -0.000000 0.000000 1.000000
    outer loop
      vertex -67.567252 101.317179 -4.500000
      vertex -67.537882 101.486442 -4.500000
      vertex -67.504217 101.828246 -4.500000
    endloop
  endfacet
  facet normal 0.000000 -0.000000 1.000000
    outer loop
      vertex -68.406671 99.649543 -4.500000
      vertex -68.188776 99.915049 -4.500000
      vertex -68.089858 100.055502 -4.500000
    endloop
  endfacet
  facet normal -0.000000 0.000000 1.000000
    outer loop
      vertex -69.055502 99.089858 -4.500000
      vertex -68.915049 99.188776 -4.500000
      vertex -68.649543 99.406671 -4.500000
    endloop
  endfacet
  facet normal 0.000000 0.000000 1.000000
    outer loop
      vertex -71.562500 103.125000 -4.500000
      vertex -71.111088 102.993811 -4.500000
      vertex -71.061809 102.998088 -4.500000
    endloop
  endfacet
  facet normal 0.000000 0.000000 1.000000
    outer loop
      vertex -71.562500 103.125000 -4.500000
      vertex -71.061809 102.998088 -4.500000
      vertex -71.012370 102.999923 -4.500000
    endloop
  endfacet
  facet normal 0.000000 0.000000 1.000000
    outer loop
      vertex -71.562500 103.125000 -4.500000
      vertex -71.012370 102.999923 -4.500000
      vertex -70.962899 102.999312 -4.500000
    endloop
  endfacet
  facet normal 0.000000 0.000000 1.000000
    outer loop
      vertex -67.537882 102.513558 -4.500000
      vertex -67.604893 102.850439 -4.500000
      vertex -67.685732 103.125002 -4.500000
    endloop
  endfacet
  facet normal 0.000000 0.000000 1.000000
    outer loop
      vertex -71.562500 103.125000 -4.500000
      vertex -70.962899 102.999312 -4.500000
      vertex -70.913525 102.996254 -4.500000
    endloop
  endfacet
  facet normal -0.000000 0.000000 1.000000
    outer loop
      vertex -71.000000 98.500000 -4.500000
      vertex -70.828246 98.504217 -4.500000
      vertex -70.317179 98.567252 -4.500000
    endloop
  endfacet
  facet normal 0.000000 0.000000 1.000000
    outer loop
      vertex -71.562503 101.173205 -4.500000
      vertex -71.000000 98.500000 -4.500000
      vertex -70.317179 98.567252 -4.500000
    endloop
  endfacet
  facet normal 0.000000 0.000000 1.000000
    outer loop
      vertex -69.983995 98.650712 -4.500000
      vertex -69.660602 98.766424 -4.500000
      vertex -69.350110 98.913276 -4.500000
    endloop
  endfacet
  facet normal 0.000000 0.000000 1.000000
    outer loop
      vertex -67.913276 100.350110 -4.500000
      vertex -67.766424 100.660602 -4.500000
      vertex -67.650712 100.983995 -4.500000
    endloop
  endfacet
  facet normal 0.000000 -0.000000 1.000000
    outer loop
      vertex -67.504217 101.828246 -4.500000
      vertex -67.504217 102.171754 -4.500000
      vertex -67.537882 102.513558 -4.500000
    endloop
  endfacet
  facet normal -0.000000 -0.000000 1.000000
    outer loop
      vertex -71.562500 103.125000 -4.500000
      vertex -70.913525 102.996254 -4.500000
      vertex -70.864305 102.990751 -4.500000
    endloop
  endfacet
  facet normal 0.000000 0.000000 1.000000
    outer loop
      vertex -71.562500 103.125000 -4.500000
      vertex -70.864305 102.990751 -4.500000
      vertex -70.815533 102.982839 -4.500000
    endloop
  endfacet
  facet normal 0.000000 0.000000 1.000000
    outer loop
      vertex -67.650712 100.983995 -4.500000
      vertex -67.567252 101.317179 -4.500000
      vertex -67.504217 101.828246 -4.500000
    endloop
  endfacet
  facet normal 0.000000 -0.000000 1.000000
    outer loop
      vertex -68.649543 99.406671 -4.500000
      vertex -68.406671 99.649543 -4.500000
      vertex -68.089858 100.055502 -4.500000
    endloop
  endfacet
  facet normal 0.000000 -0.000000 1.000000
    outer loop
      vertex -69.350110 98.913276 -4.500000
      vertex -69.055502 99.089858 -4.500000
      vertex -68.649543 99.406671 -4.500000
    endloop
  endfacet
  facet normal 0.000000 -0.000000 1.000000
    outer loop
      vertex -68.089858 100.055502 -4.500000
      vertex -67.913276 100.350110 -4.500000
      vertex -67.650712 100.983995 -4.500000
    endloop
  endfacet
  facet normal -0.000000 0.000000 1.000000
    outer loop
      vertex -70.317179 98.567252 -4.500000
      vertex -69.983995 98.650712 -4.500000
      vertex -69.350110 98.913276 -4.500000
    endloop
  endfacet
  facet normal -0.000000 -0.000000 1.000000
    outer loop
      vertex -71.562503 101.173205 -4.500000
      vertex -70.317179 98.567252 -4.500000
      vertex -69.350110 98.913276 -4.500000
    endloop
  endfacet
  facet normal -0.000000 -0.000000 1.000000
    outer loop
      vertex -67.504217 101.828246 -4.500000
      vertex -67.537882 102.513558 -4.500000
      vertex -67.685732 103.125002 -4.500000
    endloop
  endfacet
  facet normal 0.000000 -0.000000 1.000000
    outer loop
      vertex -69.350110 98.913276 -4.500000
      vertex -68.649543 99.406671 -4.500000
      vertex -68.089858 100.055502 -4.500000
    endloop
  endfacet
  facet normal 0.000000 -0.000000 1.000000
    outer loop
      vertex -68.089858 100.055502 -4.500000
      vertex -67.650712 100.983995 -4.500000
      vertex -67.504217 101.828246 -4.500000
    endloop
  endfacet
  facet normal 0.000000 0.000000 1.000000
    outer loop
      vertex -68.089858 100.055502 -4.500000
      vertex -67.504217 101.828246 -4.500000
      vertex -67.685732 103.125002 -4.500000
    endloop
  endfacet
  facet normal -0.000000 0.000000 1.000000
    outer loop
      vertex -69.350110 98.913276 -4.500000
      vertex -68.089858 100.055502 -4.500000
      vertex -67.685732 103.125002 -4.500000
    endloop
  endfacet
  facet normal 0.000000 0.000000 1.000000
    outer loop
      vertex -71.528288 101.150934 -4.500000
      vertex -71.562503 101.173205 -4.500000
      vertex -69.350110 98.913276 -4.500000
    endloop
  endfacet
  facet normal 0.000000 0.000000 1.000000
    outer loop
      vertex -71.485653 101.125848 -4.500000
      vertex -71.528288 101.150934 -4.500000
      vertex -69.350110 98.913276 -4.500000
    endloop
  endfacet
  facet normal 0.000000 0.000000 1.000000
    outer loop
      vertex -71.441829 101.102901 -4.500000
      vertex -71.485653 101.125848 -4.500000
      vertex -69.350110 98.913276 -4.500000
    endloop
  endfacet
  facet normal 0.000000 0.000000 1.000000
    outer loop
      vertex -71.396853 101.082118 -4.500000
      vertex -71.441829 101.102901 -4.500000
      vertex -69.350110 98.913276 -4.500000
    endloop
  endfacet
  facet normal 0.000000 0.000000 1.000000
    outer loop
      vertex -71.351048 101.063642 -4.500000
      vertex -71.396853 101.082118 -4.500000
      vertex -69.350110 98.913276 -4.500000
    endloop
  endfacet
  facet normal 0.000000 0.000000 1.000000
    outer loop
      vertex -71.304296 101.047422 -4.500000
      vertex -71.351048 101.063642 -4.500000
      vertex -69.350110 98.913276 -4.500000
    endloop
  endfacet
  facet normal 0.000000 0.000000 1.000000
    outer loop
      vertex -71.256831 101.033544 -4.500000
      vertex -71.304296 101.047422 -4.500000
      vertex -69.350110 98.913276 -4.500000
    endloop
  endfacet
  facet normal -0.000000 -0.000000 1.000000
    outer loop
      vertex -71.208721 101.022025 -4.500000
      vertex -71.256831 101.033544 -4.500000
      vertex -69.350110 98.913276 -4.500000
    endloop
  endfacet
  facet normal 0.000000 0.000000 1.000000
    outer loop
      vertex -71.160099 101.012899 -4.500000
      vertex -71.208721 101.022025 -4.500000
      vertex -69.350110 98.913276 -4.500000
    endloop
  endfacet
  facet normal 0.000000 0.000000 1.000000
    outer loop
      vertex -71.111088 101.006189 -4.500000
      vertex -71.160099 101.012899 -4.500000
      vertex -69.350110 98.913276 -4.500000
    endloop
  endfacet
  facet normal 0.000000 0.000000 1.000000
    outer loop
      vertex -71.061809 101.001912 -4.500000
      vertex -71.111088 101.006189 -4.500000
      vertex -69.350110 98.913276 -4.500000
    endloop
  endfacet
  facet normal 0.000000 0.000000 1.000000
    outer loop
      vertex -71.012370 101.000077 -4.500000
      vertex -71.061809 101.001912 -4.500000
      vertex -69.350110 98.913276 -4.500000
    endloop
  endfacet
  facet normal 0.000000 0.000000 1.000000
    outer loop
      vertex -70.962899 101.000688 -4.500000
      vertex -71.012370 101.000077 -4.500000
      vertex -69.350110 98.913276 -4.500000
    endloop
  endfacet
  facet normal 0.000000 0.000000 1.000000
    outer loop
      vertex -70.913525 101.003746 -4.500000
      vertex -70.962899 101.000688 -4.500000
      vertex -69.350110 98.913276 -4.500000
    endloop
  endfacet
  facet normal 0.000000 0.000000 1.000000
    outer loop
      vertex -70.864305 101.009249 -4.500000
      vertex -70.913525 101.003746 -4.500000
      vertex -69.350110 98.913276 -4.500000
    endloop
  endfacet
  facet normal 0.000000 0.000000 1.000000
    outer loop
      vertex -70.815533 101.017161 -4.500000
      vertex -70.864305 101.009249 -4.500000
      vertex -69.350110 98.913276 -4.500000
    endloop
  endfacet
  facet normal -0.000000 -0.000000 1.000000
    outer loop
      vertex -70.767152 101.027487 -4.500000
      vertex -70.815533 101.017161 -4.500000
      vertex -69.350110 98.913276 -4.500000
    endloop
  endfacet
  facet normal 0.000000 0.000000 1.000000
    outer loop
      vertex -70.719342 101.040192 -4.500000
      vertex -70.767152 101.027487 -4.500000
      vertex -69.350110 98.913276 -4.500000
    endloop
  endfacet
  facet normal -0.000000 -0.000000 1.000000
    outer loop
      vertex -70.672220 101.055246 -4.500000
      vertex -70.719342 101.040192 -4.500000
      vertex -69.350110 98.913276 -4.500000
    endloop
  endfacet
  facet normal 0.000000 0.000000 1.000000
    outer loop
      vertex -70.625900 101.072612 -4.500000
      vertex -70.672220 101.055246 -4.500000
      vertex -69.350110 98.913276 -4.500000
    endloop
  endfacet
  facet normal 0.000000 0.000000 1.000000
    outer loop
      vertex -70.580495 101.092247 -4.500000
      vertex -70.625900 101.072612 -4.500000
      vertex -69.350110 98.913276 -4.500000
    endloop
  endfacet
  facet normal -0.000000 -0.000000 1.000000
    outer loop
      vertex -70.536117 101.114103 -4.500000
      vertex -70.580495 101.092247 -4.500000
      vertex -69.350110 98.913276 -4.500000
    endloop
  endfacet
  facet normal 0.000000 0.000000 1.000000
    outer loop
      vertex -70.492875 101.138128 -4.500000
      vertex -70.536117 101.114103 -4.500000
      vertex -69.350110 98.913276 -4.500000
    endloop
  endfacet
  facet normal 0.000000 0.000000 1.000000
    outer loop
      vertex -70.450873 101.164261 -4.500000
      vertex -70.492875 101.138128 -4.500000
      vertex -69.350110 98.913276 -4.500000
    endloop
  endfacet
  facet normal 0.000000 0.000000 1.000000
    outer loop
      vertex -70.410215 101.192440 -4.500000
      vertex -70.450873 101.164261 -4.500000
      vertex -69.350110 98.913276 -4.500000
    endloop
  endfacet
  facet normal -0.000000 0.000000 1.000000
    outer loop
      vertex -70.410215 101.192440 -4.500000
      vertex -69.350110 98.913276 -4.500000
      vertex -67.685732 103.125002 -4.500000
    endloop
  endfacet
  facet normal 0.000000 -0.000000 1.000000
    outer loop
      vertex -70.371000 101.222595 -4.500000
      vertex -70.410215 101.192440 -4.500000
      vertex -67.685732 103.125002 -4.500000
    endloop
  endfacet
  facet normal -0.000000 0.000000 1.000000
    outer loop
      vertex -70.333324 101.254652 -4.500000
      vertex -70.371000 101.222595 -4.500000
      vertex -67.685732 103.125002 -4.500000
    endloop
  endfacet
  facet normal -0.000000 0.000000 1.000000
    outer loop
      vertex -70.297280 101.288534 -4.500000
      vertex -70.333324 101.254652 -4.500000
      vertex -67.685732 103.125002 -4.500000
    endloop
  endfacet
  facet normal -0.000000 0.000000 1.000000
    outer loop
      vertex -70.262955 101.324156 -4.500000
      vertex -70.297280 101.288534 -4.500000
      vertex -67.685732 103.125002 -4.500000
    endloop
  endfacet
  facet normal -0.000000 0.000000 1.000000
    outer loop
      vertex -70.230434 101.361433 -4.500000
      vertex -70.262955 101.324156 -4.500000
      vertex -67.685732 103.125002 -4.500000
    endloop
  endfacet
  facet normal -0.000000 0.000000 1.000000
    outer loop
      vertex -70.199851 101.400199 -4.500000
      vertex -70.230434 101.361433 -4.500000
      vertex -67.685732 103.125002 -4.500000
    endloop
  endfacet
  facet normal -0.000000 0.000000 1.000000
    outer loop
      vertex -70.171116 101.440579 -4.500000
      vertex -70.199851 101.400199 -4.500000
      vertex -67.685732 103.125002 -4.500000
    endloop
  endfacet
  facet normal -0.000000 0.000000 1.000000
    outer loop
      vertex -70.144466 101.482254 -4.500000
      vertex -70.171116 101.440579 -4.500000
      vertex -67.685732 103.125002 -4.500000
    endloop
  endfacet
  facet normal -0.000000 0.000000 1.000000
    outer loop
      vertex -70.119908 101.525196 -4.500000
      vertex -70.144466 101.482254 -4.500000
      vertex -67.685732 103.125002 -4.500000
    endloop
  endfacet
  facet normal -0.000000 0.000000 1.000000
    outer loop
      vertex -70.097505 101.569300 -4.500000
      vertex -70.119908 101.525196 -4.500000
      vertex -67.685732 103.125002 -4.500000
    endloop
  endfacet
  facet normal -0.000000 0.000000 1.000000
    outer loop
      vertex -70.077310 101.614458 -4.500000
      vertex -70.097505 101.569300 -4.500000
      vertex -67.685732 103.125002 -4.500000
    endloop
  endfacet
  facet normal -0.000000 0.000000 1.000000
    outer loop
      vertex -70.059372 101.660560 -4.500000
      vertex -70.077310 101.614458 -4.500000
      vertex -67.685732 103.125002 -4.500000
    endloop
  endfacet
  facet normal -0.000000 0.000000 1.000000
    outer loop
      vertex -70.043737 101.707493 -4.500000
      vertex -70.059372 101.660560 -4.500000
      vertex -67.685732 103.125002 -4.500000
    endloop
  endfacet
  facet normal -0.000000 0.000000 1.000000
    outer loop
      vertex -70.030441 101.755142 -4.500000
      vertex -70.043737 101.707493 -4.500000
      vertex -67.685732 103.125002 -4.500000
    endloop
  endfacet
  facet normal -0.000000 0.000000 1.000000
    outer loop
      vertex -70.019518 101.803391 -4.500000
      vertex -70.030441 101.755142 -4.500000
      vertex -67.685732 103.125002 -4.500000
    endloop
  endfacet
  facet normal -0.000000 0.000000 1.000000
    outer loop
      vertex -70.010994 101.852122 -4.500000
      vertex -70.019518 101.803391 -4.500000
      vertex -67.685732 103.125002 -4.500000
    endloop
  endfacet
  facet normal -0.000000 0.000000 1.000000
    outer loop
      vertex -70.004892 101.901211 -4.500000
      vertex -70.010994 101.852122 -4.500000
      vertex -67.685732 103.125002 -4.500000
    endloop
  endfacet
  facet normal -0.000000 0.000000 1.000000
    outer loop
      vertex -70.001224 101.950541 -4.500000
      vertex -70.004892 101.901211 -4.500000
      vertex -67.685732 103.125002 -4.500000
    endloop
  endfacet
  facet normal -0.000000 0.000000 1.000000
    outer loop
      vertex -70.000000 102.000000 -4.500000
      vertex -70.001224 101.950541 -4.500000
      vertex -67.685732 103.125002 -4.500000
    endloop
  endfacet
  facet normal -0.000000 0.000000 1.000000
    outer loop
      vertex -70.001224 102.049459 -4.500000
      vertex -70.000000 102.000000 -4.500000
      vertex -67.685732 103.125002 -4.500000
    endloop
  endfacet
  facet normal -0.000000 0.000000 1.000000
    outer loop
      vertex -70.004892 102.098789 -4.500000
      vertex -70.001224 102.049459 -4.500000
      vertex -67.685732 103.125002 -4.500000
    endloop
  endfacet
  facet normal 0.000000 -0.000000 1.000000
    outer loop
      vertex -70.010994 102.147878 -4.500000
      vertex -70.004892 102.098789 -4.500000
      vertex -67.685732 103.125002 -4.500000
    endloop
  endfacet
  facet normal 0.000000 -0.000000 1.000000
    outer loop
      vertex -70.019518 102.196609 -4.500000
      vertex -70.010994 102.147878 -4.500000
      vertex -67.685732 103.125002 -4.500000
    endloop
  endfacet
  facet normal -0.000000 0.000000 1.000000
    outer loop
      vertex -70.030441 102.244858 -4.500000
      vertex -70.019518 102.196609 -4.500000
      vertex -67.685732 103.125002 -4.500000
    endloop
  endfacet
  facet normal 0.000000 -0.000000 1.000000
    outer loop
      vertex -70.043737 102.292507 -4.500000
      vertex -70.030441 102.244858 -4.500000
      vertex -67.685732 103.125002 -4.500000
    endloop
  endfacet
  facet normal -0.000000 0.000000 1.000000
    outer loop
      vertex -70.059372 102.339440 -4.500000
      vertex -70.043737 102.292507 -4.500000
      vertex -67.685732 103.125002 -4.500000
    endloop
  endfacet
  facet normal -0.000000 0.000000 1.000000
    outer loop
      vertex -70.077310 102.385542 -4.500000
      vertex -70.059372 102.339440 -4.500000
      vertex -67.685732 103.125002 -4.500000
    endloop
  endfacet
  facet normal -0.000000 0.000000 1.000000
    outer loop
      vertex -70.097505 102.430700 -4.500000
      vertex -70.077310 102.385542 -4.500000
      vertex -67.685732 103.125002 -4.500000
    endloop
  endfacet
  facet normal -0.000000 0.000000 1.000000
    outer loop
      vertex -70.119908 102.474804 -4.500000
      vertex -70.097505 102.430700 -4.500000
      vertex -67.685732 103.125002 -4.500000
    endloop
  endfacet
  facet normal -0.000000 0.000000 1.000000
    outer loop
      vertex -70.144466 102.517746 -4.500000
      vertex -70.119908 102.474804 -4.500000
      vertex -67.685732 103.125002 -4.500000
    endloop
  endfacet
  facet normal -0.000000 0.000000 1.000000
    outer loop
      vertex -70.171116 102.559421 -4.500000
      vertex -70.144466 102.517746 -4.500000
      vertex -67.685732 103.125002 -4.500000
    endloop
  endfacet
  facet normal -0.000000 0.000000 1.000000
    outer loop
      vertex -70.199851 102.599801 -4.500000
      vertex -70.171116 102.559421 -4.500000
      vertex -67.685732 103.125002 -4.500000
    endloop
  endfacet
  facet normal -0.000000 0.000000 1.000000
    outer loop
      vertex -70.230434 102.638567 -4.500000
      vertex -70.199851 102.599801 -4.500000
      vertex -67.685732 103.125002 -4.500000
    endloop
  endfacet
  facet normal -0.000000 0.000000 1.000000
    outer loop
      vertex -70.262955 102.675844 -4.500000
      vertex -70.230434 102.638567 -4.500000
      vertex -67.685732 103.125002 -4.500000
    endloop
  endfacet
  facet normal 0.000000 -0.000000 1.000000
    outer loop
      vertex -70.297280 102.711466 -4.500000
      vertex -70.262955 102.675844 -4.500000
      vertex -67.685732 103.125002 -4.500000
    endloop
  endfacet
  facet normal 0.000000 -0.000000 1.000000
    outer loop
      vertex -70.333324 102.745348 -4.500000
      vertex -70.297280 102.711466 -4.500000
      vertex -67.685732 103.125002 -4.500000
    endloop
  endfacet
  facet normal -0.000000 0.000000 1.000000
    outer loop
      vertex -70.371000 102.777405 -4.500000
      vertex -70.333324 102.745348 -4.500000
      vertex -67.685732 103.125002 -4.500000
    endloop
  endfacet
  facet normal -0.000000 0.000000 1.000000
    outer loop
      vertex -70.410215 102.807560 -4.500000
      vertex -70.371000 102.777405 -4.500000
      vertex -67.685732 103.125002 -4.500000
    endloop
  endfacet
  facet normal -0.000000 0.000000 1.000000
    outer loop
      vertex -70.450873 102.835739 -4.500000
      vertex -70.410215 102.807560 -4.500000
      vertex -67.685732 103.125002 -4.500000
    endloop
  endfacet
  facet normal -0.000000 0.000000 1.000000
    outer loop
      vertex -70.492875 102.861872 -4.500000
      vertex -70.450873 102.835739 -4.500000
      vertex -67.685732 103.125002 -4.500000
    endloop
  endfacet
  facet normal -0.000000 0.000000 1.000000
    outer loop
      vertex -70.536117 102.885897 -4.500000
      vertex -70.492875 102.861872 -4.500000
      vertex -67.685732 103.125002 -4.500000
    endloop
  endfacet
  facet normal -0.000000 0.000000 1.000000
    outer loop
      vertex -70.580495 102.907753 -4.500000
      vertex -70.536117 102.885897 -4.500000
      vertex -67.685732 103.125002 -4.500000
    endloop
  endfacet
  facet normal -0.000000 0.000000 1.000000
    outer loop
      vertex -70.625900 102.927388 -4.500000
      vertex -70.580495 102.907753 -4.500000
      vertex -67.685732 103.125002 -4.500000
    endloop
  endfacet
  facet normal 0.000000 -0.000000 1.000000
    outer loop
      vertex -70.672220 102.944754 -4.500000
      vertex -70.625900 102.927388 -4.500000
      vertex -67.685732 103.125002 -4.500000
    endloop
  endfacet
  facet normal -0.000000 0.000000 1.000000
    outer loop
      vertex -70.719342 102.959808 -4.500000
      vertex -70.672220 102.944754 -4.500000
      vertex -67.685732 103.125002 -4.500000
    endloop
  endfacet
  facet normal -0.000000 0.000000 1.000000
    outer loop
      vertex -70.767152 102.972513 -4.500000
      vertex -70.719342 102.959808 -4.500000
      vertex -67.685732 103.125002 -4.500000
    endloop
  endfacet
  facet normal -0.000000 0.000000 1.000000
    outer loop
      vertex -70.815533 102.982839 -4.500000
      vertex -70.767152 102.972513 -4.500000
      vertex -67.685732 103.125002 -4.500000
    endloop
  endfacet
  facet normal 0.000000 -0.000000 1.000000
    outer loop
      vertex -70.815533 102.982839 -4.500000
      vertex -67.685732 103.125002 -4.500000
      vertex -71.562500 103.125000 -4.500000
    endloop
  endfacet
  facet normal -0.024544 0.999699 0.000000
    outer loop
      vertex -129.171754 135.495783 -4.500000
      vertex -129.000000 135.500000 -4.500000
      vertex -129.171754 135.495783 -6.000000
    endloop
  endfacet
  facet normal -0.024544 0.999699 0.000000
    outer loop
      vertex -129.000000 135.500000 -4.500000
      vertex -129.000000 135.500000 -6.000000
      vertex -129.171754 135.495783 -6.000000
    endloop
  endfacet
  facet normal -0.073569 0.997290 0.000000
    outer loop
      vertex -129.171754 135.495783 -6.000000
      vertex -129.343072 135.483145 -6.000000
      vertex -129.171754 135.495783 -4.500000
    endloop
  endfacet
  facet normal -0.073569 0.997290 0.000000
    outer loop
      vertex -129.343072 135.483145 -6.000000
      vertex -129.343072 135.483145 -4.500000
      vertex -129.171754 135.495783 -4.500000
    endloop
  endfacet
  facet normal -0.122413 0.992479 0.000000
    outer loop
      vertex -129.343072 135.483145 -6.000000
      vertex -129.513558 135.462118 -6.000000
      vertex -129.343072 135.483145 -4.500000
    endloop
  endfacet
  facet normal -0.122413 0.992479 0.000000
    outer loop
      vertex -129.513558 135.462118 -6.000000
      vertex -129.513558 135.462118 -4.500000
      vertex -129.343072 135.483145 -4.500000
    endloop
  endfacet
  facet normal -0.170963 0.985277 0.000000
    outer loop
      vertex -129.513558 135.462118 -6.000000
      vertex -129.682821 135.432748 -6.000000
      vertex -129.513558 135.462118 -4.500000
    endloop
  endfacet
  facet normal -0.170963 0.985277 0.000000
    outer loop
      vertex -129.682821 135.432748 -6.000000
      vertex -129.682821 135.432748 -4.500000
      vertex -129.513558 135.462118 -4.500000
    endloop
  endfacet
  facet normal -0.219103 0.975702 0.000000
    outer loop
      vertex -129.682821 135.432748 -6.000000
      vertex -129.850439 135.395107 -6.000000
      vertex -129.682821 135.432748 -4.500000
    endloop
  endfacet
  facet normal -0.219103 0.975702 0.000000
    outer loop
      vertex -129.850439 135.395107 -6.000000
      vertex -129.850439 135.395107 -4.500000
      vertex -129.682821 135.432748 -4.500000
    endloop
  endfacet
  facet normal -0.266715 0.963775 0.000000
    outer loop
      vertex -129.850439 135.395107 -6.000000
      vertex -130.016005 135.349288 -6.000000
      vertex -129.850439 135.395107 -4.500000
    endloop
  endfacet
  facet normal -0.266715 0.963775 0.000000
    outer loop
      vertex -130.016005 135.349288 -6.000000
      vertex -130.016005 135.349288 -4.500000
      vertex -129.850439 135.395107 -4.500000
    endloop
  endfacet
  facet normal -0.313684 0.949527 0.000000
    outer loop
      vertex -130.016005 135.349288 -6.000000
      vertex -130.179123 135.295401 -6.000000
      vertex -130.016005 135.349288 -4.500000
    endloop
  endfacet
  facet normal -0.313684 0.949527 0.000000
    outer loop
      vertex -130.179123 135.295401 -6.000000
      vertex -130.179123 135.295401 -4.500000
      vertex -130.016005 135.349288 -4.500000
    endloop
  endfacet
  facet normal -0.359897 0.932992 0.000000
    outer loop
      vertex -130.179123 135.295401 -6.000000
      vertex -130.339398 135.233576 -6.000000
      vertex -130.179123 135.295401 -4.500000
    endloop
  endfacet
  facet normal -0.359897 0.932992 0.000000
    outer loop
      vertex -130.339398 135.233576 -6.000000
      vertex -130.339398 135.233576 -4.500000
      vertex -130.179123 135.295401 -4.500000
    endloop
  endfacet
  facet normal -0.405243 0.914209 0.000000
    outer loop
      vertex -130.339398 135.233576 -6.000000
      vertex -130.496447 135.163961 -6.000000
      vertex -130.339398 135.233576 -4.500000
    endloop
  endfacet
  facet normal -0.405243 0.914209 0.000000
    outer loop
      vertex -130.496447 135.163961 -6.000000
      vertex -130.496447 135.163961 -4.500000
      vertex -130.339398 135.233576 -4.500000
    endloop
  endfacet
  facet normal -0.449612 0.893224 0.000000
    outer loop
      vertex -130.496447 135.163961 -6.000000
      vertex -130.649890 135.086724 -6.000000
      vertex -130.496447 135.163961 -4.500000
    endloop
  endfacet
  facet normal -0.449612 0.893224 0.000000
    outer loop
      vertex -130.649890 135.086724 -6.000000
      vertex -130.649890 135.086724 -4.500000
      vertex -130.496447 135.163961 -4.500000
    endloop
  endfacet
  facet normal -0.492898 0.870087 0.000000
    outer loop
      vertex -130.649890 135.086724 -6.000000
      vertex -130.799360 135.002050 -6.000000
      vertex -130.649890 135.086724 -4.500000
    endloop
  endfacet
  facet normal -0.492898 0.870087 0.000000
    outer loop
      vertex -130.799360 135.002050 -6.000000
      vertex -130.799360 135.002050 -4.500000
      vertex -130.649890 135.086724 -4.500000
    endloop
  endfacet
  facet normal -0.534998 0.844853 0.000000
    outer loop
      vertex -130.799360 135.002050 -6.000000
      vertex -130.944498 134.910142 -6.000000
      vertex -130.799360 135.002050 -4.500000
    endloop
  endfacet
  facet normal -0.534998 0.844853 0.000000
    outer loop
      vertex -130.944498 134.910142 -6.000000
      vertex -130.944498 134.910142 -4.500000
      vertex -130.799360 135.002050 -4.500000
    endloop
  endfacet
  facet normal -0.575809 0.817584 0.000000
    outer loop
      vertex -130.944498 134.910142 -6.000000
      vertex -131.084951 134.811224 -6.000000
      vertex -130.944498 134.910142 -4.500000
    endloop
  endfacet
  facet normal -0.575809 0.817584 0.000000
    outer loop
      vertex -131.084951 134.811224 -6.000000
      vertex -131.084951 134.811224 -4.500000
      vertex -130.944498 134.910142 -4.500000
    endloop
  endfacet
  facet normal -0.615232 0.788346 0.000000
    outer loop
      vertex -131.084951 134.811224 -6.000000
      vertex -131.220379 134.705535 -6.000000
      vertex -131.084951 134.811224 -4.500000
    endloop
  endfacet
  facet normal -0.615232 0.788346 0.000000
    outer loop
      vertex -131.220379 134.705535 -6.000000
      vertex -131.220379 134.705535 -4.500000
      vertex -131.084951 134.811224 -4.500000
    endloop
  endfacet
  facet normal -0.653173 0.757209 0.000000
    outer loop
      vertex -131.220379 134.705535 -6.000000
      vertex -131.350457 134.593329 -6.000000
      vertex -131.220379 134.705535 -4.500000
    endloop
  endfacet
  facet normal -0.653173 0.757209 0.000000
    outer loop
      vertex -131.350457 134.593329 -6.000000
      vertex -131.350457 134.593329 -4.500000
      vertex -131.220379 134.705535 -4.500000
    endloop
  endfacet
  facet normal -0.689541 0.724247 0.000000
    outer loop
      vertex -131.350457 134.593329 -6.000000
      vertex -131.474874 134.474874 -6.000000
      vertex -131.350457 134.593329 -4.500000
    endloop
  endfacet
  facet normal -0.689541 0.724247 0.000000
    outer loop
      vertex -131.474874 134.474874 -6.000000
      vertex -131.474874 134.474874 -4.500000
      vertex -131.350457 134.593329 -4.500000
    endloop
  endfacet
  facet normal -0.724247 0.689541 0.000000
    outer loop
      vertex -131.474874 134.474874 -6.000000
      vertex -131.593329 134.350457 -6.000000
      vertex -131.474874 134.474874 -4.500000
    endloop
  endfacet
  facet normal -0.724247 0.689541 0.000000
    outer loop
      vertex -131.593329 134.350457 -6.000000
      vertex -131.593329 134.350457 -4.500000
      vertex -131.474874 134.474874 -4.500000
    endloop
  endfacet
  facet normal -0.757209 0.653173 0.000000
    outer loop
      vertex -131.593329 134.350457 -6.000000
      vertex -131.705535 134.220379 -6.000000
      vertex -131.593329 134.350457 -4.500000
    endloop
  endfacet
  facet normal -0.757209 0.653173 0.000000
    outer loop
      vertex -131.705535 134.220379 -6.000000
      vertex -131.705535 134.220379 -4.500000
      vertex -131.593329 134.350457 -4.500000
    endloop
  endfacet
  facet normal -0.788346 0.615232 0.000000
    outer loop
      vertex -131.705535 134.220379 -6.000000
      vertex -131.811224 134.084951 -6.000000
      vertex -131.705535 134.220379 -4.500000
    endloop
  endfacet
  facet normal -0.788346 0.615232 0.000000
    outer loop
      vertex -131.811224 134.084951 -6.000000
      vertex -131.811224 134.084951 -4.500000
      vertex -131.705535 134.220379 -4.500000
    endloop
  endfacet
  facet normal -0.817584 0.575809 0.000000
    outer loop
      vertex -131.811224 134.084951 -6.000000
      vertex -131.910142 133.944498 -6.000000
      vertex -131.811224 134.084951 -4.500000
    endloop
  endfacet
  facet normal -0.817584 0.575809 0.000000
    outer loop
      vertex -131.910142 133.944498 -6.000000
      vertex -131.910142 133.944498 -4.500000
      vertex -131.811224 134.084951 -4.500000
    endloop
  endfacet
  facet normal -0.844853 0.534998 0.000000
    outer loop
      vertex -131.910142 133.944498 -6.000000
      vertex -132.002050 133.799360 -6.000000
      vertex -131.910142 133.944498 -4.500000
    endloop
  endfacet
  facet normal -0.844853 0.534998 0.000000
    outer loop
      vertex -132.002050 133.799360 -6.000000
      vertex -132.002050 133.799360 -4.500000
      vertex -131.910142 133.944498 -4.500000
    endloop
  endfacet
  facet normal -0.870087 0.492898 0.000000
    outer loop
      vertex -132.002050 133.799360 -6.000000
      vertex -132.086724 133.649890 -6.000000
      vertex -132.002050 133.799360 -4.500000
    endloop
  endfacet
  facet normal -0.870087 0.492898 0.000000
    outer loop
      vertex -132.086724 133.649890 -6.000000
      vertex -132.086724 133.649890 -4.500000
      vertex -132.002050 133.799360 -4.500000
    endloop
  endfacet
  facet normal -0.893224 0.449612 0.000000
    outer loop
      vertex -132.086724 133.649890 -6.000000
      vertex -132.163961 133.496447 -6.000000
      vertex -132.086724 133.649890 -4.500000
    endloop
  endfacet
  facet normal -0.893224 0.449612 0.000000
    outer loop
      vertex -132.163961 133.496447 -6.000000
      vertex -132.163961 133.496447 -4.500000
      vertex -132.086724 133.649890 -4.500000
    endloop
  endfacet
  facet normal -0.914209 0.405243 0.000000
    outer loop
      vertex -132.163961 133.496447 -6.000000
      vertex -132.233576 133.339398 -6.000000
      vertex -132.163961 133.496447 -4.500000
    endloop
  endfacet
  facet normal -0.914209 0.405243 0.000000
    outer loop
      vertex -132.233576 133.339398 -6.000000
      vertex -132.233576 133.339398 -4.500000
      vertex -132.163961 133.496447 -4.500000
    endloop
  endfacet
  facet normal -0.932992 0.359897 0.000000
    outer loop
      vertex -132.233576 133.339398 -6.000000
      vertex -132.295401 133.179123 -6.000000
      vertex -132.233576 133.339398 -4.500000
    endloop
  endfacet
  facet normal -0.932992 0.359897 0.000000
    outer loop
      vertex -132.295401 133.179123 -6.000000
      vertex -132.295401 133.179123 -4.500000
      vertex -132.233576 133.339398 -4.500000
    endloop
  endfacet
  facet normal -0.949527 0.313684 0.000000
    outer loop
      vertex -132.295401 133.179123 -6.000000
      vertex -132.349288 133.016005 -6.000000
      vertex -132.295401 133.179123 -4.500000
    endloop
  endfacet
  facet normal -0.949527 0.313684 0.000000
    outer loop
      vertex -132.349288 133.016005 -6.000000
      vertex -132.349288 133.016005 -4.500000
      vertex -132.295401 133.179123 -4.500000
    endloop
  endfacet
  facet normal -0.963775 0.266715 0.000000
    outer loop
      vertex -132.349288 133.016005 -6.000000
      vertex -132.395107 132.850439 -6.000000
      vertex -132.349288 133.016005 -4.500000
    endloop
  endfacet
  facet normal -0.963775 0.266715 0.000000
    outer loop
      vertex -132.395107 132.850439 -6.000000
      vertex -132.395107 132.850439 -4.500000
      vertex -132.349288 133.016005 -4.500000
    endloop
  endfacet
  facet normal -0.975702 0.219103 0.000000
    outer loop
      vertex -132.395107 132.850439 -6.000000
      vertex -132.432748 132.682821 -6.000000
      vertex -132.395107 132.850439 -4.500000
    endloop
  endfacet
  facet normal -0.975702 0.219103 0.000000
    outer loop
      vertex -132.432748 132.682821 -6.000000
      vertex -132.432748 132.682821 -4.500000
      vertex -132.395107 132.850439 -4.500000
    endloop
  endfacet
  facet normal -0.985277 0.170963 0.000000
    outer loop
      vertex -132.432748 132.682821 -6.000000
      vertex -132.462118 132.513558 -6.000000
      vertex -132.432748 132.682821 -4.500000
    endloop
  endfacet
  facet normal -0.985277 0.170963 0.000000
    outer loop
      vertex -132.462118 132.513558 -6.000000
      vertex -132.462118 132.513558 -4.500000
      vertex -132.432748 132.682821 -4.500000
    endloop
  endfacet
  facet normal -0.992479 0.122413 0.000000
    outer loop
      vertex -132.462118 132.513558 -6.000000
      vertex -132.483145 132.343072 -6.000000
      vertex -132.462118 132.513558 -4.500000
    endloop
  endfacet
  facet normal -0.992479 0.122413 0.000000
    outer loop
      vertex -132.483145 132.343072 -6.000000
      vertex -132.483145 132.343072 -4.500000
      vertex -132.462118 132.513558 -4.500000
    endloop
  endfacet
  facet normal -0.997290 0.073569 0.000000
    outer loop
      vertex -132.483145 132.343072 -6.000000
      vertex -132.495783 132.171754 -6.000000
      vertex -132.483145 132.343072 -4.500000
    endloop
  endfacet
  facet normal -0.997290 0.073569 0.000000
    outer loop
      vertex -132.495783 132.171754 -6.000000
      vertex -132.495783 132.171754 -4.500000
      vertex -132.483145 132.343072 -4.500000
    endloop
  endfacet
  facet normal -0.999699 0.024544 0.000000
    outer loop
      vertex -132.495783 132.171754 -6.000000
      vertex -132.500000 132.000000 -6.000000
      vertex -132.495783 132.171754 -4.500000
    endloop
  endfacet
  facet normal -0.999699 0.024544 0.000000
    outer loop
      vertex -132.500000 132.000000 -6.000000
      vertex -132.500000 132.000000 -4.500000
      vertex -132.495783 132.171754 -4.500000
    endloop
  endfacet
  facet normal -0.999699 -0.024544 0.000000
    outer loop
      vertex -132.500000 132.000000 -6.000000
      vertex -132.495783 131.828246 -6.000000
      vertex -132.500000 132.000000 -4.500000
    endloop
  endfacet
  facet normal -0.999699 -0.024544 0.000000
    outer loop
      vertex -132.495783 131.828246 -6.000000
      vertex -132.495783 131.828246 -4.500000
      vertex -132.500000 132.000000 -4.500000
    endloop
  endfacet
  facet normal -0.997290 -0.073569 0.000000
    outer loop
      vertex -132.495783 131.828246 -6.000000
      vertex -132.483145 131.656928 -6.000000
      vertex -132.495783 131.828246 -4.500000
    endloop
  endfacet
  facet normal -0.997290 -0.073569 0.000000
    outer loop
      vertex -132.483145 131.656928 -6.000000
      vertex -132.483145 131.656928 -4.500000
      vertex -132.495783 131.828246 -4.500000
    endloop
  endfacet
  facet normal -0.992479 -0.122413 0.000000
    outer loop
      vertex -132.483145 131.656928 -6.000000
      vertex -132.462118 131.486442 -6.000000
      vertex -132.483145 131.656928 -4.500000
    endloop
  endfacet
  facet normal -0.992479 -0.122413 0.000000
    outer loop
      vertex -132.462118 131.486442 -6.000000
      vertex -132.462118 131.486442 -4.500000
      vertex -132.483145 131.656928 -4.500000
    endloop
  endfacet
  facet normal -0.985277 -0.170963 0.000000
    outer loop
      vertex -132.462118 131.486442 -6.000000
      vertex -132.432748 131.317179 -6.000000
      vertex -132.462118 131.486442 -4.500000
    endloop
  endfacet
  facet normal -0.985277 -0.170963 0.000000
    outer loop
      vertex -132.432748 131.317179 -6.000000
      vertex -132.432748 131.317179 -4.500000
      vertex -132.462118 131.486442 -4.500000
    endloop
  endfacet
  facet normal -0.975702 -0.219103 0.000000
    outer loop
      vertex -132.432748 131.317179 -6.000000
      vertex -132.395107 131.149561 -6.000000
      vertex -132.432748 131.317179 -4.500000
    endloop
  endfacet
  facet normal -0.975702 -0.219103 0.000000
    outer loop
      vertex -132.395107 131.149561 -6.000000
      vertex -132.395107 131.149561 -4.500000
      vertex -132.432748 131.317179 -4.500000
    endloop
  endfacet
  facet normal -0.963775 -0.266715 0.000000
    outer loop
      vertex -132.395107 131.149561 -6.000000
      vertex -132.349288 130.983995 -6.000000
      vertex -132.395107 131.149561 -4.500000
    endloop
  endfacet
  facet normal -0.963775 -0.266715 0.000000
    outer loop
      vertex -132.349288 130.983995 -6.000000
      vertex -132.349288 130.983995 -4.500000
      vertex -132.395107 131.149561 -4.500000
    endloop
  endfacet
  facet normal -0.944270 -0.329172 -0.000000
    outer loop
      vertex -132.314268 130.874998 -6.000000
      vertex -132.295401 130.820877 -6.000000
      vertex -132.295401 130.820877 -4.500000
    endloop
  endfacet
  facet normal -0.944270 -0.329172 0.000000
    outer loop
      vertex -132.314268 130.874998 -6.000000
      vertex -132.295401 130.820877 -4.500000
      vertex -132.314268 130.874998 -4.500000
    endloop
  endfacet
  facet normal -0.952064 -0.305899 0.000000
    outer loop
      vertex -132.349288 130.983995 -6.000000
      vertex -132.314268 130.874998 -6.000000
      vertex -132.314268 130.874998 -4.500000
    endloop
  endfacet
  facet normal -0.952064 -0.305899 0.000000
    outer loop
      vertex -132.349288 130.983995 -6.000000
      vertex -132.314268 130.874998 -4.500000
      vertex -132.349288 130.983995 -4.500000
    endloop
  endfacet
  facet normal -0.932992 -0.359897 0.000000
    outer loop
      vertex -132.295401 130.820877 -6.000000
      vertex -132.233576 130.660602 -6.000000
      vertex -132.295401 130.820877 -4.500000
    endloop
  endfacet
  facet normal -0.932992 -0.359897 0.000000
    outer loop
      vertex -132.233576 130.660602 -6.000000
      vertex -132.233576 130.660602 -4.500000
      vertex -132.295401 130.820877 -4.500000
    endloop
  endfacet
  facet normal -0.914209 -0.405243 0.000000
    outer loop
      vertex -132.233576 130.660602 -6.000000
      vertex -132.163961 130.503553 -6.000000
      vertex -132.233576 130.660602 -4.500000
    endloop
  endfacet
  facet normal -0.914209 -0.405243 0.000000
    outer loop
      vertex -132.163961 130.503553 -6.000000
      vertex -132.163961 130.503553 -4.500000
      vertex -132.233576 130.660602 -4.500000
    endloop
  endfacet
  facet normal -0.893224 -0.449612 0.000000
    outer loop
      vertex -132.163961 130.503553 -6.000000
      vertex -132.086724 130.350110 -6.000000
      vertex -132.163961 130.503553 -4.500000
    endloop
  endfacet
  facet normal -0.893224 -0.449612 0.000000
    outer loop
      vertex -132.086724 130.350110 -6.000000
      vertex -132.086724 130.350110 -4.500000
      vertex -132.163961 130.503553 -4.500000
    endloop
  endfacet
  facet normal -0.870087 -0.492898 0.000000
    outer loop
      vertex -132.086724 130.350110 -6.000000
      vertex -132.002050 130.200640 -6.000000
      vertex -132.086724 130.350110 -4.500000
    endloop
  endfacet
  facet normal -0.870087 -0.492898 0.000000
    outer loop
      vertex -132.002050 130.200640 -6.000000
      vertex -132.002050 130.200640 -4.500000
      vertex -132.086724 130.350110 -4.500000
    endloop
  endfacet
  facet normal -0.844853 -0.534998 0.000000
    outer loop
      vertex -132.002050 130.200640 -6.000000
      vertex -131.910142 130.055502 -6.000000
      vertex -132.002050 130.200640 -4.500000
    endloop
  endfacet
  facet normal -0.844853 -0.534998 0.000000
    outer loop
      vertex -131.910142 130.055502 -6.000000
      vertex -131.910142 130.055502 -4.500000
      vertex -132.002050 130.200640 -4.500000
    endloop
  endfacet
  facet normal -0.817584 -0.575809 0.000000
    outer loop
      vertex -131.910142 130.055502 -6.000000
      vertex -131.811224 129.915049 -6.000000
      vertex -131.910142 130.055502 -4.500000
    endloop
  endfacet
  facet normal -0.817584 -0.575809 0.000000
    outer loop
      vertex -131.811224 129.915049 -6.000000
      vertex -131.811224 129.915049 -4.500000
      vertex -131.910142 130.055502 -4.500000
    endloop
  endfacet
  facet normal -0.788346 -0.615232 0.000000
    outer loop
      vertex -131.811224 129.915049 -6.000000
      vertex -131.705535 129.779621 -6.000000
      vertex -131.811224 129.915049 -4.500000
    endloop
  endfacet
  facet normal -0.788346 -0.615232 0.000000
    outer loop
      vertex -131.705535 129.779621 -6.000000
      vertex -131.705535 129.779621 -4.500000
      vertex -131.811224 129.915049 -4.500000
    endloop
  endfacet
  facet normal -0.757209 -0.653173 0.000000
    outer loop
      vertex -131.705535 129.779621 -6.000000
      vertex -131.593329 129.649543 -6.000000
      vertex -131.705535 129.779621 -4.500000
    endloop
  endfacet
  facet normal -0.757209 -0.653173 0.000000
    outer loop
      vertex -131.593329 129.649543 -6.000000
      vertex -131.593329 129.649543 -4.500000
      vertex -131.705535 129.779621 -4.500000
    endloop
  endfacet
  facet normal -0.724247 -0.689541 0.000000
    outer loop
      vertex -131.593329 129.649543 -6.000000
      vertex -131.474874 129.525126 -6.000000
      vertex -131.593329 129.649543 -4.500000
    endloop
  endfacet
  facet normal -0.724247 -0.689541 0.000000
    outer loop
      vertex -131.474874 129.525126 -6.000000
      vertex -131.474874 129.525126 -4.500000
      vertex -131.593329 129.649543 -4.500000
    endloop
  endfacet
  facet normal -0.689541 -0.724247 0.000000
    outer loop
      vertex -131.474874 129.525126 -6.000000
      vertex -131.350457 129.406671 -6.000000
      vertex -131.474874 129.525126 -4.500000
    endloop
  endfacet
  facet normal -0.689541 -0.724247 0.000000
    outer loop
      vertex -131.350457 129.406671 -6.000000
      vertex -131.350457 129.406671 -4.500000
      vertex -131.474874 129.525126 -4.500000
    endloop
  endfacet
  facet normal -0.653173 -0.757209 0.000000
    outer loop
      vertex -131.350457 129.406671 -6.000000
      vertex -131.220379 129.294465 -6.000000
      vertex -131.350457 129.406671 -4.500000
    endloop
  endfacet
  facet normal -0.653173 -0.757209 0.000000
    outer loop
      vertex -131.220379 129.294465 -6.000000
      vertex -131.220379 129.294465 -4.500000
      vertex -131.350457 129.406671 -4.500000
    endloop
  endfacet
  facet normal -0.615232 -0.788346 0.000000
    outer loop
      vertex -131.220379 129.294465 -6.000000
      vertex -131.084951 129.188776 -6.000000
      vertex -131.220379 129.294465 -4.500000
    endloop
  endfacet
  facet normal -0.615232 -0.788346 0.000000
    outer loop
      vertex -131.084951 129.188776 -6.000000
      vertex -131.084951 129.188776 -4.500000
      vertex -131.220379 129.294465 -4.500000
    endloop
  endfacet
  facet normal -0.575809 -0.817584 0.000000
    outer loop
      vertex -131.084951 129.188776 -6.000000
      vertex -130.944498 129.089858 -6.000000
      vertex -131.084951 129.188776 -4.500000
    endloop
  endfacet
  facet normal -0.575809 -0.817584 0.000000
    outer loop
      vertex -130.944498 129.089858 -6.000000
      vertex -130.944498 129.089858 -4.500000
      vertex -131.084951 129.188776 -4.500000
    endloop
  endfacet
  facet normal -0.534998 -0.844853 0.000000
    outer loop
      vertex -130.944498 129.089858 -6.000000
      vertex -130.799360 128.997950 -6.000000
      vertex -130.944498 129.089858 -4.500000
    endloop
  endfacet
  facet normal -0.534998 -0.844853 0.000000
    outer loop
      vertex -130.799360 128.997950 -6.000000
      vertex -130.799360 128.997950 -4.500000
      vertex -130.944498 129.089858 -4.500000
    endloop
  endfacet
  facet normal -0.492898 -0.870087 0.000000
    outer loop
      vertex -130.799360 128.997950 -6.000000
      vertex -130.649890 128.913276 -6.000000
      vertex -130.799360 128.997950 -4.500000
    endloop
  endfacet
  facet normal -0.492898 -0.870087 0.000000
    outer loop
      vertex -130.649890 128.913276 -6.000000
      vertex -130.649890 128.913276 -4.500000
      vertex -130.799360 128.997950 -4.500000
    endloop
  endfacet
  facet normal -0.449612 -0.893224 0.000000
    outer loop
      vertex -130.649890 128.913276 -6.000000
      vertex -130.496447 128.836039 -6.000000
      vertex -130.649890 128.913276 -4.500000
    endloop
  endfacet
  facet normal -0.449612 -0.893224 0.000000
    outer loop
      vertex -130.496447 128.836039 -6.000000
      vertex -130.496447 128.836039 -4.500000
      vertex -130.649890 128.913276 -4.500000
    endloop
  endfacet
  facet normal -0.405243 -0.914209 0.000000
    outer loop
      vertex -130.496447 128.836039 -6.000000
      vertex -130.339398 128.766424 -6.000000
      vertex -130.496447 128.836039 -4.500000
    endloop
  endfacet
  facet normal -0.405243 -0.914209 0.000000
    outer loop
      vertex -130.339398 128.766424 -6.000000
      vertex -130.339398 128.766424 -4.500000
      vertex -130.496447 128.836039 -4.500000
    endloop
  endfacet
  facet normal -0.359897 -0.932992 0.000000
    outer loop
      vertex -130.339398 128.766424 -6.000000
      vertex -130.179123 128.704599 -6.000000
      vertex -130.339398 128.766424 -4.500000
    endloop
  endfacet
  facet normal -0.359897 -0.932992 0.000000
    outer loop
      vertex -130.179123 128.704599 -6.000000
      vertex -130.179123 128.704599 -4.500000
      vertex -130.339398 128.766424 -4.500000
    endloop
  endfacet
  facet normal -0.313684 -0.949527 0.000000
    outer loop
      vertex -130.179123 128.704599 -6.000000
      vertex -130.016005 128.650712 -6.000000
      vertex -130.179123 128.704599 -4.500000
    endloop
  endfacet
  facet normal -0.313684 -0.949527 0.000000
    outer loop
      vertex -130.016005 128.650712 -6.000000
      vertex -130.016005 128.650712 -4.500000
      vertex -130.179123 128.704599 -4.500000
    endloop
  endfacet
  facet normal -0.266715 -0.963775 0.000000
    outer loop
      vertex -130.016005 128.650712 -6.000000
      vertex -129.850439 128.604893 -6.000000
      vertex -130.016005 128.650712 -4.500000
    endloop
  endfacet
  facet normal -0.266715 -0.963775 0.000000
    outer loop
      vertex -129.850439 128.604893 -6.000000
      vertex -129.850439 128.604893 -4.500000
      vertex -130.016005 128.650712 -4.500000
    endloop
  endfacet
  facet normal -0.219103 -0.975702 0.000000
    outer loop
      vertex -129.850439 128.604893 -6.000000
      vertex -129.682821 128.567252 -6.000000
      vertex -129.850439 128.604893 -4.500000
    endloop
  endfacet
  facet normal -0.219103 -0.975702 0.000000
    outer loop
      vertex -129.682821 128.567252 -6.000000
      vertex -129.682821 128.567252 -4.500000
      vertex -129.850439 128.604893 -4.500000
    endloop
  endfacet
  facet normal -0.170963 -0.985277 0.000000
    outer loop
      vertex -129.682821 128.567252 -6.000000
      vertex -129.513558 128.537882 -6.000000
      vertex -129.682821 128.567252 -4.500000
    endloop
  endfacet
  facet normal -0.170963 -0.985277 0.000000
    outer loop
      vertex -129.513558 128.537882 -6.000000
      vertex -129.513558 128.537882 -4.500000
      vertex -129.682821 128.567252 -4.500000
    endloop
  endfacet
  facet normal -0.122413 -0.992479 0.000000
    outer loop
      vertex -129.513558 128.537882 -6.000000
      vertex -129.343072 128.516855 -6.000000
      vertex -129.513558 128.537882 -4.500000
    endloop
  endfacet
  facet normal -0.122413 -0.992479 0.000000
    outer loop
      vertex -129.343072 128.516855 -6.000000
      vertex -129.343072 128.516855 -4.500000
      vertex -129.513558 128.537882 -4.500000
    endloop
  endfacet
  facet normal -0.073569 -0.997290 0.000000
    outer loop
      vertex -129.343072 128.516855 -6.000000
      vertex -129.171754 128.504217 -6.000000
      vertex -129.343072 128.516855 -4.500000
    endloop
  endfacet
  facet normal -0.073569 -0.997290 0.000000
    outer loop
      vertex -129.171754 128.504217 -6.000000
      vertex -129.171754 128.504217 -4.500000
      vertex -129.343072 128.516855 -4.500000
    endloop
  endfacet
  facet normal -0.024544 -0.999699 0.000000
    outer loop
      vertex -129.171754 128.504217 -6.000000
      vertex -129.000000 128.500000 -6.000000
      vertex -129.171754 128.504217 -4.500000
    endloop
  endfacet
  facet normal -0.024544 -0.999699 0.000000
    outer loop
      vertex -129.000000 128.500000 -6.000000
      vertex -129.000000 128.500000 -4.500000
      vertex -129.171754 128.504217 -4.500000
    endloop
  endfacet
endsolid OBJECT
